tourney_id,tourney_name,surface,draw_size,tourney_level,indoor,tourney_date,match_num,winner_id,winner_seed,winner_entry,winner_name,winner_hand,winner_ht,winner_ioc,winner_age,winner_rank,winner_rank_points,loser_id,loser_seed,loser_entry,loser_name,loser_hand,loser_ht,loser_ioc,loser_age,loser_rank,loser_rank_points,score,best_of,round,minutes,w_ace,w_df,w_svpt,w_1stIn,w_1stWon,w_2ndWon,w_SvGms,w_bpSaved,w_bpFaced,l_ace,l_df,l_svpt,l_1stIn,l_1stWon,l_2ndWon,l_SvGms,l_bpSaved,l_bpFaced
2026-9900,United Cup,Hard,18,A,O,20260102,1,B0BI,,,Sebastian Baez,R,170,ARG,25.002,45,1145,MU94,,,Jaume Munar,R,183,ESP,28.652,33,1385,6-4 6-4,3,RR,103,0,2,71,46,27,15,10,4,6,7,0,52,39,25,6,10,2,6
2026-9900,United Cup,Hard,18,A,O,20260102,2,TE51,,,Stefanos Tsitsipas,R,193,GRE,27.381,36,1380,M0HU,,,Shintaro Mochizuki,R,175,JPN,22.576,99,647,6-3 6-4,3,RR,82,8,2,61,42,28,11,10,1,2,1,3,57,30,22,11,9,5,8
2026-9900,United Cup,Hard,18,A,O,20260103,3,Z371,,,Zhizhen Zhang,R,193,CHN,29.202,410,115,BU13,,,Zizou Bergs,R,185,BEL,26.574,42,1208,6-7(2) 7-6(3) 7-5,3,RR,173,12,0,108,71,59,21,18,0,0,18,5,126,75,58,29,18,9,10
2026-9900,United Cup,Hard,18,A,O,20260103,4,W367,,,Stan Wawrinka,R,183,SUI,40.756,157,397,RC91,,,Arthur Rinderknech,R,196,FRA,30.437,29,1527,5-7 7-6(5) 7-6(5),3,RR,198,6,2,120,68,53,31,18,2,4,17,5,111,61,50,32,18,6,7
2026-9900,United Cup,Hard,18,A,O,20260103,5,B0BI,,,Sebastian Baez,R,170,ARG,25.002,45,1145,FB98,,,Taylor Fritz,R,196,USA,28.17,6,4085,4-6 7-5 6-4,3,RR,153,4,0,107,80,51,16,16,8,11,23,2,102,56,43,21,16,4,8
2026-9900,United Cup,Hard,18,A,O,20260103,6,RH16,,,Casper Ruud,R,183,NOR,27.02,12,2825,DH58,,,Alex de Minaur,R,183,AUS,26.864,7,4080,6-3 6-3,3,RR,93,6,3,66,47,37,8,9,5,5,2,8,66,36,23,14,9,7,10
2026-9900,United Cup,Hard,18,A,O,20260104,7,HD68,,,Billy Harris,R,193,GBR,30.927,128,482,M0HU,,,Shintaro Mochizuki,R,175,JPN,22.576,99,647,7-6(4) 6-3,3,RR,110,4,3,70,41,30,16,11,4,6,4,6,68,27,21,18,10,1,4
2026-9900,United Cup,Hard,18,A,O,20260104,8,Z355,,,Alexander Zverev,R,198,GER,28.693,3,5110,GJ37,,,Tallon Griekspoor,R,188,NED,29.492,26,1565,7-5 6-0,3,RR,69,15,0,48,36,32,6,9,2,2,3,3,43,30,19,3,9,0,4
2026-9900,United Cup,Hard,18,A,O,20260104,9,AG37,,,Felix Auger-Aliassime,R,193,CAN,25.407,5,4190,Z371,,,Zhizhen Zhang,R,193,CHN,29.218,410,115,6-4 6-4,3,RR,87,6,0,55,37,32,10,10,1,1,2,2,55,34,23,12,10,0,2
2026-339,Brisbane,Hard,32,250,O,20260104,1,TD51,,,Frances Tiafoe,R,188,USA,27.956,30,1500,V832,,,Aleksandar Vukic,R,188,AUS,29.747,84,708,6-2 6-2,3,R32,60,3,0,39,28,23,9,8,0,0,3,3,46,26,15,7,8,2,6
2026-339,Brisbane,Hard,32,250,O,20260104,2,T0HA,8,,Learner Tien,L,180,USA,20.09,28,1540,U182,,,Camilo Ugo Carabelli,R,185,ARG,26.552,49,1028,7-6(4) 6-3,3,R32,91,1,2,61,36,29,17,11,0,1,2,2,66,38,29,13,10,5,7
2026-9900,United Cup,Hard,18,A,O,20260104,10,C0E9,,,Flavio Cobolli,R,183,ITA,23.666,22,2000,W367,,,Stan Wawrinka,R,183,SUI,40.772,157,397,6-4 6-7(2) 7-6(4),3,RR,175,8,1,101,55,41,33,17,0,0,8,3,104,61,49,27,17,3,4
2026-336,Hong Kong,Hard,28,250,O,20260105,1,BT72,8,,Nuno Borges,R,185,POR,28.876,45,1120,D923,,,Damir Dzumhur,R,175,BIH,33.629,65,837,6-4 6-3,3,R32,75,5,1,51,40,27,4,9,3,5,1,5,69,41,24,11,10,3,8
2026-336,Hong Kong,Hard,28,250,O,20260105,2,C977,,,Marin Cilic,R,198,CRO,37.27,70,765,ME82,,,Adrian Mannarino,L,180,FRA,37.52,68,817,6-3 6-2,3,R32,84,9,3,56,27,24,15,9,1,1,0,0,49,36,22,5,8,3,6
2026-339,Brisbane,Hard,32,250,O,20260105,3,HB64,,,Quentin Halys,R,191,FRA,29.194,91,669,P09Z,,,Alexei Popyrin,R,196,AUS,26.42,50,1000,5-7 6-3 6-4,3,R32,114,15,2,79,58,52,9,16,1,2,13,2,84,54,41,16,15,3,5
2026-339,Brisbane,Hard,32,250,O,20260105,4,L0BV,3,,Jiri Lehecka,R,185,CZE,24.159,19,2075,M0FH,,,Tomas Machac,R,183,CZE,25.229,35,1360,6-4 6-7(5) 6-2,3,R32,144,8,0,88,63,50,16,15,2,2,8,5,109,71,50,17,15,2,5
2026-339,Brisbane,Hard,32,250,O,20260105,5,K0AH,,,Sebastian Korda,R,196,USA,25.503,46,1090,VA25,,,Valentin Vacherot,R,193,MON,27.138,31,1469,7-6(1) 6-3,3,R32,87,10,5,67,46,37,12,11,3,4,9,2,69,46,30,13,10,7,9
2026-339,Brisbane,Hard,32,250,O,20260105,6,MQ75,,,Kamil Majchrzak,R,183,POL,29.979,59,861,AE14,,,Daniel Altmaier,R,188,GER,27.316,44,1123,7-6(4) 6-0,3,R32,82,7,1,53,37,33,6,9,0,1,7,5,59,37,24,7,9,5,9
2026-339,Brisbane,Hard,32,250,O,20260105,7,M0QI,,,Alex Michelsen,R,193,USA,21.363,37,1300,D994,,,James Duckworth,R,183,AUS,33.958,86,694,6-7(4) 7-6(2) 6-3,3,R32,146,19,2,109,76,60,19,17,6,6,10,7,99,55,45,25,16,2,3
2026-339,Brisbane,Hard,32,250,O,20260105,8,O522,,,Reilly Opelka,R,211,USA,28.356,60,861,S0IA,,,Dane Sweeny,R,170,AUS,24.895,183,315,6-3 7-5,3,R32,82,21,2,55,45,36,8,11,0,0,2,4,68,41,33,10,10,6,8
2026-9900,United Cup,Hard,18,A,O,20260105,11,FB98,,,Taylor Fritz,R,196,USA,28.189,6,4085,MU94,,,Jaume Munar,R,183,ESP,28.671,33,1385,7-6(4) 3-6 7-6(6),3,RR,193,16,7,112,75,60,18,16,5,6,14,5,122,72,62,24,17,2,2
2026-9900,United Cup,Hard,18,A,O,20260105,12,HB71,,,Hubert Hurkacz,R,196,POL,28.898,83,710,Z355,,,Alexander Zverev,R,198,GER,28.712,3,5110,6-3 6-4,3,RR,82,21,0,63,41,35,9,10,1,1,7,0,46,40,25,6,9,1,3
2026-9900,United Cup,Hard,18,A,O,20260105,13,M0NI,,,Jakub Mensik,R,196,CZE,20.345,18,2130,RH16,,,Casper Ruud,R,183,NOR,27.039,12,2825,7-5 7-6(6),3,RR,128,16,3,83,51,40,13,12,5,7,1,1,79,45,25,22,12,3,6
2026-339,Brisbane,Hard,32,250,O,20260105,9,MM58,1,,Daniil Medvedev,R,198,RUS,29.9,13,2710,F724,,,Marton Fucsovics,R,188,HUN,33.908,54,949,6-2 6-3,3,R32,69,4,2,42,28,22,6,8,2,4,0,2,57,35,19,7,9,4,10
2026-336,Hong Kong,Hard,28,250,O,20260105,3,WB32,,,Yibing Wu,R,183,CHN,26.229,179,322,M0CI,,,Fabian Marozsan,R,193,HUN,26.245,53,975,6-4 6-2,3,R32,74,2,0,63,40,31,10,9,3,3,2,1,49,30,21,8,9,2,5
2026-9900,United Cup,Hard,18,A,O,20260105,14,TE51,,,Stefanos Tsitsipas,R,193,GRE,27.4,36,1380,HD68,,,Billy Harris,R,193,GBR,30.946,128,482,4-6 6-1 7-6(4),3,RR,136,5,2,84,54,46,18,15,1,2,4,3,83,51,40,17,14,4,6
2026-9900,United Cup,Hard,18,A,O,20260106,15,BU13,,,Zizou Bergs,R,185,BEL,26.595,42,1208,AG37,,,Felix Auger-Aliassime,R,193,CAN,25.413,5,4190,6-4 6-2,3,RR,88,4,0,50,30,22,16,9,5,5,8,5,62,38,28,6,9,7,10
2026-339,Brisbane,Hard,32,250,O,20260106,10,N0AE,,,Brandon Nakashima,R,188,USA,24.427,33,1380,DH50,2,,Alejandro Davidovich Fokina,R,180,ESP,26.59,14,2585,7-6(4) 6-4,3,R32,100,15,2,69,39,33,18,11,2,3,6,1,72,45,31,15,11,5,7
2026-339,Brisbane,Hard,32,250,O,20260106,11,C0JP,,,Raphael Collignon,R,191,BEL,23.981,84,704,SU55,5,,Denis Shapovalov,L,185,CAN,26.73,23,1665,6-4 6-2,3,R32,76,2,0,48,35,29,8,9,0,0,3,3,65,35,20,16,9,9,12
2026-336,Hong Kong,Hard,28,250,O,20260106,4,MP01,,,Michael Mmoh,R,188,USA,27.989,285,184,TE30,,,Alejandro Tabilo,L,188,CHI,28.597,81,717,7-5 6-4,3,R32,111,13,3,76,49,39,13,11,6,6,6,1,65,39,28,15,11,4,6
2026-336,Hong Kong,Hard,28,250,O,20260106,5,SU87,5,,Lorenzo Sonego,R,191,ITA,30.658,39,1240,S0UV,,,Rei Sakamoto,R,193,JPN,19.537,200,292,6-2 7-6(4),3,R32,105,4,0,63,39,30,15,10,1,2,1,2,78,43,25,20,10,3,6
2026-336,Hong Kong,Hard,28,250,O,20260106,6,D0F6,6,,Gabriel Diallo,R,203,CAN,24.285,40,1215,D0C1,,,Jesper de Jong,R,180,NED,25.602,71,763,6-4 7-6(7),3,R32,105,9,2,73,47,39,16,11,0,0,8,4,69,42,34,16,11,0,1
2026-336,Hong Kong,Hard,28,250,O,20260106,7,MP20,7,,Alexandre Muller,R,183,FRA,28.928,52,980,KI95,,,Miomir Kecmanovic,R,183,SRB,26.352,51,1000,7-5 6-4,3,R32,77,9,2,59,43,33,8,11,3,5,7,0,62,43,30,7,11,0,4
2026-336,Hong Kong,Hard,28,250,O,20260106,8,EA24,,,Tomas Martin Etcheverry,R,196,ARG,26.472,57,895,R0EB,,,Valentin Royer,R,188,FRA,24.608,56,924,6-4 7-5,3,R32,104,8,0,56,33,26,16,11,1,2,9,1,72,49,29,15,11,9,12
2026-336,Hong Kong,Hard,28,250,O,20260106,9,W0BH,,,Coleman Wong,R,191,HKG,21.585,150,406,N0BS,,,Mariano Navone,R,178,ARG,24.857,72,760,6-3 7-5,3,R32,101,4,2,72,37,27,18,10,6,8,3,3,74,47,31,8,11,6,11
2026-339,Brisbane,Hard,32,250,O,20260106,12,D875,,,Grigor Dimitrov,R,191,BUL,34.645,47,1080,CD85,,,Pablo Carreno Busta,R,188,ESP,34.489,92,656,6-3 6-2,3,R32,67,7,1,49,30,26,12,9,1,1,4,1,45,32,21,6,8,1,4
2026-339,Brisbane,Hard,32,250,O,20260106,13,M0GZ,,,Giovanni Mpetshi Perricard,R,203,FRA,22.5,67,825,PL56,4,,Tommy Paul,R,185,USA,28.641,20,2050,7-6(2) 3-6 7-6(6),3,R32,131,24,4,110,80,60,19,16,2,3,6,1,96,63,50,27,17,1,1
2026-339,Brisbane,Hard,32,250,O,20260106,14,N771,7,,Cameron Norrie,L,188,GBR,30.374,28,1523,HH26,,,Ugo Humbert,L,188,FRA,27.532,36,1355,1-6 7-6(6) 7-5,3,R32,155,10,4,104,65,43,18,16,2,7,13,4,101,55,39,23,15,7,10
2026-339,Brisbane,Hard,32,250,O,20260106,15,H0BH,,,Rinky Hijikata,R,178,AUS,24.868,111,546,W09E,,,Adam Walton,R,183,AUS,26.724,77,732,6-3 6-2,3,R32,72,7,0,54,33,22,13,9,1,2,4,1,48,32,18,8,8,4,8
2026-339,Brisbane,Hard,32,250,O,20260106,16,K0AZ,,,Aleksandar Kovacevic,R,183,USA,27.357,58,877,KE17,,,Nick Kyrgios,R,193,AUS,30.697,670,50,6-3 6-4,3,R32,66,10,3,47,26,25,15,10,0,0,5,0,46,29,23,10,9,0,2
2026-9900,United Cup,Hard,18,A,O,20260106,16,RC91,,,Arthur Rinderknech,R,196,FRA,30.459,29,1527,C0E9,,,Flavio Cobolli,R,183,ITA,23.671,22,2000,6-7(4) 7-6(5) 7-5,3,RR,201,13,3,123,65,49,29,18,7,11,5,5,123,58,40,35,18,8,13
2026-9900,United Cup,Hard,18,A,O,20260106,17,DH58,,,Alex de Minaur,R,183,AUS,26.886,7,4080,M0NI,,,Jakub Mensik,R,196,CZE,20.348,18,2130,6-4 6-1,3,RR,91,4,0,62,38,26,14,8,4,4,3,3,58,34,23,8,9,2,6
2026-336,Hong Kong,Hard,28,250,O,20260106,10,S0RE,,,Juncheng Shang,L,180,CHN,20.925,406,115,C0DF,,,Francisco Comesana,R,178,ARG,25.251,66,829,6-4 6-4,3,R32,77,6,0,58,39,30,12,10,1,1,7,2,52,37,27,10,10,3,5
2026-336,Hong Kong,Hard,28,250,O,20260106,11,GC88,,,Marcos Giron,R,180,USA,32.454,64,845,DB63,,,Laslo Djere,R,188,SRB,30.598,95,652,6-2 6-0,3,R32,59,1,3,42,27,21,8,7,0,0,4,2,50,32,16,6,7,2,7
2026-336,Hong Kong,Hard,28,250,O,20260106,12,V812,,,Botic van de Zandschulp,R,191,NED,30.259,75,746,SL28,,,Jan-Lennard Struff,R,193,GER,35.702,82,711,6-3 1-6 6-1,3,R32,94,4,5,72,43,29,14,12,5,8,3,4,72,45,27,14,11,4,8
2026-339,Brisbane,Hard,32,250,O,20260107,17,MM58,1,,Daniil Medvedev,R,198,RUS,29.906,13,2710,TD51,,,Frances Tiafoe,R,188,USA,27.964,30,1500,6-3 6-2,3,R16,60,9,4,48,34,31,6,9,0,0,2,0,42,25,20,6,8,3,6
2026-339,Brisbane,Hard,32,250,O,20260107,18,K0AH,,,Sebastian Korda,R,196,USA,25.509,46,1090,L0BV,3,,Jiri Lehecka,R,185,CZE,24.164,19,2075,6-3 1-2 RET,3,R16,46,6,1,28,16,16,8,6,0,0,6,0,41,27,21,5,6,3,4
2026-339,Brisbane,Hard,32,250,O,20260107,19,M0QI,,,Alex Michelsen,R,193,USA,21.369,37,1300,T0HA,8,,Learner Tien,L,180,USA,20.099,28,1540,6-4 6-2,3,R16,75,4,1,53,34,28,10,9,1,1,8,8,60,34,22,13,9,6,9
2026-9900,United Cup,Hard,18,A,O,20260107,18,TE51,,,Stefanos Tsitsipas,R,193,GRE,27.406,36,1380,FB98,,,Taylor Fritz,R,196,USA,28.194,6,4085,6-4 7-5,3,QF,81,5,2,63,44,35,11,11,2,2,6,0,53,32,26,13,11,1,3
2026-9900,United Cup,Hard,18,A,O,20260107,19,HB71,,,Hubert Hurkacz,R,196,POL,28.903,83,710,GJ37,,,Tallon Griekspoor,R,188,NED,29.517,26,1565,6-3 7-6(4),3,RR,82,21,0,55,41,37,11,11,0,0,4,0,59,39,26,13,10,0,1
2026-336,Hong Kong,Hard,28,250,O,20260107,13,M0EJ,1,,Lorenzo Musetti,R,185,ITA,23.849,7,3990,EA24,,,Tomas Martin Etcheverry,R,196,ARG,26.475,57,895,6-7(3) 6-2 6-4,3,R16,161,8,3,96,69,46,17,15,1,3,10,0,94,67,45,12,15,3,8
2026-336,Hong Kong,Hard,28,250,O,20260107,14,BT72,8,,Nuno Borges,R,185,POR,28.882,45,1120,C977,,,Marin Cilic,R,198,CRO,37.276,70,765,7-5 6-3,3,R16,81,5,1,61,37,32,12,11,1,2,9,5,52,32,22,10,10,1,4
2026-336,Hong Kong,Hard,28,250,O,20260107,15,W0BH,,,Coleman Wong,R,191,HKG,21.588,150,406,D0F6,6,,Gabriel Diallo,R,203,CAN,24.287,40,1215,1-6 7-5 7-5,3,R16,149,10,3,107,63,42,21,15,11,15,9,3,108,75,50,15,16,7,11
2026-336,Hong Kong,Hard,28,250,O,20260107,16,RE44,3,,Andrey Rublev,R,188,RUS,28.216,16,2510,WB32,,,Yibing Wu,R,183,CHN,26.234,179,322,3-6 6-2 6-1,3,R16,97,10,2,77,51,38,12,12,3,5,5,1,72,42,28,11,12,2,7
2026-339,Brisbane,Hard,32,250,O,20260107,20,MQ75,,,Kamil Majchrzak,R,183,POL,29.985,59,861,O522,,,Reilly Opelka,R,211,USA,28.361,60,861,6-7(2) 7-6(7) 7-6(8),3,R16,149,13,2,108,76,66,22,18,0,0,44,4,122,99,78,14,18,3,3
2026-9900,United Cup,Hard,18,A,O,20260107,20,B0BI,,,Sebastian Baez,R,170,ARG,25.027,45,1145,W367,,,Stan Wawrinka,R,183,SUI,40.78,157,397,7-5 6-4,3,QF,98,3,1,73,57,41,9,11,5,5,11,2,66,36,29,14,11,2,4
2026-339,Brisbane,Hard,32,250,O,20260108,21,K0AZ,,,Aleksandar Kovacevic,R,183,USA,27.362,58,877,N771,7,,Cameron Norrie,L,188,GBR,30.379,28,1523,7-6(4) 4-6 6-4,3,R16,148,21,4,112,62,46,30,16,3,4,11,4,93,59,51,16,16,1,2
2026-339,Brisbane,Hard,32,250,O,20260108,22,N0AE,,,Brandon Nakashima,R,188,USA,24.433,33,1380,HB64,,,Quentin Halys,R,191,FRA,29.202,91,669,6-2 6-4,3,R16,76,12,0,60,44,32,9,9,2,2,6,4,56,35,24,9,9,6,9
2026-339,Brisbane,Hard,32,250,O,20260108,23,M0GZ,,,Giovanni Mpetshi Perricard,R,203,FRA,22.505,67,825,H0BH,,,Rinky Hijikata,R,178,AUS,24.873,111,546,4-6 7-6(5) 7-6(4),3,R16,133,29,2,102,75,61,18,17,2,3,5,2,111,80,61,21,17,4,4
2026-336,Hong Kong,Hard,28,250,O,20260108,17,GC88,,,Marcos Giron,R,180,USA,32.46,64,845,MP20,7,,Alexandre Muller,R,183,FRA,28.934,52,980,6-4 7-6(4),3,R16,96,3,1,68,47,32,12,11,1,4,3,2,76,47,28,12,11,5,9
2026-336,Hong Kong,Hard,28,250,O,20260108,18,S0RE,,,Juncheng Shang,L,180,CHN,20.931,406,115,SU87,5,,Lorenzo Sonego,R,191,ITA,30.664,39,1240,6-3 6-4,3,R16,82,7,3,70,49,38,11,10,5,5,5,2,44,33,24,7,9,1,3
2026-9900,United Cup,Hard,18,A,O,20260108,21,BU13,7,,Zizou Bergs,R,185,BEL,26.601,42,1208,M0NI,11,,Jakub Mensik,R,196,CZE,20.353,18,2130,6-2 7-6(4),3,QF,100,7,2,79,43,31,20,10,3,5,6,5,59,33,22,13,10,3,7
2026-336,Hong Kong,Hard,28,250,O,20260108,19,BK92,2,,Alexander Bublik,R,196,KAZ,28.561,11,2845,V812,,,Botic van de Zandschulp,R,191,NED,30.264,75,746,6-3 6-3,3,R16,70,12,4,53,38,33,5,9,2,2,8,6,57,30,23,9,9,1,4
2026-336,Hong Kong,Hard,28,250,O,20260108,20,MP01,,,Michael Mmoh,R,188,USA,27.995,285,184,KE29,4,,Karen Khachanov,R,198,RUS,29.634,17,2320,7-6(2) 7-6(4),3,R16,122,11,2,86,59,47,15,12,4,5,12,1,77,51,42,12,12,2,3
2026-339,Brisbane,Hard,32,250,O,20260108,24,C0JP,,,Raphael Collignon,R,191,BEL,23.986,84,704,D875,,,Grigor Dimitrov,R,191,BUL,34.65,47,1080,7-6(1) 6-3,3,R16,108,10,2,66,44,36,14,11,3,3,11,2,81,40,31,17,10,6,7
2026-339,Brisbane,Hard,32,250,O,20260109,25,K0AZ,,,Aleksandar Kovacevic,R,183,USA,27.365,58,877,M0GZ,,,Giovanni Mpetshi Perricard,R,203,FRA,22.508,67,825,7-6(3) 4-6 6-3,3,QF,107,13,3,81,52,45,21,16,0,1,24,1,87,61,50,15,15,4,5
2026-336,Hong Kong,Hard,28,250,O,20260109,21,M0EJ,1,,Lorenzo Musetti,R,185,ITA,23.855,7,3990,W0BH,,,Coleman Wong,R,191,HKG,21.593,150,406,6-4 6-4,3,QF,75,2,2,52,31,21,17,10,0,1,6,2,57,43,31,4,10,3,6
2026-339,Brisbane,Hard,32,250,O,20260109,26,N0AE,,,Brandon Nakashima,R,188,USA,24.435,33,1380,C0JP,,,Raphael Collignon,R,191,BEL,23.989,84,704,6-3 6-3,3,QF,82,7,0,63,49,39,6,9,6,6,3,1,50,29,21,10,9,2,5
2026-336,Hong Kong,Hard,28,250,O,20260109,22,RE44,3,,Andrey Rublev,R,188,RUS,28.222,16,2510,BT72,8,,Nuno Borges,R,185,POR,28.887,45,1120,6-3 6-4,3,QF,73,7,1,50,38,34,7,10,1,1,2,0,69,47,33,7,9,6,8
2026-339,Brisbane,Hard,32,250,O,20260109,27,M0QI,,,Alex Michelsen,R,193,USA,21.374,37,1300,K0AH,,,Sebastian Korda,R,196,USA,25.514,46,1090,6-3 7-6(7),3,QF,99,3,3,76,49,34,19,11,1,1,8,1,67,38,31,13,10,1,2
2026-336,Hong Kong,Hard,28,250,O,20260109,23,GC88,,,Marcos Giron,R,180,USA,32.463,64,845,MP01,,,Michael Mmoh,R,188,USA,27.997,285,184,6-3 1-0 RET,3,QF,49,3,0,40,31,22,4,5,6,7,0,2,29,18,11,3,5,2,5
2026-336,Hong Kong,Hard,28,250,O,20260109,24,BK92,2,,Alexander Bublik,R,196,KAZ,28.564,11,2845,S0RE,,,Juncheng Shang,L,180,CHN,20.934,406,115,6-1 7-6(2),3,QF,85,15,2,58,39,34,13,10,1,1,3,3,68,39,24,17,9,2,4
2026-339,Brisbane,Hard,32,250,O,20260109,28,MM58,1,,Daniil Medvedev,R,198,RUS,29.911,13,2710,MQ75,,,Kamil Majchrzak,R,183,POL,29.99,59,861,6-7(4) 6-3 6-2,3,QF,132,16,4,93,61,48,14,15,5,6,4,0,90,54,34,18,14,5,9
2026-9900,United Cup,Hard,18,A,O,20260109,22,DH58,4,,Alex de Minaur,R,183,AUS,26.894,7,4080,HB71,9,,Hubert Hurkacz,R,196,POL,28.909,83,710,6-4 4-6 6-4,3,QF,138,6,1,104,57,47,25,15,10,11,19,0,85,63,47,12,15,2,4
2026-339,Brisbane,Hard,32,250,O,20260110,29,N0AE,,,Brandon Nakashima,R,188,USA,24.438,33,1380,K0AZ,,,Aleksandar Kovacevic,R,183,USA,27.368,58,877,7-6(4) 6-4,3,SF,104,15,1,73,51,38,12,11,2,2,14,4,77,49,38,12,11,2,3
2026-9900,United Cup,Hard,18,A,O,20260110,23,BU13,,,Zizou Bergs,R,185,BEL,26.606,42,1208,W367,,,Stan Wawrinka,R,183,SUI,40.789,157,397,6-3 6-7(4) 6-3,3,SF,150,7,4,100,59,42,29,16,2,2,8,1,104,59,40,26,14,4,6
2026-336,Hong Kong,Hard,28,250,O,20260110,25,M0EJ,1,,Lorenzo Musetti,R,185,ITA,23.858,7,3990,RE44,3,,Andrey Rublev,R,188,RUS,28.225,16,2510,6-7(3) 7-5 6-4,3,SF,163,5,2,117,86,65,14,17,7,8,7,0,105,68,50,19,17,7,10
2026-339,Brisbane,Hard,32,250,O,20260110,30,MM58,1,,Daniil Medvedev,R,198,RUS,29.914,13,2710,M0QI,,,Alex Michelsen,R,193,USA,21.377,37,1300,6-4 6-2,3,SF,102,9,7,75,46,32,14,9,7,8,4,1,65,42,22,12,9,4,8
2026-9900,United Cup,Hard,18,A,O,20260110,24,HB71,,,Hubert Hurkacz,R,196,POL,28.912,83,710,FB98,,,Taylor Fritz,R,196,USA,28.203,6,4085,7-6(1) 7-6(2),3,SF,94,16,3,76,59,50,7,12,2,2,12,0,73,47,37,13,12,1,1
2026-336,Hong Kong,Hard,28,250,O,20260110,26,BK92,2,,Alexander Bublik,R,196,KAZ,28.567,11,2845,GC88,,,Marcos Giron,R,180,USA,32.465,64,845,3-6 6-4 6-2,3,SF,101,9,4,82,54,42,14,14,6,8,5,1,82,55,36,14,13,0,3
2026-336,Hong Kong,Hard,28,250,O,20260111,27,BK92,2,,Alexander Bublik,R,196,KAZ,28.569,11,2845,M0EJ,1,,Lorenzo Musetti,R,185,ITA,23.86,7,3990,7-6(2) 6-3,3,F,98,10,4,67,51,40,7,10,2,3,5,1,73,46,29,15,11,4,7
2026-339,Brisbane,Hard,32,250,O,20260111,31,MM58,1,,Daniil Medvedev,R,198,RUS,29.916,13,2710,N0AE,,,Brandon Nakashima,R,188,USA,24.441,33,1380,6-2 7-6(1),3,F,95,10,4,73,51,36,13,10,3,4,3,0,53,33,26,8,10,2,5
2026-9900,United Cup,Hard,18,A,O,20260111,25,HB71,,,Hubert Hurkacz,R,196,POL,28.914,83,710,W367,,,Stan Wawrinka,R,183,SUI,40.791,157,397,6-3 3-6 6-3,3,F,114,18,0,90,63,52,9,14,8,9,10,1,78,49,38,15,13,5,7
2026-301,Auckland,Hard,32,250,O,20260112,1,N771,5,,Cameron Norrie,L,188,GBR,30.39,28,1538,G09O,,,Hugo Gaston,L,173,FRA,25.295,94,653,6-3 6-4,3,R32,80,3,2,48,33,29,8,9,0,0,4,6,75,44,29,15,10,5,8
2026-301,Auckland,Hard,32,250,O,20260112,2,B0CD,,,Jenson Brooksby,R,193,USA,25.213,48,1017,W0ED,,,James Watt,R,206,NZL,25.593,642,55,6-4 6-3,3,R32,86,2,3,66,48,34,10,9,3,3,4,3,68,51,33,7,10,10,13
2026-301,Auckland,Hard,32,250,O,20260112,3,C0DF,,,Francisco Comesana,R,178,ARG,25.268,68,829,R0EB,,,Valentin Royer,R,188,FRA,24.624,57,924,6-4 6-4,3,R32,80,10,1,51,37,32,8,10,0,0,4,4,63,44,35,5,10,1,3
2026-301,Auckland,Hard,32,250,O,20260112,4,S0JA,,,Eliot Spizzirri,R,185,USA,24.055,89,672,ME82,,,Adrian Mannarino,L,180,FRA,37.539,69,810,6-4 6-3,3,R32,80,5,0,44,28,25,12,9,0,0,4,3,63,27,19,16,10,2,5
2026-8998,Adelaide,Hard,28,250,O,20260112,1,O522,,,Reilly Opelka,R,211,USA,28.375,62,873,P09Z,,,Alexei Popyrin,R,196,AUS,26.439,50,1000,6-3 7-6(6),3,R32,83,22,4,64,50,44,8,11,1,1,10,0,57,39,35,9,10,1,2
2026-301,Auckland,Hard,32,250,O,20260112,5,B0BI,7,,Sebastian Baez,R,170,ARG,25.04,39,1250,N0AM,,,Emilio Nava,R,185,USA,24.112,88,677,4-6 7-5 6-3,3,R32,143,3,1,111,91,57,15,15,5,6,10,1,96,60,43,20,16,6,9
2026-8998,Adelaide,Hard,28,250,O,20260112,2,VA25,5,,Valentin Vacherot,R,193,MON,27.157,32,1469,KI95,,,Miomir Kecmanovic,R,183,SRB,26.368,59,910,7-6(5) 6-4,3,R32,96,12,3,85,64,44,9,11,6,8,4,3,67,46,32,11,11,1,4
2026-8998,Adelaide,Hard,28,250,O,20260112,3,MU94,,,Jaume Munar,R,183,ESP,28.69,38,1295,AE14,,,Daniel Altmaier,R,188,GER,27.335,44,1123,6-3 6-0,3,R32,64,3,2,32,20,17,8,7,0,1,3,2,52,29,13,9,8,2,8
2026-8998,Adelaide,Hard,28,250,O,20260112,4,KD46,,,Thanasi Kokkinakis,R,193,AUS,29.758,670,50,K0AH,,,Sebastian Korda,R,196,USA,25.522,51,975,3-6 6-3 7-6(3),3,R32,146,15,1,100,61,43,24,15,6,9,8,3,90,45,33,27,15,2,5
2026-8998,Adelaide,Hard,28,250,O,20260112,5,HH26,,,Ugo Humbert,L,188,FRA,27.548,36,1355,A0GC,,,Terence Atmane,L,193,FRA,24.008,64,862,6-3 7-6(3),3,R32,92,5,2,67,40,34,18,11,3,3,7,3,67,36,26,19,10,5,6
2026-301,Auckland,Hard,32,250,O,20260113,6,M0CI,,,Fabian Marozsan,R,193,HUN,26.267,52,975,MC65,,,Gael Monfils,R,193,FRA,39.368,110,550,5-7 6-3 6-4,3,R32,120,6,2,96,57,41,25,16,2,4,10,6,93,56,40,18,15,5,8
2026-301,Auckland,Hard,32,250,O,20260113,7,M0QI,6,,Alex Michelsen,R,193,USA,21.385,37,1350,N0BS,,,Mariano Navone,R,178,ARG,24.876,74,760,2-6 6-2 7-5,3,R32,145,2,0,85,54,37,14,14,2,6,4,3,108,65,39,22,14,10,15
2026-301,Auckland,Hard,32,250,O,20260113,8,GC88,,,Marcos Giron,R,180,USA,32.474,60,895,MP20,,,Alexandre Muller,R,183,FRA,28.947,50,980,6-2 6-2,3,R32,73,1,0,59,38,30,12,8,6,6,3,3,45,28,18,6,8,1,5
2026-301,Auckland,Hard,32,250,O,20260113,9,M0JF,,,Hamad Medjedovic,R,188,SRB,22.491,96,643,K0AZ,,,Aleksandar Kovacevic,R,183,USA,27.376,54,964,6-4 3-6 7-6(2),3,R32,117,12,3,85,60,50,14,15,2,3,15,1,89,60,52,13,16,1,2
2026-301,Auckland,Hard,32,250,O,20260113,10,M0GZ,,,Giovanni Mpetshi Perricard,R,203,FRA,22.519,63,865,BD06,,,Roberto Bautista Agut,R,183,ESP,37.749,90,670,6-3 7-6(2),3,R32,96,22,4,75,54,41,9,11,6,7,2,2,71,54,35,10,10,6,8
2026-301,Auckland,Hard,32,250,O,20260113,11,TE30,,,Alejandro Tabilo,L,188,CHI,28.616,81,722,U182,,,Camilo Ugo Carabelli,R,185,ARG,26.576,47,1028,6-4 6-2,3,R32,62,9,0,41,31,29,7,9,0,0,4,3,48,29,21,6,9,0,3
2026-8998,Adelaide,Hard,28,250,O,20260113,6,M0FH,8,,Tomas Machac,R,183,CZE,25.251,35,1360,D994,,,James Duckworth,R,183,AUS,33.979,86,694,6-3 6-3,3,R32,71,11,0,50,33,29,10,9,2,2,7,0,54,30,20,14,9,2,5
2026-8998,Adelaide,Hard,28,250,O,20260113,7,HB64,,,Quentin Halys,R,191,FRA,29.216,85,697,F0BY,,,Jacob Fearnley,R,183,GBR,24.498,77,752,6-3 6-4,3,R32,78,11,1,57,34,25,13,10,3,5,2,7,59,38,27,6,9,5,9
2026-8998,Adelaide,Hard,28,250,O,20260113,8,H0BH,,,Rinky Hijikata,R,178,AUS,24.887,115,527,S0N0,,,Tristan Schoolkate,R,183,AUS,24.879,97,641,6-4 6-4,3,R32,79,4,1,52,33,26,13,10,3,4,8,5,59,30,22,14,10,3,6
2026-8998,Adelaide,Hard,28,250,O,20260113,9,S0H2,,,Alexander Shevchenko,R,188,KAZ,25.123,104,597,D923,,,Damir Dzumhur,R,175,BIH,33.651,66,837,4-6 6-4 7-5,3,R32,147,7,5,102,61,41,20,16,4,9,1,1,100,61,40,15,16,4,10
2026-301,Auckland,Hard,32,250,O,20260113,12,BT72,8,,Nuno Borges,R,185,POR,28.898,46,1070,EA24,,,Tomas Martin Etcheverry,R,196,ARG,26.491,61,895,7-5 3-6 7-6(2),3,R32,149,8,2,108,80,63,13,16,2,3,6,2,91,51,42,28,17,0,1
2026-8998,Adelaide,Hard,28,250,O,20260113,10,V832,,,Aleksandar Vukic,R,188,AUS,29.771,87,693,TE51,7,,Stefanos Tsitsipas,R,193,GRE,27.422,33,1455,7-6(3) 7-6(5),3,R32,113,6,0,94,57,38,26,12,4,4,13,0,77,50,44,13,12,4,4
2026-8998,Adelaide,Hard,28,250,O,20260113,11,F724,,,Marton Fucsovics,R,188,HUN,33.93,55,949,Q02L,,,Ethan Quinn,R,191,USA,21.84,78,733,6-4 6-4,3,R32,95,5,2,73,45,32,15,10,6,7,5,3,60,32,23,12,10,1,4
2026-8998,Adelaide,Hard,28,250,O,20260113,12,VA08,,,Andrea Vavassori,R,193,ITA,30.694,336,147,D0F6,,,Gabriel Diallo,R,203,CAN,24.304,41,1215,6-3 7-6(4),3,R32,109,5,3,70,42,36,13,11,0,1,5,3,66,42,32,11,10,1,3
2026-301,Auckland,Hard,32,250,O,20260114,13,M0NI,3,,Jakub Mensik,R,196,CZE,20.37,18,2125,M0JF,,,Hamad Medjedovic,R,188,SRB,22.494,96,643,6-1 3-6 6-3,3,R16,134,22,4,97,55,45,17,13,11,13,9,7,91,55,34,15,12,6,10
2026-301,Auckland,Hard,32,250,O,20260114,14,S0S1,1,,Ben Shelton,L,193,USA,23.266,8,3960,C0DF,,,Francisco Comesana,R,178,ARG,25.273,68,829,7-5 6-4,3,R16,102,12,3,73,55,43,10,11,6,6,1,1,66,48,33,10,11,2,4
2026-301,Auckland,Hard,32,250,O,20260114,15,M0CI,,,Fabian Marozsan,R,193,HUN,26.27,52,975,RH16,2,,Casper Ruud,R,183,NOR,27.064,13,2795,6-4 6-4,3,R16,81,4,0,58,41,34,9,10,1,1,6,0,63,43,33,8,10,7,9
2026-301,Auckland,Hard,32,250,O,20260114,16,D0FJ,4,,Luciano Darderi,R,183,ITA,23.915,24,1579,TE30,,,Alejandro Tabilo,L,188,CHI,28.619,81,722,1-6 7-5 6-3,3,R16,108,9,3,77,46,34,16,14,5,8,11,3,76,48,38,12,14,2,5
2026-301,Auckland,Hard,32,250,O,20260114,17,M0GZ,,,Giovanni Mpetshi Perricard,R,203,FRA,22.522,63,865,N771,5,,Cameron Norrie,L,188,GBR,30.396,28,1538,4-6 6-3 7-6(4),3,R16,122,25,3,102,73,57,15,16,3,4,3,2,81,55,43,19,15,3,4
2026-301,Auckland,Hard,32,250,O,20260114,18,GC88,,,Marcos Giron,R,180,USA,32.476,60,895,M0QI,6,,Alex Michelsen,R,193,USA,21.388,37,1350,6-4 6-4,3,R16,87,4,0,51,39,30,7,10,0,1,4,3,74,49,33,10,10,5,8
2026-301,Auckland,Hard,32,250,O,20260114,19,B0BI,7,,Sebastian Baez,R,170,ARG,25.046,39,1250,B0CD,,,Jenson Brooksby,R,193,USA,25.218,48,1017,7-5 6-0,3,R16,87,1,3,68,55,33,7,9,7,9,0,5,53,35,16,6,9,0,6
2026-301,Auckland,Hard,32,250,O,20260114,20,S0JA,,,Eliot Spizzirri,R,185,USA,24.06,89,672,BT72,8,,Nuno Borges,R,185,POR,28.901,46,1070,7-6(6) 6-4,3,R16,98,7,0,66,49,40,9,11,1,2,4,0,76,55,40,11,11,4,6
2026-8998,Adelaide,Hard,28,250,O,20260114,13,DH50,1,,Alejandro Davidovich Fokina,R,180,ESP,26.612,15,2585,H0BH,,,Rinky Hijikata,R,178,AUS,24.89,115,527,6-3 6-2,3,R16,83,0,2,43,25,19,8,8,3,5,1,3,62,34,19,9,9,5,11
2026-8998,Adelaide,Hard,28,250,O,20260114,14,PL56,2,,Tommy Paul,R,185,USA,28.663,21,2000,O522,,,Reilly Opelka,R,211,USA,28.381,62,873,6-4 6-4,3,R16,71,6,2,54,31,26,16,10,0,0,15,1,55,36,28,9,10,3,5
2026-8998,Adelaide,Hard,28,250,O,20260114,15,MU94,,,Jaume Munar,R,183,ESP,28.695,38,1295,C0AU,3,,Francisco Cerundolo,R,185,ARG,27.422,20,2035,3-6 7-5 6-4,3,R16,148,14,3,89,61,45,15,16,4,7,2,3,99,59,41,23,15,9,12
2026-8998,Adelaide,Hard,28,250,O,20260114,16,HH26,,,Ugo Humbert,L,188,FRA,27.554,36,1355,GJ37,4,,Tallon Griekspoor,R,188,NED,29.536,25,1565,6-4 6-1,3,R16,78,3,2,52,30,24,13,9,4,5,2,4,56,42,22,6,8,4,8
2026-8998,Adelaide,Hard,28,250,O,20260114,17,VA25,5,,Valentin Vacherot,R,193,MON,27.162,32,1469,KD46,,,Thanasi Kokkinakis,R,193,AUS,29.763,670,50,W/O,3,R16,,,,,,,,,,,,,,,,,,,
2026-8998,Adelaide,Hard,28,250,O,20260114,18,M0FH,8,,Tomas Machac,R,183,CZE,25.254,35,1360,HB64,,,Quentin Halys,R,191,FRA,29.218,85,697,6-4 6-2,3,R16,74,6,2,59,40,29,9,9,1,2,4,1,56,33,22,9,9,2,6
2026-8998,Adelaide,Hard,28,250,O,20260114,19,S0H2,,,Alexander Shevchenko,R,188,KAZ,25.125,104,597,F724,,,Marton Fucsovics,R,188,HUN,33.933,55,949,6-3 7-6(6),3,R16,100,9,0,63,45,39,11,11,3,3,7,0,74,46,34,15,10,9,10
2026-8998,Adelaide,Hard,28,250,O,20260114,20,V832,,,Aleksandar Vukic,R,188,AUS,29.774,87,693,VA08,,,Andrea Vavassori,R,193,ITA,30.697,336,147,6-2 7-6(5),3,R16,105,7,0,63,36,30,15,10,1,2,8,6,78,51,37,8,10,8,11
2026-301,Auckland,Hard,32,250,O,20260115,21,GC88,,,Marcos Giron,R,180,USA,32.479,60,895,D0FJ,4,,Luciano Darderi,R,183,ITA,23.918,24,1579,1-6 7-5 6-4,3,QF,155,8,4,88,56,37,13,14,6,11,12,1,93,47,36,20,15,5,10
2026-8998,Adelaide,Hard,28,250,O,20260115,21,M0FH,8,,Tomas Machac,R,183,CZE,25.257,35,1360,MU94,,,Jaume Munar,R,183,ESP,28.698,38,1295,6-4 6-4,3,QF,90,2,0,61,37,28,16,10,4,4,4,0,59,41,28,10,10,4,6
2026-8998,Adelaide,Hard,28,250,O,20260115,22,PL56,2,,Tommy Paul,R,185,USA,28.665,21,2000,V832,,,Aleksandar Vukic,R,188,AUS,29.777,87,693,6-3 6-2,3,QF,62,9,0,48,26,20,15,9,0,1,1,2,51,28,17,7,8,3,7
2026-8998,Adelaide,Hard,28,250,O,20260115,23,HH26,,,Ugo Humbert,L,188,FRA,27.556,36,1355,S0H2,,,Alexander Shevchenko,R,188,KAZ,25.128,104,597,6-0 6-3,3,QF,57,7,1,44,33,28,7,8,3,3,1,4,41,28,15,3,7,3,7
2026-8998,Adelaide,Hard,28,250,O,20260115,24,DH50,1,,Alejandro Davidovich Fokina,R,180,ESP,26.615,15,2585,VA25,5,,Valentin Vacherot,R,193,MON,27.165,32,1469,7-6(4) 6-2,3,QF,92,3,1,62,46,35,11,10,0,1,15,4,65,49,32,8,10,2,5
2026-301,Auckland,Hard,32,250,O,20260116,24,B0BI,7,,Sebastian Baez,R,170,ARG,25.051,39,1250,S0S1,1,,Ben Shelton,L,193,USA,23.272,8,3960,7-5 6-3,3,QF,98,0,1,61,49,33,6,10,3,5,6,1,73,53,29,8,11,6,11
2026-301,Auckland,Hard,32,250,O,20260116,25,M0NI,3,,Jakub Mensik,R,196,CZE,20.375,18,2125,M0GZ,,,Giovanni Mpetshi Perricard,R,203,FRA,22.527,63,865,6-4 6-2,3,QF,65,8,3,43,27,23,9,9,0,1,5,2,51,33,19,7,9,5,9
2026-301,Auckland,Hard,32,250,O,20260116,26,M0CI,,,Fabian Marozsan,R,193,HUN,26.275,52,975,S0JA,,,Eliot Spizzirri,R,185,USA,24.066,89,672,6-4 2-6 6-2,3,QF,104,9,2,73,52,35,8,13,2,6,5,1,66,34,26,15,13,2,7
2026-301,Auckland,Hard,32,250,O,20260116,22,M0NI,3,,Jakub Mensik,R,196,CZE,20.375,18,2125,M0CI,,,Fabian Marozsan,R,193,HUN,26.275,52,975,7-6(9) 4-6 6-1,3,SF,127,16,5,98,58,43,21,15,5,8,3,2,96,64,45,15,14,3,7
2026-301,Auckland,Hard,32,250,O,20260116,23,B0BI,7,,Sebastian Baez,R,170,ARG,25.051,39,1250,GC88,,,Marcos Giron,R,180,USA,32.482,60,895,6-1 6-4,3,SF,87,5,1,52,43,30,7,9,1,2,3,4,80,47,29,11,8,11,15
2026-8998,Adelaide,Hard,28,250,O,20260116,25,M0FH,8,,Tomas Machac,R,183,CZE,25.259,35,1360,PL56,2,,Tommy Paul,R,185,USA,28.668,21,2000,2-6 6-3 6-3,3,SF,111,8,2,84,51,40,14,13,2,4,3,0,82,49,31,18,13,5,8
2026-8998,Adelaide,Hard,28,250,O,20260116,26,HH26,,,Ugo Humbert,L,188,FRA,27.559,36,1355,DH50,1,,Alejandro Davidovich Fokina,R,180,ESP,26.617,15,2585,6-3 5-7 7-6(4),3,SF,152,10,2,101,68,53,18,17,0,1,5,2,103,73,51,18,16,2,3
2026-301,Auckland,Hard,32,250,O,20260117,27,M0NI,3,,Jakub Mensik,R,196,CZE,20.378,18,2125,B0BI,7,,Sebastian Baez,R,170,ARG,25.054,39,1250,6-3 7-6(7),3,F,82,18,3,67,41,39,9,11,1,2,2,3,65,52,35,6,10,3,5
2026-8998,Adelaide,Hard,28,250,O,20260117,27,M0FH,8,,Tomas Machac,R,183,CZE,25.262,35,1360,HH26,,,Ugo Humbert,L,188,FRA,27.562,36,1355,6-4 6-7(2) 6-2,3,F,143,5,1,98,67,49,18,15,3,4,8,3,97,60,45,15,15,8,12
2026-580,Australian Open,Hard,128,G,O,20260118,1,F0DM,,,Arthur Fery,R,175,GBR,23.521,186,316,C0E9,20,,Flavio Cobolli,R,183,ITA,23.704,22,1955,7-6(1) 6-4 6-1,5,R128,134,6,0,85,60,42,13,0,3,6,7,8,83,48,30,12,0,4,10
2026-580,Australian Open,Hard,128,G,O,20260118,2,MW02,32,,Corentin Moutet,L,180,FRA,26.752,37,1383,S0N0,,,Tristan Schoolkate,R,183,AUS,24.893,98,641,6-4 7-6(1) 6-3,5,R128,157,6,4,104,61,45,25,0,6,8,8,4,95,56,38,16,0,4,8
2026-580,Australian Open,Hard,128,G,O,20260118,3,EA24,,,Tomas Martin Etcheverry,R,196,ARG,26.505,62,895,KI95,,,Miomir Kecmanovic,R,183,SRB,26.385,60,910,6-2 3-6 4-6 6-3 6-4,5,R128,237,20,5,120,76,66,26,0,4,6,8,4,164,104,73,29,0,13,17
2026-580,Australian Open,Hard,128,G,O,20260118,4,C0AU,18,,Francisco Cerundolo,R,185,ARG,27.433,21,2035,Z371,,,Zhizhen Zhang,R,193,CHN,29.257,368,130,6-3 7-6(0) 6-3,5,R128,128,7,2,86,56,45,19,0,0,2,8,1,99,66,42,14,0,6,10
2026-580,Australian Open,Hard,128,G,O,20260118,5,Z355,3,,Alexander Zverev,R,198,GER,28.747,3,5105,D0F6,,,Gabriel Diallo,R,203,CAN,24.318,41,1215,6-7(1) 6-1 6-4 6-2,5,R128,165,15,1,98,73,61,14,0,1,2,10,5,112,81,57,12,0,2,8
2026-580,Australian Open,Hard,128,G,O,20260118,6,C0DF,,,Francisco Comesana,R,178,ARG,25.284,68,829,K0A3,,,Patrick Kypson,R,188,USA,26.226,116,527,6-2 6-3 3-6 6-3,5,R128,168,20,5,103,98,72,0,0,1,2,12,7,118,111,68,0,0,6,10
2026-580,Australian Open,Hard,128,G,O,20260118,7,D923,,,Damir Dzumhur,R,175,BIH,33.665,66,837,D0DP,,,Liam Draxl,R,185,CAN,24.12,145,429,7-5 6-0 6-4,5,R128,133,6,3,91,76,52,9,0,6,8,5,4,98,70,41,9,0,5,12
2026-580,Australian Open,Hard,128,G,O,20260118,8,N0AM,,,Emilio Nava,R,185,USA,24.129,89,683,J0AZ,,,Kyrian Jacquet,R,175,FRA,24.69,128,477,6-2 7-5 6-7(5) 4-6 7-6(6),5,R128,215,27,6,159,110,87,28,0,5,8,19,6,179,103,79,40,0,6,11
2026-580,Australian Open,Hard,128,G,O,20260118,9,TD51,29,,Frances Tiafoe,R,188,USA,27.995,34,1500,KB95,,,Jason Kubler,R,178,AUS,32.668,194,305,7-6(4) 6-3 6-2,5,R128,136,23,5,108,64,50,22,0,5,6,9,3,81,59,41,10,0,2,6
2026-580,Australian Open,Hard,128,G,O,20260118,10,F0F2,,,Jaime Faria,R,188,POR,22.453,151,413,B0PG,,LL,Alexander Blockx,R,193,BEL,20.78,96,653,6-3 3-6 6-3 6-4,5,R128,145,5,2,114,64,46,30,0,3,5,8,2,100,56,44,23,0,4,8
2026-580,Australian Open,Hard,128,G,O,20260118,11,F724,,,Marton Fucsovics,R,188,HUN,33.944,54,967,U182,,,Camilo Ugo Carabelli,R,185,ARG,26.59,49,1028,7-6(5) 6-1 6-2,5,R128,146,1,5,92,54,37,20,0,2,5,1,4,95,61,31,15,0,5,12
2026-580,Australian Open,Hard,128,G,O,20260118,12,Z0BZ,,,Michael Zheng,R,188,USA,21.977,174,337,K0AH,,,Sebastian Korda,R,196,USA,25.539,53,975,6-4 6-4 3-6 6-7(0) 6-3,5,R128,224,4,0,174,115,79,34,0,6,7,22,5,142,89,71,31,0,4,8
2026-580,Australian Open,Hard,128,G,O,20260118,13,BK92,10,,Alexander Bublik,R,196,KAZ,28.589,10,3065,B0CD,,,Jenson Brooksby,R,193,USA,25.229,48,1042,6-4 6-4 6-4,5,R128,127,13,4,94,69,51,12,0,7,8,4,1,97,61,38,20,0,7,11
2026-580,Australian Open,Hard,128,G,O,20260118,14,H997,,,Yannick Hanfmann,R,193,GER,34.182,102,611,S0K7,,,Zachary Svajda,R,175,USA,23.138,143,431,7-5 4-6 6-4 7-6(3),5,R128,172,19,2,125,75,58,29,0,4,8,11,8,143,102,69,18,0,4,9
2026-580,Australian Open,Hard,128,G,O,20260118,15,N771,26,,Cameron Norrie,L,188,GBR,30.407,27,1553,BM95,,,Benjamin Bonzi,R,183,FRA,29.61,106,566,6-0 6-7(2) 4-6 6-3 6-4,5,R128,223,16,3,170,111,73,37,0,16,18,9,4,136,86,55,32,0,7,13
2026-580,Australian Open,Hard,128,G,O,20260118,16,A0E2,1,,Carlos Alcaraz,R,183,ESP,22.705,1,12050,W09E,,,Adam Walton,R,183,AUS,26.755,79,727,6-3 7-6(2) 6-2,5,R128,126,8,1,83,56,43,18,15,0,1,4,4,87,62,39,11,13,5,8
2026-580,Australian Open,Hard,128,G,O,20260119,17,HB64,,,Quentin Halys,R,191,FRA,29.232,83,725,TE30,,,Alejandro Tabilo,L,188,CHI,28.632,79,737,6-2 6-2 7-6(2),5,R128,116,12,1,79,44,37,25,0,1,1,7,1,91,55,31,20,0,3,7
2026-580,Australian Open,Hard,128,G,O,20260119,18,BT72,,,Nuno Borges,R,185,POR,28.914,46,1070,AG37,7,,Felix Auger-Aliassime,R,193,CAN,25.448,8,3990,3-6 6-4 6-4 RET,5,R128,136,6,1,84,55,40,17,0,2,5,8,1,79,50,33,19,0,3,6
2026-580,Australian Open,Hard,128,G,O,20260119,19,MM58,11,,Daniil Medvedev,R,198,RUS,29.938,12,2910,D0C1,,,Jesper de Jong,R,180,NED,25.637,73,763,7-5 6-2 7-6(2),5,R128,175,9,5,111,77,58,11,0,6,10,3,1,117,60,39,22,0,6,13
2026-580,Australian Open,Hard,128,G,O,20260119,20,PL56,19,,Tommy Paul,R,185,USA,28.676,20,2050,K0AZ,,,Aleksandar Kovacevic,R,183,USA,27.392,56,964,6-4 6-3 6-3,5,R128,94,20,0,67,44,40,16,0,0,0,10,5,77,47,34,13,0,2,6
2026-580,Australian Open,Hard,128,G,O,20260119,21,M0JF,,,Hamad Medjedovic,R,188,SRB,22.508,90,681,N0BS,,,Mariano Navone,R,178,ARG,24.893,74,760,6-2 6-7(3) 6-4 6-2,5,R128,184,15,5,124,89,62,22,0,6,7,5,5,131,98,55,19,0,11,17
2026-580,Australian Open,Hard,128,G,O,20260119,22,O522,,,Reilly Opelka,R,211,USA,28.394,63,873,B0U4,,,Nicolai Budkov Kjaer,R,191,NOR,19.384,135,446,6-4 6-3 6-4,5,R128,93,23,4,71,54,51,10,0,2,2,3,3,80,57,39,11,0,1,4
2026-580,Australian Open,Hard,128,G,O,20260119,23,S0H2,,,Alexander Shevchenko,R,188,KAZ,25.139,97,650,Y218,,,Elias Ymer,R,185,SWE,29.777,175,337,3-6 7-5 6-4 6-1,5,R128,197,9,5,147,142,90,0,0,9,11,1,4,123,119,72,0,0,6,11
2026-580,Australian Open,Hard,128,G,O,20260119,24,DH58,6,,Alex de Minaur,R,183,AUS,26.921,6,4080,MK66,,LL,Mackenzie McDonald,R,178,USA,30.762,113,546,6-2 6-2 6-3,5,R128,109,9,4,66,34,29,21,0,1,1,7,2,91,55,32,16,0,5,11
2026-580,Australian Open,Hard,128,G,O,20260119,25,RE44,13,,Andrey Rublev,R,188,RUS,28.249,15,2600,A0FC,,,Matteo Arnaldi,R,185,ITA,24.906,65,858,6-4 6-2 6-3,5,R128,114,8,2,80,55,40,18,0,6,6,4,4,77,42,27,20,0,6,11
2026-580,Australian Open,Hard,128,G,O,20260119,26,DH50,14,,Alejandro Davidovich Fokina,R,180,ESP,26.626,14,2635,M0JZ,,,Filip Misolic,R,180,AUT,24.449,84,725,6-2 6-3 6-3,5,R128,103,10,3,84,56,42,17,0,4,4,6,3,83,45,30,14,0,6,11
2026-580,Australian Open,Hard,128,G,O,20260119,27,M0CI,,,Fabian Marozsan,R,193,HUN,26.283,47,1065,RC91,24,,Arthur Rinderknech,R,196,FRA,30.494,28,1551,6-3 6-4 6-7(2) 6-4,5,R128,179,9,2,114,83,66,20,0,0,0,18,2,139,90,58,32,0,8,11
2026-580,Australian Open,Hard,128,G,O,20260119,28,T0HA,25,,Learner Tien,L,180,USA,20.131,29,1540,GC88,,,Marcos Giron,R,180,USA,32.49,51,985,7-6(2) 4-6 3-6 7-6(3) 6-2,5,R128,223,21,10,165,103,70,33,0,12,18,14,3,176,114,74,29,0,7,13
2026-580,Australian Open,Hard,128,G,O,20260119,29,C977,,,Marin Cilic,R,198,CRO,37.309,70,790,AE14,,,Daniel Altmaier,R,188,GER,27.354,44,1123,6-0 6-0 7-6(3),5,R128,121,20,3,72,53,44,11,0,1,1,8,4,81,60,35,7,0,6,12
2026-580,Australian Open,Hard,128,G,O,20260119,30,S0RE,,,Juncheng Shang,L,180,CHN,20.961,318,165,BD06,,,Roberto Bautista Agut,R,183,ESP,37.766,91,670,6-4 6-7(2) 6-4 6-0,5,R128,176,11,6,113,76,62,19,0,3,4,11,1,107,76,48,18,0,5,11
2026-580,Australian Open,Hard,128,G,O,20260119,31,TC61,,,Jordan Thompson,R,183,AUS,31.751,111,548,C0C8,,,Juan Manuel Cerundolo,L,183,ARG,24.178,87,700,6-7(3) 7-5 6-1 6-1,5,R128,197,10,1,115,67,51,34,0,5,5,5,6,125,60,40,35,0,4,10
2026-580,Australian Open,Hard,128,G,O,20260119,32,T0A1,,,Thiago Agustin Tirante,R,185,ARG,24.778,103,605,V832,,,Aleksandar Vukic,R,188,AUS,29.788,78,746,7-5 6-2 6-2,5,R128,111,20,2,71,44,36,21,0,0,0,8,2,87,49,32,16,0,3,8
2026-580,Australian Open,Hard,128,G,O,20260119,33,SU55,21,,Denis Shapovalov,L,185,CAN,26.765,23,1650,Y09V,,,Yunchaokete Bu,R,185,CHN,24,120,499,6-3 7-6(3) 6-1,5,R128,137,19,0,83,56,49,20,0,1,1,1,1,96,59,37,21,0,5,8
2026-580,Australian Open,Hard,128,G,O,20260119,34,V812,,,Botic van de Zandschulp,R,191,NED,30.294,75,759,N0AE,27,,Brandon Nakashima,R,188,USA,24.463,30,1535,6-3 4-6 7-6(1) 7-6(3),5,R128,210,15,7,143,120,91,8,0,5,6,10,3,126,105,73,15,0,1,3
2026-580,Australian Open,Hard,128,G,O,20260119,35,H0BH,,,Rinky Hijikata,R,178,AUS,24.903,114,542,ME82,,,Adrian Mannarino,L,180,FRA,37.558,69,810,6-3 6-3 6-1,5,R128,119,4,3,92,87,59,1,0,6,7,7,3,76,70,37,0,0,5,11
2026-580,Australian Open,Hard,128,G,O,20260119,36,M0IF,,,Francesco Maestrelli,R,196,ITA,23.08,141,436,A0GC,,,Terence Atmane,L,193,FRA,24.027,64,862,6-4 3-6 6-7(4) 6-1 6-1,5,R128,208,28,8,134,80,65,31,0,2,3,14,4,145,81,61,33,0,10,16
2026-580,Australian Open,Hard,128,G,O,20260119,37,MQ75,,,Kamil Majchrzak,R,183,POL,30.018,59,918,F0BY,,,Jacob Fearnley,R,183,GBR,24.515,77,752,7-6(2) 7-5 3-6 7-6(3),5,R128,208,5,1,155,102,63,35,0,9,14,12,10,143,97,63,25,0,4,8
2026-580,Australian Open,Hard,128,G,O,20260119,38,W367,,,Stan Wawrinka,R,183,SUI,40.813,139,437,DB63,,,Laslo Djere,R,188,SRB,30.634,92,659,5-7 6-3 6-4 7-6(4),5,R128,203,14,2,116,79,66,21,0,2,4,9,5,150,98,71,23,0,15,18
2026-580,Australian Open,Hard,128,G,O,20260119,39,D643,4,,Novak Djokovic,R,188,SRB,38.664,4,4780,MO44,,,Pedro Martinez,R,185,ESP,28.734,71,768,6-3 6-2 6-2,5,R128,120,14,0,57,44,41,11,0,0,0,2,6,98,70,42,10,0,7,12
2026-580,Australian Open,Hard,128,G,O,20260119,40,RH16,12,,Casper Ruud,R,183,NOR,27.077,13,2795,B0GG,,,Mattia Bellucci,L,175,ITA,24.635,76,758,6-1 6-2 6-4,5,R128,102,10,2,76,53,41,15,0,1,1,8,3,73,50,32,8,0,9,14
2026-580,Australian Open,Hard,128,G,O,20260119,41,G0IX,,,Arthur Gea,R,180,FRA,21.046,198,300,L0BV,17,,Jiri Lehecka,R,185,CZE,24.197,19,2090,7-5 7-6(1) 7-5,5,R128,165,7,4,108,73,52,21,0,3,6,8,1,118,74,51,19,0,10,15
2026-580,Australian Open,Hard,128,G,O,20260119,42,VA25,30,,Valentin Vacherot,R,193,MON,27.176,31,1519,D0DT,,,Martin Damm,L,203,USA,22.305,177,333,6-4 6-4 6-4,5,R128,117,18,2,92,62,52,16,0,5,5,16,4,84,55,41,13,0,0,3
2026-580,Australian Open,Hard,128,G,O,20260119,43,MU94,,,Jaume Munar,R,183,ESP,28.709,39,1335,S0GD,,,Dalibor Svrcina,R,178,CZE,23.299,95,655,3-6 6-2 6-7(5) 7-5 6-3,5,R128,270,18,6,163,108,79,27,0,5,10,6,10,164,101,67,31,0,11,18
2026-580,Australian Open,Hard,128,G,O,20260119,44,MP20,,,Alexandre Muller,R,183,FRA,28.964,52,980,P09Z,,,Alexei Popyrin,R,196,AUS,26.459,50,1000,2-6 6-3 3-6 7-6(5) 7-6(4),5,R128,236,5,4,154,111,78,23,0,5,10,40,0,155,100,75,33,0,7,10
2026-580,Australian Open,Hard,128,G,O,20260120,45,M0EJ,5,,Lorenzo Musetti,R,185,ITA,23.885,5,4105,C0JP,,,Raphael Collignon,R,191,BEL,24.019,72,767,4-6 7-6(3) 7-5 3-2 RET,5,R128,187,10,3,120,81,55,24,0,11,15,11,6,129,70,49,28,0,5,10
2026-580,Australian Open,Hard,128,G,O,20260120,46,S0S1,8,,Ben Shelton,L,193,USA,23.283,7,4000,HH26,,,Ugo Humbert,L,188,FRA,27.57,33,1510,6-3 7-6(2) 7-6(5),5,R128,160,15,2,103,72,56,20,0,1,3,5,6,107,64,47,21,0,7,10
2026-580,Australian Open,Hard,128,G,O,20260120,47,KE29,15,,Karen Khachanov,R,198,RUS,29.667,18,2320,M0QI,,,Alex Michelsen,R,193,USA,21.405,38,1350,4-6 6-4 6-3 5-7 6-3,5,R128,237,24,4,176,112,86,31,0,11,13,16,4,142,94,72,25,0,11,15
2026-580,Australian Open,Hard,128,G,O,20260120,48,M0NI,16,,Jakub Mensik,R,196,CZE,20.386,17,2345,CD85,,,Pablo Carreno Busta,R,188,ESP,34.527,94,656,7-5 4-6 2-6 7-6(1) 6-3,5,R128,253,27,19,185,105,79,31,0,12,18,1,6,161,109,75,23,0,6,12
2026-580,Australian Open,Hard,128,G,O,20260120,49,D0FJ,22,,Luciano Darderi,R,183,ITA,23.932,25,1599,GD64,,,Cristian Garin,R,185,CHI,29.643,82,726,7-6(5) 7-5 7-6(3),5,R128,176,15,2,101,63,50,25,0,2,4,12,6,132,78,54,27,0,8,11
2026-580,Australian Open,Hard,128,G,O,20260120,50,Q02L,,,Ethan Quinn,R,191,USA,21.859,80,733,GJ37,23,,Tallon Griekspoor,R,188,NED,29.552,26,1565,6-2 6-3 6-2,5,R128,98,5,2,59,39,29,16,0,0,2,6,8,80,51,28,12,0,8,15
2026-580,Australian Open,Hard,128,G,O,20260120,51,S0JA,,,Eliot Spizzirri,R,185,USA,24.077,85,725,F0FV,28,,Joao Fonseca,R,188,BRA,19.417,32,1510,6-4 2-6 6-1 6-2,5,R128,161,14,2,97,65,53,16,0,7,9,10,5,102,63,42,19,0,8,13
2026-580,Australian Open,Hard,128,G,O,20260120,52,B0BI,,,Sebastian Baez,R,170,ARG,25.062,36,1390,M0GZ,,,Giovanni Mpetshi Perricard,R,203,FRA,22.538,61,905,6-4 6-4 3-6 5-7 6-3,5,R128,195,10,2,154,120,87,18,0,10,13,30,5,150,107,78,23,0,6,10
2026-580,Australian Open,Hard,128,G,O,20260120,53,B0NN,,,Nishesh Basavareddy,R,180,USA,20.72,242,230,O483,,,Christopher O'Connell,R,183,AUS,31.633,118,521,4-6 7-6(7) 6-7(3) 6-2 6-3,5,R128,251,17,5,148,85,64,40,0,1,4,25,3,176,108,80,31,0,8,13
2026-580,Australian Open,Hard,128,G,O,20260120,54,SU87,,,Lorenzo Sonego,R,191,ITA,30.697,40,1240,TE16,,,Carlos Taberner,R,183,ESP,28.452,99,630,6-4 6-0 6-3,5,R128,106,13,2,62,46,37,8,0,0,1,1,11,77,51,28,9,0,5,12
2026-580,Australian Open,Hard,128,G,O,20260120,55,WB32,,,Yibing Wu,R,183,CHN,26.27,168,347,N0BG,,,Luca Nardi,R,185,ITA,22.459,108,561,7-5 4-6 6-4 6-2,5,R128,177,7,3,132,75,52,32,0,15,19,7,6,117,66,42,27,0,6,13
2026-580,Australian Open,Hard,128,G,O,20260120,56,S0IA,,,Dane Sweeny,R,170,AUS,24.936,182,325,MC65,,,Gael Monfils,R,193,FRA,39.387,110,550,6-7(3) 7-5 6-4 7-5,5,R128,231,2,3,148,104,74,25,0,9,11,14,6,164,112,79,24,0,14,19
2026-580,Australian Open,Hard,128,G,O,20260120,57,J0DZ,,,Rafael Jodar,R,191,ESP,19.343,150,418,S0UV,,,Rei Sakamoto,R,193,JPN,19.576,203,292,7-6(6) 6-1 5-7 4-6 6-3,5,R128,234,4,1,160,99,70,39,0,6,9,6,4,173,112,76,34,0,10,15
2026-580,Australian Open,Hard,128,G,O,20260120,58,S0AG,2,,Jannik Sinner,R,191,ITA,24.43,2,11500,G09O,,,Hugo Gaston,L,173,FRA,25.317,93,656,6-2 6-1 RET,5,R128,71,6,0,45,29,25,8,0,3,3,0,0,47,23,14,8,0,3,7
2026-580,Australian Open,Hard,128,G,O,20260120,59,FB98,9,,Taylor Fritz,R,196,USA,28.23,9,3840,R0EB,,,Valentin Royer,R,188,FRA,24.646,58,924,7-6(5) 5-7 6-1 6-3,5,R128,182,24,3,110,76,62,18,0,4,7,19,6,150,89,62,25,0,15,21
2026-580,Australian Open,Hard,128,G,O,20260120,60,HB71,,,Hubert Hurkacz,R,196,POL,28.939,55,965,BU13,,,Zizou Bergs,R,185,BEL,26.634,43,1170,6-7(6) 7-6(6) 6-3 6-3,5,R128,204,18,2,140,110,87,15,0,6,6,15,6,147,106,75,23,0,8,11
2026-580,Australian Open,Hard,128,G,O,20260120,61,KI82,,,Vit Kopriva,R,178,CZE,28.6,101,626,SL28,,,Jan-Lennard Struff,R,193,GER,35.74,86,706,4-6 6-2 2-6 6-3 6-1,5,R128,190,19,5,169,110,78,24,0,16,20,16,10,121,78,51,18,0,5,12
2026-580,Australian Open,Hard,128,G,O,20260120,62,M0FH,,,Tomas Machac,R,183,CZE,25.27,24,1610,D875,,,Grigor Dimitrov,R,191,BUL,34.683,45,1105,6-4 6-4 6-3,5,R128,107,21,1,82,58,45,15,0,4,4,11,4,97,78,48,8,0,6,10
2026-580,Australian Open,Hard,128,G,O,20260120,63,TE51,31,,Stefanos Tsitsipas,R,193,GRE,27.441,35,1455,M0HU,,,Shintaro Mochizuki,R,175,JPN,22.637,112,547,4-6 6-3 6-2 6-2,5,R128,180,16,6,105,72,57,16,0,7,8,3,6,136,79,50,26,0,15,20
2026-580,Australian Open,Hard,128,G,O,20260120,64,D994,,,James Duckworth,R,183,AUS,33.999,88,694,P0HW,,LL,Dino Prizmic,R,188,CRO,20.46,127,481,7-6(4) 3-6 1-6 7-5 6-3,5,R128,262,16,5,179,119,80,30,0,14,20,9,12,174,108,76,35,0,14,18
2026-580,Australian Open,Hard,128,G,O,20260121,65,C0AU,18,,Francisco Cerundolo,R,185,ARG,27.441,21,2035,D923,,,Damir Dzumhur,R,175,BIH,33.673,66,837,6-3 6-2 6-1,5,R64,98,10,1,66,36,29,20,0,2,3,3,1,78,50,29,12,0,5,12
2026-580,Australian Open,Hard,128,G,O,20260121,66,PL56,19,,Tommy Paul,R,185,USA,28.682,20,2050,T0A1,,,Thiago Agustin Tirante,R,185,ARG,24.783,103,605,6-3 6-4 6-2,5,R64,124,4,1,82,47,37,23,0,4,4,12,3,85,48,36,11,0,6,10
2026-580,Australian Open,Hard,128,G,O,20260121,67,RE44,13,,Andrey Rublev,R,188,RUS,28.255,15,2600,F0F2,,,Jaime Faria,R,188,POR,22.461,151,413,6-4 6-3 4-6 7-5,5,R64,172,6,3,125,88,67,20,0,10,12,10,5,120,77,53,22,0,4,9
2026-580,Australian Open,Hard,128,G,O,20260121,68,M0CI,,,Fabian Marozsan,R,193,HUN,26.289,47,1065,MQ75,,,Kamil Majchrzak,R,183,POL,30.023,59,918,6-3 6-4 7-6(5),5,R64,144,5,2,113,83,52,16,0,8,12,3,4,119,80,45,14,0,8,14
2026-580,Australian Open,Hard,128,G,O,20260121,69,MM58,11,,Daniil Medvedev,R,198,RUS,29.944,12,2910,HB64,,,Quentin Halys,R,191,FRA,29.238,83,725,6-7(9) 6-3 6-4 6-2,5,R64,184,13,4,145,98,72,26,0,10,12,6,6,115,75,54,16,0,4,10
2026-580,Australian Open,Hard,128,G,O,20260121,70,EA24,,,Tomas Martin Etcheverry,R,196,ARG,26.513,62,895,F0DM,,,Arthur Fery,R,175,GBR,23.529,186,316,7-6(4) 6-1 6-3,5,R64,165,11,1,102,70,47,23,0,9,10,5,1,92,66,40,14,0,6,11
2026-580,Australian Open,Hard,128,G,O,20260121,71,A0E2,1,,Carlos Alcaraz,R,183,ESP,22.714,1,12050,H997,,,Yannick Hanfmann,R,193,GER,34.19,102,611,7-6(4) 6-4 6-3,5,R64,166,12,3,111,69,47,26,15,6,7,7,4,100,62,43,17,14,5,9
2026-580,Australian Open,Hard,128,G,O,20260121,72,BK92,10,,Alexander Bublik,R,196,KAZ,28.597,10,3065,F724,,,Marton Fucsovics,R,188,HUN,33.952,54,967,7-5 6-4 7-5,5,R64,134,12,4,90,63,48,14,0,0,2,6,6,119,72,44,26,0,8,13
2026-580,Australian Open,Hard,128,G,O,20260121,73,DH50,14,,Alejandro Davidovich Fokina,R,180,ESP,26.631,14,2635,O522,,,Reilly Opelka,R,211,USA,28.4,63,873,6-3 7-6(3) 5-7 4-6 6-4,5,R64,230,12,1,165,129,98,20,0,9,11,37,12,161,108,81,30,0,9,11
2026-580,Australian Open,Hard,128,G,O,20260121,74,T0HA,25,,Learner Tien,L,180,USA,20.137,29,1540,S0H2,,,Alexander Shevchenko,R,188,KAZ,25.144,97,650,6-2 5-7 6-1 6-0,5,R64,124,9,2,92,55,45,19,0,2,4,4,1,94,59,31,17,0,4,13
2026-580,Australian Open,Hard,128,G,O,20260121,75,MW02,32,,Corentin Moutet,L,180,FRA,26.76,37,1383,Z0BZ,,,Michael Zheng,R,188,USA,21.985,174,337,3-6 6-1 6-3 2-0 RET,5,R64,121,10,5,76,46,33,16,0,4,7,3,1,84,62,37,6,0,0,7
2026-580,Australian Open,Hard,128,G,O,20260121,76,BT72,,,Nuno Borges,R,185,POR,28.92,46,1070,TC61,,,Jordan Thompson,R,183,AUS,31.756,111,548,6-7(9) 6-3 6-2 6-4,5,R64,186,10,4,130,89,64,24,0,5,7,12,1,121,70,46,26,0,1,7
2026-580,Australian Open,Hard,128,G,O,20260121,77,Z355,3,,Alexander Zverev,R,198,GER,28.756,3,5105,MP20,,,Alexandre Muller,R,183,FRA,28.969,52,980,6-3 4-6 6-3 6-4,5,R64,183,18,1,108,74,53,21,0,5,8,4,2,125,86,55,18,0,10,16
2026-580,Australian Open,Hard,128,G,O,20260121,78,DH58,6,,Alex de Minaur,R,183,AUS,26.927,6,4080,M0JF,,,Hamad Medjedovic,R,188,SRB,22.513,90,681,6-7(5) 6-2 6-2 6-1,5,R64,184,12,4,110,77,59,20,0,2,3,19,11,137,88,57,19,0,14,21
2026-580,Australian Open,Hard,128,G,O,20260121,79,N771,26,,Cameron Norrie,L,188,GBR,30.415,27,1553,N0AM,,,Emilio Nava,R,185,USA,24.137,89,683,6-1 7-6(3) 4-6 7-6(5),5,R64,200,5,2,144,112,79,19,0,7,10,19,5,148,105,69,22,0,15,19
2026-580,Australian Open,Hard,128,G,O,20260121,80,TD51,29,,Frances Tiafoe,R,188,USA,28.003,34,1500,C0DF,,,Francisco Comesana,R,178,ARG,25.292,68,829,6-4 6-3 4-6 6-2,5,R64,185,7,1,108,61,52,25,0,4,5,15,5,124,84,57,17,0,12,17
2026-580,Australian Open,Hard,128,G,O,20260122,81,KE29,15,,Karen Khachanov,R,198,RUS,29.673,18,2320,B0NN,,,Nishesh Basavareddy,R,180,USA,20.726,242,230,6-1 6-4 6-3,5,R64,118,15,1,70,53,43,12,0,4,4,10,3,93,45,32,17,0,7,12
2026-580,Australian Open,Hard,128,G,O,20260122,82,M0NI,16,,Jakub Mensik,R,196,CZE,20.392,17,2345,J0DZ,,,Rafael Jodar,R,191,ESP,19.348,150,418,6-2 6-4 6-4,5,R64,120,9,2,90,55,44,15,0,4,6,3,1,85,52,31,16,0,5,11
2026-580,Australian Open,Hard,128,G,O,20260122,83,D643,4,,Novak Djokovic,R,188,SRB,38.672,4,4780,M0IF,Q,,Francesco Maestrelli,R,196,ITA,23.088,141,436,6-3 6-2 6-2,5,R64,136,5,4,78,52,45,9,0,4,5,10,4,93,56,30,15,0,10,16
2026-580,Australian Open,Hard,128,G,O,20260122,84,M0EJ,5,,Lorenzo Musetti,R,185,ITA,23.89,5,4105,SU87,,,Lorenzo Sonego,R,191,ITA,30.702,40,1240,6-3 6-3 6-4,5,R64,169,2,2,87,58,40,17,0,4,6,5,6,116,77,47,13,0,17,23
2026-580,Australian Open,Hard,128,G,O,20260122,85,S0S1,8,,Ben Shelton,L,193,USA,23.288,7,4000,S0IA,,,Dane Sweeny,R,170,AUS,24.942,182,325,6-3 6-2 6-2,5,R64,104,19,2,64,44,39,14,0,0,0,0,5,80,58,36,8,0,7,12
2026-580,Australian Open,Hard,128,G,O,20260122,86,D0FJ,22,,Luciano Darderi,R,183,ITA,23.937,25,1599,B0BI,,,Sebastian Baez,R,170,ARG,25.068,36,1390,6-3 1-6 6-4 6-3,5,R64,149,10,1,104,67,41,21,0,5,10,4,3,106,82,49,11,0,8,14
2026-580,Australian Open,Hard,128,G,O,20260122,87,VA25,30,,Valentin Vacherot,R,193,MON,27.184,31,1519,H0BH,,,Rinky Hijikata,R,178,AUS,24.912,114,542,6-1 6-3 4-6 6-2,5,R64,151,15,4,99,70,56,16,0,4,5,5,5,109,87,55,8,0,5,11
2026-580,Australian Open,Hard,128,G,O,20260122,88,Q02L,,,Ethan Quinn,R,191,USA,21.864,80,733,HB71,,,Hubert Hurkacz,R,196,POL,28.945,55,965,6-4 7-6(5) 6-1,5,R64,136,12,2,108,72,56,21,0,8,8,9,1,95,62,40,18,0,4,7
2026-580,Australian Open,Hard,128,G,O,20260122,89,S0JA,,,Eliot Spizzirri,R,185,USA,24.082,85,725,WB32,,,Yibing Wu,R,183,CHN,26.275,168,347,6-2 6-4 6-7(4) 4-6 6-3,5,R64,225,8,4,170,121,83,26,0,11,14,11,6,164,111,77,22,0,9,15
2026-580,Australian Open,Hard,128,G,O,20260122,90,V812,,,Botic van de Zandschulp,R,191,NED,30.303,75,759,S0RE,,,Juncheng Shang,L,180,CHN,20.969,318,165,7-6(6) 6-2 6-3,5,R64,136,15,6,94,64,56,13,0,1,1,2,3,101,68,46,16,0,9,13
2026-580,Australian Open,Hard,128,G,O,20260122,91,C977,,,Marin Cilic,R,198,CRO,37.317,70,790,SU55,21,,Denis Shapovalov,L,185,CAN,26.773,23,1650,6-4 6-3 6-2,5,R64,130,5,5,91,54,43,17,0,4,6,3,7,82,47,29,12,0,6,12
2026-580,Australian Open,Hard,128,G,O,20260122,92,S0AG,2,,Jannik Sinner,R,191,ITA,24.435,2,11500,D994,,,James Duckworth,R,183,AUS,34.004,88,694,6-1 6-4 6-2,5,R64,109,18,2,77,53,45,13,0,3,3,9,4,79,50,35,8,0,9,14
2026-580,Australian Open,Hard,128,G,O,20260122,93,M0FH,,,Tomas Machac,R,183,CZE,25.276,24,1610,TE51,31,,Stefanos Tsitsipas,R,193,GRE,27.447,35,1455,6-4 3-6 7-6(5) 7-6(5),5,R64,187,6,6,139,97,67,28,0,7,10,24,8,135,83,65,26,0,0,3
2026-580,Australian Open,Hard,128,G,O,20260122,94,W367,,,Stan Wawrinka,R,183,SUI,40.821,139,437,G0IX,,,Arthur Gea,R,180,FRA,21.054,198,300,4-6 6-3 3-6 7-5 7-6(3),5,R64,274,11,3,177,139,92,23,0,10,14,13,7,170,121,83,23,0,9,13
2026-580,Australian Open,Hard,128,G,O,20260122,95,FB98,9,,Taylor Fritz,R,196,USA,28.241,9,3840,KI82,,,Vit Kopriva,R,178,CZE,28.611,101,626,6-1 6-4 7-6(4),5,R64,119,15,1,88,70,56,11,0,2,3,3,2,86,53,33,19,0,3,7
2026-580,Australian Open,Hard,128,G,O,20260122,96,RH16,12,,Casper Ruud,R,183,NOR,27.086,13,2795,MU94,,,Jaume Munar,R,183,ESP,28.717,39,1335,6-3 7-5 6-4,5,R64,144,5,3,97,56,45,24,0,2,2,5,4,89,42,29,29,0,7,10
2026-580,Australian Open,Hard,128,G,O,20260123,97,T0HA,25,,Learner Tien,L,180,USA,20.142,29,1540,BT72,,,Nuno Borges,R,185,POR,28.925,46,1070,7-6(9) 6-4 6-2,5,R32,127,8,5,101,72,52,15,0,4,6,8,2,96,80,51,7,0,3,8
2026-580,Australian Open,Hard,128,G,O,20260123,98,MM58,11,,Daniil Medvedev,R,198,RUS,29.949,12,2910,M0CI,,,Fabian Marozsan,R,193,HUN,26.294,47,1065,6-7(5) 4-6 7-5 6-0 6-3,5,R32,226,19,10,146,94,61,30,0,5,12,0,2,188,134,82,16,0,17,28
2026-580,Australian Open,Hard,128,G,O,20260123,99,PL56,19,,Tommy Paul,R,185,USA,28.687,20,2050,DH50,14,,Alejandro Davidovich Fokina,R,180,ESP,26.637,14,2635,6-1 6-1 RET,5,R32,55,3,0,32,21,19,9,0,0,0,3,4,51,31,15,8,0,3,8
2026-580,Australian Open,Hard,128,G,O,20260123,100,A0E2,1,,Carlos Alcaraz,R,183,ESP,22.721,1,12050,MW02,32,,Corentin Moutet,L,180,FRA,26.765,37,1383,6-2 6-4 6-1,5,R32,127,3,1,72,51,37,11,0,2,4,0,5,93,56,29,15,0,5,13
2026-580,Australian Open,Hard,128,G,O,20260123,101,Z355,3,,Alexander Zverev,R,198,GER,28.761,3,5105,N771,26,,Cameron Norrie,L,188,GBR,30.42,27,1553,7-5 4-6 6-3 6-1,5,R32,166,16,1,106,79,61,14,0,3,5,5,2,116,83,53,18,0,8,14
2026-580,Australian Open,Hard,128,G,O,20260123,102,DH58,6,,Alex de Minaur,R,183,AUS,26.932,6,4080,TD51,29,,Frances Tiafoe,R,188,USA,28.008,34,1500,6-3 6-4 7-5,5,R32,163,8,6,97,60,46,20,0,3,5,6,1,101,60,35,22,0,7,12
2026-580,Australian Open,Hard,128,G,O,20260123,103,C0AU,18,,Francisco Cerundolo,R,185,ARG,27.447,21,2035,RE44,13,,Andrey Rublev,R,188,RUS,28.26,15,2600,6-3 7-6(4) 6-3,5,R32,129,8,2,100,66,52,20,0,2,3,5,5,81,50,42,12,0,3,6
2026-580,Australian Open,Hard,128,G,O,20260123,104,BK92,10,,Alexander Bublik,R,196,KAZ,28.602,10,3065,EA24,,,Tomas Martin Etcheverry,R,196,ARG,26.519,62,895,7-6(4) 7-6(5) 6-4,5,R32,155,21,2,104,67,60,23,0,3,3,10,1,112,75,56,24,0,3,4
2026-580,Australian Open,Hard,128,G,O,20260124,105,D0FJ,22,,Luciano Darderi,R,183,ITA,23.943,25,1599,KE29,15,,Karen Khachanov,R,198,RUS,29.678,18,2320,7-6(5) 3-6 6-3 6-4,5,R32,206,17,4,126,78,59,27,0,2,4,14,4,139,91,64,26,0,5,8
2026-580,Australian Open,Hard,128,G,O,20260124,106,M0EJ,5,,Lorenzo Musetti,R,185,ITA,23.896,5,4105,M0FH,,,Tomas Machac,R,183,CZE,25.281,24,1610,5-7 6-4 6-2 5-7 6-2,5,R32,265,10,5,156,118,79,17,0,10,15,3,3,197,153,88,19,0,18,26
2026-580,Australian Open,Hard,128,G,O,20260124,107,S0AG,2,,Jannik Sinner,R,191,ITA,24.441,2,11500,S0JA,,,Eliot Spizzirri,R,185,USA,24.088,85,725,4-6 6-3 6-4 6-4,5,R32,222,17,4,131,88,56,19,13,10,16,6,3,108,70,46,17,11,3,11
2026-580,Australian Open,Hard,128,G,O,20260124,108,S0S1,8,,Ben Shelton,L,193,USA,23.294,7,4000,VA25,30,,Valentin Vacherot,R,193,MON,27.19,31,1519,6-4 6-4 7-6(5),5,R32,138,15,1,96,63,50,22,0,1,1,12,4,91,63,50,13,0,2,4
2026-580,Australian Open,Hard,128,G,O,20260124,109,FB98,9,,Taylor Fritz,R,196,USA,28.241,9,3840,W367,,,Stan Wawrinka,R,183,SUI,40.827,139,437,7-6(5) 2-6 6-4 6-4,5,R32,165,30,1,120,84,71,18,0,5,7,16,3,114,70,60,24,0,5,7
2026-580,Australian Open,Hard,128,G,O,20260124,110,D643,4,,Novak Djokovic,R,188,SRB,38.678,4,4780,V812,,,Botic van de Zandschulp,R,191,NED,30.308,75,759,6-3 6-4 7-6(4),5,R32,164,11,5,93,61,46,20,14,5,7,15,4,102,62,45,18,11,5,9
2026-580,Australian Open,Hard,128,G,O,20260124,111,M0NI,16,,Jakub Mensik,R,196,CZE,20.397,17,2345,Q02L,,,Ethan Quinn,R,191,USA,21.87,80,733,6-2 7-6(5) 7-6(5),5,R32,154,11,7,102,54,39,28,0,3,6,9,7,107,57,39,23,0,5,10
2026-580,Australian Open,Hard,128,G,O,20260124,112,RH16,12,,Casper Ruud,R,183,NOR,27.091,13,2795,C977,,,Marin Cilic,R,198,CRO,37.322,70,790,6-4 6-4 3-6 7-5,5,R32,185,25,4,123,87,68,15,0,8,10,18,6,123,65,51,31,0,3,7
2026-580,Australian Open,Hard,128,G,O,20260125,113,A0E2,1,,Carlos Alcaraz,R,183,ESP,22.727,1,12050,PL56,19,,Tommy Paul,R,185,USA,28.693,20,2050,7-6(6) 6-4 7-5,5,R16,158,2,0,89,63,50,19,15,1,2,7,5,106,60,50,23,14,7,9
2026-580,Australian Open,Hard,128,G,O,20260125,114,Z355,3,,Alexander Zverev,R,198,GER,28.767,3,5105,C0AU,18,,Francisco Cerundolo,R,185,ARG,27.452,21,2035,6-2 6-4 6-4,5,R16,134,7,2,75,60,48,8,0,1,2,0,0,94,60,39,15,0,3,8
2026-580,Australian Open,Hard,128,G,O,20260125,115,DH58,6,,Alex de Minaur,R,183,AUS,26.938,6,4080,BK92,10,,Alexander Bublik,R,196,KAZ,28.608,10,3065,6-4 6-1 6-1,5,R16,93,5,1,62,38,31,17,0,0,0,6,4,81,54,28,12,0,5,11
2026-580,Australian Open,Hard,128,G,O,20260125,116,T0HA,25,,Learner Tien,L,180,USA,20.148,29,1540,MM58,11,,Daniil Medvedev,R,198,RUS,29.955,12,2910,6-4 6-0 6-3,5,R16,100,5,1,68,45,32,15,0,0,1,6,6,86,59,34,7,0,3,10
2026-580,Australian Open,Hard,128,G,O,20260126,117,M0EJ,5,,Lorenzo Musetti,R,185,ITA,23.901,5,4105,FB98,9,,Taylor Fritz,R,196,USA,28.246,9,3840,6-2 7-5 6-4,5,R16,124,13,2,81,56,47,17,0,2,2,10,1,84,50,32,19,0,5,9
2026-580,Australian Open,Hard,128,G,O,20260126,118,S0AG,2,,Jannik Sinner,R,191,ITA,24.446,2,11500,D0FJ,22,,Luciano Darderi,R,183,ITA,23.948,25,1599,6-1 6-3 7-6(2),5,R16,131,19,0,86,63,51,14,0,6,6,11,5,97,56,41,16,0,4,8
2026-580,Australian Open,Hard,128,G,O,20260128,119,D643,4,,Novak Djokovic,R,188,SRB,38.689,4,4780,M0NI,16,,Jakub Mensik,R,196,CZE,20.397,17,2345,W/O,5,R16,,,,,,,,,,,,,,,,,,,
2026-580,Australian Open,Hard,128,G,O,20260126,120,S0S1,8,,Ben Shelton,L,193,USA,23.299,7,4000,RH16,12,,Casper Ruud,R,183,NOR,27.097,13,2795,3-6 6-4 6-3 6-4,5,R16,156,14,4,96,63,52,24,0,2,3,9,6,125,88,59,22,0,8,11
2026-580,Australian Open,Hard,128,G,O,20260127,121,Z355,3,,Alexander Zverev,R,198,GER,28.772,3,5105,T0HA,25,,Learner Tien,L,180,USA,20.153,29,1540,6-3 6-7(5) 6-1 7-6(3),5,QF,193,24,1,133,98,75,21,0,3,3,11,9,133,92,63,19,0,4,7
2026-580,Australian Open,Hard,128,G,O,20260127,122,A0E2,1,,Carlos Alcaraz,R,183,ESP,22.732,1,12050,DH58,6,,Alex de Minaur,R,183,AUS,26.943,6,4080,7-5 6-2 6-1,5,QF,138,1,0,93,51,30,16,6,9,16,5,3,83,48,37,19,12,5,7
2026-580,Australian Open,Hard,128,G,O,20260128,123,D643,4,,Novak Djokovic,R,188,SRB,38.689,4,4780,M0EJ,5,,Lorenzo Musetti,R,185,ITA,23.907,5,4105,4-6 3-6 3-1 RET,5,QF,128,4,1,83,53,31,12,6,6,11,4,2,60,40,24,12,8,3,6
2026-580,Australian Open,Hard,128,G,O,20260128,124,S0AG,2,,Jannik Sinner,R,191,ITA,24.452,2,11500,S0S1,8,,Ben Shelton,L,193,USA,23.305,7,4000,6-3 6-4 6-4,5,QF,145,5,2,91,55,42,23,0,4,4,8,3,102,78,51,10,0,9,12
2026-580,Australian Open,Hard,128,G,O,20260130,125,A0E2,1,,Carlos Alcaraz,R,183,ESP,22.741,1,12050,Z355,3,,Alexander Zverev,R,198,GER,28.78,3,5105,6-4 7-6(5) 6-7(3) 6-7(4) 7-5,5,SF,341,12,5,187,121,89,41,27,5,7,17,4,203,146,105,31,25,10,13
2026-580,Australian Open,Hard,128,G,O,20260130,126,D643,4,,Novak Djokovic,R,188,SRB,38.694,4,4780,S0AG,2,,Jannik Sinner,R,191,ITA,24.457,2,11500,3-6 6-3 4-6 6-4 6-4,5,SF,252,12,3,158,112,80,23,21,16,18,26,2,133,100,80,17,21,5,8
2026-580,Australian Open,Hard,128,G,O,20260201,127,A0E2,1,,Carlos Alcaraz,R,183,ESP,22.746,1,12050,D643,4,,Novak Djokovic,R,188,SRB,38.7,4,4780,2-6 6-2 6-3 7-5,5,F,185,9,2,101,67,52,20,16,4,6,4,2,122,85,57,20,14,12,16
2026-375,Montpellier,Hard,28,250,I,20260202,1,BD06,,,Roberto Bautista Agut,R,183,ESP,37.812,89,670,O483,,,Christopher O'Connell,R,183,AUS,31.677,119,511,5-7 6-3 7-5,3,R32,168,6,0,101,70,48,18,17,6,9,11,1,110,58,42,26,16,9,13
2026-375,Montpellier,Hard,28,250,I,20260202,2,G0IX,,,Arthur Gea,R,180,FRA,21.092,168,353,M0GZ,,,Giovanni Mpetshi Perricard,R,203,FRA,22.582,57,905,6-3 RET,3,R32,39,2,2,23,11,10,10,5,0,0,1,1,20,17,12,1,4,0,1
2026-375,Montpellier,Hard,28,250,I,20260202,3,ME82,,,Adrian Mannarino,L,180,FRA,37.604,70,810,MO44,,,Pedro Martinez,R,185,ESP,28.78,77,728,7-6(3) 6-1,3,R32,96,14,1,65,44,36,13,10,2,2,1,1,55,32,23,12,9,1,3
2026-375,Montpellier,Hard,28,250,I,20260203,4,HH26,5,,Ugo Humbert,L,188,FRA,27.614,38,1320,V812,,,Botic van de Zandschulp,R,191,NED,30.341,67,849,6-3 6-4,3,R32,72,9,1,58,42,32,11,10,3,3,9,1,47,29,25,8,9,1,3
2026-375,Montpellier,Hard,28,250,I,20260203,5,F0F1,6,,Arthur Fils,R,185,FRA,21.651,42,1110,R0EB,,,Valentin Royer,R,188,FRA,24.69,56,920,7-6(7) 6-7(4) 6-2,3,R32,152,14,5,108,66,55,21,16,0,1,14,2,101,68,50,20,16,5,8
2026-375,Montpellier,Hard,28,250,I,20260203,6,D0DT,,,Martin Damm,L,203,USA,22.350,160,373,HB71,7,,Hubert Hurkacz,R,196,POL,28.983,52,965,7-6(5) 6-4,3,R32,92,13,3,71,44,32,19,11,1,1,14,0,72,45,33,16,11,3,4
2026-375,Montpellier,Hard,28,250,I,20260203,7,BV16,,,Ugo Blanchet,R,175,FRA,27.086,174,343,VA08,,,Andrea Vavassori,R,193,ITA,30.757,282,185,6-4 6-3,3,R32,79,5,3,63,33,26,16,10,1,2,9,2,58,43,29,4,9,5,8
2026-375,Montpellier,Hard,28,250,I,20260203,8,CD85,,,Pablo Carreno Busta,R,188,ESP,34.571,100,616,KI95,,,Miomir Kecmanovic,R,183,SRB,26.434,69,820,4-6 6-3 7-6(4),3,R32,127,7,2,102,69,50,13,16,3,6,15,4,87,51,45,13,15,4,7
2026-375,Montpellier,Hard,28,250,I,20260203,9,D0DW,,,Titouan Droguet,R,191,FRA,24.643,150,403,CH12,,,Jan Choinski,R,196,GBR,29.656,125,498,6-2 7-6(2),3,R32,84,14,2,59,38,33,13,10,2,2,4,3,83,49,31,17,10,7,9
2026-375,Montpellier,Hard,28,250,I,20260204,10,G0IX,,,Arthur Gea,R,180,FRA,21.092,168,353,M0FH,3,,Tomas Machac,R,183,CZE,25.314,28,1610,6-3 4-5 RET,3,R16,75,6,1,46,26,24,12,9,0,0,4,1,61,32,24,15,9,4,5
2026-375,Montpellier,Hard,28,250,I,20260204,11,ME82,,,Adrian Mannarino,L,180,FRA,37.604,70,810,HH26,5,,Ugo Humbert,L,188,FRA,27.614,38,1320,6-7(4) 6-3 7-6(4),3,R16,167,7,2,115,75,63,21,17,9,9,23,3,111,73,61,17,16,8,9
2026-375,Montpellier,Hard,28,250,I,20260204,12,D0DT,,,Martin Damm,L,203,USA,22.350,160,373,BD06,,,Roberto Bautista Agut,R,183,ESP,37.812,89,670,6-1 6-3,3,R16,55,11,2,39,27,22,10,8,0,0,2,0,51,35,18,8,8,3,7
2026-375,Montpellier,Hard,28,250,I,20260204,13,K0AZ,8,,Aleksandar Kovacevic,R,183,USA,27.439,83,709,K0O4,,,Moise Kouame,R,191,FRA,16.92,552,70,6-7(5) 6-2 6-2,3,R32,114,13,2,91,50,41,23,14,1,1,10,4,77,47,36,15,14,4,8
2026-375,Montpellier,Hard,28,250,I,20260204,14,N0BG,,,Luca Nardi,R,185,ITA,22.502,106,571,BG23,,,Nikoloz Basilashvili,R,185,GEO,33.952,137,464,6-3 6-3,3,R32,63,3,0,46,28,22,15,9,1,1,5,3,57,28,21,11,9,6,9
2026-375,Montpellier,Hard,28,250,I,20260204,15,W367,,,Stan Wawrinka,R,183,SUI,40.86,113,537,M0JF,,,Hamad Medjedovic,R,188,SRB,22.554,80,717,7-6(3) 6-4,3,R32,98,5,4,76,29,24,26,11,4,5,10,0,65,37,26,17,11,4,6
2026-375,Montpellier,Hard,28,250,I,20260205,16,AG37,,,Felix Auger-Aliassime,R,193,CAN,25.495,8,3725,W367,,,Stan Wawrinka,R,183,SUI,40.86,113,537,6-4 7-6(3),3,R16,107,16,2,65,45,37,11,11,3,4,5,4,81,48,35,16,11,8,10
2026-375,Montpellier,Hard,28,250,I,20260205,17,N0BG,,,Luca Nardi,R,185,ITA,22.502,106,571,C0E9,,,Flavio Cobolli,R,183,ITA,23.754,20,1955,6-2 6-3,3,R16,74,7,1,46,27,21,13,8,2,2,3,1,58,29,14,16,9,5,9
2026-375,Montpellier,Hard,28,250,I,20260205,18,GJ37,4,,Tallon Griekspoor,R,188,NED,29.596,29,1565,CD85,,,Pablo Carreno Busta,R,188,ESP,34.571,100,616,6-4 6-4,3,R16,66,18,2,46,28,27,13,10,0,0,3,2,62,39,28,11,10,2,4
2026-375,Montpellier,Hard,28,250,I,20260205,19,D0DW,,,Titouan Droguet,R,191,FRA,24.643,150,403,K0AZ,8,,Aleksandar Kovacevic,R,183,USA,27.439,83,709,4-6 7-6(5) 6-4,3,R16,114,25,3,91,51,44,26,16,1,2,19,4,90,59,49,19,16,2,3
2026-375,Montpellier,Hard,28,250,I,20260205,24,F0F1,6,,Arthur Fils,R,185,FRA,21.656,42,1110,BV16,,,Ugo Blanchet,R,175,FRA,27.091,174,343,7-6(4) 7-5,3,R16,95,14,3,67,42,32,16,12,0,2,10,6,81,39,29,21,12,6,9
2026-375,Montpellier,Hard,28,250,I,20260207,20,D0DW,,,Titouan Droguet,R,191,FRA,24.649,150,403,GJ37,4,,Tallon Griekspoor,R,188,NED,29.602,29,1565,7-6(5) 7-6(1),3,QF,106,21,0,71,46,39,16,12,0,0,8,2,83,60,45,11,12,1,1
2026-375,Montpellier,Hard,28,250,I,20260207,21,AG37,,,Felix Auger-Aliassime,R,193,CAN,25.5,8,3725,F0F1,6,,Arthur Fils,R,185,FRA,21.656,42,1110,6-4 6-2,3,QF,68,12,0,40,27,25,11,9,0,0,2,1,55,33,18,14,9,2,5
2026-375,Montpellier,Hard,28,250,I,20260207,22,D0DT,,,Martin Damm,L,203,USA,22.350,160,373,N0BG,,,Luca Nardi,R,185,ITA,22.508,106,571,6-3 7-6(8),3,QF,84,16,0,61,39,36,17,11,1,1,5,2,67,44,34,12,10,3,4
2026-375,Montpellier,Hard,28,250,I,20260207,23,ME82,,,Adrian Mannarino,L,180,FRA,37.61,70,810,G0IX,,,Arthur Gea,R,180,FRA,21.098,168,353,5-7 6-4 6-4,3,QF,151,3,1,93,65,49,13,16,1,3,12,3,91,54,43,18,16,2,5
2026-375,Montpellier,Hard,28,250,I,20260208,25,AG37,,,Felix Auger-Aliassime,R,193,CAN,25.503,8,3725,D0DW,,,Titouan Droguet,R,191,FRA,24.652,150,403,6-4 6-7(5) 6-1,3,SF,147,20,0,92,72,58,12,15,3,3,14,3,121,77,54,20,14,7,10
2026-375,Montpellier,Hard,28,250,I,20260208,26,ME82,,,Adrian Mannarino,L,180,FRA,37.613,70,810,D0DT,,,Martin Damm,L,203,USA,22.350,160,373,1-6 6-3 6-4,3,SF,104,11,3,74,46,36,15,13,2,4,23,3,65,45,38,9,13,0,2
2026-375,Montpellier,Hard,28,250,I,20260208,27,AG37,,,Felix Auger-Aliassime,R,193,CAN,25.506,8,3725,ME82,,,Adrian Mannarino,L,180,FRA,37.615,70,810,6-3 7-6(4),3,F,95,13,1,58,45,39,7,10,0,0,4,1,63,38,28,13,11,1,3
2026-M-DC-2026-WG1-PO-CHN-POR-01,Davis Cup WG1 PO: CHN vs POR,Hard,4,D,O,20260206,1,R0GO,,,Henrique Rocha,R,180,POR,21.837,157,379,Y09V,,,Yunchaokete Bu,R,185,CHN,24.049,139,449,6-4 6-4,3,RR,86,1,1,57,40,31,12,10,0,0,8,1,58,48,34,3,10,2,4
2026-M-DC-2026-WG1-PO-CHN-POR-01,Davis Cup WG1 PO: CHN vs POR,Hard,4,D,O,20260206,2,WB32,,,Yibing Wu,R,183,CHN,26.316,144,427,BT72,,,Nuno Borges,R,185,POR,28.964,45,1070,6-1 7-6(3),3,RR,93,3,0,59,26,22,23,10,2,2,6,3,79,48,31,15,9,7,9
2026-M-DC-2026-WG1-PO-CHN-POR-01,Davis Cup WG1 PO: CHN vs POR,Hard,4,D,O,20260206,3,Z371,,,Zhizhen Zhang,R,193,CHN,29.331,367,130,BT72,,,Nuno Borges,R,185,POR,28.986,45,1070,7-5 6-4,3,RR,78,12,1,74,46,38,10,11,3,4,6,3,73,41,28,16,11,5,8
2026-M-DC-2026-QLS-M-NOR-GBR-01,Davis Cup QLS R1: NOR vs GBR,Hard,4,D,I,20260205,1,N771,,,Cameron Norrie,L,188,GBR,30.48,26,1643,B0U4,,,Nicolai Budkov Kjaer,R,191,NOR,19.455,133,476,6-4 6-4,3,RR,82,6,1,68,50,38,7,9,3,4,6,0,52,39,29,6,7,1,4
2026-M-DC-2026-QLS-M-NOR-GBR-01,Davis Cup QLS R1: NOR vs GBR,Hard,4,D,I,20260205,2,D0CO,,,Jack Draper,L,193,GBR,24.148,13,2790,DC76,,,Viktor Durasovic,R,185,NOR,28.909,313,164,6-2 6-2,3,RR,60,8,1,43,26,23,10,8,0,0,2,3,49,32,17,7,4,0,4
2026-M-DC-2026-QLS-M-NOR-GBR-01,Davis Cup QLS R1: NOR vs GBR,Hard,4,D,I,20260206,3,F0BY,,,Jacob Fearnley,R,183,GBR,24.586,90,668,B0U4,,,Nicolai Budkov Kjaer,R,191,NOR,19.455,133,476,3-6 6-3 [10-7],3,RR,83,7,1,60,38,28,11,6,3,5,7,4,56,38,30,7,6,1,3
2026-M-DC-2026-QLS-M-CAN-BRA-01,Davis Cup QLS R1: CAN vs BRA,Hard,4,D,I,20260206,1,H0DU,,,Gustavo Heide,R,191,BRA,23.962,253,215,D0F6,,,Gabriel Diallo,R,203,CAN,24.392,39,1175,7-6(4) 3-6 7-6(3),3,RR,162,9,2,88,69,55,13,16,0,0,10,3,113,63,50,29,15,2,4
2026-M-DC-2026-QLS-M-CAN-BRA-01,Davis Cup QLS R1: CAN vs BRA,Hard,4,D,I,20260206,2,D0DP,,,Liam Draxl,R,185,CAN,24.194,146,422,R0A7,,,Joao Lucas Reis Da Silva,R,178,BRA,25.889,207,291,6-3 6-3,3,RR,76,1,4,59,33,28,11,8,4,5,5,1,49,29,20,6,5,2,6
2026-M-DC-2026-QLS-M-CAN-BRA-01,Davis Cup QLS R1: CAN vs BRA,Hard,4,D,I,20260206,3,D0DP,,,Liam Draxl,R,185,CAN,24.194,146,422,H0DU,,,Gustavo Heide,R,191,BRA,23.962,253,215,6-3 6-4,3,RR,90,4,2,50,36,27,11,9,3,4,4,2,59,35,25,9,6,3,6
2026-M-DC-2026-QLS-M-CAN-BRA-01,Davis Cup QLS R1: CAN vs BRA,Hard,4,D,I,20260206,4,D0F6,,,Gabriel Diallo,R,203,CAN,24.392,39,1175,P0DF,,,Matheus Pucinelli de Almeida,R,183,BRA,24.877,292,180,3-6 6-1 7-6(4),3,RR,147,6,1,91,79,59,6,13,3,4,2,2,92,81,55,5,12,2,4
2026-M-DC-2026-QLS-M-CHI-SRB-01,Davis Cup QLS R1: CHI vs SRB,Clay,4,D,O,20260206,1,TE30,,,Alejandro Tabilo,L,188,CHI,28.704,73,774,M0UR,,,Ognjen Milic,L,180,SRB,18.652,462,95,6-7(3) 6-2 6-4,3,RR,132,7,1,94,63,51,15,14,6,7,9,5,89,46,34,22,11,1,5
2026-M-DC-2026-QLS-M-CHI-SRB-01,Davis Cup QLS R1: CHI vs SRB,Clay,4,D,O,20260206,2,BS86,,,Tomas Barrios Vera,R,191,CHI,28.183,112,546,L987,,,Dusan Lajovic,R,183,SRB,35.628,123,503,7-5 7-6(7),3,RR,127,2,4,82,53,36,18,10,1,3,2,0,71,41,31,15,9,3,6
2026-M-DC-2026-QLS-M-CHI-SRB-01,Davis Cup QLS R1: CHI vs SRB,Clay,4,D,O,20260206,3,S0EK,,,Matias Soto,R,170,CHI,26.804,323,157,D0HJ,,,Branko Djuric,R,188,SRB,21.01,489,87,6-7(2) 7-6(4) [10-7],3,RR,143,3,2,91,78,54,7,10,1,3,13,5,89,77,56,3,10,3,5
2026-M-DC-2026-WG1-PO-PAR-ROU-01,Davis Cup WG1 PO: PAR vs ROU,Clay,4,D,O,20260206,1,V0DP,,,Adolfo Daniel Vallejo,R,183,PAR,21.799,104,580,G0ME,,,Gabriel Ghetu,R,180,ROU,18.272,714,45,6-1 6-4,3,RR,81,3,3,59,49,32,3,9,5,8,2,1,41,32,11,4,8,2,8
2026-M-DC-2026-WG1-PO-PAR-ROU-01,Davis Cup WG1 PO: PAR vs ROU,Clay,4,D,O,20260206,2,T0JZ,,,Radu David Turcanu,L,,ROU,19.918,667,51,N0FT,,,Alex Santino Nunez Vera,,,PAR,18.504,112,546,6-1 3-6 7-6(2),3,RR,166,7,6,106,85,55,8,14,9,13,3,6,92,72,39,10,14,5,10
2026-M-DC-2026-WG1-PO-PAR-ROU-01,Davis Cup WG1 PO: PAR vs ROU,Clay,4,D,O,20260206,3,V0DP,,,Adolfo Daniel Vallejo,R,183,PAR,21.799,104,580,P0CY,,,Stefan Palosi,R,180,ROU,26.048,445,104,6-1 6-2,3,RR,85,4,3,59,43,29,4,7,9,11,1,4,54,36,14,5,8,6,13
2026-M-DC-2026-QLS-M-CRO-DEN-01,Davis Cup QLS R1: CRO vs DEN,Hard,4,D,I,20260206,1,M0K4,,,Elmer Moller,R,183,DEN,22.604,120,509,D0L3,,,Matej Dodig,R,188,CRO,20.575,235,244,6-4 7-6(3),3,RR,91,4,3,62,42,36,13,11,0,0,7,1,66,46,36,9,10,0,1
2026-M-DC-2026-QLS-M-CRO-DEN-01,Davis Cup QLS R1: CRO vs DEN,Hard,4,D,I,20260206,2,P0HW,,,Dino Prizmic,R,188,CRO,20.528,121,507,H09N,,,August Holmgren,R,188,DEN,27.817,199,303,5-7 6-0 6-2,3,RR,139,7,4,98,67,42,16,10,8,11,2,2,89,55,31,12,6,7,14
2026-M-DC-2026-QLS-M-CRO-DEN-01,Davis Cup QLS R1: CRO vs DEN,Hard,4,D,I,20260206,3,P0HW,,,Dino Prizmic,R,188,CRO,20.528,121,507,M0K4,,,Elmer Moller,R,183,DEN,22.604,120,509,7-6(5) 7-6(2),3,RR,114,6,1,68,49,36,15,10,0,2,2,8,85,55,38,15,10,8,10
2026-M-DC-2026-QLS-M-GER-PER-01,Davis Cup QLS R1: GER vs PER,Hard,4,D,I,20260206,1,H997,,,Yannick Hanfmann,R,193,GER,34.256,93,653,B0GR,,,Gonzalo Bueno,R,173,PER,21.867,217,265,6-4 6-4,3,RR,89,9,2,51,37,33,7,10,0,0,3,2,66,42,30,9,8,4,6
2026-M-DC-2026-QLS-M-GER-PER-01,Davis Cup QLS R1: GER vs PER,Hard,4,D,I,20260206,2,SL28,,,Jan-Lennard Struff,R,193,GER,35.808,84,706,V836,,,Juan Pablo Varillas,R,185,PER,30.36,284,184,6-4 6-2,3,RR,74,6,0,50,24,17,19,8,4,5,3,1,54,30,18,13,5,9,13
2026-M-DC-2026-QLS-M-GER-PER-01,Davis Cup QLS R1: GER vs PER,Hard,4,D,I,20260206,3,E0DD,,,Justin Engel,R,185,GER,18.374,196,309,B0GR,,,Gonzalo Bueno,R,173,PER,21.867,217,265,6-3 6-7(4) [10-6],3,RR,96,4,4,63,37,31,10,9,2,4,0,4,69,46,26,13,7,3,6
2026-M-DC-2026-WG1-PO-SLO-TUR-01,Davis Cup WG1 PO: SLO vs TUR,Clay,4,D,I,20260206,1,E0AA,,,Yanki Erel,L,178,TUR,25.388,436,107,A0I1,,,Bor Artnak,R,193,SLO,21.697,467,94,7-6(2) 6-1,3,RR,107,4,4,88,46,35,19,,5,7,1,8,64,35,22,10,,4,8
2026-M-DC-2026-WG1-PO-SLO-TUR-01,Davis Cup WG1 PO: SLO vs TUR,Clay,4,D,I,20260206,2,A09Q,,,Mert Alkaya,R,178,TUR,25.67,376,126,D0I0,,,Sebastian Dominko,L,203,SLO,22.76,1069,13,7-5 7-6(4),3,RR,107,4,2,88,48,36,25,12,7,8,7,1,76,52,36,15,12,2,4
2026-M-DC-2026-WG1-PO-SLO-TUR-01,Davis Cup WG1 PO: SLO vs TUR,Clay,4,D,I,20260206,3,P0FV,,,Filip Jeff Planinsek,R,188,SVN,24.63,578,65,K0P9,,,Kaan Isik Kosaner,,,TUR,16.682,,,6-7(4) 6-1 [10-4],3,RR,136,8,1,56,48,32,4,9,1,3,2,4,77,73,39,1,10,11,16
2026-M-DC-2026-WG1-PO-SUI-TUN-01,Davis Cup WG1 PO: SUI vs TUN,Hard,4,D,I,20260206,1,R0FS,,,Leandro Riedi,R,191,SUI,24.049,171,348,T0JO,,,Alaa Trifi,,,TUN,19.082,1171,10,6-1 6-0,3,RR,56,1,1,47,30,22,11,7,2,2,0,4,49,28,14,8,6,10,15
2026-M-DC-2026-WG1-PO-SUI-TUN-01,Davis Cup WG1 PO: SUI vs TUN,Hard,4,D,I,20260206,2,K0EP,,,Jerome Kym,R,198,SUI,22.984,192,315,EA13,,,Moez Echargui,R,178,TUN,33.073,142,434,7-6(2) 6-4,3,RR,111,10,0,70,48,41,10,11,3,3,4,5,79,46,36,13,1,,
2026-M-DC-2026-WG1-PO-SUI-TUN-01,Davis Cup WG1 PO: SUI vs TUN,Hard,4,D,I,20260206,3,B0LW,,,Mika Brunold,R,191,SUI,21.369,453,98,O09A,,,Aziz Ouakaa,R,185,TUN,26.524,621,58,6-2 6-2,3,RR,52,3,2,52,41,28,7,8,2,3,0,2,46,27,12,9,8,2,7
2026-M-DC-2026-WG1-PO-ISR-LTU-01,Davis Cup WG1 PO: ISR vs LTU,Hard,4,D,O,20260206,1,G0FW,,,Vilius Gaubas,R,178,LTU,21.128,126,495,S0V8,,,Ofek Shimanov,R,178,ISR,20.619,1210,8,6-0 6-4,3,RR,70,1,1,42,22,17,11,8,0,1,0,1,56,30,19,7,8,3,8
2026-M-DC-2026-WG1-PO-ISR-LTU-01,Davis Cup WG1 PO: ISR vs LTU,Hard,4,D,O,20260206,2,B0MM,,,Edas Butvilas,R,191,LTU,21.563,248,223,V0G2,,,Amit Vales,R,173,ISR,20.693,876,26,7-6(3) 6-0,3,RR,84,1,0,50,39,30,6,9,1,2,1,1,73,53,29,7,9,3,7
2026-M-DC-2026-WG1-PO-ISR-LTU-01,Davis Cup WG1 PO: ISR vs LTU,Hard,4,D,O,20260206,3,G0FW,,,Vilius Gaubas,R,178,LTU,21.128,126,495,V0G2,,,Amit Vales,R,173,ISR,20.693,876,26,6-1 3-6 6-2,3,RR,131,5,1,84,57,38,12,12,5,8,2,4,75,40,27,10,12,5,11
2026-M-DC-2026-WG1-PO-KAZ-MON-01,Davis Cup WG1 PO: KAZ vs MON,Hard,4,D,O,20260206,1,BK92,,,Alexander Bublik,R,196,KAZ,28.663,10,3235,N670,,,Hugo Nys,R,183,MON,34.995,,,6-0 6-3,3,RR,61,5,1,41,24,20,9,7,0,0,3,3,56,31,16,11,8,7,12
2026-M-DC-2026-WG1-PO-KAZ-MON-01,Davis Cup WG1 PO: KAZ vs MON,Hard,4,D,O,20260206,2,VA25,,,Valentin Vacherot,R,193,MON,27.247,27,1611,S0H2,,,Alexander Shevchenko,R,188,KAZ,25.188,87,690,6-0 6-3,3,RR,61,5,5,54,32,26,11,8,6,7,1,1,44,28,14,4,7,0,5
2026-M-DC-2026-WG1-PO-KAZ-MON-01,Davis Cup WG1 PO: KAZ vs MON,Hard,4,D,O,20260206,3,VA25,,,Valentin Vacherot,R,193,MON,27.247,27,1611,BK92,,,Alexander Bublik,R,196,KAZ,28.663,10,3235,7-6(4) 7-6(7),3,RR,114,9,3,85,51,40,22,12,4,5,13,7,95,57,45,19,12,5,6
2026-M-DC-2026-QLS-M-JPN-AUT-01,Davis Cup QLS R1: JPN vs AUT,Hard,4,D,O,20260206,1,R09X,,,Jurij Rodionov,L,191,AUT,26.752,170,350,M0HU,,,Shintaro Mochizuki,R,175,JPN,22.705,108,551,6-4 7-5,3,RR,108,7,4,77,38,29,18,9,7,9,3,7,81,25,19,26,7,7,11
2026-M-DC-2026-QLS-M-JPN-AUT-01,Davis Cup QLS R1: JPN vs AUT,Hard,4,D,O,20260206,2,WB08,,,Yosuke Watanuki,R,180,JPN,27.844,166,356,O513,,,Sebastian Ofner,R,191,AUT,29.76,135,471,6-3 6-4,3,RR,73,5,2,51,32,26,12,9,0,1,5,1,62,34,25,10,6,5,8
2026-M-DC-2026-QLS-M-JPN-AUT-01,Davis Cup QLS R1: JPN vs AUT,Hard,4,D,O,20260206,3,N0CS,,,Lukas Neumayer,R,183,AUT,23.441,223,255,M0HU,,,Shintaro Mochizuki,R,175,JPN,22.705,108,551,6-3 6-3,3,RR,75,3,1,49,30,26,12,9,2,2,3,3,60,41,25,9,6,7,10
2026-M-DC-2026-QLS-M-JPN-AUT-01,Davis Cup QLS R1: JPN vs AUT,Hard,4,D,O,20260206,4,R09X,,,Jurij Rodionov,L,191,AUT,26.752,170,350,N732,,,Yoshihito Nishioka,L,170,JPN,30.385,131,486,5-7 6-1 6-0,3,RR,124,10,2,77,42,32,19,11,2,4,0,2,77,43,26,12,6,5,11
2026-M-DC-2026-QLS-M-ECU-AUS-01,Davis Cup QLS R1: ECU vs AUS,Clay,4,D,O,20260206,1,AG08,,,Andres Andrade,R,180,ECU,27.17,257,211,D994,,,James Duckworth,R,183,AUS,34.067,86,694,3-6 6-3 7-5,3,RR,126,14,6,85,43,36,22,13,6,8,5,1,86,49,36,21,12,2,5
2026-M-DC-2026-QLS-M-ECU-AUS-01,Davis Cup QLS R1: ECU vs AUS,Clay,4,D,O,20260206,2,G0DH,,,Alvaro Guillen Meza,R,175,ECU,23.118,201,298,H0BH,,,Rinky Hijikata,R,178,AUS,24.975,103,584,6-4 1-6 6-4,3,RR,119,7,8,85,46,35,15,10,6,9,3,1,97,57,37,21,11,9,12
2026-M-DC-2026-QLS-M-ECU-AUS-01,Davis Cup QLS R1: ECU vs AUS,Clay,4,D,O,20260206,3,KB95,,,Jason Kubler,R,178,AUS,32.742,179,339,C0S3,,,Emilio Camacho,,,ECU,16.772,,,6-4 6-2,3,,70,3,3,51,36,30,6,8,1,2,0,2,52,32,21,7,5,5,9
2026-M-DC-2026-WG1-PO-GRE-MEX-01,Davis Cup WG1 PO: GRE vs MEX,Hard,4,D,O,20260206,1,P0J1,,,Rodrigo Pacheco Mendez,L,191,MEX,20.808,222,256,S0KT,,,Stefanos Sakellaridis,R,198,GRE,21.421,275,193,6-2 4-6 6-3,3,RR,136,5,5,85,44,30,22,,5,8,5,6,86,41,23,23,,9,15
2026-M-DC-2026-WG1-PO-GRE-MEX-01,Davis Cup WG1 PO: GRE vs MEX,Hard,4,D,O,20260206,2,TE51,,,Stefanos Tsitsipas,R,193,GRE,27.51,33,1495,M0HD,,,Alan Magadan,R,183,MEX,24.723,818,32,6-3 7-6(1),3,RR,90,11,3,70,37,32,18,11,3,4,4,3,62,34,26,14,10,4,6
2026-M-DC-2026-WG1-PO-GRE-MEX-01,Davis Cup WG1 PO: GRE vs MEX,Hard,4,D,O,20260206,3,TE51,,,Stefanos Tsitsipas,R,193,GRE,27.51,33,1495,P0J1,,,Rodrigo Pacheco Mendez,L,191,MEX,20.808,222,256,6-1 7-5,3,RR,73,3,2,52,27,25,14,10,0,1,2,2,66,46,27,7,9,4,8
2026-M-DC-2026-QLS-M-HUN-USA-01,Davis Cup QLS R1: HUN vs USA,Clay,4,D,I,20260206,1,Q02L,,,Ethan Quinn,R,191,USA,21.927,68,820,M0CI,,,Fabian Marozsan,R,193,HUN,26.355,46,1065,3-6 6-3 7-6(11),3,RR,145,8,0,111,73,51,26,14,10,11,5,0,104,75,53,18,14,3,4
2026-M-DC-2026-QLS-M-HUN-USA-01,Davis Cup QLS R1: HUN vs USA,Clay,4,D,I,20260206,2,PL56,,,Tommy Paul,R,185,USA,28.747,22,1850,P09O,,,Zsombor Piros,R,180,HUN,26.341,176,341,7-6(3) 6-3,3,RR,113,2,3,76,40,25,18,7,2,5,7,1,70,42,34,16,9,4,6
2026-M-DC-2026-QLS-M-HUN-USA-01,Davis Cup QLS R1: HUN vs USA,Clay,4,D,I,20260206,3,N0AM,,,Emilio Nava,R,185,USA,24.203,82,710,F09U,,,Matyas Fuele,R,180,HUN,27.151,781,35,6-2 6-3,3,RR,68,6,0,50,33,28,8,8,4,5,0,3,58,38,20,9,4,7,11
2026-M-DC-2026-QLS-M-BUL-BEL-01,Davis Cup QLS R1: BUL vs BEL,Clay,4,D,I,20260206,1,B0PG,,,Alexander Blockx,R,193,BEL,20.854,105,579,R0IL,,,Iliyan Radulov,R,187,BUL,20.679,663,51,6-7(3) 6-3 6-3,3,RR,126,10,1,69,51,46,11,12,3,5,0,4,91,64,42,13,9,2,8
2026-M-DC-2026-QLS-M-BUL-BEL-01,Davis Cup QLS R1: BUL vs BEL,Clay,4,D,I,20260206,2,C0JP,,,Raphael Collignon,R,191,BEL,24.088,72,777,V0GR,,,Alexander Vasilev,L,185,BUL,18.757,1025,15,6-3 6-3,3,RR,96,5,7,58,36,25,14,8,5,6,2,11,71,38,25,10,5,10,14
2026-M-DC-2026-QLS-M-BUL-BEL-01,Davis Cup QLS R1: BUL vs BEL,Clay,4,D,I,20260206,3,C0JP,,,Raphael Collignon,R,191,BEL,24.088,72,777,I0BF,,,Ivan Ivanov,R,,BUL,17.292,780,35,6-2 6-2,3,RR,70,3,3,45,25,24,10,8,2,2,0,3,40,27,14,7,4,2,6
2026-M-DC-2026-WG1-PO-LUX-UKR-01,Davis Cup WG1 PO: LUX vs UKR,Hard,4,D,I,20260206,1,KJ00,,,Alex Knaff,R,193,LUX,28.219,687,48,O659,,,Vladyslav Orlov,R,188,UKR,30.749,499,84,7-6(2) 6-2,3,RR,93,3,0,51,31,26,16,10,0,1,4,7,76,42,29,14,10,3,6
2026-M-DC-2026-WG1-PO-LUX-UKR-01,Davis Cup WG1 PO: LUX vs UKR,Hard,4,D,I,20260206,2,R0E0,,,Chris Rodesch,R,198,LUX,24.578,138,456,K0DP,,,Oleksii Krutykh,R,185,UKR,25.933,569,67,6-3 6-1,3,RR,68,11,1,46,30,23,11,,2,2,0,2,56,37,20,8,,8,12
2026-M-DC-2026-WG1-PO-LUX-UKR-01,Davis Cup WG1 PO: LUX vs UKR,Hard,4,D,I,20260206,3,O0BE,,,Oleksandr Ovcharenko,R,185,UKR,24.329,498,84,CN80,,,Raphael Calzi,R,180,LUX,28.583,,,6-4 6-4,3,RR,77,4,8,63,36,31,9,10,2,3,8,2,57,32,23,12,10,6,9
2026-M-DC-2026-QLS-M-CZE-SWE-01,Davis Cup QLS R1: CZE vs SWE,Hard,4,D,I,20260206,1,S0GD,,,Dalibor Svrcina,R,178,CZE,23.37,96,643,W0BU,,,Olle Wallin,R,191,SWE,24.315,408,116,6-1 6-3,3,RR,73,4,3,52,34,24,12,7,4,5,5,5,53,27,19,4,3,6,11
2026-M-DC-2026-QLS-M-CZE-SWE-01,Davis Cup QLS R1: CZE vs SWE,Hard,4,D,I,20260206,2,L0BV,,,Jiri Lehecka,R,185,CZE,24.268,21,1900,MW54,,,Dragos Nicolae Madaras,L,191,SWE,28.424,576,65,6-3 6-4,3,RR,85,7,3,55,32,29,6,10,0,0,2,1,50,26,17,9,7,0,2
2026-M-DC-2026-QLS-M-CZE-SWE-01,Davis Cup QLS R1: CZE vs SWE,Hard,4,D,I,20260206,3,W0BU,,,Olle Wallin,R,191,SWE,24.315,408,116,M0SE,,,Maxim Mrva,R,178,CZE,18.538,324,156,6-4 7-6(1),3,RR,83,3,4,73,40,29,16,8,4,7,11,4,73,41,26,15,7,3,7
2026-M-DC-2026-QLS-M-IND-NED-01,Davis Cup QLS R1: IND vs NED,Hard,4,D,I,20260206,1,S0DE,,,Dhakshineswar Suresh,R,196,IND,25.881,465,94,D0C1,,,Jesper de Jong,R,180,NED,25.708,88,673,6-4 7-5,3,RR,88,9,3,62,34,28,18,11,1,1,7,5,62,36,30,12,9,5,7
2026-M-DC-2026-QLS-M-IND-NED-01,Davis Cup QLS R1: IND vs NED,Hard,4,D,I,20260206,2,D0H9,,,Guy Den Ouden,R,183,NED,23.855,162,371,N897,,,Sumit Nagal,R,178,IND,28.498,281,186,6-0 4-6 6-3,3,RR,147,2,4,89,52,35,23,11,7,9,1,2,87,56,35,13,7,6,11
2026-M-DC-2026-QLS-M-IND-NED-01,Davis Cup QLS R1: IND vs NED,Hard,4,D,I,20260206,3,S0DE,,,Dhakshineswar Suresh,R,196,IND,25.881,465,94,D0H9,,,Guy Den Ouden,R,183,NED,23.855,162,371,6-4 7-6(4),3,RR,99,15,1,70,48,41,11,11,0,0,5,3,75,51,41,9,10,3,4
2026-M-DC-2026-QLS-M-IND-NED-01,Davis Cup QLS R1: IND vs NED,Hard,4,D,I,20260206,4,D0C1,,,Jesper de Jong,R,180,NED,25.708,88,673,N897,,,Sumit Nagal,R,178,IND,28.498,281,186,5-7 6-1 6-4,3,RR,172,10,5,89,46,36,19,11,6,10,1,4,98,64,40,13,8,9,15
2026-M-DC-2026-QLS-M-FRA-SVK-01,Davis Cup QLS R1: FRA vs SVK,Hard,4,D,I,20260206,1,MV14,,,Alex Molcan,L,178,SVK,28.205,200,302,MP20,,,Alexandre Muller,R,183,FRA,29.035,49,1020,6-4 6-4,3,RR,46,4,0,57,43,31,12,8,2,3,5,1,50,35,23,10,7,0,3
2026-M-DC-2026-QLS-M-FRA-SVK-01,Davis Cup QLS R1: FRA vs SVK,Hard,4,D,I,20260206,3,RC91,,,Arthur Rinderknech,R,196,FRA,30.565,31,1542,GB93,,,Norbert Gombos,R,193,SVK,35.507,300,175,7-6(1) 7-6(6),3,RR,133,6,1,79,54,42,14,10,1,3,2,0,91,58,40,16,10,2,4
2026-M-DC-2026-QLS-M-FRA-SVK-01,Davis Cup QLS R1: FRA vs SVK,Hard,4,D,I,20260206,2,RC91,,,Arthur Rinderknech,R,196,FRA,30.565,31,1542,MV14,,,Alex Molcan,L,178,SVK,28.205,200,302,7-5 7-6(6),3,RR,118,16,1,79,62,49,8,11,5,6,5,1,80,64,45,8,10,0,2
2026-M-DC-2026-WG1-PO-MAR-COL-01,Davis Cup WG1 PO: MAR vs COL,Clay,4,D,O,20260206,1,M0AW,,,Nicolas Mejia,R,183,COL,26.01,177,341,B0D6,,,Taha Baadi,R,183,MAR,24.575,582,65,6-3 6-2,3,RR,78,1,0,54,36,26,13,9,0,0,0,2,42,22,14,10,8,0,3
2026-M-DC-2026-WG1-PO-MAR-COL-01,Davis Cup WG1 PO: MAR vs COL,Clay,4,D,O,20260206,2,B0PU,,,Reda Bennani,R,178,MAR,18.996,556,69,S0BT,,,Adria Soriano Barrera,R,191,COL,26.705,390,120,7-6(4) 7-5,3,RR,151,3,1,77,64,48,7,12,2,3,2,4,71,45,34,15,12,2,4
2026-M-DC-2026-WG1-PO-MAR-COL-01,Davis Cup WG1 PO: MAR vs COL,Clay,4,D,O,20260206,3,M0AW,,,Nicolas Mejia,R,183,COL,26.01,177,341,B0PU,,,Reda Bennani,R,178,MAR,18.996,556,69,6-1 4-6 6-2,3,RR,155,4,0,83,55,39,18,,6,8,2,2,96,71,41,10,,11,16
2026-M-DC-2026-WG1-PO-EGY-POL-01,Davis Cup WG1 PO: EGY vs POL,Clay,4,D,O,20260206,1,K0HC,,,Maks Kasnikowski,R,180,POL,22.612,416,113,B0LV,,,Michael Bassem Sobhy,R,,EGY,21.774,690,48,6-1 7-6(7),3,RR,92,2,0,63,47,33,9,10,3,5,2,2,55,32,21,9,9,0,4
2026-M-DC-2026-WG1-PO-EGY-POL-01,Davis Cup WG1 PO: EGY vs POL,Clay,4,D,O,20260206,2,F0HN,,,Karol Filar,R,188,POL,27.460,624,57,Z0BL,,,Faris Zakaria,R,183,EGY,24.761,530,76,6-2 6-0,3,RR,69,1,4,45,28,18,8,7,1,3,1,7,44,22,8,5,7,3,10
2026-M-DC-2026-WG1-PO-EGY-POL-01,Davis Cup WG1 PO: EGY vs POL,Clay,4,D,O,20260206,3,P0FU,,,Filip Pieczonka,L,196,POL,21.851,1066,13,I0B3,,,Karim Ibrahim,R,188,EGY,22.525,1045,15,7-5 6-2,3,RR,67,3,4,51,40,34,8,10,3,4,0,3,57,27,13,20,10,5,9
2026-M-DC-2026-WG1-PO-FIN-HKG-01,Davis Cup WG1 PO: FIN vs HKG,Hard,4,D,O,20260206,1,W0BH,,,Coleman Wong,R,191,HKG,21.692,136,466,V993,,,Eero Vasa,R,185,FIN,29.035,476,91,6-4 6-2,3,RR,59,7,2,48,27,25,13,,3,3,4,5,51,27,19,12,,2,5
2026-M-DC-2026-WG1-PO-FIN-HKG-01,Davis Cup WG1 PO: FIN vs HKG,Hard,4,D,O,20260206,2,V0AM,,,Otto Virtanen,R,193,FIN,24.652,116,513,C0RT,,,Siu Chi Nicholas Cheng,,,HKG,17.879,262,205,6-0 6-1,3,RR,42,9,0,33,18,15,10,6,0,0,0,4,37,21,9,3,7,3,9
2026-M-DC-2026-WG1-PO-FIN-HKG-01,Davis Cup WG1 PO: FIN vs HKG,Hard,4,D,O,20260206,3,V0AM,,,Otto Virtanen,R,193,FIN,24.652,116,513,W0BH,,,Coleman Wong,R,191,HKG,21.692,136,466,7-5 6-2,3,RR,78,11,3,67,40,31,14,,4,5,9,4,68,41,23,11,,6,10
2026-M-DC-2026-QLS-M-KOR-ARG-01,Davis Cup QLS R1: KOR vs ARG,Hard,4,D,I,20260206,1,KF17,,,Soonwoo Kwon,R,180,KOR,28.203,343,142,TA29,,,Marco Trungelliti,R,178,ARG,36.038,134,472,7-6(6) 6-2,3,RR,94,8,1,72,49,39,8,9,2,3,6,3,61,38,26,10,7,0,3
2026-M-DC-2026-QLS-M-KOR-ARG-01,Davis Cup QLS R1: KOR vs ARG,Hard,4,D,I,20260206,2,T0A1,,,Thiago Agustin Tirante,R,185,ARG,24.849,95,647,CH27,,,Hyeon Chung,R,188,KOR,29.741,392,120,2-6 7-5 7-6(5),3,RR,172,12,5,0,94,59,40,22,12,3,7,124,79,59,18,13,4,7,7
2026-M-DC-2026-QLS-M-KOR-ARG-01,Davis Cup QLS R1: KOR vs ARG,Hard,4,D,I,20260206,3,KF17,,,Soonwoo Kwon,R,180,KOR,28.203,343,142,T0A1,,,Thiago Agustin Tirante,R,185,ARG,24.849,95,647,6-4 4-6 6-3,3,RR,126,11,3,80,49,39,15,11,5,8,8,1,91,46,32,22,10,1,6
2026-M-DC-2026-QLS-M-KOR-ARG-01,Davis Cup QLS R1: KOR vs ARG,Hard,4,D,I,20260206,4,CH27,,,Hyeon Chung,R,188,KOR,29.741,392,120,TA29,,,Marco Trungelliti,R,178,ARG,36.038,134,472,6-4 6-3,3,RR,89,0,1,53,31,23,15,9,0,1,2,3,59,34,26,9,6,2,5
2026-M-DC-2026-WG1-PO-TPE-LBN-01,Davis Cup WG1 PO: TPE vs LBN,Hard,4,D,O,20260206,1,W857,,,Tung-Lin Wu,R,188,TPE,27.762,373,127,HF80,,,Hady Habib,R,188,LBN,27.485,341,143,6-3 6-2,3,RR,64,10,1,45,36,32,5,,3,3,11,4,68,42,28,9,,6,9
2026-M-DC-2026-WG1-PO-TPE-LBN-01,Davis Cup WG1 PO: TPE vs LBN,Hard,4,D,O,20260206,2,HG94,,,Benjamin Hassan,R,183,LBN,31.028,259,208,H0B5,,,Tsung-Hao Huang,R,173,TPE,26.231,490,87,6-4 6-4,3,RR,146,2,0,62,30,21,18,,4,6,5,2,80,52,30,13,,3,7
2026-M-DC-2026-WG1-PO-TPE-LBN-01,Davis Cup WG1 PO: TPE vs LBN,Hard,4,D,O,20260206,3,W857,,,Tung-Lin Wu,R,188,TPE,27.762,373,127,HG94,,,Benjamin Hassan,R,183,LBN,31.028,259,208,6-3 6-4,3,RR,59,3,1,46,41,36,4,10,0,0,3,2,52,45,29,2,9,2,4
2026-M-DC-2026-WG1-PO-NZL-BIH-01,Davis Cup WG1 PO: NZL vs BIH,Hard,4,D,O,20260206,1,BE67,,,Mirza Basic,R,188,BIH,34.595,491,86,W0ED,,,James Watt,R,206,NZL,25.684,650,53,6-2 7-6(5),3,RR,75,3,3,58,22,20,24,,0,0,11,3,61,42,31,8,,2,4
2026-M-DC-2026-WG1-PO-NZL-BIH-01,Davis Cup WG1 PO: NZL vs BIH,Hard,4,D,O,20260206,2,N0DB,,,Andrej Nedic,R,185,BIH,21.331,285,184,S0NT,,,Anton Shepp,R,185,NZL,23.293,906,23,6-4 4-6 7-5,3,RR,167,3,4,105,69,50,20,,7,9,12,7,127,77,51,25,,13,16
2026-M-DC-2026-WG1-PO-NZL-BIH-01,Davis Cup WG1 PO: NZL vs BIH,Hard,4,D,O,20260206,3,S0NT,,,Anton Shepp,R,185,NZL,23.293,906,23,BE67,,,Mirza Basic,R,188,BIH,34.595,491,86,6-2 6-4,3,RR,70,10,5,57,32,24,14,,5,6,4,1,65,46,26,10,,7,11
2026-M-DC-2026-WG1-PO-NZL-BIH-01,Davis Cup WG1 PO: NZL vs BIH,Hard,4,D,O,20260206,4,W0ED,,,James Watt,R,206,NZL,25.684,650,53,N0DB,,,Andrej Nedic,R,185,BIH,21.331,285,184,6-3 7-6(4),3,RR,105,15,0,74,52,35,11,11,4,7,1,1,75,51,30,11,10,8,12
2026-407,Rotterdam,Hard,32,500,I,20260209,1,V812,,,Botic van de Zandschulp,R,191,NED,30.352,65,849,P0AY,,,Luka Pavlovic,R,196,FRA,25.864,219,262,7-6(5) 6-3,3,R32,95,6,6,67,40,32,13,11,4,6,8,1,76,37,28,13,10,6,9
2026-407,Rotterdam,Hard,32,500,I,20260209,2,HH26,,,Ugo Humbert,L,188,FRA,27.625,36,1335,MM58,4,,Daniil Medvedev,R,198,RUS,29.996,11,3060,7-6(4) 3-6 6-3,3,R32,142,4,2,98,63,43,24,15,7,8,6,9,102,60,50,18,15,4,5
2026-407,Rotterdam,Hard,32,500,I,20260209,3,N771,6,,Cameron Norrie,L,188,GBR,30.467,26,1603,BD06,,,Roberto Bautista Agut,R,183,ESP,37.823,85,685,7-6(3) 6-1,3,R32,114,9,3,88,49,38,18,10,7,9,2,0,63,41,25,9,9,2,6
2026-407,Rotterdam,Hard,32,500,I,20260209,4,O483,,,Christopher O'Connell,R,183,AUS,31.688,119,511,R0EB,,,Valentin Royer,R,188,FRA,24.701,57,897,6-4 4-6 7-6(4),3,R32,172,10,3,102,62,47,19,16,4,7,7,3,125,79,54,20,16,8,11
2026-424,Dallas,Hard,32,500,I,20260209,1,N0AE,,,Brandon Nakashima,R,188,USA,24.52,29,1535,B0GG,,,Mattia Bellucci,L,175,ITA,24.693,107,553,6-3 6-4,3,R32,68,11,0,44,36,35,5,10,0,0,6,2,53,34,25,9,9,4,6
2026-506,Buenos Aires,Clay,28,250,O,20260209,1,MO44,,,Pedro Martinez,R,185,ESP,28.791,94,636,M0OH,,,Lautaro Midon,R,180,ARG,21.867,229,245,6-4 6-1,3,R32,95,1,3,54,37,30,5,8,4,5,3,1,66,37,20,13,9,6,11
2026-506,Buenos Aires,Clay,28,250,O,20260209,2,DA31,,,Hugo Dellien,R,180,BOL,32.652,167,355,D923,,,Damir Dzumhur,R,175,BIH,33.725,62,877,6-4 6-1,3,R32,74,2,1,51,42,32,6,9,2,2,1,2,49,37,23,5,8,2,5
2026-407,Rotterdam,Hard,32,500,I,20260210,5,MU94,,,Jaume Munar,R,183,ESP,28.769,37,1185,B0U4,,,Nicolai Budkov Kjaer,R,191,NOR,19.444,132,476,6-1 6-3,3,R32,71,4,2,44,25,20,14,8,2,2,4,1,46,33,18,6,8,2,6
2026-424,Dallas,Hard,32,500,I,20260210,2,K0AH,,,Sebastian Korda,R,196,USA,25.602,53,960,Z0BZ,,,Michael Zheng,R,188,USA,22.04,151,414,6-3 6-4,3,R32,67,9,1,51,30,29,12,10,1,1,3,1,60,46,30,8,9,6,8
2026-424,Dallas,Hard,32,500,I,20260210,3,DH50,3,,Alejandro Davidovich Fokina,R,180,ESP,26.686,14,2535,S0K7,,,Zachary Svajda,R,175,USA,23.201,110,551,6-4 7-6(1),3,R32,94,6,0,71,51,37,13,11,3,4,10,0,74,53,43,4,11,3,5
2026-424,Dallas,Hard,32,500,I,20260210,4,TD51,8,,Frances Tiafoe,R,188,USA,28.057,30,1510,A0GC,,,Terence Atmane,L,193,FRA,24.088,64,849,4-6 6-2 6-2,3,R32,108,3,1,77,43,32,19,13,3,5,12,3,74,45,32,10,13,2,7
2026-506,Buenos Aires,Clay,28,250,O,20260210,4,EA24,7,,Tomas Martin Etcheverry,R,196,ARG,26.568,54,945,PH64,,,Andrea Pellegrino,R,185,ITA,28.887,145,434,6-3 6-4,3,R32,98,7,1,61,34,29,13,10,1,1,4,2,55,36,26,9,9,3,5
2026-506,Buenos Aires,Clay,28,250,O,20260210,5,KI82,,,Vit Kopriva,R,178,CZE,28.657,95,632,B0GY,,,Alex Barrena,R,175,ARG,23.337,180,336,6-4 3-6 6-4,3,R32,147,4,5,86,57,39,12,14,3,7,4,4,109,68,43,17,15,6,11
2026-407,Rotterdam,Hard,32,500,I,20260210,6,DH58,1,,Alex de Minaur,R,183,AUS,26.981,8,3835,F0F1,,,Arthur Fils,R,185,FRA,21.665,42,1110,7-6(3) 6-2,3,R32,92,2,1,57,37,28,16,10,1,2,4,3,70,47,29,11,10,2,5
2026-407,Rotterdam,Hard,32,500,I,20260210,7,GJ37,7,,Tallon Griekspoor,R,188,NED,29.61,27,1585,M0GZ,,,Giovanni Mpetshi Perricard,R,203,FRA,22.595,56,905,6-4 6-4,3,R32,72,10,0,63,39,32,16,10,6,6,7,3,54,38,31,5,10,2,4
2026-407,Rotterdam,Hard,32,500,I,20260210,8,HB64,,,Quentin Halys,R,191,FRA,29.292,77,725,R0KD,,,Mees Rottgering,L,180,NED,18.598,614,59,3-6 6-1 6-1,3,R32,113,11,3,76,47,38,10,12,5,7,2,3,92,49,24,22,11,8,13
2026-407,Rotterdam,Hard,32,500,I,20260210,9,SL28,,,Jan-Lennard Struff,R,193,GER,35.797,82,706,GF95,,,Hugo Grenier,R,196,FRA,29.886,188,323,6-0 6-4,3,R32,64,3,1,45,23,19,14,8,1,2,1,3,50,25,17,6,8,7,12
2026-424,Dallas,Hard,32,500,I,20260210,5,KI95,,,Miomir Kecmanovic,R,183,SRB,26.448,66,820,SY67,,,Sho Shimabukuro,R,180,JPN,28.534,144,441,6-7(3) 6-3 7-6(3),3,R32,124,6,1,94,64,49,24,17,1,2,13,1,99,59,49,23,16,1,3
2026-424,Dallas,Hard,32,500,I,20260210,6,C977,,,Marin Cilic,R,198,CRO,37.369,61,890,T0HA,6,,Learner Tien,L,180,USA,20.192,23,1710,7-5 7-6(4),3,R32,110,9,3,82,47,41,14,12,2,4,9,6,75,42,32,13,12,1,4
2026-506,Buenos Aires,Clay,28,250,O,20260210,6,B0FV,,,Roman Andres Burruchaga,R,183,ARG,24.049,104,568,DB63,,,Laslo Djere,R,188,SRB,30.694,91,651,6-2 6-4,3,R32,79,2,1,46,31,27,10,9,1,1,3,3,61,37,23,11,9,6,9
2026-506,Buenos Aires,Clay,28,250,O,20260210,7,C0C8,,,Juan Manuel Cerundolo,L,183,ARG,24.238,80,717,AE14,5,,Daniel Altmaier,R,188,GER,27.414,51,995,6-2 6-2,3,R32,87,0,0,51,40,31,5,8,1,1,2,4,54,37,21,6,8,6,10
2026-506,Buenos Aires,Clay,28,250,O,20260210,8,BS86,,,Tomas Barrios Vera,R,191,CHI,28.17,114,546,SX91,,,Thiago Seyboth Wild,R,185,BRA,25.922,197,305,4-6 6-5 RET,3,R32,123,4,1,58,37,24,11,11,3,7,8,3,75,49,29,14,10,7,10
2026-506,Buenos Aires,Clay,28,250,O,20260210,9,TE30,,,Alejandro Tabilo,L,188,CHI,28.693,71,774,D0CG,,,Facundo Diaz Acosta,L,183,ARG,25.155,285,182,7-6(5) 6-3,3,R32,110,2,1,71,49,37,13,11,2,2,6,2,62,41,29,13,10,0,1
2026-407,Rotterdam,Hard,32,500,I,20260211,10,M0JF,,,Hamad Medjedovic,R,188,SRB,22.571,79,717,BU13,,,Zizou Bergs,R,185,BEL,26.694,39,1170,7-6(5) 7-6(5),3,R32,139,8,6,96,60,41,19,12,7,10,10,4,97,50,31,28,12,5,8
2026-424,Dallas,Hard,32,500,I,20260211,7,SU55,7,,Denis Shapovalov,L,185,CAN,26.828,40,1160,J0DZ,,,Rafael Jodar,R,191,ESP,19.403,124,498,6-1 6-2,3,R32,69,7,3,44,22,16,15,7,5,6,1,1,59,36,17,7,8,4,10
2026-424,Dallas,Hard,32,500,I,20260211,8,FB98,1,,Taylor Fritz,R,196,USA,28.29,7,3940,GC88,,,Marcos Giron,R,180,USA,32.553,59,895,6-4 5-7 7-6(1),3,R32,146,21,1,99,70,57,14,17,3,5,9,2,113,74,52,21,17,8,10
2026-424,Dallas,Hard,32,500,I,20260211,9,S0S1,2,,Ben Shelton,L,193,USA,23.343,9,3560,D0F6,,,Gabriel Diallo,R,203,CAN,24.383,38,1175,6-4 6-4,3,R32,97,13,3,59,34,28,16,10,3,3,6,3,56,36,29,7,10,1,3
2026-424,Dallas,Hard,32,500,I,20260211,10,P0HT,,,Jack Pinnington Jones,R,180,GBR,22.872,181,331,C0E9,4,,Flavio Cobolli,R,183,ITA,23.77,20,1955,6-2 6-2,3,R32,53,11,2,38,28,25,7,8,0,0,4,2,42,22,13,8,8,1,5
2026-424,Dallas,Hard,32,500,I,20260211,11,K0AZ,,,Aleksandar Kovacevic,R,183,USA,27.455,78,721,K0A3,,,Patrick Kypson,R,188,USA,26.292,109,552,6-4 7-6(1),3,R32,84,24,2,57,36,34,14,11,0,0,7,1,70,50,36,12,11,5,6
2026-424,Dallas,Hard,32,500,I,20260211,12,M0QI,,,Alex Michelsen,R,193,USA,21.465,41,1160,D875,,,Grigor Dimitrov,R,191,BUL,34.743,43,1105,5-7 6-4 6-4,3,R32,125,16,4,92,71,54,12,16,4,5,14,5,89,53,44,17,16,1,3
2026-506,Buenos Aires,Clay,28,250,O,20260211,10,U182,6,,Camilo Ugo Carabelli,R,185,ARG,26.656,47,1028,C0DF,,,Francisco Comesana,R,178,ARG,25.35,63,869,6-4 7-6(3),3,R32,125,1,2,82,56,35,14,11,5,7,2,4,65,46,31,8,11,1,4
2026-506,Buenos Aires,Clay,28,250,O,20260211,11,BK40,8,,Matteo Berrettini,R,196,ITA,29.834,58,895,CE77,,,Federico Coria,R,180,ARG,33.927,322,156,7-5 7-5,3,R32,134,4,2,66,46,36,12,12,1,2,1,1,103,68,37,19,12,8,11
2026-506,Buenos Aires,Clay,28,250,O,20260211,12,B0ID,,,Ignacio Buse,R,183,PER,21.884,96,623,P0CT,,,Francesco Passaro,R,180,ITA,25.095,159,376,5-7 7-5 6-4,3,R32,154,4,2,103,63,48,18,17,3,6,1,3,102,61,40,25,17,6,10
2026-407,Rotterdam,Hard,32,500,I,20260211,11,W367,,,Stan Wawrinka,R,183,SUI,40.876,106,562,B0T6,,,Thijs Boogaard,R,183,NED,17.605,1048,17,6-3 6-4,3,R32,82,9,2,65,31,28,19,10,3,3,1,3,56,35,25,11,9,4,6
2026-407,Rotterdam,Hard,32,500,I,20260211,12,O483,,,Christopher O'Connell,R,183,AUS,31.693,119,511,N771,6,,Cameron Norrie,L,188,GBR,30.472,26,1603,7-6(9) 6-4,3,R16,117,12,1,84,49,31,23,11,1,2,6,2,80,52,39,11,11,2,4
2026-407,Rotterdam,Hard,32,500,I,20260211,13,BK92,3,,Alexander Bublik,R,196,KAZ,28.654,10,3235,HB71,,,Hubert Hurkacz,R,196,POL,28.999,70,775,6-7(2) 7-6(1) 7-5,3,R32,142,13,4,119,74,60,22,18,5,6,25,9,107,56,51,23,18,1,3
2026-407,Rotterdam,Hard,32,500,I,20260211,14,KE29,5,,Karen Khachanov,R,198,RUS,29.728,18,2320,D0C1,,,Jesper de Jong,R,180,NED,25.7,86,673,3-6 6-4 7-5,3,R32,143,10,2,87,54,41,20,15,4,6,7,3,103,52,37,27,16,4,7
2026-407,Rotterdam,Hard,32,500,I,20260211,15,TE51,,,Stefanos Tsitsipas,R,193,GRE,27.502,32,1445,RC91,8,,Arthur Rinderknech,R,196,FRA,30.557,28,1542,7-5 6-3,3,R32,81,2,4,57,36,31,14,11,1,1,4,5,60,37,32,7,10,3,5
2026-506,Buenos Aires,Clay,28,250,O,20260211,13,N0BS,,,Mariano Navone,R,178,ARG,24.956,73,760,N0AM,,,Emilio Nava,R,185,USA,24.194,81,710,6-2 6-1,3,R32,63,1,1,43,27,23,7,7,2,2,1,2,44,28,14,4,8,1,6
2026-407,Rotterdam,Hard,32,500,I,20260211,16,D0H9,,,Guy Den Ouden,R,183,NED,23.847,169,355,F724,,,Marton Fucsovics,R,188,HUN,34.01,49,1009,7-6(5) 6-1,3,R32,111,2,3,92,53,34,22,10,11,12,2,4,62,35,22,15,9,1,4
2026-407,Rotterdam,Hard,32,500,I,20260212,17,GJ37,7,,Tallon Griekspoor,R,188,NED,29.615,27,1585,HB64,,,Quentin Halys,R,191,FRA,29.298,77,725,7-5 7-6(11),3,R16,121,16,0,70,50,43,15,12,0,0,20,4,108,73,59,10,12,7,8
2026-407,Rotterdam,Hard,32,500,I,20260212,18,AG37,2,,Felix Auger-Aliassime,R,193,CAN,25.514,6,3950,P09Z,,,Alexei Popyrin,R,196,AUS,26.524,50,1000,7-5 6-3,3,R32,92,8,3,61,41,34,11,11,2,2,6,1,57,39,26,11,10,1,3
2026-424,Dallas,Hard,32,500,I,20260212,13,K0AH,,,Sebastian Korda,R,196,USA,25.607,53,960,TD51,8,,Frances Tiafoe,R,188,USA,28.063,30,1510,7-5 6-1,3,R16,68,8,1,50,34,30,8,10,1,2,8,1,49,32,22,6,9,3,7
2026-424,Dallas,Hard,32,500,I,20260212,14,FB98,1,,Taylor Fritz,R,196,USA,28.293,7,3940,N0AE,,,Brandon Nakashima,R,188,USA,24.528,29,1535,6-3 6-4,3,R16,69,15,3,54,41,34,8,10,3,3,5,0,50,34,22,10,9,0,2
2026-424,Dallas,Hard,32,500,I,20260212,15,DH50,3,,Alejandro Davidovich Fokina,R,180,ESP,26.691,14,2535,M0QI,,,Alex Michelsen,R,193,USA,21.467,41,1160,6-4 6-4,3,R16,78,7,0,68,52,40,7,10,1,1,7,1,59,42,31,7,10,1,3
2026-424,Dallas,Hard,32,500,I,20260212,16,PL56,5,,Tommy Paul,R,185,USA,28.742,24,1700,B0CD,,,Jenson Brooksby,R,193,USA,25.298,45,1042,4-6 6-4 7-6(4),3,R32,142,10,1,90,54,46,22,16,1,2,3,1,100,59,45,23,16,3,4
2026-424,Dallas,Hard,32,500,I,20260212,17,ME82,,,Adrian Mannarino,L,180,FRA,37.624,52,975,W09E,,,Adam Walton,R,183,AUS,26.825,93,643,6-4 6-2,3,R32,84,5,0,56,35,24,12,9,7,9,4,0,53,29,14,12,9,1,6
2026-424,Dallas,Hard,32,500,I,20260212,18,Q02L,,,Ethan Quinn,R,191,USA,21.922,74,758,S0VM,,,Trevor Svajda,R,175,USA,19.817,363,131,7-6(3) 7-5,3,R32,106,8,3,72,47,41,9,12,2,3,6,1,78,44,34,15,12,4,6
2026-424,Dallas,Hard,32,500,I,20260212,19,S0JA,,,Eliot Spizzirri,R,185,USA,24.14,68,781,D994,,,James Duckworth,R,183,AUS,34.062,83,691,6-2 6-4,3,R32,79,8,0,45,32,28,8,9,0,0,5,1,76,49,27,14,9,5,8
2026-506,Buenos Aires,Clay,28,250,O,20260212,14,C0AU,1,,Francisco Cerundolo,R,185,ARG,27.502,19,2135,DA31,,,Hugo Dellien,R,180,BOL,32.66,167,355,6-0 7-6(6),3,R16,84,4,0,60,39,30,15,9,5,5,2,1,65,46,25,11,9,6,9
2026-506,Buenos Aires,Clay,28,250,O,20260212,15,TE30,,,Alejandro Tabilo,L,188,CHI,28.698,71,774,F0FV,3,,Joao Fonseca,R,188,BRA,19.48,33,1440,6-3 3-6 7-5,3,R16,144,5,1,84,52,40,16,15,4,7,5,0,102,61,39,24,15,7,11
2026-506,Buenos Aires,Clay,28,250,O,20260212,16,EA24,7,,Tomas Martin Etcheverry,R,196,ARG,26.574,54,945,B0FV,,,Roman Andres Burruchaga,R,183,ARG,24.055,104,568,7-6(5) 6-7(3) 6-4,3,R16,217,6,3,122,81,55,19,17,6,10,4,5,121,81,53,21,17,8,13
2026-506,Buenos Aires,Clay,28,250,O,20260212,17,KI82,,,Vit Kopriva,R,178,CZE,28.663,95,632,BK40,8,,Matteo Berrettini,R,196,ITA,29.837,58,895,6-4 6-3,3,R16,94,0,0,56,35,27,14,10,2,2,4,0,69,43,29,13,9,6,8
2026-407,Rotterdam,Hard,32,500,I,20260212,19,DH58,1,,Alex de Minaur,R,183,AUS,26.987,8,3835,W367,,,Stan Wawrinka,R,183,SUI,40.879,106,562,6-4 6-2,3,R16,69,3,0,43,29,22,10,9,0,1,3,4,57,26,15,15,9,2,6
2026-407,Rotterdam,Hard,32,500,I,20260212,20,MU94,,,Jaume Munar,R,183,ESP,28.775,37,1185,KE29,5,,Karen Khachanov,R,198,RUS,29.73,18,2320,7-6(8) 3-6 6-3,3,R16,152,4,3,87,49,43,23,15,0,1,7,0,104,66,51,22,15,4,5
2026-407,Rotterdam,Hard,32,500,I,20260212,21,HH26,,,Ugo Humbert,L,188,FRA,27.633,36,1335,D0H9,,,Guy Den Ouden,R,183,NED,23.849,169,355,6-4 6-3,3,R16,80,3,2,56,30,19,18,10,2,4,0,2,53,30,16,12,9,0,4
2026-407,Rotterdam,Hard,32,500,I,20260212,22,V812,,,Botic van de Zandschulp,R,191,NED,30.36,65,849,TE51,,,Stefanos Tsitsipas,R,193,GRE,27.504,32,1445,6-4 7-6(4),3,R16,109,4,4,76,50,39,14,11,5,6,8,4,85,53,35,15,11,3,5
2026-506,Buenos Aires,Clay,28,250,O,20260212,18,D0FJ,2,,Luciano Darderi,R,183,ITA,23.995,22,1789,BS86,,,Tomas Barrios Vera,R,191,CHI,28.175,114,546,6-1 6-3,3,R16,82,6,4,49,22,21,13,8,3,4,0,1,55,34,16,6,8,4,9
2026-407,Rotterdam,Hard,32,500,I,20260213,23,BK92,3,,Alexander Bublik,R,196,KAZ,28.66,10,3235,SL28,,,Jan-Lennard Struff,R,193,GER,35.806,82,706,7-6(2) 4-6 6-3,3,R16,125,13,7,112,54,41,33,16,5,7,9,2,90,57,46,16,15,7,9
2026-407,Rotterdam,Hard,32,500,I,20260213,24,AG37,2,,Felix Auger-Aliassime,R,193,CAN,25.517,6,3950,M0JF,,,Hamad Medjedovic,R,188,SRB,22.576,79,717,6-4 6-4,3,R16,90,9,1,56,36,30,11,10,1,1,5,1,66,40,28,14,10,2,4
2026-424,Dallas,Hard,32,500,I,20260213,20,S0S1,2,,Ben Shelton,L,193,USA,23.348,9,3560,ME82,,,Adrian Mannarino,L,180,FRA,37.626,52,975,7-6(2) 6-7(4) 6-3,3,R16,160,23,1,108,77,59,16,17,6,8,12,4,107,63,47,21,16,3,6
2026-424,Dallas,Hard,32,500,I,20260213,21,SU55,7,,Denis Shapovalov,L,185,CAN,26.834,40,1160,K0AZ,,,Aleksandar Kovacevic,R,183,USA,27.461,78,721,6-4 6-4,3,R16,66,22,1,48,32,30,10,10,0,0,4,2,56,37,29,7,10,2,4
2026-424,Dallas,Hard,32,500,I,20260213,22,C977,,,Marin Cilic,R,198,CRO,37.377,61,890,Q02L,,,Ethan Quinn,R,191,USA,21.925,74,758,7-6(4) 6-3,3,R16,97,15,5,62,38,38,14,11,0,0,12,1,76,49,38,12,10,4,5
2026-424,Dallas,Hard,32,500,I,20260213,23,P0HT,,,Jack Pinnington Jones,R,180,GBR,22.877,181,331,S0JA,,,Eliot Spizzirri,R,185,USA,24.142,68,781,7-6(5) 4-6 7-6(4),3,R16,172,14,8,116,81,66,15,17,4,5,13,0,101,77,60,16,17,0,0
2026-506,Buenos Aires,Clay,28,250,O,20260213,19,U182,6,,Camilo Ugo Carabelli,R,185,ARG,26.661,47,1028,N0BS,,,Mariano Navone,R,178,ARG,24.961,73,760,6-2 7-5,3,R16,122,1,1,65,39,23,17,10,4,6,0,4,74,45,25,12,10,4,9
2026-506,Buenos Aires,Clay,28,250,O,20260213,20,B0BI,4,,Sebastian Baez,R,170,ARG,25.128,34,1420,B0ID,,,Ignacio Buse,R,183,PER,21.889,96,623,6-4 6-3,3,R16,83,1,1,49,31,23,12,9,1,2,2,0,62,41,21,13,10,4,8
2026-506,Buenos Aires,Clay,28,250,O,20260213,21,MO44,,,Pedro Martinez,R,185,ESP,28.802,94,636,C0C8,,,Juan Manuel Cerundolo,L,183,ARG,24.246,80,717,7-6(5) 6-4,3,R16,123,0,3,72,53,37,6,11,3,6,3,2,71,53,32,10,11,2,6
2026-407,Rotterdam,Hard,32,500,I,20260213,25,DH58,1,,Alex de Minaur,R,183,AUS,26.99,8,3835,V812,,,Botic van de Zandschulp,R,191,NED,30.363,65,849,3-6 7-6(4) 7-5,3,QF,164,4,3,100,67,50,18,16,5,7,12,8,119,69,52,24,17,3,5
2026-407,Rotterdam,Hard,32,500,I,20260213,26,HH26,,,Ugo Humbert,L,188,FRA,27.636,36,1335,O483,,,Christopher O'Connell,R,183,AUS,31.699,119,511,6-4 6-1,3,QF,77,5,2,49,26,25,13,9,0,0,4,1,50,27,16,11,8,4,7
2026-424,Dallas,Hard,32,500,I,20260213,24,KI95,,,Miomir Kecmanovic,R,183,SRB,26.456,66,820,PL56,5,,Tommy Paul,R,185,USA,28.745,24,1700,5-7 6-4 6-4,3,R16,120,6,2,89,64,49,14,16,4,6,14,1,90,58,46,13,16,3,6
2026-506,Buenos Aires,Clay,28,250,O,20260213,22,EA24,7,,Tomas Martin Etcheverry,R,196,ARG,26.576,54,945,TE30,,,Alejandro Tabilo,L,188,CHI,28.701,71,774,1-6 6-3 6-4,3,QF,126,9,0,80,56,39,12,13,2,5,2,3,70,45,29,15,13,0,3
2026-407,Rotterdam,Hard,32,500,I,20260213,27,AG37,2,,Felix Auger-Aliassime,R,193,CAN,25.517,6,3950,GJ37,7,,Tallon Griekspoor,R,188,NED,29.618,27,1585,7-6(2) 6-2,3,QF,104,9,3,63,37,34,14,10,1,1,3,3,68,46,32,9,10,4,6
2026-424,Dallas,Hard,32,500,I,20260213,25,FB98,1,,Taylor Fritz,R,196,USA,28.296,7,3940,K0AH,,,Sebastian Korda,R,196,USA,25.61,53,960,6-7(2) 6-4 7-6(5),3,QF,149,22,3,116,86,69,12,17,4,4,12,0,103,69,57,19,17,1,2
2026-424,Dallas,Hard,32,500,I,20260213,26,C977,,,Marin Cilic,R,198,CRO,37.377,61,890,P0HT,,,Jack Pinnington Jones,R,180,GBR,22.877,181,331,6-1 6-4,3,QF,77,16,0,51,33,28,9,9,2,2,3,3,56,32,20,10,8,4,7
2026-506,Buenos Aires,Clay,28,250,O,20260213,23,C0AU,1,,Francisco Cerundolo,R,185,ARG,27.504,19,2135,KI82,,,Vit Kopriva,R,178,CZE,28.665,95,632,6-4 6-3,3,QF,97,3,2,62,38,28,10,10,3,6,2,4,67,42,26,6,9,7,12
2026-407,Rotterdam,Hard,32,500,I,20260214,28,BK92,3,,Alexander Bublik,R,196,KAZ,28.663,10,3235,MU94,,,Jaume Munar,R,183,ESP,28.78,37,1185,6-4 6-7(4) 7-6(3),3,QF,162,10,7,113,61,50,31,17,10,11,8,1,110,61,48,26,17,4,6
2026-424,Dallas,Hard,32,500,I,20260214,27,S0S1,2,,Ben Shelton,L,193,USA,23.351,9,3560,KI95,,,Miomir Kecmanovic,R,183,SRB,26.459,66,820,5-7 6-3 6-4,3,QF,118,14,7,90,64,59,8,16,1,2,7,2,85,51,44,16,15,3,5
2026-424,Dallas,Hard,32,500,I,20260214,28,SU55,7,,Denis Shapovalov,L,185,CAN,26.836,40,1160,DH50,3,,Alejandro Davidovich Fokina,R,180,ESP,26.697,14,2535,5-7 6-4 6-3,3,QF,117,17,2,89,54,41,21,16,2,3,2,3,86,63,48,12,15,5,7
2026-506,Buenos Aires,Clay,28,250,O,20260214,24,D0FJ,2,,Luciano Darderi,R,183,ITA,24,22,1789,MO44,,,Pedro Martinez,R,185,ESP,28.805,94,636,7-5 6-1,3,QF,91,9,3,64,37,34,11,10,4,4,0,3,56,40,26,5,9,1,4
2026-506,Buenos Aires,Clay,28,250,O,20260214,25,B0BI,4,,Sebastian Baez,R,170,ARG,25.131,34,1420,U182,6,,Camilo Ugo Carabelli,R,185,ARG,26.664,47,1028,7-6(5) 6-2,3,QF,119,1,1,67,46,32,15,10,5,7,2,4,94,56,37,14,10,9,13
2026-407,Rotterdam,Hard,32,500,I,20260214,29,DH58,1,,Alex de Minaur,R,183,AUS,26.992,8,3835,HH26,,,Ugo Humbert,L,188,FRA,27.639,36,1335,6-4 6-3,3,SF,92,1,2,76,51,34,14,9,10,10,0,2,52,29,20,15,10,1,4
2026-407,Rotterdam,Hard,32,500,I,20260215,30,AG37,2,,Felix Auger-Aliassime,R,193,CAN,25.522,6,3950,BK92,3,,Alexander Bublik,R,196,KAZ,28.665,10,3235,6-1 6-2,3,SF,54,7,3,40,28,27,6,8,0,0,4,1,44,30,16,5,7,2,6
2026-424,Dallas,Hard,32,500,I,20260215,29,FB98,1,,Taylor Fritz,R,196,USA,28.301,7,3940,C977,,,Marin Cilic,R,198,CRO,37.383,61,890,7-6(5) 7-6(3),3,SF,122,22,0,75,56,48,11,12,0,0,16,8,97,54,44,21,12,5,5
2026-424,Dallas,Hard,32,500,I,20260215,30,S0S1,2,,Ben Shelton,L,193,USA,23.354,9,3560,SU55,7,,Denis Shapovalov,L,185,CAN,26.839,40,1160,4-6 6-4 7-6(4),3,SF,156,8,4,113,81,59,18,16,10,11,4,2,109,68,50,25,16,5,6
2026-506,Buenos Aires,Clay,28,250,O,20260215,26,C0AU,1,,Francisco Cerundolo,R,185,ARG,27.51,19,2135,EA24,7,,Tomas Martin Etcheverry,R,196,ARG,26.582,54,945,6-3 7-5,3,SF,111,3,0,67,42,35,14,11,1,1,4,1,64,39,25,14,10,3,5
2026-506,Buenos Aires,Clay,28,250,O,20260215,27,D0FJ,2,,Luciano Darderi,R,183,ITA,24.003,22,1789,B0BI,4,,Sebastian Baez,R,170,ARG,25.133,34,1420,7-6(2) 6-1,3,SF,78,3,0,51,32,27,15,9,0,0,1,1,65,47,27,11,10,1,4
2026-407,Rotterdam,Hard,32,500,I,20260215,31,DH58,1,,Alex de Minaur,R,183,AUS,26.995,8,3835,AG37,2,,Felix Auger-Aliassime,R,193,CAN,25.522,6,3950,6-3 6-2,3,F,78,1,1,51,34,26,11,9,0,0,2,3,45,22,18,7,8,2,5
2026-424,Dallas,Hard,32,500,I,20260215,31,S0S1,2,,Ben Shelton,L,193,USA,23.357,9,3560,FB98,1,,Taylor Fritz,R,196,USA,28.304,7,3940,3-6 6-3 7-5,3,F,111,16,0,89,63,42,17,15,5,7,14,1,73,49,43,10,15,2,5
2026-506,Buenos Aires,Clay,28,250,O,20260215,28,C0AU,1,,Francisco Cerundolo,R,185,ARG,27.513,19,2135,D0FJ,2,,Luciano Darderi,R,183,ITA,24.005,22,1789,6-4 6-2,3,F,96,1,4,68,36,22,20,9,6,7,3,3,58,33,24,6,9,6,10
2026-451,Doha,Hard,32,500,O,20260216,1,R0EB,,,Valentin Royer,R,188,FRA,24.72,60,897,H996,,,Pierre-Hugues Herbert,R,188,FRA,34.919,190,313,6-0 6-3,3,R32,62,2,1,48,30,24,8,8,1,2,4,4,51,35,19,2,7,1,6
2026-451,Doha,Hard,32,500,O,20260216,2,P09Z,,,Alexei Popyrin,R,196,AUS,26.535,53,1000,AC39,,,Mubarak Shannan Zayid,R,,QAT,30.845,,,6-0 6-2,3,R32,58,5,1,40,27,23,8,7,1,1,0,6,40,21,9,6,7,3,8
2026-451,Doha,Hard,32,500,O,20260216,3,S0AG,2,,Jannik Sinner,R,191,ITA,24.504,2,10300,M0FH,,,Tomas Machac,R,183,CZE,25.35,31,1510,6-1 6-4,3,R32,70,7,0,42,29,25,11,9,0,0,1,4,64,38,25,10,8,8,11
2026-451,Doha,Hard,32,500,O,20260216,4,M0NI,6,,Jakub Mensik,R,196,CZE,20.46,16,2425,CH12,,,Jan Choinski,R,196,GBR,29.687,124,498,6-7(6) 6-2 6-4,3,R32,138,10,2,93,61,46,16,15,2,4,3,2,103,70,44,16,15,5,10
2026-451,Doha,Hard,32,500,O,20260216,5,F0F1,,,Arthur Fils,R,185,FRA,21.681,40,1110,MQ75,,,Kamil Majchrzak,R,183,POL,30.094,56,920,6-7(5) 6-3 6-4,3,R32,130,5,5,99,65,49,18,16,0,1,7,5,107,70,50,16,15,3,6
2026-451,Doha,Hard,32,500,O,20260216,6,MM58,4,,Daniil Medvedev,R,198,RUS,30.015,11,3010,S0RE,,,Juncheng Shang,L,180,CHN,21.038,261,205,6-4 6-2,3,R32,75,6,1,53,42,33,7,9,1,1,1,2,59,39,25,8,9,5,8
2026-499,Delray Beach,Hard,28,250,O,20260216,1,M0QI,,,Alex Michelsen,R,193,USA,21.478,41,1110,VA25,6,,Valentin Vacherot,R,193,MON,27.253,26,1605,7-6(4) 6-4,3,R32,88,5,2,58,39,36,13,11,0,0,10,3,65,43,36,11,11,2,3
2026-499,Delray Beach,Hard,28,250,O,20260216,2,A0GC,,,Terence Atmane,L,193,FRA,24.104,66,833,K0A3,,,Patrick Kypson,R,188,USA,26.305,105,565,6-3 2-6 6-4,3,R32,103,11,2,74,43,32,20,14,1,3,5,2,72,50,39,11,13,1,3
2026-499,Delray Beach,Hard,28,250,O,20260216,3,W0BH,,,Coleman Wong,R,191,HKG,21.697,137,458,BT72,,,Nuno Borges,R,185,POR,28.991,45,1070,7-6(5) 4-6 6-3,3,R32,127,14,3,100,68,50,19,16,9,11,8,3,98,66,49,17,15,3,5
2026-6932,Rio de Janeiro,Clay,32,500,O,20260216,1,T0A1,,,Thiago Agustin Tirante,R,185,ARG,24.854,92,647,GD64,,,Cristian Garin,R,185,CHI,29.717,89,656,7-5 6-3,3,R32,113,12,0,69,38,27,17,11,5,7,2,5,65,39,24,12,10,4,8
2026-499,Delray Beach,Hard,28,250,O,20260217,4,TD51,8,,Frances Tiafoe,R,188,USA,28.077,28,1550,H0BH,,,Rinky Hijikata,R,178,AUS,24.983,113,546,6-4 6-4,3,R32,73,6,0,48,34,32,9,10,1,1,5,1,59,34,24,15,10,5,7
2026-499,Delray Beach,Hard,28,250,O,20260217,5,GC88,,,Marcos Giron,R,180,USA,32.569,64,855,SY67,,,Sho Shimabukuro,R,180,JPN,28.553,135,466,6-3 7-5,3,R32,86,2,2,75,40,28,25,11,9,9,10,2,59,39,30,7,10,3,5
2026-6932,Rio de Janeiro,Clay,32,500,O,20260217,2,H997,,,Yannick Hanfmann,R,193,GER,34.264,90,653,R0A7,,,Joao Lucas Reis Da Silva,R,178,BRA,25.897,207,291,7-6(3) 6-4,3,R32,117,6,1,69,50,40,8,11,2,4,1,3,79,54,36,9,11,6,9
2026-6932,Rio de Janeiro,Clay,32,500,O,20260217,3,L987,,,Dusan Lajovic,R,183,SRB,35.636,129,485,AE14,7,,Daniel Altmaier,R,188,GER,27.433,54,961,6-4 7-6(7),3,R32,121,2,1,73,56,44,7,11,1,2,8,2,89,56,39,13,11,6,8
2026-6932,Rio de Janeiro,Clay,32,500,O,20260217,4,B0ID,,,Ignacio Buse,R,183,PER,21.9,91,648,RD48,,,Igor Marcondes,L,185,BRA,28.674,348,138,4-6 7-5 6-4,3,R32,162,3,1,113,76,55,18,16,12,14,6,2,86,53,40,19,16,3,6
2026-6932,Rio de Janeiro,Clay,32,500,O,20260217,5,KI82,,,Vit Kopriva,R,178,CZE,28.676,87,660,H0DU,,,Gustavo Heide,R,191,BRA,23.97,258,207,6-2 7-6(5),3,R32,109,2,1,65,42,30,17,10,7,8,1,1,66,36,23,16,10,2,5
2026-6932,Rio de Janeiro,Clay,32,500,O,20260217,6,TE30,,,Alejandro Tabilo,L,188,CHI,28.712,68,808,N0AM,,,Emilio Nava,R,185,USA,24.211,76,710,6-3 6-3,3,R32,63,3,0,42,35,29,7,9,0,0,6,3,53,38,25,6,9,4,7
2026-451,Doha,Hard,32,500,O,20260217,7,A0E2,1,,Carlos Alcaraz,R,183,ESP,22.79,1,13150,RC91,,,Arthur Rinderknech,R,196,FRA,30.574,30,1530,6-4 7-6(5),3,R32,107,2,1,69,53,45,8,11,2,2,6,1,83,56,42,13,11,5,6
2026-451,Doha,Hard,32,500,O,20260217,8,KE29,7,,Karen Khachanov,R,198,RUS,29.744,17,2360,M0HU,,,Shintaro Mochizuki,R,175,JPN,22.713,117,525,6-1 3-6 6-4,3,R32,115,7,2,74,46,35,12,13,2,5,6,7,96,51,29,22,13,8,13
2026-451,Doha,Hard,32,500,O,20260217,9,L0BV,8,,Jiri Lehecka,R,185,CZE,24.277,22,1860,B0CD,,,Jenson Brooksby,R,193,USA,25.311,47,1042,6-3 6-3,3,R32,82,5,3,59,42,32,8,9,4,5,0,3,63,42,24,9,9,3,7
2026-451,Doha,Hard,32,500,O,20260217,10,BU13,,,Zizou Bergs,R,185,BEL,26.71,44,1080,M0GZ,,,Giovanni Mpetshi Perricard,R,203,FRA,22.615,58,905,6-3 6-7(5) 6-4,3,R32,135,17,2,101,61,48,26,16,1,1,7,2,89,64,50,13,15,2,4
2026-451,Doha,Hard,32,500,O,20260217,11,F724,,,Marton Fucsovics,R,188,HUN,34.026,61,891,HF80,,,Hady Habib,R,188,LBN,27.493,334,143,6-3 6-3,3,R32,70,1,2,52,39,26,9,9,2,3,1,6,55,29,20,10,9,3,7
2026-451,Doha,Hard,32,500,O,20260217,12,HB64,,,Quentin Halys,R,191,FRA,29.311,72,762,CD85,,,Pablo Carreno Busta,R,188,ESP,34.604,123,504,4-6 7-5 6-3,3,R32,143,14,2,91,47,40,23,16,5,7,4,0,94,62,40,18,15,1,4
2026-451,Doha,Hard,32,500,O,20260217,13,M0CI,,,Fabian Marozsan,R,193,HUN,26.363,48,1040,HH26,,,Ugo Humbert,L,188,FRA,27.647,36,1285,6-3 6-1,3,R32,57,1,1,39,30,26,6,8,0,0,1,2,47,25,14,11,8,3,7
2026-451,Doha,Hard,32,500,O,20260217,14,TE51,,,Stefanos Tsitsipas,R,193,GRE,27.518,33,1485,EA13,,,Moez Echargui,R,178,TUN,33.103,139,449,6-4 6-4,3,R32,84,5,0,54,33,27,14,10,0,0,4,1,63,44,31,8,10,5,7
2026-451,Doha,Hard,32,500,O,20260217,15,Z371,,,Zhizhen Zhang,R,193,CHN,29.339,319,155,CF59,,,Roberto Carballes Baena,R,183,ESP,32.906,175,350,6-4 6-4,3,R32,74,10,0,60,40,35,10,10,1,1,7,2,54,37,28,8,10,0,2
2026-451,Doha,Hard,32,500,O,20260218,16,RE44,5,,Andrey Rublev,R,188,RUS,28.331,14,2510,D0C1,,,Jesper de Jong,R,180,NED,25.72,86,665,6-4 6-3,3,R32,78,4,2,54,34,22,10,9,2,4,5,1,59,36,22,9,10,3,8
2026-499,Delray Beach,Hard,28,250,O,20260218,6,KI95,,,Miomir Kecmanovic,R,183,SRB,26.47,83,670,B0GG,,,Mattia Bellucci,L,175,ITA,24.717,109,553,6-1 6-4,3,R32,62,3,1,42,27,23,13,9,0,0,3,3,49,29,18,8,8,1,4
2026-499,Delray Beach,Hard,28,250,O,20260218,7,N0AE,7,,Brandon Nakashima,R,188,USA,24.545,29,1535,C977,,,Marin Cilic,R,198,CRO,37.391,43,1090,7-6(4) 7-6(5),3,R32,132,13,0,87,56,47,17,12,1,1,8,1,89,58,47,15,12,2,2
2026-499,Delray Beach,Hard,28,250,O,20260218,8,J0DZ,,,Rafael Jodar,R,191,ESP,19.422,118,523,Q02L,,,Ethan Quinn,R,191,USA,21.938,70,776,6-2 6-3,3,R32,78,2,2,51,30,18,13,8,1,3,4,3,64,44,27,4,9,4,10
2026-499,Delray Beach,Hard,28,250,O,20260218,9,K0AH,,,Sebastian Korda,R,196,USA,25.624,50,1020,MK66,,,Mackenzie McDonald,R,178,USA,30.845,116,535,6-4 7-5,3,R32,88,14,0,58,44,38,8,11,2,2,2,3,73,47,30,16,11,1,3
2026-499,Delray Beach,Hard,28,250,O,20260218,10,S0K7,,,Zachary Svajda,R,175,USA,23.222,106,563,K0AZ,,,Aleksandar Kovacevic,R,183,USA,27.474,75,746,7-6(4) 6-3,3,R32,88,17,2,91,54,46,18,11,9,9,14,4,54,31,29,12,10,2,3
2026-499,Delray Beach,Hard,28,250,O,20260218,11,W09E,,,Adam Walton,R,183,AUS,26.842,93,643,D0F6,,,Gabriel Diallo,R,203,CAN,24.402,39,1175,7-6(4) 6-3,3,R32,90,5,0,71,54,40,10,11,1,1,4,1,58,44,32,7,10,0,1
2026-6932,Rio de Janeiro,Clay,32,500,O,20260218,7,F0FV,3,,Joao Fonseca,R,188,BRA,19.496,38,1190,MJ08,,,Thiago Monteiro,L,183,BRA,31.721,208,290,7-6(1) 6-1,3,R32,94,7,1,60,43,36,10,10,0,0,9,2,61,42,31,5,9,3,5
2026-6932,Rio de Janeiro,Clay,32,500,O,20260218,8,C0AU,1,,Francisco Cerundolo,R,185,ARG,27.518,19,2220,N0BS,,,Mariano Navone,R,178,ARG,24.975,74,750,6-3 6-4,3,R32,91,1,2,68,43,31,12,10,10,12,0,2,50,33,22,5,9,1,5
2026-6932,Rio de Janeiro,Clay,32,500,O,20260218,9,C0C8,,,Juan Manuel Cerundolo,L,183,ARG,24.26,78,706,D0FJ,2,,Luciano Darderi,R,183,ITA,24.011,21,1904,6-1 3-6 6-4,3,R32,137,4,2,90,66,44,13,13,6,8,1,2,76,47,34,11,13,7,11
2026-6932,Rio de Janeiro,Clay,32,500,O,20260218,10,B0FV,,,Roman Andres Burruchaga,R,183,ARG,24.071,102,580,U182,5,,Camilo Ugo Carabelli,R,185,ARG,26.675,46,1068,6-3 6-4,3,R32,96,5,3,63,44,34,11,10,3,3,2,4,64,32,19,19,9,1,3
2026-6932,Rio de Janeiro,Clay,32,500,O,20260218,11,EA24,8,,Tomas Martin Etcheverry,R,196,ARG,26.59,51,1020,C0DF,,,Francisco Comesana,R,178,ARG,25.369,63,869,3-6 6-3 6-4,3,R32,156,6,2,81,54,39,17,14,3,4,8,4,80,51,41,15,14,3,5
2026-6932,Rio de Janeiro,Clay,32,500,O,20260218,12,BK40,,,Matteo Berrettini,R,196,ITA,29.854,57,910,BS86,,,Tomas Barrios Vera,R,191,CHI,28.192,107,563,7-6(1) 7-5,3,R32,145,6,2,75,48,38,18,12,5,5,3,0,88,68,43,12,12,5,6
2026-6932,Rio de Janeiro,Clay,32,500,O,20260218,13,P0CT,,,Francesco Passaro,R,180,ITA,25.114,163,376,P0HW,,,Dino Prizmic,R,188,CRO,20.539,122,507,6-3 6-4,3,R32,106,3,0,55,32,25,12,9,3,4,2,3,71,39,24,16,10,9,13
2026-499,Delray Beach,Hard,28,250,O,20260218,12,PL56,5,,Tommy Paul,R,185,USA,28.758,24,1700,MW02,,,Corentin Moutet,L,180,FRA,26.836,34,1383,4-6 6-3 6-4,3,R32,150,11,2,82,56,45,12,15,2,5,4,6,111,72,44,20,14,17,21
2026-6932,Rio de Janeiro,Clay,32,500,O,20260218,15,F0F2,,,Jaime Faria,R,188,POR,22.538,147,425,B0BI,4,,Sebastian Baez,R,170,ARG,25.142,32,1495,7-5 6-1,3,R32,95,2,2,54,35,28,8,10,1,3,2,5,68,47,29,3,9,6,11
2026-6932,Rio de Janeiro,Clay,32,500,O,20260218,16,D923,,,Damir Dzumhur,R,175,BIH,33.749,62,877,MO44,,,Pedro Martinez,R,185,ESP,28.816,101,586,0-6 7-6(5) 6-4,3,R32,159,1,0,91,65,37,10,14,6,12,4,4,81,52,34,14,14,1,5
2026-6932,Rio de Janeiro,Clay,32,500,O,20260218,17,G0FW,,,Vilius Gaubas,R,178,LTU,21.139,126,490,M0WY,,,Luis Guto Miguel,R,180,BRA,16.977,1593,3,6-3 2-6 6-2,3,R32,131,0,2,80,61,36,12,13,1,3,1,1,84,59,43,10,12,7,10
2026-451,Doha,Hard,32,500,O,20260218,17,A0E2,1,,Carlos Alcaraz,R,183,ESP,22.795,1,13150,R0EB,,,Valentin Royer,R,188,FRA,24.728,60,897,6-2 7-5,3,R16,95,4,2,69,56,37,8,10,4,5,2,2,63,35,21,12,10,4,8
2026-451,Doha,Hard,32,500,O,20260218,18,S0AG,2,,Jannik Sinner,R,191,ITA,24.512,2,10300,P09Z,,,Alexei Popyrin,R,196,AUS,26.543,53,1000,6-3 7-5,3,R16,84,7,0,58,43,34,11,11,0,0,4,0,51,33,24,12,10,1,3
2026-451,Doha,Hard,32,500,O,20260218,19,TE51,,,Stefanos Tsitsipas,R,193,GRE,27.524,33,1485,MM58,4,,Daniil Medvedev,R,198,RUS,30.023,11,3010,6-3 6-4,3,R16,76,4,1,60,45,36,8,10,0,0,3,4,60,39,27,10,9,5,7
2026-451,Doha,Hard,32,500,O,20260218,20,RE44,5,,Andrey Rublev,R,188,RUS,28.334,14,2510,M0CI,,,Fabian Marozsan,R,193,HUN,26.368,48,1040,6-2 6-4,3,R16,67,6,0,47,25,22,15,9,0,0,4,4,58,32,17,16,9,2,5
2026-451,Doha,Hard,32,500,O,20260218,21,M0NI,6,,Jakub Mensik,R,196,CZE,20.468,16,2425,Z371,,,Zhizhen Zhang,R,193,CHN,29.344,319,155,6-3 6-2,3,R16,66,7,1,47,30,24,12,9,0,0,2,3,57,34,21,10,8,9,12
2026-451,Doha,Hard,32,500,O,20260218,22,KE29,7,,Karen Khachanov,R,198,RUS,29.749,17,2360,F724,,,Marton Fucsovics,R,188,HUN,34.031,61,891,6-2 4-6 6-4,3,R16,121,7,1,77,55,46,10,14,5,6,6,2,85,53,39,15,14,3,6
2026-451,Doha,Hard,32,500,O,20260218,23,L0BV,8,,Jiri Lehecka,R,185,CZE,24.282,22,1860,BU13,,,Zizou Bergs,R,185,BEL,26.716,44,1080,6-2 6-1,3,R16,69,9,1,49,28,24,10,8,3,3,2,4,35,20,11,3,7,0,4
2026-451,Doha,Hard,32,500,O,20260218,24,F0F1,,,Arthur Fils,R,185,FRA,21.689,40,1110,HB64,,,Quentin Halys,R,191,FRA,29.317,72,762,6-1 7-6(7),3,R16,89,5,2,62,42,31,14,10,5,6,5,1,70,38,23,17,9,4,7
2026-499,Delray Beach,Hard,28,250,O,20260218,13,W0BH,,,Coleman Wong,R,191,HKG,21.706,137,458,N0AE,7,,Brandon Nakashima,R,188,USA,24.548,29,1535,6-4 7-6(4),3,R16,88,13,0,64,38,32,14,11,2,3,11,0,63,46,33,9,11,2,4
2026-499,Delray Beach,Hard,28,250,O,20260218,14,C0E9,3,,Flavio Cobolli,R,183,ITA,23.792,20,1955,A0GC,,,Terence Atmane,L,193,FRA,24.112,66,833,7-5 6-4,3,R16,101,9,2,67,37,32,15,11,1,2,9,4,72,38,26,16,11,4,7
2026-6932,Rio de Janeiro,Clay,32,500,O,20260218,18,T0A1,,,Thiago Agustin Tirante,R,185,ARG,24.862,92,647,C0AU,1,,Francisco Cerundolo,R,185,ARG,27.521,19,2220,6-2 3-1 RET,3,R16,73,7,0,37,24,19,8,6,1,1,0,2,52,31,14,12,6,6,9
2026-6932,Rio de Janeiro,Clay,32,500,O,20260218,19,C0C8,,,Juan Manuel Cerundolo,L,183,ARG,24.263,78,706,H997,,,Yannick Hanfmann,R,193,GER,34.27,90,653,6-4 6-7(1) 6-4,3,R16,169,9,3,91,64,42,15,16,1,4,6,3,115,72,47,20,16,9,14
2026-6932,Rio de Janeiro,Clay,32,500,O,20260218,20,KI82,,,Vit Kopriva,R,178,CZE,28.682,87,660,B0FV,,,Roman Andres Burruchaga,R,183,ARG,24.074,102,580,6-3 6-1,3,R16,88,3,2,59,38,26,14,8,6,6,6,2,53,29,19,9,8,4,8
2026-499,Delray Beach,Hard,28,250,O,20260219,15,RH16,2,,Casper Ruud,R,183,NOR,27.162,13,2625,GC88,,,Marcos Giron,R,180,USA,32.575,64,855,4-6 7-6(6) 6-4,3,R16,142,20,0,105,75,55,18,16,3,4,9,2,94,63,48,20,16,5,6
2026-499,Delray Beach,Hard,28,250,O,20260219,16,K0AH,,,Sebastian Korda,R,196,USA,25.626,50,1020,M0QI,,,Alex Michelsen,R,193,USA,21.487,41,1110,6-3 7-6(6),3,R16,106,10,2,70,44,34,12,10,5,7,7,2,85,66,42,9,11,9,13
2026-6932,Rio de Janeiro,Clay,32,500,O,20260219,21,TE30,,,Alejandro Tabilo,L,188,CHI,28.717,68,808,P0CT,,,Francesco Passaro,R,180,ITA,25.117,163,376,4-6 7-6(0) 6-2,3,R16,141,4,0,78,50,43,15,15,4,6,4,1,96,68,43,15,15,5,8
2026-451,Doha,Hard,32,500,O,20260219,25,F0F1,,,Arthur Fils,R,185,FRA,21.689,40,1110,L0BV,8,,Jiri Lehecka,R,185,CZE,24.282,22,1860,6-3 6-3,3,QF,89,3,0,67,46,32,8,9,4,6,2,2,69,45,23,10,9,5,10
2026-451,Doha,Hard,32,500,O,20260219,26,RE44,5,,Andrey Rublev,R,188,RUS,28.334,14,2510,TE51,,,Stefanos Tsitsipas,R,193,GRE,27.524,33,1485,6-3 7-6(2),3,QF,95,5,2,71,43,34,16,10,5,5,8,1,61,39,31,9,11,0,2
2026-451,Doha,Hard,32,500,O,20260219,27,A0E2,1,,Carlos Alcaraz,R,183,ESP,22.795,1,13150,KE29,7,,Karen Khachanov,R,198,RUS,29.749,17,2360,6-7(3) 6-4 6-3,3,QF,146,8,2,91,64,49,18,15,3,3,4,2,111,78,55,18,16,7,10
2026-451,Doha,Hard,32,500,O,20260219,28,M0NI,6,,Jakub Mensik,R,196,CZE,20.468,16,2425,S0AG,2,,Jannik Sinner,R,191,ITA,24.512,2,10300,7-6(3) 2-6 6-3,3,QF,131,11,4,85,60,49,9,14,5,7,6,1,90,57,41,21,15,2,4
2026-499,Delray Beach,Hard,28,250,O,20260219,17,T0HA,4,,Learner Tien,L,180,USA,20.216,23,1710,KI95,,,Miomir Kecmanovic,R,183,SRB,26.472,83,670,6-4 6-7(4) 7-6(5),3,R16,135,20,5,105,65,55,20,17,5,7,12,2,120,76,54,24,17,5,8
2026-6932,Rio de Janeiro,Clay,32,500,O,20260219,22,F0F2,,,Jaime Faria,R,188,POR,22.541,147,425,D923,,,Damir Dzumhur,R,175,BIH,33.752,62,877,7-6(1) 6-4,3,R16,123,2,2,65,37,31,17,11,1,2,1,2,75,51,34,13,11,9,11
2026-499,Delray Beach,Hard,28,250,O,20260220,18,FB98,1,,Taylor Fritz,R,196,USA,28.315,8,4220,J0DZ,,,Rafael Jodar,R,191,ESP,19.428,118,523,7-6(4) 6-4,3,R16,106,15,0,68,49,41,8,11,2,3,3,0,94,67,41,15,11,6,8
2026-499,Delray Beach,Hard,28,250,O,20260220,19,PL56,5,,Tommy Paul,R,185,USA,28.764,24,1700,W09E,,,Adam Walton,R,183,AUS,26.847,93,643,7-6(11) 6-3,3,R16,97,10,2,69,42,34,16,11,0,1,7,0,76,56,33,13,10,6,8
2026-499,Delray Beach,Hard,28,250,O,20260220,20,TD51,8,,Frances Tiafoe,R,188,USA,28.085,28,1550,S0K7,,,Zachary Svajda,R,175,USA,23.228,106,563,6-4 3-6 7-5,3,R16,141,5,3,91,57,44,20,15,5,6,14,4,111,69,49,23,16,3,5
2026-6932,Rio de Janeiro,Clay,32,500,O,20260220,23,B0ID,,,Ignacio Buse,R,183,PER,21.908,91,648,F0FV,3,,Joao Fonseca,R,188,BRA,19.502,38,1190,5-7 6-3 6-4,3,R16,146,8,5,96,59,45,21,16,8,9,2,3,90,55,40,20,15,4,6
2026-6932,Rio de Janeiro,Clay,32,500,O,20260220,24,EA24,8,,Tomas Martin Etcheverry,R,196,ARG,26.595,51,1020,G0FW,,,Vilius Gaubas,R,178,LTU,21.144,126,490,7-6(1) 6-4,3,R16,127,7,0,67,47,32,12,11,0,2,1,3,74,60,36,5,11,2,5
2026-6932,Rio de Janeiro,Clay,32,500,O,20260220,25,BK40,,,Matteo Berrettini,R,196,ITA,29.859,57,910,L987,,,Dusan Lajovic,R,183,SRB,35.644,129,485,3-6 6-4 6-2,3,R16,129,7,3,78,56,44,9,13,4,6,6,0,89,64,41,13,14,4,8
2026-451,Doha,Hard,32,500,O,20260220,29,A0E2,1,,Carlos Alcaraz,R,183,ESP,22.798,1,13150,RE44,5,,Andrey Rublev,R,188,RUS,28.337,14,2510,7-6(3) 6-4,3,SF,122,3,2,96,65,40,15,11,9,13,1,1,78,46,29,13,11,6,11
2026-451,Doha,Hard,32,500,O,20260220,30,F0F1,,,Arthur Fils,R,185,FRA,21.692,40,1110,M0NI,6,,Jakub Mensik,R,196,CZE,20.471,16,2425,6-4 7-6(4),3,SF,95,5,1,81,54,39,16,11,7,8,8,5,63,37,30,13,11,3,5
2026-499,Delray Beach,Hard,28,250,O,20260220,21,C0E9,3,,Flavio Cobolli,R,183,ITA,23.795,20,1955,W0BH,,,Coleman Wong,R,191,HKG,21.708,137,458,7-5 6-7(7) 6-2,3,QF,134,11,0,92,49,40,29,16,2,3,15,2,105,62,42,25,16,4,8
2026-6932,Rio de Janeiro,Clay,32,500,O,20260220,26,KI82,,,Vit Kopriva,R,178,CZE,28.684,87,660,C0C8,,,Juan Manuel Cerundolo,L,183,ARG,24.266,78,706,6-4 6-4,3,QF,97,6,4,54,37,32,8,10,0,0,3,4,73,48,31,13,10,6,8
2026-499,Delray Beach,Hard,28,250,O,20260221,22,PL56,5,,Tommy Paul,R,185,USA,28.767,24,1700,FB98,1,,Taylor Fritz,R,196,USA,28.318,8,4220,6-4 6-3,3,QF,76,6,0,56,41,34,7,9,3,3,10,3,70,52,34,6,10,8,11
2026-499,Delray Beach,Hard,28,250,O,20260221,23,K0AH,,,Sebastian Korda,R,196,USA,25.632,50,1020,RH16,2,,Casper Ruud,R,183,NOR,27.168,13,2625,4-6 6-2 6-2,3,QF,126,10,3,81,47,34,20,13,3,4,3,1,92,58,36,16,13,4,8
2026-499,Delray Beach,Hard,28,250,O,20260221,24,T0HA,4,,Learner Tien,L,180,USA,20.222,23,1710,TD51,8,,Frances Tiafoe,R,188,USA,28.088,28,1550,7-6(5) 3-6 7-5,3,QF,139,13,3,97,64,44,13,16,7,13,11,1,98,64,42,17,17,1,7
2026-6932,Rio de Janeiro,Clay,32,500,O,20260221,27,TE30,,,Alejandro Tabilo,L,188,CHI,28.723,68,808,T0A1,,,Thiago Agustin Tirante,R,185,ARG,24.868,92,647,7-6(2) 6-7(6) 6-1,3,QF,172,7,3,97,65,53,17,16,0,2,12,1,106,64,44,21,15,4,8
2026-6932,Rio de Janeiro,Clay,32,500,O,20260221,28,EA24,8,,Tomas Martin Etcheverry,R,196,ARG,26.598,51,1020,F0F2,,,Jaime Faria,R,188,POR,22.546,147,425,7-6(4) 6-4,3,QF,123,9,1,73,50,40,10,11,5,5,9,2,67,42,31,13,11,1,2
2026-6932,Rio de Janeiro,Clay,32,500,O,20260221,29,B0ID,,,Ignacio Buse,R,183,PER,21.911,91,648,BK40,,,Matteo Berrettini,R,196,ITA,29.862,57,910,6-3 2-6 6-3,3,QF,139,3,1,78,51,37,17,13,4,6,9,2,83,55,40,12,13,4,7
2026-451,Doha,Hard,32,500,O,20260221,31,A0E2,1,,Carlos Alcaraz,R,183,ESP,22.801,1,13150,F0F1,,,Arthur Fils,R,185,FRA,21.695,40,1110,6-2 6-1,3,F,50,5,1,33,27,24,4,7,0,0,0,0,43,31,14,5,8,2,7
2026-499,Delray Beach,Hard,28,250,O,20260222,25,K0AH,,,Sebastian Korda,R,196,USA,25.634,50,1020,C0E9,3,,Flavio Cobolli,R,183,ITA,23.8,20,1955,7-6(1) 6-1,3,SF,76,12,0,49,32,27,14,9,0,0,5,1,66,38,27,11,10,4,7
2026-499,Delray Beach,Hard,28,250,O,20260222,26,PL56,5,,Tommy Paul,R,185,USA,28.769,24,1700,T0HA,4,,Learner Tien,L,180,USA,20.225,23,1710,4-6 6-4 6-3,3,SF,134,15,2,114,70,50,23,15,7,8,5,2,96,51,40,20,14,3,5
2026-6932,Rio de Janeiro,Clay,32,500,O,20260222,30,EA24,8,,Tomas Martin Etcheverry,R,196,ARG,26.601,51,1020,KI82,,,Vit Kopriva,R,178,CZE,28.69,87,660,4-6 7-6(2) 7-6(4),3,SF,237,9,2,107,62,52,25,17,0,1,8,3,118,75,59,22,17,4,4
2026-6932,Rio de Janeiro,Clay,32,500,O,20260222,31,TE30,,,Alejandro Tabilo,L,188,CHI,28.726,68,808,B0ID,,,Ignacio Buse,R,183,PER,21.914,91,648,6-3 6-3,3,SF,72,2,0,44,27,23,11,9,1,2,5,3,53,32,20,8,9,4,8
2026-499,Delray Beach,Hard,28,250,O,20260222,27,K0AH,,,Sebastian Korda,R,196,USA,25.634,50,1020,PL56,5,,Tommy Paul,R,185,USA,28.769,24,1700,6-4 6-3,3,F,82,9,2,60,40,33,9,10,5,6,5,2,58,39,26,7,9,3,6
2026-6932,Rio de Janeiro,Clay,32,500,O,20260223,32,EA24,8,,Tomas Martin Etcheverry,R,196,ARG,26.604,51,1020,TE30,,,Alejandro Tabilo,L,188,CHI,28.728,68,808,3-6 7-6(3) 6-4,3,F,184,14,4,105,67,48,16,15,6,9,11,0,107,70,49,18,16,6,9
2026-495,Dubai,Hard,32,500,O,20260223,1,M0GZ,,,Giovanni Mpetshi Perricard,R,203,FRA,22.631,58,905,EA13,,,Moez Echargui,R,178,TUN,33.12,139,449,7-6(3) 6-7(3) 7-6(4),3,R32,155,29,2,112,85,66,17,18,3,4,16,2,111,65,52,30,18,1,2
2026-495,Dubai,Hard,32,500,O,20260223,2,W367,,,Stan Wawrinka,R,183,SUI,40.909,99,599,HG94,,,Benjamin Hassan,R,183,LBN,31.053,289,180,7-5 6-3,3,R32,71,9,2,61,32,28,19,11,3,3,5,2,59,41,29,8,10,1,3
2026-495,Dubai,Hard,32,500,O,20260223,3,AG37,1,,Felix Auger-Aliassime,R,193,CAN,25.544,8,4080,Z371,,,Zhizhen Zhang,R,193,CHN,29.355,263,205,6-3 7-6(4),3,R32,110,11,3,63,46,36,10,10,4,4,10,1,91,56,40,15,11,9,11
2026-8996,Santiago,Clay,28,250,O,20260223,1,H997,,,Yannick Hanfmann,R,193,GER,34.281,81,695,L987,,,Dusan Lajovic,R,183,SRB,35.652,116,541,6-0 6-3,3,R32,74,5,4,58,34,23,14,8,2,3,0,2,43,26,10,8,7,4,9
2026-495,Dubai,Hard,32,500,O,20260223,4,D0CO,4,,Jack Draper,L,193,GBR,24.172,15,2460,HB64,,,Quentin Halys,R,191,FRA,29.328,68,800,7-6(8) 6-3,3,R32,97,13,1,72,50,43,13,11,3,3,9,1,76,52,38,13,10,4,5
2026-8996,Santiago,Clay,28,250,O,20260223,2,PH64,,,Andrea Pellegrino,R,185,ITA,28.923,137,447,B0GY,,,Alex Barrena,R,175,ARG,23.373,183,336,6-2 2-6 6-1,3,R32,112,3,1,57,33,24,15,11,0,2,5,3,88,38,24,23,12,7,12
2026-807,Acapulco,Hard,32,500,O,20260224,1,J0DZ,,,Rafael Jodar,R,191,ESP,19.439,114,548,N771,7,,Cameron Norrie,L,188,GBR,30.508,26,1603,6-3 6-2,3,R32,55,5,0,44,31,25,11,9,0,0,2,1,40,33,20,3,8,2,5
2026-807,Acapulco,Hard,32,500,O,20260224,2,K0A3,,,Patrick Kypson,R,188,USA,26.327,103,565,DH58,2,,Alex de Minaur,R,183,AUS,27.019,6,4235,6-1 6-7(4) 7-6(4),3,R32,159,8,1,99,68,48,22,16,0,1,10,2,95,56,40,21,15,2,5
2026-807,Acapulco,Hard,32,500,O,20260224,3,DH50,4,,Alejandro Davidovich Fokina,R,180,ESP,26.724,14,2470,AE14,,,Daniel Altmaier,R,188,GER,27.452,53,961,7-5 6-3,3,R32,94,1,0,59,45,33,7,10,2,3,8,1,63,37,28,8,11,3,7
2026-807,Acapulco,Hard,32,500,O,20260224,4,VA25,6,,Valentin Vacherot,R,193,MON,27.274,27,1591,W0BH,,,Coleman Wong,R,191,HKG,21.719,125,515,4-6 6-3 6-2,3,R32,117,13,1,81,54,42,13,14,0,1,7,2,86,56,35,19,13,7,10
2026-807,Acapulco,Hard,32,500,O,20260224,5,KI95,,,Miomir Kecmanovic,R,183,SRB,26.486,84,685,S0N0,,,Tristan Schoolkate,R,183,AUS,24.994,108,556,6-2 6-2,3,R32,63,7,2,49,34,29,7,8,4,4,4,3,52,35,21,5,8,2,6
2026-807,Acapulco,Hard,32,500,O,20260224,6,K0AZ,,,Aleksandar Kovacevic,R,183,USA,27.491,75,746,W09E,,,Adam Walton,R,183,AUS,26.858,87,669,7-6(1) 7-6(3),3,R32,118,15,3,83,51,39,19,12,5,6,6,1,86,57,40,15,12,6,7
2026-807,Acapulco,Hard,32,500,O,20260224,7,N0AE,,,Brandon Nakashima,R,188,USA,24.561,29,1535,Y218,,,Elias Ymer,R,185,SWE,29.875,190,328,6-3 6-4,3,R32,79,5,1,57,36,29,13,10,1,1,7,0,52,38,26,9,9,3,5
2026-8996,Santiago,Clay,28,250,O,20260224,3,P0HW,,,Dino Prizmic,R,188,CRO,20.556,120,529,J551,,,Nicolas Jarry,R,201,CHI,30.374,155,391,6-3 5-7 6-2,3,R32,157,7,4,86,47,33,23,15,1,4,4,3,89,61,37,14,14,8,13
2026-8996,Santiago,Clay,28,250,O,20260224,4,C0DF,7,,Francisco Comesana,R,178,ARG,25.385,82,694,MO44,,,Pedro Martinez,R,185,ESP,28.832,101,586,6-4 2-6 7-6(4),3,R32,171,12,7,87,57,39,14,15,0,4,1,4,99,60,43,19,15,5,8
2026-495,Dubai,Hard,32,500,O,20260224,5,B0CD,,,Jenson Brooksby,R,193,USA,25.331,49,1042,BU13,,,Zizou Bergs,R,185,BEL,26.73,46,1080,6-3 6-4,3,R32,94,3,3,63,34,29,15,10,1,1,4,4,58,30,22,14,9,3,5
2026-495,Dubai,Hard,32,500,O,20260224,6,MM58,3,,Daniil Medvedev,R,198,RUS,30.037,11,2960,S0RE,,,Juncheng Shang,L,180,CHN,21.06,262,205,6-1 6-3,3,R32,66,10,3,49,36,29,6,8,3,3,0,0,48,33,17,7,8,1,5
2026-495,Dubai,Hard,32,500,O,20260224,7,CD85,,,Pablo Carreno Busta,R,188,ESP,34.623,124,516,SU55,,,Denis Shapovalov,L,185,CAN,26.864,36,1350,6-2 6-4,3,R32,77,0,2,65,45,28,12,9,7,9,8,4,54,29,18,9,9,4,9
2026-495,Dubai,Hard,32,500,O,20260224,8,BK92,2,,Alexander Bublik,R,196,KAZ,28.69,10,3405,SL28,,,Jan-Lennard Struff,R,193,GER,35.836,80,706,6-3 6-4,3,R32,65,12,2,52,35,29,10,9,3,3,9,2,58,44,30,6,10,0,3
2026-495,Dubai,Hard,32,500,O,20260224,9,KE29,7,,Karen Khachanov,R,198,RUS,29.763,16,2450,S0H2,,,Alexander Shevchenko,R,188,KAZ,25.238,92,656,6-7(5) 6-2 6-3,3,R32,132,4,3,97,63,49,21,15,5,5,12,3,88,50,35,23,14,4,7
2026-495,Dubai,Hard,32,500,O,20260224,10,L0BV,8,,Jiri Lehecka,R,185,CZE,24.296,24,1760,N0BG,,,Luca Nardi,R,185,ITA,22.554,109,554,4-6 6-4 6-2,3,R32,122,5,2,84,51,38,19,14,4,5,4,0,86,60,39,16,14,10,13
2026-495,Dubai,Hard,32,500,O,20260224,11,GJ37,,,Tallon Griekspoor,R,188,NED,29.648,25,1655,V0AM,,,Otto Virtanen,R,193,FIN,24.679,131,475,6-3 6-4,3,R32,74,6,2,59,35,28,16,10,0,0,10,0,50,28,21,9,9,0,2
2026-495,Dubai,Hard,32,500,O,20260224,12,HH26,,,Ugo Humbert,L,188,FRA,27.666,37,1285,TE51,,,Stefanos Tsitsipas,R,193,GRE,27.537,30,1535,6-4 7-5,3,R32,85,7,1,64,48,37,11,11,3,3,6,2,56,36,31,9,11,3,5
2026-495,Dubai,Hard,32,500,O,20260224,13,RC91,,,Arthur Rinderknech,R,196,FRA,30.593,31,1530,M0CI,,,Fabian Marozsan,R,193,HUN,26.382,50,1040,3-6 6-3 6-4,3,R32,113,13,0,79,58,45,10,14,0,1,7,2,90,52,38,19,14,5,7
2026-495,Dubai,Hard,32,500,O,20260224,14,RE44,5,,Andrey Rublev,R,188,RUS,28.348,18,2210,R0EB,,,Valentin Royer,R,188,FRA,24.742,54,935,6-3 6-4,3,R32,89,9,2,58,36,29,12,9,2,2,5,1,72,45,24,16,10,13,16
2026-495,Dubai,Hard,32,500,O,20260224,15,M0NI,6,,Jakub Mensik,R,196,CZE,20.482,13,2595,HB71,,,Hubert Hurkacz,R,196,POL,29.035,73,775,6-4 7-6(7),3,R32,88,11,3,64,37,36,15,11,0,0,10,2,73,49,39,11,11,2,3
2026-495,Dubai,Hard,32,500,O,20260224,16,P09Z,,,Alexei Popyrin,R,196,AUS,26.557,47,1050,MQ75,,,Kamil Majchrzak,R,183,POL,30.116,56,920,3-6 6-3 7-5,3,R32,112,10,0,75,54,42,13,15,0,2,4,2,81,42,34,18,15,2,5
2026-8996,Santiago,Clay,28,250,O,20260224,5,G0FW,,,Vilius Gaubas,R,178,LTU,21.155,107,558,S0EK,,,Matias Soto,R,170,CHI,26.831,316,157,6-2 6-3,3,R32,95,5,0,58,45,30,9,9,2,3,1,6,65,28,14,18,8,4,8
2026-8996,Santiago,Clay,28,250,O,20260224,6,M0K4,,,Elmer Moller,R,183,DEN,22.631,127,509,B0FV,,,Roman Andres Burruchaga,R,183,ARG,24.088,96,617,7-6(4) 0-6 6-4,3,R32,145,2,13,96,54,27,21,14,7,15,4,5,98,62,38,17,14,5,11
2026-807,Acapulco,Hard,32,500,O,20260225,8,MC65,,,Gael Monfils,R,193,FRA,39.485,170,360,D923,,,Damir Dzumhur,R,175,BIH,33.769,60,877,6-4 7-6(5),3,R32,112,8,8,70,38,29,14,11,3,6,0,2,82,48,28,14,11,6,10
2026-807,Acapulco,Hard,32,500,O,20260225,9,Z355,1,,Alexander Zverev,R,198,GER,28.851,4,4555,MW02,,,Corentin Moutet,L,180,FRA,26.856,35,1383,6-2 6-4,3,R32,91,7,0,48,38,30,6,9,0,0,2,1,64,43,25,12,9,4,7
2026-807,Acapulco,Hard,32,500,O,20260225,10,WB32,,,Yibing Wu,R,183,CHN,26.368,142,434,RH16,3,,Casper Ruud,R,183,NOR,27.179,12,2665,7-6(2) 7-6(1),3,R32,125,6,0,79,49,37,20,12,4,5,12,3,81,55,40,14,12,6,7
2026-807,Acapulco,Hard,32,500,O,20260225,11,C0E9,5,,Flavio Cobolli,R,183,ITA,23.808,20,2030,P0J1,,,Rodrigo Pacheco Mendez,L,191,MEX,20.838,218,270,7-6(3) 7-6(3),3,R32,118,10,6,79,37,32,22,12,2,5,5,1,79,54,36,14,12,6,9
2026-807,Acapulco,Hard,32,500,O,20260225,12,TD51,8,,Frances Tiafoe,R,188,USA,28.099,28,1590,BT72,,,Nuno Borges,R,185,POR,29.016,48,1045,6-4 6-4,3,R32,90,4,0,61,40,29,14,10,4,5,12,2,66,40,28,11,10,4,7
2026-807,Acapulco,Hard,32,500,O,20260225,13,A0GC,,,Terence Atmane,L,193,FRA,24.129,63,858,D875,,,Grigor Dimitrov,R,191,BUL,34.782,44,1105,6-3 6-3,3,R32,82,5,0,50,35,29,8,9,2,2,4,4,63,40,31,6,9,6,9
2026-807,Acapulco,Hard,32,500,O,20260225,14,B0GG,,,Mattia Bellucci,L,175,ITA,24.736,110,553,H0BH,,,Rinky Hijikata,R,178,AUS,25.005,115,547,7-6(5) 6-3,3,R32,124,6,2,64,34,24,13,10,3,7,1,5,81,39,28,12,11,4,10
2026-807,Acapulco,Hard,32,500,O,20260225,15,SY67,,,Sho Shimabukuro,R,180,JPN,28.575,130,479,ME82,,,Adrian Mannarino,L,180,FRA,37.659,51,1025,6-3 6-4,3,R32,78,3,2,57,36,25,15,10,2,3,5,4,55,30,22,11,9,2,5
2026-807,Acapulco,Hard,32,500,O,20260225,16,S0GD,,,Dalibor Svrcina,R,178,CZE,23.4,123,519,D994,,,James Duckworth,R,183,AUS,34.097,83,691,6-4 6-1,3,R32,92,2,3,48,26,21,11,8,1,2,5,10,77,38,23,15,9,5,10
2026-8996,Santiago,Clay,28,250,O,20260225,7,TE30,8,,Alejandro Tabilo,L,188,CHI,28.734,42,1113,BS86,,,Tomas Barrios Vera,R,191,CHI,28.211,112,551,7-5 6-3,3,R32,99,7,0,59,45,34,9,11,2,3,2,4,71,42,25,15,10,5,8
2026-8996,Santiago,Clay,28,250,O,20260225,8,N0AM,,,Emilio Nava,R,185,USA,24.233,79,710,BK40,6,,Matteo Berrettini,R,196,ITA,29.873,57,910,6-3 6-4,3,R32,86,4,4,63,38,32,13,10,3,3,3,2,50,37,27,6,9,2,4
2026-8996,Santiago,Clay,28,250,O,20260225,9,GD64,,,Cristian Garin,R,185,CHI,29.741,93,656,C0C8,,,Juan Manuel Cerundolo,L,183,ARG,24.279,70,781,3-6 6-3 6-3,3,R32,141,2,6,92,53,34,16,14,5,10,2,2,73,48,26,13,13,7,13
2026-8996,Santiago,Clay,28,250,O,20260225,10,N0BS,,,Mariano Navone,R,178,ARG,24.994,77,725,KI82,,,Vit Kopriva,R,178,CZE,28.698,65,848,3-6 6-0 3-1 RET,3,R32,90,0,4,50,31,20,12,10,1,4,1,7,62,32,20,11,9,6,11
2026-8996,Santiago,Clay,28,250,O,20260225,11,T0A1,,,Thiago Agustin Tirante,R,185,ARG,24.879,76,739,B0ID,,,Ignacio Buse,R,183,PER,21.922,66,848,2-6 7-6(0) 7-6(2),3,R32,174,13,6,102,61,44,19,16,2,7,5,6,111,62,44,24,16,8,11
2026-8996,Santiago,Clay,28,250,O,20260225,12,V0DP,,,Adolfo Daniel Vallejo,R,183,PAR,21.829,106,561,P0CT,,,Francesco Passaro,R,180,ITA,25.133,144,431,6-3 3-3 RET,3,R32,57,2,1,39,24,18,7,7,3,5,2,3,52,37,19,6,8,5,9
2026-495,Dubai,Hard,32,500,O,20260225,17,MM58,3,,Daniil Medvedev,R,198,RUS,30.04,11,2960,W367,,,Stan Wawrinka,R,183,SUI,40.914,99,599,6-2 6-3,3,R16,73,7,1,43,32,24,3,8,1,3,3,2,67,34,20,10,9,6,12
2026-495,Dubai,Hard,32,500,O,20260225,18,M0NI,6,,Jakub Mensik,R,196,CZE,20.485,13,2595,P09Z,,,Alexei Popyrin,R,196,AUS,26.56,47,1050,6-3 6-2,3,R16,64,7,2,49,29,24,12,9,0,0,4,0,46,28,17,8,8,2,5
2026-495,Dubai,Hard,32,500,O,20260225,19,AG37,1,,Felix Auger-Aliassime,R,193,CAN,25.55,8,4080,M0GZ,,,Giovanni Mpetshi Perricard,R,203,FRA,22.637,58,905,6-4 6-4,3,R16,81,8,3,49,35,29,9,10,2,3,11,1,61,41,28,8,10,2,5
2026-495,Dubai,Hard,32,500,O,20260225,20,GJ37,,,Tallon Griekspoor,R,188,NED,29.651,25,1655,BK92,2,,Alexander Bublik,R,196,KAZ,28.693,10,3405,6-3 7-6(4),3,R16,81,14,0,61,40,35,15,11,3,3,12,2,64,42,31,12,10,2,3
2026-495,Dubai,Hard,32,500,O,20260225,21,B0CD,,,Jenson Brooksby,R,193,USA,25.333,49,1042,KE29,7,,Karen Khachanov,R,198,RUS,29.766,16,2450,7-6(6) 6-4,3,R16,103,4,1,74,48,36,19,11,0,0,7,1,65,47,37,10,11,0,1
2026-495,Dubai,Hard,32,500,O,20260225,22,L0BV,8,,Jiri Lehecka,R,185,CZE,24.298,24,1760,CD85,,,Pablo Carreno Busta,R,188,ESP,34.626,124,516,7-6(6) 6-4,3,R16,111,16,2,85,54,40,16,11,8,10,5,0,67,45,27,14,11,2,5
2026-495,Dubai,Hard,32,500,O,20260225,23,RE44,5,,Andrey Rublev,R,188,RUS,28.35,18,2210,HH26,,,Ugo Humbert,L,188,FRA,27.669,37,1285,6-4 6-7(5) 6-3,3,R16,143,15,7,98,63,55,17,16,4,4,17,4,103,62,48,20,15,7,9
2026-8996,Santiago,Clay,28,250,O,20260225,13,H997,,,Yannick Hanfmann,R,193,GER,34.286,81,695,U182,4,,Camilo Ugo Carabelli,R,185,ARG,26.694,59,880,6-4 6-3,3,R16,96,5,1,63,37,26,15,10,0,1,4,7,71,48,31,9,9,4,7
2026-495,Dubai,Hard,32,500,O,20260226,24,RC91,,,Arthur Rinderknech,R,196,FRA,30.598,31,1530,D0CO,4,,Jack Draper,L,193,GBR,24.181,15,2460,7-5 6-7(4) 6-4,3,R16,146,20,0,108,77,65,13,17,2,2,11,3,99,65,52,22,17,4,6
2026-807,Acapulco,Hard,32,500,O,20260226,17,VA25,6,,Valentin Vacherot,R,193,MON,27.28,27,1591,MC65,,,Gael Monfils,R,193,FRA,39.488,170,360,6-3 6-3,3,R16,68,8,1,48,32,29,9,9,0,0,5,3,61,38,26,8,9,10,13
2026-807,Acapulco,Hard,32,500,O,20260226,18,KI95,,,Miomir Kecmanovic,R,183,SRB,26.491,84,685,Z355,1,,Alexander Zverev,R,198,GER,28.854,4,4555,6-3 6-7(3) 7-6(4),3,R16,155,13,3,104,69,56,22,17,2,3,17,2,93,65,53,15,16,2,4
2026-807,Acapulco,Hard,32,500,O,20260226,19,B0GG,,,Mattia Bellucci,L,175,ITA,24.739,110,553,DH50,4,,Alejandro Davidovich Fokina,R,180,ESP,26.729,14,2470,6-3 6-3,3,R16,73,10,0,45,33,30,8,9,1,1,2,1,57,40,23,8,9,2,5
2026-807,Acapulco,Hard,32,500,O,20260226,20,C0E9,5,,Flavio Cobolli,R,183,ITA,23.811,20,2030,S0GD,,,Dalibor Svrcina,R,178,CZE,23.403,123,519,6-4 6-4,3,R16,109,8,3,71,43,37,11,10,6,6,2,1,74,43,26,21,10,5,7
2026-807,Acapulco,Hard,32,500,O,20260226,21,TD51,8,,Frances Tiafoe,R,188,USA,28.101,28,1590,K0AZ,,,Aleksandar Kovacevic,R,183,USA,27.496,75,746,6-4 3-6 7-6(7),3,R16,138,9,0,89,56,42,24,15,1,2,19,3,96,62,47,23,16,3,4
2026-807,Acapulco,Hard,32,500,O,20260226,22,A0GC,,,Terence Atmane,L,193,FRA,24.131,63,858,J0DZ,,,Rafael Jodar,R,191,ESP,19.444,114,548,6-2 4-6 6-1,3,R16,101,6,1,75,49,37,17,13,3,4,3,0,66,44,29,10,12,1,5
2026-807,Acapulco,Hard,32,500,O,20260226,23,N0AE,,,Brandon Nakashima,R,188,USA,24.567,29,1535,K0A3,,,Patrick Kypson,R,188,USA,26.333,103,565,6-4 6-4,3,R16,94,11,0,59,39,35,9,10,2,2,3,4,69,43,32,9,10,4,6
2026-807,Acapulco,Hard,32,500,O,20260226,24,WB32,,,Yibing Wu,R,183,CHN,26.371,142,434,SY67,,,Sho Shimabukuro,R,180,JPN,28.578,130,479,6-3 7-6(4),3,R16,88,7,2,68,43,35,17,11,1,1,14,1,59,40,33,10,10,0,1
2026-8996,Santiago,Clay,28,250,O,20260226,14,D0FJ,2,,Luciano Darderi,R,183,ITA,24.033,21,1904,N0BS,,,Mariano Navone,R,178,ARG,24.997,77,725,6-3 3-6 6-4,3,R16,146,2,3,98,51,37,21,14,9,13,1,6,86,54,35,11,14,7,12
2026-8996,Santiago,Clay,28,250,O,20260226,15,PH64,,,Andrea Pellegrino,R,185,ITA,28.931,137,447,C0DF,7,,Francisco Comesana,R,178,ARG,25.391,82,694,7-6(3) 6-7(2) 6-3,3,R16,171,3,5,109,54,38,34,16,4,6,9,11,111,64,53,18,17,3,7
2026-8996,Santiago,Clay,28,250,O,20260226,16,G0FW,,,Vilius Gaubas,R,178,LTU,21.161,107,558,P0HW,,,Dino Prizmic,R,188,CRO,20.561,120,529,5-7 7-5 6-3,3,R16,182,0,6,101,62,45,19,17,2,5,9,5,104,65,47,16,16,9,13
2026-495,Dubai,Hard,32,500,O,20260226,25,MM58,3,,Daniil Medvedev,R,198,RUS,30.042,11,2960,B0CD,,,Jenson Brooksby,R,193,USA,25.336,49,1042,6-2 6-1,3,QF,56,7,0,42,35,27,4,7,0,0,0,2,46,36,17,4,8,6,11
2026-495,Dubai,Hard,32,500,O,20260226,26,RE44,5,,Andrey Rublev,R,188,RUS,28.353,18,2210,RC91,,,Arthur Rinderknech,R,196,FRA,30.598,31,1530,6-2 6-4,3,QF,75,5,1,51,29,23,12,9,1,2,7,3,60,32,19,11,9,3,7
2026-495,Dubai,Hard,32,500,O,20260226,27,AG37,1,,Felix Auger-Aliassime,R,193,CAN,25.552,8,4080,L0BV,8,,Jiri Lehecka,R,185,CZE,24.301,24,1760,6-3 7-6(2),3,QF,112,16,2,64,42,35,13,10,2,2,7,0,95,63,42,15,11,7,9
2026-8996,Santiago,Clay,28,250,O,20260226,17,N0AM,,,Emilio Nava,R,185,USA,24.235,79,710,V0DP,,,Adolfo Daniel Vallejo,R,183,PAR,21.832,106,561,7-5 6-3,3,R16,89,12,3,66,48,41,7,11,8,9,3,2,67,42,25,13,10,3,6
2026-495,Dubai,Hard,32,500,O,20260226,28,GJ37,,,Tallon Griekspoor,R,188,NED,29.654,25,1655,M0NI,6,,Jakub Mensik,R,196,CZE,20.487,13,2595,6-3 3-6 6-2,3,QF,102,6,3,69,41,34,16,13,0,1,16,1,70,47,32,12,13,0,3
2026-8996,Santiago,Clay,28,250,O,20260226,18,C0AU,1,,Francisco Cerundolo,R,185,ARG,27.54,19,2170,M0K4,,,Elmer Moller,R,183,DEN,22.637,127,509,6-2 6-2,3,R16,70,3,2,47,28,25,9,8,0,0,1,4,46,29,17,7,8,3,7
2026-807,Acapulco,Hard,32,500,O,20260227,25,N0AE,,,Brandon Nakashima,R,188,USA,24.569,29,1535,VA25,6,,Valentin Vacherot,R,193,MON,27.283,27,1591,2-6 6-2 6-3,3,QF,107,8,1,70,51,40,9,13,2,4,9,1,77,53,38,12,12,4,7
2026-807,Acapulco,Hard,32,500,O,20260227,26,C0E9,5,,Flavio Cobolli,R,183,ITA,23.814,20,2030,WB32,,,Yibing Wu,R,183,CHN,26.374,142,434,7-6(4) 6-1,3,QF,95,10,4,74,36,30,20,10,8,8,1,0,55,37,26,9,9,1,3
2026-807,Acapulco,Hard,32,500,O,20260227,27,TD51,8,,Frances Tiafoe,R,188,USA,28.104,28,1590,B0GG,,,Mattia Bellucci,L,175,ITA,24.742,110,553,6-3 6-4,3,QF,106,5,3,79,53,34,11,9,8,10,6,3,62,42,22,11,10,3,8
2026-807,Acapulco,Hard,32,500,O,20260227,28,KI95,,,Miomir Kecmanovic,R,183,SRB,26.494,84,685,A0GC,,,Terence Atmane,L,193,FRA,24.134,63,858,6-3 6-3,3,QF,90,5,0,48,29,23,13,9,0,1,6,2,74,45,26,13,9,9,13
2026-8996,Santiago,Clay,28,250,O,20260227,19,TE30,8,,Alejandro Tabilo,L,188,CHI,28.739,42,1113,T0A1,,,Thiago Agustin Tirante,R,185,ARG,24.884,76,739,4-6 6-3 6-3,3,R16,127,7,2,73,45,33,19,14,1,3,6,5,94,58,40,16,14,8,12
2026-8996,Santiago,Clay,28,250,O,20260227,20,B0BI,3,,Sebastian Baez,R,170,ARG,25.166,52,1005,GD64,,,Cristian Garin,R,185,CHI,29.747,93,656,7-6(2) 1-6 7-5,3,R16,153,2,4,115,82,53,17,15,11,15,6,2,97,65,50,12,16,5,8
2026-495,Dubai,Hard,32,500,O,20260227,29,GJ37,,,Tallon Griekspoor,R,188,NED,29.656,25,1655,RE44,5,,Andrey Rublev,R,188,RUS,28.356,18,2210,7-5 7-6(6),3,SF,105,19,2,82,57,42,17,12,6,6,20,2,70,47,40,13,12,0,1
2026-495,Dubai,Hard,32,500,O,20260227,30,MM58,3,,Daniil Medvedev,R,198,RUS,30.045,11,2960,AG37,1,,Felix Auger-Aliassime,R,193,CAN,25.555,8,4080,6-4 6-2,3,SF,83,7,2,43,26,23,13,9,0,0,7,2,64,44,28,8,9,1,4
2026-8996,Santiago,Clay,28,250,O,20260227,21,C0AU,1,,Francisco Cerundolo,R,185,ARG,27.543,19,2170,N0AM,,,Emilio Nava,R,185,USA,24.238,79,710,6-1 6-1,3,QF,66,1,1,41,26,21,9,7,2,2,2,2,56,34,17,7,7,8,13
2026-8996,Santiago,Clay,28,250,O,20260227,22,H997,,,Yannick Hanfmann,R,193,GER,34.292,81,695,G0FW,,,Vilius Gaubas,R,178,LTU,21.164,107,558,3-6 6-2 6-2,3,QF,132,5,4,77,46,34,18,12,6,8,4,1,93,70,43,7,13,10,15
2026-8996,Santiago,Clay,28,250,O,20260228,23,D0FJ,2,,Luciano Darderi,R,183,ITA,24.038,21,1904,PH64,,,Andrea Pellegrino,R,185,ITA,28.936,137,447,6-3 3-6 6-2,3,QF,121,7,1,69,35,30,17,13,2,4,0,3,94,49,32,20,13,9,13
2026-807,Acapulco,Hard,32,500,O,20260228,29,TD51,8,,Frances Tiafoe,R,188,USA,28.107,28,1590,N0AE,,,Brandon Nakashima,R,188,USA,24.572,29,1535,3-6 7-6(6) 6-4,3,SF,171,7,2,106,62,45,19,15,6,10,16,1,101,68,48,18,16,7,11
2026-807,Acapulco,Hard,32,500,O,20260228,30,C0E9,5,,Flavio Cobolli,R,183,ITA,23.817,20,2030,KI95,,,Miomir Kecmanovic,R,183,SRB,26.497,84,685,7-6(5) 3-6 6-4,3,SF,146,13,3,95,49,36,23,15,4,8,7,2,96,57,42,21,16,4,8
2026-8996,Santiago,Clay,28,250,O,20260228,24,B0BI,3,,Sebastian Baez,R,170,ARG,25.169,52,1005,TE30,8,,Alejandro Tabilo,L,188,CHI,28.742,42,1113,7-6(2) 6-1,3,QF,81,1,3,70,53,40,11,10,3,3,6,0,52,33,24,8,9,2,4
2026-495,Dubai,Hard,32,500,O,20260228,31,MM58,3,,Daniil Medvedev,R,198,RUS,30.048,11,2960,GJ37,,,Tallon Griekspoor,R,188,NED,29.659,25,1655,W/O,3,F,,,,,,,,,,,,,,,,,,,
2026-8996,Santiago,Clay,28,250,O,20260301,25,H997,,,Yannick Hanfmann,R,193,GER,34.297,81,695,C0AU,1,,Francisco Cerundolo,R,185,ARG,27.548,19,2170,6-3 6-4,3,SF,84,0,0,58,34,27,16,10,2,2,5,2,54,39,27,7,9,1,3
2026-8996,Santiago,Clay,28,250,O,20260301,26,D0FJ,2,,Luciano Darderi,R,183,ITA,24.041,21,1904,B0BI,3,,Sebastian Baez,R,170,ARG,25.172,52,1005,6-4 6-3,3,SF,89,2,5,68,31,22,18,10,4,6,0,4,51,31,20,9,9,3,7
2026-807,Acapulco,Hard,32,500,O,20260301,31,C0E9,5,,Flavio Cobolli,R,183,ITA,23.819,20,2030,TD51,8,,Frances Tiafoe,R,188,USA,28.11,28,1590,7-6(4) 6-4,3,F,129,10,2,72,53,42,9,11,2,3,6,1,84,48,35,16,11,4,6
2026-8996,Santiago,Clay,28,250,O,20260302,27,D0FJ,2,,Luciano Darderi,R,183,ITA,24.044,21,1904,H997,,,Yannick Hanfmann,R,193,GER,34.3,81,695,7-6(6) 7-5,3,F,107,6,3,71,49,39,13,12,2,4,10,2,71,45,32,14,12,3,6
2026-404,Indian Wells Masters,Hard,96,M,O,20260304,1,U182,,,Camilo Ugo Carabelli,R,185,ARG,26.713,67,790,D0DT,,,Martin Damm,L,203,USA,22.426,129,477,7-6(5) 6-3,3,R128,110,8,5,83,50,42,17,11,5,5,9,2,70,43,31,16,10,4,5
2026-404,Indian Wells Masters,Hard,96,M,O,20260304,2,W09E,,,Adam Walton,R,183,AUS,26.88,91,650,HB64,,,Quentin Halys,R,191,FRA,29.352,102,600,6-3 6-3,3,R128,77,12,1,64,42,34,9,9,5,5,7,1,45,25,19,10,9,1,4
2026-404,Indian Wells Masters,Hard,96,M,O,20260304,3,O522,,,Reilly Opelka,R,211,USA,28.517,68,786,Q02L,,,Ethan Quinn,R,191,USA,21.979,73,761,7-5 7-6(3),3,R128,101,17,6,67,46,39,13,12,4,5,5,3,85,53,38,14,12,5,7
2026-404,Indian Wells Masters,Hard,96,M,O,20260304,4,BU13,,,Zizou Bergs,R,185,BEL,26.754,47,1030,SL28,,,Jan-Lennard Struff,R,193,GER,35.86,80,719,6-3 6-4,3,R128,73,5,2,53,31,27,14,10,0,0,5,4,64,39,31,10,9,8,10
2026-404,Indian Wells Masters,Hard,96,M,O,20260304,5,GC88,,,Marcos Giron,R,180,USA,32.613,69,780,N0BS,,,Mariano Navone,R,178,ARG,25.016,79,725,4-6 7-5 6-3,3,R128,140,5,2,86,61,44,13,15,3,6,4,5,93,69,49,7,16,6,11
2026-404,Indian Wells Masters,Hard,96,M,O,20260304,6,KI95,,,Miomir Kecmanovic,R,183,SRB,26.511,58,875,AE14,,,Daniel Altmaier,R,188,GER,27.477,55,921,6-3 1-0 RET,3,R128,61,7,2,32,18,16,8,5,0,0,6,2,51,33,19,8,5,4,6
2026-404,Indian Wells Masters,Hard,96,M,O,20260305,7,B0CD,,,Jenson Brooksby,R,193,USA,25.355,41,1135,P09Z,,,Alexei Popyrin,R,196,AUS,26.582,45,1050,6-3 6-4,3,R128,91,2,1,62,47,34,11,10,2,2,8,0,64,47,30,8,9,3,5
2026-404,Indian Wells Masters,Hard,96,M,O,20260305,8,D0F6,,,Gabriel Diallo,R,203,CAN,24.444,38,1175,B0GG,,,Mattia Bellucci,L,175,ITA,24.758,94,640,7-6(5) 6-4,3,R128,133,10,1,75,50,38,15,11,1,1,8,2,83,53,38,16,11,6,7
2026-404,Indian Wells Masters,Hard,96,M,O,20260305,9,F724,,,Marton Fucsovics,R,188,HUN,34.07,56,916,O483,,,Christopher O'Connell,R,183,AUS,31.754,127,493,7-5 6-3,3,R128,90,5,0,54,40,33,9,11,0,1,5,1,67,36,24,15,10,1,4
2026-404,Indian Wells Masters,Hard,96,M,O,20260305,10,S0GD,,,Dalibor Svrcina,R,178,CZE,23.422,109,569,D994,,,James Duckworth,R,183,AUS,34.119,83,691,6-2 6-4,3,R128,91,3,5,67,41,34,11,9,7,7,4,0,64,39,24,13,9,8,11
2026-404,Indian Wells Masters,Hard,96,M,O,20260305,11,MC65,,,Gael Monfils,R,193,FRA,39.507,148,410,GK06,,,Alexis Galarneau,R,180,CAN,27.009,219,265,6-3 6-4,3,R128,82,6,1,62,44,32,9,10,2,4,1,6,60,35,19,11,9,4,8
2026-404,Indian Wells Masters,Hard,96,M,O,20260305,12,BK40,,,Matteo Berrettini,R,196,ITA,29.895,66,820,ME82,,,Adrian Mannarino,L,180,FRA,37.681,48,1025,4-6 7-5 7-5,3,R128,168,14,3,100,69,51,16,17,7,10,6,2,113,73,51,18,17,5,9
2026-404,Indian Wells Masters,Hard,96,M,O,20260305,13,P0HW,,,Dino Prizmic,R,188,CRO,20.58,119,541,S0N0,,,Tristan Schoolkate,R,183,AUS,25.018,118,547,7-6(5) 3-6 7-5,3,R128,150,7,4,93,51,42,27,16,1,2,16,1,96,63,55,18,17,4,5
2026-404,Indian Wells Masters,Hard,96,M,O,20260305,14,F0FV,,,Joao Fonseca,R,188,BRA,19.537,35,1240,C0JP,,,Raphael Collignon,R,191,BEL,24.14,77,733,7-6(2) 6-4,3,R128,102,3,0,64,46,34,13,11,0,1,5,4,77,50,34,12,11,5,7
2026-404,Indian Wells Masters,Hard,96,M,O,20260305,15,S0K7,,,Zachary Svajda,R,175,USA,23.264,99,614,C977,,,Marin Cilic,R,198,CRO,37.432,51,990,7-6(5) 6-4,3,R128,106,5,1,78,47,40,15,11,5,6,17,1,67,43,38,8,11,3,5
2026-404,Indian Wells Masters,Hard,96,M,O,20260305,16,SU55,,,Denis Shapovalov,L,185,CAN,26.888,39,1160,TE51,,,Stefanos Tsitsipas,R,193,GRE,27.562,43,1085,6-2 3-6 6-4,3,R128,106,3,2,67,45,35,12,13,1,3,0,3,84,49,33,16,14,6,10
2026-404,Indian Wells Masters,Hard,96,M,O,20260305,17,S0H2,,,Alexander Shevchenko,R,188,KAZ,25.262,88,659,SY67,,,Sho Shimabukuro,R,180,JPN,28.597,113,554,6-4 3-6 6-2,3,R128,130,8,0,91,48,35,24,13,4,5,6,10,91,46,33,23,14,4,7
2026-404,Indian Wells Masters,Hard,96,M,O,20260305,18,MQ75,,,Kamil Majchrzak,R,183,POL,30.141,57,895,M0GZ,,,Giovanni Mpetshi Perricard,R,203,FRA,22.658,54,930,6-3 1-6 7-5,3,R128,106,6,1,75,52,39,11,14,0,3,11,7,90,63,48,7,14,4,7
2026-404,Indian Wells Masters,Hard,96,M,O,20260305,19,K0AZ,,,Aleksandar Kovacevic,R,183,USA,27.518,72,771,HB71,,,Hubert Hurkacz,R,196,POL,29.062,71,775,7-6(6) 7-6(4),3,R128,111,9,4,82,56,44,15,12,2,3,10,5,85,58,43,13,12,2,3
2026-404,Indian Wells Masters,Hard,96,M,O,20260305,20,B0BI,,,Sebastian Baez,R,170,ARG,25.185,53,940,T0AP,,,Chun-Hsin Tseng,R,175,TPE,24.575,144,414,6-3 6-2,3,R128,76,0,1,52,40,31,5,8,4,4,0,5,57,40,25,4,9,4,8
2026-404,Indian Wells Masters,Hard,96,M,O,20260305,21,D875,,,Grigor Dimitrov,R,191,BUL,34.806,42,1105,A0GC,,,Terence Atmane,L,193,FRA,24.153,52,958,6-4 5-7 6-4,3,R128,145,3,2,94,58,43,17,16,2,6,10,8,117,63,46,21,16,11,16
2026-404,Indian Wells Masters,Hard,96,M,O,20260305,22,F0BY,,,Jacob Fearnley,R,183,GBR,24.641,87,662,D923,,,Damir Dzumhur,R,175,BIH,33.793,64,840,6-3 6-3,3,R128,83,6,5,53,33,28,8,9,1,2,1,2,63,43,25,7,9,6,10
2026-404,Indian Wells Masters,Hard,96,M,O,20260306,23,BD06,,,Roberto Bautista Agut,R,183,ESP,37.892,93,645,M0CI,,,Fabian Marozsan,R,193,HUN,26.409,46,1040,6-4 6-7(2) 6-4,3,R128,140,4,2,94,60,47,20,16,8,9,7,3,109,68,46,22,16,1,4
2026-404,Indian Wells Masters,Hard,96,M,O,20260306,24,BM95,,,Benjamin Bonzi,R,183,FRA,29.739,111,564,R0EB,,,Valentin Royer,R,188,FRA,24.769,60,872,6-4 6-3,3,R128,76,1,0,48,38,29,5,9,3,4,4,1,60,40,25,9,10,1,5
2026-404,Indian Wells Masters,Hard,96,M,O,20260306,25,M0QI,,,Alex Michelsen,R,193,USA,21.528,44,1085,M0N7,,,Daniel Merida,R,188,ESP,21.44,139,432,6-3 6-4,3,R128,69,6,1,55,41,32,9,10,0,1,4,3,56,41,23,9,9,1,4
2026-404,Indian Wells Masters,Hard,96,M,O,20260306,26,KI82,,,Vit Kopriva,R,178,CZE,28.723,62,848,Z0BZ,,,Michael Zheng,R,188,USA,22.105,145,414,7-6(1) 7-5,3,R128,129,3,8,83,47,32,16,12,4,8,1,2,99,65,37,12,12,5,10
2026-404,Indian Wells Masters,Hard,96,M,O,20260306,27,BT72,,,Nuno Borges,R,185,POR,29.04,49,1020,N0AM,,,Emilio Nava,R,185,USA,24.257,75,753,7-6(9) 7-5,3,R128,110,3,2,79,49,43,18,12,5,5,12,3,94,61,43,18,12,9,10
2026-404,Indian Wells Masters,Hard,96,M,O,20260306,28,C0C8,,,Juan Manuel Cerundolo,L,183,ARG,24.304,70,778,V812,,,Botic van de Zandschulp,R,191,NED,30.42,59,873,7-6(3) 6-7(5) 6-3,3,R128,162,12,1,128,88,61,19,17,4,7,4,9,102,65,47,18,16,1,5
2026-404,Indian Wells Masters,Hard,96,M,O,20260306,29,H0BH,,,Rinky Hijikata,R,178,AUS,25.029,117,547,M0IF,,,Francesco Maestrelli,R,196,ITA,23.206,114,553,7-6(5) 6-4,3,R128,107,5,2,76,44,32,20,11,4,5,7,2,71,52,40,7,11,6,8
2026-404,Indian Wells Masters,Hard,96,M,O,20260306,30,K0AH,,,Sebastian Korda,R,196,USA,25.667,37,1220,C0DF,,,Francisco Comesana,R,178,ARG,25.413,82,694,7-5 6-0,3,R128,78,0,2,49,29,22,7,9,1,4,1,1,58,35,14,8,9,4,11
2026-404,Indian Wells Masters,Hard,96,M,O,20260306,31,MK66,,,Mackenzie McDonald,R,178,USA,30.888,126,498,A0FC,,,Matteo Arnaldi,R,185,ITA,25.032,85,665,6-0 6-1,3,R128,62,2,0,51,27,18,16,7,5,5,2,5,34,14,6,7,6,2,7
2026-404,Indian Wells Masters,Hard,96,M,O,20260306,32,TE30,,,Alejandro Tabilo,L,188,CHI,28.758,40,1138,J0DZ,,,Rafael Jodar,R,191,ESP,19.466,103,594,6-1 6-2,3,R128,58,4,0,43,30,26,7,8,0,0,3,3,43,26,14,6,7,1,5
2026-404,Indian Wells Masters,Hard,96,M,O,20260306,33,T0HA,25,,Learner Tien,L,180,USA,20.257,27,1685,W09E,,,Adam Walton,R,183,AUS,26.886,91,650,7-6(3) 7-6(8),3,R64,104,9,4,82,46,36,23,12,2,3,11,0,92,67,47,13,12,4,5
2026-404,Indian Wells Masters,Hard,96,M,O,20260306,34,Z355,4,,Alexander Zverev,R,198,GER,28.876,4,4555,BK40,,,Matteo Berrettini,R,196,ITA,29.897,66,820,6-3 6-4,3,R64,71,4,1,46,35,31,9,10,0,0,5,2,52,38,29,7,9,3,5
2026-404,Indian Wells Masters,Hard,96,M,O,20260307,35,F724,,,Marton Fucsovics,R,188,HUN,34.075,56,916,M0EJ,5,,Lorenzo Musetti,R,185,ITA,24.011,5,4405,7-5 6-1,3,R64,88,4,2,58,36,29,12,10,1,2,1,2,65,41,27,7,9,7,11
2026-404,Indian Wells Masters,Hard,96,M,O,20260307,36,C0E9,15,,Flavio Cobolli,R,183,ITA,23.836,15,2480,KI95,,,Miomir Kecmanovic,R,183,SRB,26.516,58,875,3-6 6-3 6-4,3,R64,117,13,8,84,43,33,21,14,2,4,1,2,86,45,33,20,14,9,12
2026-404,Indian Wells Masters,Hard,96,M,O,20260307,37,AG37,9,,Felix Auger-Aliassime,R,193,CAN,25.577,9,3950,MC65,,,Gael Monfils,R,193,FRA,39.513,148,410,6-7(5) 6-3 6-4,3,R64,136,14,4,98,64,52,20,16,2,2,12,5,91,65,48,17,15,3,5
2026-404,Indian Wells Masters,Hard,96,M,O,20260307,38,S0S1,8,,Ben Shelton,L,193,USA,23.409,8,4010,O522,,,Reilly Opelka,R,211,USA,28.523,68,786,6-7(3) 7-6(4) 6-3,3,R64,132,11,6,98,60,52,26,17,0,0,23,5,103,70,54,20,16,2,3
2026-404,Indian Wells Masters,Hard,96,M,O,20260307,39,TD51,21,,Frances Tiafoe,R,188,USA,28.126,22,1870,B0CD,,,Jenson Brooksby,R,193,USA,25.361,41,1135,6-4 6-2,3,R64,83,6,1,53,30,27,11,9,2,3,6,1,60,36,26,6,9,3,7
2026-404,Indian Wells Masters,Hard,96,M,O,20260307,40,N0AE,28,,Brandon Nakashima,R,188,USA,24.591,30,1535,U182,,,Camilo Ugo Carabelli,R,185,ARG,26.721,67,790,6-3 6-4,3,R64,73,13,0,49,38,33,7,10,0,0,3,1,50,36,26,7,9,5,7
2026-404,Indian Wells Masters,Hard,96,M,O,20260307,41,F0F1,30,,Arthur Fils,R,185,FRA,21.733,32,1440,P0HW,,,Dino Prizmic,R,188,CRO,20.586,119,541,6-2 3-2 RET,3,R64,65,1,1,36,21,15,11,6,3,3,0,5,44,21,13,11,7,4,7
2026-404,Indian Wells Masters,Hard,96,M,O,20260307,42,DH50,18,,Alejandro Davidovich Fokina,R,180,ESP,26.754,19,2190,S0K7,,,Zachary Svajda,R,175,USA,23.269,99,614,7-6(0) 6-2,3,R64,79,8,1,63,42,33,11,10,5,7,10,3,58,37,23,9,10,4,8
2026-404,Indian Wells Masters,Hard,96,M,O,20260307,43,S0AG,2,,Jannik Sinner,R,191,ITA,24.556,2,10400,S0GD,,,Dalibor Svrcina,R,178,CZE,23.428,109,569,6-1 6-1,3,R64,64,2,2,38,26,21,9,7,1,1,1,4,56,38,17,9,7,7,12
2026-404,Indian Wells Masters,Hard,96,M,O,20260307,44,M0NI,12,,Jakub Mensik,R,196,CZE,20.512,12,2650,GC88,,,Marcos Giron,R,180,USA,32.619,69,780,7-5 7-6(4),3,R64,104,12,3,88,54,41,15,12,9,10,2,2,69,44,32,13,12,1,3
2026-404,Indian Wells Masters,Hard,96,M,O,20260307,45,PL56,23,,Tommy Paul,R,185,USA,28.805,24,1815,BU13,,,Zizou Bergs,R,185,BEL,26.76,47,1030,6-1 6-2,3,R64,68,1,1,39,22,17,13,7,3,3,3,4,57,26,15,11,8,4,9
2026-404,Indian Wells Masters,Hard,96,M,O,20260307,46,SU55,,,Denis Shapovalov,L,185,CAN,26.894,39,1160,EA24,29,,Tomas Martin Etcheverry,R,196,ARG,26.637,31,1445,6-3 2-6 7-6(5),3,R64,158,14,9,99,64,46,15,15,3,6,4,0,102,65,42,20,14,8,10
2026-404,Indian Wells Masters,Hard,96,M,O,20260308,47,VA25,24,,Valentin Vacherot,R,193,MON,27.307,26,1691,BT72,,,Nuno Borges,R,185,POR,29.046,49,1020,7-5 7-5,3,R64,94,17,4,65,47,37,11,12,2,3,6,3,83,58,40,11,12,8,11
2026-404,Indian Wells Masters,Hard,96,M,O,20260308,48,RH16,13,,Casper Ruud,R,183,NOR,27.209,13,2625,S0H2,,,Alexander Shevchenko,R,188,KAZ,25.27,88,659,6-1 7-6(4),3,R64,86,5,0,62,39,26,20,10,3,3,9,2,56,36,23,11,9,4,6
2026-404,Indian Wells Masters,Hard,96,M,O,20260308,49,D0CO,14,,Jack Draper,L,193,GBR,24.208,14,2510,BD06,,,Roberto Bautista Agut,R,183,ESP,37.897,93,645,3-6 6-3 6-2,3,R64,105,9,2,70,40,35,17,13,6,7,1,1,73,59,39,6,13,4,7
2026-404,Indian Wells Masters,Hard,96,M,O,20260308,50,F0FV,,,Joao Fonseca,R,188,BRA,19.546,35,1240,KE29,16,,Karen Khachanov,R,198,RUS,29.796,16,2450,4-6 7-6(7) 6-4,3,R64,135,11,3,93,66,53,13,16,4,7,12,3,97,59,44,22,16,1,4
2026-404,Indian Wells Masters,Hard,96,M,O,20260308,51,C0AU,19,,Francisco Cerundolo,R,185,ARG,27.567,20,2170,BM95,,,Benjamin Bonzi,R,183,FRA,29.744,111,564,6-4 5-7 7-6(5),3,R64,149,6,8,115,70,51,21,17,9,13,4,0,109,88,57,8,17,7,11
2026-404,Indian Wells Masters,Hard,96,M,O,20260308,52,RC91,26,,Arthur Rinderknech,R,196,FRA,30.626,28,1617,C0C8,,,Juan Manuel Cerundolo,L,183,ARG,24.309,70,778,W/O,3,R64,,,,,,,,,,,,,,,,,,,
2026-404,Indian Wells Masters,Hard,96,M,O,20260308,53,K0AZ,,,Aleksandar Kovacevic,R,183,USA,27.524,72,771,MW02,31,,Corentin Moutet,L,180,FRA,26.886,33,1383,6-1 6-4,3,R64,100,2,0,69,42,30,14,9,3,3,4,5,53,36,25,4,8,3,6
2026-404,Indian Wells Masters,Hard,96,M,O,20260308,54,D0F6,,,Gabriel Diallo,R,203,CAN,24.452,38,1175,RE44,17,,Andrey Rublev,R,188,RUS,28.381,17,2400,6-7(4) 7-6(1) 6-3,3,R64,172,12,6,120,82,64,13,17,2,5,6,3,106,64,44,24,16,3,7
2026-404,Indian Wells Masters,Hard,96,M,O,20260308,55,D643,3,,Novak Djokovic,R,188,SRB,38.795,3,5280,MQ75,,,Kamil Majchrzak,R,183,POL,30.149,57,895,4-6 6-1 6-2,3,R64,132,5,5,81,54,42,12,13,3,5,3,1,99,62,39,14,12,11,16
2026-404,Indian Wells Masters,Hard,96,M,O,20260308,56,A0E2,1,,Carlos Alcaraz,R,183,ESP,22.842,1,13550,D875,,,Grigor Dimitrov,R,191,BUL,34.812,42,1105,6-2 6-3,3,R64,66,6,2,49,35,27,10,9,1,1,1,5,48,29,22,5,8,1,4
2026-404,Indian Wells Masters,Hard,96,M,O,20260308,57,B0BI,,,Sebastian Baez,R,170,ARG,25.191,53,940,L0BV,22,,Jiri Lehecka,R,185,CZE,24.329,23,1850,6-4 6-1,3,R64,71,0,2,51,36,25,9,8,3,4,2,0,50,34,18,6,9,2,7
2026-404,Indian Wells Masters,Hard,96,M,O,20260308,58,DH58,6,,Alex de Minaur,R,183,AUS,27.054,6,4235,K0AH,,,Sebastian Korda,R,196,USA,25.673,37,1220,4-6 6-4 6-4,3,R64,140,8,4,101,59,37,27,15,5,7,6,3,91,54,39,17,15,4,7
2026-404,Indian Wells Masters,Hard,96,M,O,20260308,59,FB98,7,,Taylor Fritz,R,196,USA,28.359,7,4220,F0BY,,,Jacob Fearnley,R,183,GBR,24.646,87,662,6-3 6-7(8) 6-1,3,R64,133,20,1,95,68,54,15,15,3,4,5,6,99,65,44,15,13,5,9
2026-404,Indian Wells Masters,Hard,96,M,O,20260308,60,H0BH,,,Rinky Hijikata,R,178,AUS,25.035,117,547,D0FJ,20,,Luciano Darderi,R,183,ITA,24.06,21,2104,4-6 6-2 6-4,3,R64,128,11,5,77,39,31,23,14,2,4,5,2,94,55,35,21,14,5,9
2026-404,Indian Wells Masters,Hard,96,M,O,20260308,61,N771,27,,Cameron Norrie,L,188,GBR,30.541,29,1603,MK66,,,Mackenzie McDonald,R,178,USA,30.894,126,498,6-2 6-3,3,R64,81,9,2,57,36,29,11,9,5,6,2,2,61,39,23,7,8,3,7
2026-404,Indian Wells Masters,Hard,96,M,O,20260308,62,M0QI,,,Alex Michelsen,R,193,USA,21.533,44,1085,HH26,32,,Ugo Humbert,L,188,FRA,27.699,34,1285,7-5 6-7(5) 7-6(6),3,R64,166,6,3,117,76,59,24,18,2,3,12,4,112,77,63,15,18,4,6
2026-404,Indian Wells Masters,Hard,96,M,O,20260308,63,BK92,10,,Alexander Bublik,R,196,KAZ,28.723,10,3405,KI82,,,Vit Kopriva,R,178,CZE,28.728,62,848,3-6 7-6(3) 6-2,3,R64,125,10,1,79,51,39,19,14,2,4,8,8,113,71,43,22,15,8,11
2026-404,Indian Wells Masters,Hard,96,M,O,20260308,64,MM58,11,,Daniil Medvedev,R,198,RUS,30.07,11,3360,TE30,,,Alejandro Tabilo,L,188,CHI,28.764,40,1138,6-4 6-2,3,R64,70,6,1,51,43,31,5,9,0,0,3,0,57,38,28,4,9,5,8
2026-404,Indian Wells Masters,Hard,96,M,O,20260308,65,Z355,4,,Alexander Zverev,R,198,GER,28.882,4,4555,N0AE,28,,Brandon Nakashima,R,188,USA,24.594,30,1535,7-6(2) 5-7 6-4,3,R32,151,15,2,101,77,62,11,17,4,5,17,2,105,77,62,11,17,3,4
2026-404,Indian Wells Masters,Hard,96,M,O,20260308,66,T0HA,25,,Learner Tien,L,180,USA,20.263,27,1685,S0S1,8,,Ben Shelton,L,193,USA,23.411,8,4010,7-6(3) 4-6 6-3,3,R32,129,15,10,106,71,58,18,16,5,6,8,3,100,63,45,23,15,7,8
2026-404,Indian Wells Masters,Hard,96,M,O,20260309,67,S0AG,2,,Jannik Sinner,R,191,ITA,24.561,2,10400,SU55,,,Denis Shapovalov,L,185,CAN,26.899,39,1160,6-3 6-2,3,R32,71,6,2,43,33,28,4,9,0,1,2,7,56,34,21,5,8,4,8
2026-404,Indian Wells Masters,Hard,96,M,O,20260309,68,DH50,18,,Alejandro Davidovich Fokina,R,180,ESP,26.76,19,2190,M0NI,12,,Jakub Mensik,R,196,CZE,20.517,12,2650,6-2 4-6 6-2,3,R32,125,3,0,74,51,36,14,13,6,8,8,5,78,46,34,10,13,5,10
2026-404,Indian Wells Masters,Hard,96,M,O,20260309,69,F0FV,,,Joao Fonseca,R,188,BRA,19.548,35,1240,PL56,23,,Tommy Paul,R,185,USA,28.81,24,1815,6-2 6-3,3,R32,82,2,0,50,33,24,11,9,0,1,2,2,58,39,23,6,8,6,10
2026-404,Indian Wells Masters,Hard,96,M,O,20260309,70,AG37,9,,Felix Auger-Aliassime,R,193,CAN,25.582,9,3950,D0F6,,,Gabriel Diallo,R,203,CAN,24.454,38,1175,6-7(5) 6-3 6-3,3,R32,147,9,5,96,62,50,19,15,3,4,11,0,90,71,47,10,15,3,7
2026-404,Indian Wells Masters,Hard,96,M,O,20260309,71,TD51,21,,Frances Tiafoe,R,188,USA,28.131,22,1870,C0E9,15,,Flavio Cobolli,R,183,ITA,23.841,15,2480,6-1 6-2,3,R32,67,7,1,56,33,27,12,8,5,5,1,0,43,25,13,7,7,5,9
2026-404,Indian Wells Masters,Hard,96,M,O,20260309,72,F0F1,30,,Arthur Fils,R,185,FRA,21.739,32,1440,F724,,,Marton Fucsovics,R,188,HUN,34.081,56,916,6-3 7-5,3,R32,83,4,0,55,33,27,17,11,0,0,10,4,63,36,31,10,10,6,8
2026-404,Indian Wells Masters,Hard,96,M,O,20260309,73,D643,3,,Novak Djokovic,R,188,SRB,38.798,3,5280,K0AZ,,,Aleksandar Kovacevic,R,183,USA,27.526,72,771,6-4 1-6 6-4,3,R32,122,6,4,70,44,33,16,13,2,4,16,1,96,54,42,20,14,4,6
2026-404,Indian Wells Masters,Hard,96,M,O,20260309,74,N771,27,,Cameron Norrie,L,188,GBR,30.543,29,1603,DH58,6,,Alex de Minaur,R,183,AUS,27.056,6,4235,6-4 6-4,3,R32,99,2,0,70,41,31,15,10,6,7,5,4,57,35,23,10,10,1,4
2026-404,Indian Wells Masters,Hard,96,M,O,20260309,75,H0BH,,,Rinky Hijikata,R,178,AUS,25.04,117,547,BK92,10,,Alexander Bublik,R,196,KAZ,28.728,10,3405,6-7(3) 7-6(3) 6-3,3,R32,155,8,3,115,73,56,24,17,0,0,19,5,121,80,62,18,16,6,7
2026-404,Indian Wells Masters,Hard,96,M,O,20260309,76,D0CO,14,,Jack Draper,L,193,GBR,24.214,14,2510,C0AU,19,,Francisco Cerundolo,R,185,ARG,27.573,20,2170,6-1 7-5,3,R32,78,4,4,51,34,27,7,9,2,4,1,3,66,39,21,13,10,8,14
2026-404,Indian Wells Masters,Hard,96,M,O,20260310,77,M0QI,,,Alex Michelsen,R,193,USA,21.539,44,1085,FB98,7,,Taylor Fritz,R,196,USA,28.364,7,4220,6-4 7-6(6),3,R32,99,9,1,78,55,40,13,11,7,8,12,0,77,54,39,9,11,7,9
2026-404,Indian Wells Masters,Hard,96,M,O,20260310,78,RH16,13,,Casper Ruud,R,183,NOR,27.214,13,2625,VA25,24,,Valentin Vacherot,R,193,MON,27.313,26,1691,3-6 6-3 6-4,3,R32,120,5,2,82,61,44,13,14,4,5,12,6,82,52,41,14,14,3,5
2026-404,Indian Wells Masters,Hard,96,M,O,20260310,79,A0E2,1,,Carlos Alcaraz,R,183,ESP,22.847,1,13550,RC91,26,,Arthur Rinderknech,R,196,FRA,30.631,28,1617,6-7(6) 6-3 6-2,3,R32,138,3,3,86,65,51,11,15,3,4,11,2,101,73,47,11,14,7,11
2026-404,Indian Wells Masters,Hard,96,M,O,20260310,80,MM58,11,,Daniil Medvedev,R,198,RUS,30.075,11,3360,B0BI,,,Sebastian Baez,R,170,ARG,25.196,53,940,6-4 6-0,3,R32,78,3,1,52,39,30,7,8,4,4,0,0,62,48,26,5,8,9,13
2026-404,Indian Wells Masters,Hard,96,M,O,20260310,81,F0F1,30,,Arthur Fils,R,185,FRA,21.741,32,1440,AG37,9,,Felix Auger-Aliassime,R,193,CAN,25.585,9,3950,6-3 7-6(9),3,R16,111,5,1,70,43,34,17,11,3,4,6,2,72,53,37,10,10,3,5
2026-404,Indian Wells Masters,Hard,96,M,O,20260310,82,Z355,4,,Alexander Zverev,R,198,GER,28.887,4,4555,TD51,21,,Frances Tiafoe,R,188,USA,28.134,22,1870,6-3 6-4,3,R16,89,14,1,63,44,34,9,10,2,2,6,3,60,38,24,13,9,1,3
2026-404,Indian Wells Masters,Hard,96,M,O,20260311,83,T0HA,25,,Learner Tien,L,180,USA,20.271,27,1685,DH50,18,,Alejandro Davidovich Fokina,R,180,ESP,26.765,19,2190,4-6 6-1 7-6(4),3,R16,128,10,4,114,69,50,23,15,4,5,8,4,87,62,41,12,14,0,2
2026-404,Indian Wells Masters,Hard,96,M,O,20260311,84,S0AG,2,,Jannik Sinner,R,191,ITA,24.567,2,10400,F0FV,,,Joao Fonseca,R,188,BRA,19.554,35,1240,7-6(6) 7-6(4),3,R16,121,15,1,75,44,38,16,12,1,2,9,3,81,57,42,14,12,3,4
2026-404,Indian Wells Masters,Hard,96,M,O,20260311,85,MM58,11,,Daniil Medvedev,R,198,RUS,30.078,11,3360,M0QI,,,Alex Michelsen,R,193,USA,21.541,44,1085,6-2 6-4,3,R16,87,9,2,68,53,38,6,9,4,5,1,1,59,39,21,9,9,6,10
2026-404,Indian Wells Masters,Hard,96,M,O,20260311,86,N771,27,,Cameron Norrie,L,188,GBR,30.549,29,1603,H0BH,,,Rinky Hijikata,R,178,AUS,25.043,117,547,6-4 6-2,3,R16,76,3,2,53,32,23,15,9,1,1,8,2,49,29,22,8,9,3,6
2026-404,Indian Wells Masters,Hard,96,M,O,20260312,87,A0E2,1,,Carlos Alcaraz,R,183,ESP,22.853,1,13550,RH16,13,,Casper Ruud,R,183,NOR,27.22,13,2625,6-1 7-6(2),3,R16,90,7,1,48,33,29,10,9,0,0,8,0,79,52,33,10,10,5,8
2026-404,Indian Wells Masters,Hard,96,M,O,20260312,88,D0CO,14,,Jack Draper,L,193,GBR,24.219,14,2510,D643,3,,Novak Djokovic,R,188,SRB,38.806,3,5280,4-6 6-4 7-6(5),3,R16,155,13,5,103,66,49,16,16,3,6,4,2,94,62,40,21,16,4,7
2026-404,Indian Wells Masters,Hard,96,M,O,20260312,89,Z355,4,,Alexander Zverev,R,198,GER,28.893,4,4555,F0F1,30,,Arthur Fils,R,185,FRA,21.747,32,1440,6-2 6-3,3,QF,82,7,1,51,36,27,9,8,3,3,7,4,69,38,21,16,9,6,10
2026-404,Indian Wells Masters,Hard,96,M,O,20260313,90,S0AG,2,,Jannik Sinner,R,191,ITA,24.572,2,10400,T0HA,25,,Learner Tien,L,180,USA,20.277,27,1685,6-1 6-2,3,QF,66,10,1,48,30,25,10,8,4,4,4,5,49,29,14,10,7,1,5
2026-404,Indian Wells Masters,Hard,96,M,O,20260313,91,MM58,11,,Daniil Medvedev,R,198,RUS,30.084,11,3360,D0CO,14,,Jack Draper,L,193,GBR,24.222,14,2510,6-1 7-5,3,QF,75,10,1,54,39,33,8,10,1,1,3,1,54,27,17,14,9,2,5
2026-404,Indian Wells Masters,Hard,96,M,O,20260313,92,A0E2,1,,Carlos Alcaraz,R,183,ESP,22.856,1,13550,N771,27,,Cameron Norrie,L,188,GBR,30.554,29,1603,6-3 6-4,3,QF,93,2,1,57,43,31,6,10,1,3,3,3,73,44,26,11,9,6,10
2026-404,Indian Wells Masters,Hard,96,M,O,20260315,93,MM58,11,,Daniil Medvedev,R,198,RUS,30.089,11,3360,A0E2,1,,Carlos Alcaraz,R,183,ESP,22.861,1,13550,6-3 7-6(3),3,SF,97,4,0,75,44,28,23,11,4,5,2,2,62,39,27,13,10,0,2
2026-404,Indian Wells Masters,Hard,96,M,O,20260315,94,S0AG,2,,Jannik Sinner,R,191,ITA,24.578,2,10400,Z355,4,,Alexander Zverev,R,198,GER,28.901,4,4555,6-2 6-4,3,SF,83,8,2,51,29,24,14,9,1,1,4,3,53,35,28,5,9,3,6
2026-404,Indian Wells Masters,Hard,96,M,O,20260315,95,S0AG,2,,Jannik Sinner,R,191,ITA,24.58,2,10400,MM58,11,,Daniil Medvedev,R,198,RUS,30.092,11,3360,7-6(6) 7-6(4),3,F,115,10,2,72,47,43,15,12,0,0,7,2,87,48,37,24,12,2,2
2026-403,Miami Masters,Hard,96,M,O,20260319,1,BD06,,,Roberto Bautista Agut,R,183,ESP,37.927,89,668,D994,,,James Duckworth,R,183,AUS,34.157,80,694,7-6(3) 7-6(4),3,R128,126,7,2,97,67,49,14,12,7,9,21,2,76,42,34,17,12,3,5
2026-403,Miami Masters,Hard,96,M,O,20260319,2,J0DZ,,,Rafael Jodar,R,191,ESP,19.502,109,588,H997,,,Yannick Hanfmann,R,193,GER,34.346,64,835,6-4 4-6 6-1,3,R128,112,8,1,75,44,35,18,14,3,5,4,4,73,41,29,15,13,7,11
2026-403,Miami Masters,Hard,96,M,O,20260319,3,N0BS,,,Mariano Navone,R,178,ARG,25.054,61,855,BG23,,,Nikoloz Basilashvili,R,185,GEO,34.067,134,463,7-6(7) 6-3,3,R128,99,7,0,72,53,42,12,11,5,5,7,6,68,30,24,20,10,0,1
2026-403,Miami Masters,Hard,96,M,O,20260319,4,BU13,,,Zizou Bergs,R,185,BEL,26.793,45,1030,B0CD,,,Jenson Brooksby,R,193,USA,25.394,42,1115,7-5 6-2,3,R128,88,1,3,54,32,25,11,10,1,3,3,3,71,52,31,6,10,4,9
2026-403,Miami Masters,Hard,96,M,O,20260319,5,K0O4,,WC,Moise Kouame,R,190,FRA,17.036,385,122,S0K7,,,Zachary Svajda,R,175,USA,23.302,96,644,5-7 6-4 6-4,3,R128,137,11,11,112,64,49,23,16,10,12,9,3,91,58,44,17,16,1,4
2026-403,Miami Masters,Hard,96,M,O,20260319,6,B0NO,,,Darwin Blanch,L,185,USA,18.472,272,193,SL28,,,Jan-Lennard Struff,R,193,GER,35.899,78,719,6-3 3-6 6-3,3,R128,85,9,1,76,50,41,13,14,2,4,10,2,74,53,38,11,13,7,10
2026-403,Miami Masters,Hard,96,M,O,20260319,7,ME82,,,Adrian Mannarino,L,180,FRA,37.719,43,1060,Z371,,,Zhizhen Zhang,R,193,CHN,29.421,270,195,6-3 6-2,3,R128,65,8,0,47,29,25,9,8,2,2,3,2,53,32,21,7,9,0,4
2026-403,Miami Masters,Hard,96,M,O,20260319,8,Q02L,,,Ethan Quinn,R,191,USA,22.018,56,906,HB71,,,Hubert Hurkacz,R,196,POL,29.098,75,735,6-2 6-4,3,R128,66,4,3,47,27,22,15,9,0,0,5,0,49,30,19,11,9,3,6
2026-403,Miami Masters,Hard,96,M,O,20260319,9,U182,,,Camilo Ugo Carabelli,R,185,ARG,26.754,66,810,M0GZ,,,Giovanni Mpetshi Perricard,R,203,FRA,22.697,59,890,2-6 6-3 7-6(3),3,R128,112,6,0,92,51,39,24,15,3,6,24,3,80,60,53,7,14,3,5
2026-403,Miami Masters,Hard,96,M,O,20260319,10,BK40,,,Matteo Berrettini,R,196,ITA,29.933,68,800,MP20,,,Alexandre Muller,R,183,FRA,29.125,90,665,6-4 6-2,3,R128,82,9,1,62,45,32,11,9,4,4,5,2,59,43,27,8,9,4,7
2026-403,Miami Masters,Hard,96,M,O,20260319,11,L0IL,,,Martin Landaluce,R,193,ESP,20.192,151,394,GC88,,,Marcos Giron,R,180,USA,32.652,70,790,6-3 7-6(6),3,R128,98,10,1,64,44,33,14,11,1,2,3,2,80,48,37,14,10,8,10
2026-403,Miami Masters,Hard,96,M,O,20260319,12,V812,,,Botic van de Zandschulp,R,191,NED,30.456,65,823,SU55,,,Denis Shapovalov,L,185,CAN,26.927,38,1160,7-5 6-3,3,R128,91,3,5,73,55,42,4,10,5,6,4,2,63,36,21,13,11,2,6
2026-403,Miami Masters,Hard,96,M,O,20260319,13,C0JP,,,Raphael Collignon,R,191,BEL,24.178,72,768,D875,,,Grigor Dimitrov,R,191,BUL,34.842,44,1035,7-6(3) 4-6 7-6(6),3,R128,151,12,6,102,67,60,14,17,0,2,23,8,117,74,59,22,17,4,5
2026-403,Miami Masters,Hard,96,M,O,20260319,14,C977,,,Marin Cilic,R,198,CRO,37.47,49,1000,P09Z,,,Alexei Popyrin,R,196,AUS,26.62,47,1010,6-4 6-4,3,R128,97,8,3,66,36,30,16,10,6,6,12,2,58,38,28,8,10,1,3
2026-403,Miami Masters,Hard,96,M,O,20260319,15,D0DT,,,Martin Damm,L,203,USA,,133,469,F0BY,,,Jacob Fearnley,R,183,GBR,24.676,83,679,6-0 RET,3,R128,23,3,0,13,10,10,2,3,0,0,0,3,23,11,6,2,3,2,5
2026-403,Miami Masters,Hard,96,M,O,20260319,16,F0FV,,,Joao Fonseca,R,188,BRA,19.576,39,1135,M0CI,,,Fabian Marozsan,R,193,HUN,26.445,46,1020,6-4 3-6 6-2,3,R128,110,12,1,84,64,48,9,13,2,3,8,4,84,53,39,15,14,5,8
2026-403,Miami Masters,Hard,96,M,O,20260319,17,O522,,,Reilly Opelka,R,211,USA,28.556,67,803,BT72,,,Nuno Borges,R,185,POR,29.076,50,995,6-7(6) 6-2 7-6(5),3,R128,121,27,4,90,65,57,16,16,0,0,2,4,91,54,44,23,16,0,2
2026-403,Miami Masters,Hard,96,M,O,20260319,18,TE51,,,Stefanos Tsitsipas,R,193,GRE,27.6,51,995,F0DM,,,Arthur Fery,R,175,GBR,23.685,174,342,6-1 7-6(4),3,R128,93,5,1,65,39,30,19,10,3,3,5,0,71,45,29,13,9,4,6
2026-403,Miami Masters,Hard,96,M,O,20260319,19,D923,,,Damir Dzumhur,R,175,BIH,33.832,76,723,B0ID,,,Ignacio Buse,R,183,PER,21.985,63,836,6-7(6) 7-6(6) 6-1,3,R128,156,3,2,108,70,54,22,16,2,3,7,4,100,66,47,17,15,5,8
2026-403,Miami Masters,Hard,96,M,O,20260320,20,M0QI,,,Alex Michelsen,R,193,USA,21.566,40,1135,B0GG,,,Mattia Bellucci,L,175,ITA,24.799,77,720,6-2 6-1,3,R128,65,8,2,52,41,34,2,8,6,6,0,4,41,27,16,3,7,1,5
2026-403,Miami Masters,Hard,96,M,O,20260320,21,HB64,,,Quentin Halys,R,191,FRA,29.396,111,580,D0DP,,,Liam Draxl,R,185,CAN,24.287,147,406,6-7(4) 6-1 6-1,3,R128,126,13,4,84,54,42,13,13,6,8,4,4,93,64,33,12,13,6,13
2026-403,Miami Masters,Hard,96,M,O,20260320,22,M0FH,,,Tomas Machac,R,183,CZE,25.432,48,1000,N0AM,,,Emilio Nava,R,185,USA,24.296,74,741,2-6 6-4 6-1,3,R128,91,5,3,66,43,31,13,12,0,2,4,3,80,52,33,16,13,5,9
2026-403,Miami Masters,Hard,96,M,O,20260320,23,MQ75,,,Kamil Majchrzak,R,183,POL,30.182,57,905,KI95,,,Miomir Kecmanovic,R,183,SRB,26.552,58,895,4-6 6-3 6-1,3,R128,118,13,2,88,59,42,14,13,4,6,6,3,94,56,31,19,13,8,13
2026-403,Miami Masters,Hard,96,M,O,20260320,24,TE30,,,Alejandro Tabilo,L,188,CHI,28.797,41,1118,C0DF,,,Francisco Comesana,R,178,ARG,25.451,82,679,6-4 6-2,3,R128,77,5,0,58,42,31,10,9,2,2,4,4,54,32,23,9,9,2,5
2026-403,Miami Masters,Hard,96,M,O,20260320,25,A0GC,,,Terence Atmane,L,193,FRA,24.192,53,968,AE14,,,Daniel Altmaier,R,188,GER,27.518,55,906,6-4 6-2,3,R128,67,6,1,56,36,29,11,9,2,2,2,3,46,30,21,8,9,2,5
2026-403,Miami Masters,Hard,96,M,O,20260320,26,S0UV,,,Rei Sakamoto,R,193,JPN,19.737,164,366,K0AZ,,,Aleksandar Kovacevic,R,183,USA,27.556,92,661,6-4 3-6 7-6(7),3,R128,179,19,0,78,52,44,17,15,0,1,21,2,88,69,56,9,16,1,2
2026-403,Miami Masters,Hard,96,M,O,20260320,27,PL56,22,,Tommy Paul,R,185,USA,28.841,23,1765,ME82,,,Adrian Mannarino,L,180,FRA,37.722,43,1060,6-2 2-6 6-4,3,R64,127,6,2,67,41,31,15,13,0,3,4,2,87,56,34,18,13,3,7
2026-403,Miami Masters,Hard,96,M,O,20260320,28,Q02L,,,Ethan Quinn,R,191,USA,22.021,56,906,RH16,11,,Casper Ruud,R,183,NOR,27.242,12,2715,6-4 7-6(7),3,R64,111,13,4,79,54,44,13,11,6,6,8,2,78,54,42,12,11,3,4
2026-403,Miami Masters,Hard,96,M,O,20260320,29,F724,,,Marton Fucsovics,R,188,HUN,34.111,54,959,O483,,,Christopher O'Connell,R,183,AUS,31.795,130,493,7-6(6) 6-3,3,R128,105,11,4,62,43,38,11,11,0,0,4,2,87,58,41,12,10,10,11
2026-403,Miami Masters,Hard,96,M,O,20260320,30,T0A1,,,Thiago Agustin Tirante,R,185,ARG,24.942,81,691,R0EB,,,Valentin Royer,R,188,FRA,24.808,69,795,7-5 6-7(9) 7-6(5),3,R128,204,15,3,117,83,63,19,18,4,6,7,3,144,95,66,26,18,12,15
2026-403,Miami Masters,Hard,96,M,O,20260321,31,FB98,6,,Taylor Fritz,R,196,USA,28.394,7,4170,V812,,,otic van de Zandschulp,R,191,NED,30.461,65,823,6-3 6-7(2) 6-3,3,R64,122,18,2,90,58,48,19,16,2,2,10,1,95,53,44,18,14,5,7
2026-403,Miami Masters,Hard,96,M,O,20260321,32,BK40,,,Matteo Berrettini,R,196,ITA,29.938,68,800,BK92,10,,Alexander Bublik,R,196,KAZ,28.758,11,3385,6-4 6-4,3,R64,88,17,1,72,45,34,15,10,6,6,5,3,64,41,31,11,10,5,7
2026-403,Miami Masters,Hard,96,M,O,20260321,33,KE29,14,,Karen Khachanov,R,198,RUS,29.832,15,2410,BD06,,,Roberto Bautista Agut,R,183,ESP,37.933,89,668,6-3 6-3,3,R64,73,6,0,52,36,27,11,9,0,0,3,0,48,31,22,7,9,3,6
2026-403,Miami Masters,Hard,96,M,O,20260321,34,O522,,,Reilly Opelka,R,211,USA,28.561,67,803,D0CO,25,,Jack Draper,L,193,GBR,24.244,26,1710,7-6(3) 7-6(0),3,R64,92,25,2,73,54,47,11,12,1,1,7,1,68,45,37,14,12,0,0
2026-403,Miami Masters,Hard,96,M,O,20260321,35,F0F1,28,,Arthur Fils,R,185,FRA,21.771,31,1440,B0NO,,,Darwin Blanch,L,185,USA,18.478,272,193,6-2 6-3,3,R64,65,4,2,48,31,25,13,9,0,0,3,1,63,43,29,6,8,8,11
2026-403,Miami Masters,Hard,96,M,O,20260321,37,W09E,,,Adam Walton,R,183,AUS,26.927,85,674,B0BI,,,Sebastian Baez,R,170,ARG,25.227,52,980,6-2 6-2,3,R128,67,8,1,47,30,23,10,8,1,2,2,2,45,33,14,6,8,5,10
2026-403,Miami Masters,Hard,96,M,O,20260321,38,A0E2,1,,Carlos Alcaraz,R,183,ESP,22.877,1,13550,F0FV,,,Joao Fonseca,R,188,BRA,19.581,39,1135,6-4 6-4,3,R64,95,8,3,63,44,35,10,10,3,3,5,2,67,42,28,12,10,3,5
2026-403,Miami Masters,Hard,96,M,O,20260321,39,K0AH,32,,Sebastian Korda,R,196,USA,25.708,36,1200,U182,,,Camilo Ugo Carabelli,R,185,ARG,26.76,66,810,6-0 6-3,3,R64,68,7,1,42,27,23,9,8,0,0,1,2,57,30,17,10,7,6,10
2026-403,Miami Masters,Hard,96,M,O,20260321,40,C0H0,,,Arthur Cazaux,R,183,FRA,23.576,73,754,BS86,,,Tomas Barrios Vera,R,191,CHI,28.277,119,551,7-5 6-4,3,R128,95,14,1,61,36,30,15,11,1,2,4,1,59,45,33,8,11,2,5
2026-403,Miami Masters,Hard,96,M,O,20260321,41,L0IL,,,Martin Landaluce,R,193,ESP,20.197,151,394,D0FJ,17,,Luciano Darderi,R,183,ITA,24.096,18,2084,6-3 6-7(4) 6-4,3,R64,143,8,4,98,61,48,20,16,3,5,10,2,100,72,54,9,15,4,8
2026-403,Miami Masters,Hard,96,M,O,20260321,42,TE51,,,Stefanos Tsitsipas,R,193,GRE,27.606,51,995,DH58,5,,Alex de Minaur,R,183,AUS,27.088,6,4185,6-3 7-6(3),3,R64,85,5,1,56,40,39,9,11,2,2,2,1,70,43,28,16,10,4,5
2026-403,Miami Masters,Hard,96,M,O,20260321,43,C0JP,,,Raphael Collignon,R,191,BEL,24.183,72,768,C0E9,13,,Flavio Cobolli,R,183,ITA,23.874,14,2520,7-5 6-3,3,R64,94,4,1,61,44,33,9,10,0,1,8,5,79,43,26,17,11,14,18
2026-403,Miami Masters,Hard,96,M,O,20260321,44,L0BV,21,,Jiri Lehecka,R,185,CZE,24.364,22,1850,K0O4,,WC,Moise Kouame,R,190,FRA,17.036,385,122,6-2 7-5,3,R64,95,3,0,55,34,28,14,10,3,3,3,7,77,39,22,21,10,7,10
2026-403,Miami Masters,Hard,96,M,O,20260321,45,VA25,24,,Valentin Vacherot,R,193,MON,27.343,25,1741,N0BS,,,Mariano Navone,R,178,ARG,25.06,61,855,6-3 6-4,3,R64,84,9,2,61,40,34,12,10,5,5,1,2,58,42,31,5,9,1,3
2026-403,Miami Masters,Hard,96,M,O,20260321,46,D0F6,,,Gabriel Diallo,R,203,CAN,24.487,37,1185,WB32,,,Yibing Wu,R,183,CHN,26.434,118,559,6-2 7-6(3),3,R128,90,11,5,73,49,41,11,10,7,7,3,0,57,34,26,12,10,0,2
2026-403,Miami Masters,Hard,96,M,O,20260321,47,S0H2,,,Alexander Shevchenko,R,188,KAZ,25.306,84,679,A0FC,,,Matteo Arnaldi,R,185,ITA,25.073,101,625,7-6(5) 6-7(5) 6-2,3,R128,147,8,2,116,79,56,18,16,5,7,8,8,113,72,52,18,16,10,14
2026-403,Miami Masters,Hard,96,M,O,20260321,48,MQ75,,,Kamil Majchrzak,R,183,POL,30.185,57,905,T0HA,20,,Learner Tien,L,180,USA,20.298,21,1860,6-2 4-6 6-2,3,R64,101,6,0,71,54,40,9,13,3,5,10,6,84,48,32,16,13,8,13
2026-403,Miami Masters,Hard,96,M,O,20260321,49,J0DZ,,,Rafael Jodar,R,191,ESP,19.507,109,588,V832,,,Aleksandar Vukic,R,188,AUS,29.955,93,656,6-1 6-2,3,R64,55,3,2,47,30,24,11,8,5,5,1,1,39,17,10,10,7,2,6
2026-403,Miami Masters,Hard,96,M,O,20260321,50,S0AG,2,,Jannik Sinner,R,191,ITA,24.594,2,11400,D923,,,Damir Dzumhur,R,175,BIH,33.834,76,723,6-3 6-3,3,R64,70,9,2,45,29,26,11,9,1,1,1,2,57,37,23,8,9,6,9
2026-403,Miami Masters,Hard,96,M,O,20260321,51,HB64,,,Quentin Halys,R,191,FRA,29.399,111,580,DH50,16,,Alejandro Davidovich Fokina,R,180,ESP,26.747,17,2260,7-6(8) 6-4,3,R64,110,15,1,85,54,40,17,11,2,2,5,2,70,48,36,14,11,3,4
2026-403,Miami Masters,Hard,96,M,O,20260321,53,EA24,29,,Tomas Martin Etcheverry,R,196,ARG,26.675,32,1430,BU13,,,Zizou Bergs,R,185,BEL,26.798,45,1030,7-6(5) 7-6(3),3,R64,157,7,2,85,54,40,20,12,4,5,12,9,97,56,41,20,12,10,11
2026-403,Miami Masters,Hard,96,M,O,20260321,54,MM58,9,,Daniil Medvedev,R,198,RUS,30.105,10,3610,S0UV,,,Rei Sakamoto,R,193,JPN,19.74,164,366,6-7(10) 6-3 6-1,3,R64,124,9,4,94,65,53,15,14,6,6,6,2,93,52,35,21,14,5,9
2026-403,Miami Masters,Hard,96,M,O,20260321,55,AG37,7,,Felix Auger-Aliassime,R,193,CAN,25.615,8,4000,F724,,,Marton Fucsovics,R,188,HUN,34.114,54,959,7-6(3) 7-5,3,R64,130,6,1,77,54,34,15,12,6,9,4,6,90,52,34,16,12,2,6
2026-403,Miami Masters,Hard,96,M,O,20260321,57,MW02,30,,Corentin Moutet,L,180,FRA,26.921,33,1383,M0FH,,,Tomas Machac,R,183,CZE,25.435,48,1000,6-0 1-6 6-4,3,R64,108,8,2,82,59,40,8,12,3,6,3,0,62,40,23,13,11,0,4
2026-403,Miami Masters,Hard,96,M,O,20260322,58,M0NI,12,,Jakub Mensik,R,196,CZE,20.553,13,2650,W09E,,,Adam Walton,R,183,AUS,26.93,85,674,3-6 6-2 6-4,3,R64,112,16,4,83,55,45,13,14,7,9,6,0,83,54,31,19,13,4,7
2026-403,Miami Masters,Hard,96,M,O,20260322,59,TE30,,,Alejandro Tabilo,L,188,CHI,28.802,41,1118,RE44,15,,Andrey Rublev,R,188,RUS,28.419,16,2400,6-7(5) 6-2 6-4,3,R64,126,12,5,92,64,49,16,15,0,0,15,4,96,66,55,10,15,4,7
2026-403,Miami Masters,Hard,96,M,O,20260322,60,M0QI,,,Alex Michelsen,R,193,USA,21.572,40,1135,N771,23,,Cameron Norrie,L,188,GBR,30.579,24,1753,7-5 6-7(4) 6-4,3,R64,156,9,1,97,61,49,23,17,4,5,9,2,112,66,46,26,17,7,10
2026-403,Miami Masters,Hard,96,M,O,20260322,61,A0GC,,,Terence Atmane,L,193,FRA,24.197,53,968,RC91,26,,Arthur Rinderknech,R,196,FRA,30.664,27,1657,7-6(4) 6-3,3,R64,91,8,0,63,40,36,15,11,0,0,8,1,66,44,35,11,10,3,4
2026-403,Miami Masters,Hard,96,M,O,20260322,62,S0H2,,,Alexander Shevchenko,R,188,KAZ,25.309,84,679,S0S1,8,,Ben Shelton,L,193,USA,23.45,9,3860,6-7(3) 7-6(3) 6-3,3,R64,142,11,2,111,72,57,25,17,5,5,17,2,99,68,55,18,16,1,2
2026-403,Miami Masters,Hard,96,M,O,20260322,63,C0AU,18,,Francisco Cerundolo,R,185,ARG,27.606,19,2020,T0A1,,,Thiago Agustin Tirante,R,185,ARG,24.947,81,691,6-4 6-2,3,R64,84,1,4,52,28,18,15,9,0,2,5,1,54,32,18,9,9,2,7
2026-403,Miami Masters,Hard,96,M,O,20260322,64,TD51,19,,Frances Tiafoe,R,188,USA,28.167,20,1920,C0H0,,,Arthur Cazaux,R,183,FRA,23.578,73,754,7-6(1) 6-1,3,R64,91,5,0,64,44,32,13,10,4,5,7,2,60,39,26,8,9,4,7
2026-403,Miami Masters,Hard,96,M,O,20260322,65,HH26,31,,Ugo Humbert,L,188,FRA,27.737,34,1245,D0F6,,,Gabriel Diallo,R,203,CAN,24.49,37,1185,6-1 6-4,3,R64,68,3,1,47,29,24,12,9,0,0,4,2,48,34,20,6,8,5,8
2026-403,Miami Masters,Hard,96,M,O,20260322,66,C977,,,Marin Cilic,R,198,CRO,37.478,49,1000,N0AE,27,,Brandon Nakashima,R,188,USA,24.632,30,1485,2-6 6-4 7-6(7),3,R64,144,18,1,93,58,46,18,15,5,7,12,0,96,68,53,13,15,1,2
2026-403,Miami Masters,Hard,96,M,O,20260322,67,Z355,3,,Alexander Zverev,R,198,GER,28.92,4,4905,D0DT,,,Martin Damm,L,203,USA,,133,469,6-2 6-4,3,R64,69,4,0,39,24,22,14,9,0,0,5,6,60,36,22,12,9,5,8
2026-403,Miami Masters,Hard,96,M,O,20260322,68,L0BV,21,,Jiri Lehecka,R,185,CZE,24.367,22,1850,Q02L,,,Ethan Quinn,R,191,USA,22.026,56,906,6-3 7-6(6),3,R32,93,10,0,64,42,34,15,11,0,0,6,2,67,45,31,14,10,7,8
2026-403,Miami Masters,Hard,96,M,O,20260322,69,K0AH,32,,Sebastian Korda,R,196,USA,25.711,36,1200,A0E2,1,,Carlos Alcaraz,R,183,ESP,22.88,1,13550,6-3 5-7 6-4,3,R32,138,12,0,104,72,50,15,16,3,5,2,2,94,63,45,13,15,2,5
2026-403,Miami Masters,Hard,96,M,O,20260322,70,FB98,6,,Taylor Fritz,R,196,USA,28.397,7,4170,O522,,,Reilly Opelka,R,211,USA,28.564,67,803,6-3 6-4,3,R32,63,4,0,46,31,29,11,10,0,0,10,0,60,43,30,7,9,6,8
2026-403,Miami Masters,Hard,96,M,O,20260322,71,EA24,29,,Tomas Martin Etcheverry,R,196,ARG,26.678,32,1430,J0DZ,,,Rafael Jodar,R,191,ESP,19.51,109,588,7-5 6-4,3,R32,110,3,2,66,50,38,9,11,1,1,8,1,67,42,30,14,11,4,6
2026-403,Miami Masters,Hard,96,M,O,20260323,72,L0IL,,,Martin Landaluce,R,193,ESP,20.203,151,394,KE29,14,,Karen Khachanov,R,198,RUS,29.837,15,2410,6-3 7-6(2),3,R32,93,3,5,61,32,25,17,10,1,3,8,3,64,42,30,8,11,4,8
2026-403,Miami Masters,Hard,96,M,O,20260323,73,PL56,22,,Tommy Paul,R,185,USA,28.849,23,1765,C0JP,,,Raphael Collignon,R,191,BEL,24.189,72,768,6-2 3-6 7-6(5),3,R32,140,5,2,80,49,35,19,14,0,3,8,6,100,68,49,13,15,6,10
2026-403,Miami Masters,Hard,96,M,O,20260323,74,F0F1,28,,Arthur Fils,R,185,FRA,21.777,31,1440,TE51,,,Stefanos Tsitsipas,R,193,GRE,27.611,51,995,6-0 6-1,3,R32,55,2,1,31,18,16,9,6,2,2,1,3,46,23,12,6,7,4,10
2026-403,Miami Masters,Hard,96,M,O,20260323,75,VA25,24,,Valentin Vacherot,R,193,MON,27.348,25,1741,BK40,,,Matteo Berrettini,R,196,ITA,29.944,68,800,7-6(5) 6-4,3,R32,91,4,2,62,37,32,17,11,1,2,6,2,59,40,33,9,11,0,2
2026-403,Miami Masters,Hard,96,M,O,20260323,76,HH26,31,,Ugo Humbert,L,188,FRA,27.74,34,1245,S0H2,,,Alexander Shevchenko,R,188,KAZ,25.311,84,679,6-4 7-6(2),3,R32,81,14,0,54,36,35,12,11,0,1,4,2,67,41,29,15,11,2,4
2026-403,Miami Masters,Hard,96,M,O,20260323,77,A0GC,,,Terence Atmane,L,193,FRA,24.2,53,968,AG37,7,,Felix Auger-Aliassime,R,193,CAN,25.621,8,4000,6-3 1-6 6-3,3,R32,113,3,2,82,55,41,13,13,4,6,11,4,65,46,33,12,12,1,3
2026-403,Miami Masters,Hard,96,M,O,20260323,78,C0AU,18,,Francisco Cerundolo,R,185,ARG,27.608,19,2020,MM58,9,,Daniil Medvedev,R,198,RUS,30.111,10,3610,6-0 4-6 7-5,3,R32,137,1,0,94,64,37,18,14,4,8,4,5,90,56,32,14,14,5,12
2026-403,Miami Masters,Hard,96,M,O,20260323,79,TD51,19,,Frances Tiafoe,R,188,USA,28.17,20,1920,M0NI,12,,Jakub Mensik,R,196,CZE,20.556,13,2650,7-6(4) 4-6 7-6(11),3,R32,171,6,3,124,75,59,29,17,4,5,22,4,107,78,65,17,17,2,2
2026-403,Miami Masters,Hard,96,M,O,20260324,80,S0AG,2,,Jannik Sinner,R,191,ITA,24.602,2,11400,MW02,30,,Corentin Moutet,L,180,FRA,26.93,33,1383,6-1 6-4,3,R32,71,7,0,48,38,33,5,9,1,1,1,1,55,45,24,6,8,3,6
2026-403,Miami Masters,Hard,96,M,O,20260324,81,Z355,3,,Alexander Zverev,R,198,GER,28.925,4,4905,C977,,,Marin Cilic,R,198,CRO,37.484,49,1000,6-2 5-7 6-4,3,R32,157,19,2,80,55,49,12,15,2,3,13,3,115,65,48,22,15,10,13
2026-403,Miami Masters,Hard,96,M,O,20260324,82,HB64,,,Quentin Halys,R,191,FRA,29.407,111,580,MQ75,,,Kamil Majchrzak,R,183,POL,30.193,57,905,7-6(4) 6-1,3,R32,78,15,0,53,36,32,11,10,1,2,3,2,72,42,29,11,9,5,8
2026-403,Miami Masters,Hard,96,M,O,20260324,83,M0QI,,,Alex Michelsen,R,193,USA,21.577,40,1135,TE30,,,Alejandro Tabilo,L,188,CHI,28.808,41,1118,3-6 6-3 6-4,3,R32,119,12,0,88,52,43,20,14,8,9,7,4,88,52,37,21,14,7,9
2026-403,Miami Masters,Hard,96,M,O,20260324,84,L0IL,,,Martin Landaluce,R,193,ESP,20.205,151,394,K0AH,32,,Sebastian Korda,R,196,USA,25.717,36,1200,2-6 7-6(6) 6-4,3,R16,147,4,7,99,66,51,13,15,2,5,11,4,88,52,43,17,15,0,2
2026-403,Miami Masters,Hard,96,M,O,20260324,85,L0BV,21,,Jiri Lehecka,R,185,CZE,24.372,22,1850,FB98,6,,Taylor Fritz,R,196,USA,28.402,7,4170,6-4 6-7(4) 6-2,3,R16,145,10,0,102,68,51,20,15,5,5,8,2,98,65,47,20,15,7,10
2026-403,Miami Masters,Hard,96,M,O,20260324,86,F0F1,28,,Arthur Fils,R,185,FRA,21.78,31,1440,VA25,24,,Valentin Vacherot,R,193,MON,27.351,25,1741,6-4 6-7(4) 6-4,3,R16,133,11,3,94,60,49,23,16,3,3,19,5,99,66,56,15,16,1,3
2026-403,Miami Masters,Hard,96,M,O,20260324,87,S0AG,2,,Jannik Sinner,R,191,ITA,24.602,2,11400,M0QI,,,Alex Michelsen,R,193,USA,21.577,40,1135,7-5 7-6(4),3,R16,101,15,0,64,42,38,11,12,1,2,3,2,69,48,37,10,12,5,7
2026-403,Miami Masters,Hard,96,M,O,20260324,88,PL56,22,,Tommy Paul,R,185,USA,28.851,23,1765,EA24,29,,Tomas Martin Etcheverry,R,196,ARG,26.683,32,1430,6-1 6-3,3,R16,74,4,0,45,31,26,10,8,1,1,8,1,49,31,20,7,8,1,5
2026-403,Miami Masters,Hard,96,M,O,20260325,89,TD51,19,,Frances Tiafoe,R,188,USA,28.175,20,1920,A0GC,,,Terence Atmane,L,193,FRA,24.205,53,968,6-4 1-6 6-4,3,R16,112,6,1,77,50,38,12,13,6,8,8,3,80,51,39,15,14,4,6
2026-403,Miami Masters,Hard,96,M,O,20260325,90,C0AU,18,,Francisco Cerundolo,R,185,ARG,27.614,19,2020,HH26,31,,Ugo Humbert,L,188,FRA,27.745,34,1245,6-4 6-3,3,R16,76,3,1,51,35,31,7,9,2,2,2,2,56,36,25,9,10,1,4
2026-403,Miami Masters,Hard,96,M,O,20260325,91,Z355,3,,Alexander Zverev,R,198,GER,28.928,4,4905,HB64,,,Quentin Halys,R,191,FRA,29.41,111,580,7-6(4) 7-6(1),3,R16,104,16,1,76,49,43,14,12,0,0,12,2,86,60,44,14,12,6,6
2026-403,Miami Masters,Hard,96,M,O,20260325,92,L0BV,21,,Jiri Lehecka,R,185,CZE,24.375,22,1850,L0IL,,,Martin Landaluce,R,193,ESP,20.208,151,394,7-6(1) 7-5,3,QF,122,8,2,73,47,40,15,12,1,1,6,3,91,56,39,20,12,9,10
2026-403,Miami Masters,Hard,96,M,O,20260326,93,F0F1,28,,Arthur Fils,R,185,FRA,21.785,31,1440,PL56,22,,Tommy Paul,R,185,USA,28.857,23,1765,6-7(3) 7-6(4) 7-6(6),3,QF,167,10,2,119,83,65,25,18,6,6,6,0,110,69,58,28,18,1,1
2026-403,Miami Masters,Hard,96,M,O,20260326,94,S0AG,2,,Jannik Sinner,R,191,ITA,24.608,2,11400,TD51,19,,Frances Tiafoe,R,188,USA,28.178,20,1920,6-2 6-2,3,QF,71,14,1,43,30,25,9,8,0,0,4,1,53,36,19,7,8,3,7
2026-403,Miami Masters,Hard,96,M,O,20260327,95,Z355,3,,Alexander Zverev,R,198,GER,28.934,4,4905,C0AU,18,,Francisco Cerundolo,R,185,ARG,27.619,19,2020,6-1 6-2,3,QF,65,4,1,42,32,27,7,8,0,0,2,0,46,26,17,7,7,3,7
2026-403,Miami Masters,Hard,96,M,O,20260327,96,L0BV,21,,Jiri Lehecka,R,185,CZE,24.381,22,1850,F0F1,28,,Arthur Fils,R,185,FRA,21.788,31,1440,6-2 6-2,3,SF,75,6,0,45,33,27,6,8,0,0,4,3,62,41,25,7,8,6,10
2026-403,Miami Masters,Hard,96,M,O,20260328,97,S0AG,2,,Jannik Sinner,R,191,ITA,24.613,2,11400,Z355,3,,Alexander Zverev,R,198,GER,28.936,4,4905,6-3 7-6(4),3,SF,113,15,0,77,57,45,10,11,2,2,5,1,63,45,34,12,10,3,4
2026-403,Miami Masters,Hard,96,M,O,20260329,98,S0AG,2,,Jannik Sinner,R,191,ITA,24.619,2,11400,L0BV,21,,Jiri Lehecka,R,185,CZE,24.389,22,1850,6-4 6-4,3,F,93,10,1,55,36,33,9,10,3,3,5,0,77,52,37,10,10,9,11
2026-360,Marrakech,Clay,28,250,O,20260330,1,H997,8,,Yannick Hanfmann,R,193,GER,34.376,61,857,D0C1,,,Jesper de Jong,R,180,NED,25.829,99,625,7-6(6) 6-4,3,R32,101,7,1,62,43,39,10,11,1,2,11,3,86,63,45,8,11,6,8
2026-360,Marrakech,Clay,28,250,O,20260330,2,B0D6,,,Taha Baadi,R,183,MAR,24.695,587,64,V832,,,Aleksandar Vukic,R,188,AUS,29.979,84,663,6-2 3-6 6-1,3,R32,108,3,1,70,48,34,14,12,1,2,4,1,78,38,23,22,12,3,7
2026-360,Marrakech,Clay,28,250,O,20260330,3,B0QQ,,,Karim Bennani,,,MAR,18.571,731,41,HB64,,,Quentin Halys,R,191,FRA,29.424,90,650,6-4 6-7(5) 6-2,3,R32,137,5,6,102,63,50,22,15,3,3,13,7,91,45,37,25,15,5,8
2026-717,Houston,Clay,28,250,O,20260331,1,T0A1,,,Thiago Agustin Tirante,R,185,ARG,24.972,83,673,S0ZE,,,Colton Smith,R,183,USA,23.072,164,371,6-0 6-3,3,R32,71,2,0,39,20,17,15,8,0,0,2,2,49,28,13,12,7,5,9
2026-717,Houston,Clay,28,250,O,20260331,2,MK66,,,Mackenzie McDonald,R,178,USA,30.957,125,501,B0CD,8,,Jenson Brooksby,R,193,USA,25.426,41,1115,6-4 6-2,3,R32,79,1,0,60,41,29,13,9,4,4,1,0,61,45,28,6,9,2,5
2026-717,Houston,Clay,28,250,O,20260331,3,BI81,,,Alex Bolt,L,183,AUS,33.232,165,369,WB32,,,Yibing Wu,R,183,CHN,26.461,118,559,7-6(6) 6-2,3,R32,88,5,2,69,39,31,18,10,7,8,5,3,57,36,25,11,10,3,6
2026-717,Houston,Clay,28,250,O,20260331,5,Z371,,,Zhizhen Zhang,R,193,CHN,29.454,263,205,P0HT,,,Jack Pinnington Jones,R,180,GBR,23.003,138,456,6-1 6-3,3,R32,63,5,0,44,23,19,14,8,1,1,3,3,42,30,18,4,8,1,5
2026-717,Houston,Clay,28,250,O,20260331,6,V0DP,,,Adolfo Daniel Vallejo,R,183,PAR,21.922,101,621,S0K7,,,Zachary Svajda,R,175,USA,23.335,82,674,6-1 6-4,3,R32,61,6,0,45,33,26,8,9,0,1,1,0,42,20,12,12,8,2,6
2026-360,Marrakech,Clay,28,250,O,20260331,4,MQ75,5,,Kamil Majchrzak,R,183,POL,30.212,53,955,C0C8,,,Juan Manuel Cerundolo,L,183,ARG,24.372,69,776,7-6(3) 3-6 6-3,3,R32,154,7,4,92,49,44,21,15,1,2,7,11,114,56,45,27,15,6,7
2026-360,Marrakech,Clay,28,250,O,20260331,5,B0GG,,,Mattia Bellucci,L,175,ITA,24.83,73,740,B0PU,,,Reda Bennani,R,178,MAR,19.118,555,70,6-3 3-6 6-4,3,R32,148,3,4,94,46,33,28,14,5,7,0,3,102,75,47,17,14,13,16
2026-360,Marrakech,Clay,28,250,O,20260331,6,MP20,,,Alexandre Muller,R,183,FRA,29.158,94,645,C0NB,,,Federico Cina,R,185,ITA,19.003,208,285,6-2 6-3,3,R32,70,4,2,49,36,25,8,8,3,4,3,7,58,33,23,5,9,1,6
2026-360,Marrakech,Clay,28,250,O,20260331,7,TA29,,,Marco Trungelliti,R,178,ARG,36.162,117,561,R0GO,,,Henrique Rocha,R,180,POR,21.982,133,483,7-6(5) 6-2,3,R32,96,2,3,65,41,32,9,10,1,2,3,3,63,48,30,6,10,3,6
2026-4462,Bucharest,Clay,28,250,O,20260331,1,D923,,,Damir Dzumhur,R,175,BIH,33.862,74,731,J09X,,,Filip Cristian Jianu,R,180,ROU,24.531,246,219,6-3 4-6 7-6(4),3,R32,161,0,4,89,61,42,15,15,1,5,0,0,121,80,51,17,16,11,16
2026-4462,Bucharest,Clay,28,250,O,20260331,2,N0BS,7,,Mariano Navone,R,178,ARG,25.087,60,860,O483,,,Christopher O'Connell,R,183,AUS,31.825,128,493,6-4 7-6(8),3,R32,120,0,5,83,59,40,8,11,5,8,2,1,65,39,25,10,11,1,5
2026-4462,Bucharest,Clay,28,250,O,20260331,3,V812,8,,Botic van de Zandschulp,R,191,NED,30.489,62,841,M0IF,,,Francesco Maestrelli,R,196,ITA,23.274,114,577,6-3 6-2,3,R32,70,2,3,55,36,27,10,9,4,5,1,1,41,34,21,1,8,0,4
2026-4462,Bucharest,Clay,28,250,O,20260331,4,D0DW,,,Titouan Droguet,R,191,FRA,24.791,122,528,BD06,,,Roberto Bautista Agut,R,183,ESP,37.96,80,685,6-1 1-6 6-1,3,R32,100,8,2,69,44,31,14,11,2,4,0,3,66,43,24,12,10,4,8
2026-4462,Bucharest,Clay,28,250,O,20260331,5,M0K4,,,Elmer Moller,R,183,DEN,22.727,134,478,B0C0,,,Adrian Boitan,R,185,ROU,26.722,306,167,6-3 7-5,3,R32,100,2,2,70,47,35,11,11,4,6,3,7,69,46,30,6,10,10,14
2026-4462,Bucharest,Clay,28,250,O,20260331,6,P0HW,,,Dino Prizmic,R,188,CRO,20.652,112,585,BG23,,,Nikoloz Basilashvili,R,185,GEO,34.1,129,493,6-4 6-2,3,R32,89,7,0,43,28,23,12,9,1,2,6,4,72,33,26,11,9,4,8
2026-4462,Bucharest,Clay,28,250,O,20260331,7,S0KT,,,Stefanos Sakellaridis,R,198,GRE,21.544,225,252,CH12,,,Jan Choinski,R,196,GBR,29.804,120,534,6-3 6-4,3,R32,85,9,1,64,43,32,10,10,3,4,1,0,48,28,20,10,9,1,4
2026-4462,Bucharest,Clay,28,250,O,20260331,8,S0H2,,,Alexander Shevchenko,R,188,KAZ,25.333,76,716,T0JZ,,,Radu David Turcanu,L,,ROU,20.041,659,52,6-2 6-4,3,R32,74,2,0,51,33,23,13,9,1,2,2,7,70,33,21,14,9,5,9
2026-360,Marrakech,Clay,28,250,O,20260401,9,B0ID,7,,Ignacio Buse,R,183,PER,22.018,59,864,BK40,,,Matteo Berrettini,R,196,ITA,29.969,91,650,7-6(5) 6-7(2) 6-4,3,R32,181,5,4,124,76,50,26,17,6,9,7,1,103,67,40,24,17,4,8
2026-360,Marrakech,Clay,28,250,O,20260401,10,J0DZ,,,Rafael Jodar,R,191,ESP,19.537,89,652,L987,,,Dusan Lajovic,R,183,SRB,35.754,132,486,6-3 6-4,3,R32,72,7,0,66,49,38,10,10,2,2,3,0,49,37,24,8,9,1,3
2026-360,Marrakech,Clay,28,250,O,20260401,11,U182,,,Camilo Ugo Carabelli,R,185,ARG,26.79,67,780,S0GR,,,Timofey Skatov,R,173,KAZ,25.191,202,292,6-7(2) 6-3 6-4,3,R32,166,12,2,101,69,54,14,16,2,3,9,1,105,65,43,25,15,5,8
2026-4462,Bucharest,Clay,28,250,O,20260401,9,AE14,6,,Daniel Altmaier,R,188,GER,27.551,52,960,MO44,,,Pedro Martinez,R,185,ESP,28.931,113,580,6-1 6-4,3,R32,96,3,0,51,33,28,12,9,2,2,1,0,55,40,25,5,8,6,9
2026-4462,Bucharest,Clay,28,250,O,20260401,10,B0BI,5,,Sebastian Baez,R,170,ARG,25.257,50,980,G0FW,,,Vilius Gaubas,R,178,LTU,21.254,108,603,6-3 6-1,3,R32,79,2,2,73,51,35,11,8,5,5,0,0,39,28,15,6,8,1,5
2026-4462,Bucharest,Clay,28,250,O,20260401,11,M0N7,,,Daniel Merida,R,188,ESP,21.511,136,458,V0AM,,,Otto Virtanen,R,193,FIN,24.778,123,512,7-6(4) 5-7 7-5,3,R32,171,4,4,129,79,50,23,18,7,13,7,5,133,77,47,27,18,11,17
2026-4462,Bucharest,Clay,28,250,O,20260401,12,MV14,,,Alex Molcan,L,178,SVK,28.331,189,314,A0FC,,,Matteo Arnaldi,R,185,ITA,25.103,107,605,6-3 6-1,3,R32,72,6,1,42,30,24,7,8,2,3,2,2,60,35,20,8,8,3,8
2026-717,Houston,Clay,28,250,O,20260401,7,N0AE,5,,Brandon Nakashima,R,188,USA,24.66,33,1395,D0DT,,,Martin Damm,L,203,USA,22.501,126,499,7-6(0) 6-2,3,R32,91,9,4,60,32,27,14,10,0,2,8,7,65,40,26,8,10,5,9
2026-717,Houston,Clay,28,250,O,20260401,9,B0NN,,,Nishesh Basavareddy,R,180,USA,20.914,193,306,D0DP,,,Liam Draxl,R,185,CAN,24.32,147,430,6-3 2-6 6-4,3,R32,146,4,5,93,48,35,23,14,5,8,11,1,79,60,42,7,13,1,4
2026-360,Marrakech,Clay,28,250,O,20260401,12,V0DZ,,,Luca Van Assche,R,178,FRA,21.889,109,601,G09O,,,Hugo Gaston,L,173,FRA,25.511,116,564,6-4 7-6(5),3,R32,146,1,4,90,67,42,9,11,9,13,3,4,83,37,19,22,11,6,11
2026-717,Houston,Clay,28,250,O,20260401,13,P09Z,,,Alexei Popyrin,R,196,AUS,26.656,45,1010,K0A3,,,Patrick Kypson,R,188,USA,26.426,96,640,4-6 6-4 6-3,3,R32,127,17,2,83,49,41,19,15,2,3,0,0,78,51,36,17,14,4,6
2026-360,Marrakech,Clay,28,250,O,20260401,13,H997,8,,Yannick Hanfmann,R,193,GER,34.382,61,857,B0QQ,,,Karim Bennani,,,MAR,18.576,731,41,6-4 6-7(3) 6-2,3,R16,132,16,2,87,55,43,23,15,1,1,5,3,102,60,42,22,15,5,8
2026-360,Marrakech,Clay,28,250,O,20260401,14,D0FJ,1,,Luciano Darderi,R,183,ITA,24.126,19,2050,B0GG,,,Mattia Bellucci,L,175,ITA,24.832,73,740,6-4 6-2,3,R16,78,2,1,49,24,19,19,9,0,0,8,4,55,38,30,3,9,6,9
2026-360,Marrakech,Clay,28,250,O,20260401,15,MW02,3,,Corentin Moutet,L,180,FRA,26.951,32,1403,B0D6,,,Taha Baadi,R,183,MAR,24.701,587,64,6-0 6-2,3,R16,64,2,0,42,29,22,8,7,0,0,1,0,42,25,11,8,7,4,9
2026-360,Marrakech,Clay,28,250,O,20260401,16,TA29,,,Marco Trungelliti,R,178,ARG,36.164,117,561,MQ75,5,,Kamil Majchrzak,R,183,POL,30.215,53,955,7-6(4) 6-3,3,R16,107,4,2,65,40,35,16,11,1,1,9,0,81,53,39,12,10,11,12
2026-360,Marrakech,Clay,28,250,O,20260401,17,KI82,6,,Vit Kopriva,R,178,CZE,28.794,70,763,M0JF,,,Hamad Medjedovic,R,188,SRB,22.705,81,680,6-7(4) 7-5 6-2,3,R32,145,2,6,100,70,45,18,16,2,6,6,5,94,63,43,12,16,8,15
2026-4462,Bucharest,Clay,28,250,O,20260401,13,MV14,,,Alex Molcan,L,178,SVK,28.331,189,314,D0F6,1,,Gabriel Diallo,R,203,CAN,24.517,36,1175,6-2 6-2,3,R16,87,2,4,55,30,25,10,8,6,7,2,1,57,35,17,10,8,8,13
2026-4462,Bucharest,Clay,28,250,O,20260401,14,D923,,,Damir Dzumhur,R,175,BIH,33.864,74,731,BT72,4,,Nuno Borges,R,185,POR,29.112,48,995,7-6(1) 6-4,3,R16,101,1,0,70,53,29,10,11,1,6,2,1,73,40,22,11,11,4,10
2026-4462,Bucharest,Clay,28,250,O,20260401,15,N0BS,7,,Mariano Navone,R,178,ARG,25.09,60,860,M0K4,,,Elmer Moller,R,183,DEN,22.73,134,478,6-2 6-1,3,R16,78,0,1,42,31,21,7,7,3,4,0,2,52,32,15,5,8,5,11
2026-4462,Bucharest,Clay,28,250,O,20260401,16,V812,8,,Botic van de Zandschulp,R,191,NED,30.491,62,841,S0H2,,,Alexander Shevchenko,R,188,KAZ,25.336,76,716,7-5 6-1,3,R16,85,6,5,60,41,29,5,9,2,4,1,0,58,33,16,10,10,3,9
2026-717,Houston,Clay,28,250,O,20260401,14,EA24,6,,Tomas Martin Etcheverry,R,196,ARG,26.705,31,1500,GJ16,,,Federico Agustin Gomez,R,191,ARG,29.344,182,331,1-6 6-1 6-4,3,R32,117,2,4,63,38,30,14,12,3,5,2,2,65,47,32,8,12,1,4
2026-717,Houston,Clay,28,250,O,20260401,15,M0QI,7,,Alex Michelsen,R,193,USA,21.599,35,1225,W0BH,,,Coleman Wong,R,191,HKG,21.818,124,503,6-4 6-2,3,R32,85,2,2,51,30,23,15,9,3,3,5,2,67,38,23,14,9,9,12
2026-717,Houston,Clay,28,250,O,20260401,16,H0BH,,,Rinky Hijikata,R,178,AUS,25.101,102,619,K0AZ,,,Aleksandar Kovacevic,R,183,USA,27.589,85,661,6-4 6-2,3,R32,82,7,2,57,37,29,11,9,2,2,3,8,59,26,16,17,9,3,6
2026-717,Houston,Clay,28,250,O,20260401,17,B0FV,,,Roman Andres Burruchaga,R,183,ARG,24.186,77,703,W09E,,,Adam Walton,R,183,AUS,26.957,105,614,6-2 6-3,3,R32,85,1,0,63,44,33,8,9,5,6,2,0,49,29,12,10,8,4,8
2026-360,Marrakech,Clay,28,250,O,20260402,18,MP20,,,Alexandre Muller,R,183,FRA,29.164,94,645,KI82,6,,Vit Kopriva,R,178,CZE,28.797,70,763,6-3 7-6(3),3,R16,109,4,1,77,50,36,16,11,3,4,6,4,88,62,43,7,10,8,10
2026-717,Houston,Clay,28,250,O,20260402,18,PL56,4,,Tommy Paul,R,185,USA,28.876,21,1915,V0DP,,,Adolfo Daniel Vallejo,R,183,PAR,21.927,101,621,3-6 6-4 6-4,3,R16,144,3,4,100,57,38,20,15,5,10,4,0,89,64,39,11,14,4,9
2026-717,Houston,Clay,28,250,O,20260402,19,S0S1,1,,Ben Shelton,L,193,USA,23.48,9,3860,Z371,,,Zhizhen Zhang,R,193,CHN,29.459,263,205,7-6(5) 7-6(3),3,R16,113,21,2,85,61,45,18,12,1,1,12,3,82,48,40,19,12,1,1
2026-717,Houston,Clay,28,250,O,20260402,20,EA24,6,,Tomas Martin Etcheverry,R,196,ARG,26.708,31,1500,BI81,,,Alex Bolt,L,183,AUS,33.238,165,369,6-7(5) 6-0 6-3,3,R16,132,4,1,79,58,45,13,14,2,4,5,3,80,46,29,16,13,6,12
2026-717,Houston,Clay,28,250,O,20260402,21,T0A1,,,Thiago Agustin Tirante,R,185,ARG,24.977,83,673,MK66,,,Mackenzie McDonald,R,178,USA,30.962,125,501,6-2 6-0,3,R16,67,4,2,46,31,23,10,7,4,4,0,1,51,32,11,10,7,3,8
2026-360,Marrakech,Clay,28,250,O,20260403,19,J0DZ,,,Rafael Jodar,R,191,ESP,19.543,89,652,M0FH,4,,Tomas Machac,R,183,CZE,25.47,55,930,6-4 4-6 6-3,3,R16,120,6,2,86,55,42,15,15,2,5,4,3,81,39,26,22,14,2,6
2026-360,Marrakech,Clay,28,250,O,20260403,20,U182,,,Camilo Ugo Carabelli,R,185,ARG,26.795,67,780,B0ID,7,,Ignacio Buse,R,183,PER,22.023,59,864,6-3 3-6 7-5,3,R16,149,3,1,90,58,45,18,15,7,8,9,5,97,57,45,19,15,6,8
2026-717,Houston,Clay,28,250,O,20260403,22,T0HA,3,,Learner Tien,L,180,USA,20.334,22,1845,B0NN,,,Nishesh Basavareddy,R,180,USA,20.92,193,306,6-3 3-6 6-1,3,R16,120,7,3,78,48,38,16,13,6,7,4,8,87,43,29,23,12,12,15
2026-717,Houston,Clay,28,250,O,20260403,23,B0FV,,,Roman Andres Burruchaga,R,183,ARG,24.192,77,703,N0AE,5,,Brandon Nakashima,R,188,USA,24.665,33,1395,6-4 2-6 6-4,3,R16,127,5,1,75,49,35,13,14,4,8,1,0,78,48,34,15,14,1,5
2026-360,Marrakech,Clay,28,250,O,20260403,21,D0FJ,,,Luciano Darderi,R,183,ITA,24.131,19,2050,H997,,,Yannick Hanfmann,R,193,GER,34.387,61,857,W/O,3,QF,,,,,,,,,,,,,,,,,,,
2026-360,Marrakech,Clay,28,250,O,20260403,22,V0DZ,,,Luca Van Assche,R,178,FRA,21.895,109,601,GJ37,2,,Tallon Griekspoor,R,188,NED,29.752,30,1585,6-4 1-6 6-3,3,R16,124,5,1,68,41,31,17,13,3,5,7,4,94,58,46,13,13,4,6
2026-717,Houston,Clay,28,250,O,20260403,24,P09Z,,,Alexei Popyrin,R,196,AUS,26.661,45,1010,M0QI,7,,Alex Michelsen,R,193,USA,21.604,35,1225,6-0 4-6 6-1,3,R16,102,9,2,72,43,32,16,12,3,5,1,2,64,39,22,10,11,2,8
2026-717,Houston,Clay,28,250,O,20260403,25,TD51,2,,Frances Tiafoe,R,188,USA,28.2,18,2070,H0BH,,,Rinky Hijikata,R,178,AUS,25.106,102,619,6-4 3-6 6-2,3,R16,148,12,1,94,56,44,16,13,6,8,1,2,90,57,34,19,14,4,8
2026-360,Marrakech,Clay,28,250,O,20260403,23,U182,,,Camilo Ugo Carabelli,R,185,ARG,26.795,67,780,V0DZ,,,Luca Van Assche,R,178,FRA,21.895,109,601,0-6 6-3 6-2,3,QF,140,2,2,82,44,28,14,12,7,12,3,5,85,52,31,14,11,4,9
2026-360,Marrakech,Clay,28,250,O,20260403,24,TA29,,,Marco Trungelliti,R,178,ARG,36.17,117,561,MW02,3,,Corentin Moutet,L,180,FRA,26.957,32,1403,4-6 6-3 6-4,3,QF,155,6,8,112,78,53,16,15,5,7,2,4,79,48,32,21,14,3,6
2026-360,Marrakech,Clay,28,250,O,20260403,25,J0DZ,,,Rafael Jodar,R,191,ESP,19.543,89,652,MP20,,,Alexandre Muller,R,183,FRA,29.166,94,645,6-2 2-0 RET,3,QF,38,5,0,26,18,16,5,5,0,0,1,4,32,23,13,2,5,5,8
2026-4462,Bucharest,Clay,28,250,O,20260403,17,M0N7,,,Daniel Merida,R,188,ESP,21.517,136,458,D0DW,,,Titouan Droguet,R,191,FRA,24.799,122,528,4-6 7-6(7) 3-1 RET,3,QF,126,1,0,98,85,56,4,13,9,11,2,2,80,52,36,15,13,3,5
2026-4462,Bucharest,Clay,28,250,O,20260403,18,N0BS,7,,Mariano Navone,R,178,ARG,25.095,60,860,MV14,,,Alex Molcan,L,178,SVK,28.337,189,314,3-6 6-2 6-3,3,QF,138,1,0,79,58,37,10,13,4,8,1,2,82,57,29,13,13,6,12
2026-4462,Bucharest,Clay,28,250,O,20260403,19,V812,8,,Botic van de Zandschulp,R,191,NED,30.497,62,841,D923,,,Damir Dzumhur,R,175,BIH,33.87,74,731,6-3 6-3,3,QF,87,2,1,64,39,25,18,9,6,7,0,1,59,35,19,10,9,8,12
2026-4462,Bucharest,Clay,28,250,O,20260403,20,M0N7,,,Daniel Merida,R,188,ESP,21.517,136,458,ME82,2,,Adrian Mannarino,L,180,FRA,37.76,43,1082,4-6 6-2 6-2,3,R16,113,5,2,90,64,44,11,13,7,10,2,2,65,48,27,5,13,2,8
2026-4462,Bucharest,Clay,28,250,O,20260403,21,D0DW,,,Titouan Droguet,R,191,FRA,24.799,122,528,B0BI,5,,Sebastian Baez,R,170,ARG,25.262,50,980,6-4 6-4,3,R16,85,3,0,65,38,24,17,10,1,3,1,0,50,39,24,5,10,2,6
2026-4462,Bucharest,Clay,28,250,O,20260403,22,M0CI,3,,Fabian Marozsan,R,193,HUN,26.486,47,1005,S0KT,,,Stefanos Sakellaridis,R,198,GRE,21.552,225,252,7-6(3) 7-5,3,R16,107,2,3,78,55,37,12,12,2,5,5,1,71,42,27,14,12,2,6
2026-4462,Bucharest,Clay,28,250,O,20260403,23,AE14,6,,Daniel Altmaier,R,188,GER,27.556,52,960,P0HW,,,Dino Prizmic,R,188,CRO,20.66,112,585,3-6 7-6(1) 7-6(7),3,R16,198,1,2,110,76,52,18,16,0,3,0,3,114,71,47,27,17,6,8
2026-4462,Bucharest,Clay,28,250,O,20260404,24,M0CI,3,,Fabian Marozsan,R,193,HUN,26.489,47,1005,AE14,6,,Daniel Altmaier,R,188,GER,27.559,52,960,6-2 7-6(5),3,QF,119,2,1,86,59,37,16,10,7,8,1,1,63,44,29,9,10,2,5
2026-717,Houston,Clay,28,250,O,20260404,26,T0A1,,,Thiago Agustin Tirante,R,185,ARG,24.983,83,673,S0S1,1,,Ben Shelton,L,193,USA,23.485,9,3860,6-7(5) 6-3 6-4,3,QF,150,8,3,95,59,52,20,16,2,2,8,1,82,56,48,15,15,1,3
2026-717,Houston,Clay,28,250,O,20260404,27,TD51,2,,Frances Tiafoe,R,188,USA,28.203,18,2070,P09Z,,,Alexei Popyrin,R,196,AUS,26.664,45,1010,3-6 6-4 7-6(6),3,QF,167,3,4,102,58,46,27,15,3,4,17,5,95,51,43,26,16,3,4
2026-717,Houston,Clay,28,250,O,20260404,28,B0FV,,,Roman Andres Burruchaga,R,183,ARG,24.194,77,703,T0HA,3,,Learner Tien,L,180,USA,20.337,22,1845,7-5 6-4,3,QF,94,0,2,65,45,33,12,11,2,3,0,3,67,41,26,13,11,1,4
2026-717,Houston,Clay,28,250,O,20260404,29,PL56,4,,Tommy Paul,R,185,USA,28.882,21,1915,EA24,6,,Tomas Martin Etcheverry,R,196,ARG,26.713,31,1500,6-4 6-2,3,QF,96,2,2,63,41,31,13,9,4,4,3,2,60,38,27,7,9,1,4
2026-360,Marrakech,Clay,28,250,O,20260404,26,J0DZ,,,Rafael Jodar,R,191,ESP,19.546,89,652,U182,,,Camilo Ugo Carabelli,R,185,ARG,26.798,67,780,6-2 6-1,3,SF,63,5,0,53,37,26,11,8,2,2,3,0,44,27,19,3,7,4,8
2026-360,Marrakech,Clay,28,250,O,20260404,27,TA29,,,Marco Trungelliti,R,178,ARG,36.172,117,561,D0FJ,1,,Luciano Darderi,R,183,ITA,24.134,19,2050,6-4 7-6(2),3,SF,130,5,1,86,54,33,19,11,3,6,2,8,77,40,26,15,11,2,6
2026-4462,Bucharest,Clay,28,250,O,20260404,25,M0N7,,,Daniel Merida,R,188,ESP,21.52,136,458,M0CI,3,,Fabian Marozsan,R,193,HUN,26.489,47,1005,6-7(4) 6-3 6-1,3,SF,128,3,0,120,92,60,17,14,17,18,0,4,84,56,36,17,14,7,12
2026-4462,Bucharest,Clay,28,250,O,20260404,26,N0BS,7,,Mariano Navone,R,178,ARG,25.098,60,860,V812,8,,Botic van de Zandschulp,R,191,NED,30.5,62,841,5-7 7-6(3) 7-5,3,SF,211,0,2,137,112,67,12,18,8,14,0,2,115,76,46,21,18,7,13
2026-717,Houston,Clay,28,250,O,20260405,30,PL56,4,,Tommy Paul,R,185,USA,28.884,21,1915,TD51,2,,Frances Tiafoe,R,188,USA,28.205,18,2070,7-5 4-6 7-6(7),3,SF,165,14,0,105,73,52,17,17,0,3,4,0,112,68,44,27,17,4,7
2026-717,Houston,Clay,28,250,O,20260405,31,B0FV,,,Roman Andres Burruchaga,R,183,ARG,24.197,77,703,T0A1,,,Thiago Agustin Tirante,R,185,ARG,24.986,83,673,6-1 6-1,3,SF,61,0,1,33,21,21,7,7,0,0,2,2,41,23,11,6,7,3,8
2026-360,Marrakech,Clay,28,250,O,20260405,28,J0DZ,,,Rafael Jodar,R,191,ESP,19.548,89,652,TA29,,,Marco Trungelliti,R,178,ARG,36.175,117,561,6-3 6-2,3,F,68,5,1,38,21,18,15,8,1,1,2,4,60,37,24,7,9,5,9
2026-717,Houston,Clay,28,250,O,20260405,32,PL56,4,,Tommy Paul,R,185,USA,28.887,21,1915,B0FV,,,Roman Andres Burruchaga,R,183,ARG,24.2,77,703,6-1 3-6 7-5,3,F,160,6,1,108,71,50,16,14,9,12,1,3,106,78,41,19,14,11,16
2026-4462,Bucharest,Clay,28,250,O,20260405,27,N0BS,7,,Mariano Navone,R,178,ARG,25.101,60,860,M0N7,,,Daniel Merida,R,188,ESP,21.522,136,458,6-2 4-6 7-5,3,F,137,0,2,84,63,40,7,15,2,8,0,2,87,60,31,11,15,6,14
2026-410,Monte Carlo,Clay,56,M,O,20260405,1,TE30,,,Alejandro Tabilo,L,188,CHI,28.841,39,1118,F724,,,Marton Fucsovics,R,188,HUN,34.155,51,977,6-4 6-3,3,R64,82,5,3,62,41,32,12,10,2,2,2,2,49,27,20,12,9,1,3
2026-410,Monte Carlo,Clay,56,M,O,20260405,2,N771,,,Cameron Norrie,L,188,GBR,30.617,24,1753,KI95,,,Miomir Kecmanovic,R,183,SRB,26.595,58,875,6-2 4-6 7-6(0),3,R64,168,8,4,103,51,35,27,15,9,13,1,2,108,60,36,22,15,10,15
2026-410,Monte Carlo,Clay,56,M,O,20260405,3,MC65,,,Gael Monfils,R,193,FRA,39.592,203,290,GJ37,,,Tallon Griekspoor,R,188,NED,29.758,30,1585,6-7(7) 6-1 6-4,3,R64,135,9,7,102,55,42,22,15,9,12,3,11,93,46,29,19,14,6,12
2026-410,Monte Carlo,Clay,56,M,O,20260405,4,HH26,,,Ugo Humbert,L,188,FRA,27.775,34,1320,K0O4,,,Moise Kouame,R,191,FRA,17.081,328,151,6-3 7-5,3,R64,107,2,2,76,40,26,18,11,7,10,1,2,60,39,21,10,10,4,9
2026-410,Monte Carlo,Clay,56,M,O,20260406,5,RE44,13,,Andrey Rublev,R,188,RUS,28.46,15,2400,BT72,,,Nuno Borges,R,185,POR,29.125,50,970,6-4 1-6 6-1,3,R64,94,4,3,71,43,33,14,12,2,4,5,2,66,41,32,10,12,3,6
2026-410,Monte Carlo,Clay,56,M,O,20260406,6,RC91,,,Arthur Rinderknech,R,196,FRA,30.705,27,1651,KE29,12,,Karen Khachanov,R,198,RUS,29.875,14,2410,7-5 6-2,3,R64,91,5,0,59,39,31,11,10,1,1,1,1,57,39,26,10,10,3,6
2026-410,Monte Carlo,Clay,56,M,O,20260406,7,B0PG,,,Alexander Blockx,R,193,BEL,20.994,91,649,SU55,,,Denis Shapovalov,L,185,CAN,26.976,38,1120,6-4 4-6 6-3,3,R64,106,2,3,87,58,43,16,15,5,7,2,5,77,40,27,24,14,1,4
2026-410,Monte Carlo,Clay,56,M,O,20260406,8,L0BV,11,,Jiri Lehecka,R,185,CZE,24.408,13,2490,N0AM,,,Emilio Nava,R,185,USA,24.342,103,615,7-6(1) 6-7(8) 6-2,3,R64,182,8,3,129,85,56,26,16,7,8,6,5,129,85,59,18,16,9,12
2026-410,Monte Carlo,Clay,56,M,O,20260406,9,C0AU,16,,Francisco Cerundolo,R,185,ARG,27.647,19,2020,TE51,,,Stefanos Tsitsipas,R,193,GRE,27.65,48,995,7-5 6-4,3,R64,105,4,4,77,50,29,14,11,3,7,3,1,71,35,20,13,11,6,12
2026-410,Monte Carlo,Clay,56,M,O,20260406,11,BU13,,,Zizou Bergs,R,185,BEL,26.842,47,1010,ME82,,,Adrian Mannarino,L,180,FRA,37.769,46,1050,6-4 6-3,3,R64,81,8,5,63,35,25,14,10,1,3,0,1,51,30,16,11,9,2,6
2026-410,Monte Carlo,Clay,56,M,O,20260406,12,F0FV,,,Joao Fonseca,R,188,BRA,19.625,40,1115,D0F6,,,Gabriel Diallo,R,203,CAN,24.531,36,1175,6-2 6-3,3,R64,85,2,0,54,35,22,12,8,3,4,1,4,60,38,20,9,9,3,8
2026-410,Monte Carlo,Clay,56,M,O,20260406,13,GD64,,,Cristian Garin,R,185,CHI,29.851,109,599,A0FC,,,Matteo Arnaldi,R,185,ITA,25.117,107,605,6-2 6-4,3,R64,88,0,3,60,37,25,9,9,1,4,2,2,51,27,14,9,9,5,11
2026-410,Monte Carlo,Clay,56,M,O,20260406,14,M0FH,,,Tomas Machac,R,183,CZE,25.478,53,930,AE14,,,Daniel Altmaier,R,188,GER,27.565,49,994,6-4 1-6 6-3,3,R64,138,4,1,71,48,33,12,13,1,4,4,1,100,56,37,22,13,5,8
2026-410,Monte Carlo,Clay,56,M,O,20260406,15,C0E9,10,,Flavio Cobolli,R,183,ITA,23.918,16,2320,C0DF,,,Francisco Comesana,R,178,ARG,25.498,99,634,7-5 2-6 6-3,3,R64,150,2,2,82,45,29,19,14,7,12,3,3,104,60,37,18,15,7,13
2026-410,Monte Carlo,Clay,56,M,O,20260406,16,B0BI,,,Sebastian Baez,R,170,ARG,25.27,65,840,W367,,,Stan Wawrinka,R,183,SUI,41.024,104,608,7-5 7-5,3,R64,107,3,1,74,45,26,17,12,6,10,4,4,86,45,30,14,12,6,12
2026-410,Monte Carlo,Clay,56,M,O,20260406,17,VA25,,,Valentin Vacherot,R,193,MON,27.387,23,1818,C0C8,,,Juan Manuel Cerundolo,L,183,ARG,24.389,71,773,5-7 6-2 6-1,3,R64,144,7,3,88,55,40,16,14,5,8,2,4,93,49,25,23,13,12,18
2026-410,Monte Carlo,Clay,56,M,O,20260407,18,BK40,,,Matteo Berrettini,R,196,ITA,29.985,90,650,BD06,,,Roberto Bautista Agut,R,183,ESP,37.979,85,673,4-0 RET,3,R64,23,1,0,10,9,8,1,2,0,0,0,0,15,10,3,2,2,1,3
2026-410,Monte Carlo,Clay,56,M,O,20260407,19,S0AG,2,,Jannik Sinner,R,191,ITA,24.641,2,12400,HH26,,,Ugo Humbert,L,188,FRA,27.781,34,1320,6-3 6-0,3,R32,64,6,2,37,23,21,7,7,0,0,1,2,47,20,8,12,8,3,8
2026-410,Monte Carlo,Clay,56,M,O,20260407,20,HB71,,,Hubert Hurkacz,R,196,POL,29.15,74,745,D0FJ,15,,Luciano Darderi,R,183,ITA,24.142,21,1920,7-6(4) 5-7 6-1,3,R64,138,11,1,91,52,43,18,15,6,9,6,1,107,65,39,21,16,7,12
2026-410,Monte Carlo,Clay,56,M,O,20260407,21,EA24,,,Tomas Martin Etcheverry,R,196,ARG,26.721,30,1540,D875,,,Grigor Dimitrov,R,191,BUL,34.894,93,645,6-4 2-6 6-3,3,R64,116,3,0,69,46,36,13,14,0,3,5,0,73,47,30,16,13,0,3
2026-410,Monte Carlo,Clay,56,M,O,20260407,22,A0E2,1,,Carlos Alcaraz,R,183,ESP,22.924,1,13590,B0BI,,,Sebastian Baez,R,170,ARG,25.273,65,840,6-1 6-3,3,R32,69,6,3,45,30,25,6,8,0,1,1,1,62,40,21,7,8,5,10
2026-410,Monte Carlo,Clay,56,M,O,20260407,23,A0GC,,,Terence Atmane,L,193,FRA,24.241,45,1058,Q02L,,,Ethan Quinn,R,191,USA,22.07,54,911,6-1 6-4,3,R64,62,3,2,45,28,25,12,9,0,0,3,0,44,33,23,4,8,1,4
2026-410,Monte Carlo,Clay,56,M,O,20260407,24,C977,,,Marin Cilic,R,198,CRO,37.522,51,950,S0H2,,,Alexander Shevchenko,R,188,KAZ,25.352,77,727,6-1 6-3,3,R64,87,5,2,68,40,30,11,8,4,5,2,1,49,29,13,8,8,2,7
2026-410,Monte Carlo,Clay,56,M,O,20260407,25,M0CI,,,Fabian Marozsan,R,193,HUN,26.497,43,1095,D923,,,Damir Dzumhur,R,175,BIH,33.881,81,681,6-2 6-1,3,R64,65,1,0,45,32,23,10,8,0,0,0,0,51,37,18,6,7,2,6
2026-410,Monte Carlo,Clay,56,M,O,20260407,26,DH58,5,,Alex de Minaur,R,183,AUS,27.135,6,4095,N771,,,Cameron Norrie,L,188,GBR,30.623,24,1753,7-6(5) 2-6 6-2,3,R32,144,4,3,93,40,29,23,14,4,9,1,1,92,55,39,15,14,3,8
2026-410,Monte Carlo,Clay,56,M,O,20260407,27,BK92,8,,Alexander Bublik,R,196,KAZ,28.805,11,3345,MC65,,,Gael Monfils,R,193,FRA,39.598,203,290,6-4 6-4,3,R32,76,4,3,53,35,24,13,10,0,1,2,1,64,40,28,10,10,4,7
2026-410,Monte Carlo,Clay,56,M,O,20260407,28,RH16,9,,Casper Ruud,R,183,NOR,27.291,12,2625,P09Z,,,Alexei Popyrin,R,196,AUS,26.672,44,1060,6-3 6-4,3,R64,93,0,2,67,48,36,10,10,3,3,2,2,55,29,26,7,9,2,4
2026-410,Monte Carlo,Clay,56,M,O,20260407,29,MW02,,,Corentin Moutet,L,180,FRA,26.968,31,1433,MP20,,,Alexandre Muller,R,183,FRA,29.177,88,651,6-4 6-1,3,R64,81,2,1,55,29,21,15,8,4,5,0,1,58,39,23,7,9,6,11
2026-410,Monte Carlo,Clay,56,M,O,20260408,30,BK40,,,Matteo Berrettini,R,196,ITA,29.988,90,650,MM58,7,,Daniil Medvedev,R,198,RUS,30.155,10,3610,6-0 6-0,3,R32,49,0,0,34,22,16,10,6,2,2,1,5,33,12,5,4,6,2,8
2026-410,Monte Carlo,Clay,56,M,O,20260408,31,RH16,9,,Casper Ruud,R,183,NOR,27.294,12,2625,MW02,,,Corentin Moutet,L,180,FRA,26.971,31,1433,7-5 6-3,3,R32,104,3,1,75,52,32,14,11,2,5,0,2,53,25,14,12,10,1,6
2026-410,Monte Carlo,Clay,56,M,O,20260408,32,Z355,3,,Alexander Zverev,R,198,GER,28.966,3,5205,GD64,,,Cristian Garin,R,185,CHI,29.856,109,599,4-6 6-4 7-5,3,R32,170,8,1,108,68,46,21,16,8,12,0,5,97,65,45,13,16,5,10
2026-410,Monte Carlo,Clay,56,M,O,20260408,33,L0BV,11,,Jiri Lehecka,R,185,CZE,24.413,13,2490,TE30,,,Alejandro Tabilo,L,188,CHI,28.849,39,1118,4-6 7-6(4) 6-3,3,R32,159,10,2,100,56,43,23,16,1,4,5,3,115,73,51,19,15,9,12
2026-410,Monte Carlo,Clay,56,M,O,20260408,34,BU13,,,Zizou Bergs,R,185,BEL,26.847,47,1010,RE44,13,,Andrey Rublev,R,188,RUS,28.465,15,2400,6-4 6-1,3,R32,77,2,3,64,39,27,15,9,7,8,2,2,45,28,15,7,8,5,9
2026-410,Monte Carlo,Clay,56,M,O,20260408,35,M0FH,,,Tomas Machac,R,183,CZE,25.484,53,930,C0AU,16,,Francisco Cerundolo,R,185,ARG,27.652,19,2020,7-6(2) 6-3,3,R32,108,3,2,88,57,36,15,11,10,13,1,4,69,39,22,15,10,7,11
2026-410,Monte Carlo,Clay,56,M,O,20260408,36,F0FV,,,Joao Fonseca,R,188,BRA,19.63,40,1115,RC91,,,Arthur Rinderknech,R,196,FRA,30.71,27,1651,7-5 4-6 6-3,3,R32,152,3,3,104,71,50,19,16,10,12,5,3,92,53,40,22,15,4,7
2026-410,Monte Carlo,Clay,56,M,O,20260408,37,VA25,,,Valentin Vacherot,R,193,MON,27.392,23,1818,M0EJ,4,,Lorenzo Musetti,R,185,ITA,24.099,5,4265,7-6(6) 7-5,3,R32,129,4,1,71,43,34,15,12,3,5,3,2,95,55,34,21,12,6,9
2026-410,Monte Carlo,Clay,56,M,O,20260408,38,AG37,6,,Felix Auger-Aliassime,R,193,CAN,25.665,7,4000,C977,,,Marin Cilic,R,198,CRO,37.525,51,950,7-6(4) 6-3,3,R32,121,3,1,69,49,34,10,11,2,5,3,3,70,36,24,15,10,3,7
2026-410,Monte Carlo,Clay,56,M,O,20260408,39,B0PG,,,Alexander Blockx,R,193,BEL,20.999,91,649,C0E9,10,,Flavio Cobolli,R,183,ITA,23.923,16,2320,6-3 6-3,3,R32,85,4,1,60,41,26,15,9,5,5,1,0,52,31,23,8,9,4,7
2026-410,Monte Carlo,Clay,56,M,O,20260408,40,EA24,,,Tomas Martin Etcheverry,R,196,ARG,26.724,30,1540,A0GC,,,Terence Atmane,L,193,FRA,24.244,45,1058,3-6 6-3 6-2,3,R32,117,2,2,73,45,33,17,13,3,5,4,2,74,41,29,15,13,2,6
2026-410,Monte Carlo,Clay,56,M,O,20260408,41,HB71,,,Hubert Hurkacz,R,196,POL,29.153,74,745,M0CI,,,Fabian Marozsan,R,193,HUN,26.5,43,1095,6-2 6-3,3,R32,71,7,0,47,26,21,15,9,0,0,0,2,60,34,18,14,8,5,8
2026-410,Monte Carlo,Clay,56,M,O,20260409,42,F0FV,,,Joao Fonseca,R,188,BRA,19.633,40,1115,BK40,,,Matteo Berrettini,R,196,ITA,29.99,90,650,6-3 6-2,3,R16,73,5,0,44,31,28,6,9,0,1,2,0,51,23,16,10,8,2,6
2026-410,Monte Carlo,Clay,56,M,O,20260409,43,S0AG,2,,Jannik Sinner,R,191,ITA,24.646,2,12400,M0FH,,,Tomas Machac,R,183,CZE,25.487,53,930,6-1 6-7(3) 6-3,3,R16,121,5,4,75,43,31,19,13,2,4,0,6,89,48,27,20,15,4,11
2026-410,Monte Carlo,Clay,56,M,O,20260409,44,Z355,3,,Alexander Zverev,R,198,GER,28.969,3,5205,BU13,,,Zizou Bergs,R,185,BEL,26.85,47,1010,6-2 7-5,3,R16,111,5,1,56,39,25,11,10,1,3,2,7,73,37,23,14,10,4,9
2026-410,Monte Carlo,Clay,56,M,O,20260409,45,AG37,6,,Felix Auger-Aliassime,R,193,CAN,25.667,7,4000,RH16,9,,Casper Ruud,R,183,NOR,27.296,12,2625,7-5 2-2 RET,3,R16,103,4,1,58,35,25,12,8,2,3,2,1,62,45,26,10,8,4,6
2026-410,Monte Carlo,Clay,56,M,O,20260409,46,A0E2,1,,Carlos Alcaraz,R,183,ESP,22.93,1,13590,EA24,,,Tomas Martin Etcheverry,R,196,ARG,26.727,30,1540,6-1 4-6 6-3,3,R16,143,5,3,89,60,40,16,13,4,6,1,5,92,57,35,15,13,7,12
2026-410,Monte Carlo,Clay,56,M,O,20260409,47,BK92,8,,Alexander Bublik,R,196,KAZ,28.81,11,3345,L0BV,11,,Jiri Lehecka,R,185,CZE,24.416,13,2490,6-2 7-5,3,R16,75,5,1,51,36,32,8,10,0,0,7,0,65,51,35,4,10,4,7
2026-410,Monte Carlo,Clay,56,M,O,20260409,48,VA25,,,Valentin Vacherot,R,193,MON,27.395,23,1818,HB71,,,Hubert Hurkacz,R,196,POL,29.155,74,745,6-7(4) 6-3 6-4,3,R16,173,3,2,120,77,57,19,16,11,13,14,4,96,57,40,20,15,4,8
2026-410,Monte Carlo,Clay,56,M,O,20260409,49,DH58,5,,Alex de Minaur,R,183,AUS,27.14,6,4095,B0PG,,,Alexander Blockx,R,193,BEL,21.002,91,649,7-5 7-6(4),3,R16,107,2,0,70,41,32,19,12,2,3,1,1,75,45,36,14,12,1,3
2026-410,Monte Carlo,Clay,56,M,O,20260410,50,Z355,3,,Alexander Zverev,R,198,GER,28.972,3,5205,F0FV,,,Joao Fonseca,R,188,BRA,19.636,40,1115,7-5 6-7(3) 6-3,3,QF,160,3,2,104,69,50,19,17,1,3,4,2,97,63,43,19,16,3,7
2026-410,Monte Carlo,Clay,56,M,O,20260410,51,S0AG,2,,Jannik Sinner,R,191,ITA,24.649,2,12400,AG37,6,,Felix Auger-Aliassime,R,193,CAN,25.67,7,4000,6-3 6-4,3,QF,92,2,1,57,33,26,17,10,1,1,5,2,56,41,27,7,9,3,5
2026-410,Monte Carlo,Clay,56,M,O,20260410,52,A0E2,1,,Carlos Alcaraz,R,183,ESP,22.932,1,13590,BK92,8,,Alexander Bublik,R,196,KAZ,28.813,11,3345,6-3 6-0,3,QF,63,3,2,44,25,17,11,7,1,2,2,1,53,33,13,9,8,4,10
2026-410,Monte Carlo,Clay,56,M,O,20260410,53,VA25,,,Valentin Vacherot,R,193,MON,27.398,23,1818,DH58,5,,Alex de Minaur,R,183,AUS,27.143,6,4095,6-4 3-6 6-3,3,QF,144,6,3,97,56,41,17,14,14,17,3,6,87,42,28,22,14,6,10
2026-410,Monte Carlo,Clay,56,M,O,20260411,54,S0AG,2,,Jannik Sinner,R,191,ITA,24.652,2,12400,Z355,3,,Alexander Zverev,R,198,GER,28.975,3,5205,6-1 6-4,3,SF,82,1,0,39,23,20,12,8,0,0,0,2,54,32,14,12,9,0,4
2026-410,Monte Carlo,Clay,56,M,O,20260411,55,A0E2,1,,Carlos Alcaraz,R,183,ESP,22.935,1,13590,VA25,,,Valentin Vacherot,R,193,MON,27.4,23,1818,6-4 6-4,3,SF,84,3,3,51,31,25,12,10,0,1,3,1,59,40,28,9,10,1,4
2026-410,Monte Carlo,Clay,56,M,O,20260412,56,S0AG,2,,Jannik Sinner,R,191,ITA,24.654,2,12400,A0E2,1,,Carlos Alcaraz,R,183,ESP,22.938,1,13590,7-6(5) 6-3,3,F,135,0,2,75,38,25,24,11,3,5,3,5,92,53,31,22,10,8,11
2026-416,Munich,Clay,32,500,O,20260413,1,S0S1,2,,Ben Shelton,L,193,USA,23.51,6,3900,N0AM,,,Emilio Nava,R,185,USA,24.361,103,615,7-6(4) 3-6 6-3,3,R32,126,14,6,84,51,39,22,15,3,5,4,2,94,62,46,17,15,4,6
2026-308,Munich,Clay,32,500,O,20260413,2,C0AU,5,,Francisco Cerundolo,R,185,ARG,27.666,19,2020,N897,,,Sumit Nagal,R,178,IND,28.657,292,179,6-2 6-2,3,R32,80,2,2,60,36,27,12,8,8,8,0,1,50,37,21,6,8,6,10
2026-308,Munich,Clay,32,500,O,20260413,3,RC91,7,,Arthur Rinderknech,R,196,FRA,30.724,26,1676,M0QI,,,Alex Michelsen,R,193,USA,21.632,36,1200,6-3 6-3,3,R32,101,3,2,58,41,32,9,9,0,0,3,7,80,51,32,11,9,9,12
2026-308,Munich,Clay,32,500,O,20260413,4,D0F6,,,Gabriel Diallo,R,203,CAN,24.55,37,1175,SS25,,,Vitaliy Sachko,R,188,UKR,28.747,208,282,6-1 6-2,3,R32,76,4,2,53,38,30,7,8,5,5,2,0,45,20,11,11,7,5,9
2026-308,Munich,Clay,32,500,O,20260413,5,V812,,,Botic van de Zandschulp,R,191,NED,30.524,49,931,HH06,,,Marc-Andrea Huesler,L,196,SUI,29.802,340,148,7-6(7) 6-3,3,R32,110,2,5,71,47,32,12,10,3,5,3,2,77,41,24,17,11,6,10
2026-425,Barcelona,Clay,32,500,O,20260413,1,Q02L,,,Ethan Quinn,R,191,USA,22.086,50,927,O522,,,Reilly Opelka,R,211,USA,28.624,68,803,7-5 7-6(7),3,R32,111,8,1,83,59,50,10,12,0,0,13,6,81,50,40,16,12,7,8
2026-425,Barcelona,Clay,32,500,O,20260413,2,EA24,,,Tomas Martin Etcheverry,R,196,ARG,26.738,29,1590,D0CO,8,,Jack Draper,L,193,GBR,24.307,28,1610,3-6 6-3 4-1 RET,3,R32,105,3,4,56,29,21,17,11,1,4,3,6,69,36,24,12,12,1,6
2026-425,Barcelona,Clay,32,500,O,20260413,3,MW02,,,Corentin Moutet,L,180,FRA,26.984,31,1433,B0ID,,,Ignacio Buse,R,183,PER,22.051,60,864,6-4 6-4,3,R32,100,1,2,57,40,29,6,10,3,6,2,1,66,45,26,7,10,4,9
2026-308,Munich,Clay,32,500,O,20260413,6,B0PG,,,Alexander Blockx,R,193,BEL,21.013,71,772,H997,,,Yannick Hanfmann,R,193,GER,34.415,51,899,7-6(2) 6-2,3,R32,88,4,0,61,41,34,14,10,0,0,3,2,64,39,28,10,10,4,6
2026-425,Barcelona,Clay,32,500,O,20260413,4,J0DZ,,,Rafael Jodar,R,191,ESP,19.57,55,886,MU94,,,Jaume Munar,R,183,ESP,28.939,38,1175,6-1 6-2,3,R32,70,0,2,44,21,17,15,8,0,0,0,3,56,40,20,6,7,4,8
2026-425,Barcelona,Clay,32,500,O,20260413,5,N771,7,,Cameron Norrie,L,188,GBR,30.639,24,1778,W367,,,Stan Wawrinka,R,183,SUI,41.043,107,608,6-4 6-7(5) 6-4,3,R32,153,2,4,106,75,54,15,16,5,7,4,2,106,60,40,27,16,7,11
2026-425,Barcelona,Clay,32,500,O,20260413,6,BT72,,,Nuno Borges,R,185,POR,29.144,52,895,ME82,,,Adrian Mannarino,L,180,FRA,37.788,46,1025,6-3 6-4,3,R32,82,10,2,70,50,38,10,10,7,7,0,2,68,42,27,12,9,9,11
2026-425,Barcelona,Clay,32,500,O,20260413,7,M0JF,,,Hamad Medjedovic,R,188,SRB,22.738,88,664,TA29,,,Marco Trungelliti,R,178,ARG,36.197,79,732,7-5 6-4,3,R32,90,10,2,62,43,34,10,11,3,4,2,3,65,35,25,14,11,4,7
2026-308,Munich,Clay,32,500,O,20260414,7,Z355,1,,Alexander Zverev,R,198,GER,28.983,3,5555,KI95,,,Miomir Kecmanovic,R,183,SRB,26.62,58,875,6-3 3-6 7-6(2),3,R32,138,12,3,86,57,43,17,15,1,4,1,2,102,60,41,20,15,5,8
2026-308,Munich,Clay,32,500,O,20260414,8,MV14,,,Alex Molcan,L,178,SVK,28.367,166,376,BK92,3,,Alexander Bublik,R,196,KAZ,28.824,11,3445,6-4 6-2,3,R32,65,6,1,51,31,23,12,9,1,2,6,3,52,35,19,7,9,5,9
2026-308,Munich,Clay,32,500,O,20260414,9,C0E9,4,,Flavio Cobolli,R,183,ITA,23.94,16,2320,D0LJ,,,Diego Dedura,L,180,2H,18.09,258,210,6-4 7-5,3,R32,86,2,5,66,39,30,15,11,0,1,0,3,72,56,37,7,11,6,9
2026-308,Munich,Clay,32,500,O,20260414,10,D0FJ,6,,Luciano Darderi,R,183,ITA,24.162,21,1920,Z371,,,Zhizhen Zhang,R,193,CHN,29.492,242,230,7-6(5) 3-6 6-1,3,R32,127,8,3,89,51,37,23,14,3,6,11,2,94,64,45,11,14,7,11
2026-308,Munich,Clay,32,500,O,20260414,11,SU55,,,Denis Shapovalov,L,185,CAN,26.998,39,1120,GJ37,8,,Tallon Griekspoor,R,188,NED,29.782,32,1430,6-4 3-6 6-2,3,R32,122,3,6,82,48,31,21,14,3,6,4,4,85,56,36,13,13,8,12
2026-308,Munich,Clay,32,500,O,20260414,12,AE14,,,Daniel Altmaier,R,188,GER,27.587,56,880,C977,,,Marin Cilic,R,198,CRO,37.541,48,950,6-2 6-3,3,R32,69,9,1,49,33,27,12,9,2,2,3,2,49,31,20,8,8,1,4
2026-308,Munich,Clay,32,500,O,20260414,13,BU13,,,Zizou Bergs,R,185,BEL,26.864,40,1110,T0FI,,,Marko Topo,R,185,GER,22.585,260,208,6-1 6-4,3,R32,69,6,4,56,27,16,19,9,2,4,2,4,46,31,17,4,8,3,8
2026-308,Munich,Clay,32,500,O,20260414,14,F0FV,,,Joao Fonseca,R,188,BRA,19.647,35,1315,TE30,,,Alejandro Tabilo,L,188,CHI,28.865,45,1068,7-6(1) 6-3,3,R32,93,3,1,66,43,31,14,10,2,3,4,0,68,40,27,12,11,4,7
2026-308,Munich,Clay,32,500,O,20260414,15,KI82,,,Vit Kopriva,R,178,CZE,28.83,77,738,E0DD,,,Justin Engel,R,185,GER,18.535,184,323,6-3 5-7 6-2,3,R32,130,2,2,96,62,41,15,15,2,6,1,2,85,55,31,15,14,6,12
2026-425,Barcelona,Clay,32,500,O,20260414,8,A0E2,1,,Carlos Alcaraz,R,183,ESP,22.943,2,13240,V0AM,,,Otto Virtanen,R,193,FIN,24.813,130,487,6-4 6-2,3,R32,85,0,3,67,45,29,12,9,5,6,0,3,55,32,21,7,9,3,7
2026-425,Barcelona,Clay,32,500,O,20260414,9,M0EJ,2,,Lorenzo Musetti,R,185,ITA,24.115,9,3625,L0IL,,,Martin Landaluce,R,193,ESP,20.263,101,634,7-5 6-2,3,R32,87,3,4,60,35,29,13,10,2,3,1,4,57,27,19,14,10,3,7
2026-425,Barcelona,Clay,32,500,O,20260414,10,DH58,3,,Alex de Minaur,R,183,AUS,27.154,7,3895,O513,,,Sebastian Ofner,R,191,AUT,29.922,86,673,7-6(7) 6-4,3,R32,105,3,4,81,37,32,24,11,4,4,0,3,74,39,29,18,11,0,1
2026-425,Barcelona,Clay,32,500,O,20260414,11,U182,,,Camilo Ugo Carabelli,R,185,ARG,26.825,64,825,KE29,4,,Karen Khachanov,R,198,RUS,29.897,14,2410,6-3 6-4,3,R32,73,3,0,51,34,28,12,10,0,0,2,2,53,36,24,9,9,2,4
2026-425,Barcelona,Clay,32,500,O,20260414,12,M0FH,,,Tomas Machac,R,183,CZE,25.5,47,980,B0BI,,,Sebastian Baez,R,170,ARG,25.292,57,880,2-6 6-4 6-1,3,R32,99,3,3,69,47,32,10,12,1,4,1,1,76,54,31,9,13,4,9
2026-425,Barcelona,Clay,32,500,O,20260414,13,SU87,,,Lorenzo Sonego,R,191,ITA,30.927,66,810,MO44,,,Pedro Martinez,R,185,ESP,28.966,125,496,6-2 2-6 6-4,3,R32,156,5,1,76,48,33,14,13,6,10,0,4,83,55,30,16,13,6,11
2026-425,Barcelona,Clay,32,500,O,20260414,14,F0F1,9,,Arthur Fils,R,185,FRA,21.837,30,1440,A0GC,,,Terence Atmane,L,193,FRA,24.26,41,1108,4-6 6-4 7-6(7),3,R32,144,2,3,104,67,49,22,16,6,8,12,2,112,79,57,16,16,3,5
2026-425,Barcelona,Clay,32,500,O,20260414,15,RE44,5,,Andrey Rublev,R,188,RUS,28.482,15,2350,N0BS,,,Mariano Navone,R,178,ARG,25.125,44,1085,6-4 7-5,3,R32,112,1,2,74,42,27,15,11,4,7,1,1,77,62,31,9,11,5,10
2026-425,Barcelona,Clay,32,500,O,20260414,16,N0AE,,,Brandon Nakashima,R,188,USA,24.695,33,1385,C0C8,,,Juan Manuel Cerundolo,L,183,ARG,24.411,69,803,6-3 7-5,3,R32,102,6,0,71,45,31,16,11,1,2,6,2,61,30,21,14,10,3,6
2026-308,Munich,Clay,32,500,O,20260415,16,C0E9,4,,Flavio Cobolli,R,183,ITA,23.943,16,2320,BU13,,,Zizou Bergs,R,185,BEL,26.867,40,1110,6-2 6-3,3,R16,73,4,3,49,26,23,14,9,1,1,1,5,44,25,17,6,8,0,3
2026-308,Munich,Clay,32,500,O,20260415,17,S0S1,2,,Ben Shelton,L,193,USA,23.515,6,3900,B0PG,,,Alexander Blockx,R,193,BEL,21.018,71,772,6-4 7-6(8),3,R16,106,4,2,77,49,37,20,11,3,3,0,0,74,45,35,16,11,1,2
2026-308,Munich,Clay,32,500,O,20260415,18,F0FV,,,Joao Fonseca,R,188,BRA,19.65,35,1315,RC91,7,,Arthur Rinderknech,R,196,FRA,30.73,26,1676,6-3 6-2,3,R16,81,2,1,61,41,31,10,9,9,9,4,5,56,37,23,7,8,4,7
2026-308,Munich,Clay,32,500,O,20260415,19,M0CI,,,Fabian Marozsan,R,193,HUN,26.519,42,1105,TE51,,,Stefanos Tsitsipas,R,193,GRE,27.674,67,805,3-6 7-6(5) 6-4,3,R32,148,3,2,90,59,46,19,16,3,5,6,4,123,77,54,24,15,14,15
2026-425,Barcelona,Clay,32,500,O,20260415,17,M0JF,,,Hamad Medjedovic,R,188,SRB,22.743,88,664,DH58,3,,Alex de Minaur,R,183,AUS,27.157,7,3895,6-3 6-4,3,R16,95,6,1,74,49,36,11,10,8,9,1,5,53,19,13,19,9,5,8
2026-425,Barcelona,Clay,32,500,O,20260415,18,BT72,,,Nuno Borges,R,185,POR,29.15,52,895,EA24,,,Tomas Martin Etcheverry,R,196,ARG,26.743,29,1590,6-3 7-6(4),3,R16,121,5,5,83,46,37,20,11,4,5,0,4,65,36,21,19,10,6,8
2026-308,Munich,Clay,32,500,O,20260415,20,KI82,,,Vit Kopriva,R,178,CZE,28.832,77,738,D0FJ,6,,Luciano Darderi,R,183,ITA,24.164,21,1920,2-6 6-4 6-1,3,R16,120,5,3,88,54,36,18,13,6,10,4,1,78,41,26,17,12,1,6
2026-425,Barcelona,Clay,32,500,O,20260415,19,N771,7,,Cameron Norrie,L,188,GBR,30.645,24,1778,Q02L,,,Ethan Quinn,R,191,USA,22.092,50,927,6-3 4-6 6-4,3,R16,150,4,5,102,63,44,21,15,6,8,7,6,105,62,43,19,14,4,7
2026-425,Barcelona,Clay,32,500,O,20260415,20,J0DZ,,,Rafael Jodar,R,191,ESP,19.576,55,886,U182,,,Camilo Ugo Carabelli,R,185,ARG,26.828,64,825,6-3 6-3,3,R16,89,0,1,60,42,27,12,9,4,5,0,2,69,37,21,14,9,5,9
2026-425,Barcelona,Clay,32,500,O,20260415,21,M0FH,,,Tomas Machac,R,183,CZE,25.503,47,980,A0E2,,,Carlos Alcaraz,R,183,ESP,22.946,2,13240,W/O,3,R16,,,,,,,,,,,,,,,,,,,
2026-308,Munich,Clay,32,500,O,20260416,21,Z355,1,,Alexander Zverev,R,198,GER,28.988,3,5555,D0F6,,,Gabriel Diallo,R,203,CAN,24.559,37,1175,6-1 6-2,3,R16,73,3,1,40,30,25,5,7,1,1,2,0,53,31,17,7,8,3,8
2026-308,Munich,Clay,32,500,O,20260416,22,C0AU,5,,Francisco Cerundolo,R,185,ARG,27.674,19,2020,V812,,,Botic van de Zandschulp,R,191,NED,30.533,49,931,6-3 6-0,3,R16,64,0,2,40,20,14,13,7,3,4,0,4,54,31,15,8,8,5,11
2026-308,Munich,Clay,32,500,O,20260416,23,MV14,,,Alex Molcan,L,178,SVK,28.372,166,376,AE14,,,Daniel Altmaier,R,188,GER,27.592,56,880,6-4 7-6(10),3,R16,103,2,0,68,43,36,16,11,0,0,6,5,68,47,37,10,11,0,1
2026-308,Munich,Clay,32,500,O,20260416,24,SU55,,,Denis Shapovalov,L,185,CAN,27.003,39,1120,M0CI,,,Fabian Marozsan,R,193,HUN,26.522,42,1105,7-6(4) 6-2,3,R16,85,4,8,67,38,30,17,10,3,3,3,1,60,44,28,12,10,2,4
2026-425,Barcelona,Clay,32,500,O,20260416,22,M0EJ,2,,Lorenzo Musetti,R,185,ITA,24.12,9,3625,MW02,,,Corentin Moutet,L,180,FRA,26.992,31,1433,6-3 6-4,3,R16,101,2,0,64,42,29,14,10,5,6,1,3,59,41,25,9,9,2,5
2026-425,Barcelona,Clay,32,500,O,20260416,23,RE44,5,,Andrey Rublev,R,188,RUS,28.487,15,2350,SU87,,,Lorenzo Sonego,R,191,ITA,30.932,66,810,6-2 6-3,3,R16,102,2,5,54,30,21,13,8,4,5,1,2,70,41,21,14,9,6,11
2026-425,Barcelona,Clay,32,500,O,20260416,24,F0F1,9,,Arthur Fils,R,185,FRA,21.843,30,1440,N0AE,,,Brandon Nakashima,R,188,USA,24.701,33,1385,6-2 6-3,3,R16,73,2,1,44,28,23,8,8,1,2,2,0,54,34,20,8,9,4,9
2026-308,Munich,Clay,32,500,O,20260417,25,S0S1,2,,Ben Shelton,L,193,USA,23.521,6,3900,F0FV,,,Joao Fonseca,R,188,BRA,19.655,35,1315,6-3 3-6 6-3,3,QF,109,7,2,70,45,38,17,14,0,1,3,0,76,50,35,17,13,5,7
2026-308,Munich,Clay,32,500,O,20260417,26,Z355,1,,Alexander Zverev,R,198,GER,28.991,3,5555,C0AU,5,,Francisco Cerundolo,R,185,ARG,27.677,19,2020,5-7 6-0 6-2,3,QF,135,3,3,72,52,34,13,13,0,3,1,4,93,52,29,18,13,5,12
2026-308,Munich,Clay,32,500,O,20260417,27,C0E9,4,,Flavio Cobolli,R,183,ITA,23.948,16,2320,KI82,,,Vit Kopriva,R,178,CZE,28.838,77,738,6-3 6-2,3,QF,86,1,3,60,31,22,17,9,5,6,1,3,58,35,20,9,8,8,12
2026-425,Barcelona,Clay,32,500,O,20260417,25,F0F1,9,,Arthur Fils,R,185,FRA,21.845,30,1440,M0EJ,2,,Lorenzo Musetti,R,185,ITA,24.123,9,3625,6-3 6-4,3,QF,75,2,0,51,37,29,11,10,0,0,2,2,58,42,31,6,9,3,5
2026-425,Barcelona,Clay,32,500,O,20260417,26,RE44,5,,Andrey Rublev,R,188,RUS,28.49,15,2350,M0FH,,,Tomas Machac,R,183,CZE,25.509,47,980,6-4 6-3,3,QF,85,1,3,60,31,20,14,9,4,7,0,3,66,43,22,9,10,7,13
2026-425,Barcelona,Clay,32,500,O,20260417,27,M0JF,,,Hamad Medjedovic,R,188,SRB,22.749,88,664,BT72,,,Nuno Borges,R,185,POR,29.155,52,895,7-6(6) 6-2,3,QF,94,7,2,65,39,31,15,10,1,2,4,2,63,41,29,12,10,3,6
2026-308,Munich,Clay,32,500,O,20260417,28,MV14,,,Alex Molcan,L,178,SVK,28.375,166,376,SU55,,,Denis Shapovalov,L,185,CAN,27.006,39,1120,6-4 6-4,3,QF,78,2,3,52,28,19,19,10,0,1,4,7,61,32,23,12,10,6,9
2026-425,Barcelona,Clay,32,500,O,20260417,28,J0DZ,,,Rafael Jodar,R,191,ESP,19.581,55,886,N771,7,,Cameron Norrie,L,188,GBR,30.65,24,1778,6-3 6-2,3,QF,69,4,1,48,32,24,8,9,2,4,1,1,53,30,12,12,8,4,9
2026-308,Munich,Clay,32,500,O,20260418,29,C0E9,4,,Flavio Cobolli,R,183,ITA,23.951,16,2320,Z355,1,,Alexander Zverev,R,198,GER,28.994,3,5555,6-3 6-3,3,SF,69,7,1,49,32,24,10,9,1,2,0,1,45,35,22,3,9,1,5
2026-308,Munich,Clay,32,500,O,20260418,30,S0S1,2,,Ben Shelton,L,193,USA,23.524,6,3900,MV14,,,Alex Molcan,L,178,SVK,28.378,166,376,6-3 6-4,3,SF,96,6,2,62,37,27,17,10,1,1,2,2,67,35,26,16,9,6,8
2026-425,Barcelona,Clay,32,500,O,20260418,29,RE44,5,,Andrey Rublev,R,188,RUS,28.493,15,2350,M0JF,,,Hamad Medjedovic,R,188,SRB,22.752,88,664,3-6 6-2 6-2,3,SF,118,5,2,79,47,33,22,12,5,6,6,3,90,64,40,13,13,5,9
2026-425,Barcelona,Clay,32,500,O,20260418,30,F0F1,9,,Arthur Fils,R,185,FRA,21.848,30,1440,J0DZ,,,Rafael Jodar,R,191,ESP,19.584,55,886,3-6 6-3 6-2,3,SF,112,1,3,82,46,37,19,13,6,7,2,3,82,49,33,18,13,10,13
2026-308,Munich,Clay,32,500,O,20260419,31,S0S1,2,,Ben Shelton,L,193,USA,23.526,6,3900,C0E9,4,,Flavio Cobolli,R,183,ITA,23.953,16,2320,6-2 7-5,3,F,90,4,3,68,40,34,12,10,6,6,2,3,57,33,23,12,10,6,9
2026-425,Barcelona,Clay,32,500,O,20260419,31,F0F1,9,,Arthur Fils,R,185,FRA,21.851,30,1440,RE44,5,,Andrey Rublev,R,188,RUS,28.496,15,2350,6-2 7-6(2),3,F,100,5,3,67,38,26,15,10,5,8,1,2,87,56,33,10,10,14,19
2026-1536,Madrid Masters,Clay,96,M,O,20260422,1,O513,,,Sebastian Ofner,R,191,AUT,29.944,83,698,BG23,,,Nikoloz Basilashvili,R,185,GEO,34.16,120,516,7-6(5) 7-6(0),3,R128,99,18,2,87,50,42,20,12,6,7,8,6,82,41,33,20,12,2,3
2026-1536,Madrid Masters,Clay,96,M,O,20260422,2,B0ID,,,Ignacio Buse,R,183,PER,22.075,58,864,ME82,,,Adrian Mannarino,L,180,FRA,37.812,46,1025,6-4 6-2,3,R128,83,7,2,54,36,28,11,9,1,1,4,2,58,43,26,6,9,3,6
2026-1536,Madrid Masters,Clay,96,M,O,20260422,3,C977,,,Marin Cilic,R,198,CRO,37.563,51,950,BU13,,,Zizou Bergs,R,185,BEL,26.886,44,1060,4-6 6-3 6-4,3,R128,127,9,1,80,42,34,25,15,2,3,10,4,81,48,37,19,14,4,6
2026-1536,Madrid Masters,Clay,96,M,O,20260422,4,D923,,,Damir Dzumhur,R,175,BIH,33.922,84,694,B0GG,,,Mattia Bellucci,L,175,ITA,24.89,78,734,6-2 6-4,3,R128,77,0,2,49,34,28,7,9,1,2,0,2,52,37,22,8,9,1,5
2026-1536,Madrid Masters,Clay,96,M,O,20260422,5,KI82,,,Vit Kopriva,R,178,CZE,28.851,66,826,Z371,,,Zhizhen Zhang,R,193,CHN,29.514,245,230,6-2 6-0,3,R128,56,4,2,36,23,19,9,7,0,0,3,4,56,40,17,8,7,7,12
2026-1536,Madrid Masters,Clay,96,M,O,20260422,6,L987,,,Dusan Lajovic,R,183,SRB,35.811,138,451,SU87,,,Lorenzo Sonego,R,191,ITA,30.949,62,850,6-3 7-6(1),3,R128,93,0,0,60,41,31,14,11,1,2,4,1,55,36,26,10,10,4,6
2026-1536,Madrid Masters,Clay,96,M,O,20260422,7,N0AM,,,Emilio Nava,R,185,USA,24.386,116,549,B0CD,,,Jenson Brooksby,R,193,USA,25.487,61,852,6-3 7-5,3,R128,98,8,2,63,44,33,8,10,3,4,0,3,69,46,26,13,11,1,5
2026-1536,Madrid Masters,Clay,96,M,O,20260422,8,P0HW,,,Dino Prizmic,R,188,CRO,20.712,87,670,BK40,,,Matteo Berrettini,R,196,ITA,30.026,92,650,6-3 6-4,3,R128,99,3,4,62,33,26,18,10,1,1,2,1,66,47,32,7,9,6,8
2026-1536,Madrid Masters,Clay,96,M,O,20260422,9,SL28,,,Jan-Lennard Struff,R,193,GER,35.992,81,709,MP20,,,Alexandre Muller,R,183,FRA,29.218,95,641,7-6(3) 6-0,3,R128,76,7,3,59,26,19,18,9,4,6,7,6,67,41,26,6,9,6,11
2026-1536,Madrid Masters,Clay,96,M,O,20260422,10,T0A1,,,Thiago Agustin Tirante,R,185,ARG,25.032,75,765,BD06,,,Roberto Bautista Agut,R,183,ESP,38.021,93,649,6-2 6-4,3,R128,77,7,1,44,27,25,11,9,0,0,0,3,51,31,21,9,9,1,4
2026-1536,Madrid Masters,Clay,96,M,O,20260422,11,HB71,,,Hubert Hurkacz,R,196,POL,29.191,63,845,F0F2,,,Jaime Faria,R,188,POR,22.71,136,459,6-3 6-3,3,R128,73,12,0,47,31,27,12,9,3,3,1,1,59,33,17,16,9,3,6
2026-1536,Madrid Masters,Clay,96,M,O,20260422,12,M0K4,,,Elmer Moller,R,183,DEN,22.787,169,364,C0NB,,,Federico Cina,R,185,ITA,19.064,205,285,6-4 7-6(4),3,R128,117,3,8,75,41,32,17,11,3,5,0,4,94,59,39,15,11,11,14
2026-1536,Madrid Masters,Clay,96,M,O,20260422,13,J0DZ,,,Rafael Jodar,R,191,ESP,19.595,42,1080,D0C1,,,Jesper de Jong,R,180,NED,25.893,109,588,2-6 7-5 6-4,3,R128,151,5,3,107,62,42,17,15,5,10,6,9,106,59,41,19,15,6,11
2026-1536,Madrid Masters,Clay,96,M,O,20260422,14,BM95,,,Benjamin Bonzi,R,183,FRA,29.867,104,616,D0DW,,,Titouan Droguet,R,191,FRA,24.851,113,571,6-7(4) 7-6(4) 6-4,3,R128,152,2,2,100,63,53,23,17,1,1,15,3,118,64,48,31,17,8,9
2026-1536,Madrid Masters,Clay,96,M,O,20260422,15,M0FH,,,Tomas Machac,R,183,CZE,25.522,41,1080,C0DF,,,Francisco Comesana,R,178,ARG,25.541,105,610,3-6 7-6(3) 6-3,3,R128,129,9,4,89,57,42,19,14,1,2,14,3,93,59,45,17,16,1,3
2026-1536,Madrid Masters,Clay,96,M,O,20260422,16,TE30,,,Alejandro Tabilo,L,188,CHI,28.887,43,1068,R0EB,,,Valentin Royer,R,188,FRA,24.898,72,794,6-2 6-4,3,R128,76,7,2,50,32,28,11,9,0,0,4,4,68,42,26,11,9,4,7
2026-1536,Madrid Masters,Clay,96,M,O,20260423,17,V0DP,,,Adolfo Daniel Vallejo,R,183,PAR,21.985,96,640,D875,,,Grigor Dimitrov,R,191,BUL,34.938,137,455,6-4 6-4,3,R128,94,3,1,70,49,37,10,10,5,6,1,1,55,37,25,9,10,2,5
2026-1536,Madrid Masters,Clay,96,M,O,20260423,18,A0GC,,,Terence Atmane,L,193,FRA,24.285,47,983,KI95,,,Miomir Kecmanovic,R,183,SRB,26.645,65,835,6-4 7-5,3,R128,75,10,1,59,40,35,10,11,0,0,1,3,56,35,31,11,11,1,3
2026-1536,Madrid Masters,Clay,96,M,O,20260423,19,B0PG,,,Alexander Blockx,R,193,BEL,21.04,69,814,GD64,,,Cristian Garin,R,185,CHI,29.897,85,679,4-6 7-5 7-5,3,R128,139,14,3,99,64,50,21,17,5,6,3,3,96,61,50,18,17,4,6
2026-1536,Madrid Masters,Clay,96,M,O,20260423,20,CD85,,,Pablo Carreno Busta,R,188,ESP,34.782,94,646,F724,,,Marton Fucsovics,R,188,HUN,34.204,54,887,4-6 7-6(5) 6-2,3,R128,147,3,0,87,59,44,20,15,1,3,9,4,96,57,42,19,15,4,7
2026-1536,Madrid Masters,Clay,96,M,O,20260423,21,D0DT,,,Martin Damm,L,203,USA,,126,499,P09Z,,,Alexei Popyrin,R,196,AUS,26.716,56,870,7-6(7) 6-4,3,R128,107,11,6,79,45,36,23,11,4,4,12,2,73,42,34,19,11,5,6
2026-1536,Madrid Masters,Clay,96,M,O,20260423,22,H997,,,Yannick Hanfmann,R,193,GER,34.442,60,857,GC88,,,Marcos Giron,R,180,USA,32.747,76,750,6-4 6-7(3) 7-5,3,R128,143,16,0,94,62,51,22,17,1,1,4,2,113,80,58,22,17,9,11
2026-1536,Madrid Masters,Clay,96,M,O,20260423,23,M0CI,,,Fabian Marozsan,R,193,HUN,26.541,50,955,Q02L,,,Ethan Quinn,R,191,USA,22.114,48,977,7-6(5) 7-6(6),3,R128,113,8,3,78,45,40,20,12,1,1,11,2,91,55,44,18,12,3,3
2026-1536,Madrid Masters,Clay,96,M,O,20260423,24,MU94,,,Jaume Munar,R,183,ESP,28.966,38,1135,S0H2,,,Alexander Shevchenko,R,188,KAZ,25.396,82,704,6-4 6-1,3,R128,78,0,2,54,43,31,8,9,2,2,3,2,50,26,18,10,8,2,5
2026-1536,Madrid Masters,Clay,96,M,O,20260423,25,N0BS,,,Mariano Navone,R,178,ARG,25.15,45,1055,BT72,,,Nuno Borges,R,185,POR,29.172,49,970,6-3 6-4,3,R128,86,1,3,69,48,29,14,10,1,3,4,1,53,30,19,6,9,5,9
2026-1536,Madrid Masters,Clay,96,M,O,20260423,26,C0C8,,,Juan Manuel Cerundolo,L,183,ARG,24.435,67,816,AE14,,,Daniel Altmaier,R,188,GER,27.611,55,880,6-4 6-4,3,R128,75,4,0,50,31,26,11,10,0,1,6,2,49,30,23,8,10,1,4
2026-1536,Madrid Masters,Clay,96,M,O,20260423,27,G0FW,,,Vilius Gaubas,R,178,LTU,21.314,124,503,B0BI,,,Sebastian Baez,R,170,ARG,25.317,64,840,7-5 6-1,3,R128,89,2,1,61,39,29,13,10,2,2,1,3,64,45,28,8,9,4,7
2026-1536,Madrid Masters,Clay,96,M,O,20260423,28,TE51,,,Stefanos Tsitsipas,R,193,GRE,27.696,80,715,K0A3,,,Patrick Kypson,R,188,USA,26.486,90,653,3-6 7-6(6) 7-6(4),3,R128,158,14,3,105,69,59,16,16,3,4,11,0,113,71,55,27,17,4,4
2026-1536,Madrid Masters,Clay,96,M,O,20260423,29,U182,,,Camilo Ugo Carabelli,R,185,ARG,26.85,57,865,MC65,,,Gael Monfils,R,193,FRA,39.641,200,290,6-3 6-4,3,R128,78,2,1,63,45,33,13,10,3,3,7,2,63,46,33,5,9,5,7
2026-1536,Madrid Masters,Clay,96,M,O,20260423,30,B0U4,,,Nicolai Budkov Kjaer,R,191,NOR,19.641,140,451,O522,,,Reilly Opelka,R,211,USA,28.652,70,803,5-3 RET,3,R128,25,3,0,20,15,14,2,4,0,0,1,2,19,9,6,6,4,0,1
2026-1536,Madrid Masters,Clay,96,M,O,20260423,31,M0N7,,,Daniel Merida,R,188,ESP,21.572,102,632,TA29,,,Marco Trungelliti,R,178,ARG,36.225,77,737,6-4 1-6 7-6(6),3,R128,161,5,3,97,68,43,12,14,3,8,1,2,112,66,45,21,15,9,13
2026-1536,Madrid Masters,Clay,96,M,O,20260423,32,W09E,,,Adam Walton,R,183,AUS,27.017,117,547,L0IL,,,Martin Landaluce,R,193,ESP,20.287,99,634,6-2 6-3,3,R128,80,1,0,59,34,23,15,9,4,5,1,4,48,30,17,9,8,1,5
2026-1536,Madrid Masters,Clay,96,M,O,20260424,33,M0K4,,,Elmer Moller,R,183,DEN,22.793,169,364,D0F6,32,,Gabriel Diallo,R,203,CAN,24.58,36,1200,7-5 3-3 RET,3,R64,92,1,2,61,32,18,16,9,6,9,5,1,55,42,25,5,9,1,5
2026-1536,Madrid Masters,Clay,96,M,O,20260424,34,M0EJ,6,,Lorenzo Musetti,R,185,ITA,24.142,9,3715,HB71,,,Hubert Hurkacz,R,196,POL,29.196,63,845,6-4 7-6(4),3,R64,110,3,1,93,61,37,19,11,8,9,6,1,64,37,26,16,11,4,6
2026-1536,Madrid Masters,Clay,96,M,O,20260424,35,N0AM,,,Emilio Nava,R,185,USA,24.392,116,549,VA25,14,,Valentin Vacherot,R,193,MON,27.436,17,2168,6-7(5) 7-6(1) 6-3,3,R64,179,21,9,145,94,70,19,17,17,19,6,5,109,65,44,25,16,5,8
2026-1536,Madrid Masters,Clay,96,M,O,20260424,36,RC91,22,,Arthur Rinderknech,R,196,FRA,30.754,26,1716,L987,,,Dusan Lajovic,R,183,SRB,35.817,138,451,6-3 6-2,3,R64,73,10,1,53,42,33,7,9,3,3,1,2,48,33,20,6,8,3,6
2026-1536,Madrid Masters,Clay,96,M,O,20260424,37,GJ37,29,,Tallon Griekspoor,R,188,NED,29.81,33,1340,D923,,,Damir Dzumhur,R,175,BIH,33.927,84,694,6-3 6-4,3,R64,87,4,0,55,36,26,11,10,3,5,1,1,67,46,26,11,9,6,10
2026-1536,Madrid Masters,Clay,96,M,O,20260424,38,M0QI,,,Alex Michelsen,R,193,USA,21.662,37,1200,SL28,,,Jan-Lennard Struff,R,193,GER,35.997,81,709,6-2 6-1,3,R64,57,2,2,40,28,26,6,8,0,0,4,1,56,32,17,11,7,7,11
2026-1536,Madrid Masters,Clay,96,M,O,20260424,39,F0FV,27,,Joao Fonseca,R,188,BRA,19.674,31,1415,C977,,,Marin Cilic,R,198,CRO,37.569,51,950,W/O,3,R64,,,,,,,,,,,,,,,,,,,
2026-1536,Madrid Masters,Clay,96,M,O,20260424,40,S0AG,1,,Jannik Sinner,R,191,ITA,24.687,1,13350,BM95,,,Benjamin Bonzi,R,183,FRA,29.873,104,616,6-7(6) 6-1 6-4,3,R64,140,10,1,82,53,45,20,15,0,0,4,3,95,66,45,15,14,10,13
2026-1536,Madrid Masters,Clay,96,M,O,20260424,41,P0HW,,,Dino Prizmic,R,188,CRO,20.717,87,670,S0S1,4,,Ben Shelton,L,193,USA,23.54,6,4070,6-4 6-7(4) 7-6(5),3,R64,182,5,2,109,64,51,26,17,0,0,10,3,117,78,59,22,17,5,6
2026-1536,Madrid Masters,Clay,96,M,O,20260424,42,L0BV,11,,Jiri Lehecka,R,185,CZE,24.457,14,2540,TE30,,,Alejandro Tabilo,L,188,CHI,28.893,43,1068,3-6 7-6(3) 6-4,3,R64,129,16,0,91,60,48,19,15,1,2,7,2,95,60,44,25,16,1,2
2026-1536,Madrid Masters,Clay,96,M,O,20260424,43,F0F1,21,,Arthur Fils,R,185,FRA,21.864,25,1740,B0ID,,,Ignacio Buse,R,183,PER,22.081,58,864,6-7(4) 7-6(3) 7-5,3,R64,170,2,3,112,80,59,17,18,6,8,5,2,114,84,62,13,18,4,7
2026-1536,Madrid Masters,Clay,96,M,O,20260424,44,EA24,25,,Tomas Martin Etcheverry,R,196,ARG,26.768,29,1590,O513,,,Sebastian Ofner,R,191,AUT,29.949,83,698,6-4 6-4,3,R64,78,5,1,51,35,31,10,10,0,0,4,0,60,32,21,17,10,2,4
2026-1536,Madrid Masters,Clay,96,M,O,20260424,45,N771,19,,Cameron Norrie,L,188,GBR,30.669,23,1868,M0FH,,,Tomas Machac,R,183,CZE,25.522,41,1080,6-2 6-7(6) 7-6(5),3,R64,174,7,5,128,84,57,23,16,11,12,4,5,110,64,46,24,16,4,7
2026-1536,Madrid Masters,Clay,96,M,O,20260424,46,J0DZ,,,Rafael Jodar,R,191,ESP,19.6,42,1080,DH58,5,,Alex de Minaur,R,183,AUS,27.181,8,3845,6-3 6-1,3,R64,75,3,1,49,25,17,13,8,3,5,1,2,59,36,14,11,8,7,13
2026-1536,Madrid Masters,Clay,96,M,O,20260424,47,KI82,,,Vit Kopriva,R,178,CZE,28.857,66,826,RE44,9,,Andrey Rublev,R,188,RUS,28.509,12,2630,6-3 6-4,3,R64,74,4,1,58,42,37,7,10,2,2,5,1,56,42,30,5,9,2,4
2026-1536,Madrid Masters,Clay,96,M,O,20260424,48,T0A1,,,Thiago Agustin Tirante,R,185,ARG,25.038,75,765,PL56,15,,Tommy Paul,R,185,USA,28.936,18,2065,7-5 6-4,3,R64,102,5,2,62,40,34,13,11,2,2,2,4,77,52,37,10,11,4,6
2026-1536,Madrid Masters,Clay,96,M,O,20260425,49,C0AU,16,,Francisco Cerundolo,R,185,ARG,27.699,20,1920,H997,,,Yannick Hanfmann,R,193,GER,34.448,60,857,6-1 7-5,3,R64,100,5,1,68,39,28,13,10,7,9,1,3,71,43,24,11,9,4,9
2026-1536,Madrid Masters,Clay,96,M,O,20260425,50,KE29,13,,Karen Khachanov,R,198,RUS,29.927,16,2220,W09E,,,Adam Walton,R,183,AUS,27.023,117,547,6-2 6-3,3,R64,79,4,2,44,32,25,9,8,3,3,4,2,75,45,27,13,9,6,10
2026-1536,Madrid Masters,Clay,96,M,O,20260425,51,DH50,20,,Alejandro Davidovich Fokina,R,180,ESP,26.888,24,1820,CD85,,,Pablo Carreno Busta,R,188,ESP,34.787,94,646,6-3 6-3,3,R64,67,1,1,46,31,25,8,9,0,1,1,0,46,31,18,8,9,3,7
2026-1536,Madrid Masters,Clay,96,M,O,20260425,52,A0GC,,,Terence Atmane,L,193,FRA,24.29,47,983,HH26,30,,Ugo Humbert,L,188,FRA,27.83,34,1320,7-6(3) 7-6(5),3,R64,136,7,2,81,49,35,22,12,5,7,9,5,101,53,39,24,12,8,10
2026-1536,Madrid Masters,Clay,96,M,O,20260425,53,AG37,3,,Felix Auger-Aliassime,R,193,CAN,25.711,5,4100,G0FW,,,Vilius Gaubas,R,178,LTU,21.32,124,503,6-3 6-4,3,R64,81,7,0,46,33,30,10,10,0,0,3,1,61,45,30,6,9,4,6
2026-1536,Madrid Masters,Clay,96,M,O,20260425,54,RH16,12,,Casper Ruud,R,183,NOR,27.34,15,2535,MU94,,,Jaume Munar,R,183,ESP,28.972,38,1135,6-0 6-1,3,R64,65,3,2,40,24,19,11,7,1,1,0,0,47,27,14,4,6,5,10
2026-1536,Madrid Masters,Clay,96,M,O,20260425,55,D0FJ,18,,Luciano Darderi,R,183,ITA,24.192,22,1870,C0C8,,,Juan Manuel Cerundolo,L,183,ARG,24.441,67,816,6-1 6-3,3,R64,78,6,3,52,26,18,16,8,2,3,3,2,46,20,10,12,8,2,7
2026-1536,Madrid Masters,Clay,96,M,O,20260425,56,M0NI,23,,Jakub Mensik,R,196,CZE,20.646,27,1700,D0DT,,,Martin Damm,L,203,USA,,126,499,6-3 6-4,3,R64,66,9,2,54,33,29,14,10,2,2,8,5,50,30,25,9,9,3,5
2026-1536,Madrid Masters,Clay,96,M,O,20260425,57,B0PG,,,Alexander Blockx,R,193,BEL,21.046,69,814,N0AE,28,,Brandon Nakashima,R,188,USA,24.726,32,1385,3-6 6-3 6-4,3,R64,111,15,1,80,51,38,20,14,4,5,7,0,85,59,45,12,14,1,3
2026-1536,Madrid Masters,Clay,96,M,O,20260425,58,C0E9,10,,Flavio Cobolli,R,183,ITA,23.97,13,2600,U182,,,Camilo Ugo Carabelli,R,185,ARG,26.856,57,865,6-7(7) 6-1 6-4,3,R64,147,10,3,91,46,36,31,15,2,2,4,4,110,66,47,20,14,8,11
2026-1536,Madrid Masters,Clay,96,M,O,20260425,59,Z355,2,,Alexander Zverev,R,198,GER,29.013,3,5255,N0BS,,,Mariano Navone,R,178,ARG,25.155,45,1055,6-1 3-6 6-3,3,R64,102,8,3,61,44,34,12,13,0,2,0,4,72,56,34,6,12,4,8
2026-1536,Madrid Masters,Clay,96,M,O,20260425,60,V0DP,,,Adolfo Daniel Vallejo,R,183,PAR,21.99,96,640,T0HA,17,,Learner Tien,L,180,USA,20.394,21,1885,6-4 6-3,3,R64,79,3,2,67,41,28,14,9,7,8,0,4,58,35,18,14,10,3,7
2026-1536,Madrid Masters,Clay,96,M,O,20260426,61,TE51,,,Stefanos Tsitsipas,R,193,GRE,27.704,80,715,BK92,8,,Alexander Bublik,R,196,KAZ,28.857,11,3445,6-2 7-5,3,R64,73,10,1,48,35,33,7,10,0,0,2,3,67,40,30,8,10,2,5
2026-1536,Madrid Masters,Clay,96,M,O,20260426,62,MM58,7,,Daniil Medvedev,R,198,RUS,30.204,10,3560,M0CI,,,Fabian Marozsan,R,193,HUN,26.549,50,955,6-2 6-7(3) 6-4,3,R64,129,3,4,83,63,50,11,15,2,3,3,1,103,76,51,10,15,3,7
2026-1536,Madrid Masters,Clay,96,M,O,20260426,63,M0N7,,,Daniel Merida,R,188,ESP,21.58,102,632,MW02,26,,Corentin Moutet,L,180,FRA,27.02,30,1433,6-3 6-4,3,R64,111,2,3,71,50,36,9,10,2,3,1,2,83,62,38,7,9,9,12
2026-1536,Madrid Masters,Clay,96,M,O,20260426,64,B0U4,,,Nicolai Budkov Kjaer,R,191,NOR,19.65,140,451,SU55,31,,Denis Shapovalov,L,185,CAN,27.031,35,1210,6-2 6-1,3,R64,52,2,1,42,28,25,8,8,0,0,1,4,38,15,9,7,7,2,6
2026-1536,Madrid Masters,Clay,96,M,O,20260426,65,M0EJ,6,,Lorenzo Musetti,R,185,ITA,24.148,9,3715,GJ37,29,,Tallon Griekspoor,R,188,NED,29.815,33,1340,6-4 7-5,3,R32,100,5,2,60,41,32,9,11,2,4,4,4,70,38,28,13,11,5,9
2026-1536,Madrid Masters,Clay,96,M,O,20260426,66,L0BV,11,,Jiri Lehecka,R,185,CZE,24.463,14,2540,M0QI,,,Alex Michelsen,R,193,USA,21.667,37,1200,6-4 6-2,3,R32,85,10,0,57,43,33,8,9,0,0,3,3,61,38,24,11,9,3,6
2026-1536,Madrid Masters,Clay,96,M,O,20260426,67,S0AG,1,,Jannik Sinner,R,191,ITA,24.693,1,13350,M0K4,,,Elmer Moller,R,183,DEN,22.798,169,364,6-2 6-3,3,R32,77,7,1,51,36,26,8,9,0,1,4,3,50,28,19,8,8,5,9
2026-1536,Madrid Masters,Clay,96,M,O,20260426,68,EA24,25,,Tomas Martin Etcheverry,R,196,ARG,26.773,29,1590,P0HW,,,Dino Prizmic,R,188,CRO,20.723,87,670,2-6 6-4 6-3,3,R32,130,7,5,71,48,42,5,13,1,4,3,2,82,48,33,18,14,7,11
2026-1536,Madrid Masters,Clay,96,M,O,20260426,69,N771,19,,Cameron Norrie,L,188,GBR,30.675,23,1868,T0A1,,,Thiago Agustin Tirante,R,185,ARG,25.043,75,765,7-5 7-6(5),3,R32,108,2,0,72,52,38,14,12,0,0,6,2,69,40,30,20,12,2,3
2026-1536,Madrid Masters,Clay,96,M,O,20260426,70,F0F1,21,,Arthur Fils,R,185,FRA,21.87,25,1740,N0AM,,,Emilio Nava,R,185,USA,24.397,116,549,7-6(2) 6-3,3,R32,90,3,3,67,47,38,12,11,1,2,10,0,66,39,27,14,10,4,6
2026-1536,Madrid Masters,Clay,96,M,O,20260426,71,KI82,,,Vit Kopriva,R,178,CZE,28.862,66,826,RC91,22,,Arthur Rinderknech,R,196,FRA,30.76,26,1716,6-4 3-6 RET,3,R32,93,2,2,63,37,26,14,9,8,9,11,1,59,39,30,12,10,5,6
2026-1536,Madrid Masters,Clay,96,M,O,20260427,72,J0DZ,,,Rafael Jodar,R,191,ESP,19.608,42,1080,F0FV,27,,Joao Fonseca,R,188,BRA,19.682,31,1415,7-6(4) 4-6 6-1,3,R32,127,4,1,96,57,46,18,15,5,7,3,2,83,55,38,17,14,1,4
2026-1536,Madrid Masters,Clay,96,M,O,20260427,73,RH16,12,,Casper Ruud,R,183,NOR,27.346,15,2535,DH50,20,,Alejandro Davidovich Fokina,R,180,ESP,26.894,24,1820,6-3 6-1,3,R32,80,3,2,45,28,20,11,8,0,1,1,2,51,34,15,7,8,3,8
2026-1536,Madrid Masters,Clay,96,M,O,20260427,74,MM58,7,,Daniil Medvedev,R,198,RUS,30.207,10,3560,B0U4,,,Nicolai Budkov Kjaer,R,191,NOR,19.652,140,451,6-3 6-2,3,R32,69,2,2,45,28,20,8,8,2,4,0,1,53,27,11,12,9,2,8
2026-1536,Madrid Masters,Clay,96,M,O,20260427,75,TE51,,,Stefanos Tsitsipas,R,193,GRE,27.707,80,715,M0N7,,,Daniel Merida,R,188,ESP,21.582,102,632,6-4 6-2,3,R32,68,3,0,52,30,24,16,9,4,4,0,1,49,32,22,8,9,1,4
2026-1536,Madrid Masters,Clay,96,M,O,20260427,76,C0E9,10,,Flavio Cobolli,R,183,ITA,23.975,13,2600,V0DP,,,Adolfo Daniel Vallejo,R,183,PAR,21.996,96,640,6-3 6-2,3,R32,73,3,3,57,29,25,14,9,1,1,0,1,47,28,15,10,8,1,4
2026-1536,Madrid Masters,Clay,96,M,O,20260427,77,B0PG,,,Alexander Blockx,R,193,BEL,21.051,69,814,AG37,3,,Felix Auger-Aliassime,R,193,CAN,25.717,5,4100,7-6(3) 6-3,3,R32,93,5,2,66,42,35,15,11,1,1,2,3,64,38,27,14,10,0,1
2026-1536,Madrid Masters,Clay,96,M,O,20260427,78,Z355,2,,Alexander Zverev,R,198,GER,29.018,3,5255,A0GC,,,Terence Atmane,L,193,FRA,24.296,47,983,6-3 7-6(2),3,R32,97,2,1,54,39,32,9,10,0,1,3,1,76,52,38,8,11,4,7
2026-1536,Madrid Masters,Clay,96,M,O,20260427,79,M0NI,23,,Jakub Mensik,R,196,CZE,20.652,27,1700,KE29,13,,Karen Khachanov,R,198,RUS,29.933,16,2220,6-4 7-6(11),3,R32,107,14,2,70,49,40,12,11,0,0,9,1,82,54,41,12,11,3,4
2026-1536,Madrid Masters,Clay,96,M,O,20260427,80,C0AU,16,,Francisco Cerundolo,R,185,ARG,27.704,20,1920,D0FJ,18,,Luciano Darderi,R,183,ITA,24,22,1870,6-2 6-3,3,R32,74,8,0,48,26,20,19,9,0,0,1,0,52,25,17,13,8,4,7
2026-1536,Madrid Masters,Clay,96,M,O,20260428,81,S0AG,1,,Jannik Sinner,R,191,ITA,24.698,1,13350,N771,19,,Cameron Norrie,L,188,GBR,30.68,23,1868,6-2 7-5,3,R16,86,8,1,50,31,25,12,10,0,1,5,4,64,41,27,10,10,5,9
2026-1536,Madrid Masters,Clay,96,M,O,20260428,82,F0F1,21,,Arthur Fils,R,185,FRA,21.875,25,1740,EA24,25,,Tomas Martin Etcheverry,R,196,ARG,26.779,29,1590,6-3 6-4,3,R16,90,2,1,63,39,29,16,10,5,5,2,2,52,28,18,16,9,3,5
2026-1536,Madrid Masters,Clay,96,M,O,20260428,83,RH16,12,,Casper Ruud,R,183,NOR,27.348,15,2535,TE51,,,Stefanos Tsitsipas,R,193,GRE,27.71,80,715,6-7(4) 7-6(2) 7-6(3),3,R16,177,8,2,105,74,61,21,18,4,5,6,4,141,85,62,29,18,11,12
2026-1536,Madrid Masters,Clay,96,M,O,20260428,84,L0BV,11,,Jiri Lehecka,R,185,CZE,24.468,14,2540,M0EJ,6,,Lorenzo Musetti,R,185,ITA,24.153,9,3715,6-3 6-3,3,R16,74,1,0,49,34,28,10,9,4,4,2,0,56,43,28,3,9,1,4
2026-1536,Madrid Masters,Clay,96,M,O,20260428,85,J0DZ,,,Rafael Jodar,R,191,ESP,19.611,42,1080,KI82,,,Vit Kopriva,R,178,CZE,28.868,66,826,7-5 6-0,3,R16,78,3,0,50,27,19,19,9,2,2,2,5,58,27,14,16,9,3,7
2026-1536,Madrid Masters,Clay,96,M,O,20260428,86,B0PG,,,Alexander Blockx,R,193,BEL,21.054,69,814,C0AU,16,,Francisco Cerundolo,R,185,ARG,27.707,20,1920,7-6(8) 6-2,3,R16,98,6,2,78,47,38,18,10,8,8,3,2,74,44,35,14,10,4,6
2026-1536,Madrid Masters,Clay,96,M,O,20260429,87,Z355,2,,Alexander Zverev,R,198,GER,29.024,3,5255,M0NI,23,,Jakub Mensik,R,196,CZE,20.657,27,1700,6-4 6-7(4) 6-3,3,R16,138,12,3,92,62,50,17,16,2,3,7,3,82,50,40,16,15,3,6
2026-1536,Madrid Masters,Clay,96,M,O,20260429,88,C0E9,10,,Flavio Cobolli,R,183,ITA,23.981,13,2600,MM58,7,,Daniil Medvedev,R,198,RUS,30.212,10,3560,6-3 5-7 6-4,3,R16,139,5,2,105,61,43,27,16,4,6,8,7,100,60,47,16,15,3,6
2026-1536,Madrid Masters,Clay,96,M,O,20260429,89,S0AG,1,,Jannik Sinner,R,191,ITA,24.701,1,13350,J0DZ,,,Rafael Jodar,R,191,ESP,19.614,42,1080,6-2 7-6(0),3,QF,116,6,2,78,51,37,17,10,7,7,4,1,73,49,30,11,10,7,9
2026-1536,Madrid Masters,Clay,96,M,O,20260429,90,F0F1,21,,Arthur Fils,R,185,FRA,21.878,25,1740,L0BV,11,,Jiri Lehecka,R,185,CZE,24.471,14,2540,6-3 6-4,3,QF,74,2,2,53,35,30,10,10,0,0,6,0,52,39,25,9,9,0,2
2026-1536,Madrid Masters,Clay,96,M,O,20260430,91,B0PG,,,Alexander Blockx,R,193,BEL,21.06,69,814,RH16,12,,Casper Ruud,R,183,NOR,27.354,15,2535,6-4 6-4,3,QF,96,2,3,65,33,28,14,10,2,3,1,1,62,42,25,10,10,4,7
2026-1536,Madrid Masters,Clay,96,M,O,20260430,92,Z355,2,,Alexander Zverev,R,198,GER,29.027,3,5255,C0E9,10,,Flavio Cobolli,R,183,ITA,23.984,13,2600,6-1 6-4,3,QF,90,12,2,52,39,32,6,9,2,2,1,4,62,35,17,16,8,8,11
2026-1536,Madrid Masters,Clay,96,M,O,20260501,93,S0AG,1,,Jannik Sinner,R,191,ITA,24.706,1,13350,F0F1,21,,Arthur Fils,R,185,FRA,21.884,25,1740,6-2 6-4,3,SF,86,4,1,46,24,21,15,9,0,0,3,2,61,30,21,14,9,3,6
2026-1536,Madrid Masters,Clay,96,M,O,20260501,94,Z355,2,,Alexander Zverev,R,198,GER,29.029,3,5255,B0PG,,,Alexander Blockx,R,193,BEL,21.062,69,814,6-2 7-5,3,SF,96,6,2,52,40,34,8,10,0,0,6,2,84,50,36,11,10,11,14
2026-1536,Madrid Masters,Clay,96,M,O,20260503,95,S0AG,1,,Jannik Sinner,R,191,ITA,24.712,1,13350,Z355,2,,Alexander Zverev,R,198,GER,29.035,3,5255,6-1 6-2,3,F,57,8,1,39,29,27,5,8,0,0,2,1,35,27,14,2,7,0,4
2026-416,Rome Masters,Clay,96,M,O,20260506,1,V812,,,Botic Van De Zandschulp,R,191,NED,30.587,54,898,MP20,,,Alexandre Muller,R,183,FRA,29.257,105,601,7-5 6-3,3,R128,92,2,2,54,30,24,18,10,4,4,1,0,69,46,27,15,11,2,5
2026-416,Rome Masters,Clay,96,M,O,20260506,2,AE14,,,Daniel Altmaier,R,188,GER,27.647,64,860,Z371,,,Zhizhen Zhang,R,193,CHN,29.552,239,240,4-6 7-6(3) 6-4,3,R128,142,11,2,101,65,47,19,16,3,6,6,2,94,56,44,17,16,3,6
2026-416,Rome Masters,Clay,96,M,O,20260506,3,B0BI,,,Sebastian Baez,R,170,ARG,25.352,65,840,B0CD,,,Jenson Brooksby,R,193,USA,25.525,63,862,6-3 7-6(8),3,R128,102,1,0,72,55,37,9,10,3,6,1,1,74,48,27,12,11,4,9
2026-416,Rome Masters,Clay,96,M,O,20260506,4,D923,,,Damir Dzumhur,R,175,BIH,33.96,87,674,ME82,,,Adrian Mannarino,L,180,FRA,37.851,45,1035,6-4 6-0,3,R128,90,1,3,43,28,20,9,8,4,6,0,0,73,41,21,10,8,7,13
2026-416,Rome Masters,Clay,96,M,O,20260506,5,KI82,,,Vit Kopriva,R,178,CZE,28.89,55,896,M0CI,,,Fabian Marozsan,R,193,HUN,26.576,49,975,6-3 6-3,3,R128,78,2,1,51,31,26,10,9,4,6,2,1,57,38,22,7,9,6,11
2026-416,Rome Masters,Clay,96,M,O,20260506,6,S0K7,,,Zachary Svajda,R,175,USA,23.433,90,666,TA29,,,Marco Trungelliti,R,178,ARG,36.26,78,743,0-6 6-4 7-6(4),3,R128,132,4,1,93,52,40,19,14,2,5,10,2,98,62,48,16,14,1,2
2026-416,Rome Masters,Clay,96,M,O,20260506,7,H997,,,Yannick Hanfmann,R,193,GER,34.478,59,879,HB71,,,Hubert Hurkacz,R,196,POL,29.229,53,930,6-7(3) 7-6(2) 6-2,3,R128,139,7,0,90,55,44,25,16,0,1,12,4,98,64,48,18,16,6,9
2026-416,Rome Masters,Clay,96,M,O,20260506,8,TE30,,,Alejandro Tabilo,L,188,CHI,28.925,35,1248,CD85,,,Pablo Carreno Busta,R,188,ESP,34.817,91,663,6-2 6-1,3,R128,72,0,0,41,26,23,9,8,0,0,2,1,56,46,23,5,7,10,14
2026-416,Rome Masters,Clay,96,M,O,20260506,9,A0FC,,,Matteo Arnaldi,R,185,ITA,25.199,106,596,MU94,,,Jaume Munar,R,183,ESP,29.002,38,1155,6-3 3-6 6-3,3,R128,153,7,7,93,60,44,17,14,3,4,4,1,87,58,40,18,13,5,7
2026-416,Rome Masters,Clay,96,M,O,20260506,10,BT72,,,Nuno Borges,R,185,POR,29.207,52,950,D0C1,,,Jesper de Jong,R,180,NED,25.93,102,610,6-3 6-0,3,R128,61,4,1,38,23,21,8,7,1,1,2,3,53,37,19,5,8,5,10
2026-416,Rome Masters,Clay,96,M,O,20260506,11,S0H2,,,Alexander Shevchenko,R,188,KAZ,25.432,85,698,U182,,,Camilo Ugo Carabelli,R,185,ARG,26.886,61,865,6-3 4-6 7-6(5),3,R128,168,4,6,98,47,35,28,15,3,6,1,4,107,55,37,28,16,7,11
2026-416,Rome Masters,Clay,96,M,O,20260506,12,SL28,,,Jan-Lennard Struff,R,193,GER,36.03,83,709,C0DF,,,Francisco Comesana,R,178,ARG,25.58,114,570,6-2 6-4,3,R128,81,4,0,57,29,23,18,9,3,3,6,5,64,40,28,9,9,4,7
2026-416,Rome Masters,Clay,96,M,O,20260506,13,V832,,,Aleksandar Vukic,R,188,AUS,30.081,99,626,K0A3,,,Patrick Kypson,R,188,USA,26.522,89,669,6-3 5-7 6-0,3,R128,119,11,2,85,51,39,15,14,4,7,12,5,89,52,35,12,13,6,12
2026-416,Rome Masters,Clay,96,M,O,20260507,14,GD64,,,Cristian Garin,R,185,CHI,29.936,104,602,C0C8,,,Juan Manuel Cerundolo,L,183,ARG,24.474,72,776,7-6(2) 7-5,3,R128,134,2,2,87,51,38,17,12,9,11,4,4,82,56,37,10,12,6,9
2026-416,Rome Masters,Clay,96,M,O,20260507,15,A0GC,,,Terence Atmane,L,193,FRA,24.323,51,958,BU13,,,Zizou Bergs,R,185,BEL,26.927,39,1140,6-3 6-4,3,R128,83,6,2,61,43,34,11,10,2,2,6,1,47,32,24,9,9,3,5
2026-416,Rome Masters,Clay,96,M,O,20260507,16,BG23,,,Nikoloz Basilashvili,R,185,GEO,34.201,117,539,M0N7,,,Daniel Merida,R,188,ESP,21.61,86,696,6-4 2-6 6-3,3,R128,122,7,6,88,47,34,17,13,4,8,1,3,105,67,42,14,14,9,14
2026-416,Rome Masters,Clay,96,M,O,20260507,17,BD06,,,Roberto Bautista Agut,R,183,ESP,38.062,98,629,M0IF,,,Francesco Maestrelli,R,196,ITA,23.376,112,575,6-3 7-6(2),3,R128,120,2,0,78,58,44,11,11,3,3,8,0,76,56,38,10,10,7,8
2026-416,Rome Masters,Clay,96,M,O,20260507,18,B0GG,,,Mattia Bellucci,L,175,ITA,24.931,80,737,B0FV,,,Roman Andres Burruchaga,R,183,ARG,24.285,56,885,6-4 6-4,3,R128,114,6,3,69,38,29,16,10,7,8,2,5,73,58,34,6,10,4,7
2026-416,Rome Masters,Clay,96,M,O,20260507,19,B0PG,,,Alexander Blockx,R,193,BEL,21.079,36,1200,C0NB,,,Federico Cina,R,185,ITA,19.105,225,255,4-6 6-1 6-3,3,R128,119,12,5,76,47,39,12,13,2,4,4,2,94,52,31,21,13,8,13
2026-416,Rome Masters,Clay,96,M,O,20260507,20,C977,,,Marin Cilic,R,198,CRO,37.604,47,980,GC88,,,Marcos Giron,R,180,USA,32.786,77,745,7-5 6-4,3,R128,106,3,3,60,26,21,21,11,2,3,1,0,69,42,24,18,11,4,7
2026-416,Rome Masters,Clay,96,M,O,20260507,21,KI95,,,Miomir Kecmanovic,R,183,SRB,26.683,70,795,S0GD,,,Dalibor Svrcina,R,178,CZE,23.595,116,547,6-2 6-3,3,R128,84,0,0,49,28,21,10,9,5,8,0,5,62,44,20,6,8,7,13
2026-416,Rome Masters,Clay,96,M,O,20260507,22,L0CX,,,Pablo Llamas Ruiz,R,188,ESP,23.565,139,448,Q02L,,,Ethan Quinn,R,191,USA,22.152,48,977,6-3 5-7 6-3,3,R128,150,1,2,102,62,41,23,15,4,6,7,2,93,62,43,12,15,0,4
2026-416,Rome Masters,Clay,96,M,O,20260507,23,M0FH,,,Tomas Machac,R,183,CZE,25.563,41,1100,TE51,,,Stefanos Tsitsipas,R,193,GRE,27.734,75,765,6-4 7-6(4),3,R128,98,3,2,67,46,42,6,11,1,2,8,1,69,42,31,16,11,3,5
2026-416,Rome Masters,Clay,96,M,O,20260507,24,P09Z,,,Alexei Popyrin,R,196,AUS,26.754,60,870,BK40,,,Matteo Berrettini,R,196,ITA,30.067,100,625,6-2 6-3,3,R128,89,3,0,58,33,26,14,9,1,1,2,3,48,28,18,10,8,5,8
2026-416,Rome Masters,Clay,96,M,O,20260507,25,M0GZ,,,Giovanni Mpetshi Perricard,R,203,FRA,22.831,58,880,F0BY,,,Jacob Fearnley,R,183,GBR,24.81,123,523,7-6(6) 4-6 6-2,3,R128,155,13,3,118,79,55,18,15,9,12,2,13,99,67,48,12,15,5,9
2026-416,Rome Masters,Clay,96,M,O,20260507,26,P0HW,,,Dino Prizmic,R,188,CRO,20.753,79,740,F724,,,Marton Fucsovics,R,188,HUN,34.242,57,884,6-4 6-3,3,R128,109,1,3,67,37,23,18,10,1,3,2,1,60,36,20,11,9,8,12
2026-416,Rome Masters,Clay,96,M,O,20260507,27,N0BS,,,Mariano Navone,R,178,ARG,25.188,44,1046,SU55,,,Denis Shapovalov,L,185,CAN,27.061,37,1170,6-4 6-2,3,R128,103,1,2,57,43,28,7,9,2,4,1,5,65,34,20,10,9,10,15
2026-416,Rome Masters,Clay,96,M,O,20260507,28,B0ID,,,Ignacio Buse,R,183,PER,22.116,62,863,SU87,,,Lorenzo Sonego,R,191,ITA,30.99,66,830,6-3 6-3,3,R128,101,2,2,60,36,28,13,9,6,7,2,1,56,34,21,9,9,3,7
2026-416,Rome Masters,Clay,96,M,O,20260507,29,M0JF,,,Hamad Medjedovic,R,188,SRB,22.804,67,804,R0EB,,,Valentin Royer,R,188,FRA,24.939,71,788,6-4 6-3,3,R128,102,1,5,59,39,27,11,9,3,4,4,3,76,42,26,14,10,8,12
2026-416,Rome Masters,Clay,96,M,O,20260507,30,O513,,,Sebastian Ofner,R,191,AUT,29.985,82,711,M0QI,,,Alex Michelsen,R,193,USA,21.697,42,1090,6-3 6-3,3,R128,75,4,1,61,32,27,15,9,1,1,1,0,47,30,23,6,9,3,6
2026-416,Rome Masters,Clay,96,M,O,20260507,31,T0A1,,,Thiago Agustin Tirante,R,185,ARG,25.073,69,801,C0NN,,,Gianluca Cadenasso,R,175,ITA,21.602,196,297,6-7(5) 6-4 6-0,3,R128,129,8,0,84,47,38,24,14,4,5,8,2,79,58,36,12,14,2,7
2026-416,Rome Masters,Clay,96,M,O,20260507,32,PH64,,,Andrea Pellegrino,R,185,ITA,29.123,155,393,N0BG,,,Luca Nardi,R,185,ITA,22.752,151,409,4-6 6-3 6-3,3,R128,131,0,2,90,49,35,24,14,2,4,2,1,90,58,37,16,14,7,11
2026-416,Rome Masters,Clay,96,M,O,20260508,33,A0FC,,,Matteo Arnaldi,R,185,ITA,25.205,106,596,DH58,6,,Alex de Minaur,R,183,AUS,27.22,8,3755,4-6 7-6(5) 6-4,3,R64,176,3,4,97,61,47,20,16,5,7,3,2,107,64,44,24,16,4,6
2026-416,Rome Masters,Clay,96,M,O,20260508,34,KE29,13,,Karen Khachanov,R,198,RUS,29.963,15,2220,S0H2,,,Alexander Shevchenko,R,188,KAZ,25.437,85,698,6-4 6-4,3,R64,103,6,1,76,55,37,10,10,12,13,3,1,59,37,21,13,10,1,4
2026-416,Rome Masters,Clay,96,M,O,20260508,35,J0DZ,32,,Rafael Jodar,R,191,ESP,19.639,34,1273,BT72,,,Nuno Borges,R,185,POR,29.213,52,950,7-6(4) 6-4,3,R64,116,11,4,81,48,37,16,11,7,8,4,2,79,51,33,13,11,5,7
2026-416,Rome Masters,Clay,96,M,O,20260508,36,T0HA,19,,Learner Tien,L,180,USA,20.43,21,1870,D923,,,Damir Dzumhur,R,175,BIH,33.966,87,674,6-2 6-1,3,R64,68,1,1,48,33,18,12,7,1,2,1,1,58,38,18,8,8,5,11
2026-416,Rome Masters,Clay,96,M,O,20260508,37,Z355,2,,Alexander Zverev,R,198,GER,29.049,3,5805,AE14,,,Daniel Altmaier,R,188,GER,27.652,64,860,7-5 6-3,3,R64,104,3,0,67,50,35,8,11,6,8,3,0,56,36,22,10,10,1,5
2026-416,Rome Masters,Clay,96,M,O,20260508,38,L0BV,11,,Jiri Lehecka,R,185,CZE,24.496,13,2715,SL28,,,Jan-Lennard Struff,R,193,GER,36.036,83,709,7-6(4) 6-3,3,R64,84,7,0,63,39,32,16,11,2,3,4,2,60,43,31,9,10,3,5
2026-416,Rome Masters,Clay,96,M,O,20260508,39,RH16,23,,Casper Ruud,R,183,NOR,27.376,25,1735,S0K7,,,Zachary Svajda,R,175,USA,23.439,90,666,6-1 6-3,3,R64,64,3,0,38,22,18,14,8,0,0,2,3,54,36,20,7,8,3,7
2026-416,Rome Masters,Clay,96,M,O,20260508,40,C0AU,25,,Francisco Cerundolo,R,185,ARG,27.734,27,1620,TE30,,,Alejandro Tabilo,L,188,CHI,28.931,35,1248,6-0 6-2,3,R64,69,4,2,37,20,14,11,7,0,1,1,2,54,30,14,7,7,7,13
2026-416,Rome Masters,Clay,96,M,O,20260508,41,V812,,,Botic van de Zandschulp,R,191,NED,30.593,54,898,K0AZ,,,Aleksandar Kovacevic,R,183,USA,27.691,95,639,2-6 6-2 7-6(5),3,R64,127,7,3,88,56,40,17,14,1,3,10,2,82,50,36,20,14,4,6
2026-416,Rome Masters,Clay,96,M,O,20260508,42,BK92,9,,Alexander Bublik,R,196,KAZ,28.89,11,3355,B0BI,,,Sebastian Baez,R,170,ARG,25.358,65,840,6-1 6-2,3,R64,59,4,2,45,32,26,7,8,1,1,1,1,49,37,23,2,7,5,9
2026-416,Rome Masters,Clay,96,M,O,20260508,43,P0HW,,,Dino Prizmic,R,188,CRO,20.756,79,740,D643,3,,Novak Djokovic,R,188,SRB,38.962,4,4700,2-6 6-2 6-4,3,R64,135,3,2,78,45,31,20,13,2,4,0,1,68,43,30,14,13,3,6
2026-416,Rome Masters,Clay,96,M,O,20260508,44,PL56,16,,Tommy Paul,R,185,USA,28.975,18,1975,V832,,,Aleksandar Vukic,R,188,AUS,30.086,99,626,6-4 6-2,3,R64,80,2,1,46,26,20,13,9,0,1,1,3,65,37,24,11,9,6,10
2026-416,Rome Masters,Clay,96,M,O,20260508,45,B0PG,,,Alexander Blockx,R,193,BEL,21.081,36,1200,GJ37,29,,Tallon Griekspoor,R,188,NED,29.848,31,1360,6-7(5) 6-3 6-4,3,R64,140,12,3,100,59,53,22,16,3,3,5,4,96,61,47,16,15,1,3
2026-416,Rome Masters,Clay,96,M,O,20260508,46,HH26,31,,Ugo Humbert,L,188,FRA,27.866,33,1280,KI82,,,Vit Kopriva,R,178,CZE,28.895,55,896,6-3 6-2,3,R64,75,7,2,64,43,31,12,9,6,6,2,0,40,27,18,5,8,1,4
2026-416,Rome Masters,Clay,96,M,O,20260509,47,D0FJ,18,,Luciano Darderi,R,183,ITA,24.23,20,1890,H997,,,Yannick Hanfmann,R,193,GER,34.486,59,879,6-4 6-4,3,R64,90,6,1,59,31,26,17,10,1,1,3,1,60,41,26,11,10,1,3
2026-416,Rome Masters,Clay,96,M,O,20260509,48,M0EJ,8,,Lorenzo Musetti,R,185,ITA,24.183,10,3415,M0GZ,,,Giovanni Mpetshi Perricard,R,203,FRA,22.836,58,880,6-4 6-4,3,R64,88,1,1,61,44,31,11,10,4,5,1,5,65,42,27,11,10,3,6
2026-416,Rome Masters,Clay,96,M,O,20260509,49,N0BS,,,Mariano Navone,R,178,ARG,25.194,44,1046,AG37,4,,Felix Auger-Aliassime,R,193,CAN,25.749,5,4050,7-6(4) 7-6(5),3,R64,173,1,5,98,74,49,13,12,8,11,7,2,103,72,46,14,12,8,11
2026-416,Rome Masters,Clay,96,M,O,20260509,50,MM58,7,,Daniil Medvedev,R,198,RUS,30.24,9,3460,M0FH,,,Tomas Machac,R,183,CZE,25.569,41,1100,W/O,3,R64,,,,,,,,,,,,,,,,,,,
2026-416,Rome Masters,Clay,96,M,O,20260509,51,RE44,12,,Andrey Rublev,R,188,RUS,28.55,14,2590,KI95,,,Miomir Kecmanovic,R,183,SRB,26.689,70,795,6-4 6-4,3,R64,74,4,2,50,23,20,17,10,0,1,4,0,53,30,22,14,10,3,6
2026-416,Rome Masters,Clay,96,M,O,20260509,52,DH50,21,,Alejandro Davidovich Fokina,R,180,ESP,26.927,23,1820,GD64,,,Cristian Garin,R,185,CHI,29.941,104,602,7-6(2) 6-4,3,R64,114,3,1,86,54,39,17,11,5,6,3,0,65,46,34,10,11,2,4
2026-416,Rome Masters,Clay,96,M,O,20260509,53,L0IL,,,Martin Landaluce,R,193,ESP,20.331,94,639,C977,,,Marin Cilic,R,198,CRO,37.61,47,980,6-4 6-4,3,R64,127,4,6,78,45,36,16,10,6,6,5,6,70,34,25,17,10,8,10
2026-416,Rome Masters,Clay,96,M,O,20260509,54,N0AE,30,,Brandon Nakashima,R,188,USA,24.764,32,1295,BD06,,,Roberto Bautista Agut,R,183,ESP,38.067,98,629,6-4 6-0,3,R64,82,3,2,46,29,22,9,8,2,3,1,3,51,31,13,9,8,2,7
2026-416,Rome Masters,Clay,96,M,O,20260509,55,T0A1,,,Thiago Agustin Tirante,R,185,ARG,25.079,69,801,N771,17,,Cameron Norrie,L,188,GBR,30.71,19,1918,6-3 7-5,3,R64,86,6,0,57,36,30,15,11,2,2,4,3,57,35,25,12,10,4,6
2026-416,Rome Masters,Clay,96,M,O,20260509,56,B0GG,,,Mattia Bellucci,L,175,ITA,24.936,80,737,EA24,24,,Tomas Martin Etcheverry,R,196,ARG,26.809,26,1660,5-7 6-2 6-3,3,R64,154,9,3,80,49,37,15,14,4,6,2,2,94,65,39,17,15,2,7
2026-416,Rome Masters,Clay,96,M,O,20260509,57,L0CX,,,Pablo Llamas Ruiz,R,188,ESP,23.57,139,448,MW02,28,,Corentin Moutet,L,180,FRA,27.055,30,1413,6-4 3-6 7-6(4),3,R64,182,0,0,97,71,44,12,15,6,11,3,2,109,71,44,16,16,7,12
2026-416,Rome Masters,Clay,96,M,O,20260509,58,C0E9,10,,Flavio Cobolli,R,183,ITA,24.008,12,2750,A0GC,,,Terence Atmane,L,193,FRA,24.329,51,958,7-6(1) 6-3,3,R64,106,9,2,77,36,29,25,11,2,2,5,1,69,46,34,11,10,1,2
2026-416,Rome Masters,Clay,96,M,O,20260509,59,M0JF,,,Hamad Medjedovic,R,188,SRB,22.809,67,804,F0FV,27,,Joao Fonseca,R,188,BRA,19.715,29,1435,3-6 6-3 7-6(1),3,R64,144,7,3,98,65,47,17,15,6,9,7,2,84,49,33,22,15,2,5
2026-416,Rome Masters,Clay,96,M,O,20260509,60,S0AG,1,,Jannik Sinner,R,191,ITA,24.728,1,14350,O513,,,Sebastian Ofner,R,191,AUT,29.99,82,711,6-3 6-4,3,R64,100,3,1,54,33,27,15,10,0,0,6,3,67,38,26,15,9,5,7
2026-416,Rome Masters,Clay,96,M,O,20260509,61,BG23,,,Nikoloz Basilashvili,R,185,GEO,34.207,117,539,S0S1,5,,Ben Shelton,L,193,USA,23.581,6,4030,6-4 6-7(5) 6-3,3,R64,137,2,3,105,62,50,21,16,2,3,12,4,92,58,48,15,15,6,9
2026-416,Rome Masters,Clay,96,M,O,20260509,62,PH64,,,Andrea Pellegrino,R,185,ITA,29.128,155,393,F0F1,15,,Arthur Fils,R,185,FRA,21.906,17,2130,4-0 RET,3,R64,22,0,0,10,7,5,3,2,0,0,1,2,13,6,2,1,2,1,3
2026-416,Rome Masters,Clay,96,M,O,20260509,63,TD51,20,,Frances Tiafoe,R,188,USA,28.298,22,1865,B0ID,,,Ignacio Buse,R,183,PER,22.122,62,863,6-7(5) 6-3 6-2,3,R64,163,2,3,100,57,39,23,15,1,5,10,3,94,50,33,17,14,6,13
2026-416,Rome Masters,Clay,96,M,O,20260510,64,P09Z,,,Alexei Popyrin,R,196,AUS,26.762,60,870,M0NI,26,,Jakub Mensik,R,196,CZE,20.687,28,1600,6-3 2-6 6-4,3,R64,131,7,4,79,53,40,13,13,5,7,6,3,80,45,32,20,14,3,6
2026-416,Rome Masters,Clay,96,M,O,20260510,65,RH16,23,,Casper Ruud,R,183,NOR,27.381,25,1735,L0BV,11,,Jiri Lehecka,R,185,CZE,24.501,13,2715,6-3 6-4,3,R32,79,2,3,56,37,30,10,10,1,2,1,2,53,34,21,8,9,5,8
2026-416,Rome Masters,Clay,96,M,O,20260510,66,Z355,2,,Alexander Zverev,R,198,GER,29.054,3,5805,B0PG,,,Alexander Blockx,R,193,BEL,21.087,36,1200,6-1 6-4,3,R32,73,1,0,53,41,30,8,9,2,2,1,2,49,27,18,9,8,5,8
2026-416,Rome Masters,Clay,96,M,O,20260510,67,P0HW,,,Dino Prizmic,R,188,CRO,20.761,79,740,HH26,31,,Ugo Humbert,L,188,FRA,27.871,33,1280,6-1 7-5,3,R32,80,7,2,53,38,32,10,10,0,0,3,3,52,29,23,8,9,1,4
2026-416,Rome Masters,Clay,96,M,O,20260510,68,KE29,13,,Karen Khachanov,R,198,RUS,29.969,15,2220,V812,,,Botic Van De Zandschulp,R,191,NED,30.598,54,898,5-7 6-4 6-4,3,R32,148,4,2,93,59,44,22,16,6,8,8,8,103,64,53,13,16,5,8
2026-416,Rome Masters,Clay,96,M,O,20260510,69,M0EJ,8,,Lorenzo Musetti,R,185,ITA,24.186,10,3415,C0AU,25,,Francisco Cerundolo,R,185,ARG,27.74,27,1620,7-6(7) 6-4,3,R32,132,1,2,82,55,36,13,11,7,10,0,5,81,44,26,20,11,3,7
2026-416,Rome Masters,Clay,96,M,O,20260510,70,J0DZ,32,,Rafael Jodar,R,191,ESP,19.644,34,1273,A0FC,,,Matteo Arnaldi,R,185,ITA,25.21,106,596,6-1 4-6 6-3,3,R32,121,1,5,76,50,31,15,13,1,5,3,3,80,49,27,13,13,3,10
2026-416,Rome Masters,Clay,96,M,O,20260510,71,T0HA,19,,Learner Tien,L,180,USA,20.435,21,1870,BK92,9,,Alexander Bublik,R,196,KAZ,28.895,11,3355,4-6 6-3 7-5,3,R32,127,3,2,94,63,43,20,16,4,6,8,3,104,64,48,17,15,7,10
2026-416,Rome Masters,Clay,96,M,O,20260510,72,D0FJ,18,,Luciano Darderi,R,183,ITA,24.233,20,1890,PL56,16,,Tommy Paul,R,185,USA,28.98,18,1975,3-6 6-3 6-2,3,R32,143,5,0,80,49,32,21,13,2,4,5,3,93,52,29,23,13,5,9
2026-416,Rome Masters,Clay,96,M,O,20260511,73,BG23,,,Nikoloz Basilashvili,R,185,GEO,34.212,117,539,N0AE,30,,Brandon Nakashima,R,188,USA,24.769,32,1295,7-6(5) 6-4,3,R32,100,9,1,64,38,32,14,11,0,1,11,0,75,54,43,6,11,4,6
2026-416,Rome Masters,Clay,96,M,O,20260511,74,RE44,12,,Andrey Rublev,R,188,RUS,28.556,14,2590,DH50,21,,Alejandro Davidovich Fokina,R,180,ESP,26.932,23,1820,6-4 6-4,3,R32,74,1,1,54,39,33,7,10,3,4,0,0,54,46,26,4,10,1,4
2026-416,Rome Masters,Clay,96,M,O,20260511,75,L0IL,,,Martin Landaluce,R,193,ESP,20.337,94,639,B0GG,,,Mattia Bellucci,L,175,ITA,24.942,80,737,6-4 6-3,3,R32,107,1,1,44,28,24,13,9,2,2,2,4,80,42,27,18,10,5,8
2026-416,Rome Masters,Clay,96,M,O,20260511,76,PH64,,,Andrea Pellegrino,R,185,ITA,29.133,155,393,TD51,20,,Frances Tiafoe,R,188,USA,28.304,22,1865,7-6(8) 6-1,3,R32,116,6,4,78,41,30,16,10,3,5,6,3,58,31,18,10,9,4,8
2026-416,Rome Masters,Clay,96,M,O,20260511,77,S0AG,1,,Jannik Sinner,R,191,ITA,24.734,1,14350,P09Z,,,Alexei Popyrin,R,196,AUS,26.765,60,870,6-2 6-0,3,R32,65,5,1,38,23,18,11,7,1,1,0,3,42,20,11,6,7,3,8
2026-416,Rome Masters,Clay,96,M,O,20260511,78,MM58,7,,Daniil Medvedev,R,198,RUS,30.245,9,3460,L0CX,,,Pablo Llamas Ruiz,R,188,ESP,23.576,139,448,3-6 6-4 6-2,3,R32,128,6,3,84,56,38,15,14,3,6,0,0,89,66,37,14,13,4,8
2026-416,Rome Masters,Clay,96,M,O,20260511,79,T0A1,,,Thiago Agustin Tirante,R,185,ARG,25.084,69,801,C0E9,10,,Flavio Cobolli,R,183,ITA,24.014,12,2750,6-3 6-4,3,R32,78,3,3,50,25,22,16,10,1,2,3,3,54,26,15,15,9,3,6
2026-416,Rome Masters,Clay,96,M,O,20260511,80,M0JF,,,Hamad Medjedovic,R,188,SRB,22.815,67,804,N0BS,,,Mariano Navone,R,178,ARG,25.199,44,1046,4-6 6-3 6-4,3,R32,182,3,5,120,77,49,23,15,12,14,3,3,100,70,47,14,14,7,10
2026-416,Rome Masters,Clay,96,M,O,20260512,81,RH16,23,,Casper Ruud,R,183,NOR,27.387,25,1735,M0EJ,8,,Lorenzo Musetti,R,185,ITA,24.192,10,3415,6-3 6-1,3,R16,77,1,1,48,34,24,10,8,2,2,2,3,58,41,21,8,8,6,10
2026-416,Rome Masters,Clay,96,M,O,20260512,82,KE29,13,,Karen Khachanov,R,198,RUS,29.974,15,2220,P0HW,,,Dino Prizmic,R,188,CRO,20.767,79,740,6-1 7-6(2),3,R16,117,7,3,78,46,34,15,9,8,9,1,2,65,38,22,12,10,3,7
2026-416,Rome Masters,Clay,96,M,O,20260512,83,J0DZ,32,,Rafael Jodar,R,191,ESP,19.65,34,1273,T0HA,19,,Learner Tien,L,180,USA,20.441,21,1870,6-1 6-4,3,R16,75,0,0,50,33,23,11,9,0,1,3,4,52,33,17,9,8,4,8
2026-416,Rome Masters,Clay,96,M,O,20260512,84,S0AG,1,,Jannik Sinner,R,191,ITA,24.736,1,14350,PH64,,,Andrea Pellegrino,R,185,ITA,29.136,155,393,6-2 6-3,3,R16,89,3,0,45,29,23,10,8,1,1,2,1,63,35,16,17,9,4,8
2026-416,Rome Masters,Clay,96,M,O,20260512,85,D0FJ,18,,Luciano Darderi,R,183,ITA,24.238,20,1890,Z355,2,,Alexander Zverev,R,198,GER,29.06,3,5805,1-6 7-6(10) 6-0,3,R16,144,4,4,86,45,36,19,12,3,7,4,5,86,62,40,14,13,5,10
2026-416,Rome Masters,Clay,96,M,O,20260512,86,RE44,12,,Andrey Rublev,R,188,RUS,28.559,14,2590,BG23,,,Nikoloz Basilashvili,R,185,GEO,34.215,117,539,3-6 7-6(5) 6-2,3,R16,133,13,2,103,60,46,22,14,11,13,7,10,105,54,43,26,15,4,7
2026-416,Rome Masters,Clay,96,M,O,20260512,87,L0IL,,,Martin Landaluce,R,193,ESP,20.339,94,639,M0JF,,,Hamad Medjedovic,R,188,SRB,22.817,67,804,7-5 6-4,3,R16,107,3,4,65,45,34,10,11,2,3,5,2,76,50,34,10,11,5,8
2026-416,Rome Masters,Clay,96,M,O,20260512,88,MM58,7,,Daniil Medvedev,R,198,RUS,30.248,9,3460,T0A1,,,Thiago Agustin Tirante,R,185,ARG,25.087,69,801,6-3 6-2,3,R16,82,6,3,60,39,30,8,9,5,6,0,3,56,34,22,6,8,6,10
2026-416,Rome Masters,Clay,96,M,O,20260513,89,RH16,23,,Casper Ruud,R,183,NOR,27.389,25,1735,KE29,13,,Karen Khachanov,R,198,RUS,29.977,15,2220,6-1 1-6 6-2,3,QF,100,4,4,61,35,24,13,11,0,3,2,0,67,51,31,5,11,5,10
2026-416,Rome Masters,Clay,96,M,O,20260514,90,D0FJ,18,,Luciano Darderi,R,183,ITA,24.244,20,1890,J0DZ,32,,Rafael Jodar,R,191,ESP,19.655,34,1273,7-6(5) 5-7 6-0,3,QF,188,1,6,96,53,34,25,15,4,7,2,1,121,85,47,19,15,13,18
2026-416,Rome Masters,Clay,96,M,O,20260514,91,S0AG,1,,Jannik Sinner,R,191,ITA,24.742,1,14350,RE44,12,,Andrey Rublev,R,188,RUS,28.564,14,2590,6-2 6-4,3,QF,91,4,2,57,28,21,17,9,2,3,1,0,59,32,16,15,9,1,5
2026-416,Rome Masters,Clay,96,M,O,20260514,92,MM58,7,,Daniil Medvedev,R,198,RUS,30.253,9,3460,L0IL,,,Martin Landaluce,R,193,ESP,20.345,94,639,1-6 6-4 7-5,3,QF,143,2,3,79,47,34,12,14,2,7,3,8,107,64,38,21,15,10,15
2026-416,Rome Masters,Clay,96,M,O,20260515,93,RH16,23,,Casper Ruud,R,183,NOR,27.395,25,1735,D0FJ,18,,Luciano Darderi,R,183,ITA,24.246,20,1890,6-1 6-1,3,SF,65,3,1,42,23,17,12,7,1,2,2,1,48,22,13,6,7,3,9
2026-416,Rome Masters,Clay,96,M,O,20260516,94,S0AG,1,,Jannik Sinner,R,191,ITA,24.747,1,14350,MM58,7,,Daniil Medvedev,R,198,RUS,30.259,9,3460,6-2 5-7 6-4,3,SF,157,7,2,92,55,41,22,15,5,7,4,7,104,66,44,15,15,6,10
2026-416,Rome Masters,Clay,96,M,O,20260517,95,S0AG,1,,Jannik Sinner,R,191,ITA,24.75,1,14350,RH16,23,,Casper Ruud,R,183,NOR,27.4,25,1735,6-4 6-4,3,F,105,2,0,55,35,29,10,10,1,2,3,2,64,37,24,13,10,2,5
2026-322,Geneva,Clay,28,250,O,20260518,1,M0QI,,,Alex Michelsen,R,193,USA,21.728,41,1075,B0BI,,,Sebastian Baez,R,170,ARG,25.385,62,860,7-5 6-3,3,R32,80,8,0,60,43,30,9,10,2,3,1,1,68,48,30,9,11,8,12
2026-322,Geneva,Clay,28,250,O,20260518,2,N0BS,,,Mariano Navone,R,178,ARG,25.218,42,1066,TA29,,,Marco Trungelliti,R,178,ARG,36.293,81,731,5-7 7-5 6-1,3,R32,175,2,2,90,63,40,17,15,5,9,4,6,140,77,50,24,16,15,22
2026-322,Geneva,Clay,28,250,O,20260518,3,RC91,5.0,,Arthur Rinderknech,R,196,FRA,30.82,24,1711,T0A1,,,Thiago Agustin Tirante,R,185,ARG,25.103,58,887,6-4 6-1,3,R32,77,7,3,51,34,29,10,9,1,1,6,2,52,34,22,7,8,5,8
2026-322,Geneva,Clay,28,250,O,20260518,4,C0DF,,Q,Francisco Comesana,R,178,ARG,25.613,114,570,R0EB,,,Valentin Royer,R,188,FRA,24.969,73,773,2-6 6-3 6-4,3,R32,145,6,2,76,46,35,13,14,1,4,2,0,86,45,28,26,13,4,7
2026-322,Geneva,Clay,28,250,O,20260518,5,TE51,,WC,Stefanos Tsitsipas,R,193,GRE,27.765,82,725,M0GZ,,,Giovanni Mpetshi Perricard,R,201,FRA,22.861,80,735,6-4 7-6(8),3,R32,94,5,1,80,62,52,6,11,3,3,6,1,79,63,48,4,11,3,4
2026-322,Geneva,Clay,28,250,O,20260518,6,W367,,WC,Stan Wawrinka,R,183,SUI,41.139,119,528,BV24,,LL,Raul Brancaccio,R,185,ITA,29.038,241,236,6-2 4-6 7-6(5),3,R32,128,12,4,83,41,35,26,15,2,3,3,3,101,63,47,16,15,2,4
2026-322,Geneva,Clay,28,250,O,20260518,7,B0MM,,Q,Edas Butvilas,R,191,LTU,21.818,253,215,SU87,,,Lorenzo Sonego,R,191,ITA,31.02,69,815,6-3 6-1,3,R32,76,3,0,55,34,26,12,8,4,4,1,2,48,34,19,6,8,2,6
2026-414,Hamburg,Clay,32,500,O,20260518,1,PL56,6.0,,Tommy Paul,R,185,USA,29.002,26,1625,Q02L,,,Ethan Quinn,R,191,USA,22.182,49,974,6-1 6-3,3,R32,70,0,1,51,35,26,8,8,1,2,0,0,49,32,16,5,8,4,9
2026-414,Hamburg,Clay,32,500,O,20260518,2,TD51,8.0,,Frances Tiafoe,R,188,USA,28.323,21,1905,D0LJ,,,Diego Dedura,L,180,GER,18.182,281,187,6-4 6-4,3,R32,94,2,2,78,45,33,17,10,8,8,1,1,71,44,25,18,10,6,8
2026-414,Hamburg,Clay,32,500,O,20260518,3,DH58,3.0,,Alex de Minaur,R,183,AUS,27.247,9,3665,C0AU,,,Francisco Cerundolo,R,185,ARG,27.762,27,1570,3-6 6-4 6-3,3,R32,129,1,5,89,44,32,21,14,9,14,2,3,86,55,31,16,14,5,11
2026-414,Hamburg,Clay,32,500,O,20260518,4,DH50,,,Alejandro Davidovich Fokina,R,183,ESP,26.951,23,1820,MW02,,,Corentin Moutet,L,175,FRA,27.08,32,1323,6-4 6-4,3,R32,108,0,1,92,71,47,12,10,13,13,3,1,55,35,25,13,10,1,3
2026-414,Hamburg,Clay,32,500,O,20260518,5,U182,,,Camilo Ugo Carabelli,R,185,ARG,26.919,68,825,MQ75,,,Kamil Majchrzak,R,183,POL,30.344,77,747,1-6 6-2 6-3,3,R32,120,4,1,79,50,35,12,12,6,9,5,2,91,57,36,15,12,8,12
2026-414,Hamburg,Clay,32,500,O,20260518,6,EA24,,,Tomas Martin Etcheverry,R,196,ARG,26.834,25,1630,A0GC,,,Terence Atmane,L,193,FRA,24.353,51,938,6-2 7-6(4),3,R32,101,3,1,62,32,30,18,10,1,1,2,2,65,40,32,11,10,1,3
2026-414,Hamburg,Clay,32,500,O,20260518,7,H997,,,Yannick Hanfmann,R,193,GER,34.511,55,899,S0VU,,Q,Max Schoenhaus,R,180,GER,18.795,452,101,6-3 6-7(4) 6-4,3,R32,137,7,3,91,56,46,20,15,5,6,5,3,103,64,45,21,16,2,6
2026-414,Hamburg,Clay,32,500,O,20260518,8,AE14,,,Daniel Altmaier,R,188,GER,27.68,65,843,H0BH,,Q,Rinky Hijikata,R,178,AUS,25.229,96,637,7-5 6-2,3,R32,102,7,1,52,33,26,12,10,1,2,0,1,76,38,26,14,10,5,9
2026-414,Hamburg,Clay,32,500,O,20260518,9,S0S1,2.0,,Ben Shelton,L,193,USA,23.606,6,4030,GC88,,LL,Marcos Giron,R,180,USA,32.816,84,705,6-3 4-6 7-6(3),3,R32,138,4,2,92,54,45,25,16,2,3,3,3,98,51,37,30,15,0,1
2026-414,Hamburg,Clay,32,500,O,20260518,10,M0NI,,,Jakub Mensik,R,193,CZE,20.709,28,1510,SL28,,WC,Jan-Lennard Struff,R,193,GER,36.063,79,739,7-6(3) 6-2,3,R32,90,6,2,68,41,34,13,10,4,4,5,2,73,34,22,21,10,6,8
2026-322,Geneva,Clay,28,250,O,20260519,8,C0JP,,,Raphael Collignon,R,191,BEL,24.345,64,854,ME82,,,Adrian Mannarino,L,180,FRA,37.886,44,1037,6-3 7-6(5),3,R32,89,11,2,75,51,39,13,11,6,7,2,2,62,47,32,6,10,1,3
2026-322,Geneva,Clay,28,250,O,20260519,9,RH16,6.0,,Casper Ruud,R,183,NOR,27.406,17,2185,B0CD,,,Jenson Brooksby,R,193,USA,25.561,60,872,6-3 7-5,3,R32,91,3,0,60,47,31,8,11,2,5,1,0,69,53,28,8,10,4,9
2026-322,Geneva,Clay,28,250,O,20260519,10,MU94,8.0,,Jaume Munar,R,183,ESP,29.038,39,1105,B0NN,,,Nishesh Basavareddy,R,180,USA,21.046,156,396,6-0 6-3,3,R32,74,1,0,40,24,20,10,7,3,3,1,1,53,29,18,7,8,5,10
2026-322,Geneva,Clay,28,250,O,20260519,11,P09Z,,,Alexei Popyrin,R,196,AUS,26.787,61,870,T09X,,,Clement Tabur,R,173,FRA,26.316,165,360,7-6(2) 6-7(5) 6-4,3,R32,185,8,4,111,67,51,21,17,1,4,6,5,124,74,52,23,17,6,10
2026-414,Hamburg,Clay,32,500,O,20260519,11,HH26,,,Ugo Humbert,L,188,FRA,27.896,34,1280,E0DD,,,Justin Engel,R,185,GER,18.631,190,316,6-3 3-6 7-6(2),3,R32,141,12,6,91,51,43,23,15,3,4,3,4,112,73,51,21,15,7,8
2026-414,Hamburg,Clay,32,500,O,20260519,12,AG37,1.0,,Felix Auger-Aliassime,R,193,CAN,25.777,5,4060,KI82,,,Vit Kopriva,R,178,CZE,28.925,63,856,7-5 6-1,3,R32,85,8,1,56,36,29,13,10,3,3,1,2,50,30,21,8,9,1,4
2026-414,Hamburg,Clay,32,500,O,20260519,13,B0ID,,,Ignacio Buse,R,183,PER,22.149,57,893,C0E9,4.0,,Flavio Cobolli,R,183,ITA,24.036,12,2790,6-2 7-5,3,R32,91,1,1,56,35,28,13,10,0,0,0,4,63,33,24,15,10,3,6
2026-414,Hamburg,Clay,32,500,O,20260519,14,KE29,5.0,,Karen Khachanov,R,198,RUS,29.993,15,2320,G09O,,,Hugo Gaston,L,173,FRA,25.643,120,527,3-6 6-3 7-6(4),3,R32,158,6,1,87,52,40,17,15,3,6,7,2,117,63,43,27,15,9,12
2026-414,Hamburg,Clay,32,500,O,20260519,15,D0FJ,7.0,,Luciano Darderi,R,183,ITA,24.257,16,2260,B0FV,,,Roman Andres Burruchaga,R,183,ARG,24.318,66,833,6-3 7-6(4),3,R32,109,4,1,76,47,28,17,11,0,3,2,4,75,49,27,13,10,9,13
2026-414,Hamburg,Clay,32,500,O,20260519,16,K0AZ,,,Aleksandar Kovacevic,R,183,USA,27.721,94,649,G0IX,,,Arthur Gea,R,180,FRA,21.374,140,436,6-2 7-6(3),3,R32,101,6,2,61,37,28,12,10,2,4,2,10,70,35,22,15,10,3,7
2026-322,Geneva,Clay,28,250,O,20260519,12,DB63,,,Laslo Djere,R,188,SRB,30.962,238,241,D994,,,James Duckworth,R,183,AUS,34.324,83,722,6-4 3-6 6-3,3,R32,119,6,0,80,53,35,16,14,4,7,8,2,96,58,39,18,14,10,14
2026-414,Hamburg,Clay,32,500,O,20260519,17,AE14,,,Daniel Altmaier,R,188,GER,27.682,65,843,S0S1,2.0,,Ben Shelton,L,193,USA,23.608,6,4030,4-6 7-6(4) 6-4,3,R16,170,3,2,106,59,42,25,16,5,8,6,1,111,83,50,18,16,8,11
2026-322,Geneva,Clay,28,250,O,20260520,13,P09Z,,,Alexei Popyrin,R,196,AUS,26.79,61,870,FB98,1.0,,Taylor Fritz,R,196,USA,28.559,8,3720,6-4 6-4,3,R16,83,6,2,55,31,24,18,10,0,0,7,0,63,42,27,12,10,6,8
2026-322,Geneva,Clay,28,250,O,20260520,14,N0BS,,,Mariano Navone,R,178,ARG,25.224,42,1066,N771,3.0,,Cameron Norrie,L,188,GBR,30.741,22,1888,6-4 6-4,3,R16,101,2,2,52,41,28,7,10,2,4,2,2,80,42,27,16,10,7,11
2026-322,Geneva,Clay,28,250,O,20260520,15,T0HA,4.0,,Learner Tien,L,180,USA,20.463,20,1940,TE51,,,Stefanos Tsitsipas,R,193,GRE,27.77,82,725,7-6(4) 7-6(2),3,R16,109,8,4,82,55,43,14,12,2,4,3,1,89,60,38,16,12,5,7
2026-322,Geneva,Clay,28,250,O,20260520,16,RH16,6.0,,Casper Ruud,R,183,NOR,27.409,17,2185,C0JP,,,Raphael Collignon,R,191,BEL,24.348,64,854,7-6(2) 6-2,3,R16,87,2,3,59,40,31,13,10,2,3,3,3,68,38,25,12,10,4,7
2026-322,Geneva,Clay,28,250,O,20260520,17,MU94,8.0,,Jaume Munar,R,183,ESP,29.04,39,1105,C0DF,,,Francisco Comesana,R,178,ARG,25.618,114,570,6-4 6-4,3,R16,94,2,0,52,35,27,13,10,0,0,2,2,67,42,30,13,10,3,5
2026-414,Hamburg,Clay,32,500,O,20260520,18,HH26,,,Ugo Humbert,L,188,FRA,27.899,34,1280,KE29,5.0,,Karen Khachanov,R,198,RUS,29.996,15,2320,6-3 3-6 7-6(3),3,R16,133,7,5,93,52,41,23,15,2,3,4,0,91,62,46,17,15,4,5
2026-414,Hamburg,Clay,32,500,O,20260520,19,K0AZ,,,Aleksandar Kovacevic,R,183,USA,27.723,94,649,AG37,1.0,,Felix Auger-Aliassime,R,193,CAN,25.78,5,4060,4-6 7-5 6-4,3,R16,142,2,2,97,59,44,20,16,3,5,9,1,89,63,47,12,16,2,5
2026-414,Hamburg,Clay,32,500,O,20260520,20,B0ID,,,Ignacio Buse,R,183,PER,22.152,57,893,M0NI,,,Jakub Mensik,R,196,CZE,20.715,28,1510,6-0 6-3,3,R16,62,4,1,51,31,25,12,8,4,4,2,1,37,22,12,6,7,0,4
2026-414,Hamburg,Clay,32,500,O,20260520,21,PL56,6.0,,Tommy Paul,R,185,USA,29.008,26,1625,EA24,,,Tomas Martin Etcheverry,R,196,ARG,26.839,25,1630,6-7(5) 7-6(5) 7-6(7),3,R16,213,4,1,140,91,61,25,18,10,15,2,2,123,93,60,19,18,0,5
2026-322,Geneva,Clay,28,250,O,20260520,18,BK92,2.0,,Alexander Bublik,R,196,KAZ,28.923,10,3230,B0MM,,,Edas Butvilas,R,191,LTU,21.823,253,215,6-4 6-3,3,R16,79,4,4,60,42,34,8,10,2,2,4,1,67,39,26,13,9,4,6
2026-322,Geneva,Clay,28,250,O,20260520,19,RC91,5.0,,Arthur Rinderknech,R,196,FRA,30.825,24,1711,DB63,,,Laslo Djere,R,188,SRB,30.965,238,241,4-6 7-6(4) 6-1,3,R16,166,19,6,104,57,48,22,14,6,7,5,2,110,72,49,18,15,7,10
2026-322,Geneva,Clay,28,250,O,20260520,20,M0QI,,,Alex Michelsen,R,193,USA,21.733,41,1075,W367,,,Stan Wawrinka,R,183,SUI,41.144,119,528,7-6(1) 7-6(4),3,R16,104,5,4,74,41,32,19,12,2,4,9,2,74,40,32,16,12,0,2
2026-414,Hamburg,Clay,32,500,O,20260520,22,U182,,,Camilo Ugo Carabelli,R,185,ARG,26.924,68,825,TD51,8.0,,Frances Tiafoe,R,188,USA,28.329,21,1905,7-6(3) 7-6(4),3,R16,113,6,2,79,46,37,14,12,3,6,2,1,72,42,29,15,12,5,8
2026-414,Hamburg,Clay,32,500,O,20260520,23,DH58,3.0,,Alex de Minaur,R,183,AUS,27.253,9,3665,DH50,,,Alejandro Davidovich Fokina,R,180,ESP,26.957,23,1820,6-2 4-6 6-4,3,R16,159,1,4,96,48,32,26,14,10,13,0,0,97,71,40,14,14,4,9
2026-414,Hamburg,Clay,32,500,O,20260520,24,D0FJ,7.0,,Luciano Darderi,R,183,ITA,24.26,16,2260,H997,,,Yannick Hanfmann,R,193,GER,34.516,55,899,7-6(7) 7-5,3,R16,113,9,1,69,47,40,14,12,0,1,3,3,73,37,27,22,12,4,6
2026-322,Geneva,Clay,28,250,O,20260521,21,RH16,6.0,,Casper Ruud,R,183,NOR,27.411,17,2185,P09Z,,,Alexei Popyrin,R,196,AUS,26.793,61,870,6-4 6-3,3,QF,72,2,1,43,28,25,11,9,0,0,5,2,58,40,28,7,10,2,5
2026-322,Geneva,Clay,28,250,O,20260521,22,N0BS,,,Mariano Navone,R,178,ARG,25.227,42,1066,MU94,8.0,,Jaume Munar,R,183,ESP,29.043,39,1105,6-2 6-2,3,QF,96,0,0,55,47,31,1,8,7,9,0,2,56,29,17,6,8,5,11
2026-414,Hamburg,Clay,32,500,O,20260521,25,PL56,6.0,,Tommy Paul,R,185,USA,29.01,26,1625,AE14,,,Daniel Altmaier,R,188,GER,27.688,65,843,6-2 7-5,3,QF,98,1,3,60,37,28,9,10,5,8,0,4,63,39,19,10,10,4,10
2026-414,Hamburg,Clay,32,500,O,20260521,26,B0ID,,,Ignacio Buse,R,183,PER,22.155,57,893,HH26,,,Ugo Humbert,L,188,FRA,27.901,34,1280,6-3 5-7 6-3,3,QF,166,6,3,97,51,31,20,15,2,8,5,5,113,58,35,22,15,5,13
2026-322,Geneva,Clay,28,250,O,20260521,23,BK92,2.0,,Alexander Bublik,R,196,KAZ,28.925,10,3230,RC91,5.0,,Arthur Rinderknech,R,196,FRA,30.828,24,1711,5-7 6-4 6-2,3,QF,115,8,3,90,59,45,18,15,3,4,16,5,79,47,39,16,15,3,6
2026-322,Geneva,Clay,28,250,O,20260521,24,T0HA,4.0,,Learner Tien,L,180,USA,20.465,20,1940,M0QI,,,Alex Michelsen,R,193,USA,21.736,41,1075,6-4 3-6 6-1,3,QF,117,3,7,88,48,34,14,13,6,11,2,4,85,50,24,15,13,0,7
2026-414,Hamburg,Clay,32,500,O,20260521,27,DH58,3.0,,Alex de Minaur,R,183,AUS,27.255,9,3665,D0FJ,7.0,,Luciano Darderi,R,183,ITA,24.263,16,2260,6-0 6-3,3,QF,94,2,3,76,46,31,15,8,11,12,1,0,61,41,20,8,7,5,10
2026-414,Hamburg,Clay,32,500,O,20260521,28,K0AZ,,,Aleksandar Kovacevic,R,183,USA,27.726,94,649,U182,,,Camilo Ugo Carabelli,R,185,ARG,26.927,68,825,6-4 6-7(10) 6-2,3,QF,163,9,6,110,69,51,23,15,7,7,4,2,98,62,45,16,15,6,9
2026-322,Geneva,Clay,28,250,O,20260522,25,T0HA,4.0,,Learner Tien,L,180,USA,20.468,20,1940,BK92,2.0,,Alexander Bublik,R,196,KAZ,28.928,10,3230,6-1 4-6 7-6(5),3,SF,96,1,5,79,40,32,23,15,0,3,10,5,89,58,39,13,14,2,6
2026-322,Geneva,Clay,28,250,O,20260522,26,N0BS,,,Mariano Navone,R,178,ARG,25.229,42,1066,RH16,6.0,,Casper Ruud,R,183,NOR,27.414,17,2185,7-5 6-2,3,SF,101,1,1,61,49,33,3,10,4,7,1,3,68,36,19,14,10,2,8
2026-414,Hamburg,Clay,32,500,O,20260522,29,B0ID,,,Ignacio Buse,R,183,PER,22.157,57,893,K0AZ,,,Aleksandar Kovacevic,R,183,USA,27.729,94,649,6-1 6-4,3,SF,64,1,1,36,15,14,18,8,0,0,0,2,52,31,21,7,9,1,5
2026-414,Hamburg,Clay,32,500,O,20260522,30,PL56,6.0,,Tommy Paul,R,185,USA,29.013,26,1625,DH58,3.0,,Alex de Minaur,R,183,AUS,27.258,9,3665,2-6 6-3 6-3,3,SF,137,2,1,81,50,34,17,13,3,6,1,2,95,59,38,16,13,13,17
2026-322,Geneva,Clay,28,250,O,20260523,27,T0HA,4.0,,Learner Tien,L,180,USA,20.471,20,1940,N0BS,,,Mariano Navone,R,178,ARG,25.232,42,1066,3-6 6-3 7-5,3,F,149,2,0,99,67,46,15,15,8,12,0,3,99,82,48,9,15,3,8
2026-414,Hamburg,Clay,32,500,O,20260523,31,B0ID,,,Ignacio Buse,R,183,PER,22.16,57,893,PL56,6.0,,Tommy Paul,R,185,USA,29.016,26,1625,7-6(6) 4-6 6-3,3,F,183,3,1,125,75,52,23,16,8,13,1,3,108,65,40,24,15,7,12
2026-520,Roland Garros,Clay,128,G,O,20260524,1,KE29,13,,Karen Khachanov,R,198,RUS,30.007,15,2320,G0IX,,WC,Arthur Gea,R,180,FRA,21.388,135,460,6-3 7-6(3) 6-0,5,R128,159,1,1,95,66,48,16,14,8,10,8,4,90,51,27,18,13,12,18
2026-520,Roland Garros,Clay,128,G,O,20260524,2,D994,,,James Duckworth,R,183,AUS,34.338,82,722,D0F6,,,Gabriel Diallo,R,203,CAN,24.663,49,975,6-3 4-1 RET,5,R128,62,3,1,37,21,19,11,7,0,0,0,1,47,29,14,9,7,2,5
2026-520,Roland Garros,Clay,128,G,O,20260524,3,KI95,,,Miomir Kecmanovic,R,183,SRB,26.73,48,980,M0CI,,,Fabian Marozsan,R,193,HUN,26.626,54,935,7-6(0) 6-3 6-4,5,R128,148,2,3,95,66,51,15,16,3,5,5,2,117,66,42,23,15,6,10
2026-520,Roland Garros,Clay,128,G,O,20260524,4,T0A1,,Q,Thiago Agustin Tirante,R,185,ARG,25.12,60,887,L0CX,,,Pablo Llamas Ruiz,R,188,ESP,23.611,122,515,6-3 7-6(6) 6-7(5) 6-0,5,R128,212,20,1,121,65,54,35,20,4,5,2,3,127,99,67,14,19,11,16
2026-520,Roland Garros,Clay,128,G,O,20260524,5,TA29,,,Marco Trungelliti,R,178,ARG,36.309,81,731,J0AZ,,Q,Kyrian Jacquet,R,175,FRA,25.035,147,411,6-4 6-2 6-2,5,R128,106,6,2,70,43,33,17,13,1,2,5,2,87,57,36,8,13,2,8
2026-520,Roland Garros,Clay,128,G,O,20260524,6,Z355,2,,Alexander Zverev,R,198,GER,29.092,3,5705,BM95,,,Benjamin Bonzi,R,183,FRA,29.955,95,629,6-3 6-4 6-2,5,R128,130,5,1,85,57,38,21,14,1,2,5,3,84,54,31,15,13,5,10
2026-520,Roland Garros,Clay,128,G,O,20260524,7,DH50,21,,Alejandro Davidovich Fokina,R,180,ESP,26.968,23,1860,D923,,,Damir Dzumhur,R,175,BIH,34.01,87,694,6-7(3) 6-3 2-6 7-5 6-3,5,R128,246,4,2,167,117,77,22,25,14,21,3,1,153,103,65,28,25,19,28
2026-520,Roland Garros,Clay,128,G,O,20260524,8,BT72,,,Nuno Borges,R,185,POR,29.257,51,970,EA24,23,,Tomas Martin Etcheverry,R,196,ARG,26.85,28,1510,6-3 6-4 6-2,5,R128,147,8,3,92,59,42,10,14,8,10,4,5,88,54,29,16,13,6,12
2026-520,Roland Garros,Clay,128,G,O,20260524,9,M0NI,26,,Jakub Mensik,R,196,CZE,20.726,27,1550,D0DW,,Q,Titouan Droguet,R,191,FRA,24.939,107,578,6-3 6-2 6-4,5,R128,128,6,7,100,42,37,25,14,6,8,5,5,76,36,26,16,13,5,11
2026-520,Roland Garros,Clay,128,G,O,20260524,10,C0NB,,Q,Federico Cina,R,185,ITA,19.151,238,242,O522,,,Reilly Opelka,R,211,USA,28.736,76,758,3-6 6-4 6-2 6-7(6) 6-4,5,R128,206,8,1,153,102,73,38,25,10,11,13,9,149,100,73,29,24,8,12
2026-520,Roland Garros,Clay,128,G,O,20260524,11,M0FH,,,Tomas Machac,R,183,CZE,25.61,43,1080,BU13,,,Zizou Bergs,R,185,BEL,26.973,40,1150,6-4 6-4 6-3,5,R128,149,5,2,88,56,42,18,15,6,8,5,3,93,54,33,20,14,7,12
2026-520,Roland Garros,Clay,128,G,O,20260524,12,P0HW,,,Dino Prizmic,R,188,CRO,20.799,72,785,Z0BZ,,Q,Michael Zheng,R,188,USA,22.322,146,414,6-1 6-1 6-3,5,R128,109,3,3,73,47,35,12,12,4,5,3,2,64,37,18,9,11,3,10
2026-520,Roland Garros,Clay,128,G,O,20260524,13,F0FV,28,,Joao Fonseca,R,188,BRA,19.756,30,1435,P0AY,,Q,Luka Pavlovic,R,196,FRA,26.149,241,237,7-6(6) 6-4 6-2,5,R128,137,3,0,94,65,47,19,15,6,8,8,6,93,45,32,21,15,4,9
2026-520,Roland Garros,Clay,128,G,O,20260524,14,B0PG,,,Alexander Blockx,R,193,BEL,21.125,37,1238,W0BH,,LL,Coleman Wong,R,191,HKG,21.963,109,574,6-3 6-4 6-2,5,R128,104,13,4,73,49,41,16,14,1,1,3,2,94,61,35,16,13,8,12
2026-520,Roland Garros,Clay,128,G,O,20260524,15,HB64,,,Quentin Halys,R,191,FRA,29.574,90,678,B0GG,,,Mattia Bellucci,L,175,ITA,24.977,73,777,6-3 7-6(4) 6-3,5,R128,149,11,5,104,62,49,20,16,4,6,4,8,93,51,37,17,14,4,8
2026-520,Roland Garros,Clay,128,G,O,20260524,16,B0NN,,WC,Nishesh Basavareddy,R,180,USA,21.06,148,409,FB98,7,,Taylor Fritz,R,196,USA,28.569,9,3720,7-6(5) 7-6(5) 6-7(9) 6-1,5,R128,205,4,3,144,91,70,33,22,3,4,21,5,145,100,76,22,21,3,6
2026-520,Roland Garros,Clay,128,G,O,20260524,17,M0JF,,,Hamad Medjedovic,R,188,SRB,22.85,58,894,H997,,,Yannick Hanfmann,R,193,GER,34.527,53,936,6-3 6-4 6-7(1) 6-4,5,R128,182,13,2,118,85,70,17,21,5,6,18,6,131,83,65,19,20,6,10
2026-520,Roland Garros,Clay,128,G,O,20260524,18,R0EB,,,Valentin Royer,R,188,FRA,24.986,74,773,DA31,,Q,Hugo Dellien,R,180,BOL,32.936,144,421,6-4 6-2 6-2,5,R128,121,6,1,71,47,32,16,13,3,5,1,0,93,70,39,7,13,8,15
2026-520,Roland Garros,Clay,128,G,O,20260524,19,D643,3,,Novak Djokovic,R,188,SRB,39.006,4,4460,M0GZ,,,Giovanni Mpetshi Perricard,R,203,FRA,22.877,83,710,5-7 7-5 6-1 6-4,5,R128,173,12,2,107,83,67,16,21,3,5,16,4,127,96,65,14,20,11,16
2026-520,Roland Garros,Clay,128,G,O,20260525,20,SU87,,,Lorenzo Sonego,R,191,ITA,31.039,70,815,H996,,Q,Pierre-Hugues Herbert,R,188,FRA,35.187,220,259,7-6(3) 5-7 6-2 1-6 6-4,5,R128,253,7,5,153,93,67,29,24,11,16,10,7,146,101,75,21,25,7,12
2026-520,Roland Garros,Clay,128,G,O,20260525,21,DH58,8,,Alex de Minaur,R,183,AUS,27.266,7,3855,S0TM,,,Toby Samuel,R,191,GBR,23.715,159,378,6-4 6-4 6-2,5,R128,114,5,3,74,44,34,20,14,1,2,6,4,93,56,36,15,14,4,9
2026-520,Roland Garros,Clay,128,G,O,20260525,22,CD85,,,Pablo Carreno Busta,R,188,ESP,34.869,89,685,L0BV,12,,Jiri Lehecka,R,185,CZE,24.542,12,2665,6-3 7-6(3) 6-3,5,R128,120,10,0,71,45,38,21,14,0,0,4,4,105,67,47,13,16,7,11
2026-520,Roland Garros,Clay,128,G,O,20260525,23,M0QI,,,Alex Michelsen,R,193,USA,21.747,42,1115,S0H2,,,Alexander Shevchenko,R,188,UKR,25.651,88,689,6-2 6-4 6-2,5,R128,98,9,2,72,43,33,19,13,4,6,3,4,74,47,25,11,13,4,11
2026-520,Roland Garros,Clay,128,G,O,20260525,24,TD51,19,,Frances Tiafoe,R,188,USA,28.342,22,1905,S0JA,,,Eliot Spizzirri,R,185,USA,24.419,91,660,6-3 6-7(5) 6-4 6-3,5,R128,178,12,6,119,62,55,32,21,2,3,13,1,120,84,55,22,19,2,6
2026-520,Roland Garros,Clay,128,G,O,20260525,25,RC91,22,,Arthur Rinderknech,R,196,FRA,30.839,25,1736,R09X,,Q,Jurij Rodionov,L,191,AUT,27.025,158,379,7-6(5) 6-2 6-3,5,R128,148,9,2,85,54,42,15,14,5,7,5,4,98,53,37,19,15,10,16
2026-520,Roland Garros,Clay,128,G,O,20260525,26,J0DZ,27,,Rafael Jodar,R,191,ESP,19.685,29,1461,K0AZ,,,Aleksandar Kovacevic,R,183,USA,27.737,67,837,6-1 6-0 6-4,5,R128,96,4,2,64,42,34,15,12,1,1,3,5,69,39,22,12,11,6,12
2026-520,Roland Garros,Clay,128,G,O,20260525,27,N0AE,31,,Brandon Nakashima,R,188,USA,24.808,35,1295,BD06,,,Roberto Bautista Agut,R,183,ESP,38.111,117,542,6-2 7-5 6-2,5,R128,129,11,0,75,55,43,14,14,0,0,3,4,84,54,36,14,14,2,7
2026-520,Roland Garros,Clay,128,G,O,20260525,28,HH26,32,,Ugo Humbert,L,188,FRA,27.912,32,1370,ME82,,,Adrian Mannarino,L,180,FRA,37.903,45,1037,6-3 6-4 6-3,5,R128,122,11,3,72,40,34,20,14,2,3,6,4,91,53,39,15,14,8,13
2026-520,Roland Garros,Clay,128,G,O,20260525,29,BK40,,,Matteo Berrettini,R,196,ITA,30.116,105,585,F724,,,Marton Fucsovics,R,188,HUN,34.292,65,859,6-7(2) 7-5 6-1 6-2,5,R128,192,14,3,117,72,57,29,20,6,7,4,13,135,78,52,26,19,6,12
2026-520,Roland Garros,Clay,128,G,O,20260525,30,D0C1,,LL,Jesper de Jong,R,180,NED,25.982,106,580,W367,,,Stan Wawrinka,R,183,SUI,41.158,113,553,6-3 3-6 6-3 6-4,5,R128,184,10,4,116,72,56,24,19,9,11,10,2,103,51,36,26,18,2,6
2026-520,Roland Garros,Clay,128,G,O,20260525,31,N0BS,,,Mariano Navone,R,178,ARG,25.238,38,1215,B0CD,,,Jenson Brooksby,R,193,USA,25.577,63,865,6-4 6-4 6-4,5,R128,158,1,0,92,73,52,8,15,3,5,0,2,109,79,48,12,15,11,16
2026-520,Roland Garros,Clay,128,G,O,20260525,32,U182,,,Camilo Ugo Carabelli,R,185,ARG,26.938,59,890,N0AM,,Q,Emilio Nava,R,185,USA,24.476,94,631,7-6(10) 6-3 6-3,5,R128,162,4,5,111,88,58,15,15,9,11,9,3,124,99,62,7,15,9,14
2026-520,Roland Garros,Clay,128,G,O,20260525,33,V0DZ,,,Luca Van Assche,R,178,FRA,22.037,100,599,G0FW,,LL,Vilius Gaubas,R,178,LTU,21.402,133,464,6-4 6-2 2-6 7-5,5,R128,230,9,4,131,85,54,24,19,15,20,4,0,122,81,49,19,19,12,19
2026-520,Roland Garros,Clay,128,G,O,20260525,34,S0S1,5,,Ben Shelton,L,193,USA,23.625,5,4070,M0N7,,,Daniel Merida,R,188,ESP,21.659,86,696,6-3 6-3 6-4,5,R128,102,6,8,76,58,50,7,14,1,1,4,6,80,56,42,8,14,4,8
2026-520,Roland Garros,Clay,128,G,O,20260525,35,C0E9,10,,Flavio Cobolli,R,183,ITA,24.052,14,2340,PH64,,Q,Andrea Pellegrino,R,185,ITA,29.172,124,507,6-4 7-6(4) 6-3,5,R128,145,9,2,89,71,59,11,16,2,3,2,2,99,68,43,20,15,1,4
2026-520,Roland Garros,Clay,128,G,O,20260525,36,RE44,11,,Andrey Rublev,R,188,RUS,28.594,13,2460,B0ID,,,Ignacio Buse,R,183,PER,22.166,31,1412,6-3 6-7(6) 6-3 7-5,5,R128,219,6,4,149,100,66,25,22,7,12,3,4,141,87,52,25,20,12,20
2026-520,Roland Garros,Clay,128,G,O,20260525,37,RH16,15,,Casper Ruud,R,183,NOR,27.422,16,2275,SX50,,Q,Roman Safiullin,R,185,RUS,28.797,141,430,6-2 7-6(5) 5-7 0-6 6-2,5,R128,232,6,6,141,93,57,30,23,9,15,7,9,160,94,64,33,23,12,18
2026-520,Roland Garros,Clay,128,G,O,20260525,38,PL56,24,,Tommy Paul,R,185,USA,29.021,21,1945,H0BH,,,Rinky Hijikata,R,178,AUS,25.248,98,612,4-6 6-3 7-5 6-4,5,R128,200,13,3,140,82,55,36,21,9,12,6,2,123,79,56,18,20,6,11
2026-520,Roland Garros,Clay,128,G,O,20260525,39,C0AU,25,,Francisco Cerundolo,R,185,ARG,27.781,26,1570,V812,,,Botic van de Zandschulp,R,191,NED,30.639,55,935,6-3 6-4 6-7(7) 6-4,5,R128,220,5,4,152,95,66,25,20,11,15,7,9,158,95,64,27,21,11,19
2026-520,Roland Garros,Clay,128,G,O,20260525,40,C0JP,,,Raphael Collignon,R,191,BEL,24.361,62,866,V832,,,Aleksandar Vukic,R,188,AUS,30.133,96,626,6-3 6-3 7-6(4),5,R128,135,10,5,94,58,44,17,15,5,8,3,6,105,49,31,25,15,4,10
2026-520,Roland Garros,Clay,128,G,O,20260525,41,HB71,,,Hubert Hurkacz,R,196,POL,29.281,99,600,MU94,,,Jaume Munar,R,183,ESP,29.054,41,1145,6-3 6-3 2-6 6-3,5,R128,185,16,2,111,68,54,17,18,6,9,6,5,124,78,49,23,17,9,14
2026-520,Roland Garros,Clay,128,G,O,20260525,42,KD46,,PR,Thanasi Kokkinakis,R,193,AUS,30.122,855,29,A0GC,,,Terence Atmane,L,193,FRA,24.372,52,938,6-7(5) 6-2 4-6 6-3 7-5,5,R128,261,24,4,149,85,74,36,26,4,6,14,4,145,83,58,38,25,11,16
2026-520,Roland Garros,Clay,128,G,O,20260525,43,WB32,,,Yibing Wu,R,183,CHN,26.612,92,655,GC88,,,Marcos Giron,R,180,USA,32.835,84,705,7-5 6-2 6-4,5,R128,133,8,2,96,49,34,31,15,5,6,4,2,98,64,40,16,15,5,10
2026-520,Roland Garros,Clay,128,G,O,20260526,44,G09O,,WC,Hugo Gaston,L,173,FRA,25.662,118,533,MC65,,WC,Gael Monfils,R,193,FRA,39.732,218,260,6-2 6-3 3-6 2-6 6-0,5,R128,202,1,7,138,82,51,18,20,12,17,12,7,141,73,51,19,20,9,17
2026-520,Roland Garros,Clay,128,G,O,20260526,45,K0O4,,WC,Moise Kouame,R,191,FRA,17.221,318,165,C977,,,Marin Cilic,R,198,CRO,37.656,46,1010,7-6(4) 6-2 6-1,5,R128,160,6,6,101,61,43,26,14,7,7,4,5,92,54,32,18,13,3,7
2026-520,Roland Garros,Clay,128,G,O,20260526,46,TE30,,,Alejandro Tabilo,L,188,CHI,28.98,36,1278,MQ75,,,Kamil Majchrzak,R,183,POL,30.366,78,747,6-1 6-3 6-4,5,R128,113,10,2,66,40,37,16,13,2,2,6,2,94,63,41,10,13,4,9
2026-520,Roland Garros,Clay,128,G,O,20260526,47,W09E,,WC,Adam Walton,R,183,AUS,27.107,97,614,MM58,6,,Daniil Medvedev,R,198,RUS,30.286,8,3760,6-2 1-6 6-1 1-6 6-4,5,R128,203,3,1,166,114,71,23,19,16,21,9,5,118,75,51,20,20,9,15
2026-520,Roland Garros,Clay,128,G,O,20260526,48,S0K7,,,Zachary Svajda,R,175,USA,23.488,85,696,P09Z,,,Alexei Popyrin,R,196,AUS,26.806,61,870,3-6 6-3 7-6(3) 7-5,5,R128,176,17,4,123,83,58,26,21,2,4,14,3,115,72,52,27,21,4,7
2026-520,Roland Garros,Clay,128,G,O,20260526,49,TE51,,,Stefanos Tsitsipas,R,193,GRE,27.786,79,740,MP20,,,Alexandre Muller,R,183,FRA,29.311,127,494,6-2 3-0 RET,5,R128,51,1,0,28,19,14,3,5,0,1,2,2,36,20,10,3,6,6,11
2026-520,Roland Garros,Clay,128,G,O,20260526,50,VA25,16,,Valentin Vacherot,R,193,MON,27.524,19,2103,F0HO,,Q,Thomas Faurel,R,178,FRA,20.342,378,131,6-3 6-4 3-6 7-6(6),5,R128,170,13,5,122,86,66,25,20,3,4,6,1,124,97,69,18,20,8,10
2026-520,Roland Garros,Clay,128,G,O,20260526,51,T0HA,18,,Learner Tien,L,180,USA,20.479,18,2180,GD64,,,Cristian Garin,R,185,CHI,29.988,114,552,6-0 2-6 6-0 6-2,5,R128,114,12,2,67,45,38,14,14,1,3,3,5,86,51,28,13,14,7,15
2026-520,Roland Garros,Clay,128,G,O,20260526,52,V0DP,,,Adolfo Daniel Vallejo,R,183,PAR,22.075,71,786,N771,20,,Cameron Norrie,L,188,GBR,30.757,24,1785,7-6(7) 2-0 RET,5,R128,81,5,5,48,33,26,7,7,1,1,0,4,58,38,22,11,7,3,4
2026-520,Roland Garros,Clay,128,G,O,20260526,53,A0FC,,,Matteo Arnaldi,R,185,ITA,25.254,104,586,GJ37,29,,Tallon Griekspoor,R,188,NED,29.897,33,1340,6-7(9) 6-3 7-6(6) 6-3,5,R128,240,7,2,133,89,69,28,20,5,5,9,9,166,91,60,43,22,8,12
2026-520,Roland Garros,Clay,128,G,O,20260526,54,B0FV,,,Roman Andres Burruchaga,R,183,ARG,24.337,68,833,B0BI,,,Sebastian Baez,R,170,ARG,25.407,64,860,2-6 7-5 6-2 2-0 RET,5,R128,182,7,1,114,71,44,18,15,9,15,1,11,118,67,40,19,15,20,28
2026-520,Roland Garros,Clay,128,G,O,20260526,55,D0CG,,Q,Facundo Diaz Acosta,L,183,ARG,25.443,151,407,Z371,,PR,Zhizhen Zhang,R,193,CHN,29.607,224,254,6-1 6-4 6-3,5,R128,104,6,1,67,46,35,11,13,0,1,6,1,93,61,37,10,13,9,15
2026-520,Roland Garros,Clay,128,G,O,20260526,56,L0IL,,,Martin Landaluce,R,193,ESP,20.378,69,827,P0IY,,Q,Juan Carlos Prado Angelo,R,185,BOL,21.221,176,338,6-3 4-6 6-2 6-7(3) 6-4,5,R128,272,6,5,161,103,69,27,25,6,8,1,6,165,95,52,39,24,5,10
2026-520,Roland Garros,Clay,128,G,O,20260526,57,KI82,,,Vit Kopriva,R,178,CZE,28.945,66,856,MW02,30,,Corentin Moutet,L,180,FRA,27.102,34,1323,6-3 5-7 6-4 3-6 6-3,5,R128,264,7,8,161,111,71,22,25,5,9,5,6,150,97,64,21,24,4,8
2026-520,Roland Garros,Clay,128,G,O,20260526,58,S0AG,1,,Jannik Sinner,R,191,ITA,24.775,1,14750,T09X,,WC,Clement Tabur,R,173,FRA,26.335,171,348,6-1 6-3 6-4,5,R128,131,8,1,76,50,40,18,13,0,0,2,2,89,59,35,13,13,8,13
2026-520,Roland Garros,Clay,128,G,O,20260526,59,SL28,,,Jan-Lennard Struff,R,193,GER,36.085,80,739,BK92,9,,Alexander Bublik,R,196,KAZ,28.939,10,3320,7-5 6-7(6) 6-4 7-5,5,R128,193,13,6,147,89,62,31,23,7,11,25,8,150,98,68,22,23,12,19
2026-520,Roland Garros,Clay,128,G,O,20260526,60,D0FJ,14,,Luciano Darderi,R,183,ITA,24.277,17,2260,O513,,,Sebastian Ofner,R,191,AUT,30.037,112,558,7-6(5) 6-2 6-3,5,R128,143,10,4,117,72,48,24,15,9,11,10,2,81,40,25,23,14,2,7
2026-520,Roland Garros,Clay,128,G,O,20260526,61,C0C8,,,Juan Manuel Cerundolo,L,183,ARG,24.526,56,935,F0BY,,,Jacob Fearnley,R,183,GBR,24.862,125,505,6-2 7-6(0) 7-6(7),5,R128,176,6,4,111,74,54,23,16,6,8,6,9,113,64,40,23,16,7,11
2026-520,Roland Garros,Clay,128,G,O,20260526,62,C0DF,,,Francisco Comesana,R,178,ARG,25.634,102,598,Q02L,,,Ethan Quinn,R,191,USA,22.204,50,974,6-4 7-6(8) 7-6(4),5,R128,167,13,3,121,89,65,16,17,3,4,5,3,111,82,59,14,17,6,8
2026-520,Roland Garros,Clay,128,G,O,20260526,63,F0F2,,Q,Jaime Faria,R,188,POR,22.804,115,548,SU55,,,Denis Shapovalov,L,185,CAN,27.113,39,1170,6-4 7-5 6-4,5,R128,153,2,4,95,65,47,17,16,5,6,10,8,106,57,40,24,16,4,8
2026-520,Roland Garros,Clay,128,G,O,20260526,64,AG37,4,,Felix Auger-Aliassime,R,193,CAN,25.796,6,4050,AE14,,,Daniel Altmaier,R,188,GER,27.702,57,930,4-6 6-4 4-6 6-1 7-6(7),5,R128,260,9,6,155,110,80,21,25,8,13,3,7,152,99,64,29,24,6,12
2026-520,Roland Garros,Clay,128,G,O,20260526,65,DH58,8,,Alex de Minaur,R,183,AUS,27.269,7,3855,B0PG,,,Alexander Blockx,R,193,BEL,21.131,37,1238,W/O,5,R64,,,,,,,,,,,,,,,,,,,
2026-520,Roland Garros,Clay,128,G,O,20260527,66,D0C1,,LL,Jesper de Jong,R,180,NED,25.988,106,580,C0NB,,Q,Federico Cina,R,185,ITA,19.159,238,242,6-3 6-1 6-3,5,R64,110,11,3,75,50,35,17,13,5,6,3,2,66,41,22,12,12,3,9
2026-520,Roland Garros,Clay,128,G,O,20260527,67,KE29,13,,Karen Khachanov,R,198,RUS,30.015,15,2320,TA29,,,Marco Trungelliti,R,178,ARG,36.318,81,731,7-6(5) 5-7 6-1 7-6(4),5,R64,229,10,0,137,88,63,28,22,7,12,5,8,136,76,47,34,21,6,12
2026-520,Roland Garros,Clay,128,G,O,20260527,68,T0A1,,,Thiago Agustin Tirante,R,185,ARG,25.128,60,887,DH50,21,,Alejandro Davidovich Fokina,R,180,ESP,26.976,23,1860,4-6 7-6(4) 6-1 6-3,5,R64,177,12,4,111,66,50,26,19,1,4,1,2,111,74,46,21,19,7,13
2026-520,Roland Garros,Clay,128,G,O,20260527,69,RE44,11,,Andrey Rublev,R,188,RUS,28.6,13,2460,U182,,,Camilo Ugo Carabelli,R,185,ARG,26.943,59,890,6-1 1-6 6-3 7-6(5),5,R64,189,5,2,133,87,58,22,18,10,14,9,2,121,89,58,13,17,6,11
2026-520,Roland Garros,Clay,128,G,O,20260527,70,M0NI,26,,Jakub Mensik,R,196,CZE,20.734,27,1550,N0BS,,,Mariano Navone,R,178,ARG,25.243,38,1215,6-3 2-6 6-4 1-6 7-6(11),5,R64,281,11,8,166,89,67,35,23,11,16,3,3,161,131,87,15,23,10,13
2026-520,Roland Garros,Clay,128,G,O,20260527,71,HB64,,,Quentin Halys,R,191,FRA,29.582,90,678,HH26,32,,Ugo Humbert,L,188,FRA,27.918,32,1370,6-4 7-6(4) 7-6(8),5,R64,181,16,3,116,75,60,21,17,4,6,12,13,118,67,52,25,17,5,8
2026-520,Roland Garros,Clay,128,G,O,20260527,72,BT72,,,Nuno Borges,R,185,POR,29.265,51,970,KI95,,,Miomir Kecmanovic,R,183,SRB,26.738,48,980,3-6 6-2 6-1 6-2,5,R64,134,13,5,122,72,51,24,16,7,8,3,4,86,48,28,24,16,5,11
2026-520,Roland Garros,Clay,128,G,O,20260527,73,CD85,,,Pablo Carreno Busta,R,188,ESP,34.875,89,685,KD46,,PR,Thanasi Kokkinakis,R,193,AUS,30.127,855,29,7-5 4-6 1-0 RET,5,R64,125,3,1,68,44,33,16,12,2,3,8,4,80,50,35,17,11,3,4
2026-520,Roland Garros,Clay,128,G,O,20260527,74,D643,3,,Novak Djokovic,R,188,SRB,39.014,4,4460,R0EB,,,Valentin Royer,R,188,FRA,24.994,74,773,6-3 6-2 6-7(7) 6-3,5,R64,227,10,9,134,89,69,21,20,5,7,10,4,110,69,46,21,18,3,9
2026-520,Roland Garros,Clay,128,G,O,20260527,75,J0DZ,27,,Rafael Jodar,R,191,ESP,19.691,29,1461,D994,,,James Duckworth,R,183,AUS,34.346,82,722,6-1 6-7(5) 6-4 7-5,5,R64,204,7,6,128,84,66,23,21,1,3,8,7,141,77,54,31,20,15,21
2026-520,Roland Garros,Clay,128,G,O,20260527,76,F0FV,28,,Joao Fonseca,R,188,BRA,19.765,30,1435,P0HW,,,Dino Prizmic,R,188,CRO,20.808,72,785,3-6 4-6 6-3 6-1 6-2,5,R64,210,5,2,130,88,63,27,21,4,6,13,5,125,73,50,25,22,1,7
2026-520,Roland Garros,Clay,128,G,O,20260527,77,M0QI,,,Alex Michelsen,R,193,USA,21.752,42,1115,B0NN,,WC,Nishesh Basavareddy,R,180,USA,21.068,148,409,7-6(5) 6-3 3-6 6-3,5,R64,191,10,6,125,85,59,22,20,5,8,7,7,128,83,60,22,19,10,14
2026-520,Roland Garros,Clay,128,G,O,20260527,78,Z355,2,,Alexander Zverev,R,198,GER,29.101,3,5705,M0FH,,,Tomas Machac,R,183,CZE,25.618,43,1080,6-4 6-2 6-2,5,R64,107,19,2,65,45,38,15,13,1,1,1,1,89,67,38,11,13,6,11
2026-520,Roland Garros,Clay,128,G,O,20260527,79,PL56,24,,Tommy Paul,R,185,USA,29.027,21,1945,SU87,,,Lorenzo Sonego,R,191,ITA,31.044,70,815,6-3 6-2 6-4,5,R64,130,2,2,88,51,40,18,14,5,6,7,2,77,58,40,4,13,3,8
2026-520,Roland Garros,Clay,128,G,O,20260527,80,RH16,15,,Casper Ruud,R,183,NOR,27.428,16,2275,M0JF,,,Hamad Medjedovic,R,188,SRB,22.858,58,894,6-3 6-2 6-4,5,R64,122,13,2,90,59,44,21,14,7,7,6,1,92,67,46,9,13,5,9
2026-520,Roland Garros,Clay,128,G,O,20260528,81,C0E9,10,,Flavio Cobolli,R,183,ITA,24.06,14,2340,WB32,,,Yibing Wu,R,183,CHN,26.62,92,655,6-4 6-4 6-4,5,R64,132,7,4,89,58,44,15,15,2,4,4,1,97,55,31,25,15,9,14
2026-520,Roland Garros,Clay,128,G,O,20260528,82,F0F2,,Q,Jaime Faria,R,188,POR,22.809,115,548,SL28,,,Jan-Lennard Struff,R,193,GER,36.09,80,739,7-5 7-6(1) 6-2,5,R64,152,6,3,93,50,39,26,16,2,4,9,5,125,58,38,35,16,11,16
2026-520,Roland Garros,Clay,128,G,O,20260528,83,S0K7,,,Zachary Svajda,R,175,USA,23.493,85,696,W09E,,WC,Adam Walton,R,183,AUS,27.113,97,614,6-3 6-4 6-7(4) 6-2,5,R64,168,21,1,124,77,61,26,20,4,5,13,0,139,87,60,22,19,11,16
2026-520,Roland Garros,Clay,128,G,O,20260528,84,C0C8,,,Juan Manuel Cerundolo,L,183,ARG,24.531,56,935,S0AG,1,,Jannik Sinner,R,191,ITA,24.78,1,14750,3-6 2-6 7-5 6-1 6-1,5,R64,211,14,5,125,78,53,26,21,11,16,5,7,133,81,51,22,22,6,14
2026-520,Roland Garros,Clay,128,G,O,20260528,85,T0HA,18,,Learner Tien,L,180,USA,20.485,18,2180,D0CG,,Q,Facundo Diaz Acosta,L,183,ARG,25.448,151,407,7-5 4-6 3-6 7-6(4) 6-3,5,R64,241,9,9,168,125,79,15,25,11,19,7,6,171,131,78,18,27,6,15
2026-520,Roland Garros,Clay,128,G,O,20260528,86,AG37,4,,Felix Auger-Aliassime,R,193,CAN,25.802,6,4050,B0FV,,,Roman Andres Burruchaga,R,183,ARG,24.342,68,833,4-6 6-0 7-5 6-1,5,R64,186,7,8,114,75,64,14,18,6,8,3,6,105,66,39,18,17,3,10
2026-520,Roland Garros,Clay,128,G,O,20260528,87,TD51,19,,Frances Tiafoe,R,188,USA,28.35,22,1905,HB71,,,Hubert Hurkacz,R,196,POL,29.29,99,600,6-7(5) 7-6(5) 6-4 6-7(1) 6-4,5,R64,287,15,2,171,98,81,40,28,5,7,43,6,190,114,94,36,28,7,11
2026-520,Roland Garros,Clay,128,G,O,20260528,88,C0AU,25,,Francisco Cerundolo,R,185,ARG,27.789,26,1570,G09O,,WC,Hugo Gaston,L,173,FRA,25.667,118,533,2-6 6-4 6-2 6-1,5,R64,162,4,3,96,69,48,13,16,2,5,4,2,131,97,52,18,17,13,20
2026-520,Roland Garros,Clay,128,G,O,20260528,89,K0O4,,WC,Moise Kouame,R,191,FRA,17.227,318,165,V0DP,,,Adolfo Daniel Vallejo,R,183,PAR,22.081,71,786,6-3 7-5 3-6 2-6 7-6(8),5,R64,299,6,8,177,105,70,36,25,8,15,10,5,170,105,71,33,25,7,13
2026-520,Roland Garros,Clay,128,G,O,20260528,90,L0IL,,,Martin Landaluce,R,193,ESP,20.383,69,827,KI82,,,Vit Kopriva,R,178,CZE,28.95,66,856,1-6 2-6 6-4 7-5 6-0,5,R64,227,2,4,152,109,62,21,21,7,14,6,5,125,82,47,21,22,2,10
2026-520,Roland Garros,Clay,128,G,O,20260529,91,C0JP,,,Raphael Collignon,R,191,BEL,24.372,62,866,S0S1,5,,Ben Shelton,L,193,USA,23.636,5,4070,6-4 7-5 6-4,5,R64,123,6,1,79,49,43,21,16,0,0,10,2,89,58,40,20,16,3,6
2026-520,Roland Garros,Clay,128,G,O,20260529,92,C0DF,,,Francisco Comesana,R,178,ARG,25.643,102,598,D0FJ,14,,Luciano Darderi,R,183,ITA,24.285,17,2260,7-6(5) 4-6 6-4 2-6 6-4,5,R64,254,6,2,138,102,73,23,25,3,7,7,1,150,106,75,27,25,1,4
2026-520,Roland Garros,Clay,128,G,O,20260529,93,BK40,,,Matteo Berrettini,R,196,ITA,30.127,105,585,RC91,22,,Arthur Rinderknech,R,196,FRA,30.85,25,1736,6-4 6-4 6-4,5,R64,139,7,4,85,53,45,16,15,2,3,7,8,97,55,36,24,15,4,8
2026-520,Roland Garros,Clay,128,G,O,20260529,94,N0AE,31,,Brandon Nakashima,R,188,USA,24.819,35,1295,V0DZ,,,Luca Van Assche,R,178,FRA,22.048,100,599,6-7(5) 6-4 5-7 6-1 6-3,5,R64,278,12,0,145,91,75,24,25,5,8,7,10,158,84,61,34,25,7,14
2026-520,Roland Garros,Clay,128,G,O,20260529,95,A0FC,,,Matteo Arnaldi,R,185,ITA,25.262,104,586,TE51,,,Stefanos Tsitsipas,R,193,GRE,27.795,79,740,7-6(2) 5-7 6-3 6-2,5,R64,198,4,1,128,77,59,28,21,4,6,8,4,117,66,47,28,20,8,12
2026-520,Roland Garros,Clay,128,G,O,20260529,96,TE30,,,Alejandro Tabilo,L,188,CHI,28.988,36,1278,VA25,16,,Valentin Vacherot,R,193,MON,27.532,19,2103,W/O,5,R64,,,,,,,,,,,,,,,,,,,
2026-520,Roland Garros,Clay,128,G,O,20260529,97,RE44,11,,Andrey Rublev,R,188,RUS,28.605,13,2460,BT72,,,Nuno Borges,R,185,POR,29.27,51,970,7-5 7-6(2) 7-6(2),5,R32,163,12,3,115,72,54,24,18,3,5,6,1,114,79,56,19,18,7,10
2026-520,Roland Garros,Clay,128,G,O,20260529,98,CD85,,,Pablo Carreno Busta,R,188,ESP,34.88,89,685,T0A1,,,Thiago Agustin Tirante,R,185,ARG,25.133,60,887,7-6(0) 7-5 3-6 6-4,5,R32,216,10,2,126,89,64,21,22,5,9,9,4,143,101,60,22,21,12,16
2026-520,Roland Garros,Clay,128,G,O,20260529,99,J0DZ,27,,Rafael Jodar,R,191,ESP,19.696,29,1461,M0QI,,,Alex Michelsen,R,193,USA,21.758,42,1115,7-6(2) 6-7(5) 4-6 6-3 6-3,5,R32,257,13,11,161,114,81,20,26,5,11,7,5,187,129,82,25,26,8,16
2026-520,Roland Garros,Clay,128,G,O,20260529,100,M0NI,26,,Jakub Mensik,R,196,CZE,20.739,27,1550,DH58,8,,Alex de Minaur,R,183,AUS,27.277,7,3855,0-6 6-2 6-2 6-3,5,R32,147,6,5,95,50,33,21,16,2,7,2,4,89,55,29,16,15,7,14
2026-520,Roland Garros,Clay,128,G,O,20260529,101,D0C1,,LL,Jesper de Jong,R,180,NED,25.993,106,580,KE29,13,,Karen Khachanov,R,198,RUS,30.021,15,2320,7-5 5-7 6-2 6-7(2) 6-2,5,R32,262,17,9,166,116,92,18,26,10,13,15,2,149,117,76,19,26,5,12
2026-520,Roland Garros,Clay,128,G,O,20260529,102,F0FV,28,,Joao Fonseca,R,188,BRA,19.77,30,1435,D643,3,,Novak Djokovic,R,188,SRB,39.02,4,4460,4-6 4-6 6-3 7-5 7-5,5,R32,297,11,1,170,126,87,19,27,11,16,8,1,161,114,78,25,26,9,15
2026-520,Roland Garros,Clay,128,G,O,20260529,103,RH16,15,,Casper Ruud,R,183,NOR,27.433,16,2275,PL56,24,,Tommy Paul,R,185,USA,29.032,21,1945,4-6 6-7(4) 6-4 7-6(4) 7-5,5,R32,287,17,9,194,125,93,35,28,12,14,14,5,161,95,75,38,28,0,3
2026-520,Roland Garros,Clay,128,G,O,20260530,104,Z355,2,,Alexander Zverev,R,198,GER,29.109,3,5705,HB64,,,Quentin Halys,R,191,FRA,29.591,90,678,6-4 6-3 5-7 6-2,5,R32,190,6,7,107,75,53,19,19,2,5,7,2,139,99,56,22,20,10,17
2026-520,Roland Garros,Clay,128,G,O,20260530,105,C0E9,10,,Flavio Cobolli,R,183,ITA,24.066,14,2340,T0HA,18,,Learner Tien,L,180,USA,20.49,18,2180,6-2 6-2 6-3,5,R32,109,7,2,67,38,31,16,12,3,4,3,7,86,47,26,17,13,6,13
2026-520,Roland Garros,Clay,128,G,O,20260530,106,S0K7,,,Zachary Svajda,R,175,USA,23.499,85,696,C0AU,25,,Francisco Cerundolo,R,185,ARG,27.795,26,1570,6-3 6-4 3-6 4-6 6-3,5,R32,185,10,3,149,86,65,30,24,6,11,13,3,125,80,58,22,23,3,9
2026-520,Roland Garros,Clay,128,G,O,20260530,107,BK40,,,Matteo Berrettini,R,196,ITA,30.13,105,585,C0DF,,,Francisco Comesana,R,178,ARG,25.645,102,598,7-6(3) 5-7 6-7(4) 6-4 7-6(13),5,R32,316,20,3,191,124,100,37,29,5,8,20,7,198,148,112,24,29,10,13
2026-520,Roland Garros,Clay,128,G,O,20260530,108,A0FC,,,Matteo Arnaldi,R,185,ITA,25.265,104,586,C0JP,,,Raphael Collignon,R,191,BEL,24.375,62,866,6-4 6-7(5) 5-7 6-4 7-6(4),5,R32,303,14,5,181,112,85,37,28,7,11,17,10,193,130,97,29,28,8,13
2026-520,Roland Garros,Clay,128,G,O,20260530,109,C0C8,,,Juan Manuel Cerundolo,L,183,ARG,24.537,56,935,L0IL,,,Martin Landaluce,R,193,ESP,20.389,69,827,6-4 6-7(7) 7-6(4) 6-7(4) 7-6(8),5,R32,358,16,4,229,180,121,23,29,13,17,6,8,213,159,108,21,29,9,14
2026-520,Roland Garros,Clay,128,G,O,20260530,110,TE30,,,Alejandro Tabilo,L,188,CHI,28.991,36,1278,K0O4,,WC,Moise Kouame,R,191,FRA,17.232,318,165,4-6 6-3 6-4 7-6(9),5,R32,223,17,3,129,79,60,27,21,6,10,13,11,154,95,65,27,20,12,17
2026-520,Roland Garros,Clay,128,G,O,20260531,111,AG37,4,,Felix Auger-Aliassime,R,193,CAN,25.81,6,4050,N0AE,31,,Brandon Nakashima,R,188,USA,24.824,35,1295,5-7 6-1 7-6(4) 7-6(1),5,R32,231,15,0,145,107,81,18,22,5,8,8,1,123,87,66,15,21,2,6
2026-520,Roland Garros,Clay,128,G,O,20260531,112,TD51,19,,Frances Tiafoe,R,188,USA,28.359,22,1905,F0F2,,Q,Jaime Faria,R,188,POR,22.817,115,548,4-6 6-7(2) 7-6(4) 6-1 6-2,5,R32,245,15,5,159,93,73,29,24,5,9,26,7,156,105,72,24,25,7,15
2026-520,Roland Garros,Clay,128,G,O,20260531,113,J0DZ,27,,Rafael Jodar,R,191,ESP,19.702,29,1461,CD85,,,Pablo Carreno Busta,R,188,ESP,34.886,89,685,4-6 4-6 6-1 6-2 6-2,5,R16,222,3,3,147,100,67,26,22,10,14,3,3,129,91,55,15,21,3,11
2026-520,Roland Garros,Clay,128,G,O,20260531,114,Z355,2,,Alexander Zverev,R,198,GER,29.112,3,5705,D0C1,,LL,Jesper de Jong,R,180,NED,25.999,106,580,7-6(3) 6-4 6-1,5,R16,136,4,2,84,64,51,13,15,1,2,3,4,82,54,35,11,14,3,7
2026-520,Roland Garros,Clay,128,G,O,20260531,115,M0NI,26,,Jakub Mensik,R,196,CZE,20.745,27,1550,RE44,11,,Andrey Rublev,R,188,RUS,28.611,13,2460,6-3 7-6(6) 4-6 2-6 6-3,5,R16,228,13,9,153,102,77,22,25,10,15,8,4,169,108,76,29,23,14,18
2026-520,Roland Garros,Clay,128,G,O,20260601,116,F0FV,28,,Joao Fonseca,R,188,BRA,19.778,30,1435,RH16,15,,Casper Ruud,R,183,NOR,27.441,16,2275,7-5 7-6(8) 5-7 6-2,5,R16,238,2,0,141,107,77,17,22,7,9,7,4,159,120,81,19,22,9,13
2026-520,Roland Garros,Clay,128,G,O,20260601,117,C0E9,10,,Flavio Cobolli,R,183,ITA,24.071,14,2340,S0K7,,,Zachary Svajda,R,175,USA,23.504,85,696,6-2 6-3 6-7(3) 7-6(5),5,R16,201,8,2,139,74,51,38,20,5,8,8,5,139,81,52,29,21,10,17
2026-520,Roland Garros,Clay,128,G,O,20260601,118,AG37,4,,Felix Auger-Aliassime,R,193,CAN,25.812,6,4050,TE30,,,Alejandro Tabilo,L,188,CHI,28.997,36,1278,6-3 7-5 6-1,5,R16,128,17,2,88,60,48,16,14,3,3,5,2,84,55,32,18,14,1,6
2026-520,Roland Garros,Clay,128,G,O,20260601,119,BK40,,,Matteo Berrettini,R,196,ITA,30.136,105,585,C0C8,,,Juan Manuel Cerundolo,L,183,ARG,24.542,56,935,6-3 7-6(2) 7-6(6),5,R16,149,5,1,107,76,64,15,17,1,2,16,4,93,42,24,41,16,3,5
2026-520,Roland Garros,Clay,128,G,O,20260602,120,A0FC,,,Matteo Arnaldi,R,185,ITA,25.273,104,586,TD51,19,,Frances Tiafoe,R,188,USA,28.364,22,1905,7-6(5) 6-7(5) 3-6 7-6(3) 6-4,5,R16,330,18,5,214,139,91,33,27,17,25,8,8,199,110,68,44,28,8,16
2026-520,Roland Garros,Clay,128,G,O,20260602,121,Z355,2,,Alexander Zverev,R,198,GER,29.117,3,5705,J0DZ,27,,Rafael Jodar,R,191,ESP,19.707,29,1461,7-6(3) 6-1 6-3,5,QF,148,7,0,90,72,51,11,14,5,6,1,0,102,76,42,15,14,6,11
2026-520,Roland Garros,Clay,128,G,O,20260602,122,M0NI,26,,Jakub Mensik,R,196,CZE,20.75,27,1550,F0FV,28,,Joao Fonseca,R,188,BRA,19.781,30,1435,6-4 6-3 7-6(3),5,QF,167,11,4,101,66,55,11,15,3,5,6,4,127,91,56,20,16,16,21
2026-520,Roland Garros,Clay,128,G,O,20260603,123,C0E9,10,,Flavio Cobolli,R,183,ITA,24.077,14,2340,AG37,4,,Felix Auger-Aliassime,R,193,CAN,25.818,6,4050,4-6 6-4 6-4 6-4,5,QF,206,8,2,131,81,56,27,20,8,11,7,4,121,89,61,17,20,5,10
2026-520,Roland Garros,Clay,128,G,O,20260603,124,A0FC,,,Matteo Arnaldi,R,185,ITA,25.276,104,586,BK40,,,Matteo Berrettini,R,196,ITA,30.141,105,585,7-5 5-2 RET,5,QF,117,1,3,56,36,23,12,10,0,3,4,1,87,57,34,10,9,10,15
2026-520,Roland Garros,Clay,128,G,O,20260605,125,Z355,2,,Alexander Zverev,R,198,GER,29.125,3,5705,M0NI,26,,Jakub Mensik,R,196,CZE,20.758,27,1550,7-5 6-2 3-6 6-3,5,SF,181,8,2,104,79,62,15,19,3,4,4,5,122,81,58,18,19,3,7
2026-520,Roland Garros,Clay,128,G,O,20260605,126,C0E9,10,,Flavio Cobolli,R,183,ITA,24.082,14,2340,A0FC,,,Matteo Arnaldi,R,185,ITA,25.281,104,586,W/O,5,SF,,,,,,,,,,,,,,,,,,,
2026-520,Roland Garros,Clay,128,G,O,20260607,127,Z355,2,,Alexander Zverev,R,198,GER,29.131,3,5705,C0E9,10,,Flavio Cobolli,R,183,ITA,24.088,14,2340,6-1 4-6 6-4 6-7(5) 6-1,5,F,259,6,9,143,108,79,15,22,5,8,6,3,155,82,52,35,24,12,21
2026-321,Stuttgart,Grass,28,250,O,20260608,1,L0IL,,,Martin Landaluce,R,193,ESP,20.413,58,919,H996,,Q,Pierre-Hugues Herbert,R,188,FRA,35.225,232,249,5-7 6-3 6-4,3,R32,138,7,6,100,58,43,21,16,3,6,13,12,89,54,44,11,15,2,6
2026-321,Stuttgart,Grass,28,250,O,20260608,2,B0GG,,,Mattia Bellucci,L,175,ITA,25.018,78,777,DH50,7,,Alejandro Davidovich Fokina,R,180,ESP,27.009,22,1860,6-2 6-7(5) 6-1,3,R32,120,13,4,91,53,37,26,14,3,4,8,1,86,59,33,16,13,5,10
2026-440,'s-Hertogenbosch,Grass,28,250,O,20260608,1,BM95,,Q,Benjamin Bonzi,R,183,FRA,29.996,99,629,R0KD,,WC,Mees Rottgering,L,180,NED,18.921,464,101,6-4 6-4,3,R32,81,6,2,57,38,29,8,10,0,2,2,3,58,34,20,11,10,5,9
2026-440,'s-Hertogenbosch,Grass,28,250,O,20260608,2,BT72,,,Nuno Borges,R,185,POR,29.298,50,970,A0GC,,,Terence Atmane,L,193,FRA,24.411,53,948,6-4 6-4,3,R32,66,2,0,47,32,28,12,10,0,0,13,2,61,37,30,9,10,4,6
2026-321,Stuttgart,Grass,28,250,O,20260608,3,O0A2,,Q,Gauthier Onclin,R,180,BEL,25.279,186,318,M0CI,,,Fabian Marozsan,R,193,HUN,26.667,61,895,7-6(6) 6-3,3,R32,96,4,2,69,40,33,16,11,4,5,11,1,72,43,36,8,10,2,4
2026-440,'s-Hertogenbosch,Grass,28,250,O,20260608,3,HH26,5,,Ugo Humbert,L,188,FRA,27.951,33,1370,Y218,,Q,Elias Ymer,R,185,SWE,30.16,184,328,6-4 6-3,3,R32,62,6,5,46,26,25,15,10,0,0,4,0,50,33,24,8,9,0,2
2026-440,'s-Hertogenbosch,Grass,28,250,O,20260608,4,C977,,,Marin Cilic,R,198,CRO,37.692,47,994,SU55,7,,Denis Shapovalov,L,185,CAN,27.149,42,1130,6-7(5) 6-4 7-5,3,R32,163,5,3,102,62,47,18,17,2,7,9,8,105,63,38,22,17,3,10
2026-321,Stuttgart,Grass,28,250,O,20260609,4,H997,,,Yannick Hanfmann,R,193,GER,34.571,59,906,K0AZ,,,Aleksandar Kovacevic,R,183,USA,27.778,69,837,7-6(5) 7-6(4),3,R32,110,22,4,86,49,44,19,12,4,4,18,4,84,54,44,15,12,4,4
2026-321,Stuttgart,Grass,28,250,O,20260609,5,GC88,,,Marcos Giron,R,180,USA,32.876,88,705,BD06,,,Roberto Bautista Agut,R,183,ESP,38.152,116,542,7-6(3) 7-5,3,R32,101,15,0,75,51,41,14,12,3,4,4,1,72,48,33,16,12,4,6
2026-321,Stuttgart,Grass,28,250,O,20260609,6,SY67,,Q,Sho Shimabukuro,R,180,JPN,28.86,104,604,HB64,,,Quentin Halys,R,191,FRA,29.618,92,678,6-4 6-2,3,R32,56,6,1,44,24,21,12,9,0,1,8,4,56,32,19,11,9,4,8
2026-440,'s-Hertogenbosch,Grass,28,250,O,20260609,5,D0DT,,Q,Martin Damm,L,203,USA,,114,548,MU94,,,Jaume Munar,R,183,ESP,29.095,44,1105,6-4 6-4,3,R32,73,12,1,59,41,33,10,10,1,1,7,1,54,36,32,5,10,1,3
2026-321,Stuttgart,Grass,28,250,O,20260609,7,TD51,6,,Frances Tiafoe,R,188,USA,28.383,26,1705,AE14,,,Daniel Altmaier,R,188,GER,27.74,85,740,7-6(3) 4-6 6-4,3,R32,146,6,3,96,63,50,18,16,7,9,15,6,110,67,53,19,16,9,11
2026-321,Stuttgart,Grass,28,250,O,20260609,8,D994,,,James Duckworth,R,183,AUS,34.382,79,762,D0LJ,,WC,Diego Dedura,L,180,GER,18.242,262,209,6-4 6-3,3,R32,73,7,0,55,31,27,15,10,1,1,0,2,61,42,28,9,9,7,9
2026-321,Stuttgart,Grass,28,250,O,20260609,9,H0BH,,,Rinky Hijikata,R,178,AUS,25.29,106,593,G0IB,,WC,Tom Gentzsch,R,191,GER,22.76,229,254,6-7(7) 7-6(2) 6-3,3,R32,140,5,5,112,66,53,29,17,4,5,25,1,108,78,65,8,16,5,7
2026-321,Stuttgart,Grass,28,250,O,20260609,10,SL28,,,Jan-Lennard Struff,R,193,GER,36.123,77,779,GK06,,Q,Alexis Galarneau,R,180,CAN,27.272,187,316,6-2 6-7(5) 6-3,3,R32,126,12,5,94,51,41,28,15,2,2,12,4,85,48,36,19,14,2,5
2026-321,Stuttgart,Grass,28,250,O,20260609,11,M0GZ,,,Giovanni Mpetshi Perricard,R,203,FRA,22.921,93,670,SX50,,LL,Roman Safiullin,R,185,RUS,28.838,135,460,7-5 6-7(4) 7-6(4),3,R32,140,28,4,108,75,61,18,18,0,1,12,4,113,79,61,18,18,3,5
2026-440,'s-Hertogenbosch,Grass,28,250,O,20260609,6,Z371,,,Zhizhen Zhang,R,193,CHN,29.645,214,269,B0CD,,,Jenson Brooksby,R,193,USA,25.618,73,825,7-6(4) 5-7 6-1,3,R32,137,14,2,110,71,56,16,16,6,9,5,2,92,61,39,15,15,2,6
2026-440,'s-Hertogenbosch,Grass,28,250,O,20260609,7,ME82,,,Adrian Mannarino,L,180,FRA,37.944,46,1031,D0F6,,,Gabriel Diallo,R,203,CAN,24.706,54,935,6-4 3-6 7-5,3,R32,150,4,4,89,48,32,24,15,5,9,7,2,100,73,46,11,16,8,13
2026-321,Stuttgart,Grass,28,250,O,20260610,12,B0GG,,,Mattia Bellucci,L,175,ITA,25.024,78,777,H997,,,Yannick Hanfmann,R,193,GER,34.574,59,906,7-5 6-7(4) 6-2,3,R16,149,13,6,102,67,50,22,16,6,6,12,1,98,60,46,20,16,6,9
2026-321,Stuttgart,Grass,28,250,O,20260610,13,M0GZ,,,Giovanni Mpetshi Perricard,R,203,FRA,22.924,93,670,O0A2,,Q,Gauthier Onclin,R,180,BEL,25.284,186,318,7-6(1) 6-2,3,R16,78,21,2,65,52,39,6,10,1,2,0,5,63,38,26,9,10,6,9
2026-321,Stuttgart,Grass,28,250,O,20260610,14,KE17,,WC,Nick Kyrgios,R,193,AUS,31.121,1092,10,MW02,8,,Corentin Moutet,L,180,FRA,27.143,36,1283,6-3 6-4,3,R32,68,8,1,57,48,40,3,10,0,0,5,2,50,28,23,10,9,1,3
2026-440,'s-Hertogenbosch,Grass,28,250,O,20260610,8,M0OQ,,Q,James McCabe,R,188,AUS,22.932,233,248,BU13,8,,Zizou Bergs,R,185,BEL,27.02,40,1150,6-7(2) 6-2 7-6(4),3,R32,161,4,2,117,80,60,16,16,7,8,11,3,93,56,46,17,16,2,5
2026-440,'s-Hertogenbosch,Grass,28,250,O,20260610,9,B0T6,,WC,Thijs Boogaard,R,183,,17.93,779,37,WB32,,,Yibing Wu,R,183,CHN,26.656,101,626,6-3 2-6 6-4,3,R32,115,11,5,87,54,42,17,14,6,8,5,3,79,46,40,13,13,4,6
2026-440,'s-Hertogenbosch,Grass,28,250,O,20260610,10,MQ75,,,Kamil Majchrzak,R,183,POL,30.407,76,782,V0AM,,WC,Otto Virtanen,R,193,FIN,24.969,158,393,6-7(7) 6-4 7-6(4),3,R32,143,9,2,117,78,60,21,17,3,5,14,3,113,74,52,19,17,2,5
2026-440,'s-Hertogenbosch,Grass,28,250,O,20260610,11,F724,,,Marton Fucsovics,R,188,HUN,34.335,75,819,HB71,,,Hubert Hurkacz,R,196,POL,29.325,96,640,3-6 7-6(5) 7-6(4),3,R32,127,6,1,100,62,50,27,16,3,4,15,3,120,77,60,26,17,7,7
2026-440,'s-Hertogenbosch,Grass,28,250,O,20260610,12,GJ37,6,,Tallon Griekspoor,R,188,NED,29.938,41,1150,V812,,,Botic van de Zandschulp,R,191,NED,30.683,55,935,6-2 6-7(2) 6-4,3,R32,134,8,3,104,69,46,20,15,4,6,12,4,100,67,42,14,15,5,10
2026-321,Stuttgart,Grass,28,250,O,20260610,15,BK92,3,,Alexander Bublik,R,196,KAZ,28.98,11,2930,SL28,,,Jan-Lennard Struff,R,193,GER,36.126,77,779,7-6(3) 3-6 6-2,3,R16,103,22,2,76,48,45,15,14,2,3,17,5,99,54,44,22,15,5,7
2026-440,'s-Hertogenbosch,Grass,28,250,O,20260610,13,DH58,2,,Alex de Minaur,R,183,AUS,27.31,6,3905,D0DT,,Q,Martin Damm,L,203,USA,,114,548,7-6(8) 7-5,3,R16,111,7,1,74,41,30,22,12,1,3,6,4,89,61,40,13,12,11,14
2026-321,Stuttgart,Grass,28,250,O,20260611,16,L0BV,4,,Jiri Lehecka,R,185,CZE,24.589,12,2575,D994,,,James Duckworth,R,183,AUS,34.387,79,762,6-7(8) 6-4 7-6(3),3,R16,146,16,2,105,67,56,27,17,2,2,11,5,114,70,52,29,17,1,2
2026-321,Stuttgart,Grass,28,250,O,20260611,17,TD51,6,,Frances Tiafoe,R,188,USA,28.389,26,1705,H0BH,,,Rinky Hijikata,R,178,AUS,25.295,106,593,6-4 6-4,3,R16,79,4,0,60,38,25,15,10,1,3,5,4,59,35,22,13,10,3,7
2026-440,'s-Hertogenbosch,Grass,28,250,O,20260611,14,ME82,,,Adrian Mannarino,L,180,FRA,37.949,46,1031,RC91,4,,Arthur Rinderknech,R,196,FRA,30.886,24,1776,7-6(5) 3-6 6-3,3,R16,160,6,5,105,72,54,16,15,7,9,15,1,98,59,47,21,15,6,8
2026-440,'s-Hertogenbosch,Grass,28,250,O,20260611,15,BM95,,Q,Benjamin Bonzi,R,183,FRA,30.004,99,629,HH26,5,,Ugo Humbert,L,188,FRA,27.959,33,1370,6-4 3-6 6-3,3,R16,115,6,1,84,55,44,13,14,2,3,7,5,82,50,40,16,14,4,6
2026-440,'s-Hertogenbosch,Grass,28,250,O,20260611,16,Z371,,PR,Zhizhen Zhang,R,193,CHN,29.651,214,269,GJ37,6,,Tallon Griekspoor,R,188,NED,29.941,41,1150,7-6(5) 6-4,3,R16,91,11,0,68,48,37,15,11,2,2,2,3,73,51,38,12,11,2,3
2026-440,'s-Hertogenbosch,Grass,28,250,O,20260611,17,MQ75,,,Kamil Majchrzak,R,183,POL,30.409,76,782,M0OQ,,Q,James McCabe,R,188,AUS,22.935,233,248,6-0 6-3,3,R16,54,4,0,43,27,22,12,8,1,1,3,1,42,25,13,7,7,3,7
2026-321,Stuttgart,Grass,28,250,O,20260611,18,SY67,,Q,Sho Shimabukuro,R,180,JPN,28.865,104,604,KE17,,WC,Nick Kyrgios,R,193,AUS,31.124,1092,10,4-6 7-6(5) 6-4,3,R16,112,13,5,96,55,48,22,16,0,1,22,2,94,71,56,11,16,0,1
2026-440,'s-Hertogenbosch,Grass,28,250,O,20260611,18,AG37,1,,Felix Auger-Aliassime,R,193,CAN,25.84,4,4440,F724,,,Marton Fucsovics,R,188,HUN,34.338,75,819,6-3 6-4,3,R16,73,6,3,60,40,30,12,10,0,0,1,8,56,36,26,8,9,2,4
2026-321,Stuttgart,Grass,28,250,O,20260612,19,FB98,2,,Taylor Fritz,R,196,USA,28.621,9,3720,L0IL,,,Martin Landaluce,R,193,ESP,20.424,58,919,6-7(4) 7-5 7-6(3),3,R16,151,25,5,118,82,67,18,18,4,5,14,7,116,74,59,21,18,4,6
2026-321,Stuttgart,Grass,28,250,O,20260612,20,BK92,3,,Alexander Bublik,R,196,KAZ,28.986,11,2930,M0GZ,,,Giovanni Mpetshi Perricard,R,203,FRA,22.93,93,670,7-6(5) 7-6(3),3,QF,88,11,3,76,57,49,13,12,0,0,19,0,77,54,41,16,12,0,0
2026-321,Stuttgart,Grass,28,250,O,20260612,21,S0S1,1,,Ben Shelton,L,193,USA,23.674,5,3920,GC88,,,Marcos Giron,R,180,USA,32.884,88,705,6-7(4) 6-4 7-6(5),3,R16,158,14,2,112,77,55,25,17,5,6,11,2,104,65,51,22,17,1,3
2026-440,'s-Hertogenbosch,Grass,28,250,O,20260612,19,MQ75,,,Kamil Majchrzak,R,183,POL,30.412,76,782,AG37,1,,Felix Auger-Aliassime,R,193,CAN,25.843,4,4440,6-4 6-3,3,QF,69,2,0,47,32,26,14,10,0,0,6,2,51,32,25,9,9,1,3
2026-440,'s-Hertogenbosch,Grass,28,250,O,20260612,20,DH58,2,,Alex de Minaur,R,183,AUS,27.316,6,3905,BM95,,Q,Benjamin Bonzi,R,183,FRA,30.007,99,629,6-2 6-4,3,QF,68,4,2,52,34,25,12,9,1,1,2,2,54,33,23,8,9,4,7
2026-440,'s-Hertogenbosch,Grass,28,250,O,20260612,21,ME82,,,Adrian Mannarino,L,180,FRA,37.952,46,1031,Z371,,PR,Zhizhen Zhang,R,193,CHN,29.654,214,269,7-6(4) 6-3,3,QF,104,12,0,69,47,42,9,11,2,2,5,1,62,44,33,8,10,1,2
2026-440,'s-Hertogenbosch,Grass,28,250,O,20260612,22,MM58,3,,Daniil Medvedev,R,198,RUS,30.333,8,3760,B0T6,,WC,Thijs Boogaard,R,183,,17.936,779,37,6-3 4-6 7-6(6),3,R16,153,15,5,92,58,47,17,15,3,5,4,3,126,84,55,21,16,9,12
2026-440,'s-Hertogenbosch,Grass,28,250,O,20260612,23,C977,,,Marin Cilic,R,198,CRO,37.703,47,994,BT72,,,Nuno Borges,R,185,POR,29.309,50,970,3-6 7-6(5) 6-3,3,R16,138,17,7,108,65,50,20,16,5,8,13,2,83,54,42,13,14,0,2
2026-321,Stuttgart,Grass,28,250,O,20260612,22,FB98,2,,Taylor Fritz,R,196,USA,28.621,9,3720,B0GG,,,Mattia Bellucci,L,175,ITA,25.029,78,777,5-7 7-5 7-5,3,QF,146,11,1,101,72,60,15,18,2,3,9,5,115,73,54,22,18,7,9
2026-321,Stuttgart,Grass,28,250,O,20260612,23,L0BV,4,,Jiri Lehecka,R,185,CZE,24.591,12,2575,TD51,6,,Frances Tiafoe,R,188,USA,28.392,26,1705,6-4 7-6(4),3,QF,85,12,0,65,38,34,18,11,3,3,4,2,68,47,34,13,11,4,5
2026-321,Stuttgart,Grass,28,250,O,20260613,24,FB98,2,,Taylor Fritz,R,196,USA,28.624,9,3720,BK92,3,,Alexander Bublik,R,196,KAZ,28.988,11,2930,6-4 6-4,3,SF,68,13,4,62,40,31,12,10,2,3,6,5,56,40,28,5,10,0,3
2026-321,Stuttgart,Grass,28,250,O,20260613,25,S0S1,1,,Ben Shelton,L,193,USA,23.677,5,3920,SY67,,Q,Sho Shimabukuro,R,180,JPN,28.871,104,604,4-6 6-3 6-4,3,QF,103,10,4,78,56,47,13,15,1,2,10,3,79,51,42,12,14,3,5
2026-440,'s-Hertogenbosch,Grass,28,250,O,20260613,24,DH58,2,,Alex de Minaur,R,183,AUS,27.318,6,3905,ME82,,,Adrian Mannarino,L,180,FRA,37.955,46,1031,6-4 6-0,3,SF,80,5,4,51,29,21,10,8,2,4,0,1,59,42,16,8,8,5,11
2026-440,'s-Hertogenbosch,Grass,28,250,O,20260613,25,MM58,3,,Daniil Medvedev,R,198,RUS,30.335,8,3760,C977,,,Marin Cilic,R,198,CRO,37.706,47,994,6-2 3-6 6-1,3,QF,110,4,2,62,42,32,11,12,3,5,5,1,91,60,36,12,12,6,11
2026-321,Stuttgart,Grass,28,250,O,20260613,26,S0S1,1,,Ben Shelton,L,193,USA,23.677,5,3920,L0BV,4,,Jiri Lehecka,R,185,CZE,24.594,12,2575,6-7(4) 7-6(14) 7-6(6),3,SF,172,21,2,123,90,68,25,18,4,4,17,2,137,89,72,24,18,5,5
2026-440,'s-Hertogenbosch,Grass,28,250,O,20260613,26,MQ75,,,Kamil Majchrzak,R,183,POL,30.415,76,782,MM58,3,,Daniil Medvedev,R,198,RUS,30.335,8,3760,7-6(4) 6-1,3,SF,88,1,1,61,41,30,12,9,2,2,8,7,77,45,33,10,10,3,6
2026-321,Stuttgart,Grass,28,250,O,20260614,27,S0S1,1,,Ben Shelton,L,193,USA,23.68,5,3920,FB98,2,,Taylor Fritz,R,196,USA,28.627,9,3720,6-4 2-6 6-4,3,F,108,9,4,89,62,46,11,14,9,11,14,0,68,44,37,16,14,1,3
2026-440,'s-Hertogenbosch,Grass,28,250,O,20260614,27,MQ75,,,Kamil Majchrzak,R,183,POL,30.418,76,782,DH58,2,,Alex de Minaur,R,183,AUS,27.321,6,3905,6-3 2-6 7-6(5),3,F,145,4,1,106,73,47,14,15,2,6,3,4,100,56,33,29,14,6,9
2026-500,Halle,Grass,32,500,O,20260615,1,T0HA,,,Learner Tien,L,180,USA,20.534,19,2270,S0VU,,WC,Max Schoenhaus,R,180,GER,18.872,336,158,6-2 6-4,3,R32,65,6,2,50,32,25,13,9,2,2,7,5,66,38,25,12,9,7,10
2026-311,Queen's Club,Grass,32,500,O,20260615,1,PL56,8,,Tommy Paul,R,185,USA,29.079,28,1645,S0K7,,LL,Zachary Svajda,R,175,USA,23.543,69,835,7-5 6-3,3,R32,85,15,3,68,38,33,16,11,5,5,2,3,65,34,27,14,10,1,3
2026-311,Queen's Club,Grass,32,500,O,20260615,2,SU55,,,Denis Shapovalov,L,185,CAN,27.168,41,1130,P0HT,,WC,Jack Pinnington Jones,R,180,GBR,23.211,147,409,6-4 4-6 7-6(3),3,R32,138,8,4,85,55,43,18,16,3,6,3,6,115,79,57,13,16,5,8
2026-311,Queen's Club,Grass,32,500,O,20260615,3,V812,,,Botic van de Zandschulp,R,191,NED,30.697,56,935,W0AH,,Q,Harry Wendelken,R,178,GBR,24.49,224,258,6-4 7-6(5),3,R32,114,8,4,74,51,42,10,11,6,7,1,3,85,49,32,21,11,7,9
2026-500,Halle,Grass,32,500,O,20260615,2,TD51,,,Frances Tiafoe,R,188,USA,28.4,26,1730,C0E9,6,,Flavio Cobolli,R,183,ITA,24.11,10,3540,6-2 7-6(4),3,R32,84,9,0,58,42,34,11,10,0,0,9,1,68,40,30,12,10,3,5
2026-500,Halle,Grass,32,500,O,20260615,3,AG37,2,,Felix Auger-Aliassime,R,193,CAN,25.851,4,4390,BT72,,,Nuno Borges,R,185,POR,29.317,54,945,6-3 3-6 6-3,3,R32,113,9,2,77,52,44,13,14,1,2,5,0,78,59,41,11,13,1,3
2026-500,Halle,Grass,32,500,O,20260615,4,AE14,,WC,Daniel Altmaier,R,188,GER,27.756,81,740,BG23,,Q,Nikoloz Basilashvili,R,185,GEO,34.308,118,529,7-5 6-4,3,R32,85,13,0,59,42,35,9,11,1,2,7,5,68,39,28,12,11,7,10
2026-500,Halle,Grass,32,500,O,20260615,5,A0GC,,,Terence Atmane,L,193,FRA,24.43,53,948,L0IL,,Q,Martin Landaluce,R,193,ESP,20.433,55,936,6-3 3-6 7-6(2),3,R32,138,10,2,93,68,52,16,15,5,6,12,1,92,57,45,21,15,5,6
2026-311,Queen's Club,Grass,32,500,O,20260616,4,ME82,,,Adrian Mannarino,L,180,FRA,37.963,44,1099,M0NI,3,,Jakub Mensik,R,196,CZE,20.789,16,2300,5-7 7-6(3) 7-6(5),3,R32,161,5,3,112,68,49,27,18,6,10,19,4,105,70,53,19,18,2,5
2026-311,Queen's Club,Grass,32,500,O,20260616,5,B0ID,,,Ignacio Buse,R,183,PER,22.226,35,1316,GC88,,,Marcos Giron,R,180,USA,32.895,86,705,3-6 7-5 7-6(8),3,R32,154,2,1,108,60,42,32,16,6,8,7,2,112,73,54,22,17,5,7
2026-311,Queen's Club,Grass,32,500,O,20260616,6,F0DM,,WC,Arthur Fery,R,175,GBR,23.929,140,441,S0TM,,WC,Toby Samuel,R,191,GBR,23.775,144,414,6-0 6-2,3,R32,61,4,0,40,24,21,10,7,1,1,7,2,60,40,21,6,7,10,15
2026-311,Queen's Club,Grass,32,500,O,20260616,7,N0AE,,,Brandon Nakashima,R,188,USA,24.868,32,1385,F724,,,Marton Fucsovics,R,188,HUN,34.352,76,781,6-3 6-3,3,R32,71,6,2,50,38,34,3,9,0,0,4,4,52,32,23,7,9,3,6
2026-500,Halle,Grass,32,500,O,20260616,6,B0GG,,Q,Mattia Bellucci,L,175,ITA,25.04,74,814,BK92,7,,Alexander Bublik,R,196,KAZ,28.997,11,3020,7-6(6) 6-1,3,R32,74,9,3,62,43,32,11,10,1,2,6,1,55,38,23,9,9,0,3
2026-500,Halle,Grass,32,500,O,20260616,7,HB71,,PR,Hubert Hurkacz,R,196,POL,29.342,103,615,RE44,8,,Andrey Rublev,R,188,RUS,28.654,13,2460,6-3 6-2,3,R32,68,11,1,43,29,26,10,9,0,0,5,11,64,27,18,17,8,6,9
2026-500,Halle,Grass,32,500,O,20260616,8,C0JP,,Q,Raphael Collignon,R,191,BEL,24.422,51,966,P09Z,,,Alexei Popyrin,R,196,AUS,26.864,90,680,6-4 6-2,3,R32,65,6,4,53,33,29,9,9,1,1,5,3,43,25,16,12,9,2,5
2026-500,Halle,Grass,32,500,O,20260616,9,H997,,,Yannick Hanfmann,R,193,GER,34.59,59,915,F0FV,,,Joao Fonseca,R,188,BRA,19.819,25,1735,6-2 6-2,3,R32,65,4,2,44,32,28,5,8,0,0,2,0,57,35,16,14,8,5,9
2026-500,Halle,Grass,32,500,O,20260616,10,Q02L,,,Ethan Quinn,R,191,USA,22.261,66,854,KE29,,,Karen Khachanov,R,198,RUS,30.07,18,2280,1-6 6-4 6-4,3,R32,120,6,9,80,48,37,13,14,4,7,8,3,82,47,33,21,13,4,6
2026-500,Halle,Grass,32,500,O,20260616,11,SY67,,SE,Sho Shimabukuro,R,180,JPN,28.879,97,651,GJ37,,,Tallon Griekspoor,R,188,NED,29.955,40,1165,6-4 3-6 6-4,3,R32,128,5,4,76,39,30,23,14,4,6,19,6,115,70,49,19,15,8,11
2026-500,Halle,Grass,32,500,O,20260616,12,MM58,4,,Daniil Medvedev,R,198,RUS,30.344,7,3810,EA24,,,Tomas Martin Etcheverry,R,196,ARG,26.913,30,1510,6-3 6-4,3,R32,88,8,2,65,44,32,12,10,7,8,3,1,59,37,23,10,9,4,7
2026-500,Halle,Grass,32,500,O,20260616,13,Z355,1,,Alexander Zverev,R,198,GER,29.155,3,7190,KI82,,,Vit Kopriva,R,178,CZE,29.002,64,856,6-3 4-6 6-2,3,R32,129,16,1,76,54,44,13,14,1,2,12,4,103,65,44,16,13,11,14
2026-500,Halle,Grass,32,500,O,20260616,14,M0CI,,,Fabian Marozsan,R,193,HUN,26.689,61,895,KI95,,,Miomir Kecmanovic,R,183,SRB,26.793,50,980,6-3 3-6 6-4,3,R32,120,7,3,95,66,49,16,14,7,8,5,2,93,66,46,15,14,13,15
2026-311,Queen's Club,Grass,32,500,O,20260616,8,L0BV,2,,Jiri Lehecka,R,185,CZE,24.602,12,2640,MQ75,,,Kamil Majchrzak,R,183,POL,30.423,47,1032,7-5 7-6(4),3,R32,112,8,2,66,40,34,17,12,0,1,5,1,99,57,37,22,12,6,8
2026-311,Queen's Club,Grass,32,500,O,20260616,9,DH58,1,,Alex de Minaur,R,183,AUS,27.326,6,4060,D0F6,,,Gabriel Diallo,R,203,CAN,24.726,84,710,7-6(8) 6-3,3,R32,122,2,2,68,35,25,22,11,0,2,4,7,99,55,39,16,10,7,10
2026-311,Queen's Club,Grass,32,500,O,20260616,10,DH50,4,,Alejandro Davidovich Fokina,R,180,ESP,27.031,22,1860,N771,,,Cameron Norrie,L,188,GBR,30.815,29,1595,7-6(6) 6-2,3,R32,90,6,0,66,37,29,13,10,5,7,5,2,61,38,25,9,10,3,7
2026-311,Queen's Club,Grass,32,500,O,20260616,11,M0JF,,,Hamad Medjedovic,R,188,SRB,22.913,67,844,RC91,6,,Arthur Rinderknech,R,196,FRA,30.899,24,1776,7-6(5) 7-6(4),3,R32,103,3,4,81,54,43,16,12,0,0,16,2,73,44,37,17,12,0,0
2026-311,Queen's Club,Grass,32,500,O,20260616,12,C0AU,7,,Francisco Cerundolo,R,185,ARG,27.841,27,1660,K0AZ,,LL,Aleksandar Kovacevic,R,183,USA,27.797,68,837,6-4 6-7(5) 6-2,3,R32,119,10,4,84,47,39,24,15,1,2,10,3,95,56,46,16,15,5,9
2026-311,Queen's Club,Grass,32,500,O,20260616,13,B0CD,,,Jenson Brooksby,R,193,USA,25.637,73,817,D0DT,,Q,Martin Damm,L,203,USA,,108,586,6-4 3-6 6-3,3,R32,109,8,0,80,57,40,16,14,3,5,8,3,82,55,39,14,14,4,7
2026-311,Queen's Club,Grass,32,500,O,20260616,14,H0BH,,Q,Rinky Hijikata,R,178,AUS,25.309,104,605,TE30,,,Alejandro Tabilo,L,188,CHI,29.038,31,1428,6-2 6-4,3,R32,65,8,0,51,35,30,8,9,1,1,3,2,52,29,23,6,9,2,5
2026-311,Queen's Club,Grass,32,500,O,20260616,15,HH26,,,Ugo Humbert,L,188,FRA,27.973,33,1360,C977,,,Marin Cilic,R,198,CRO,37.714,46,1036,7-5 6-3,3,R32,81,18,3,60,38,34,13,11,3,3,7,1,52,33,25,10,10,2,4
2026-311,Queen's Club,Grass,32,500,O,20260616,16,MW02,,,Corentin Moutet,L,180,FRA,27.159,36,1283,M0GZ,,Q,Giovanni Mpetshi Perricard,R,203,FRA,22.94,87,695,6-7(5) 6-4 7-6(5),3,R32,170,3,1,108,75,56,25,17,3,3,14,2,106,65,57,21,17,5,6
2026-311,Queen's Club,Grass,32,500,O,20260617,17,DH58,1,,Alex de Minaur,R,183,AUS,27.329,6,4060,SU55,,,Denis Shapovalov,L,185,CAN,27.173,41,1130,6-4 6-1,3,R16,64,0,2,48,31,22,10,8,3,4,7,9,54,32,22,7,9,6,11
2026-311,Queen's Club,Grass,32,500,O,20260617,18,N0AE,,,Brandon Nakashima,R,188,USA,24.871,32,1385,B0ID,,,Ignacio Buse,R,183,PER,22.229,35,1316,6-2 6-2,3,R16,77,3,0,48,31,22,10,8,1,2,2,1,55,28,17,9,8,5,10
2026-500,Halle,Grass,32,500,O,20260617,15,TD51,,,Frances Tiafoe,R,188,USA,28.405,26,1730,SY67,,SE,Sho Shimabukuro,R,180,JPN,28.882,97,651,6-4 7-5,3,R16,88,4,1,62,35,29,15,11,2,3,4,5,76,42,32,13,11,7,10
2026-500,Halle,Grass,32,500,O,20260617,16,S0S1,3,,Ben Shelton,L,193,USA,23.688,5,4070,SU87,,,Lorenzo Sonego,R,191,ITA,31.102,65,855,7-5 6-3,3,R32,79,5,5,57,37,33,9,11,1,2,2,1,53,34,23,11,10,3,6
2026-500,Halle,Grass,32,500,O,20260617,17,FB98,5,,Taylor Fritz,R,196,USA,28.635,9,3635,BU13,,,Zizou Bergs,R,185,BEL,27.039,48,1010,7-6(4) 5-7 6-4,3,R32,133,16,3,96,58,46,24,17,4,6,15,7,110,62,47,27,17,3,5
2026-311,Queen's Club,Grass,32,500,O,20260617,19,C0AU,7,,Francisco Cerundolo,R,185,ARG,27.844,27,1660,B0CD,,,Jenson Brooksby,R,193,USA,25.64,73,817,6-0 6-4,3,R16,84,2,3,47,29,20,11,8,3,4,3,0,70,46,24,9,8,8,13
2026-311,Queen's Club,Grass,32,500,O,20260617,20,F0DM,,WC,Arthur Fery,R,175,GBR,23.932,140,441,ME82,,,Adrian Mannarino,L,180,FRA,37.966,44,1099,7-6(7) 6-4,3,R16,104,4,1,60,40,35,10,11,0,1,3,1,67,41,28,18,11,4,6
2026-500,Halle,Grass,32,500,O,20260617,18,AG37,2,,Felix Auger-Aliassime,R,193,CAN,25.856,4,4390,T0HA,,,Learner Tien,L,180,USA,20.539,19,2270,6-7(5) 7-5 7-6(5),3,R16,151,22,1,104,73,64,16,18,2,3,5,4,121,75,57,24,18,4,6
2026-500,Halle,Grass,32,500,O,20260617,19,AE14,,WC,Daniel Altmaier,R,188,GER,27.762,81,740,HB71,,PR,Hubert Hurkacz,R,196,POL,29.344,103,615,3-6 6-3 7-5,3,R16,121,6,4,97,66,52,14,15,6,7,16,5,78,54,45,12,15,5,7
2026-500,Halle,Grass,32,500,O,20260617,20,MM58,4,,Daniil Medvedev,R,198,RUS,30.346,7,3810,A0GC,,,Terence Atmane,L,193,FRA,24.435,53,948,6-4 6-4,3,R16,85,3,2,56,31,28,14,10,5,5,4,0,56,39,28,10,10,4,6
2026-500,Halle,Grass,32,500,O,20260618,21,S0S1,3,,Ben Shelton,L,193,USA,23.691,5,4070,Q02L,,,Ethan Quinn,R,191,USA,22.267,66,854,6-4 5-7 6-4,3,R16,137,16,3,87,63,49,13,16,4,6,8,8,99,64,45,19,16,11,14
2026-500,Halle,Grass,32,500,O,20260618,22,FB98,5,,Taylor Fritz,R,196,USA,28.638,9,3635,M0CI,,,Fabian Marozsan,R,193,HUN,26.694,61,895,6-2 6-4,3,R16,66,16,1,46,32,30,6,9,1,2,3,3,63,45,30,4,9,4,8
2026-311,Queen's Club,Grass,32,500,O,20260618,21,PL56,8,,Tommy Paul,R,185,USA,29.087,28,1645,V812,,,Botic Van De Zandschulp,R,191,NED,30.705,56,935,7-6(5) 6-3,3,R16,101,7,2,60,39,30,10,10,0,2,3,3,89,51,33,17,11,5,9
2026-311,Queen's Club,Grass,32,500,O,20260618,22,DH50,4,,Alejandro Davidovich Fokina,R,180,ESP,27.036,22,1860,MW02,,,Corentin Moutet,L,180,FRA,27.165,36,1283,6-4 6-3,3,R16,99,0,2,61,45,31,9,9,5,6,1,0,64,38,20,14,10,5,9
2026-500,Halle,Grass,32,500,O,20260618,23,Z355,1,,Alexander Zverev,R,198,GER,29.161,3,7190,H997,,,Yannick Hanfmann,R,193,GER,34.595,59,915,6-3 7-6(4),3,R16,81,9,1,59,44,41,9,11,0,0,10,1,56,39,35,8,10,1,2
2026-500,Halle,Grass,32,500,O,20260618,24,C0JP,,Q,Raphael Collignon,R,191,BEL,24.427,51,966,B0GG,,Q,Mattia Bellucci,L,175,ITA,25.046,74,814,4-6 6-4 6-3,3,R16,115,5,5,86,49,40,21,15,2,3,5,2,81,46,32,22,14,6,8
2026-311,Queen's Club,Grass,32,500,O,20260618,23,H0BH,,Q,Rinky Hijikata,R,178,AUS,25.314,104,605,L0BV,2,,Jiri Lehecka,R,185,CZE,24.608,12,2640,4-6 7-5 7-6(7),3,R16,167,9,1,115,73,50,21,17,5,8,10,1,102,63,49,16,17,3,6
2026-311,Queen's Club,Grass,32,500,O,20260619,24,N0AE,,,Brandon Nakashima,R,188,USA,24.876,32,1385,DH58,1,,Alex de Minaur,R,183,AUS,27.335,6,4060,7-5 6-3,3,QF,92,7,0,71,45,33,17,11,2,2,3,1,52,30,23,13,10,0,2
2026-311,Queen's Club,Grass,32,500,O,20260619,25,HH26,,,Ugo Humbert,L,188,FRA,27.981,33,1360,M0JF,,,Hamad Medjedovic,R,188,SRB,22.921,67,844,2-6 7-6(4) 7-6(5),3,R16,138,16,5,106,56,49,26,16,7,9,14,1,102,75,64,14,16,1,1
2026-500,Halle,Grass,32,500,O,20260619,25,Z355,1,,Alexander Zverev,R,198,GER,29.164,3,7190,C0JP,,Q,Raphael Collignon,R,191,BEL,24.43,51,966,7-6(10) 7-6(2),3,QF,119,14,0,80,61,50,15,12,1,1,14,5,91,66,53,12,12,2,2
2026-500,Halle,Grass,32,500,O,20260619,26,FB98,5,,Taylor Fritz,R,196,USA,28.641,9,3635,S0S1,3,,Ben Shelton,L,193,USA,23.693,5,4070,6-7(5) 7-6(8) 7-6(3),3,QF,165,24,1,120,93,74,17,18,4,4,15,5,123,81,62,26,18,0,0
2026-311,Queen's Club,Grass,32,500,O,20260619,26,C0AU,7,,Francisco Cerundolo,R,185,ARG,27.849,27,1660,F0DM,,,Arthur Fery,R,175,GBR,23.937,140,441,7-6(1) 3-6 6-4,3,QF,157,2,8,117,61,41,26,15,15,20,1,1,100,61,35,22,16,7,12
2026-500,Halle,Grass,32,500,O,20260619,27,AE14,,,Daniel Altmaier,R,188,GER,27.767,81,740,MM58,4,,Daniil Medvedev,R,198,RUS,30.352,7,3810,6-4 6-7(6) 6-4,3,QF,165,15,7,125,75,57,22,16,5,6,5,4,95,59,40,23,16,2,5
2026-311,Queen's Club,Grass,32,500,O,20260619,27,HH26,,,Ugo Humbert,L,188,FRA,27.981,33,1360,H0BH,,Q,Rinky Hijikata,R,178,AUS,25.317,104,605,6-1 6-2,3,QF,64,11,1,51,37,28,8,8,3,3,1,1,43,28,16,5,7,5,9
2026-311,Queen's Club,Grass,32,500,O,20260619,28,PL56,8,,Tommy Paul,R,185,USA,29.09,28,1645,DH50,4,,Alejandro Davidovich Fokina,R,180,ESP,27.039,22,1860,6-3 7-6(4),3,QF,87,8,2,70,41,34,16,11,2,2,2,0,56,39,30,10,10,0,1
2026-500,Halle,Grass,32,500,O,20260619,28,TD51,,,Frances Tiafoe,R,188,USA,28.411,26,1730,AG37,2,,Felix Auger-Aliassime,R,193,CAN,25.862,4,4390,3-6 6-3 7-6(12),3,QF,152,5,3,109,73,51,22,15,7,9,25,3,101,70,57,12,15,3,5
2026-311,Queen's Club,Grass,32,500,O,20260620,29,C0AU,7,,Francisco Cerundolo,R,185,ARG,27.852,27,1660,N0AE,,,Brandon Nakashima,R,188,USA,24.879,32,1385,6-7(5) 6-3 6-4,3,SF,161,9,8,115,56,40,26,16,1,5,3,3,99,63,44,13,15,4,10
2026-500,Halle,Grass,32,500,O,20260620,29,FB98,5,,Taylor Fritz,R,196,USA,28.643,9,3635,Z355,1,,Alexander Zverev,R,198,GER,29.166,3,7190,6-7(4) 6-4 7-5,3,SF,159,19,2,98,67,57,17,17,1,2,11,2,95,59,49,17,17,3,6
2026-311,Queen's Club,Grass,32,500,O,20260620,30,PL56,8,,Tommy Paul,R,185,USA,29.092,28,1645,HH26,,,Ugo Humbert,L,188,FRA,27.984,33,1360,6-3 6-3,3,SF,77,3,0,53,32,24,11,9,1,2,2,2,56,35,23,9,9,2,6
2026-500,Halle,Grass,32,500,O,20260620,30,TD51,,,Frances Tiafoe,R,188,USA,28.413,26,1730,AE14,,WC,Daniel Altmaier,R,188,GER,27.77,81,740,6-1 6-3,3,SF,73,3,1,52,34,25,12,8,1,1,5,3,53,31,20,9,8,0,4
2026-500,Halle,Grass,32,500,O,20260621,31,TD51,,,Frances Tiafoe,R,188,USA,28.416,26,1730,FB98,5,,Taylor Fritz,R,196,USA,28.646,9,3635,6-4 6-4,3,F,67,8,1,47,35,32,8,10,0,0,12,0,58,44,33,7,10,5,7
2026-311,Queen's Club,Grass,32,500,O,20260621,31,C0AU,7,,Francisco Cerundolo,R,185,ARG,27.855,27,1660,PL56,8,,Tommy Paul,R,185,USA,29.095,28,1645,6-7(4) 6-4 6-3,3,F,182,1,2,126,75,50,25,16,8,10,5,3,105,57,40,24,15,8,12
2026-8994,Mallorca,Grass,28,250,O,20260622,1,H997,,,Yannick Hanfmann,R,193,GER,34.606,59,915,V0DP,,,Adolfo Daniel Vallejo,R,183,PAR,22.149,73,828,7-6(2) 7-6(2),3,R32,116,4,5,75,46,34,17,12,1,3,6,2,84,56,43,10,12,5,7
2026-8994,Mallorca,Grass,28,250,O,20260622,2,SU87,,,Lorenzo Sonego,R,191,ITA,31.116,65,855,N0BS,7,,Mariano Navone,R,178,ARG,25.314,38,1165,7-6(2) 2-6 6-4,3,R32,173,6,1,109,65,51,20,15,9,11,3,4,89,63,48,15,15,1,2
2026-8994,Mallorca,Grass,28,250,O,20260622,3,BT72,,,Nuno Borges,R,185,POR,29.336,54,945,ME82,8,,Adrian Mannarino,L,180,FRA,37.979,44,1099,6-2 6-2,3,R32,95,4,0,47,41,27,5,8,4,5,1,1,64,36,16,15,8,6,11
2026-741,Eastbourne,Grass,28,250,O,20260622,1,C0C8,8,,Juan Manuel Cerundolo,L,183,ARG,24.6,45,1055,C0JP,,,Raphael Collignon,R,191,BEL,24.438,43,1069,6-4 4-6 7-6(5),3,R32,138,7,5,100,56,47,25,16,1,2,12,8,96,67,54,14,16,4,5
2026-741,Eastbourne,Grass,28,250,O,20260622,2,D0F6,,,Gabriel Diallo,R,203,CAN,24.742,91,685,A0GC,,,Terence Atmane,L,193,FRA,24.449,50,982,6-7(7) 6-4 7-5,3,R32,177,12,3,108,75,61,17,17,5,6,11,1,107,74,55,14,17,4,7
2026-741,Eastbourne,Grass,28,250,O,20260622,3,D0CO,,,Jack Draper,L,193,GBR,24.498,160,360,GC88,,LL,Marcos Giron,R,180,USA,32.912,86,705,6-4 7-6(5),3,R32,85,6,0,59,42,33,12,11,0,1,4,4,72,50,35,12,11,2,4
2026-741,Eastbourne,Grass,28,250,O,20260622,4,P0HT,,WC,Jack Pinnington Jones,R,180,GBR,23.231,145,409,TA29,,LL,Marco Trungelliti,R,178,ARG,36.389,94,670,5-7 6-3 7-5,3,R32,169,7,6,126,78,57,16,17,12,16,0,6,110,66,43,20,16,7,12
2026-8994,Mallorca,Grass,28,250,O,20260622,4,W09E,,Q,Adam Walton,R,183,AUS,27.181,92,676,KE17,,,Nick Kyrgios,R,193,AUS,31.154,900,25,6-3 6-4,3,R32,73,10,1,55,32,28,15,10,6,6,10,3,68,51,34,7,9,6,8
2026-8994,Mallorca,Grass,28,250,O,20260622,5,S0NV,,LL,Abdullah Shelbayh,L,180,JOR,22.598,299,180,MW02,6,,Corentin Moutet,L,180,FRA,27.176,36,1278,7-5 6-4,3,R32,114,1,3,62,38,25,14,11,0,2,6,3,74,39,28,14,11,8,12
2026-8994,Mallorca,Grass,28,250,O,20260622,6,KI95,,,Miomir Kecmanovic,R,183,SRB,26.809,51,980,G0IW,,LL,Antoine Ghibaudo,R,191,FRA,21.405,303,177,2-6 6-3 7-6(6),3,R32,139,6,3,91,58,44,18,15,1,3,8,8,105,58,45,22,14,6,7
2026-8994,Mallorca,Grass,28,250,O,20260622,7,M0CI,,,Fabian Marozsan,R,193,HUN,26.705,62,895,MV14,,Q,Alex Molcan,L,178,SVK,28.556,102,626,2-6 7-6(10) 7-6(5),3,R32,145,9,5,120,80,61,20,16,9,11,8,1,100,78,60,17,16,1,1
2026-8994,Mallorca,Grass,28,250,O,20260622,8,Q02L,,,Ethan Quinn,R,191,USA,22.278,63,894,R0EB,,,Valentin Royer,R,188,FRA,25.065,75,798,6-4 6-3,3,R32,79,2,3,50,34,28,8,9,0,1,4,2,56,27,23,9,10,5,9
2026-8994,Mallorca,Grass,28,250,O,20260622,9,SL28,,WC,Jan-Lennard Struff,R,193,GER,36.159,77,779,L0IL,,,Martin Landaluce,R,193,ESP,20.452,58,926,6-3 1-6 7-5,3,R32,115,10,4,88,53,44,14,14,4,6,18,5,82,52,41,14,14,3,5
2026-741,Eastbourne,Grass,28,250,O,20260622,5,CH12,,Q,Jan Choinski,R,196,GBR,30.031,106,601,P09Z,,,Alexei Popyrin,R,196,AUS,26.88,100,630,1-6 6-2 6-2,3,R32,98,9,1,72,46,35,10,11,8,10,13,4,69,39,29,11,12,4,8
2026-741,Eastbourne,Grass,28,250,O,20260622,6,BU13,,,Zizou Bergs,R,185,BEL,27.053,48,1010,MU94,7,,Jaume Munar,R,183,ESP,29.131,44,1065,6-2 6-4,3,R32,80,6,2,55,33,27,11,9,1,1,7,2,67,39,26,12,9,3,6
2026-741,Eastbourne,Grass,28,250,O,20260623,7,H0DC,,Q,Giles Hussey,L,185,GBR,29.076,293,183,A0FC,,Q,Matteo Arnaldi,R,185,ITA,25.331,35,1336,6-4 6-2,3,R32,87,1,3,48,32,24,11,9,0,1,4,5,72,32,21,17,9,8,12
2026-741,Eastbourne,Grass,28,250,O,20260623,8,B0CD,,,Jenson Brooksby,R,193,USA,25.656,67,867,V832,,Q,Aleksandar Vukic,R,188,AUS,30.212,103,614,7-5 6-1,3,R32,84,2,1,60,40,28,11,10,2,4,3,2,59,31,15,13,9,5,10
2026-741,Eastbourne,Grass,28,250,O,20260623,9,T0A1,,,Thiago Agustin Tirante,R,185,ARG,25.202,54,944,S0EX,,LL,Hamish Stewart,R,193,GBR,26.899,305,177,7-5 6-2,3,R32,75,10,5,58,30,28,14,10,3,3,5,1,55,35,24,11,10,0,3
2026-8994,Mallorca,Grass,28,250,O,20260623,10,BT72,,,Nuno Borges,R,185,POR,29.339,54,945,SL28,,,Jan-Lennard Struff,R,193,GER,36.162,77,779,6-4 7-5,3,R16,81,9,1,75,56,45,11,11,3,3,6,4,67,36,28,15,11,6,8
2026-8994,Mallorca,Grass,28,250,O,20260623,11,M0CI,,,Fabian Marozsan,R,193,HUN,26.708,62,895,TE30,4,,Alejandro Tabilo,L,188,CHI,29.057,33,1428,6-2 6-3,3,R16,79,5,0,54,37,24,12,8,8,9,2,4,66,39,23,11,9,1,6
2026-8994,Mallorca,Grass,28,250,O,20260623,12,D875,,WC,Grigor Dimitrov,R,191,BUL,35.105,164,357,PG94,,Q,Marc Polmans,R,188,AUS,29.142,366,140,6-1 7-6(3),3,R32,86,5,1,53,27,26,18,10,0,0,4,5,65,33,22,16,9,2,4
2026-8994,Mallorca,Grass,28,250,O,20260623,13,KI82,,,Vit Kopriva,R,178,CZE,29.021,68,856,D923,,Q,Damir Dzumhur,R,175,BIH,34.092,104,604,6-3 6-4,3,R32,80,5,2,59,36,31,12,10,4,4,3,0,53,36,23,10,9,1,3
2026-741,Eastbourne,Grass,28,250,O,20260623,10,AE14,,,Daniel Altmaier,R,188,GER,27.778,59,924,K0AZ,,,Aleksandar Kovacevic,R,183,USA,27.817,70,837,6-4 7-6(4),3,R32,99,16,0,64,47,38,11,11,0,0,11,2,73,42,32,18,11,3,4
2026-741,Eastbourne,Grass,28,250,O,20260623,11,F0DM,,WC,Arthur Fery,R,175,GBR,23.948,118,528,B0FV,,,Roman Andres Burruchaga,R,183,ARG,24.413,66,875,6-2 4-6 7-5,3,R32,137,6,4,85,49,34,24,15,4,6,2,5,100,73,49,11,15,3,7
2026-8994,Mallorca,Grass,28,250,O,20260623,14,KI95,,,Miomir Kecmanovic,R,183,SRB,26.812,51,980,SU87,,,Lorenzo Sonego,R,191,ITA,31.118,65,855,2-6 7-6(4) 6-4,3,R16,126,5,2,95,63,43,19,15,5,8,15,1,87,63,46,14,15,5,7
2026-8994,Mallorca,Grass,28,250,O,20260623,15,B0ID,5,,Ignacio Buse,R,183,PER,22.245,34,1360,TE51,,,Stefanos Tsitsipas,R,193,GRE,27.863,88,700,7-6(4) 6-3,3,R32,111,5,2,78,51,40,16,11,4,4,10,4,68,39,29,17,10,3,4
2026-741,Eastbourne,Grass,28,250,O,20260623,12,HH26,6,,Ugo Humbert,L,188,FRA,27.992,30,1510,B0GG,,,Mattia Bellucci,L,175,ITA,25.06,65,876,7-6(5) 6-7(1) 6-4,3,R32,161,8,1,113,62,42,33,17,3,4,11,2,103,65,48,23,17,0,2
2026-8994,Mallorca,Grass,28,250,O,20260623,16,D0FJ,1,,Luciano Darderi,R,183,ITA,24.353,16,2300,H997,,,Yannick Hanfmann,R,193,GER,34.609,59,915,7-5 6-3,3,R16,112,14,4,108,62,45,21,11,12,12,12,3,55,35,27,10,10,3,5
2026-741,Eastbourne,Grass,28,250,O,20260624,13,C0C8,8,,Juan Manuel Cerundolo,L,183,ARG,24.605,45,1055,F0DM,,,Arthur Fery,R,175,GBR,23.951,118,528,6-2 7-6(2),3,R16,89,6,4,71,41,31,17,10,2,3,1,2,58,40,28,8,10,4,7
2026-741,Eastbourne,Grass,28,250,O,20260624,14,HB64,,LL,Quentin Halys,R,191,FRA,29.659,101,626,H0DC,,Q,Giles Hussey,L,185,GBR,29.079,293,183,6-1 7-5,3,R16,82,5,2,52,22,20,20,10,2,3,2,0,64,47,25,7,9,3,7
2026-741,Eastbourne,Grass,28,250,O,20260624,15,S0TM,,LL,Toby Samuel,R,191,GBR,23.797,142,414,T0A1,,,Thiago Agustin Tirante,R,185,ARG,25.205,54,944,6-1 7-6(7),3,R16,82,7,0,53,32,28,13,10,0,1,4,5,72,46,30,9,9,4,7
2026-8994,Mallorca,Grass,28,250,O,20260624,17,KI82,,,Vit Kopriva,R,178,CZE,29.024,68,856,B0ID,5,,Ignacio Buse,R,183,PER,22.248,34,1360,7-5 6-1,3,R16,76,1,5,56,35,25,11,9,5,7,4,4,54,33,20,8,10,4,10
2026-8994,Mallorca,Grass,28,250,O,20260624,18,Q02L,,,Ethan Quinn,R,191,USA,22.283,63,894,C0HT,,LL,Murphy Cassone,R,188,USA,23.855,291,184,6-3 6-7(4) 6-3,3,R16,128,18,4,90,61,54,13,16,1,2,5,1,83,56,43,11,14,0,3
2026-741,Eastbourne,Grass,28,250,O,20260624,16,HH26,6,,Ugo Humbert,L,188,FRA,27.995,30,1510,B0CD,,,Jenson Brooksby,R,193,USA,25.659,67,867,6-3 6-2,3,R16,79,8,3,60,35,26,17,9,8,8,1,1,54,42,27,3,8,2,5
2026-741,Eastbourne,Grass,28,250,O,20260624,17,BU13,,,Zizou Bergs,R,185,BEL,27.058,48,1010,AE14,,,Daniel Altmaier,R,188,GER,27.781,59,924,6-3 3-2 RET,3,R16,60,3,2,37,24,21,8,7,0,0,3,0,36,24,16,7,7,0,2
2026-8994,Mallorca,Grass,28,250,O,20260624,19,DH50,2,,Alejandro Davidovich Fokina,R,180,ESP,27.053,25,1910,W09E,,Q,Adam Walton,R,183,AUS,27.187,92,676,6-4 7-5,3,R16,87,6,1,52,28,24,20,11,0,0,4,1,72,45,32,14,11,4,6
2026-741,Eastbourne,Grass,28,250,O,20260624,18,D0F6,,,Gabriel Diallo,R,203,CAN,24.747,91,685,EA24,4,,Tomas Martin Etcheverry,R,196,ARG,26.935,32,1460,6-7(11) 6-3 6-2,3,R16,158,14,1,87,65,56,13,15,1,1,10,1,105,82,51,15,14,9,12
2026-741,Eastbourne,Grass,28,250,O,20260624,19,CH12,,Q,Jan Choinski,R,196,GBR,30.037,106,601,G0EU,,LL,Felix Gill,L,175,GBR,24.063,220,260,6-4 6-7(4) 6-2,3,R16,135,13,1,86,57,46,20,15,1,1,12,1,100,62,43,20,15,3,6
2026-741,Eastbourne,Grass,28,250,O,20260624,20,D0CO,,,Jack Draper,L,193,GBR,24.504,160,360,P0HT,,WC,Jack Pinnington Jones,R,180,GBR,23.236,145,409,7-5 6-4,3,R16,90,6,1,63,48,38,8,11,2,3,6,2,64,41,28,12,11,1,4
2026-8994,Mallorca,Grass,28,250,O,20260624,20,D875,,,Grigor Dimitrov,R,191,BUL,35.107,164,357,S0NV,,,Abdullah Shelbayh,L,180,JOR,22.604,299,180,6-2 6-4,3,R16,95,6,2,59,30,20,20,9,7,8,1,6,70,40,26,10,9,9,13
2026-741,Eastbourne,Grass,28,250,O,20260625,21,S0TM,,LL,Toby Samuel,R,191,GBR,23.8,142,414,C0C8,8,,Juan Manuel Cerundolo,L,183,ARG,24.608,45,1055,6-3 6-4,3,QF,82,3,0,73,48,38,9,10,7,7,4,4,61,40,29,8,9,2,4
2026-741,Eastbourne,Grass,28,250,O,20260625,22,BU13,,,Zizou Bergs,R,185,BEL,27.061,48,1010,CH12,,Q,Jan Choinski,R,196,GBR,30.04,106,601,6-3 6-3,3,QF,76,11,3,50,35,28,8,9,0,1,2,5,68,43,25,10,9,8,12
2026-741,Eastbourne,Grass,28,250,O,20260625,23,D0CO,,,Jack Draper,L,193,GBR,24.507,160,360,D0F6,,,Gabriel Diallo,R,203,CAN,24.75,91,685,6-1 6-4,3,QF,69,2,2,44,31,26,8,9,0,1,10,0,57,44,26,3,8,5,9
2026-8994,Mallorca,Grass,28,250,O,20260625,21,M0CI,,,Fabian Marozsan,R,193,HUN,26.713,62,895,KI95,,,Miomir Kecmanovic,R,183,SRB,26.817,51,980,6-4 6-3,3,QF,77,9,1,56,32,29,12,10,3,4,3,1,60,38,26,10,9,7,10
2026-8994,Mallorca,Grass,28,250,O,20260625,22,BT72,,,Nuno Borges,R,185,POR,29.344,54,945,D0FJ,1,,Luciano Darderi,R,183,ITA,24.359,16,2300,7-6(1) 6-4,3,QF,95,10,0,65,47,38,13,11,4,4,4,2,78,49,35,14,11,5,6
2026-8994,Mallorca,Grass,28,250,O,20260625,23,Q02L,,,Ethan Quinn,R,191,USA,22.286,63,894,KI82,,,Vit Kopriva,R,178,CZE,29.027,68,856,5-7 7-5 6-3,3,QF,127,15,6,85,55,47,16,17,0,2,10,6,91,52,36,23,16,5,8
2026-741,Eastbourne,Grass,28,250,O,20260625,24,HH26,6,,Ugo Humbert,L,188,FRA,27.997,30,1510,HB64,,LL,Quentin Halys,R,191,FRA,29.662,101,626,6-3 6-4,3,QF,77,5,1,51,30,28,13,10,1,1,6,5,61,30,22,16,9,3,5
2026-8994,Mallorca,Grass,28,250,O,20260625,24,DH50,2,,Alejandro Davidovich Fokina,R,180,ESP,27.055,25,1910,D875,,,Grigor Dimitrov,R,191,BUL,35.11,164,357,6-3 6-3,3,QF,74,6,2,50,30,23,14,9,5,6,6,7,60,38,24,7,9,4,8
2026-8994,Mallorca,Grass,28,250,O,20260626,25,Q02L,,,Ethan Quinn,R,191,USA,22.289,63,894,BT72,,,Nuno Borges,R,185,POR,29.347,54,945,6-1 6-2,3,SF,56,4,3,42,27,22,10,8,0,0,2,1,40,22,15,4,7,2,6
2026-741,Eastbourne,Grass,28,250,O,20260626,25,BU13,,,Zizou Bergs,R,185,BEL,27.064,48,1010,S0TM,,,Toby Samuel,R,191,GBR,23.803,142,414,4-6 7-6(5) 6-2,3,SF,126,11,8,95,60,45,13,15,6,10,4,5,90,58,37,19,15,3,8
2026-741,Eastbourne,Grass,28,250,O,20260626,26,HH26,6,,Ugo Humbert,L,188,FRA,28,30,1510,D0CO,,,Jack Draper,L,193,GBR,24.509,160,360,7-5 6-3,3,SF,101,5,3,78,52,42,11,11,4,4,2,0,64,47,31,10,10,3,5
2026-8994,Mallorca,Grass,28,250,O,20260626,26,DH50,2,,Alejandro Davidovich Fokina,R,180,ESP,27.058,25,1910,M0CI,,,Fabian Marozsan,R,193,HUN,26.716,62,895,5-7 6-2 6-4,3,SF,120,7,2,80,57,43,18,15,6,7,4,1,92,65,47,13,15,4,7
2026-8994,Mallorca,Grass,28,250,O,20260627,27,DH50,2,,Alejandro Davidovich Fokina,R,180,ESP,27.061,25,1910,Q02L,,,Ethan Quinn,R,191,USA,22.292,63,894,7-6(4) 6-3,3,F,103,6,2,70,49,37,11,11,3,4,7,7,69,35,27,15,10,3,5
2026-741,Eastbourne,Grass,28,250,O,20260628,27,BU13,,,Zizou Bergs,R,185,BEL,27.069,48,1010,HH26,6,,Ugo Humbert,L,188,FRA,28.005,30,1510,3-6 6-1 6-4,3,F,124,0,5,84,57,37,18,13,3,5,4,2,85,53,33,15,13,6,10
2026-540,Wimbledon,Grass,128,G,O,20260629,1,F724,,,Marton Fucsovics,R,188,HUN,34.387,76,781,V0DZ,,,Luca Van Assche,R,178,FRA,22.133,80,735,6-3 4-0 RET,5,R128,58,1,1,38,23,16,7,6,0,1,2,2,42,27,11,6,7,0,5
2026-540,Wimbledon,Grass,128,G,O,20260629,2,J0DZ,23,,Rafael Jodar,R,191,ESP,19.781,26,1839,G0EU,,WC,Felix Gill,L,175,GBR,24.077,220,260,6-3 6-3 7-5,5,R128,118,7,2,72,42,35,22,15,1,2,8,2,104,72,44,14,15,6,11
2026-540,Wimbledon,Grass,128,G,O,20260629,3,B0CD,,,Jenson Brooksby,R,193,USA,25.673,81,720,V832,,,Aleksandar Vukic,R,188,AUS,30.229,104,614,7-6(7) 6-1 6-1,5,R128,116,7,0,67,48,42,16,13,0,0,4,3,91,55,34,18,13,5,10
2026-540,Wimbledon,Grass,128,G,O,20260629,4,CD85,,,Pablo Carreno Busta,R,188,ESP,34.965,71,834,SU55,,,Denis Shapovalov,L,185,CAN,27.206,41,1130,6-3 7-6(7) RET,5,R128,114,1,3,97,72,49,15,11,9,9,14,4,72,38,27,21,10,5,6
2026-540,Wimbledon,Grass,128,G,O,20260629,5,M0HU,,Q,Shintaro Mochizuki,R,175,JPN,23.075,151,397,B0JE,,Q,Max Basing,R,180,GBR,23.74,329,162,6-3 6-0 6-0,5,R128,104,3,0,66,36,26,17,10,5,6,0,3,85,58,27,7,11,12,21
2026-540,Wimbledon,Grass,128,G,O,20260629,6,T0HA,16,,Learner Tien,L,180,USA,20.572,17,2270,S0GD,,,Dalibor Svrcina,R,178,CZE,23.74,112,550,6-1 6-4 6-7(4) 6-3,5,R128,179,11,4,164,120,78,17,21,16,20,5,5,124,72,41,25,19,6,14
2026-540,Wimbledon,Grass,128,G,O,20260629,7,PL56,21,,Tommy Paul,R,185,USA,29.117,25,1925,MP20,,,Alexandre Muller,R,183,FRA,29.405,126,494,6-1 6-2 6-1,5,R128,72,12,1,58,40,34,12,11,0,0,1,3,81,67,31,5,11,9,16
2026-540,Wimbledon,Grass,128,G,O,20260629,8,B0ID,31,,Ignacio Buse,R,183,PER,22.261,34,1375,N0AM,,,Emilio Nava,R,185,USA,24.572,86,704,7-6(3) 3-6 7-5 6-0,5,R128,166,1,2,115,91,69,12,20,6,9,11,4,126,79,55,20,20,3,9
2026-540,Wimbledon,Grass,128,G,O,20260629,9,V812,,,Botic van de Zandschulp,R,191,NED,30.735,54,969,K0AZ,,,Aleksandar Kovacevic,R,183,USA,27.833,70,837,6-3 6-7(2) 6-4 6-0,5,R128,167,19,5,119,66,53,30,19,7,8,13,7,116,72,55,15,19,6,12
2026-540,Wimbledon,Grass,128,G,O,20260629,10,D0DT,,,Martin Damm,L,203,USA,,106,603,TA29,,,Marco Trungelliti,R,178,ARG,36.408,94,670,7-6(5) 6-7(5) 7-6(2) 7-6(5),5,R128,219,28,5,171,112,90,29,24,10,11,13,10,167,102,83,31,24,8,9
2026-540,Wimbledon,Grass,128,G,O,20260629,11,M0N7,,,Daniel Merida,R,188,ESP,21.755,84,706,U182,,,Camilo Ugo Carabelli,R,185,ARG,27.034,59,930,4-6 3-6 6-2 3-0 RET,5,R128,129,13,5,89,65,43,10,15,6,11,3,6,103,53,34,21,15,9,15
2026-540,Wimbledon,Grass,128,G,O,20260629,12,SX50,,Q,Roman Safiullin,R,185,RUS,28.893,132,458,RE44,12,,Andrey Rublev,R,188,RUS,28.69,13,2420,6-4 6-7(6) 3-6 6-3 7-6(12),5,R128,237,10,3,154,124,98,16,26,4,6,22,8,192,162,112,14,27,10,13
2026-540,Wimbledon,Grass,128,G,O,20260629,13,HB71,,,Hubert Hurkacz,R,196,POL,29.377,96,665,RH16,11,,Casper Ruud,R,183,NOR,27.518,12,2425,6-4 6-2 7-6(7),5,R128,121,15,3,92,56,46,19,16,1,2,10,6,101,68,50,11,15,12,16
2026-540,Wimbledon,Grass,128,G,O,20260629,14,BT72,,,Nuno Borges,R,185,POR,29.355,48,1020,B0EJ,,Q,Tristan Boyer,R,188,USA,25.188,191,302,6-3 7-5 7-5,5,R128,124,9,4,107,65,52,22,17,5,6,9,7,109,72,48,17,16,9,13
2026-540,Wimbledon,Grass,128,G,O,20260629,15,O513,,,Sebastian Ofner,R,191,AUT,30.13,110,557,M0JF,,,Hamad Medjedovic,R,188,SRB,22.949,68,844,1-6 6-2 4-6 6-3 6-4,5,R128,173,30,4,136,80,59,29,22,6,10,13,12,169,111,75,23,22,16,21
2026-540,Wimbledon,Grass,128,G,O,20260629,16,F0FV,24,,Joao Fonseca,R,188,BRA,19.855,27,1710,BD06,,,Roberto Bautista Agut,R,183,ESP,38.207,183,318,7-6(4) 6-4 6-3,5,R128,146,14,2,113,84,55,20,16,4,5,8,4,100,74,53,9,15,8,11
2026-540,Wimbledon,Grass,128,G,O,20260629,17,S0AG,1,,Jannik Sinner,R,191,ITA,24.868,1,13450,KI95,,,Miomir Kecmanovic,R,183,SRB,26.828,50,1020,4-6 6-3 6-7(6) 6-2 6-3,5,R128,209,31,5,138,91,81,25,25,3,4,1,5,148,101,72,25,23,5,9
2026-540,Wimbledon,Grass,128,G,O,20260629,18,Q02L,,,Ethan Quinn,R,191,USA,22.297,47,1021,D0FJ,14,,Luciano Darderi,R,183,ITA,24.37,16,2300,7-6(7) 7-5 6-2,5,R128,137,16,3,100,95,72,1,16,5,6,7,4,124,113,69,5,16,10,14
2026-540,Wimbledon,Grass,128,G,O,20260629,19,Z0BZ,,Q,Michael Zheng,R,188,USA,22.42,144,410,N771,26,,Cameron Norrie,L,188,GBR,30.85,29,1595,6-7(7) 6-2 6-7(2) 6-3 7-6(4),5,R128,240,21,4,180,115,89,35,27,5,6,6,10,188,134,90,28,26,9,13
2026-540,Wimbledon,Grass,128,G,O,20260629,20,TE51,,,Stefanos Tsitsipas,R,193,GRE,27.88,87,700,G09O,,Q,Hugo Gaston,L,173,FRA,25.755,118,533,6-1 6-4 6-2,5,R128,89,8,1,67,51,41,11,13,0,0,5,2,89,78,47,2,12,10,15
2026-540,Wimbledon,Grass,128,G,O,20260629,21,MM58,8,,Daniil Medvedev,R,198,RUS,30.379,9,3580,C977,,,Marin Cilic,R,198,CRO,37.749,62,911,6-1 6-2 6-4,5,R128,111,16,5,79,56,40,11,12,3,4,2,4,81,53,31,9,13,1,8
2026-540,Wimbledon,Grass,128,G,O,20260629,22,RC91,25,,Arthur Rinderknech,R,196,FRA,30.935,28,1683,T0GR,,Q,Oliver Tarvet,R,185,GBR,22.667,348,147,7-6(4) 7-6(4) 4-6 7-5,5,R128,245,32,4,147,95,79,30,23,8,9,16,4,140,80,65,35,23,5,6
2026-540,Wimbledon,Grass,128,G,O,20260629,23,KF17,,Q,Soonwoo Kwon,R,180,KOR,28.572,200,280,L0IL,,,Martin Landaluce,R,193,ESP,20.471,60,926,6-4 6-3 6-3,5,R128,141,9,5,92,37,30,33,15,6,7,7,8,102,64,38,19,13,10,15
2026-540,Wimbledon,Grass,128,G,O,20260629,24,M0CI,,,Fabian Marozsan,R,193,HUN,26.724,53,970,T0A1,,,Thiago Agustin Tirante,R,185,ARG,25.218,55,961,7-5 6-3 6-4,5,R128,131,6,2,103,81,60,13,16,5,5,9,4,110,61,43,23,15,5,8
2026-540,Wimbledon,Grass,128,G,O,20260629,25,P0HW,,,Dino Prizmic,R,188,CRO,20.898,89,691,W09E,,,Adam Walton,R,183,AUS,27.201,85,704,4-6 7-6(3) 6-4 6-2,5,R128,188,9,4,139,95,67,24,20,11,13,4,0,113,73,52,24,20,2,6
2026-540,Wimbledon,Grass,128,G,O,20260629,26,SL28,,,Jan-Lennard Struff,R,193,GER,36.178,74,804,B0BI,,,Sebastian Baez,R,170,ARG,25.5,57,935,6-1 7-6(4) 4-6 2-6 7-5,5,R128,177,20,8,158,100,80,26,25,7,11,4,2,143,110,79,15,24,5,9
2026-540,Wimbledon,Grass,128,G,O,20260629,27,AG37,3,,Felix Auger-Aliassime,R,193,CAN,25.889,29,1680,S0H2,,,Alexander Shevchenko,R,188,KAZ,25.58,99,658,6-3 6-1 6-4,5,R128,94,15,1,70,57,46,6,13,0,0,2,1,83,59,35,12,13,4,9
2026-540,Wimbledon,Grass,128,G,O,20260629,28,DH50,22,,Alejandro Davidovich Fokina,R,180,ESP,27.066,23,2060,C0C8,,,Juan Manuel Cerundolo,L,183,ARG,24.619,42,1108,6-4 6-4 7-6(2),5,R128,141,0,0,97,73,47,16,17,2,5,12,5,110,71,42,16,16,7,12
2026-540,Wimbledon,Grass,128,G,O,20260629,29,M0AW,,Q,Nicolas Mejia,R,183,COL,26.379,165,349,V0DP,,,Adolfo Daniel Vallejo,R,183,PAR,22.168,72,828,4-6 6-4 7-5 7-6(2),5,R128,240,13,3,143,100,69,16,22,10,17,3,10,155,90,51,35,22,9,17
2026-540,Wimbledon,Grass,128,G,O,20260629,30,D643,7,,Novak Djokovic,R,188,SRB,39.107,8,3760,WB32,,,Yibing Wu,R,183,CHN,26.71,102,634,6-4 5-7 6-4 6-4,5,R128,201,15,0,136,96,72,23,21,10,11,15,1,123,90,61,22,21,3,6
2026-540,Wimbledon,Grass,128,G,O,20260630,31,ME82,,,Adrian Mannarino,L,180,FRA,38.001,40,1139,D0DW,,,Titouan Droguet,R,191,FRA,25.04,116,534,6-2 6-4 6-1,5,R128,92,2,1,61,35,32,17,12,0,0,10,0,78,55,33,9,13,4,10
2026-540,Wimbledon,Grass,128,G,O,20260630,32,MQ75,,,Kamil Majchrzak,R,183,POL,30.461,45,1032,TE30,30,,Alejandro Tabilo,L,188,CHI,29.076,33,1428,6-3 7-5 7-5,5,R128,117,16,1,94,59,49,20,17,3,4,9,3,105,72,48,17,16,10,14
2026-540,Wimbledon,Grass,128,G,O,20260630,33,H997,,,Yannick Hanfmann,R,193,GER,34.628,56,949,M0GZ,,,Giovanni Mpetshi Perricard,R,203,FRA,22.979,83,710,6-7(6) 7-6(9) 6-2 6-3,5,R128,160,15,4,116,81,71,20,21,1,2,27,4,147,125,82,10,22,9,14
2026-540,Wimbledon,Grass,128,G,O,20260630,34,DH58,5,,Alex de Minaur,R,183,AUS,27.365,6,4110,B0FV,,,Roman Andres Burruchaga,R,183,ARG,24.433,65,875,7-6(5) 6-1 6-0,5,R128,113,1,3,85,57,43,16,13,5,6,5,5,85,58,32,10,12,2,8
2026-540,Wimbledon,Grass,128,G,O,20260630,35,F0F2,,Q,Jaime Faria,R,188,POR,22.899,98,660,SY67,,,Sho Shimabukuro,R,180,JPN,28.917,90,691,7-6(6) 6-3 6-7(2) 6-3,5,R128,169,17,9,137,87,73,28,22,5,6,16,5,140,76,58,38,20,9,12
2026-540,Wimbledon,Grass,128,G,O,20260630,36,R0EB,,,Valentin Royer,R,188,FRA,25.087,75,798,W0AH,,WC,Harry Wendelken,R,178,GBR,24.531,202,280,4-6 6-3 6-3 6-3,5,R128,172,9,5,120,82,59,20,19,6,8,6,4,114,71,48,20,18,5,10
2026-540,Wimbledon,Grass,128,G,O,20260630,37,S0K7,,,Zachary Svajda,R,175,USA,23.584,66,855,L0CX,,LL,Pablo Llamas Ruiz,R,188,ESP,23.713,119,525,6-1 6-2 6-4,5,R128,95,6,0,66,46,37,16,13,0,0,2,1,88,62,40,9,12,9,14
2026-540,Wimbledon,Grass,128,G,O,20260630,38,N0AE,28,,Brandon Nakashima,R,188,USA,24.906,31,1485,P0HT,,WC,Jack Pinnington Jones,R,180,GBR,23.253,138,434,6-3 7-6(5) 7-5,5,R128,156,7,3,108,74,61,11,17,8,11,8,7,110,74,47,18,16,3,8
2026-540,Wimbledon,Grass,128,G,O,20260630,39,D0C1,,,Jesper de Jong,R,180,NED,26.081,73,808,H0BH,,,Rinky Hijikata,R,178,AUS,25.347,82,717,7-6(4) 3-6 5-7 6-4 6-3,5,R128,260,19,11,177,112,79,32,26,10,14,9,5,175,111,81,32,26,10,14
2026-540,Wimbledon,Grass,128,G,O,20260630,40,FB98,6,,Taylor Fritz,R,196,USA,28.671,7,3765,L987,,LL,Dusan Lajovic,R,183,SRB,36,153,378,6-3 6-4 6-3,5,R128,102,14,0,73,48,40,18,14,1,1,3,3,87,60,41,14,14,6,10
2026-540,Wimbledon,Grass,128,G,O,20260630,41,MU94,,,Jaume Munar,R,183,ESP,29.153,44,1075,C0AU,18,,Francisco Cerundolo,R,185,ARG,27.88,21,2110,6-1 6-4 6-3,5,R128,105,12,5,78,55,50,9,13,7,7,2,4,81,58,36,9,13,7,12
2026-540,Wimbledon,Grass,128,G,O,20260630,42,HB64,,,Quentin Halys,R,191,FRA,29.676,95,666,A0FC,32,,Matteo Arnaldi,R,185,ITA,25.35,35,1349,3-6 6-1 7-6(5) 6-3,5,R128,163,14,5,124,86,68,14,20,5,8,12,4,116,80,56,14,18,7,12
2026-540,Wimbledon,Grass,128,G,O,20260630,43,D0F6,,,Gabriel Diallo,R,203,CAN,24.764,88,695,BM95,,,Benjamin Bonzi,R,183,FRA,30.056,93,673,1-6 4-6 7-6(5) 6-3 3-1 RET,5,R128,174,11,4,135,100,68,17,21,10,14,9,0,123,89,65,21,22,5,9
2026-540,Wimbledon,Grass,128,G,O,20260630,44,F0BY,,WC,Jacob Fearnley,R,183,GBR,24.958,159,362,M0QI,,,Alex Michelsen,R,193,USA,21.845,46,1025,3-6 4-6 6-2 6-3 6-2,5,R128,209,9,8,149,91,65,28,22,4,7,12,9,147,98,65,21,22,7,13
2026-540,Wimbledon,Grass,128,G,O,20260630,45,F0DM,,WC,Arthur Fery,R,175,GBR,23.967,114,547,D923,,,Damir Dzumhur,R,175,BIH,34.111,105,604,3-6 6-2 6-2 6-1,5,R128,160,6,2,103,62,41,24,16,6,9,0,5,120,80,36,22,16,6,14
2026-540,Wimbledon,Grass,128,G,O,20260630,46,V0AM,,Q,Otto Virtanen,R,193,FIN,25.024,140,432,S0S1,4,,Ben Shelton,L,193,USA,23.723,5,4160,6-4 3-6 6-7(8) 6-2 7-6(9),5,R128,261,14,6,174,109,85,34,25,11,12,19,7,186,135,100,26,26,5,8
2026-540,Wimbledon,Grass,128,G,O,20260630,47,BK92,10,,Alexander Bublik,R,196,KAZ,29.035,11,2620,KD46,,,Thanasi Kokkinakis,R,193,AUS,30.22,491,90,4-6 6-3 6-7(10) 6-3 6-4,5,R128,220,28,4,154,104,87,25,26,5,6,27,6,161,111,80,23,24,6,9
2026-540,Wimbledon,Grass,128,G,O,20260630,48,KE29,19,,Karen Khachanov,R,198,RUS,30.108,22,2080,HD68,,Q,Billy Harris,R,193,GBR,31.428,155,375,6-3 5-7 6-3 6-3,5,R128,178,12,4,127,87,60,22,20,7,10,8,2,112,75,47,18,19,4,10
2026-540,Wimbledon,Grass,128,G,O,20260630,49,BU13,,,Zizou Bergs,R,185,BEL,27.075,37,1250,HH26,27,,Ugo Humbert,L,188,FRA,28.011,30,1575,6-2 7-5 4-6 3-6 6-3,5,R128,218,13,6,171,115,83,21,24,10,15,7,8,149,110,69,17,24,6,13
2026-540,Wimbledon,Grass,128,G,O,20260630,50,J0AZ,,Q,Kyrian Jacquet,R,175,FRA,25.136,139,433,G0FW,,Q,Vilius Gaubas,R,178,LTU,21.5,129,474,6-3 6-4 7-6(2),5,R128,141,8,7,92,44,32,30,16,2,5,6,3,108,66,40,18,15,6,11
2026-540,Wimbledon,Grass,128,G,O,20260630,51,K0A3,,,Patrick Kypson,R,188,USA,26.672,113,548,MK66,,Q,Mackenzie McDonald,R,178,USA,31.206,145,409,3-6 6-1 6-4 6-4,5,R128,141,16,4,101,70,53,16,18,1,3,8,7,129,89,60,16,18,11,16
2026-540,Wimbledon,Grass,128,G,O,20260630,52,Z355,2,,Alexander Zverev,R,198,GER,29.194,3,7190,B0PG,,,Alexander Blockx,R,193,BEL,21.227,36,1275,6-4 6-7(8) 7-6(5) 7-6(0),5,R128,181,21,7,139,115,90,13,23,3,4,16,8,142,107,81,17,23,3,5
2026-540,Wimbledon,Grass,128,G,O,20260630,53,M0NI,15,,Jakub Mensik,R,196,CZE,20.827,18,2255,S0TM,,WC,Toby Samuel,R,191,GBR,23.814,123,515,5-7 6-3 6-3 3-6 7-6(7),5,R128,213,13,5,151,101,74,24,25,5,9,5,5,166,109,72,33,26,9,14
2026-540,Wimbledon,Grass,128,G,O,20260630,54,F0F1,20,,Arthur Fils,R,185,FRA,22.048,24,1940,C0JP,,,Raphael Collignon,R,191,BEL,24.46,43,1091,7-5 6-1 6-3,5,R128,96,8,2,78,54,44,14,14,5,6,8,4,86,56,35,11,14,7,13
2026-540,Wimbledon,Grass,128,G,O,20260630,55,SU87,,,Lorenzo Sonego,R,191,ITA,31.138,69,843,EA24,29,,Tomas Martin Etcheverry,R,196,ARG,26.951,32,1460,6-4 6-4 6-7(2) 7-6(4),5,R128,217,14,1,131,101,80,17,22,2,3,13,2,134,95,71,24,22,2,5
2026-540,Wimbledon,Grass,128,G,O,20260630,56,D994,,,James Duckworth,R,183,AUS,34.439,79,748,GJ37,,,Tallon Griekspoor,R,188,NED,29.993,58,935,6-4 4-6 7-5 6-4,5,R128,152,16,2,114,65,54,30,21,5,7,19,2,110,82,62,15,21,3,7
2026-540,Wimbledon,Grass,128,G,O,20260630,57,GC88,,,Marcos Giron,R,180,USA,32.934,92,680,MW02,,,Corentin Moutet,L,180,FRA,27.198,39,1163,4-6 6-4 7-5 6-4,5,R128,200,2,2,129,87,59,21,21,3,7,4,5,126,91,59,15,21,6,12
2026-540,Wimbledon,Grass,128,G,O,20260630,58,L0BV,13,,Jiri Lehecka,R,185,CZE,24.641,14,2360,P09Z,,,Alexei Popyrin,R,196,AUS,26.902,103,630,6-4 6-2 6-4,5,R128,102,7,1,80,50,36,22,14,3,3,5,4,84,57,42,11,14,7,11
2026-540,Wimbledon,Grass,128,G,O,20260630,59,CH12,,,Jan Choinski,R,196,GBR,30.053,100,657,KI82,,,Vit Kopriva,R,178,CZE,29.04,64,893,6-3 7-5 6-2,5,R128,100,18,1,84,59,53,9,15,4,4,8,4,87,45,34,20,14,3,7
2026-540,Wimbledon,Grass,128,G,O,20260630,60,D875,,WC,Grigor Dimitrov,R,191,BUL,35.124,146,407,S0IA,,Q,Dane Sweeny,R,170,AUS,25.377,127,493,7-6(4) 6-3 7-5,5,R128,142,23,6,91,59,50,14,17,2,4,4,5,111,79,51,18,17,6,11
2026-540,Wimbledon,Grass,128,G,O,20260630,61,BK40,,,Matteo Berrettini,R,196,ITA,30.215,51,985,W367,,WC,Stan Wawrinka,R,183,SUI,41.257,109,563,6-7(7) 7-6(16) 7-6(7) 7-6(5),5,R128,268,29,4,166,115,99,29,24,1,2,18,7,180,108,88,43,24,5,6
2026-540,Wimbledon,Grass,128,G,O,20260701,62,B0CD,,,Jenson Brooksby,R,193,USA,25.678,81,720,B0ID,31,,Ignacio Buse,R,183,PER,22.267,34,1375,6-2 6-2 6-3,5,R64,96,5,0,69,46,37,12,12,3,4,2,1,71,48,27,10,13,4,11
2026-540,Wimbledon,Grass,128,G,O,20260701,63,HB71,,,Hubert Hurkacz,R,196,POL,29.383,96,665,O513,,,Sebastian Ofner,R,191,AUT,30.136,110,557,7-6(8) 6-4 6-4,5,R64,117,16,4,103,81,65,10,17,6,7,11,2,103,66,50,20,16,2,5
2026-540,Wimbledon,Grass,128,G,O,20260701,64,PL56,21,,Tommy Paul,R,185,USA,29.123,25,1925,KF17,,Q,Soonwoo Kwon,R,180,KOR,28.578,200,280,6-3 7-6(4) 6-2,5,R64,131,19,1,93,60,47,20,16,0,1,6,5,93,56,40,16,14,4,8
2026-540,Wimbledon,Grass,128,G,O,20260701,65,MV14,,,Alex Molcan,L,178,SVK,28.58,101,639,AE14,,,Daniel Altmaier,R,188,GER,27.8,61,924,6-4 3-6 7-5 6-2,5,R128,204,9,5,137,101,70,18,19,15,17,19,10,136,95,65,18,20,8,13
2026-540,Wimbledon,Grass,128,G,O,20260701,66,F724,,,Marton Fucsovics,R,188,HUN,34.393,76,781,T0HA,16,,Learner Tien,L,180,USA,20.578,17,2270,6-7(6) 6-4 7-6(4) 6-3,5,R64,222,7,8,170,121,79,20,22,14,18,6,10,149,102,60,19,21,9,15
2026-540,Wimbledon,Grass,128,G,O,20260701,67,DH50,22,,Alejandro Davidovich Fokina,R,180,ESP,27.072,23,2060,M0CI,,,Fabian Marozsan,R,193,HUN,26.73,53,970,6-3 6-0 6-3,5,R64,80,9,1,65,41,34,16,12,1,1,6,4,71,45,23,12,12,3,9
2026-540,Wimbledon,Grass,128,G,O,20260701,68,C0E9,9,,Flavio Cobolli,R,183,ITA,24.153,10,3460,N0BS,,,Mariano Navone,R,178,ARG,25.339,38,1165,1-6 7-6(5) 6-3 7-6(8),5,R128,207,12,1,138,109,66,8,19,8,15,4,1,149,126,77,5,21,5,12
2026-540,Wimbledon,Grass,128,G,O,20260701,69,S0AG,1,,Jannik Sinner,R,191,ITA,24.873,1,13450,BT72,,,Nuno Borges,R,185,POR,29.361,48,1020,7-6(4) 7-6(2) 6-4,5,R64,151,22,4,101,67,55,19,17,2,4,6,1,119,92,64,12,17,5,8
2026-540,Wimbledon,Grass,128,G,O,20260701,70,MM58,8,,Daniil Medvedev,R,198,RUS,30.385,9,3580,M0N7,,,Daniel Merida,R,188,ESP,21.76,84,706,3-6 6-3 7-5 6-2,5,R64,134,13,3,114,101,72,4,19,4,6,2,1,118,103,65,5,19,1,6
2026-540,Wimbledon,Grass,128,G,O,20260701,71,F0FV,24,,Joao Fonseca,R,188,BRA,19.86,27,1710,D0C1,,,Jesper de Jong,R,180,NED,26.084,73,808,6-1 7-5 6-4,5,R64,141,12,3,94,66,50,14,15,5,6,8,4,100,61,40,16,14,5,10
2026-540,Wimbledon,Grass,128,G,O,20260701,72,RC91,25,,Arthur Rinderknech,R,196,FRA,30.94,28,1683,D0DT,,,Martin Damm,L,203,USA,,106,603,6-4 7-6(1) 6-3,5,R64,122,20,3,91,66,54,18,17,4,4,10,4,99,68,49,16,15,5,7
2026-540,Wimbledon,Grass,128,G,O,20260701,73,Z0BZ,,Q,Michael Zheng,R,188,USA,22.426,144,410,M0AW,,Q,Nicolas Mejia,R,183,COL,26.385,165,349,6-7(4) 7-6(8) 6-1 6-4,5,R64,227,20,3,151,100,78,26,21,12,12,5,2,133,85,55,29,22,4,8
2026-540,Wimbledon,Grass,128,G,O,20260701,74,TD51,17,,Frances Tiafoe,R,188,USA,28.444,19,2180,A0GC,,,Terence Atmane,L,193,FRA,24.474,52,982,7-6(6) 6-1 4-6 6-4,5,R128,148,11,6,120,84,66,20,21,7,10,9,5,112,76,57,15,19,4,9
2026-540,Wimbledon,Grass,128,G,O,20260701,75,M0HU,,Q,Shintaro Mochizuki,R,175,JPN,23.08,151,397,Q02L,,,Ethan Quinn,R,191,USA,22.303,47,1021,6-2 7-6(6) 7-5,5,R64,156,6,3,115,67,55,23,17,10,12,12,7,113,79,50,14,16,6,11
2026-540,Wimbledon,Grass,128,G,O,20260701,76,SX50,,Q,Roman Safiullin,R,185,RUS,28.898,132,458,V812,,,Botic van de Zandschulp,R,191,NED,30.741,54,969,6-0 4-6 6-3 3-6 7-6(5),5,R64,230,8,5,158,126,85,17,24,8,12,12,8,160,115,76,19,23,9,15
2026-540,Wimbledon,Grass,128,G,O,20260701,77,D643,7,,Novak Djokovic,R,188,SRB,39.11,8,3760,TE51,,,Stefanos Tsitsipas,R,193,GRE,27.885,87,700,6-3 6-4 6-2,5,R64,98,12,2,70,54,50,8,14,5,5,16,1,71,47,38,5,13,1,5
2026-540,Wimbledon,Grass,128,G,O,20260701,78,AG37,3,,Felix Auger-Aliassime,R,193,CAN,25.895,29,1680,P0HW,,,Dino Prizmic,R,188,CRO,20.903,89,691,7-6(2) 6-3 7-5,5,R64,167,15,7,103,71,61,14,14,2,2,3,2,94,56,43,22,18,2,4
2026-540,Wimbledon,Grass,128,G,O,20260702,79,DH58,5,,Alex de Minaur,R,183,AUS,27.371,6,4110,ME82,,,Adrian Mannarino,L,180,FRA,38.006,40,1139,6-3 6-2 6-2,5,R64,78,7,7,99,59,47,14,13,9,11,0,4,64,38,19,11,12,7,14
2026-540,Wimbledon,Grass,128,G,O,20260702,80,FB98,6,,Taylor Fritz,R,196,USA,28.676,7,3765,K0A3,,,Patrick Kypson,R,188,USA,26.678,113,548,6-2 6-2 7-5,5,R64,97,19,3,73,54,44,10,14,0,1,3,6,115,65,38,23,14,13,19
2026-540,Wimbledon,Grass,128,G,O,20260702,81,BU13,,,Zizou Bergs,R,185,BEL,27.08,37,1250,F0F2,,Q,Jaime Faria,R,188,POR,22.905,98,660,7-6(6) 4-6 6-2 6-3,5,R64,172,15,6,122,72,57,20,21,8,12,7,9,130,77,48,28,19,9,15
2026-540,Wimbledon,Grass,128,G,O,20260702,82,F0DM,,WC,Arthur Fery,R,175,GBR,23.973,114,547,V0AM,,Q,Otto Virtanen,R,193,FIN,25.029,140,432,5-7 7-6(3) 6-3 6-3,5,R64,187,6,3,123,75,61,28,22,0,1,16,6,133,75,57,30,21,6,9
2026-540,Wimbledon,Grass,128,G,O,20260702,83,SU87,,,Lorenzo Sonego,R,191,ITA,31.143,69,843,D0F6,,,Gabriel Diallo,R,203,CAN,24.769,88,695,7-6(4) 4-6 7-6(4) 6-7(6) 6-2,5,R64,272,14,3,163,126,95,25,29,2,5,11,6,182,128,92,31,28,5,9
2026-540,Wimbledon,Grass,128,G,O,20260702,84,J0DZ,23,,Rafael Jodar,R,191,ESP,19.789,26,1839,CD85,,,Pablo Carreno Busta,R,188,ESP,34.973,71,834,3-6 6-3 1-6 6-3 6-4,5,R64,227,6,7,164,129,82,11,22,13,18,9,3,151,116,78,16,22,12,17
2026-540,Wimbledon,Grass,128,G,O,20260702,85,SL28,,,Jan-Lennard Struff,R,193,GER,36.186,74,804,N0AE,28,,Brandon Nakashima,R,188,USA,24.912,31,1485,4-6 7-6(6) 7-6(5) 6-7(6) 7-6(7),5,R64,260,45,10,210,152,121,25,32,10,12,41,2,195,151,115,27,30,5,6
2026-540,Wimbledon,Grass,128,G,O,20260702,86,Z355,2,,Alexander Zverev,R,198,GER,29.199,3,7190,R0EB,,,Valentin Royer,R,188,FRA,25.092,75,798,6-1 6-3 7-6(3),5,R64,124,14,2,77,59,48,10,15,0,1,3,2,96,71,41,13,14,3,8
2026-540,Wimbledon,Grass,128,G,O,20260702,87,C0E9,9,,Flavio Cobolli,R,183,ITA,24.156,10,3460,D994,,,James Duckworth,R,183,AUS,34.445,79,748,7-6(4) 3-6 7-6(3) 6-1,5,R64,177,16,4,139,73,58,38,21,5,7,8,5,122,57,46,38,19,4,6
2026-540,Wimbledon,Grass,128,G,O,20260702,88,KE29,19,,Karen Khachanov,R,198,RUS,30.114,22,2080,H997,,,Yannick Hanfmann,R,193,GER,34.634,56,949,6-3 6-4 6-4,5,R64,130,8,0,76,62,50,11,15,2,2,8,1,94,59,41,16,14,8,11
2026-540,Wimbledon,Grass,128,G,O,20260702,89,BK40,,,Matteo Berrettini,R,196,ITA,30.22,51,985,F0F1,20,,Arthur Fils,R,185,FRA,22.053,24,1940,6-4 7-5 3-6 6-3,5,R64,171,16,6,126,88,67,19,20,5,6,11,2,118,88,65,14,20,3,6
2026-540,Wimbledon,Grass,128,G,O,20260702,90,GC88,,,Marcos Giron,R,180,USA,32.939,92,680,HB64,,,Quentin Halys,R,191,FRA,29.681,95,666,7-6(5) 6-3 6-4,5,R64,130,8,4,110,90,62,7,16,6,8,9,4,96,77,43,11,15,4,8
2026-540,Wimbledon,Grass,128,G,O,20260702,91,MU94,,,Jaume Munar,R,183,ESP,29.158,44,1075,F0BY,,WC,Jacob Fearnley,R,183,GBR,24.964,159,362,6-4 7-6(3) 6-4,5,R64,171,15,2,107,69,56,16,16,8,10,3,8,117,74,49,20,16,5,9
2026-540,Wimbledon,Grass,128,G,O,20260702,92,S0K7,,,Zachary Svajda,R,175,USA,23.589,66,855,MQ75,,,Kamil Majchrzak,R,183,POL,30.467,45,1032,2-6 6-2 6-7(5) 6-4 6-3,5,R64,167,11,7,147,99,69,27,23,9,12,14,3,128,106,71,16,24,4,10
2026-540,Wimbledon,Grass,128,G,O,20260702,93,L0BV,13,,Jiri Lehecka,R,185,CZE,24.647,14,2360,MV14,,,Alex Molcan,L,178,SVK,28.583,101,639,6-3 6-2 6-4,5,R64,128,24,2,100,59,47,14,13,7,9,3,3,88,49,28,17,13,2,8
2026-540,Wimbledon,Grass,128,G,O,20260702,94,BK92,10,,Alexander Bublik,R,196,KAZ,29.041,11,2620,J0AZ,,Q,Kyrian Jacquet,R,175,FRA,25.142,139,433,6-3 6-4 7-6(5),5,R64,109,15,2,95,61,51,18,16,7,9,8,3,95,45,37,23,15,4,8
2026-540,Wimbledon,Grass,128,G,O,20260702,95,TD51,17,,Frances Tiafoe,R,188,USA,28.447,19,2180,CH12,,,Jan Choinski,R,196,GBR,30.056,100,657,4-6 6-2 7-5 6-2,5,R64,181,9,5,139,84,64,28,19,11,12,11,2,119,75,51,20,19,6,11
2026-540,Wimbledon,Grass,128,G,O,20260702,96,D875,,WC,Grigor Dimitrov,R,191,BUL,35.129,146,407,M0NI,15,,Jakub Mensik,R,196,CZE,20.833,18,2255,7-6(5) 4-6 7-5 6-3,5,R64,206,8,6,131,93,68,20,19,12,14,27,4,128,103,73,14,19,5,6
2026-540,Wimbledon,Grass,128,G,O,20260703,97,SX50,,Q,Roman Safiullin,R,185,RUS,28.903,132,458,F0FV,24,,Joao Fonseca,R,188,BRA,19.866,27,1710,6-3 6-3 6-3,5,R32,112,1,0,83,58,45,13,13,5,5,4,1,97,74,45,9,12,11,15
2026-540,Wimbledon,Grass,128,G,O,20260703,98,M0HU,,Q,Shintaro Mochizuki,R,175,JPN,23.085,151,397,J0DZ,23,,Rafael Jodar,R,191,ESP,19.792,26,1839,1-6 7-6(5) 6-4 6-4,5,R32,179,1,3,114,54,37,27,17,6,13,12,4,133,80,47,26,19,12,19
2026-540,Wimbledon,Grass,128,G,O,20260703,99,D643,7,,Novak Djokovic,R,188,SRB,39.115,8,3760,RC91,25,,Arthur Rinderknech,R,196,FRA,30.946,28,1683,7-5 6-4 1-6 7-6(4),5,R32,186,12,3,109,78,53,23,20,2,5,20,4,108,68,56,26,21,6,9
2026-540,Wimbledon,Grass,128,G,O,20260703,100,S0AG,1,,Jannik Sinner,R,191,ITA,24.879,1,13450,B0CD,,,Jenson Brooksby,R,193,USA,25.684,81,720,6-4 6-3 6-4,5,R32,131,13,2,80,54,45,11,14,3,5,3,4,91,61,38,12,15,7,13
2026-540,Wimbledon,Grass,128,G,O,20260703,101,SL28,,,Jan-Lennard Struff,R,193,GER,36.189,74,804,MM58,8,,Daniil Medvedev,R,198,RUS,30.39,9,3580,7-6(4) 7-6(5) 7-5,5,R32,174,11,2,135,82,60,21,18,8,12,10,9,116,74,48,23,18,4,9
2026-540,Wimbledon,Grass,128,G,O,20260703,102,HB71,,,Hubert Hurkacz,R,196,POL,29.388,96,665,PL56,21,,Tommy Paul,R,185,USA,29.128,25,1925,4-6 7-6(5) 7-5 6-2,5,R32,190,20,1,134,79,64,29,21,4,5,6,6,138,80,57,34,21,4,7
2026-540,Wimbledon,Grass,128,G,O,20260703,103,DH50,22,,Alejandro Davidovich Fokina,R,180,ESP,27.077,23,2060,F724,,,Marton Fucsovics,R,188,HUN,34.398,76,781,7-6(3) 6-2 6-3,5,R32,142,7,1,87,65,52,16,15,4,4,7,8,121,64,43,29,14,12,15
2026-540,Wimbledon,Grass,128,G,O,20260703,104,AG37,3,,Felix Auger-Aliassime,R,193,CAN,25.9,29,1680,Z0BZ,,Q,Michael Zheng,R,188,USA,22.431,144,410,7-6(1) 6-2 6-1,5,R32,137,10,3,75,46,42,17,13,2,2,4,1,85,54,31,18,14,5,10
2026-540,Wimbledon,Grass,128,G,O,20260704,105,DH58,5,,Alex de Minaur,R,183,AUS,27.376,6,4110,S0K7,,,Zachary Svajda,R,175,USA,23.595,66,855,6-2 5-7 6-2 6-4,5,R32,161,7,3,116,67,46,29,19,7,11,10,2,121,71,52,15,19,10,18
2026-540,Wimbledon,Grass,128,G,O,20260704,106,C0E9,9,,Flavio Cobolli,R,183,ITA,24.162,10,3460,KE29,19,,Karen Khachanov,R,198,RUS,30.119,22,2080,0-6 7-6(4) 6-7(5) 6-2 6-2,5,R32,238,12,5,166,114,79,24,21,13,16,12,3,145,110,84,14,22,6,9
2026-540,Wimbledon,Grass,128,G,O,20260704,107,Z355,2,,Alexander Zverev,R,198,GER,29.202,3,7190,GC88,,,Marcos Giron,R,180,USA,32.942,92,680,6-2 7-6(4) 6-4,5,R32,155,17,3,96,70,54,14,15,3,4,1,2,112,71,55,14,15,16,20
2026-540,Wimbledon,Grass,128,G,O,20260704,108,L0BV,13,,Jiri Lehecka,R,185,CZE,24.652,14,2360,MU94,,,Jaume Munar,R,183,ESP,29.164,44,1075,6-4 6-4 4-6 6-4,5,R32,175,14,5,113,88,62,9,17,6,8,5,6,118,74,55,21,17,6,9
2026-540,Wimbledon,Grass,128,G,O,20260704,109,F0DM,,WC,Arthur Fery,R,175,GBR,23.978,114,547,BU13,,,Zizou Bergs,R,185,BEL,27.086,37,1250,2-6 7-5 2-6 7-6(3) 7-6(5),5,R32,266,5,4,190,126,88,23,26,5,13,14,14,169,104,77,27,26,4,9
2026-540,Wimbledon,Grass,128,G,O,20260704,110,BK92,10,,Alexander Bublik,R,196,KAZ,29.046,11,2620,TD51,17,,Frances Tiafoe,R,188,USA,28.452,19,2180,4-6 7-6(5) 7-6(11) 4-6 6-3,5,R32,247,48,6,169,116,100,27,27,7,9,12,7,190,113,86,46,26,9,10
2026-540,Wimbledon,Grass,128,G,O,20260704,111,FB98,6,,Taylor Fritz,R,196,USA,28.682,7,3765,SU87,,,Lorenzo Sonego,R,191,ITA,31.149,69,843,4-6 6-3 6-4 7-6(5),5,R32,153,13,1,124,87,69,24,21,4,5,16,2,122,94,70,15,20,2,4
2026-540,Wimbledon,Grass,128,G,O,20260704,112,D875,,WC,Grigor Dimitrov,R,191,BUL,35.135,146,407,BK40,,,Matteo Berrettini,R,196,ITA,30.225,51,985,6-3 6-4 3-6 5-7 6-3,5,R32,211,14,4,131,90,66,30,25,0,3,23,3,144,108,83,13,24,7,11
2026-540,Wimbledon,Grass,128,G,O,20260705,113,D643,7,,Novak Djokovic,R,188,SRB,39.121,8,3760,SX50,,Q,Roman Safiullin,R,185,RUS,28.909,132,458,7-6(6) 6-3 3-6 6-2,5,R16,198,9,3,111,89,61,9,17,10,14,6,2,93,77,51,6,16,4,9
2026-540,Wimbledon,Grass,128,G,O,20260705,114,AG37,3,,Felix Auger-Aliassime,R,193,CAN,25.906,29,1680,DH50,22,,Alejandro Davidovich Fokina,R,180,ESP,27.083,23,2060,6-7(4) 7-6(6) 6-3 6-7(2) 6-1,5,R16,272,27,4,176,114,89,34,27,6,7,10,7,172,120,87,28,25,12,16
2026-540,Wimbledon,Grass,128,G,O,20260705,115,SL28,,,Jan-Lennard Struff,R,193,GER,36.194,74,804,HB71,,,Hubert Hurkacz,R,196,POL,29.394,96,665,3-6 6-7(5) 7-6(2) 7-5 4-2 RET,5,R16,225,24,2,151,91,75,29,25,1,4,34,7,183,121,94,21,26,7,11
2026-540,Wimbledon,Grass,128,G,O,20260705,116,S0AG,1,,Jannik Sinner,R,191,ITA,24.884,1,13450,M0HU,,Q,Shintaro Mochizuki,R,175,JPN,23.091,151,397,6-3 7-6(0) 6-3,5,R16,147,15,3,85,60,49,15,14,2,2,4,3,115,61,45,24,16,8,12
2026-540,Wimbledon,Grass,128,G,O,20260706,117,C0E9,9,,Flavio Cobolli,R,183,ITA,24.167,10,3460,DH58,5,,Alex de Minaur,R,183,AUS,27.382,6,4110,7-5 7-6(4) 6-3,5,R16,155,3,5,99,55,42,21,17,3,7,5,5,113,57,39,24,16,12,18
2026-540,Wimbledon,Grass,128,G,O,20260706,118,FB98,6,,Taylor Fritz,R,196,USA,28.687,7,3765,BK92,10,,Alexander Bublik,R,196,KAZ,29.052,11,2620,7-6(1) 6-4 6-4,5,R16,98,23,1,93,57,51,20,16,2,3,13,5,85,63,49,7,16,1,4
2026-540,Wimbledon,Grass,128,G,O,20260706,119,F0DM,,WC,Arthur Fery,R,175,GBR,23.984,114,547,D875,,WC,Grigor Dimitrov,R,191,BUL,35.14,146,407,7-5 3-6 4-6 6-4 7-6(7),5,R16,240,6,0,168,102,70,37,26,5,9,18,6,147,98,80,23,27,5,9
2026-540,Wimbledon,Grass,128,G,O,20260707,120,S0AG,1,,Jannik Sinner,R,191,ITA,24.889,1,13450,SL28,,,Jan-Lennard Struff,R,193,GER,36.2,74,804,7-5 7-6(4) 6-3,5,QF,154,16,2,103,68,57,17,16,1,2,12,3,98,50,40,24,15,5,7
2026-540,Wimbledon,Grass,128,G,O,20260707,121,Z355,2,,Alexander Zverev,R,198,GER,29.21,3,7190,L0BV,13,,Jiri Lehecka,R,185,CZE,24.657,14,2360,6-4 7-5 3-6 6-3,5,R16,200,12,3,118,83,68,20,21,7,8,12,3,126,87,66,25,21,4,6
2026-540,Wimbledon,Grass,128,G,O,20260707,122,D643,7,,Novak Djokovic,R,188,SRB,39.127,8,3760,AG37,3,,Felix Auger-Aliassime,R,193,CAN,25.911,29,1680,7-6(10) 3-6 6-3 6-7(4) 7-6(4),5,QF,315,14,6,175,128,94,30,27,2,4,29,5,199,132,105,29,27,11,13
2026-540,Wimbledon,Grass,128,G,O,20260708,123,Z355,2,,Alexander Zverev,R,198,GER,29.216,3,7190,FB98,6,,Taylor Fritz,R,196,USA,28.693,7,3765,6-4 6-4 6-2,5,QF,118,13,2,73,55,41,14,13,4,4,17,2,87,60,42,12,14,2,6
2026-540,Wimbledon,Grass,128,G,O,20260708,124,F0DM,,WC,Arthur Fery,R,175,GBR,23.989,114,547,C0E9,9,,Flavio Cobolli,R,183,ITA,24.172,10,3460,6-4 7-6(4) 6-0,5,QF,133,8,1,82,57,44,16,14,3,4,6,2,96,71,47,7,14,4,9
2026-540,Wimbledon,Grass,128,G,O,20260710,125,Z355,2,,Alexander Zverev,R,198,GER,29.221,3,7190,F0DM,,WC,Arthur Fery,R,175,GBR,23.995,114,547,7-6(0) 6-2 6-4,5,SF,135,9,2,79,57,44,18,15,0,1,5,4,98,68,40,13,15,4,8
2026-540,Wimbledon,Grass,128,G,O,20260710,126,S0AG,1,,Jannik Sinner,R,191,ITA,24.898,1,13450,D643,7,,Novak Djokovic,R,188,SRB,39.135,8,3760,6-4 6-4 6-4,5,SF,127,13,0,72,45,39,16,13,1,1,8,3,97,61,46,13,14,10,13
2026-540,Wimbledon,Grass,128,G,O,20260712,127,S0AG,1,,Jannik Sinner,R,191,ITA,24.903,1,13450,Z355,2,,Alexander Zverev,R,198,GER,29.227,3,7190,6-7(7) 7-6(2) 6-3 6-4,5,F,226,15,2,130,86,69,29,21,1,1,17,2,138,111,79,17,21,3,5
2026-314,Gstaad,Clay,28,250,O,20260713,1,S0LA,,,Dominic Stricker,L,183,SUI,23.907,360,140,MU94,8,,Jaume Munar,R,183,ESP,29.188,44,1075,6-2 6-4,3,R32,82,7,2,54,34,24,11,9,4,6,3,4,61,38,20,10,9,2,7
2026-314,Gstaad,Clay,28,250,O,20260713,2,C0JP,7,,Raphael Collignon,R,191,BEL,24.496,42,1091,S0GR,,Q,Timofey Skatov,R,173,KAZ,25.473,163,343,3-6 7-6(1) 6-4,3,R32,158,17,10,105,65,49,19,15,7,9,1,0,109,81,54,13,16,9,11
2026-314,Gstaad,Clay,28,250,O,20260713,3,KI95,,,Miomir Kecmanovic,R,183,SRB,26.867,59,930,F0F4,,WC,Kilian Feldbausch,R,191,SUI,20.846,262,216,6-1 1-6 6-3,3,R32,97,3,1,74,53,31,13,11,6,9,1,2,66,48,29,7,12,3,8
2026-314,Gstaad,Clay,28,250,O,20260713,4,SU87,,,Lorenzo Sonego,R,191,ITA,31.173,83,743,S0WT,,,Joel Schwaerzler,L,188,AUT,20.457,171,331,6-4 7-6(4),3,R32,110,8,2,68,40,30,22,11,2,2,5,1,72,41,31,18,11,3,4
2026-314,Gstaad,Clay,28,250,O,20260713,5,T09X,,Q,Clement Tabur,R,173,FRA,26.467,178,319,R09X,,,Jurij Rodionov,L,191,AUT,27.159,143,427,4-6 7-5 6-4,3,R32,140,6,0,91,60,43,20,16,2,4,10,3,107,70,50,16,16,12,15
2026-316,Bastad,Clay,28,250,O,20260713,1,D0C1,,,Jesper de Jong,R,180,NED,26.116,73,808,G0FW,,,Vilius Gaubas,R,178,LTU,21.536,128,508,7-6(1) 7-5,3,R32,134,15,3,77,47,39,16,12,2,3,8,3,89,51,35,19,12,11,13
2026-439,Umag,Clay,28,250,O,20260713,1,D923,,,Damir Dzumhur,R,175,BIH,34.146,108,604,R0GO,,,Henrique Rocha,R,180,POR,22.267,124,517,6-2 6-1,3,R32,78,0,0,48,31,20,10,8,2,4,1,2,54,25,9,12,7,4,10
2026-439,Umag,Clay,28,250,O,20260713,2,TA29,,,Marco Trungelliti,R,178,ARG,36.446,99,666,J0AZ,,,Kyrian Jacquet,R,175,FRA,25.172,130,497,6-2 6-3,3,R32,71,3,3,51,33,23,9,8,3,4,5,3,55,30,16,9,9,3,8
2026-314,Gstaad,Clay,28,250,O,20260714,6,HB64,,,Quentin Halys,R,191,FRA,29.714,90,706,C0NB,,Q,Federico Cina,R,185,ITA,19.291,184,312,6-3 3-6 7-6(6),3,R32,125,22,8,95,58,49,20,15,4,5,14,2,91,52,44,22,15,3,4
2026-314,Gstaad,Clay,28,250,O,20260714,7,C0C8,6,,Juan Manuel Cerundolo,L,183,ARG,24.66,45,1054,KH56,,,Zdenek Kolar,R,183,CZE,29.76,153,370,4-6 6-3 6-4,3,R32,128,11,3,91,44,36,28,15,6,7,5,3,89,55,38,21,14,4,6
2026-314,Gstaad,Clay,28,250,O,20260714,8,H997,,,Yannick Hanfmann,R,193,GER,34.667,51,974,MO44,,,Pedro Martinez,R,185,ESP,29.216,157,358,7-6(6) 6-1,3,R32,96,13,1,47,32,30,11,9,0,0,1,2,73,43,28,15,10,5,8
2026-314,Gstaad,Clay,28,250,O,20260714,9,K0EP,,WC,Jerome Kym,R,198,SUI,23.417,186,310,D0HX,,Q,Dylan Dietrich,R,193,SUI,21.807,618,59,7-6(3) 2-6 7-6(5),3,R32,150,10,5,113,70,53,21,16,7,10,7,4,103,71,59,16,16,4,5
2026-316,Bastad,Clay,28,250,O,20260714,2,TA12,,,Stefano Travaglia,R,185,ITA,34.543,150,385,K0FY,,Q,Martin Krumich,R,188,CZE,23.548,278,203,6-4 6-2,3,R32,95,3,4,64,38,29,10,9,7,9,1,2,56,31,17,10,9,2,7
2026-316,Bastad,Clay,28,250,O,20260714,3,V812,6,,Botic van de Zandschulp,R,191,NED,30.776,55,969,DA81,,Q,Taro Daniel,R,191,JPN,33.459,194,285,7-6(0) 6-4,3,R32,120,16,3,81,50,39,15,11,4,5,3,1,69,45,28,13,11,4,6
2026-316,Bastad,Clay,28,250,O,20260714,4,T0A1,7,,Thiago Agustin Tirante,R,185,ARG,25.259,61,921,O513,,,Sebastian Ofner,R,191,AUT,30.171,125,515,6-3 6-4,3,R32,93,5,3,56,41,34,10,10,1,1,5,5,78,37,26,20,9,6,8
2026-316,Bastad,Clay,28,250,O,20260714,5,BG23,,,Nikoloz Basilashvili,R,185,GEO,34.387,135,474,CH12,,,Jan Choinski,R,196,GBR,30.092,75,775,6-4 7-6(4),3,R32,106,5,9,86,42,32,19,11,5,7,6,1,72,46,26,14,11,2,5
2026-316,Bastad,Clay,28,250,O,20260714,6,D875,,WC,Grigor Dimitrov,R,191,BUL,35.162,146,407,S0GD,,,Dalibor Svrcina,R,178,CZE,23.781,114,554,7-6(5) 1-6 6-4,3,R32,141,3,8,95,55,31,18,15,0,7,4,4,96,58,40,15,14,4,9
2026-316,Bastad,Clay,28,250,O,20260714,7,M0OH,,Q,Lautaro Midon,R,180,ARG,22.292,213,261,D0CG,,,Facundo Diaz Acosta,L,183,ARG,25.577,110,604,3-6 6-4 6-2,3,R32,141,6,1,82,51,35,18,13,5,8,2,2,91,63,36,14,14,5,10
2026-316,Bastad,Clay,28,250,O,20260714,8,PH64,,,Andrea Pellegrino,R,185,ITA,29.309,138,459,B0U4,,,Nicolai Budkov Kjaer,R,191,NOR,19.866,118,530,6-3 6-2,3,R32,82,1,2,61,32,24,14,9,2,3,2,2,52,31,16,11,8,1,5
2026-316,Bastad,Clay,28,250,O,20260714,9,V0DP,,,Adolfo Daniel Vallejo,R,183,PAR,22.209,71,830,D0CN,,Q,Miguel Damas,R,208,ESP,26.563,300,178,6-3 6-3,3,R32,91,0,2,51,28,17,16,9,1,3,0,2,65,46,22,10,9,7,12
2026-439,Umag,Clay,28,250,O,20260714,3,P0HW,,,Dino Prizmic,R,188,CRO,20.939,84,741,KI82,8,,Vit Kopriva,R,178,CZE,29.079,64,893,6-1 6-3,3,R32,77,2,3,48,28,24,10,8,3,3,1,2,44,26,16,7,8,0,4
2026-439,Umag,Clay,28,250,O,20260714,4,V0DZ,,,Luca Van Assche,R,178,FRA,22.174,86,737,L987,,,Dusan Lajovic,R,183,SRB,36.038,152,378,2-6 7-5 6-4,3,R32,169,3,3,108,77,47,13,15,7,12,8,0,84,59,39,12,15,4,9
2026-314,Gstaad,Clay,28,250,O,20260714,10,TE51,,,Stefanos Tsitsipas,R,193,GRE,27.921,85,740,B0ID,5,,Ignacio Buse,R,183,PER,22.303,33,1413,6-4 6-4,3,R32,96,6,0,48,30,25,12,10,0,1,2,3,88,41,31,18,10,7,10
2026-314,Gstaad,Clay,28,250,O,20260714,11,S0H2,,,Alexander Shevchenko,R,188,KAZ,25.621,100,658,MP20,,,Alexandre Muller,R,183,FRA,29.446,132,494,3-6 6-3 6-4,3,R32,120,13,4,84,53,43,17,14,3,4,3,0,95,55,40,21,14,10,12
2026-316,Bastad,Clay,28,250,O,20260714,10,B0BI,8,,Sebastian Baez,R,170,ARG,25.541,56,935,D0I5,,,Max Dahlin,R,188,SWE,20.545,1360,6,4-6 6-4 6-1,3,R32,111,3,1,89,68,47,11,13,9,10,5,6,82,41,30,18,14,3,7
2026-316,Bastad,Clay,28,250,O,20260714,11,BT72,5,,Nuno Borges,R,185,POR,29.396,52,970,K0O4,,WC,Moise Kouame,R,191,FRA,17.355,211,263,6-4 6-2,3,R32,82,6,1,60,41,32,10,9,4,4,6,4,65,36,24,12,9,5,8
2026-316,Bastad,Clay,28,250,O,20260714,12,AE14,,,Daniel Altmaier,R,188,GER,27.836,60,924,G09O,,,Hugo Gaston,L,173,FRA,25.796,107,619,6-2 7-5,3,R32,90,5,2,57,35,30,10,10,0,1,2,1,68,35,20,19,10,6,10
2026-439,Umag,Clay,28,250,O,20260714,5,U182,7,,Camilo Ugo Carabelli,R,185,ARG,27.075,58,930,T0FI,,Q,Marko Topo,R,185,GER,22.834,374,134,6-7(2) 7-6(3) 6-3,3,R32,183,8,8,107,62,45,21,17,4,7,9,6,120,71,46,25,16,10,14
2026-439,Umag,Clay,28,250,O,20260714,6,B0FV,,,Roman Andres Burruchaga,R,183,ARG,24.471,67,875,CF01,,Q,Marco Cecchinato,R,185,ITA,33.785,175,323,6-1 6-4,3,R32,71,1,3,44,24,15,13,8,3,5,1,2,57,38,20,4,9,2,8
2026-439,Umag,Clay,28,250,O,20260714,7,CD85,,,Pablo Carreno Busta,R,188,ESP,35.006,65,884,D0L3,,WC,Matej Dodig,R,188,CRO,20.986,254,220,6-4 6-2,3,R32,76,0,0,47,35,28,8,9,0,0,3,3,59,32,20,14,9,5,8
2026-439,Umag,Clay,28,250,O,20260714,8,M0N7,,,Daniel Merida,R,188,ESP,21.796,82,750,S1AJ,,WC,Ziga Sesko,,,SVN,17.963,957,22,6-4 6-1,3,R32,62,1,2,44,28,24,9,8,1,1,2,5,46,23,15,9,9,1,5
2026-439,Umag,Clay,28,250,O,20260714,9,MV14,,,Alex Molcan,L,178,SVK,28.616,101,649,R0EB,,,Valentin Royer,R,188,FRA,25.125,77,768,6-4 7-5,3,R32,102,2,0,71,43,29,18,11,5,7,3,1,58,37,25,8,11,2,6
2026-314,Gstaad,Clay,28,250,O,20260714,12,F0F2,,,Jaime Faria,R,188,POR,22.938,92,700,W367,,,Stan Wawrinka,R,183,SUI,41.295,117,538,6-7(8) 6-4 6-4,3,R32,157,14,8,108,64,52,25,16,6,6,16,2,97,56,43,25,16,0,2
2026-439,Umag,Clay,28,250,O,20260714,10,D0DW,,,Titouan Droguet,R,191,FRA,25.079,119,528,B0PG,5,,Alexander Blockx,R,193,BEL,21.265,37,1233,3-6 6-2 6-0,3,R32,113,2,1,84,44,34,19,11,6,7,4,7,77,37,26,15,12,5,10
2026-439,Umag,Clay,28,250,O,20260714,11,GJ16,,Q,Federico Agustin Gomez,R,191,ARG,29.629,209,268,M0XQ,,WC,Niels McDonald,R,191,GER,18.464,505,86,6-3 7-6(4),3,R32,116,7,5,89,58,42,9,11,6,9,6,3,85,56,36,9,10,7,11
2026-439,Umag,Clay,28,250,O,20260714,12,P0IY,,Q,Juan Carlos Prado Angelo,R,185,BOL,21.355,173,327,N0CS,,LL,Lukas Neumayer,R,183,AUT,23.852,162,343,6-3 7-6(6),3,R32,114,1,0,72,57,37,10,11,4,6,1,3,78,60,37,6,10,6,9
2026-314,Gstaad,Clay,28,250,O,20260715,13,C0JP,7,,Raphael Collignon,R,191,BEL,24.501,42,1091,SU87,,,Lorenzo Sonego,R,191,ITA,31.179,83,743,7-6(2) 7-6(5),3,R16,128,4,5,77,53,46,13,12,4,5,5,2,78,42,30,25,12,1,2
2026-316,Bastad,Clay,28,250,O,20260715,13,BT72,5,,Nuno Borges,R,185,POR,29.399,52,970,D875,,WC,Grigor Dimitrov,R,191,BUL,35.165,146,407,6-4 6-2,3,R16,65,4,1,50,39,29,6,9,1,2,2,2,49,28,18,7,9,1,5
2026-316,Bastad,Clay,28,250,O,20260715,14,V0DP,,,Adolfo Daniel Vallejo,R,183,PAR,22.212,71,830,V812,6,,Botic van de Zandschulp,R,191,NED,30.779,55,969,4-6 6-3 7-6(4),3,R16,177,1,2,102,67,43,23,16,1,4,4,4,115,78,51,17,15,10,13
2026-314,Gstaad,Clay,28,250,O,20260715,15,VA25,3,,Valentin Vacherot,R,193,MON,27.661,21,2138,H997,,,Yannick Hanfmann,R,193,GER,34.669,51,974,4-6 6-3 6-4,3,R16,129,13,3,93,67,49,17,15,7,8,7,1,93,53,34,25,14,2,4
2026-314,Gstaad,Clay,28,250,O,20260715,16,RC91,4,,Arthur Rinderknech,R,196,FRA,30.979,28,1683,T09X,,Q,Clement Tabur,R,173,FRA,26.472,178,319,6-7(9) 7-6(5) 7-5,3,R16,201,16,5,125,82,63,22,18,3,5,7,1,136,79,55,33,18,5,8
2026-316,Bastad,Clay,28,250,O,20260715,15,D0FJ,2,,Luciano Darderi,R,183,ITA,24.413,18,2210,AE14,,,Daniel Altmaier,R,188,GER,27.838,60,924,6-4 6-4,3,R16,101,6,2,63,36,29,14,10,1,1,3,1,73,41,29,14,10,7,9
2026-316,Bastad,Clay,28,250,O,20260715,16,TA12,,,Stefano Travaglia,R,185,ITA,34.546,150,385,N0BS,4,,Mariano Navone,R,178,ARG,25.377,48,1016,6-4 6-2,3,R16,85,3,1,60,41,29,13,9,4,4,1,2,55,41,27,4,9,3,6
2026-439,Umag,Clay,28,250,O,20260715,13,D0DW,,,Titouan Droguet,R,191,FRA,25.081,119,528,V0DZ,,,Luca Van Assche,R,178,FRA,22.177,86,737,6-1 1-6 7-5,3,R16,124,8,5,83,47,33,16,13,4,8,0,5,72,51,29,10,13,1,6
2026-439,Umag,Clay,28,250,O,20260715,14,B0FV,,,Roman Andres Burruchaga,R,183,ARG,24.474,67,875,C0E9,1,,Flavio Cobolli,R,183,ITA,24.192,9,3460,6-2 6-4,3,R16,99,3,3,54,32,25,11,9,1,2,2,2,68,33,21,15,9,3,7
2026-439,Umag,Clay,28,250,O,20260715,15,DH50,2,,Alejandro Davidovich Fokina,R,180,ESP,27.11,20,2160,TA29,,,Marco Trungelliti,R,178,ARG,36.452,99,666,6-4 7-5,3,R16,126,5,0,74,41,28,17,11,3,6,3,3,73,46,28,9,11,4,9
2026-439,Umag,Clay,28,250,O,20260715,16,M0N7,,,Daniel Merida,R,188,ESP,21.799,82,750,EA24,3,,Tomas Martin Etcheverry,R,196,ARG,26.992,30,1460,7-5 6-4,3,R16,95,4,0,57,41,31,12,11,0,1,1,1,65,49,33,6,11,4,7
2026-439,Umag,Clay,28,250,O,20260715,17,A0FC,4,,Matteo Arnaldi,R,185,ITA,25.391,34,1349,GJ16,,Q,Federico Agustin Gomez,R,191,ARG,29.632,209,268,6-3 5-7 6-3,3,R16,154,8,2,88,43,38,21,15,4,6,5,6,93,61,41,13,15,7,11
2026-439,Umag,Clay,28,250,O,20260715,18,U182,7,,Camilo Ugo Carabelli,R,185,ARG,27.077,58,930,CD85,,,Pablo Carreno Busta,R,188,ESP,35.009,65,884,3-6 7-5 7-5,3,R16,164,7,0,103,67,45,22,16,5,8,9,0,106,71,43,22,17,7,11
2026-439,Umag,Clay,28,250,O,20260715,19,D923,,,Damir Dzumhur,R,175,BIH,34.152,108,604,P0IY,,Q,Juan Carlos Prado Angelo,R,185,BOL,21.358,173,327,7-6(2) 6-1,3,R16,98,1,1,68,44,27,13,9,3,6,0,0,60,43,24,4,10,1,7
2026-314,Gstaad,Clay,28,250,O,20260716,17,RH16,2,,Casper Ruud,R,183,NOR,27.565,13,2435,F0F2,,,Jaime Faria,R,188,POR,22.943,92,700,6-7(1) 6-4 6-2,3,R16,151,3,3,92,61,45,19,15,5,6,6,4,106,61,47,18,15,10,14
2026-314,Gstaad,Clay,28,250,O,20260716,18,C0C8,6,,Juan Manuel Cerundolo,L,183,ARG,24.665,45,1054,KI95,,,Miomir Kecmanovic,R,183,SRB,26.875,59,930,3-6 6-3 7-5,3,R16,128,9,3,96,51,39,27,15,2,3,2,1,88,58,43,17,15,2,4
2026-314,Gstaad,Clay,28,250,O,20260716,19,TE51,,,Stefanos Tsitsipas,R,193,GRE,27.926,85,740,K0EP,,WC,Jerome Kym,R,198,SUI,23.422,186,310,6-4 6-7(2) 7-6(5),3,R16,149,8,4,102,64,51,25,17,3,3,10,6,115,80,62,17,17,2,3
2026-316,Bastad,Clay,28,250,O,20260716,17,RE44,1,,Andrey Rublev,R,188,RUS,28.736,16,2230,PH64,,,Andrea Pellegrino,R,185,ITA,29.314,138,459,7-6(3) 6-7(7) 6-3,3,R16,153,18,4,99,66,53,23,17,0,0,10,4,123,77,56,25,16,6,7
2026-316,Bastad,Clay,28,250,O,20260716,18,T0A1,7,,Thiago Agustin Tirante,R,185,ARG,25.265,61,921,BG23,,,Nikoloz Basilashvili,R,185,GEO,34.393,135,474,7-5 3-6 6-4,3,R16,164,3,7,110,60,34,25,15,10,15,11,4,114,65,43,19,16,4,10
2026-439,Umag,Clay,28,250,O,20260716,20,M0N7,,,Daniel Merida,R,188,ESP,21.802,82,750,D0DW,,,Titouan Droguet,R,191,FRA,25.084,119,528,6-1 6-3,3,QF,64,1,2,42,28,24,9,8,0,0,1,3,47,24,11,13,8,3,7
2026-439,Umag,Clay,28,250,O,20260716,21,MV14,,,Alex Molcan,L,178,SVK,28.621,101,649,P0HW,,,Dino Prizmic,R,188,CRO,20.945,84,741,3-6 7-6(5) 4-0 RET,3,R16,138,1,2,79,55,36,13,12,9,12,7,3,79,41,25,23,13,1,5
2026-439,Umag,Clay,28,250,O,20260716,22,B0FV,,,Roman Andres Burruchaga,R,183,ARG,24.476,67,875,U182,7,,Camilo Ugo Carabelli,R,185,ARG,27.08,58,930,6-2 2-6 6-3,3,QF,110,4,4,70,42,32,14,13,4,7,2,1,61,36,25,10,12,1,5
2026-316,Bastad,Clay,28,250,O,20260716,19,B0BI,8,,Sebastian Baez,R,170,ARG,25.547,56,935,D0C1,,,Jesper De Jong,,,,,73,808,6-4 6-2,3,R16,69,0,0,46,31,25,12,9,1,1,4,1,48,31,21,8,9,1,4
2026-316,Bastad,Clay,28,250,O,20260716,20,TE30,3,,Alejandro Tabilo,L,188,CHI,29.12,31,1438,M0OH,,Q,Lautaro Midon,R,180,ARG,22.297,213,261,6-4 6-7(5) 6-4,3,R16,163,5,3,113,68,52,19,16,6,9,13,1,110,58,41,25,16,7,12
2026-439,Umag,Clay,28,250,O,20260716,23,D923,,,Damir Dzumhur,R,175,BIH,34.155,108,604,A0FC,4,,Matteo Arnaldi,R,185,ITA,25.394,34,1349,7-6(5) 6-7(4) 7-6(4),3,QF,222,2,1,122,83,61,19,18,8,11,6,5,137,74,54,33,18,7,10
2026-314,Gstaad,Clay,28,250,O,20260717,20,C0C8,6,,Juan Manuel Cerundolo,L,183,ARG,24.668,45,1054,RH16,2,,Casper Ruud,R,183,NOR,27.567,13,2435,3-6 7-5 6-2,3,QF,134,2,6,85,46,38,17,14,4,6,4,2,83,54,38,15,15,4,8
2026-314,Gstaad,Clay,28,250,O,20260717,21,C0JP,7,,Raphael Collignon,R,191,BEL,24.507,42,1091,VA25,3,,Valentin Vacherot,R,193,MON,27.666,21,2138,7-6(7) 4-6 7-5,3,QF,131,14,8,94,60,49,18,17,2,4,13,6,101,64,50,20,17,2,4
2026-314,Gstaad,Clay,28,250,O,20260717,22,HB64,,,Quentin Halys,R,191,FRA,29.722,90,706,BK92,1,,Alexander Bublik,R,196,KAZ,29.081,11,2810,6-7(4) 6-4 7-6(5),3,R16,142,14,5,101,50,46,32,17,2,2,13,6,107,65,53,26,17,6,7
2026-314,Gstaad,Clay,28,250,O,20260717,23,S0H2,,,Alexander Shevchenko,R,188,KAZ,25.621,100,658,S0LA,,WC,Dominic Stricker,L,183,SUI,23.918,360,140,7-6(5) 6-2,3,R16,88,9,4,76,49,37,14,10,7,8,5,2,59,31,24,10,10,1,4
2026-316,Bastad,Clay,28,250,O,20260717,21,D0FJ,2,,Luciano Darderi,R,183,ITA,24.419,18,2210,BT72,5,,Nuno Borges,R,185,POR,29.405,52,970,7-6(9) 6-4,3,QF,113,5,2,78,50,37,15,11,3,4,7,0,77,56,42,9,11,2,4
2026-316,Bastad,Clay,28,250,O,20260717,22,TE30,3,,Alejandro Tabilo,L,188,CHI,29.123,31,1438,T0A1,7,,Thiago Agustin Tirante,R,185,ARG,25.268,61,921,W/O,3,QF,92,3,1,50,29,26,12,9,1,1,1,2,80,57,37,9,10,13,16
2026-316,Bastad,Clay,28,250,O,20260717,23,V0DP,,,Adolfo Daniel Vallejo,R,183,PAR,22.218,71,830,TA12,,,Stefano Travaglia,R,185,ITA,34.552,150,385,7-6(5) 6-2,3,QF,105,2,2,80,56,42,7,10,5,7,8,0,62,35,21,13,10,2,6
2026-439,Umag,Clay,28,250,O,20260717,24,MV14,,,Alex Molcan,L,178,SVK,28.624,101,649,DH50,2,,Alejandro Davidovich Fokina,R,180,ESP,27.116,20,2160,3-6 6-1 6-2,3,QF,101,3,1,66,43,34,13,12,3,4,6,3,73,49,34,11,12,4,8
2026-314,Gstaad,Clay,28,250,O,20260717,24,TE51,,,Stefanos Tsitsipas,R,193,GRE,27.929,85,740,RC91,4,,Arthur Rinderknech,R,196,FRA,30.984,28,1683,6-3 3-6 6-3,3,QF,101,6,5,74,47,42,13,14,1,2,7,3,69,44,35,14,13,2,4
2026-314,Gstaad,Clay,28,250,O,20260717,25,S0H2,,,Alexander Shevchenko,R,188,KAZ,25.621,100,658,HB64,,,Quentin Halys,R,191,FRA,29.722,90,706,7-6(5) 6-3,3,QF,96,4,3,78,51,42,15,11,5,5,7,1,61,36,29,14,10,0,1
2026-316,Bastad,Clay,28,250,O,20260717,24,RE44,1,,Andrey Rublev,R,188,RUS,28.739,16,2230,B0BI,8,,Sebastian Baez,R,170,ARG,25.55,56,935,6-1 6-2,3,QF,59,5,1,44,27,21,12,8,1,1,0,1,45,28,14,8,7,4,8
2026-439,Umag,Clay,28,250,O,20260718,25,M0N7,,,Daniel Merida,R,188,ESP,21.804,82,750,B0FV,,,Roman Andres Burruchaga,R,183,ARG,24.479,67,875,6-4 6-2,3,SF,81,0,1,49,35,25,10,9,3,4,1,1,62,42,23,9,9,5,9
2026-439,Umag,Clay,28,250,O,20260718,26,D923,,,Damir Dzumhur,R,175,BIH,34.16,108,604,MV14,,,Alex Molcan,L,178,SVK,28.627,101,649,3-6 6-4 6-3,3,SF,164,5,2,84,44,30,24,14,3,6,3,3,107,80,47,15,14,9,13
2026-314,Gstaad,Clay,28,250,O,20260718,26,TE51,,,Stefanos Tsitsipas,R,193,GRE,27.932,85,740,S0H2,,,Alexander Shevchenko,R,188,KAZ,25.631,100,658,6-4 3-6 6-3,3,SF,113,4,2,70,43,35,20,14,2,3,4,3,85,50,37,20,14,7,9
2026-314,Gstaad,Clay,28,250,O,20260718,27,C0JP,7,,Raphael Collignon,R,191,BEL,24.509,42,1091,C0C8,6,,Juan Manuel Cerundolo,L,183,ARG,24.671,45,1054,1-6 7-6(5) 7-5,3,SF,146,7,4,93,58,43,16,15,4,8,7,2,104,55,43,24,16,4,7
2026-316,Bastad,Clay,28,250,O,20260718,25,D0FJ,2,,Luciano Darderi,R,183,ITA,24.422,18,2210,V0DP,,,Adolfo Daniel Vallejo,R,183,PAR,22.22,71,830,6-4 6-7(11) 6-3,3,SF,177,8,3,134,80,60,30,16,7,8,4,4,100,67,51,15,15,2,5
2026-316,Bastad,Clay,28,250,O,20260718,26,RE44,1,,Andrey Rublev,R,188,RUS,28.742,16,2230,TE30,3,,Alejandro Tabilo,L,188,CHI,29.125,31,1438,6-4 4-6 6-4,3,SF,130,12,3,89,49,38,23,15,1,3,8,3,97,67,50,11,15,10,13
2026-439,Umag,Clay,28,250,O,20260719,27,M0N7,,,Daniel Merida,R,188,ESP,21.81,82,750,D923,,,Damir Dzumhur,R,175,BIH,34.163,108,604,6-2 5-7 6-2,3,F,119,1,8,84,55,34,16,14,2,6,0,1,79,51,25,17,14,5,12
2026-316,Bastad,Clay,28,250,O,20260719,27,RE44,1,,Andrey Rublev,R,188,RUS,28.745,16,2230,D0FJ,2,,Luciano Darderi,R,183,ITA,24.424,18,2210,6-4 6-3,3,F,76,4,0,61,38,33,13,10,2,2,3,3,53,33,25,10,9,2,4
2026-314,Gstaad,Clay,28,250,O,20260719,28,TE51,,,Stefanos Tsitsipas,R,193,GRE,27.934,85,740,C0JP,7,,Raphael Collignon,R,191,BEL,24.512,42,1091,6-4 6-7(3) 6-3,3,F,137,4,0,83,54,38,21,15,2,4,2,4,110,58,42,23,16,8,13
2026-319,Kitzbuhel,Clay,28,250,O,20260720,1,N0BS,,,Mariano Navone,R,178,ARG,25.391,47,1005,MP20,,,Alexandre Muller,R,183,FRA,29.462,133,494,6-4 6-0,3,R32,80,2,1,50,38,28,6,8,3,4,0,0,53,32,14,9,8,6,11
2026-319,Kitzbuhel,Clay,28,250,O,20260720,2,D0CG,,,Facundo Diaz Acosta,L,183,ARG,25.593,108,604,C0NB,,Q,Federico Cina,R,185,ITA,19.307,184,317,4-6 6-3 6-4,3,R32,129,5,4,94,63,49,14,15,4,6,9,6,73,41,32,16,14,0,3
2026-319,Kitzbuhel,Clay,28,250,O,20260720,3,H997,,,Yannick Hanfmann,R,193,GER,34.683,52,974,N0CS,,WC,Lukas Neumayer,R,183,AUT,23.869,172,334,7-6(5) 6-4,3,R32,104,16,1,57,32,29,17,11,1,2,5,3,84,49,31,21,11,1,3
2026-319,Kitzbuhel,Clay,28,250,O,20260720,4,R09X,,Q,Jurij Rodionov,L,191,AUT,27.179,145,427,S0WT,,WC,Joel Schwaerzler,L,188,AUT,20.476,185,315,6-4 6-2,3,R32,78,4,2,56,27,22,18,9,1,1,3,0,50,29,20,11,9,1,4
2026-7290,Estoril,Clay,28,250,O,20260720,1,D0DW,,,Titouan Droguet,R,191,FRA,25.095,114,570,U182,7,,Camilo Ugo Carabelli,R,185,ARG,27.091,69,880,6-0 3-6 6-4,3,R32,120,5,5,77,46,32,14,13,4,8,1,6,73,34,20,16,12,1,7
2026-7290,Estoril,Clay,28,250,O,20260720,2,T0CN,,WC,Tiago Torres,L,175,PRT,24.033,427,109,BG23,,,Nikoloz Basilashvili,R,185,GEO,34.404,130,499,6-4 6-2,3,R32,71,3,7,58,23,17,17,9,4,6,3,4,51,27,18,6,9,2,7
2026-319,Kitzbuhel,Clay,28,250,O,20260720,5,B0ID,5,,Ignacio Buse,R,183,PER,22.319,35,1312,KI82,,,Vit Kopriva,R,178,CZE,29.095,68,881,7-5 6-7(3) 6-1,3,R32,158,4,0,99,65,43,21,15,6,8,3,7,119,71,45,21,16,11,17
2026-7290,Estoril,Clay,28,250,O,20260720,3,V0DZ,,,Luca Van Assche,R,178,FRA,22.19,78,755,SN54,,,Frederico Ferreira Silva,L,178,POR,31.34,235,240,7-5 6-7(4) 6-1,3,R32,206,6,5,103,62,38,23,16,7,12,3,2,112,70,40,16,15,10,18
2026-7290,Estoril,Clay,28,250,O,20260720,4,MO44,,Q,Pedro Martinez,R,185,ESP,29.232,159,358,R0GO,,,Henrique Rocha,R,180,POR,22.286,123,517,7-5 7-5,3,R32,131,0,1,68,53,39,9,12,1,2,5,2,88,66,41,12,12,11,14
2026-319,Kitzbuhel,Clay,28,250,O,20260721,6,SL28,6,,Jan-Lennard Struff,R,193,GER,36.238,41,1104,S0H2,,,Aleksander Shevchenko,R,188,KAZ,25.64,84,736,3-6 7-6(5) 6-4,3,R32,116,15,5,88,43,37,23,15,3,6,6,6,94,53,38,25,16,4,7
2026-319,Kitzbuhel,Clay,28,250,O,20260721,7,TA29,,,Marco Trungelliti,R,178,ARG,36.468,95,678,C0C8,8,,Juan Manuel Cerundolo,L,183,ARG,24.679,50,989,6-2 6-1,3,R32,73,2,7,62,33,23,16,8,4,5,1,2,43,18,11,7,7,6,11
2026-7290,Estoril,Clay,28,250,O,20260721,5,CD85,8,,Pablo Carreno Busta,R,188,ESP,35.025,65,896,G0FW,,,Vilius Gaubas,R,178,LTU,21.558,128,507,6-1 6-3,3,R32,81,2,0,49,31,21,12,8,4,5,1,1,51,27,15,9,8,2,7
2026-319,Kitzbuhel,Clay,28,250,O,20260721,8,SL28,6,,Jan-Lennard Struff,R,193,GER,36.238,41,1104,S0H2,,,Aleksandr Shevchenko,,,,,84,736,3-6 7-6(5) 6-4,3,R32,116,15,5,88,43,37,23,15,3,6,6,6,94,53,38,25,16,4,7
2026-319,Kitzbuhel,Clay,28,250,O,20260721,9,AE14,,,Daniel Altmaier,R,188,GER,27.855,61,924,C0JP,7,,Raphael Collignon,R,191,BEL,24.517,37,1234,6-3 6-2,3,R32,84,3,2,68,47,37,8,9,7,7,2,3,54,31,23,8,8,2,5
2026-319,Kitzbuhel,Clay,28,250,O,20260721,10,B0BI,,,Sebastian Baez,R,170,ARG,25.561,56,950,KI95,,,Miomir Kecmanovic,R,183,SRB,26.888,58,930,6-3 3-6 6-4,3,R32,109,5,2,86,60,45,13,14,3,5,6,2,97,57,43,17,14,10,13
2026-319,Kitzbuhel,Clay,28,250,O,20260721,11,F0F4,,Q,Kilian Feldbausch,R,191,SUI,20.868,284,191,V0DP,,,Adolfo Daniel Vallejo,R,183,PAR,22.229,63,918,7-6(2) 6-1,3,R32,105,1,3,71,50,37,13,10,9,10,2,5,67,39,28,9,9,5,8
2026-319,Kitzbuhel,Clay,28,250,O,20260721,12,HB64,,,Quentin Halys,R,191,FRA,29.733,83,743,DB63,,Q,Laslo Djere,R,188,SRB,31.135,221,255,7-6(4) 6-4,3,R32,113,9,5,89,51,41,20,11,9,9,1,5,81,45,31,20,11,3,4
2026-319,Kitzbuhel,Clay,28,250,O,20260721,13,MV14,,,Alex Molcan,L,178,SVK,28.635,81,747,O513,,,Sebastian Ofner,R,191,AUT,30.19,124,515,6-4 6-4,3,R32,68,2,0,51,32,24,13,10,0,1,3,2,57,38,28,8,10,3,6
2026-7290,Estoril,Clay,28,250,O,20260721,6,BT72,5,,Nuno Borges,R,185,POR,29.415,48,995,LF26,,Q,Orlando Luz,R,180,BRA,28.446,1072,15,6-3 6-3,3,R32,77,5,1,50,35,30,8,9,0,0,1,1,70,37,25,15,9,5,8
2026-7290,Estoril,Clay,28,250,O,20260721,7,B0GR,,Q,Gonzalo Bueno,R,173,PER,22.297,180,321,P0K4,,WC,Tiago Pereira,R,0,PRT,22.084,371,133,6-3 1-6 7-6(5),3,R32,137,1,4,95,58,36,16,14,6,11,3,1,87,46,33,21,14,6,10
2026-7290,Estoril,Clay,28,250,O,20260721,8,B0FV,,,Roman Andres Burruchaga,R,183,ARG,24.49,60,925,W367,,,Stan Wawrinka,R,183,SUI,41.314,118,538,6-4 4-6 6-3,3,R32,149,3,4,99,59,38,16,14,7,12,4,3,116,61,36,23,15,10,17
2026-7290,Estoril,Clay,28,250,O,20260721,9,G09O,,,Hugo Gaston,L,173,FRA,25.815,109,602,D923,,,Damir Dzumhur,R,175,BIH,34.168,87,719,5-0 RET,3,R32,25,1,0,18,8,6,7,3,0,0,0,1,20,9,2,4,2,4,6
2026-7290,Estoril,Clay,28,250,O,20260721,10,J0AZ,,LL,Kyrian Jacquet,R,175,FRA,25.194,134,489,M0N7,,,Daniel Merida,R,188,ESP,21.815,59,925,1-6 6-1 7-5,3,R32,95,4,4,87,50,30,20,13,7,11,2,3,70,43,27,14,13,3,8
2026-7290,Estoril,Clay,28,250,O,20260721,11,S0GR,,LL,Timofey Skatov,R,173,KAZ,25.495,163,349,D0C1,,,Jesper de Jong,R,180,NED,26.138,98,668,1-6 6-4 6-3,3,R32,148,0,3,87,53,33,15,13,12,17,15,7,88,47,36,12,13,3,8
2026-7290,Estoril,Clay,28,250,O,20260721,12,F0F2,,,Jaime Faria,R,188,POR,22.957,88,718,V812,6,,Botic Van De Zandschulp,R,191,NED,30.795,55,969,6-3 6-4,3,R32,73,5,2,51,27,19,15,10,0,2,1,8,56,24,17,15,9,3,7
2026-319,Kitzbuhel,Clay,28,250,O,20260722,14,HB64,,,Quentin Halys,R,191,FRA,29.736,83,743,VA25,2,,Valentin Vacherot,R,193,MON,27.68,19,2188,6-3 6-4,3,R16,78,5,0,55,30,23,18,10,1,1,3,3,56,31,24,13,9,0,2
2026-319,Kitzbuhel,Clay,28,250,O,20260722,15,B0BI,,,Sebastian Baez,R,170,ARG,25.563,56,950,RC91,3,,Arthur Rinderknech,R,196,FRA,30.998,27,1723,7-6(6) 2-6 6-4,3,R16,144,2,2,97,66,43,18,15,1,4,21,6,102,63,48,18,15,4,6
2026-319,Kitzbuhel,Clay,28,250,O,20260722,16,EA24,4,,Tomas Martin Etcheverry,R,196,ARG,27.012,31,1460,R09X,,Q,Jurij Rodionov,L,191,AUT,27.184,145,427,6-2 7-6(4),3,R16,109,3,1,62,46,32,10,10,3,5,4,4,69,35,24,15,10,6,10
2026-319,Kitzbuhel,Clay,28,250,O,20260722,17,B0ID,5,,Ignacio Buse,R,183,PER,22.324,35,1312,F0F4,,Q,Kilian Feldbausch,R,191,SUI,20.871,284,191,2-6 6-2 6-2,3,R16,114,2,1,76,40,22,20,12,4,8,1,4,72,59,33,4,12,1,7
2026-319,Kitzbuhel,Clay,28,250,O,20260722,18,N0BS,,,Mariano Navone,R,178,ARG,25.396,47,1005,SL28,6,,Jan-Lennard Struff,R,193,GER,36.241,41,1104,6-0 6-3,3,R16,64,3,2,41,32,24,3,8,0,2,1,3,49,29,12,8,7,5,11
2026-319,Kitzbuhel,Clay,28,250,O,20260722,19,H997,,,Yannick Hanfmann,R,193,GER,34.689,52,974,TA29,,,Marco Trungelliti,R,178,ARG,36.471,95,678,6-4 7-6(2),3,R16,102,7,2,61,37,30,14,11,0,1,4,3,83,50,30,21,11,7,9
2026-7290,Estoril,Clay,28,250,O,20260722,13,G09O,,,Hugo Gaston,L,173,FRA,25.818,109,602,D0DW,,,Titouan Droguet,R,191,FRA,25.101,114,570,6-0 6-3,3,R16,72,0,2,43,24,19,12,7,4,4,1,5,61,31,17,11,8,4,9
2026-319,Kitzbuhel,Clay,28,250,O,20260722,20,BK92,1,,Alexander Bublik,R,196,KAZ,29.095,11,2610,D0CG,,,Facundo Diaz Acosta,L,183,ARG,25.599,108,604,6-3 7-5,3,R16,79,8,1,63,44,36,11,11,1,1,1,0,60,39,27,13,10,5,7
2026-319,Kitzbuhel,Clay,28,250,O,20260722,21,MV14,,,Alex Molcan,L,178,SVK,28.638,81,747,AE14,,,Daniel Altmaier,R,188,GER,27.858,61,924,6-3 3-6 7-5,3,R16,145,5,2,91,55,37,18,15,6,10,8,4,97,71,44,12,15,8,13
2026-7290,Estoril,Clay,28,250,O,20260722,14,T0CN,,WC,Tiago Torres,L,175,PRT,24.038,427,109,TE30,3,,Alejandro Tabilo,L,188,CHI,29.136,30,1508,6-4 6-4,3,R16,92,7,5,74,42,33,14,10,7,8,3,0,58,41,28,7,10,3,6
2026-7290,Estoril,Clay,28,250,O,20260722,15,B0FV,,,Roman Andres Burruchaga,R,183,ARG,24.493,60,925,BT72,5,,Nuno Borges,R,185,POR,29.418,48,995,6-1 4-6 6-3,3,R16,130,4,1,83,49,35,18,13,3,5,2,4,97,60,40,15,13,6,11
2026-7290,Estoril,Clay,28,250,O,20260722,16,B0PG,4,,Alexander Blockx,R,193,BEL,21.287,38,1218,J0AZ,,LL,Kyrian Jacquet,R,175,FRA,25.196,134,489,3-6 6-4 7-6(4),3,R16,138,7,7,126,68,50,25,16,13,17,3,3,96,52,35,26,15,9,12
2026-319,Kitzbuhel,Clay,28,250,O,20260723,22,EA24,4,,Tomas Martin Etcheverry,R,196,ARG,27.014,31,1460,B0ID,5,,Ignacio Buse,R,183,PER,22.327,35,1312,6-2 7-5,3,QF,103,3,1,57,32,26,14,10,2,3,5,3,61,37,24,11,10,8,12
2026-319,Kitzbuhel,Clay,28,250,O,20260723,23,HB64,,,Quentin Halys,R,191,FRA,29.739,83,743,N0BS,,,Mariano Navone,R,178,ARG,25.399,47,1005,7-5 6-3,3,QF,86,7,1,59,35,28,16,11,3,4,2,1,56,39,24,11,10,3,6
2026-319,Kitzbuhel,Clay,28,250,O,20260723,24,H997,,,Yannick Hanfmann,R,193,GER,34.691,52,974,B0BI,,,Sebastian Baez,R,170,ARG,25.566,56,950,6-3 6-1,3,QF,78,7,0,55,31,23,15,8,4,4,0,1,61,40,19,11,8,4,8
2026-7290,Estoril,Clay,28,250,O,20260723,17,V0DZ,,,Luca Van Assche,R,178,FRA,22.198,78,755,CD85,8,,Pablo Carreno Busta,R,188,ESP,35.031,65,896,6-3 4-6 6-2,3,R16,131,3,6,80,57,36,13,14,4,7,4,5,73,49,33,11,13,3,8
2026-7290,Estoril,Clay,28,250,O,20260723,18,F0F2,,,Jaime Faria,R,188,POR,22.962,88,718,B0GR,,Q,Gonzalo Bueno,R,173,PER,22.303,180,321,6-2 6-4,3,R16,75,5,4,48,31,26,8,9,0,1,0,3,55,31,19,11,9,2,6
2026-319,Kitzbuhel,Clay,28,250,O,20260723,25,BK92,1,,Alexander Bublik,R,196,KAZ,29.098,11,2610,MV14,,,Alex Molcan,L,178,SVK,28.641,81,747,6-3 6-2,3,QF,70,13,7,63,39,30,10,9,7,8,1,4,48,27,19,5,8,4,8
2026-7290,Estoril,Clay,28,250,O,20260723,19,RE44,1,,Andrey Rublev,R,188,RUS,28.756,14,2380,S0GR,,,Timofey Skatov,R,173,KAZ,25.5,163,349,6-1 6-1,3,R16,59,4,1,39,23,17,12,7,1,2,1,4,42,22,8,7,7,4,10
2026-7290,Estoril,Clay,28,250,O,20260723,20,D0FJ,2,,Luciano Darderi,R,183,ITA,24.435,21,2125,MO44,,Q,Pedro Martinez,R,185,ESP,29.24,159,358,6-0 6-1,3,R16,62,3,0,33,14,11,17,7,0,0,0,2,36,23,10,3,6,3,8
2026-319,Kitzbuhel,Clay,28,250,O,20260724,26,BK92,1,,Alexander Bublik,R,196,KAZ,29.101,11,2610,EA24,4,,Tomas Martin Etcheverry,R,196,ARG,27.017,31,1460,6-3 6-4,3,SF,84,7,3,60,39,32,10,10,1,1,7,1,63,43,30,9,9,4,6
2026-319,Kitzbuhel,Clay,28,250,O,20260724,27,HB64,,,Quentin Halys,R,191,FRA,29.741,83,743,H997,,,Yannick Hanfmann,R,193,GER,34.694,52,974,6-4 7-6(2),3,SF,101,11,3,57,34,32,15,11,0,1,5,2,84,48,33,17,11,8,10
2026-7290,Estoril,Clay,28,250,O,20260724,21,V0DZ,,,Luca Van Assche,R,178,FRA,22.201,78,755,RE44,1,,Andrey Rublev,R,188,RUS,28.758,14,2380,3-6 6-3 6-4,3,QF,135,5,2,94,61,44,20,14,10,11,8,4,91,58,43,17,14,9,11
2026-7290,Estoril,Clay,28,250,O,20260724,22,G09O,,,Hugo Gaston,L,173,FRA,25.823,109,602,T0CN,,WC,Tiago Torres,L,175,PRT,24.044,427,109,6-3 6-4,3,QF,101,1,0,63,34,21,16,9,4,6,3,7,79,42,26,12,10,6,11
2026-7290,Estoril,Clay,28,250,O,20260724,23,B0PG,4,,Alexander Blockx,R,193,BEL,21.292,38,1218,B0FV,,,Roman Andres Burruchaga,R,183,ARG,24.498,60,925,6-4 5-7 6-4,3,QF,139,6,4,92,53,39,20,16,4,8,1,4,101,60,38,20,16,5,10
2026-7290,Estoril,Clay,28,250,O,20260724,24,D0FJ,2,,Luciano Darderi,R,183,ITA,24.438,21,2125,F0F2,,,Jaime Faria,R,188,POR,22.965,88,718,2-6 7-5 6-2,3,QF,148,4,1,93,49,31,25,14,8,11,7,4,93,60,39,15,14,6,10
2026-319,Kitzbuhel,Clay,28,250,O,20260725,28,HB64,,,Quentin Halys,R,191,FRA,29.744,83,743,BK92,1,,Alexander Bublik,R,196,KAZ,29.103,11,2610,6-4 7-6(6),3,F,93,17,3,65,38,33,18,11,0,0,6,1,85,59,39,16,11,5,6
2026-7290,Estoril,Clay,28,250,O,20260725,25,V0DZ,,,Luca Van Assche,R,178,FRA,22.204,78,755,G09O,,,Hugo Gaston,L,173,FRA,25.826,109,602,6-4 7-5,3,SF,117,2,5,74,38,26,23,11,3,4,0,0,70,35,22,22,11,6,9
2026-7290,Estoril,Clay,28,250,O,20260726,26,B0PG,4,,Alexander Blockx,R,193,BEL,21.298,38,1218,D0FJ,2,,Luciano Darderi,R,183,ITA,24.444,21,2125,5-7 7-6(1) 7-6(5),3,SF,165,8,6,122,72,53,22,18,8,14,5,4,106,52,33,31,18,3,8
2026-7290,Estoril,Clay,28,250,O,20260726,27,V0DZ,,,Luca Van Assche,R,178,FRA,22.207,78,755,B0PG,4,,Alexander Blockx,R,193,BEL,21.298,38,1218,6-4 4-6 7-5,3,F,144,1,8,93,76,46,4,16,3,10,7,7,97,44,30,19,16,5,13
2026-418,Washington,Hard,32,500,O,20260727,1,M0EJ,4,,Lorenzo Musetti,R,185,ITA,24.4,15,2315,A0FC,,,Matteo Arnaldi,R,185,ITA,25.424,35,1349,6-0 3-1 RET,3,R32,40,3,0,24,15,14,6,5,0,0,3,2,28,12,9,2,5,3,7
2026-418,Washington,Hard,32,500,O,20260727,2,TE30,,,Alejandro Tabilo,L,188,CHI,29.15,30,1558,GJ37,,,Tallon Griekspoor,R,188,NED,30.067,67,895,7-6(3) 4-6 6-4,3,R32,142,14,3,97,58,47,23,16,4,5,17,3,91,59,47,20,16,6,7
2026-418,Washington,Hard,32,500,O,20260727,3,FB98,3,,Taylor Fritz,R,196,USA,28.745,10,3300,BU13,,,Zizou Bergs,R,185,BEL,27.149,36,1340,6-3 6-4,3,R32,79,8,3,63,32,25,21,10,4,4,5,5,55,26,20,13,9,2,4
2026-418,Washington,Hard,32,500,O,20260728,4,N552,,WC,Kei Nishikori,R,178,JPN,36.578,721,45,S0RE,,PR,Juncheng Shang,L,180,CHN,21.481,270,205,6-7(3) 6-3 6-4,3,R32,151,4,0,97,70,51,19,16,0,0,6,2,109,58,41,31,15,7,9
2026-418,Washington,Hard,32,500,O,20260728,5,V832,,Q,Aleksandar Vukic,R,188,AUS,30.308,105,624,S0K7,,LL,Zachary Svajda,R,175,USA,23.661,76,781,6-3 6-1,3,R32,50,12,0,41,26,23,10,8,0,0,3,3,45,23,15,9,8,3,7
2026-7480,Los Cabos,Hard,28,250,O,20260728,1,TA46,,,Bernard Tomic,R,196,AUS,33.766,171,339,H0CD,,Q,Alex Hernandez,R,175,MEX,27.097,498,89,6-1 6-0,3,R32,46,13,2,34,27,24,4,7,0,0,1,3,49,34,18,3,6,2,7
2026-7480,Los Cabos,Hard,28,250,O,20260728,2,B0EJ,,Q,Tristan Boyer,R,188,USA,25.268,162,350,D0F6,,,Gabriel Diallo,R,203,CAN,24.841,99,645,7-5 6-2,3,R32,85,3,3,50,27,22,15,10,0,1,11,4,62,39,29,7,10,3,7
2026-418,Washington,Hard,32,500,O,20260728,6,A0GC,,,Terence Atmane,L,193,FRA,24.548,56,967,TD51,6,,Frances Tiafoe,R,188,USA,28.517,19,2180,4-6 6-3 6-4,3,R32,124,10,1,87,52,43,16,15,1,3,7,2,76,46,36,14,14,3,6
2026-7480,Los Cabos,Hard,28,250,O,20260728,3,W0BH,,,Coleman Wong,R,191,HKG,22.141,108,588,B0NO,,,Darwin Blanch,L,185,USA,18.831,226,249,6-3 6-4,3,R32,69,7,2,52,35,31,11,10,1,1,0,3,57,29,21,15,9,2,4
2026-7480,Los Cabos,Hard,28,250,O,20260728,4,N771,5,,Cameron Norrie,L,188,GBR,30.93,39,1165,K0AZ,,,Aleksandar Kovacevic,R,183,USA,27.912,95,673,6-4 6-1,3,R32,82,2,4,59,32,25,12,9,2,4,5,7,54,25,15,8,8,6,11
2026-418,Washington,Hard,32,500,O,20260728,7,MQ75,,,Kamil Majchrzak,R,183,POL,30.538,72,857,PL56,,,Tommy Paul,R,185,USA,29.196,21,2025,7-5 7-6(4),3,R32,120,8,2,68,37,28,22,12,0,1,10,4,91,50,39,15,12,9,11
2026-418,Washington,Hard,32,500,O,20260728,8,HH26,,,Ugo Humbert,L,188,FRA,28.088,29,1575,M0NP,,Q,Andres Martin,R,183,USA,25.057,381,129,6-2 7-5,3,R32,81,3,5,59,32,23,16,10,3,4,4,6,54,29,20,9,10,0,4
2026-418,Washington,Hard,32,500,O,20260728,9,J0DZ,,,Rafael Jodar,R,191,ESP,19.86,24,1927,F0F1,8,,Arthur Fils,R,185,FRA,22.125,22,1990,7-6(5) 6-3,3,R32,112,4,3,73,35,26,24,10,4,5,6,3,81,52,38,13,11,7,10
2026-418,Washington,Hard,32,500,O,20260728,10,ME82,,,Adrian Mannarino,L,180,FRA,38.078,47,1005,T0HA,5,,Learner Tien,L,180,USA,20.652,16,2245,7-5 6-4,3,R32,82,5,1,54,32,28,16,11,0,0,7,4,66,42,34,9,11,0,2
2026-418,Washington,Hard,32,500,O,20260728,11,M0QI,,,Alex Michelsen,R,193,USA,21.922,40,1165,MK66,,LL,Mackenzie McDonald,R,178,USA,31.283,145,422,6-4 7-5,3,R32,91,9,2,69,42,30,14,11,8,10,5,4,65,34,22,14,11,6,10
2026-418,Washington,Hard,32,500,O,20260728,12,H0K0,,Q,Cruz Hewitt,R,185,AUS,17.626,612,61,GC88,,Q,Marcos Giron,R,180,USA,33.01,85,730,6-3 6-4,3,R32,73,5,5,54,35,29,12,10,0,0,4,5,66,42,27,12,9,4,6
2026-418,Washington,Hard,32,500,O,20260729,13,M0NI,7,,Jakub Mensik,R,196,CZE,20.906,17,2205,S0VM,,Q,Trevor Svajda,R,175,USA,20.274,436,106,6-2 6-7(5) 6-3,3,R32,136,11,8,100,61,51,19,15,7,7,3,3,104,57,37,30,14,10,13
2026-418,Washington,Hard,32,500,O,20260729,14,S0S1,,,Ben Shelton,L,193,USA,23.803,8,3580,D0DT,,Q,Martin Damm,L,203,USA,,104,628,6-4 4-6 6-4,3,R32,129,7,4,81,48,37,20,15,3,5,6,3,93,59,42,17,15,2,5
2026-418,Washington,Hard,32,500,O,20260729,15,N0AE,,,Brandon Nakashima,R,188,USA,24.986,33,1360,EA24,,,Tomas Martin Etcheverry,R,196,ARG,27.031,31,1510,6-3 6-4,3,R32,81,8,1,52,36,29,10,10,0,1,4,3,44,30,22,6,9,0,3
2026-7480,Los Cabos,Hard,28,250,O,20260729,5,W0C4,,LL,Edward Winter,R,178,AUS,21.867,391,124,K0O4,,WC,Moise Kouame,R,191,FRA,17.396,213,263,6-1 6-4,3,R32,86,3,4,62,39,27,15,9,6,6,2,3,57,31,19,13,8,3,6
2026-7480,Los Cabos,Hard,28,250,O,20260729,6,Z0BZ,,,Michael Zheng,R,188,USA,22.502,118,552,L0IL,7,,Martin Landaluce,R,193,ESP,20.553,63,920,6-4 6-3,3,R32,100,0,2,66,32,26,14,10,5,7,0,8,66,35,24,9,9,6,10
2026-7480,Los Cabos,Hard,28,250,O,20260729,7,B0CD,,,Jenson Brooksby,R,193,USA,25.755,77,770,MW02,6,,Corentin Moutet,L,180,FRA,27.277,57,965,6-4 6-4,3,R32,113,1,0,54,31,25,10,10,0,2,0,6,74,41,24,16,10,13,17
2026-7480,Los Cabos,Hard,28,250,O,20260729,8,SU55,8,,Denis Shapovalov,L,185,CAN,27.288,68,890,H0BH,,,Rinky Hijikata,R,178,AUS,25.426,93,677,2-6 6-3 6-2,3,R32,120,6,9,81,39,30,21,13,5,8,1,8,83,38,25,22,12,8,12
2026-7480,Los Cabos,Hard,28,250,O,20260729,9,D994,,,James Duckworth,R,183,AUS,34.519,83,746,M0NB,,Q,Aidan Mayo,R,183,USA,23.209,689,49,4-6 6-3 6-4,3,R32,132,6,5,95,48,38,25,15,4,6,1,3,89,46,34,24,14,6,9
2026-7480,Los Cabos,Hard,28,250,O,20260729,10,G0IX,,,Arthur Gea,R,180,FRA,21.569,127,502,KF17,,Q,Soonwoo Kwon,R,180,KOR,28.654,158,360,6-4 6-7(8) 6-2,3,R32,159,1,8,110,65,45,23,15,8,11,3,5,98,44,30,27,15,6,12
2026-7480,Los Cabos,Hard,28,250,O,20260729,11,P0J1,,WC,Rodrigo Pacheco Mendez,L,191,MEX,21.259,320,163,SY67,,,Sho Shimabukuro,R,180,JPN,28.997,94,677,6-7(4) 7-5 6-2,3,R32,170,6,6,107,70,45,22,16,5,8,6,13,133,65,44,28,16,12,18
2026-418,Washington,Hard,32,500,O,20260730,16,FB98,3,,Taylor Fritz,R,196,USA,28.753,10,3300,MQ75,,,Kamil Majchrzak,R,183,POL,30.543,72,857,6-3 6-4,3,R16,76,14,3,47,32,29,11,10,0,0,6,2,74,40,26,18,9,8,10
2026-418,Washington,Hard,32,500,O,20260730,17,M0EJ,4,,Lorenzo Musetti,R,185,ITA,24.408,15,2315,V832,,Q,Aleksandar Vukic,R,188,AUS,30.313,105,624,6-3 5-7 6-3,3,R16,136,8,3,86,47,36,20,15,5,8,8,2,104,59,35,26,15,11,16
2026-418,Washington,Hard,32,500,O,20260730,18,DH58,1,,Alex de Minaur,R,183,AUS,27.447,6,3660,TE51,,WC,Stefanos Tsitsipas,R,193,GRE,27.964,51,980,6-4 3-6 6-3,3,R32,120,4,8,91,57,45,15,14,5,7,8,3,89,44,29,25,14,3,6
2026-7480,Los Cabos,Hard,28,250,O,20260730,12,S0GD,,,Dalibor Svrcina,R,178,CZE,23.825,116,554,W09E,,,Adam Walton,R,183,AUS,27.285,96,670,6-7(2) 7-6(2) 6-3,3,R32,180,3,12,118,65,41,21,17,5,11,5,4,125,66,37,27,16,9,16
2026-418,Washington,Hard,32,500,O,20260730,19,M0QI,,,Alex Michelsen,R,193,USA,21.927,40,1165,ME82,,,Adrian Mannarino,L,180,FRA,38.084,47,1005,6-4 7-6(3),3,R16,107,11,3,78,43,34,21,11,7,8,1,3,65,35,26,18,11,2,4
2026-418,Washington,Hard,32,500,O,20260730,20,J0DZ,,,Rafael Jodar,R,191,ESP,19.866,24,1927,N552,,WC,Kei Nishikori,R,178,JPN,36.583,721,45,6-3 6-2,3,R16,69,3,2,57,29,22,18,9,3,3,0,2,45,21,15,10,8,0,3
2026-7480,Los Cabos,Hard,28,250,O,20260730,13,W0BH,,,Coleman Wong,R,191,HKG,22.146,108,588,L0BV,1,,Jiri Lehecka,R,185,CZE,24.723,12,2470,1-6 6-3 6-4,3,R16,112,16,5,84,44,33,23,13,4,6,11,2,67,38,29,19,13,3,5
2026-7480,Los Cabos,Hard,28,250,O,20260730,14,C0AU,3,,Francisco Cerundolo,R,185,ARG,27.962,20,2060,B0EJ,,Q,Tristan Boyer,R,188,USA,25.273,162,350,6-7(4) 4-3 RET,3,R16,108,7,2,78,44,28,17,9,1,3,0,4,69,32,23,16,10,6,9
2026-7480,Los Cabos,Hard,28,250,O,20260730,15,B0CD,,,Jenson Brooksby,R,193,USA,25.758,77,770,W0C4,,LL,Edward Winter,R,178,AUS,21.87,391,124,6-3 6-4,3,R16,100,4,1,47,30,25,10,9,2,3,2,0,78,51,32,9,10,6,10
2026-7480,Los Cabos,Hard,28,250,O,20260730,16,S0GD,,,Dalibor Svrcina,R,178,CZE,23.825,116,554,D0FJ,2,,Luciano Darderi,R,183,ITA,24.454,23,1975,3-0 RET,3,R16,22,1,1,10,7,7,1,2,0,0,1,1,27,15,8,4,1,5,6
2026-7480,Los Cabos,Hard,28,250,O,20260730,17,TA46,,LL,Bernard Tomic,R,196,AUS,33.771,171,339,KE29,4,,Karen Khachanov,R,198,RUS,30.19,26,1780,6-2 6-4,3,R16,85,5,1,58,30,23,13,9,3,4,4,6,60,21,13,20,9,4,8
2026-7480,Los Cabos,Hard,28,250,O,20260730,18,SU55,8,,Denis Shapovalov,L,185,CAN,27.291,68,890,P0J1,,WC,Rodrigo Pacheco Mendez,L,191,MEX,21.262,320,163,6-3 6-2,3,R16,67,7,5,48,31,28,8,9,0,0,0,3,40,17,11,14,8,1,4
2026-7480,Los Cabos,Hard,28,250,O,20260730,19,G0IX,,,Arthur Gea,R,180,FRA,21.572,127,502,Z0BZ,,,Michael Zheng,R,188,USA,22.505,118,552,0-6 6-4 6-0,3,R16,113,4,3,64,38,26,11,11,4,8,2,5,80,36,24,18,11,6,11
2026-7480,Los Cabos,Hard,28,250,O,20260730,20,N771,5,,Cameron Norrie,L,188,GBR,30.935,39,1165,D994,,,James Duckworth,R,183,AUS,34.522,83,746,6-4 6-4,3,R16,91,4,3,52,31,26,11,10,2,4,6,5,62,25,18,15,10,5,9
2026-418,Washington,Hard,32,500,O,20260730,21,N0AE,,,Brandon Nakashima,R,188,USA,24.988,33,1360,M0NI,7,,Jakub Mensik,R,196,CZE,20.909,17,2205,7-6(5) 3-6 6-4,3,R16,134,12,4,97,62,49,18,15,4,6,15,7,97,55,45,23,16,1,3
2026-418,Washington,Hard,32,500,O,20260730,22,DH58,1,,Alex de Minaur,R,183,AUS,27.447,6,3660,H0K0,,Q,Cruz Hewitt,R,185,AUS,17.632,612,61,6-2 6-3,3,R16,60,6,2,46,28,21,9,8,2,3,1,3,47,27,15,8,9,2,7
2026-7480,Los Cabos,Hard,28,250,O,20260731,21,G0IX,,,Arthur Gea,R,180,FRA,21.574,127,502,C0AU,3,,Francisco Cerundolo,R,185,ARG,27.964,20,2060,6-7(11) 6-4 6-0,3,QF,160,2,6,104,55,43,29,14,4,5,4,0,102,76,47,14,14,3,8
2026-7480,Los Cabos,Hard,28,250,O,20260731,22,W0BH,,,Coleman Wong,R,191,HKG,22.149,108,588,B0CD,,,Jenson Brooksby,R,193,USA,25.76,77,770,6-1 7-5,3,QF,89,7,1,65,38,31,14,10,4,4,2,1,54,32,22,10,9,8,11
2026-418,Washington,Hard,32,500,O,20260731,23,S0S1,,,Ben Shelton,L,193,USA,23.808,8,3580,HH26,,,Ugo Humbert,L,188,FRA,28.096,29,1575,6-7(3) 6-3 6-4,3,R16,144,8,4,98,61,48,21,16,5,6,7,5,95,55,44,18,15,5,8
2026-418,Washington,Hard,32,500,O,20260731,24,TE30,,,Alejandro Tabilo,L,188,CHI,29.161,30,1558,A0GC,,,Terence Atmane,L,193,FRA,24.556,56,967,6-3 7-6(6),3,R16,92,11,4,68,41,34,14,10,2,2,7,3,67,37,30,15,11,2,4
2026-7480,Los Cabos,Hard,28,250,O,20260731,23,N771,5,,Cameron Norrie,L,188,GBR,30.938,39,1165,TA46,,,Bernard Tomic,R,196,AUS,33.774,171,339,6-1 6-0,3,QF,50,1,2,30,18,16,8,6,0,0,7,5,57,32,15,7,7,9,15
2026-7480,Los Cabos,Hard,28,250,O,20260731,24,SU55,8,,Denis Shapovalov,L,185,CAN,27.294,68,890,S0GD,,,Dalibor Svrcina,R,178,CZE,23.828,116,554,6-4 6-2,3,QF,96,1,8,52,30,20,8,9,2,5,2,6,73,37,18,16,9,10,16
2026-418,Washington,Hard,32,500,O,20260731,25,N0AE,,,Brandon Nakashima,R,188,USA,24.991,33,1360,DH58,1,,Alex de Minaur,R,183,AUS,27.45,6,3660,7-6(5) 6-4,3,QF,114,10,3,93,54,45,15,11,6,7,5,2,65,35,23,19,11,2,4
2026-418,Washington,Hard,32,500,O,20260801,26,FB98,3,,Taylor Fritz,R,196,USA,28.758,10,3300,M0QI,,,Alex Michelsen,R,193,USA,21.933,40,1165,6-1 3-6 7-6(6),3,QF,138,15,3,85,51,43,17,14,8,10,5,7,91,56,41,15,14,3,6
2026-418,Washington,Hard,32,500,O,20260801,27,J0DZ,,,Rafael Jodar,R,191,ESP,19.871,24,1927,M0EJ,4,,Lorenzo Musetti,R,185,ITA,24.413,15,2315,1-6 6-1 6-4,3,QF,119,5,3,72,47,36,13,12,5,7,3,6,79,35,26,21,12,7,10
2026-418,Washington,Hard,32,500,O,20260801,28,TE30,,,Alejandro Tabilo,L,188,CHI,29.164,30,1558,S0S1,,,Ben Shelton,L,193,USA,23.811,8,3580,4-6 7-5 6-4,3,QF,143,6,4,92,56,45,16,16,4,7,5,3,88,55,41,15,16,2,6
2026-7480,Los Cabos,Hard,28,250,O,20260801,25,SU55,8,,Denis Shapovalov,L,185,CAN,27.296,68,890,N771,5,,Cameron Norrie,L,188,GBR,30.94,39,1165,6-3 5-7 6-4,3,SF,158,9,3,100,61,40,26,16,9,11,1,6,93,46,31,27,15,5,8
2026-7480,Los Cabos,Hard,28,250,O,20260801,26,G0IX,,,Arthur Gea,R,180,FRA,21.577,127,502,W0BH,,,Coleman Wong,R,191,HKG,22.152,108,588,7-6(7) 6-3,3,SF,109,3,5,74,39,28,21,10,4,6,7,5,70,43,29,13,11,4,8
2026-418,Washington,Hard,32,500,O,20260802,29,FB98,3,,Taylor Fritz,R,196,USA,28.761,10,3300,N0AE,,,Brandon Nakashima,R,188,USA,24.997,33,1360,6-3 3-6 6-3,3,SF,106,13,2,76,45,36,20,14,3,4,14,2,77,47,37,15,13,1,3
2026-418,Washington,Hard,32,500,O,20260802,30,J0DZ,,,Rafael Jodar,R,191,ESP,19.874,24,1927,TE30,,,Alejandro Tabilo,L,188,CHI,29.166,30,1558,6-7(6) 6-4 6-4,3,SF,143,6,7,94,53,43,28,16,1,1,5,2,99,61,48,21,16,4,6
2026-7480,Los Cabos,Hard,28,250,O,20260802,27,G0IX,,,Arthur Gea,R,180,FRA,21.58,127,502,SU55,8,,Denis Shapovalov,L,185,CAN,27.299,68,890,6-3 6-4,3,F,89,1,4,67,38,28,16,10,6,7,2,9,52,31,23,9,9,4,7
2026-418,Washington,Hard,32,500,O,20260803,31,FB98,3,,Taylor Fritz,R,196,USA,28.745,10,3300,J0DZ,,,Rafael Jodar,R,191,ESP,19.858,24,1927,7-6(2) 6-4,3,F,109,6,3,78,48,39,16,11,2,3,5,3,73,50,33,12,11,1,3
2026-421,Canada Masters,Hard,96,M,O,20260802,1,MU94,,,Jaume Munar,R,183,ESP,29.243,43,1050,H0BH,,,Rinky Hijikata,R,178,AUS,25.437,93,677,7-6(3) 6-3,3,R128,221,4,2,73,48,33,12,11,6,9,2,2,57,34,22,9,10,1,5
2026-421,Canada Masters,Hard,96,M,O,20260802,2,S0RE,,PR,Juncheng Shang,L,180,CHN,21.495,270,205,V0DP,,,Adolfo Daniel Vallejo,R,183,PAR,22.261,65,918,6-3 6-3,3,R128,81,1,2,42,27,22,11,9,0,1,4,5,73,35,23,16,9,3,7
2026-421,Canada Masters,Hard,96,M,O,20260804,3,KI82,,,Vit Kopriva,R,178,CZE,29.136,125,478,GK06,,WC,Alexis Galarneau,R,180,CAN,27.425,200,288,6-4 6-4,3,R128,104,2,4,63,38,28,11,10,2,4,2,4,67,31,17,20,10,6,10
2026-421,Canada Masters,Hard,96,M,O,20260804,4,D994,,,James Duckworth,R,183,AUS,34.535,94,624,O483,,Q,Christopher O'Connell,R,183,AUS,32.17,64,795,6-3 6-1,3,R128,72,6,3,49,28,23,13,8,5,5,3,1,48,24,15,10,8,3,7
2026-421,Canada Masters,Hard,96,M,O,20260804,5,D0DW,,Q,Titouan Droguet,R,191,FRA,25.136,185,314,V0DZ,,,Luca Van Assche,R,178,FRA,22.231,129,471,6-4 2-6 7-6(7),3,R128,182,9,4,102,61,43,21,15,1,5,3,6,108,71,50,16,15,6,9
2026-421,Canada Masters,Hard,96,M,O,20260804,6,M0AW,,Q,Nicolas Mejia,R,183,COL,26.478,223,260,L0IL,,,Martin Landaluce,R,193,ESP,20.569,143,414,4-6 6-4 6-3,3,R128,158,1,3,83,45,32,20,15,2,5,6,10,99,51,37,21,14,12,16
2026-421,Canada Masters,Hard,96,M,O,20260804,7,N0BS,,,Mariano Navone,R,178,ARG,25.432,46,1148,BK40,,,Matteo Berrettini,R,196,ITA,30.311,35,1380,6-3 6-7(5) 6-3,3,R128,183,1,2,125,87,58,22,16,11,12,4,2,85,55,39,17,14,2,5
2026-421,Canada Masters,Hard,96,M,O,20260804,8,BT72,,,Nuno Borges,R,185,POR,29.454,36,1370,K0AZ,,,Aleksandar Kovacevic,R,183,USA,27.932,108,547,6-7(7) 6-2 6-4,3,R128,147,16,4,93,63,49,18,15,4,5,4,7,105,50,37,26,15,4,8
2026-421,Canada Masters,Hard,96,M,O,20260804,9,H997,,,Yannick Hanfmann,R,193,GER,34.724,98,615,BM95,,Q,Benjamin Bonzi,R,183,FRA,30.152,70,762,6-1 4-6 6-2,3,R128,120,7,2,87,47,29,25,13,5,8,9,8,86,57,33,10,12,3,9
2026-421,Canada Masters,Hard,96,M,O,20260804,10,KI95,,,Miomir Kecmanovic,R,183,SRB,26.927,55,1021,Z0BZ,,Q,Michael Zheng,R,188,USA,22.519,754,32,6-4 4-6 7-6(5),3,R128,166,5,8,128,80,54,20,16,11,15,7,6,110,67,48,19,16,4,8
2026-421,Canada Masters,Hard,96,M,O,20260804,11,M0QI,,,Alex Michelsen,R,193,USA,21.941,41,1245,SL28,,,Jan-Lennard Struff,R,193,GER,36.277,42,1225,6-1 3-6 6-1,3,R128,86,4,3,68,43,34,14,12,0,1,6,1,61,35,23,12,11,2,6
2026-421,Canada Masters,Hard,96,M,O,20260804,12,C977,,,Marin Cilic,R,198,CRO,37.848,182,323,SY67,,Q,Sho Shimabukuro,R,180,JPN,29.013,194,303,7-6(2) 6-1,3,R128,92,2,2,58,30,24,20,9,4,4,6,0,59,33,23,12,10,1,4
2026-421,Canada Masters,Hard,96,M,O,20260804,13,D0F6,,WC,Gabriel Diallo,R,203,CAN,24.86,87,646,J0AZ,,Q,Kyrian Jacquet,R,175,FRA,25.232,270,197,6-7(1) 6-3 6-2,3,R128,125,5,2,87,57,44,18,15,0,0,2,4,83,45,33,19,14,2,5
2026-421,Canada Masters,Hard,96,M,O,20260804,14,MW02,,,Corentin Moutet,L,180,FRA,27.294,69,772,F724,,,Marton Fucsovics,R,188,HUN,34.486,100,611,6-1 6-2,3,R128,65,2,0,37,22,17,12,7,1,1,1,8,46,21,13,8,8,3,8
2026-421,Canada Masters,Hard,96,M,O,20260804,15,N771,,,Cameron Norrie,L,188,GBR,30.949,48,1124,U182,,,Camilo Ugo Carabelli,R,185,ARG,27.132,95,624,7-6(5) 6-4,3,R128,119,7,3,72,42,29,18,11,0,2,5,2,78,43,31,14,11,1,4
2026-421,Canada Masters,Hard,96,M,O,20260804,16,AE14,,,Daniel Altmaier,R,188,GER,27.893,93,625,V832,,Q,Aleksandar Vukic,R,188,AUS,30.327,67,778,6-7(2) 7-6(5) 6-4,3,R128,179,11,7,122,70,48,29,17,9,12,6,3,123,68,50,25,17,4,8
2026-421,Canada Masters,Hard,96,M,O,20260804,17,MC65,,WC,Gael Monfils,R,193,FRA,39.923,52,1030,MQ75,,,Kamil Majchrzak,R,183,POL,30.557,117,506,6-4 6-4,3,R128,98,8,6,69,31,26,16,10,3,5,1,3,70,38,19,19,10,5,9
2026-421,Canada Masters,Hard,96,M,O,20260804,18,T0A1,,,Thiago Agustin Tirante,R,185,ARG,25.317,115,515,C0OF,,Q,Duncan Chan,R,183,CAN,21.016,1789,1,6-3 1-6 7-6(3),3,R128,121,5,6,76,36,28,22,14,3,6,6,6,93,58,40,21,14,3,5
2026-421,Canada Masters,Hard,96,M,O,20260804,19,B0BI,,,Sebastian Baez,R,170,ARG,25.599,28,1690,B0GG,,,Mattia Bellucci,L,175,ITA,25.175,101,605,7-5 6-3,3,R128,80,2,4,67,39,30,17,11,5,6,6,6,62,37,29,8,10,4,7
2026-421,Canada Masters,Hard,96,M,O,20260804,20,B0CD,,,Jenson Brooksby,R,193,USA,25.771,1091,10,W09E,,Q,Adam Walton,R,183,AUS,27.299,91,636,6-3 6-4,3,R128,88,6,0,67,46,33,14,10,3,3,1,3,50,25,19,12,9,0,2
2026-421,Canada Masters,Hard,96,M,O,20260804,21,HB71,,PR,Hubert Hurkacz,R,196,POL,29.476,18,2555,GC88,,Q,Marcos Giron,R,180,USA,33.029,45,1150,7-5 4-6 6-2,3,R128,113,16,5,73,50,45,14,15,2,3,2,3,88,46,30,25,15,2,5
2026-421,Canada Masters,Hard,96,M,O,20260804,22,TE51,,Q,Stefanos Tsitsipas,R,193,GRE,27.978,11,3195,D0DT,,Q,Martin Damm,L,203,USA,,326,153,6-4 6-4,3,R128,88,9,5,62,38,31,8,10,1,3,6,3,68,42,24,13,10,4,8
2026-421,Canada Masters,Hard,96,M,O,20260804,23,B0PG,27,,Alexander Blockx,R,193,BEL,21.322,205,280,MU94,,,Jaume Munar,R,183,ESP,29.248,43,1050,W/O,3,R64,74,4,4,55,27,25,16,10,1,1,4,1,51,33,27,7,9,4,6
2026-421,Canada Masters,Hard,96,M,O,20260804,24,M0N7,,,Daniel Merida,R,188,ESP,21.854,296,174,D0DP,,,Liam Draxl,R,185,CAN,24.663,246,231,3-6 6-4 6-4,3,R128,155,1,6,116,75,42,20,14,12,17,1,1,88,53,36,15,15,2,8
2026-421,Canada Masters,Hard,96,M,O,20260804,25,F0BY,,Q,Jacob Fearnley,R,183,GBR,25.054,86,657,ME82,,,Adrian Mannarino,L,180,FRA,38.097,73,744,7-6(3) 6-4,3,R128,113,6,7,64,32,25,16,11,2,5,2,7,77,35,26,18,11,5,9
2026-421,Canada Masters,Hard,96,M,O,20260804,26,P09Z,,Q,Alexei Popyrin,R,196,AUS,26.998,25,1840,B0FV,,,Roman Andres Burruchaga,R,183,ARG,24.528,152,382,4-6 7-5 6-3,3,R128,132,16,2,92,65,47,18,16,4,6,8,5,81,45,33,20,15,4,7
2026-421,Canada Masters,Hard,96,M,O,20260804,27,R0EB,,,Valentin Royer,R,188,FRA,25.183,203,281,CD85,,,Pablo Carreno Busta,R,188,ESP,35.064,184,317,1-6 7-5 6-2,3,R128,136,4,7,93,51,36,21,14,5,8,4,4,97,58,44,13,13,4,7
2026-421,Canada Masters,Hard,96,M,O,20260804,28,S0K7,,,Zachary Svajda,R,175,USA,23.68,165,352,SU55,,,Denis Shapovalov,L,185,CAN,27.305,58,981,4-6 6-4 3-0 RET,3,R128,100,0,2,67,44,33,12,12,1,3,3,3,71,36,26,16,11,6,9
2026-421,Canada Masters,Hard,96,M,O,20260805,29,N0AE,28,,Brandon Nakashima,R,188,USA,25.005,31,1510,AE14,,,Daniel Altmaier,R,188,GER,27.896,93,625,6-2 6-1,3,R64,63,6,1,41,26,24,9,8,3,3,2,3,52,34,18,7,7,3,7
2026-421,Canada Masters,Hard,96,M,O,20260805,30,L0BV,8,,Jiri Lehecka,R,185,CZE,24.739,12,2380,KI82,,,Vit Kopriva,R,178,CZE,29.139,125,478,6-4 6-2,3,R64,81,6,2,53,35,30,8,9,2,2,2,2,63,37,21,15,9,4,7
2026-421,Canada Masters,Hard,96,M,O,20260805,31,S0RE,,PR,Juncheng Shang,L,180,CHN,21.503,270,205,RE44,10,,Andrey Rublev,R,188,RUS,28.791,16,2230,7-5 4-6 7-6(5),3,R64,164,5,3,126,76,43,36,17,11,15,12,8,111,60,41,26,17,3,7
2026-421,Canada Masters,Hard,96,M,O,20260805,32,A0GC,,,Terence Atmane,L,193,FRA,24.569,46,1007,D0CO,,WC,Jack Draper,L,193,GBR,24.619,143,410,6-3 2-6 6-2,3,R128,111,9,6,88,49,36,19,13,7,9,5,2,67,34,22,21,12,1,4
2026-421,Canada Masters,Hard,96,M,O,20260805,33,C0C8,,,Juan Manuel Cerundolo,L,183,ARG,24.72,52,989,M0JF,,,Hamad Medjedovic,R,188,SRB,23.05,73,844,6-4 6-2,3,R128,76,13,1,54,30,27,13,9,2,2,6,3,54,38,27,6,9,4,7
2026-421,Canada Masters,Hard,96,M,O,20260805,34,GJ37,,,Tallon Griekspoor,R,188,NED,30.092,69,885,SU87,,,Lorenzo Sonego,R,191,ITA,31.236,88,718,7-6(5) 7-5,3,R128,110,5,3,71,44,33,19,12,1,2,9,4,76,50,36,14,12,4,6
2026-421,Canada Masters,Hard,96,M,O,20260805,35,M0CI,,,Fabian Marozsan,R,193,HUN,26.825,61,930,M0HU,,Q,Shintaro Mochizuki,R,175,JPN,23.176,117,547,6-4 6-3,3,R128,79,1,2,60,35,23,15,10,3,5,0,4,56,24,14,15,9,4,8
2026-421,Canada Masters,Hard,96,M,O,20260805,36,V812,,,Botic van de Zandschulp,R,191,NED,30.836,70,882,M0GZ,,,Giovanni Mpetshi Perricard,R,203,FRA,23.077,91,690,6-2 3-6 6-3,3,R128,114,3,8,91,57,43,16,13,6,7,13,6,84,55,39,13,13,3,6
2026-421,Canada Masters,Hard,96,M,O,20260805,37,D0FJ,19,,Luciano Darderi,R,183,ITA,24.471,22,2025,D0F6,,,Gabriel Diallo,R,203,CAN,24.862,87,646,6-4 2-3 RET,3,R64,63,2,1,38,22,18,11,7,0,0,5,4,45,27,21,10,8,0,1
2026-421,Canada Masters,Hard,96,M,O,20260805,38,DH58,3,,Alex de Minaur,R,183,AUS,27.463,7,3560,D994,,,James Duckworth,R,183,AUS,34.538,94,624,6-2 7-6(6),3,R64,106,2,3,74,40,27,23,10,5,6,7,3,79,37,26,18,10,5,8
2026-421,Canada Masters,Hard,96,M,O,20260805,39,TD51,15,,Frances Tiafoe,R,188,USA,28.539,20,2105,C977,,,Marin Cilic,R,198,CRO,37.851,182,323,5-7 6-2 6-2,3,R64,136,9,2,77,49,41,16,14,5,6,9,4,102,66,48,12,14,3,7
2026-421,Canada Masters,Hard,96,M,O,20260805,40,H997,,,Yannick Hanfmann,R,193,GER,34.727,98,615,C0E9,6,,Flavio Cobolli,R,183,ITA,24.249,9,3330,7-6(5) 7-6(2),3,R64,129,3,3,93,56,37,17,12,6,10,7,4,88,56,33,16,12,8,12
2026-421,Canada Masters,Hard,96,M,O,20260805,41,M0EJ,11,,Lorenzo Musetti,R,185,ITA,24.424,13,2375,M0AW,,Q,Nicolas Mejia,R,183,COL,26.48,223,260,7-6(8) 6-2,3,R64,127,3,1,66,45,33,15,10,1,1,3,3,81,46,33,17,10,10,12
2026-421,Canada Masters,Hard,96,M,O,20260805,42,N0BS,,,Mariano Navone,R,178,ARG,25.435,46,1148,VA25,14,,Valentin Vacherot,R,193,MON,27.718,18,2176,1-6 6-3 6-3,3,R64,124,2,3,78,55,35,13,12,4,7,7,4,81,51,32,15,13,3,7
2026-421,Canada Masters,Hard,96,M,O,20260805,43,F0FV,22,,Joao Fonseca,R,188,BRA,19.956,27,1700,TE51,,Q,Stefanos Tsitsipas,R,193,GRE,27.981,11,3195,7-6(3) 7-5,3,R64,110,8,2,71,47,39,11,12,3,5,7,4,79,44,30,18,12,0,3
2026-421,Canada Masters,Hard,96,M,O,20260805,44,BT72,,,Nuno Borges,R,185,POR,29.457,36,1370,EA24,26,,Tomas Martin Etcheverry,R,196,ARG,27.05,30,1510,6-4 6-2,3,R64,102,8,2,52,35,29,10,9,2,2,2,4,80,53,31,13,9,11,14
2026-421,Canada Masters,Hard,96,M,O,20260805,45,BU13,31,,Zizou Bergs,R,185,BEL,27.173,34,1340,B0BI,,,Sebastian Baez,R,170,ARG,25.602,28,1690,3-6 6-3 6-2,3,R64,110,7,4,66,37,30,17,13,0,2,1,4,90,59,35,17,13,8,12
2026-421,Canada Masters,Hard,96,M,O,20260805,46,S0S1,5,,Ben Shelton,L,193,USA,23.822,10,2680,B0CD,,,Jenson Brooksby,R,193,USA,25.774,1091,10,6-3 7-5,3,R64,96,3,4,61,40,30,13,11,2,3,1,0,66,44,27,14,10,6,9
2026-421,Canada Masters,Hard,96,M,O,20260805,47,RH16,9,,Casper Ruud,R,183,NOR,27.619,14,2345,C0C8,,,Juan Manuel Cerundolo,L,183,ARG,24.72,52,989,6-1 6-2,3,R64,59,2,5,45,28,23,10,8,0,0,0,3,36,15,9,7,7,1,5
2026-421,Canada Masters,Hard,96,M,O,20260805,48,N771,,,Cameron Norrie,L,188,GBR,30.951,48,1124,B0ID,29,,Ignacio Buse,R,183,PER,22.363,33,1350,6-3 6-3,3,R64,88,3,4,51,35,25,9,9,3,4,2,2,61,26,16,16,9,7,11
2026-421,Canada Masters,Hard,96,M,O,20260805,49,HB71,,,Hubert Hurkacz,R,196,POL,29.478,18,2555,TE30,25,,Alejandro Tabilo,L,188,CHI,29.175,26,1728,6-4 7-6(4),3,R64,96,14,3,71,43,34,14,11,4,6,4,5,70,42,28,15,11,4,7
2026-421,Canada Masters,Hard,96,M,O,20260805,50,T0A1,,,Thiago Agustin Tirante,R,185,ARG,25.32,115,515,FB98,7,,Taylor Fritz,R,196,USA,28.769,8,3400,7-5 6-3,3,R64,88,9,2,53,26,25,18,10,4,4,4,1,73,40,25,18,11,3,6
2026-421,Canada Masters,Hard,96,M,O,20260805,51,F0F1,18,,Arthur Fils,R,185,FRA,22.146,24,1940,S0K7,,,Zachary Svajda,R,175,USA,23.682,165,352,6-4 3-6 6-1,3,R64,98,12,5,77,48,39,11,13,5,8,4,3,83,45,30,14,13,3,8
2026-421,Canada Masters,Hard,96,M,O,20260805,52,RC91,23,,Arthur Rinderknech,R,196,FRA,31.036,29,1623,KI95,,,Miomir Kecmanovic,R,183,SRB,26.93,55,1021,6-7(5) 6-4 6-4,3,R64,173,21,9,117,64,50,24,16,12,14,3,7,110,63,46,22,16,7,11
2026-421,Canada Masters,Hard,96,M,O,20260806,53,M0N7,,,Daniel Merida,R,188,ESP,21.859,296,174,HH26,24,,Ugo Humbert,L,188,FRA,28.112,28,1625,6-3 6-3,3,R64,92,4,4,55,39,29,7,9,1,2,4,7,79,43,30,13,9,9,13
2026-421,Canada Masters,Hard,96,M,O,20260806,54,GJ37,,,Tallon Griekspoor,R,188,NED,30.094,69,885,Z355,1,,Alexander Zverev,R,198,GER,29.295,3,8120,6-7(3) 6-2 6-4,3,R64,154,8,2,80,55,45,15,15,0,1,10,4,94,65,46,12,15,5,9
2026-421,Canada Masters,Hard,96,M,O,20260806,55,M0NI,13,,Jakub Mensik,R,196,CZE,20.928,17,2205,F0BY,,Q,Jacob Fearnley,R,183,GBR,25.06,86,657,6-3 3-6 6-3,3,R64,127,9,2,88,44,34,23,14,6,9,5,3,87,53,36,15,13,5,9
2026-421,Canada Masters,Hard,96,M,O,20260806,56,M0QI,,,Alex Michelsen,R,193,USA,21.947,41,1245,C0AU,16,,Francisco Cerundolo,R,185,ARG,27.981,23,2010,6-3 6-4,3,R64,88,3,3,69,36,24,23,10,9,9,6,1,54,31,24,9,9,4,6
2026-421,Canada Masters,Hard,96,M,O,20260806,57,J0DZ,20,,Rafael Jodar,R,191,ESP,19.885,15,2243,MW02,,,Corentin Moutet,L,180,FRA,27.299,69,772,4-6 6-1 6-3,3,R64,137,1,6,95,52,32,23,13,5,8,4,2,71,44,23,15,13,1,7
2026-421,Canada Masters,Hard,96,M,O,20260806,58,A0GC,,,Terence Atmane,L,193,FRA,24.572,46,1007,KE29,21,,Karen Khachanov,R,198,RUS,30.209,39,1130,6-4 7-6(3),3,R64,107,7,3,73,48,38,13,11,2,3,5,1,72,37,30,16,11,5,7
2026-421,Canada Masters,Hard,96,M,O,20260806,59,A0FC,30,,Matteo Arnaldi,R,185,ITA,25.451,35,1299,M0CI,,,Fabian Marozsan,R,193,HUN,26.828,61,930,7-5 2-6 6-4,3,R64,126,5,7,83,41,32,20,15,2,5,4,2,85,54,38,20,15,5,8
2026-421,Canada Masters,Hard,96,M,O,20260806,60,P09Z,,Q,Alexei Popyrin,R,196,AUS,27.003,25,1840,C0JP,32,,Raphael Collignon,R,191,BEL,24.561,38,1234,6-4 6-3,3,R64,74,10,3,49,32,27,11,9,0,0,7,2,65,38,23,16,10,6,9
2026-421,Canada Masters,Hard,96,M,O,20260806,61,V812,,,Botic van de Zandschulp,R,191,NED,30.839,70,882,MM58,4,,Daniil Medvedev,R,198,RUS,30.483,6,3620,6-3 7-6(5),3,R64,99,0,4,68,39,19,17,10,4,8,3,9,68,38,25,6,11,2,8
2026-421,Canada Masters,Hard,96,M,O,20260806,62,T0HA,12,,Learner Tien,L,180,USA,20.676,19,2155,MC65,,WC,Gael Monfils,R,193,FRA,39.929,52,1030,6-3 0-6 6-3,3,R64,122,3,5,94,60,37,16,12,9,13,3,6,87,37,25,25,12,6,10
2026-421,Canada Masters,Hard,96,M,O,20260806,63,PL56,17,,Tommy Paul,R,185,USA,29.221,21,2075,R0EB,,,Valentin Royer,R,188,FRA,25.188,203,281,6-4 7-6(5),3,R64,124,7,4,89,54,40,17,11,8,9,4,7,88,49,34,19,11,3,5
2026-421,Canada Masters,Hard,96,M,O,20260806,64,D0DW,,Q,Titouan Droguet,R,191,FRA,25.142,185,314,F0F2,,,Jaime Faria,R,188,POR,23.001,79,760,7-6(2) 6-2,3,R64,112,6,3,74,41,30,20,10,4,6,6,10,95,43,28,22,10,7,11
2026-421,Canada Masters,Hard,96,M,O,20260806,65,F0F1,18,,Arthur Fils,R,185,FRA,22.149,24,1940,N0BS,,,Mariano Navone,R,178,ARG,25.437,46,1148,6-3 6-2,3,R32,79,4,1,49,32,29,9,9,0,0,1,2,63,43,25,10,8,4,7
2026-421,Canada Masters,Hard,96,M,O,20260807,66,N771,,,Cameron Norrie,L,188,GBR,30.957,48,1124,DH58,3,,Alex de Minaur,R,183,AUS,27.469,7,3560,5-7 7-6(5) 6-1,3,R32,172,7,3,111,59,41,22,15,8,13,3,5,102,53,36,18,16,3,10
2026-421,Canada Masters,Hard,96,M,O,20260807,67,L0BV,8,,Jiri Lehecka,R,185,CZE,24.745,12,2380,B0PG,27,,Alexander Blockx,R,193,BEL,21.331,205,280,6-3 6-4,3,R32,89,2,2,54,30,26,14,10,0,0,10,7,73,39,29,14,9,5,7
2026-421,Canada Masters,Hard,96,M,O,20260807,68,D0FJ,19,,Luciano Darderi,R,183,ITA,24.476,22,2025,S0RE,,PR,Juncheng Shang,L,180,CHN,21.509,270,205,4-6 6-1 6-4,3,R32,118,8,3,77,44,37,14,14,1,3,4,3,86,56,34,16,13,8,12
2026-421,Canada Masters,Hard,96,M,O,20260807,69,BT72,,,Nuno Borges,R,185,POR,29.462,36,1370,H997,,,Yannick Hanfmann,R,193,GER,34.732,98,615,6-4 6-2,3,R32,73,2,4,49,28,25,11,9,0,0,8,4,57,34,26,5,9,2,5
2026-421,Canada Masters,Hard,96,M,O,20260807,70,J0DZ,20,,Rafael Jodar,R,191,ESP,19.888,15,2243,M0EJ,11,,Lorenzo Musetti,R,185,ITA,24.43,13,2375,6-4 6-3,3,R32,95,0,2,52,38,27,4,9,2,5,1,4,68,41,20,10,10,5,11
2026-421,Canada Masters,Hard,96,M,O,20260807,71,N0AE,28,,Brandon Nakashima,R,188,USA,25.01,31,1510,D0DW,,Q,Titouan Droguet,R,191,FRA,25.144,185,314,4-6 6-2 7-5,3,R32,151,5,1,77,45,38,20,15,4,6,10,5,118,64,46,22,15,11,15
2026-421,Canada Masters,Hard,96,M,O,20260807,72,RC91,23,,Arthur Rinderknech,R,196,FRA,31.042,29,1623,TD51,15,,Frances Tiafoe,R,188,USA,28.545,20,2105,6-2 2-0 RET,3,R32,57,5,1,24,17,16,4,5,0,0,0,2,50,20,10,14,5,9,12
2026-421,Canada Masters,Hard,96,M,O,20260807,73,GJ37,,,Tallon Griekspoor,R,188,NED,30.097,69,885,A0FC,30,,Matteo Arnaldi,R,185,ITA,25.454,35,1299,3-6 6-4 6-3,3,R32,133,4,5,77,43,32,17,14,1,5,10,4,76,40,31,15,14,4,9
2026-421,Canada Masters,Hard,96,M,O,20260807,74,M0N7,,,Daniel Merida,R,188,ESP,21.862,296,174,M0QI,,,Alex Michelsen,R,193,USA,21.949,41,1245,6-4 6-7(4) 6-1,3,R32,133,6,3,93,55,44,16,15,4,6,2,3,97,59,42,13,14,7,12
2026-421,Canada Masters,Hard,96,M,O,20260808,75,T0A1,,,Thiago Agustin Tirante,R,185,ARG,25.328,115,515,P09Z,,Q,Alexei Popyrin,R,196,AUS,27.009,25,1840,6-3 6-4,3,R32,76,9,2,51,27,22,18,10,0,0,3,2,56,32,21,15,9,1,3
2026-421,Canada Masters,Hard,96,M,O,20260808,76,S0S1,5,,Ben Shelton,L,193,USA,23.83,10,2680,BU13,31,,Zizou Bergs,R,185,BEL,27.181,34,1340,6-3 6-2,3,R32,64,8,0,43,30,26,10,9,0,0,5,4,44,20,17,11,8,2,5
2026-421,Canada Masters,Hard,96,M,O,20260808,77,F0FV,22,,Joao Fonseca,R,188,BRA,19.964,27,1700,RH16,9,,Casper Ruud,R,183,NOR,27.628,14,2345,7-6(6) 6-3,3,R32,114,5,2,78,50,36,15,11,6,7,3,7,65,37,25,16,10,1,3
2026-421,Canada Masters,Hard,96,M,O,20260808,78,M0NI,13,,Jakub Mensik,R,196,CZE,20.934,17,2205,A0GC,,,Terence Atmane,L,193,FRA,24.578,46,1007,7-5 6-4,3,R32,101,3,2,67,43,38,10,11,1,1,11,5,70,43,33,10,11,8,10
2026-421,Canada Masters,Hard,96,M,O,20260808,79,V812,,,Botic van de Zandschulp,R,191,NED,30.845,70,882,HB71,,PR,Hubert Hurkacz,R,196,POL,29.487,18,2555,3-6 7-6(4) 7-5,3,R32,164,4,5,98,58,38,23,16,2,5,10,10,114,65,51,21,17,5,8
2026-421,Canada Masters,Hard,96,M,O,20260808,80,D0FJ,19,,Luciano Darderi,R,183,ITA,24.479,22,2025,BT72,,,Nuno Borges,R,185,POR,29.465,36,1370,4-6 6-3 7-5,3,R16,142,4,1,100,60,44,21,16,5,7,17,6,91,62,50,10,15,4,7
2026-421,Canada Masters,Hard,96,M,O,20260808,81,T0HA,12,,Learner Tien,L,180,USA,20.682,19,2155,PL56,17,,Tommy Paul,R,185,USA,29.227,21,2075,6-3 6-2,3,R32,78,0,3,55,37,26,7,8,3,5,4,1,54,32,18,9,9,6,12
2026-421,Canada Masters,Hard,96,M,O,20260809,82,N0AE,28,,Brandon Nakashima,R,188,USA,25.016,31,1510,RC91,23,,Arthur Rinderknech,R,196,FRA,31.047,29,1623,7-6(4) 5-7 7-5,3,R16,171,16,2,107,69,51,21,18,2,5,17,6,114,74,59,17,18,6,9
2026-421,Canada Masters,Hard,96,M,O,20260809,83,J0DZ,20,,Rafael Jodar,R,191,ESP,19.893,15,2243,L0BV,8,,Jiri Lehecka,R,185,CZE,24.75,12,2380,6-3 6-3,3,R16,74,2,2,52,28,24,13,9,2,3,3,2,57,32,19,11,9,3,7
2026-421,Canada Masters,Hard,96,M,O,20260809,84,F0F1,18,,Arthur Fils,R,185,FRA,22.157,24,1940,N771,,,Cameron Norrie,L,188,GBR,30.962,48,1124,6-2 7-6(8),3,R16,103,5,3,75,50,39,15,10,4,4,4,3,71,40,29,15,10,6,8
2026-421,Canada Masters,Hard,96,M,O,20260809,85,T0HA,12,,Learner Tien,L,180,USA,20.684,19,2155,T0A1,,,Thiago Agustin Tirante,R,185,ARG,25.331,115,515,6-4 6-4,3,R16,109,2,1,80,59,37,9,10,8,10,7,1,67,36,23,13,10,8,12
2026-421,Canada Masters,Hard,96,M,O,20260809,86,M0N7,,,Daniel Merida,R,188,ESP,21.867,296,174,GJ37,,,Tallon Griekspoor,R,188,NED,30.103,69,885,6-3 6-1,3,R16,69,3,1,45,30,25,10,8,2,2,3,6,53,30,17,10,8,4,8
2026-421,Canada Masters,Hard,96,M,O,20260810,87,S0S1,5,,Ben Shelton,L,193,USA,23.836,10,2680,F0FV,22,,Joao Fonseca,R,188,BRA,19.97,27,1700,6-3 7-6(3),3,R16,108,5,1,63,45,35,12,11,3,5,0,3,83,53,31,16,10,3,6
2026-421,Canada Masters,Hard,96,M,O,20260810,88,M0NI,13,,Jakub Mensik,R,196,CZE,20.939,17,2205,V812,,,Botic van de Zandschulp,R,191,NED,30.85,70,882,6-4 7-5,3,R16,89,13,2,63,42,34,10,11,1,2,1,2,66,45,31,9,11,1,4
2026-421,Canada Masters,Hard,96,M,O,20260811,89,N0AE,28,,Brandon Nakashima,R,188,USA,25.021,31,1510,D0FJ,19,,Luciano Darderi,R,183,ITA,24.487,22,2025,6-2 6-3,3,QF,77,11,1,60,36,30,12,9,4,4,2,6,54,36,25,5,8,5,8
2026-421,Canada Masters,Hard,96,M,O,20260811,90,J0DZ,20,,Rafael Jodar,R,191,ESP,19.899,15,2243,F0F1,18,,Arthur Fils,R,185,FRA,22.163,24,1940,7-6(5) 6-3,3,QF,102,3,1,76,51,37,11,10,2,4,7,1,76,44,29,16,11,8,12
2026-421,Canada Masters,Hard,96,M,O,20260812,91,S0S1,5,,Ben Shelton,L,193,USA,23.841,10,2680,M0NI,13,,Jakub Mensik,R,196,CZE,20.945,17,2205,6-3 6-1,3,QF,72,1,1,44,28,25,8,8,0,0,1,3,53,33,21,5,8,2,6
2026-421,Canada Masters,Hard,96,M,O,20260812,92,T0HA,12,,Learner Tien,L,180,USA,20.693,19,2155,M0N7,,,Daniel Merida,R,188,ESP,21.875,296,174,6-3 6-2,3,QF,72,0,0,52,38,27,9,9,2,3,0,1,55,34,18,9,8,4,8
2026-421,Canada Masters,Hard,96,M,O,20260813,93,N0AE,28,,Brandon Nakashima,R,188,USA,25.027,31,1510,J0DZ,20,,Rafael Jodar,R,191,ESP,19.904,15,2243,7-6(3) 6-4,3,SF,122,6,0,77,48,39,18,11,6,6,4,5,96,57,39,20,11,10,11
2026-421,Canada Masters,Hard,96,M,O,20260813,94,S0S1,5,,Ben Shelton,L,193,USA,23.844,10,2680,T0HA,12,,Learner Tien,L,180,USA,20.695,19,2155,6-2 6-3,3,SF,84,5,1,58,43,35,6,9,4,4,1,5,50,29,16,11,8,2,5
2026-421,Canada Masters,Hard,96,M,O,20260814,95,S0S1,5,,Ben Shelton,L,193,USA,23.844,10,2680,N0AE,28,,Brandon Nakashima,R,188,USA,25.027,31,1510,6-3 7-6(4),3,F,87,7,0,54,37,32,13,10,0,0,8,1,64,40,32,12,11,2,4
2026-422,Cincinnati Masters,Hard,96,M,O,20260814,1,N0BS,,,Mariano Navone,R,178,ARG,25.459,44,1066,C0JP,,,Raphael Collignon,R,191,BEL,24.583,38,1222,6-3 7-6(3),3,R128,111,1,0,63,44,37,10,11,2,3,7,8,83,51,35,13,10,11,13
2026-422,Cincinnati Masters,Hard,96,M,O,20260814,2,KI95,,,Miomir Kecmanovic,R,183,SRB,26.954,66,930,U182,,,Camilo Ugo Carabelli,R,185,ARG,27.159,76,790,6-3 6-3,3,R128,87,5,3,60,29,22,18,9,7,8,5,6,64,33,20,13,9,8,12
2026-422,Cincinnati Masters,Hard,96,M,O,20260814,3,L0IL,,,Martin Landaluce,R,193,ESP,20.597,67,922,D0CO,,WC,Jack Draper,L,193,GBR,24.643,143,410,6-3 7-5,3,R128,116,4,6,69,34,25,17,10,3,5,6,12,90,48,33,14,11,7,12
2026-422,Cincinnati Masters,Hard,96,M,O,20260814,4,N771,,,Cameron Norrie,L,188,GBR,30.976,35,1345,P0HW,,,Dino Prizmic,R,188,CRO,21.024,101,652,3-6 6-1 6-4,3,R128,117,3,3,81,47,36,20,13,4,5,11,4,65,34,27,17,13,1,4
2026-422,Cincinnati Masters,Hard,96,M,O,20260814,5,SU55,,,Denis Shapovalov,L,185,CAN,27.332,48,1045,ME82,,,Adrian Mannarino,L,180,FRA,38.125,52,1005,6-1 6-4,3,R128,85,9,4,56,37,27,10,9,5,6,3,4,60,33,22,8,8,5,9
2026-422,Cincinnati Masters,Hard,96,M,O,20260814,6,SL28,,,Jan-Lennard Struff,R,193,GER,36.304,43,1069,B0FV,,,Roman Andres Burruchaga,R,183,ARG,24.556,61,962,7-6(4) 2-6 6-3,3,R128,144,16,8,113,61,46,23,15,7,10,12,4,90,62,45,13,14,5,7
2026-422,Cincinnati Masters,Hard,96,M,O,20260814,7,T0A1,,,Thiago Agustin Tirante,R,185,ARG,25.344,50,1011,CH12,,,Jan Choinski,R,196,GBR,30.177,77,770,7-6(9) 6-7(7) 7-6(4),3,R128,176,20,4,118,59,46,39,18,3,5,14,3,124,81,58,27,18,5,7
2026-422,Cincinnati Masters,Hard,96,M,O,20260814,8,H0BH,,,Rinky Hijikata,R,178,AUS,25.47,95,673,MC65,,,Gael Monfils,R,193,FRA,39.951,305,180,2-6 7-6(5) 6-3,3,R128,151,3,4,101,56,37,28,15,2,6,16,7,123,57,46,27,14,2,5
2026-422,Cincinnati Masters,Hard,96,M,O,20260814,9,A0GC,,,Terence Atmane,L,193,FRA,24.594,45,1057,F724,,,Marton Fucsovics,R,188,HUN,34.513,82,750,3-1 RET,3,R128,21,4,0,15,7,6,5,2,0,0,0,0,14,7,3,3,2,1,2
2026-422,Cincinnati Masters,Hard,96,M,O,20260814,10,B0GG,,,Mattia Bellucci,L,175,ITA,25.202,81,751,S0K7,,,Zachary Svajda,R,175,USA,23.707,84,749,7-6(0) 7-6(4),3,R128,124,6,3,86,59,39,20,12,5,6,8,3,85,50,40,14,12,6,7
2026-422,Cincinnati Masters,Hard,96,M,O,20260814,11,HB71,,,Hubert Hurkacz,R,196,POL,29.503,69,915,SY67,,LL,Sho Shimabukuro,R,180,JPN,29.04,90,697,6-2 6-4,3,R128,73,13,1,48,34,28,10,9,2,2,2,3,62,38,25,10,9,2,5
2026-422,Cincinnati Masters,Hard,96,M,O,20260814,12,V0DP,,,Adolfo Daniel Vallejo,R,183,PAR,22.294,70,914,J0AZ,,Q,Kyrian Jacquet,R,175,FRA,25.259,119,551,6-2 6-4,3,R128,70,7,3,44,26,24,13,9,1,1,3,2,61,33,22,14,9,7,10
2026-422,Cincinnati Masters,Hard,96,M,O,20260814,13,AE14,,,Daniel Altmaier,R,188,GER,27.921,65,944,W0BH,,Q,Coleman Wong,R,191,HKG,22.188,93,680,3-6 6-3 6-4,3,R128,139,9,3,91,54,39,19,14,7,10,11,7,88,47,37,16,14,3,7
2026-422,Cincinnati Masters,Hard,96,M,O,20260814,14,HB64,,Q,Quentin Halys,R,191,FRA,29.799,57,980,KI82,,,Vit Kopriva,R,178,CZE,29.164,71,886,7-6(5) 6-4,3,R128,107,12,2,76,44,33,17,11,3,5,2,2,66,36,28,13,11,1,4
2026-422,Cincinnati Masters,Hard,96,M,O,20260814,15,TE51,,,Stefanos Tsitsipas,R,193,GRE,28.005,49,1020,R0EB,,,Valentin Royer,R,188,FRA,25.21,78,768,7-6(4) 7-5,3,R128,118,4,2,76,40,28,23,12,0,2,2,4,79,46,31,14,12,4,7
2026-422,Cincinnati Masters,Hard,96,M,O,20260814,16,B0BI,,,Sebastian Baez,R,170,ARG,25.626,53,1005,D875,,,Grigor Dimitrov,R,191,BUL,35.247,138,432,1-6 6-3 6-4,3,R128,108,1,2,77,47,30,19,13,6,9,6,7,76,43,35,16,13,3,6
2026-422,Cincinnati Masters,Hard,96,M,O,20260814,17,H997,,,Yannick Hanfmann,R,193,GER,34.752,55,986,V0DZ,,Q,Luca Van Assche,R,178,FRA,22.259,54,1001,6-2 6-4,3,R128,102,10,3,59,35,28,13,9,4,4,4,4,68,41,24,13,9,5,8
2026-422,Cincinnati Masters,Hard,96,M,O,20260814,18,M0QI,,,Alex Michelsen,R,193,USA,21.969,41,1090,D0C1,,,Jesper De Jong,,,,,106,618,6-4 6-4,3,R128,83,7,1,57,36,30,12,10,2,2,3,4,58,29,23,12,10,2,4
2026-422,Cincinnati Masters,Hard,96,M,O,20260814,19,BK40,,,Matteo Berrettini,R,196,ITA,30.338,42,1085,D0DW,,Q,Titouan Droguet,R,191,FRA,25.164,111,594,3-6 6-1 6-4,3,R128,120,9,4,81,44,39,18,13,1,2,7,3,76,47,37,12,13,3,6
2026-422,Cincinnati Masters,Hard,96,M,O,20260814,20,CD85,,,Pablo Carreno Busta,R,188,ESP,35.091,72,885,M0FH,,,Tomas Machac,R,183,CZE,25.834,62,960,6-3 6-2,3,R128,73,1,5,53,27,18,15,9,3,5,3,4,53,29,17,10,8,3,8
2026-422,Cincinnati Masters,Hard,96,M,O,20260814,21,V812,,,Botic Van De Zandschulp,R,191,NED,30.861,59,969,S0H2,,,Aleksandr Shevchenko,,,,,89,699,6-4 6-4,3,R128,112,7,5,62,38,33,10,10,3,4,9,6,86,46,33,16,10,5,8
2026-422,Cincinnati Masters,Hard,96,M,O,20260814,22,C0C8,,,Juan Manuel Cerundolo,L,183,ARG,24.745,51,1006,L0GH,,Q,Mark Lajal,R,191,EST,23.258,159,361,6-4 6-4,3,R128,83,4,2,53,23,22,18,10,0,0,5,2,57,36,26,15,10,5,7
2026-422,Cincinnati Masters,Hard,96,M,O,20260814,23,D994,,,James Duckworth,R,183,AUS,34.563,86,743,W09G,,Q,J.J. Wolf,R,183,USA,27.647,285,195,7-5 7-6(0),3,R128,114,7,3,68,36,32,19,12,3,4,5,3,96,54,34,21,12,5,7
2026-422,Cincinnati Masters,Hard,96,M,O,20260814,24,O483,,Q,Christopher O'Connell,R,183,AUS,32.197,129,491,MQ75,,,Kamil Majchrzak,R,183,POL,30.585,68,917,6-4 7-6(5),3,R128,114,11,3,82,46,35,20,11,6,7,13,2,73,43,32,15,11,2,4
2026-422,Cincinnati Masters,Hard,96,M,O,20260815,25,BT72,,,Nuno Borges,R,185,POR,29.484,47,1045,KD46,,PR,Thanasi Kokkinakis,R,193,AUS,30.346,440,108,5-7 7-6(3) 7-6(4),3,R128,178,18,3,102,67,59,17,18,0,2,20,5,119,64,52,30,18,5,6
2026-422,Cincinnati Masters,Hard,96,M,O,20260815,26,SU87,,,Lorenzo Sonego,R,191,ITA,31.264,88,718,S0RE,,PR,Juncheng Shang,L,180,CHN,21.53,228,245,6-3 6-3,3,R128,87,7,2,60,39,28,11,9,2,3,1,5,54,25,14,15,9,3,7
2026-422,Cincinnati Masters,Hard,96,M,O,20260815,27,W09E,,,Adam Walton,R,183,AUS,27.329,98,670,M0AW,,Q,Nicolas Mejia,R,183,COL,26.508,122,530,7-6(5) 6-0,3,R128,108,4,1,55,36,25,14,9,0,1,4,2,68,42,23,14,9,5,9
2026-422,Cincinnati Masters,Hard,96,M,O,20260815,28,F0F2,,Q,Jaime Faria,R,188,POR,23.025,79,762,B0CD,,,Jenson Brooksby,R,193,USA,25.802,74,840,6-3 6-2,3,R128,74,5,6,60,33,26,13,9,5,6,1,2,53,33,20,7,8,3,7
2026-422,Cincinnati Masters,Hard,96,M,O,20260815,29,M0N7,,,Daniel Merida,R,188,ESP,21.884,40,1117,C977,,WC,Marin Cilic,R,198,CRO,37.878,80,751,3-6 6-1 6-1,3,R128,99,9,2,78,44,32,19,11,4,5,5,2,66,33,22,16,12,2,7
2026-422,Cincinnati Masters,Hard,96,M,O,20260815,30,TA29,,Q,Marco Trungelliti,R,178,ARG,36.537,91,693,M0JF,,,Hamad Medjedovic,R,188,SRB,23.077,73,854,7-5 7-6(2),3,R128,124,14,5,68,39,30,18,12,1,3,10,9,99,56,36,20,12,9,12
2026-422,Cincinnati Masters,Hard,96,M,O,20260815,31,Z0BZ,,Q,Michael Zheng,R,188,USA,22.549,110,595,M0CI,,,Fabian Marozsan,R,193,HUN,26.853,63,950,3-6 6-1 7-6(1),3,R128,119,7,6,86,48,40,20,14,4,6,12,3,90,53,35,19,14,1,4
2026-422,Cincinnati Masters,Hard,96,M,O,20260815,32,K0AZ,,,Aleksandar Kovacevic,R,183,USA,27.962,96,673,KE29,,,Karen Khachanov,R,198,RUS,30.234,39,1140,5-7 6-3 7-6(2),3,R128,142,10,2,100,52,44,30,17,7,8,16,4,105,59,44,27,16,10,11
2026-422,Cincinnati Masters,Hard,96,M,O,20260815,33,C0E9,7,,Flavio Cobolli,R,183,ITA,24.277,10,3330,KI95,,,Miomir Kecmanovic,R,183,SRB,26.957,66,930,6-1 4-6 6-3,3,R64,120,13,8,80,39,34,19,13,7,9,3,0,98,58,32,20,13,7,12
2026-422,Cincinnati Masters,Hard,96,M,O,20260816,34,A0GC,,,Terence Atmane,L,193,FRA,24.6,45,1057,EA24,26,,Tomas Martin Etcheverry,R,196,ARG,27.08,31,1470,6-3 7-6(4),3,R64,113,10,3,76,44,36,21,11,4,4,6,0,54,29,25,16,10,0,1
2026-422,Cincinnati Masters,Hard,96,M,O,20260816,35,T0A1,,,Thiago Agustin Tirante,R,185,ARG,25.35,50,1011,D643,3,,Novak Djokovic,R,188,SRB,39.236,5,3760,2-6 6-4 6-4,3,R64,164,13,5,83,49,43,15,14,4,6,5,7,111,60,47,22,14,13,15
2026-422,Cincinnati Masters,Hard,96,M,O,20260816,36,DH58,5,,Alex de Minaur,R,183,AUS,27.493,8,3560,HB64,,Q,Quentin Halys,R,191,FRA,29.804,57,980,1-6 6-3 7-6(4),3,R64,136,7,6,86,46,33,26,14,5,7,9,3,100,52,41,25,14,11,12
2026-422,Cincinnati Masters,Hard,96,M,O,20260816,37,M0NI,14,,Jakub Mensik,R,196,CZE,20.956,16,2395,B0GG,,,Mattia Bellucci,L,175,ITA,25.207,81,751,7-5 2-6 7-6(5),3,R64,171,16,4,109,60,50,23,16,5,8,7,1,103,53,40,29,16,4,6
2026-422,Cincinnati Masters,Hard,96,M,O,20260816,38,V0DP,,,Adolfo Daniel Vallejo,R,183,PAR,22.3,70,914,VA25,15,,Valentin Vacherot,R,193,MON,27.748,19,2186,6-3 6-3,3,R64,80,2,4,51,30,28,10,9,0,0,14,5,48,30,24,6,9,0,3
2026-422,Cincinnati Masters,Hard,96,M,O,20260816,39,H0BH,,WC,Rinky Hijikata,R,178,AUS,25.476,95,673,D0FJ,19,,Luciano Darderi,R,183,ITA,24.501,20,2175,6-4 6-2,3,R64,72,10,2,49,28,21,16,9,0,0,2,1,53,36,20,12,9,3,6
2026-422,Cincinnati Masters,Hard,96,M,O,20260816,40,TE30,22,,Alejandro Tabilo,L,188,CHI,29.205,29,1688,SL28,,,Jan-Lennard Struff,R,193,GER,36.309,43,1069,6-3 6-4,3,R64,79,5,1,56,37,30,12,10,0,0,5,2,61,32,20,17,9,1,3
2026-422,Cincinnati Masters,Hard,96,M,O,20260816,41,B0PG,28,,Alexander Blockx,R,193,BEL,21.355,32,1396,N0BS,,,Mariano Navone,R,178,ARG,25.465,44,1066,6-3 6-4,3,R64,85,11,2,60,37,32,11,10,2,2,0,2,56,38,25,11,9,4,6
2026-422,Cincinnati Masters,Hard,96,M,O,20260816,42,L0IL,,,Martin Landaluce,R,193,ESP,20.602,67,922,A0FC,31,,Matteo Arnaldi,R,185,ITA,25.478,34,1349,6-4 4-6 6-4,3,R64,153,4,7,85,44,29,20,15,4,9,8,4,93,48,35,17,15,8,14
2026-422,Cincinnati Masters,Hard,96,M,O,20260816,43,F0DM,32,,Arthur Fery,R,175,GBR,24.096,37,1285,D994,,,James Duckworth,R,183,AUS,34.568,86,743,6-4 2-6 7-6(4),3,R64,152,9,3,101,51,38,27,15,3,6,6,4,89,45,37,23,15,1,3
2026-422,Cincinnati Masters,Hard,96,M,O,20260816,44,PL56,18,,Tommy Paul,R,185,USA,29.248,24,2075,HB71,,,Hubert Hurkacz,R,196,POL,29.509,69,915,6-4 6-7(3) 6-3,3,R64,157,1,3,110,63,46,28,16,9,9,19,3,95,59,44,18,15,4,6
2026-422,Cincinnati Masters,Hard,96,M,O,20260816,45,L0BV,9,,Jiri Lehecka,R,185,CZE,24.769,14,2470,BK40,,,Matteo Berrettini,R,196,ITA,30.344,42,1085,6-4 6-7(3) 6-3,3,R64,142,13,1,96,63,50,22,16,4,4,7,0,84,53,43,19,15,4,6
2026-422,Cincinnati Masters,Hard,96,M,O,20260816,46,J0DZ,12,,Rafael Jodar,R,191,ESP,19.912,11,2621,SU55,,,Denis Shapovalov,L,185,CAN,27.337,48,1045,7-5 4-6 7-5,3,R64,176,1,4,115,75,50,20,17,4,8,3,7,110,56,38,27,17,6,11
2026-422,Cincinnati Masters,Hard,96,M,O,20260816,47,F0F1,21,,Arthur Fils,R,185,FRA,22.177,21,2140,H997,,,Yannick Hanfmann,R,193,GER,34.757,55,986,7-6(5) 6-1,3,R64,96,7,2,63,37,29,13,9,3,4,7,7,68,36,26,12,10,3,7
2026-422,Cincinnati Masters,Hard,96,M,O,20260816,48,Z355,1,,Alexander Zverev,R,198,GER,29.322,3,8090,N771,,,Cameron Norrie,L,188,GBR,30.982,35,1345,3-6 6-3 6-3,3,R64,155,16,5,74,39,33,20,13,2,3,3,6,111,64,42,23,14,12,15
2026-422,Cincinnati Masters,Hard,96,M,O,20260816,49,O483,,Q,Christopher O'Connell,R,183,AUS,32.203,129,491,RH16,11,,Casper Ruud,R,183,NOR,27.65,17,2385,7-5 1-2 RET,3,R64,65,13,0,44,25,21,9,7,1,2,1,1,37,20,15,11,8,0,2
2026-422,Cincinnati Masters,Hard,96,M,O,20260816,50,MM58,4,,Daniil Medvedev,R,198,RUS,30.511,7,3580,TA29,,Q,Marco Trungelliti,R,178,ARG,36.539,91,693,6-4 7-5,3,R64,106,11,9,71,35,31,16,11,2,3,1,0,70,49,35,8,11,2,5
2026-422,Cincinnati Masters,Hard,96,M,O,20260816,51,Z0BZ,,Q,Michael Zheng,R,188,USA,22.552,110,595,HH26,24,,Ugo Humbert,L,188,FRA,28.14,30,1585,6-4 6-3,3,R64,82,4,3,57,34,25,13,9,1,1,3,8,62,32,19,15,10,4,7
2026-422,Cincinnati Masters,Hard,96,M,O,20260816,52,AG37,2,,Felix Auger-Aliassime,R,193,CAN,26.021,29,1680,TE51,,,Stefanos Tsitsipas,R,193,GRE,28.011,49,1020,6-3 7-5,3,R64,88,7,5,58,35,26,14,11,2,4,6,2,53,33,21,6,10,0,4
2026-422,Cincinnati Masters,Hard,96,M,O,20260816,53,F0FV,23,,Joao Fonseca,R,188,BRA,19.986,26,1800,V812,,,Botic van de Zandschulp,R,191,NED,30.867,59,969,6-4 7-6(2),3,R64,107,2,2,72,46,29,17,11,4,6,4,8,68,35,29,9,11,0,3
2026-422,Cincinnati Masters,Hard,96,M,O,20260816,54,BT72,,,Nuno Borges,R,185,POR,29.487,47,1045,C0AU,20,,Francisco Cerundolo,R,185,ARG,28.008,25,1970,6-4 6-4,3,R64,79,5,3,50,30,28,11,10,1,2,3,2,63,30,20,18,10,5,8
2026-422,Cincinnati Masters,Hard,96,M,O,20260816,55,FB98,6,,Taylor Fritz,R,196,USA,28.799,9,3375,M0QI,,,Alex Michelsen,R,193,USA,21.974,41,1090,6-3 6-4,3,R64,85,7,6,71,38,31,14,10,1,2,4,8,60,37,25,8,9,3,6
2026-422,Cincinnati Masters,Hard,96,M,O,20260816,56,M0EJ,10,,Lorenzo Musetti,R,185,ITA,24.454,15,2415,AE14,,,Daniel Altmaier,R,188,GER,27.926,65,944,6-4 6-2,3,R64,89,0,5,56,34,27,11,9,2,3,2,3,56,24,18,10,9,2,6
2026-422,Cincinnati Masters,Hard,96,M,O,20260816,57,C0C8,,,Juan Manuel Cerundolo,L,183,ARG,24.75,51,1006,RC91,25,,Arthur Rinderknech,R,196,FRA,31.066,28,1723,4-6 7-6(3) 7-6(5),3,R64,214,14,6,120,56,47,33,17,11,14,9,5,114,67,49,28,17,4,6
2026-422,Cincinnati Masters,Hard,96,M,O,20260817,58,RE44,13,,Andrey Rublev,R,188,RUS,28.824,18,2230,CD85,,,Pablo Carreno Busta,R,188,ESP,35.099,72,885,7-6(5) 6-1,3,R64,92,6,3,58,33,28,10,9,1,2,4,7,70,39,26,13,10,0,4
2026-422,Cincinnati Masters,Hard,96,M,O,20260817,59,T0HA,16,,Learner Tien,L,180,USA,20.706,12,2545,B0BI,,,Sebastian Baez,R,170,ARG,25.634,53,1005,6-3 7-6(4),3,R64,85,5,1,61,43,34,9,11,0,2,3,2,60,37,22,13,10,1,4
2026-422,Cincinnati Masters,Hard,96,M,O,20260817,60,N0AE,27,,Brandon Nakashima,R,188,USA,25.038,22,2135,K0AZ,,,Aleksandar Kovacevic,R,183,USA,27.967,96,673,6-2 7-5,3,R64,81,13,2,50,27,22,15,10,0,1,9,9,67,33,25,11,10,2,6
2026-422,Cincinnati Masters,Hard,96,M,O,20260817,61,W09E,,,Adam Walton,R,183,AUS,27.335,98,670,B0ID,29,,Ignacio Buse,R,183,PER,22.396,36,1335,6-4 6-3,3,R64,71,2,1,55,36,33,6,10,0,1,4,0,46,30,19,10,9,1,4
2026-422,Cincinnati Masters,Hard,96,M,O,20260817,62,M0N7,,,Daniel Merida,R,188,ESP,21.889,40,1117,BU13,30,,Zizou Bergs,R,185,BEL,27.206,33,1365,6-3 6-2,3,R64,79,2,9,65,37,31,13,9,3,3,2,6,42,16,14,11,8,0,3
2026-422,Cincinnati Masters,Hard,96,M,O,20260817,63,F0F2,,Q,Jaime Faria,R,188,POR,23.031,79,762,S0S1,8,,Ben Shelton,L,193,USA,23.855,6,3670,6-4 6-4,3,R64,113,5,6,85,44,29,24,10,11,12,3,3,65,42,27,10,10,7,10
2026-422,Cincinnati Masters,Hard,96,M,O,20260817,64,TD51,17,,Frances Tiafoe,R,188,USA,28.572,23,2130,SU87,,,Lorenzo Sonego,R,191,ITA,31.269,88,718,6-3 6-4,3,R64,76,4,0,55,30,26,17,10,2,2,7,1,47,31,23,9,9,1,3
2026-422,Cincinnati Masters,Hard,96,M,O,20260817,65,T0A1,,,Thiago Agustin Tirante,R,185,ARG,25.352,50,1011,L0IL,,,Martin Landaluce,R,193,ESP,20.605,67,922,7-6(5) 7-6(4),3,R32,136,9,2,75,39,32,28,12,3,4,5,5,90,51,37,23,12,9,10
2026-422,Cincinnati Masters,Hard,96,M,O,20260817,66,C0E9,7,,Flavio Cobolli,R,183,ITA,24.282,10,3330,B0PG,28,,Alexander Blockx,R,193,BEL,21.358,32,1396,7-5 4-6 7-5,3,R32,149,3,1,108,65,45,25,17,5,8,10,7,107,55,43,23,17,5,9
2026-422,Cincinnati Masters,Hard,96,M,O,20260818,67,DH58,5,,Alex De Minaur,R,183,AUS,27.499,8,3560,F0DM,32,,Arthur Fery,R,175,GBR,24.101,37,1285,7-5 7-6(3),3,R32,142,9,3,83,44,29,27,12,11,13,5,3,89,49,30,23,12,1,4
2026-422,Cincinnati Masters,Hard,96,M,O,20260818,68,J0DZ,12,,Rafael Jodar,R,191,ESP,19.918,11,2621,TE30,22,,Alejandro Tabilo,L,188,CHI,29.21,29,1688,6-2 6-1,3,R32,75,10,3,43,30,23,9,7,2,2,6,0,72,47,28,6,8,6,11
2026-422,Cincinnati Masters,Hard,96,M,O,20260818,69,Z355,1,,Alexander Zverev,R,198,GER,29.328,3,8090,A0GC,,,Terence Atmane,L,193,FRA,24.605,45,1057,7-6(4) 7-6(6),3,R32,129,5,3,77,52,44,15,12,1,2,1,2,75,41,31,24,12,1,2
2026-422,Cincinnati Masters,Hard,96,M,O,20260818,70,M0NI,14,,Jakub Mensik,R,196,CZE,20.961,16,2395,H0BH,,WC,Rinky Hijikata,R,178,AUS,25.481,95,673,6-3 6-4,3,R32,92,13,3,68,44,37,9,10,1,1,0,0,70,50,26,16,9,6,8
2026-422,Cincinnati Masters,Hard,96,M,O,20260818,71,F0F1,21,,Arthur Fils,R,185,FRA,22.182,21,2140,L0BV,9,,Jiri Lehecka,R,185,CZE,24.775,14,2470,6-1 6-7(7) 6-3,3,R32,121,7,4,87,53,40,24,15,3,4,5,2,88,57,38,16,13,5,9
2026-422,Cincinnati Masters,Hard,96,M,O,20260818,72,PL56,18,,Tommy Paul,R,185,USA,29.254,24,2075,V0DP,,,Adolfo Daniel Vallejo,R,183,PAR,22.305,70,914,3-6 6-3 6-4,3,R32,137,7,3,82,51,37,13,14,2,5,7,4,90,55,35,18,14,4,8
2026-422,Cincinnati Masters,Hard,96,M,O,20260818,73,BT72,,,Nuno Borges,R,185,POR,29.492,47,1045,RE44,13,,Andrey Rublev,R,188,RUS,28.827,18,2230,6-3 6-4,3,R32,72,8,1,59,39,30,11,10,3,4,5,1,55,32,21,12,9,1,4
2026-422,Cincinnati Masters,Hard,96,M,O,20260818,74,FB98,6,,Taylor Fritz,R,196,USA,28.805,9,3375,M0N7,,,Daniel Merida,R,188,ESP,21.892,40,1117,6-3 6-4,3,R32,83,8,0,64,43,33,13,10,2,2,2,0,53,36,27,6,9,5,7
2026-422,Cincinnati Masters,Hard,96,M,O,20260818,75,M0EJ,10,,Lorenzo Musetti,R,185,ITA,24.46,15,2415,Z0BZ,,Q,Michael Zheng,R,188,USA,22.557,110,595,6-1 6-3,3,R32,70,2,4,46,24,18,12,8,2,3,1,4,49,23,16,7,8,5,10
2026-422,Cincinnati Masters,Hard,96,M,O,20260819,76,N0AE,27,,Brandon Nakashima,R,188,USA,25.043,22,2135,MM58,4,,Daniil Medvedev,R,198,RUS,30.519,7,3580,6-7(3) 7-6(4) 6-1,3,R32,171,8,1,106,59,47,27,16,4,5,11,10,115,73,53,19,15,9,12
2026-422,Cincinnati Masters,Hard,96,M,O,20260819,77,F0F2,,Q,Jaime Faria,R,188,POR,23.036,79,762,W09E,,,Adam Walton,R,183,AUS,27.34,98,670,4-6 6-4 7-6(3),3,R32,131,17,11,101,58,47,21,16,6,9,12,1,97,58,42,22,16,4,7
2026-422,Cincinnati Masters,Hard,96,M,O,20260819,78,AG37,2,,Felix Auger-Aliassime,R,193,CAN,26.029,29,1680,C0C8,,,Juan Manuel Cerundolo,L,183,ARG,24.758,51,1006,7-5 6-1,3,R32,86,6,5,54,31,28,13,10,1,1,3,3,55,32,20,13,9,2,5
2026-422,Cincinnati Masters,Hard,96,M,O,20260819,79,TD51,17,,Frances Tiafoe,R,188,USA,28.578,23,2130,T0HA,16,,Learner Tien,L,180,USA,20.712,12,2545,6-4 4-6 6-4,3,R32,129,9,6,91,50,39,20,15,1,4,8,3,86,43,34,20,15,1,5
2026-422,Cincinnati Masters,Hard,96,M,O,20260819,79,O483,,Q,Christopher O'Connell,R,183,AUS,32.21,129,491,F0FV,23,,Joao Fonseca,R,188,BRA,19.986,26,1800,W/O,3,R32,,,,,,,,,,,,,,,,,,,
2026-422,Cincinnati Masters,Hard,96,M,O,20260819,81,C0E9,7,,Flavio Cobolli,R,183,ITA,24.287,10,3330,J0DZ,12,,Rafael Jodar,R,191,ESP,19.921,11,2621,4-6 7-6(3) 6-3,3,R16,151,8,3,115,66,44,27,16,5,8,7,3,102,67,46,16,15,3,6
2026-422,Cincinnati Masters,Hard,96,M,O,20260819,82,T0A1,,,Thiago Agustin Tirante,R,185,ARG,25.358,50,1011,M0NI,14,,Jakub Mensik,R,196,CZE,20.964,16,2395,5-7 6-4 6-4,3,R16,134,8,2,85,45,38,21,16,2,4,9,6,99,58,46,18,16,4,7
2026-422,Cincinnati Masters,Hard,96,M,O,20260820,83,PL56,18,,Tommy Paul,R,185,USA,29.259,24,2075,Z355,1,,Alexander Zverev,R,198,GER,29.333,3,8090,4-6 7-6(6) 6-4,3,R16,171,9,1,96,63,47,20,16,3,5,14,9,102,70,52,17,16,1,3
2026-422,Cincinnati Masters,Hard,96,M,O,20260820,84,F0F1,21,,Arthur Fils,R,185,FRA,22.188,21,2140,DH58,5,,Alex de Minaur,R,183,AUS,27.504,8,3560,6-3 6-4,3,R16,82,2,2,57,40,32,11,10,2,2,4,3,64,37,25,13,9,7,9
2026-422,Cincinnati Masters,Hard,96,M,O,20260820,85,N0AE,27,,Brandon Nakashima,R,188,USA,25.046,22,2135,BT72,,,Nuno Borges,R,185,POR,29.498,47,1045,6-3 6-7(5) 6-3,3,R16,140,27,3,105,61,52,22,16,4,4,8,2,98,59,43,20,14,7,9
2026-422,Cincinnati Masters,Hard,96,M,O,20260820,86,M0EJ,10,,Lorenzo Musetti,R,185,ITA,24.465,15,2415,F0F2,,Q,Jaime Faria,R,188,POR,23.039,79,762,7-5 6-2,3,R16,75,6,1,49,34,26,11,10,0,1,4,4,60,31,22,11,10,0,4
2026-422,Cincinnati Masters,Hard,96,M,O,20260820,87,TD51,17,,Frances Tiafoe,R,188,USA,28.58,23,2130,AG37,2,,Felix Auger-Aliassime,R,193,CAN,26.031,29,1680,6-3 6-4,3,R16,100,2,1,64,28,20,22,10,0,1,13,4,62,37,27,8,9,2,5
2026-422,Cincinnati Masters,Hard,96,M,O,20260820,88,FB98,6,,Taylor Fritz,R,196,USA,28.81,9,3375,O483,,Q,Christopher O'Connell,R,183,AUS,32.214,129,491,6-4 6-3,3,R16,77,10,3,58,38,29,13,10,1,1,3,1,52,26,23,10,9,5,7
2026-422,Cincinnati Masters,Hard,96,M,O,20260821,89,C0E9,7,,Flavio Cobolli,R,183,ITA,24.293,10,3330,PL56,18,,Tommy Paul,R,185,USA,29.262,24,2075,2-6 6-3 6-4,3,QF,117,10,1,84,45,31,25,14,2,4,12,3,81,49,37,17,13,6,8
2026-422,Cincinnati Masters,Hard,96,M,O,20260822,90,F0F1,21,,Arthur Fils,R,185,FRA,22.193,21,2140,T0A1,,,Thiago Agustin Tirante,R,185,ARG,25.366,50,1011,6-3 6-2,3,QF,64,3,0,47,29,24,13,9,0,0,6,1,48,22,15,11,8,2,5
2026-422,Cincinnati Masters,Hard,96,M,O,20260822,91,N0AE,27,,Brandon Nakashima,R,188,USA,25.051,22,2135,FB98,6,,Taylor Fritz,R,196,USA,28.816,9,3375,7-6(9) 4-6 6-3,3,QF,133,13,4,104,60,51,19,16,4,6,22,3,90,52,43,20,15,1,3
2026-422,Cincinnati Masters,Hard,96,M,O,20260822,92,TD51,17,,Frances Tiafoe,R,188,USA,28.586,23,2130,M0EJ,10,,Lorenzo Musetti,R,185,ITA,24.471,15,2415,7-6(2) 7-5,3,QF,137,4,2,81,36,31,22,12,2,4,4,4,94,49,35,19,12,5,8
2026-422,Cincinnati Masters,Hard,96,M,O,20260822,93,F0F1,21,,Arthur Fils,R,185,FRA,22.193,21,2140,C0E9,7,,Flavio Cobolli,R,183,ITA,24.296,10,3330,6-3 6-4,3,SF,67,6,3,58,33,27,13,10,1,2,2,1,43,26,19,8,9,1,4
2026-422,Cincinnati Masters,Hard,96,M,O,20260823,94,TD51,17,,Frances Tiafoe,R,188,USA,28.589,23,2130,N0AE,27,,Brandon Nakashima,R,188,USA,25.054,22,2135,7-5 6-3,3,SF,102,7,5,75,39,30,16,10,7,9,9,2,68,34,21,16,11,5,10
2026-422,Cincinnati Masters,Hard,96,M,O,20260824,95,F0F1,21,,Arthur Fils,R,185,FRA,22.198,21,2140,TD51,17,,Frances Tiafoe,R,188,USA,28.591,23,2130,6-3 1-6 6-0,3,F,88,11,1,59,35,25,16,11,4,6,4,4,69,27,18,23,11,4,8
2026-6242,Winston-Salem,Hard,48,M,O,20260824,1,H0BH,,,Rinky Hijikata,R,178,AUS,25.498,85,709,B0NO,,,Darwin Blanch,L,185,USA,18.905,241,232,6-4 7-6(2),3,R64,98,5,3,74,46,35,14,11,5,7,6,2,66,33,26,13,11,2,5
2026-6242,Winston-Salem,Hard,48,M,O,20260824,2,B0GG,,,Mattia Bellucci,L,175,ITA,25.229,96,656,L0IL,,WC,Martin Landaluce,R,193,ESP,20.624,65,922,6-4 6-7(3) 6-1,3,R64,151,10,6,93,57,42,20,15,4,6,1,5,92,55,35,18,14,6,11
2026-6242,Winston-Salem,Hard,48,M,O,20260824,3,B0CD,,,Jenson Brooksby,R,193,USA,25.826,73,800,M0GZ,,,Giovanni Mpetshi Perricard,R,203,FRA,23.129,104,600,6-3 6-2,3,R64,60,5,0,41,28,21,11,8,0,0,6,5,56,33,22,8,9,2,6
2026-6242,Winston-Salem,Hard,48,M,O,20260824,4,C0DF,,,Francisco Comesana,R,178,ARG,25.881,123,503,WB32,,,Yibing Wu,R,183,CHN,26.861,113,551,6-3 6-4,3,R64,86,7,5,68,42,35,11,10,5,6,1,1,52,23,14,13,9,1,4
2026-6242,Winston-Salem,Hard,48,M,O,20260824,5,KI95,,,Miomir Kecmanovic,R,183,SRB,26.982,64,925,SY67,,,Sho Shimabukuro,R,180,JPN,29.068,87,705,6-4 6-3,3,R64,80,3,6,55,23,19,17,10,0,2,3,4,69,35,25,11,9,5,9
2026-6242,Winston-Salem,Hard,48,M,O,20260824,6,V0DP,,,Adolfo Daniel Vallejo,R,183,PAR,22.322,61,948,CD85,,,Pablo Carreno Busta,R,188,ESP,35.118,66,899,6-4 3-0 RET,3,R64,67,2,3,52,29,20,12,6,2,3,2,4,46,28,17,5,7,5,9
2026-6242,Winston-Salem,Hard,48,M,O,20260824,7,D994,,,James Duckworth,R,183,AUS,34.59,79,763,V0DG,,Q,Quinn Vandecasteele,R,191,USA,23.978,456,102,6-2 6-1,3,R64,71,4,6,47,24,20,12,8,1,2,1,3,56,31,19,6,7,7,12
2026-6242,Winston-Salem,Hard,48,M,O,20260824,8,S0DE,,LL,Dhakshineswar Suresh,R,196,IND,26.404,394,124,GC88,,,Marcos Giron,R,180,USA,33.084,77,765,6-3 7-5,3,R64,67,17,6,61,39,35,11,11,4,4,5,2,57,37,28,10,10,5,7
2026-6242,Winston-Salem,Hard,48,M,O,20260825,9,R0KD,,Q,Mees Rottgering,L,180,NED,19.135,389,127,CH12,,,Jan Choinski,R,196,GBR,30.207,75,773,7-5 2-6 6-4,3,R64,130,9,3,95,51,36,25,15,9,12,10,9,91,55,39,19,15,4,7
2026-6242,Winston-Salem,Hard,48,M,O,20260825,10,BM95,,,Benjamin Bonzi,R,183,FRA,30.209,109,572,MQ75,,,Kamil Majchrzak,R,183,POL,30.615,72,827,6-4 7-6(7),3,R64,108,4,9,77,40,31,18,11,2,4,6,3,74,40,32,15,11,3,6
2026-6242,Winston-Salem,Hard,48,M,O,20260825,11,D0DT,,WC,Martin Damm,L,203,USA,,92,675,S0NV,,Q,Abdullah Shelbayh,L,180,JOR,22.773,256,218,6-4 7-6(2),3,R64,100,16,1,68,39,34,15,11,2,3,4,5,81,45,30,18,11,6,8
2026-6242,Winston-Salem,Hard,48,M,O,20260825,12,H0K0,,WC,Cruz Hewitt,R,185,AUS,17.703,368,139,G0JJ,,LL,Sebastian Gorzny,R,,USA,22.585,760,39,1-6 7-6(3) 6-4,3,R64,130,5,7,88,48,37,17,14,4,8,12,6,107,71,50,17,15,7,10
2026-6242,Winston-Salem,Hard,48,M,O,20260825,13,SU87,,,Lorenzo Sonego,R,191,ITA,31.291,91,683,H996,,LL,Pierre-Hugues Herbert,R,188,FRA,35.439,288,194,7-6(4) 4-6 6-3,3,R64,159,10,7,96,55,43,20,16,4,8,0,8,92,53,35,17,15,3,7
2026-6242,Winston-Salem,Hard,48,M,O,20260825,14,W09E,,,Adam Walton,R,183,AUS,27.357,93,670,D0C1,,,Jesper de Jong,R,180,NED,26.234,99,628,6-2 6-4,3,R64,85,4,3,65,31,21,21,9,5,5,6,5,53,32,23,8,9,2,5
2026-6242,Winston-Salem,Hard,48,M,O,20260825,15,TE51,7,,Stefanos Tsitsipas,R,193,GRE,28.036,53,1000,B0CD,,,Jenson Brooksby,R,193,USA,25.829,73,800,6-4 7-6(6),3,R32,114,7,7,97,50,37,24,11,7,8,2,0,75,58,39,10,11,4,6
2026-6242,Winston-Salem,Hard,48,M,O,20260825,16,AE14,16,,Daniel Altmaier,R,188,GER,27.951,57,964,C0DF,,,Francisco Comesana,R,178,ARG,25.884,123,503,6-1 7-6(6),3,R32,95,3,2,64,36,29,12,9,4,5,1,7,75,43,24,15,10,4,8
2026-6242,Winston-Salem,Hard,48,M,O,20260825,17,GF95,,LL,Hugo Grenier,R,196,FRA,30.423,255,218,SX50,,,Roman Safiullin,R,185,RUS,29.049,98,634,7-6(6) 4-6 6-3,3,R64,139,14,7,96,53,40,28,16,1,4,5,4,103,63,43,21,15,6,9
2026-6242,Winston-Salem,Hard,48,M,O,20260825,18,K0AZ,,,Aleksandar Kovacevic,R,183,USA,27.989,89,690,B0WL,,Q,Felix Balshaw,R,191,FRA,20.194,257,218,6-4 7-6(4),3,R64,78,9,3,62,34,31,18,11,0,0,4,2,59,34,28,16,11,0,1
2026-6242,Winston-Salem,Hard,48,M,O,20260825,19,D0FJ,2,,Luciano Darderi,R,183,ITA,24.526,22,2175,B0GG,,,Mattia Bellucci,L,175,ITA,25.232,96,656,2-6 6-4 6-2,3,R32,140,3,5,79,47,34,18,13,5,7,8,3,85,55,38,15,13,9,12
2026-6242,Winston-Salem,Hard,48,M,O,20260825,20,V812,13,,Botic van de Zandschulp,R,191,NED,30.891,71,834,V0DP,,,Adolfo Daniel Vallejo,R,183,PAR,22.324,61,948,6-2 6-0,3,R32,70,6,1,48,29,22,11,7,1,1,1,7,42,18,9,8,7,1,6
2026-6242,Winston-Salem,Hard,48,M,O,20260826,21,F0DM,4,,Arthur Fery,R,175,GBR,24.123,37,1253,H0K0,,,Cruz Hewitt,R,185,AUS,17.706,368,139,6-1 7-5,3,R32,80,4,4,64,42,31,10,10,8,10,1,3,61,40,27,3,9,4,9
2026-6242,Winston-Salem,Hard,48,M,O,20260826,22,B0ID,3,,Ignacio Buse,R,183,PER,22.42,36,1310,W09E,,,Adam Walton,R,183,AUS,27.359,93,670,6-2 5-7 6-3,3,R32,118,6,0,70,39,28,20,14,1,4,5,3,98,61,40,14,15,7,13
2026-6242,Winston-Salem,Hard,48,M,O,20260826,23,C0C8,8,,Juan Manuel Cerundolo,L,183,ARG,24.778,51,1040,S0DE,,LL,Dhakshineswar Suresh,R,196,IND,26.409,394,124,7-6(10) 6-3,3,R32,93,6,5,76,34,29,26,11,0,0,10,6,77,61,48,4,10,3,4
2026-6242,Winston-Salem,Hard,48,M,O,20260826,24,K0AZ,,,Aleksandar Kovacevic,R,183,USA,27.992,89,690,V0DZ,11,,Luca Van Assche,R,178,FRA,22.292,40,1140,6-1 7-6(6),3,R32,89,8,4,65,38,29,18,10,3,4,4,6,61,35,21,14,9,6,9
2026-6242,Winston-Salem,Hard,48,M,O,20260826,25,BM95,,,Benjamin Bonzi,R,183,FRA,30.212,109,572,HB64,12,,Quentin Halys,R,191,FRA,29.832,52,1030,2-6 7-6(5) 6-3,3,R32,131,5,2,85,51,38,18,15,3,6,17,6,104,51,39,25,14,10,12
2026-6242,Winston-Salem,Hard,48,M,O,20260826,26,SU87,,,Lorenzo Sonego,R,191,ITA,31.294,91,683,ME82,9,,Adrian Mannarino,L,180,FRA,38.157,67,895,6-1 7-6(5),3,R32,112,9,1,70,42,32,14,10,1,2,2,4,71,34,20,18,9,4,7
2026-6242,Winston-Salem,Hard,48,M,O,20260826,27,D0DT,,WC,Martin Damm,L,203,USA,,92,675,MM58,1,,Daniil Medvedev,R,198,RUS,30.538,8,3580,7-5 6-3,3,R32,82,8,5,66,36,31,17,11,2,2,10,4,57,25,18,20,10,1,3
2026-6242,Winston-Salem,Hard,48,M,O,20260826,28,H0BH,,,Rinky Hijikata,R,178,AUS,25.503,85,709,C0JP,5,,Raphael Collignon,R,191,BEL,24.616,38,1207,3-6 7-6(7) 7-6(5),3,R32,190,4,5,120,59,36,30,16,6,12,8,9,124,70,48,23,17,7,12
2026-6242,Winston-Salem,Hard,48,M,O,20260826,29,D994,,,James Duckworth,R,183,AUS,34.595,79,763,N0BS,6,,Mariano Navone,R,178,ARG,25.492,48,1065,6-3 7-6(5),3,R32,112,4,6,82,36,28,24,11,6,8,1,4,69,47,29,11,10,3,6
2026-6242,Winston-Salem,Hard,48,M,O,20260826,30,B0BI,10,,Sebastian Baez,R,170,ARG,25.659,50,1044,GF95,,LL,Hugo Grenier,R,196,FRA,30.426,255,218,7-5 7-6(2),3,R32,109,0,4,81,54,35,13,12,10,14,10,3,76,51,32,6,12,4,9
2026-6242,Winston-Salem,Hard,48,M,O,20260826,31,R0KD,,Q,Mees Rottgering,L,180,NED,19.138,389,127,M0FH,14,,Tomas Machac,R,183,CZE,25.867,58,960,6-2 7-6(1),3,R32,103,8,1,70,44,35,12,10,6,7,5,7,85,48,33,12,10,8,11
2026-6242,Winston-Salem,Hard,48,M,O,20260826,32,M0CI,15,,Fabian Marozsan,R,193,HUN,26.883,63,930,KI95,,,Miomir Kecmanovic,R,183,SRB,26.987,64,925,6-3 6-4,3,R32,92,8,4,57,39,30,10,10,3,4,1,3,81,49,28,16,9,6,9
2026-6242,Winston-Salem,Hard,48,M,O,20260826,33,V812,13,,Botic Van De Zandschulp,R,191,NED,30.894,71,834,D0FJ,2,,Luciano Darderi,R,183,ITA,24.528,22,2175,6-1 6-0,3,R16,68,12,5,50,28,24,9,7,1,1,0,3,40,20,10,6,6,3,8
2026-6242,Winston-Salem,Hard,48,M,O,20260826,34,BM95,,,Benjamin Bonzi,R,183,FRA,30.212,109,572,H0BH,,,Rinky Hijikata,R,178,AUS,25.503,85,709,6-1 6-1,3,R16,57,4,4,37,23,22,6,7,0,0,1,2,43,18,9,9,7,2,7
2026-6242,Winston-Salem,Hard,48,M,O,20260827,35,K0AZ,,,Aleksandar Kovacevic,R,183,USA,27.995,89,690,TE51,7,,Stefanos Tsitsipas,R,193,GRE,28.041,53,1000,6-3 7-6(1),3,R16,95,13,3,69,44,38,12,11,3,3,16,3,75,45,35,12,10,5,6
2026-6242,Winston-Salem,Hard,48,M,O,20260827,36,B0ID,3,,Ignacio Buse,R,183,PER,22.423,36,1310,AE14,16,,Daniel Altmaier,R,188,GER,27.956,57,964,7-6(5) 7-5,3,R16,135,5,2,85,51,40,15,12,4,6,5,3,83,53,38,14,12,7,10
2026-6242,Winston-Salem,Hard,48,M,O,20260827,37,F0DM,4,,Arthur Fery,R,175,GBR,24.126,37,1253,R0KD,,Q,Mees Rottgering,L,180,NED,19.14,389,127,6-3 6-3,3,R16,93,2,1,58,32,22,15,9,6,7,0,6,68,35,23,15,9,5,9
2026-6242,Winston-Salem,Hard,48,M,O,20260827,38,C0C8,8,,Juan Manuel Cerundolo,L,183,ARG,24.78,51,1040,B0BI,10,,Sebastian Baez,R,170,ARG,25.662,50,1044,6-2 4-0 RET,3,R16,65,2,2,38,15,13,13,6,3,4,0,1,40,25,12,4,6,4,9
2026-6242,Winston-Salem,Hard,48,M,O,20260827,39,D994,,,James Duckworth,R,183,AUS,34.598,79,763,SU87,,,Lorenzo Sonego,R,191,ITA,31.296,91,683,7-5 6-3,3,R16,104,7,1,68,41,28,20,11,3,3,10,3,62,37,30,10,10,4,6
2026-6242,Winston-Salem,Hard,48,M,O,20260827,40,M0CI,15,,Fabian Marozsan,R,193,HUN,26.886,63,930,D0DT,,,Martin Damm,L,203,USA,,92,675,2-6 6-3 6-3,3,R16,97,5,2,76,52,35,16,13,4,6,11,5,75,48,36,13,13,1,4
2026-6242,Winston-Salem,Hard,48,M,O,20260827,41,BM95,,,Benjamin Bonzi,R,183,FRA,30.215,109,572,V812,13,,Botic Van De Zandschulp,R,191,NED,30.897,71,834,7-6(5) 6-4,3,QF,125,6,1,70,45,35,14,11,0,1,13,6,99,55,43,16,11,11,13
2026-6242,Winston-Salem,Hard,48,M,O,20260828,42,B0ID,3,,Ignacio Buse,R,183,PER,22.426,36,1310,C0C8,8,,Juan Manuel Cerundolo,L,183,ARG,24.783,51,1040,7-6(4) 4-6 6-2,3,QF,168,3,1,104,65,43,20,15,6,11,7,2,96,46,28,25,15,8,14
2026-6242,Winston-Salem,Hard,48,M,O,20260828,43,F0DM,4,,Arthur Fery,R,175,GBR,24.129,37,1253,K0AZ,,,Aleksandar Kovacevic,R,183,USA,27.997,89,690,3-6 7-5 6-3,3,QF,128,4,0,78,44,36,21,15,0,1,8,7,88,49,38,20,15,3,5
2026-6242,Winston-Salem,Hard,48,M,O,20260828,44,D994,,,James Duckworth,R,183,AUS,34.601,79,763,M0CI,15,,Fabian Marozsan,R,193,HUN,26.888,63,930,6-7(4) 6-2 6-4,3,QF,150,8,8,103,48,37,27,15,5,8,1,6,105,51,30,31,15,6,12
2026-6242,Winston-Salem,Hard,48,M,O,20260829,45,B0ID,3,,Ignacio Buse,R,183,PER,22.428,36,1310,BM95,,,Benjamin Bonzi,R,183,FRA,30.22,109,572,6-2 4-6 6-1,3,SF,111,7,0,65,47,31,15,12,4,6,4,4,88,56,35,10,13,7,13
2026-6242,Winston-Salem,Hard,48,M,O,20260829,46,F0DM,4,,Arthur Fery,R,175,GBR,24.131,37,1253,D994,,,James Duckworth,R,183,AUS,34.604,79,763,6-4 1-2 RET,3,SF,59,4,0,33,22,20,7,6,0,0,0,4,47,29,22,7,7,3,4
2026-6242,Winston-Salem,Hard,48,M,O,20260830,47,B0ID,3,,Ignacio Buse,R,183,PER,22.431,36,1310,F0DM,4,,Arthur Fery,R,175,GBR,24.134,37,1253,6-3 6-2,3,F,71,2,1,54,37,26,11,9,0,1,0,1,39,28,13,6,8,3,7
2026-560,US Open,Hard,128,G,0,20260901,1,Z355,1,,Alexander Zverev,R,198,GER,29.366,2,7790,SU87,,,Lorenzo Sonego,R,191,ITA,31.310,89,698,6-4 3-6 6-7(7) 7-5 6-4,5,R128,293,12,8,155,102,79,29,26,2,5,16,4,189,124,91,31,27,17,22
2026-560,US Open,Hard,128,G,0,20260831,2,HB64,,,Quentin Halys,R,191,FRA,29.845,52,1030,D0CG,,,Facundo Diaz Acosta,L,183,ARG,25.708,82,732,6-4 7-5 6-7(7) 6-1,5,R128,191,18,9,138,82,67,27,21,5,7,12,7,126,93,62,14,20,6,12
2026-560,US Open,Hard,128,G,0,20260831,3,P09Z,,,Alexei Popyrin,R,196,AUS,27.072,130,458,D875,,Q,Grigor Dimitrov,R,191,BUL,35.294,137,432,3-6 6-3 6-2 6-4,5,R128,153,11,2,104,68,50,18,18,5,8,9,14,109,57,43,21,18,2,8
2026-560,US Open,Hard,128,G,0,20260831,4,TE30,25,,Alejandro Tabilo,L,188,CHI,29.246,28,1688,H997,,,Yannick Hanfmann,R,193,GER,34.798,54,991,6-3 6-2 6-7(7) 6-3,5,R128,156,9,4,114,71,60,24,20,4,5,13,6,105,59,45,20,18,5,10
2026-560,US Open,Hard,128,G,0,20260831,5,D0FJ,21,,Luciano Darderi,R,183,ITA,24.542,22,2175,W0AH,,Q,Harry Wendelken,R,178,GBR,24.701,196,285,6-2 3-6 6-2 7-5,5,R128,229,15,5,150,85,55,35,19,13,17,10,7,127,61,39,31,18,13,20
2026-560,US Open,Hard,128,G,0,20260831,6,S0GD,,Q,Dalibor Svrcina,R,178,CZE,23.912,134,445,R0EB,,,Valentin Royer,R,188,FRA,25.257,75,778,6-4 6-3 5-7 5-7 6-2,5,R128,243,8,15,143,77,56,35,25,10,17,11,4,158,91,61,26,26,8,18
2026-560,US Open,Hard,128,G,0,20260901,7,S0IA,,WC,Dane Sweeny,R,170,AUS,25.550,123,506,MW02,,,Corentin Moutet,L,180,FRA,27.370,62,935,7-6(4) 6-4 3-0,5,R128,155,1,6,91,60,37,17,12,8,11,5,8,95,49,32,17,13,10,16
2026-560,US Open,Hard,128,G,0,20260901,8,M0EJ,13,,Lorenzo Musetti,R,185,ITA,24.498,14,2605,F0DM,,,Arthur Fery,R,175,GBR,24.140,33,1415,6-3 6-3 7-5,5,R128,129,7,4,79,48,37,21,15,4,6,0,5,89,47,29,20,15,3,9
2026-560,US Open,Hard,128,G,0,20260902,9,Y09V,,LL,Yunchaokete Bu,R,185,CHN,24.619,124,496,J0DZ,12,,Rafael Jodar,R,191,ESP,19.959,13,2671,6-2 6-1 6-1,5,R128,108,2,3,61,38,32,14,11,0,0,2,3,79,41,24,12,11,9,16
2026-560,US Open,Hard,128,G,0,20260902,10,Z0BZ,,WC,Michael Zheng,R,188,USA,22.598,107,590,M0CI,,,Fabian Marozsan,R,193,HUN,26.902,63,930,6-4 6-4 6-2,5,R128,111,9,2,83,39,36,22,14,5,6,3,3,87,50,31,19,14,3,8
2026-560,US Open,Hard,128,G,0,20260902,11,S0K7,,,Zachary Svajda,R,175,USA,23.759,80,759,AE14,,,Daniel Altmaier,R,188,GER,27.973,57,964,6-3 6-1 6-7(5) 6-2,5,R128,172,9,3,112,57,45,36,18,4,4,16,12,126,80,56,17,18,7,13
2026-560,US Open,Hard,128,G,0,20260901,12,G0IX,,LL,Arthur Gea,R,180,FRA,21.662,87,709,C0C8,,,Juan Manuel Cerundolo,L,183,ARG,24.794,45,1076,6-3 2-6 3-6 6-3 6-1,5,R128,186,7,8,134,79,61,22,21,9,14,5,8,123,61,41,33,21,5,12
2026-560,US Open,Hard,128,G,0,20260902,13,BU13,31,,Zizou Bergs,R,185,BEL,27.250,37,1345,TE16,,,Carlos Taberner,R,183,ESP,29.068,406,121,6-3 3-6 6-2 6-2,5,R128,171,11,8,100,51,42,27,17,5,7,0,6,97,55,33,22,17,1,7
2026-560,US Open,Hard,128,G,0,20260902,14,D0C1,,,Jesper de Jong,R,180,NED,26.256,100,628,P0CT,,Q,Francesco Passaro,R,180,ITA,25.651,207,270,2-6 6-2 4-6 6-3 6-2,5,R128,231,14,15,136,65,53,32,22,7,12,8,7,146,85,58,24,21,12,19
2026-560,US Open,Hard,128,G,0,20260902,15,V812,,,Botic van de Zandschulp,R,191,NED,30.913,70,868,CH12,,,Jan Choinski,R,196,GBR,30.229,76,773,6-3 6-1 7-6(5),5,R128,119,16,6,87,58,51,14,14,2,2,8,2,88,53,37,16,14,4,8
2026-560,US Open,Hard,128,G,0,20260902,16,DH58,6,,Alex de Minaur,R,183,AUS,27.540,7,3650,G0A0,,Q,Andrea Guerrieri,L,180,ITA,27.748,187,301,6-2 6-2 6-4,5,R128,99,5,5,70,34,28,20,13,0,1,2,2,76,48,32,10,13,6,12
2026-560,US Open,Hard,128,G,0,20260831,17,AG37,3,,Felix Auger-Aliassime,R,193,CAN,26.062,4,4640,H0BH,,,Rinky Hijikata,R,178,AUS,25.517,85,724,7-5 4-6 6-3 7-5,5,R128,199,17,11,131,86,68,19,22,4,8,5,7,125,69,51,25,21,7,13
2026-560,US Open,Hard,128,G,0,20260831,18,KE29,,,Karen Khachanov,R,198,RUS,30.278,50,1050,B0FV,,,Roman Andres Burruchaga,R,183,ARG,24.602,59,960,6-3 6-0 6-1,5,R128,95,4,2,63,32,27,19,11,0,0,0,3,70,43,24,7,11,0,7
2026-560,US Open,Hard,128,G,0,20260902,19,BM95,,,Benjamin Bonzi,R,183,FRA,30.231,97,656,MV14,,,Alex Molcan,L,178,SVK,28.753,86,710,6-4 3-6 6-3 6-2,5,R128,143,14,3,86,50,44,19,18,2,5,3,3,114,65,40,27,18,6,12
2026-560,US Open,Hard,128,G,0,20260902,20,B0ID,32,,Ignacio Buse,R,183,PER,22.439,30,1550,GC88,,,Marcos Giron,R,180,USA,33.109,78,765,3-6 6-3 6-3 6-7(6) 6-1,5,R128,228,10,5,151,91,69,26,22,5,10,5,6,161,108,68,20,24,13,23
2026-560,US Open,Hard,128,G,0,20260831,21,M0NI,17,,Jakub Mensik,R,196,CZE,20.997,18,2445,M0HU,,LL,Shintaro Mochizuki,R,175,JPN,23.247,117,532,6-1 6-4 7-5,5,R128,123,18,6,95,58,43,16,15,1,4,1,8,80,34,19,19,14,4,11
2026-560,US Open,Hard,128,G,0,20260831,22,R09X,,Q,Jurij Rodionov,L,191,AUT,27.294,143,395,M0GZ,,,Giovanni Mpetshi Perricard,R,201,FRA,23.149,105,600,7-6(2) 6-0 7-6(4),5,R128,130,8,0,98,62,50,22,15,3,3,10,7,105,64,49,16,15,6,9
2026-560,US Open,Hard,128,G,0,20260901,23,MC65,,WC,Gael Monfils,R,193,FRA,40.000,311,180,V0DP,,,Adolfo Daniel Vallejo,R,185,PAR,22.344,60,954,2-6 6-1 6-2 6-0,5,R128,142,5,2,91,52,41,21,15,4,6,3,5,105,68,39,14,14,12,19
2026-560,US Open,Hard,128,G,0,20260831,24,T0HA,14,,Learner Tien,L,180,USA,20.745,15,2565,BT72,,,Nuno Borges,R,185,POR,29.528,41,1135,6-4 6-1 6-2,5,R128,100,1,0,72,41,31,20,13,1,2,1,5,75,41,24,14,12,10,16
2026-560,US Open,Hard,128,G,0,20260901,25,FB98,9,,Taylor Fritz,R,196,USA,28.843,10,3475,B0NO,,WC,Darwin Blanch,L,193,USA,18.927,245,232,6-3 6-2 6-4,5,R128,100,14,1,73,54,49,8,14,2,2,1,9,90,39,26,26,13,12,16
2026-560,US Open,Hard,128,G,0,20260901,26,B0GG,,,Mattia Bellucci,L,175,ITA,25.251,95,659,P09O,,Q,Zsombor Piros,R,180,HUN,26.886,118,530,6-4 6-2 6-0,5,R128,118,14,5,71,47,42,10,12,4,4,7,7,90,42,24,20,12,9,15
2026-560,US Open,Hard,128,G,0,20260901,27,SL28,,,Jan-Lennard Struff,R,193,GER,36.353,44,1089,U182,,,Camilo Ugo Carabelli,R,185,ARG,27.209,77,770,6-4 6-3 6-3,5,R128,119,15,3,77,34,30,26,14,2,3,7,13,92,40,31,21,14,2,7
2026-560,US Open,Hard,128,G,0,20260901,28,C0AU,24,,Francisco Cerundolo,R,185,ARG,28.052,25,1980,M0JZ,,,Filip Misolic,R,180,AUT,25.065,537,80,6-4 6-3 7-5,5,R128,144,6,10,88,45,33,22,15,8,12,1,9,104,44,28,24,16,6,14
2026-560,US Open,Hard,128,G,0,20260831,29,B0PG,28,,Alexander Blockx,R,193,BEL,21.396,34,1396,BS86,,Q,Tomas Barrios Vera,R,191,CHI,28.723,144,395,6-3 6-4 6-2,5,R128,111,10,3,80,48,40,20,14,5,5,3,3,83,55,36,16,13,4,8
2026-560,US Open,Hard,128,G,0,20260831,30,TA29,,,Marco Trungelliti,R,178,ARG,36.580,83,731,S0RE,,,Juncheng Shang,L,180,CHN,21.574,228,245,0-6 7-6(5) 1-6 6-3 6-4,5,R128,207,10,5,139,73,44,37,22,12,19,11,6,132,68,51,32,22,3,7
2026-560,US Open,Hard,128,G,0,20260901,31,S0N0,,Q,Tristan Schoolkate,R,183,AUS,25.511,180,313,B0NN,,Q,Nishesh Basavareddy,R,180,USA,21.333,163,348,7-6(4) 3-6 6-3 6-4,5,R128,183,25,4,127,78,66,24,20,3,4,16,7,113,67,55,27,20,6,8
2026-560,US Open,Hard,128,G,0,20260901,32,C0E9,5,,Flavio Cobolli,R,183,ITA,24.323,6,3720,C0DF,,,Francisco Comesana,R,178,ARG,25.903,119,516,3-6 2-6 6-3 6-4 6-4,5,R128,253,7,5,162,88,59,37,23,13,19,12,7,155,89,58,37,23,12,18
2026-560,US Open,Hard,128,G,0,20260830,33,MM58,7,,Daniil Medvedev,R,198,RUS,30.549,8,3580,G09O,,Q,Hugo Gaston,L,173,FRA,25.925,91,697,6-4 6-2 6-4,5,R128,137,10,3,79,46,38,20,14,1,1,0,5,107,61,39,22,14,4,8
2026-560,US Open,Hard,128,G,0,20260831,34,G0JJ,,WC,Sebastian Gorzny,R,193,USA,22.601,731,43,C0JP,,,Raphael Collignon,R,191,BEL,24.630,38,1207,3-6 6-3 3-6 6-3 7-6(9),5,R128,238,12,6,177,112,75,32,24,17,22,13,17,157,93,66,32,24,8,13
2026-560,US Open,Hard,128,G,0,20260830,35,MU94,,,Jaume Munar,R,183,ESP,29.320,55,990,A0GC,,,Terence Atmane,L,193,FRA,24.638,92,687,6-7(5) 3-6 6-1 7-6(4) 7-5,5,R128,294,12,4,156,88,67,40,26,2,6,7,10,185,118,83,30,26,8,14
2026-560,US Open,Hard,128,G,0,20260830,36,RC91,26,,Arthur Rinderknech,R,196,FRA,31.105,29,1683,SY67,,,Sho Shimabukuro,R,183,JPN,29.084,88,705,6-7(4) 6-2 7-6(4) 6-2,5,R128,181,15,3,115,67,54,33,20,1,2,11,9,138,78,56,28,20,8,13
2026-560,US Open,Hard,128,G,0,20260831,37,VA25,22,,Valentin Vacherot,R,193,MON,27.789,23,2168,K0AZ,,,Aleksandar Kovacevic,R,183,USA,28.005,84,730,6-2 6-3 7-5,5,R128,114,14,3,76,41,37,23,15,0,0,8,6,89,40,31,22,14,7,11
2026-560,US Open,Hard,128,G,0,20260830,38,MQ75,,,Kamil Majchrzak,R,183,POL,30.628,73,827,M0JF,,,Hamad Medjedovic,R,188,SRB,23.118,79,764,6-3 6-3 6-3,5,R128,101,13,4,74,49,41,17,14,2,2,7,6,85,50,34,16,13,6,10
2026-560,US Open,Hard,128,G,0,20260831,39,S0UV,,Q,Rei Sakamoto,R,193,JPN,20.186,157,357,V832,,,Aleksandar Vukic,R,188,AUS,30.401,96,659,6-4 6-7(5) 6-4 3-6 6-4,5,R128,199,38,3,149,105,83,25,26,0,2,22,5,147,85,71,30,25,5,8
2026-560,US Open,Hard,128,G,0,20260831,40,TD51,11,,Frances Tiafoe,R,188,USA,28.611,12,2680,D0DT,,,Martin Damm,L,203,USA,22.919,90,697,6-4 4-6 3-6 6-3 6-4,5,R128,228,12,6,156,85,64,39,24,4,6,28,11,157,89,73,30,24,6,9
2026-560,US Open,Hard,128,G,0,20260831,41,N0AE,16,,Brandon Nakashima,R,188,USA,25.076,17,2485,B0BI,,,Sebastian Baez,R,170,ARG,25.673,51,1044,6-2 6-1 6-0,5,R128,90,12,0,64,43,37,11,11,3,3,0,4,62,33,14,12,10,4,11
2026-560,US Open,Hard,128,G,0,20260831,42,M0QI,,,Alex Michelsen,R,193,USA,22.015,46,1070,C0NB,,Q,Federico Cina,R,185,ITA,19.422,181,312,6-4 6-1 6-0,5,R128,120,6,8,89,48,39,20,12,6,6,2,1,84,60,34,7,11,9,15
2026-560,US Open,Hard,128,G,0,20260830,43,M0N7,,,Daniel Merida,R,188,ESP,21.925,39,1157,F724,,,Marton Fucsovics,R,188,HUN,34.557,122,510,6-4 6-4 6-2,5,R128,104,3,2,69,47,37,13,14,2,4,0,11,98,59,38,14,14,9,15
2026-560,US Open,Hard,128,G,0,20260831,44,RE44,23,,Andrey Rublev,R,188,RUS,28.862,24,2080,V0AM,,LL,Otto Virtanen,R,193,FIN,25.194,109,574,6-7(5) 6-7(0) 6-0 6-2 7-6(5),5,R128,222,20,3,149,95,78,32,25,6,8,19,7,185,111,73,36,25,17,24
2026-560,US Open,Hard,128,G,0,20260830,45,EA24,27,,Tomas Martin Etcheverry,R,196,ARG,27.118,32,1440,KI82,,,Vit Kopriva,R,178,CZE,29.207,69,883,6-3 6-4 6-0,5,R128,122,10,2,79,43,33,20,13,1,3,6,4,62,34,16,9,12,3,10
2026-560,US Open,Hard,128,G,0,20260831,46,F0BY,,LL,Jacob Fearnley,R,183,GBR,25.128,101,623,L0IL,,,Martin Landaluce,R,193,ESP,20.643,65,922,4-6 6-2 4-6 7-5 6-3,5,R128,251,8,16,155,88,65,31,25,7,14,16,13,151,99,64,19,24,7,16
2026-560,US Open,Hard,128,G,0,20260831,47,BK40,,,Matteo Berrettini,R,196,ITA,30.385,43,1115,W367,,WC,Stan Wawrinka,R,183,SUI,41.426,127,486,7-6(4) 7-6(3) 6-0,5,R128,174,13,3,106,64,51,21,15,10,12,7,6,103,56,40,18,15,2,7
2026-560,US Open,Hard,128,G,0,20260830,48,N0BS,,,Mariano Navone,R,178,ARG,25.503,49,1065,D643,4,,Novak Djokovic,R,188,SRB,39.274,5,3770,7-6(5) 5-7 4-6 6-2 6-1,5,R128,276,9,8,156,98,70,34,25,8,12,10,10,155,86,59,35,24,11,17
2026-560,US Open,Hard,128,G,0,20260831,49,S0S1,8,,Ben Shelton,L,193,USA,23.893,9,3480,GJ37,,,Tallon Griekspoor,R,188,NED,30.163,56,975,1-6 6-1 7-6(3) 6-2,5,R128,155,12,6,104,69,59,13,17,5,8,8,7,99,55,39,20,17,2,7
2026-560,US Open,Hard,128,G,0,20260831,50,HB71,,,Hubert Hurkacz,R,196,POL,29.550,47,1070,D923,,,Damir Dzumhur,R,175,BIH,34.281,104,612,6-4 4-6 6-1 6-1,5,R128,160,14,7,111,68,46,21,17,10,15,0,7,105,61,31,17,17,6,16
2026-560,US Open,Hard,128,G,0,20260830,51,SU55,,,Denis Shapovalov,L,185,CAN,27.376,48,1065,KI95,,,Miomir Kecmanovic,R,183,SRB,26.998,64,925,6-4 4-6 6-4 6-1,5,R128,143,19,11,103,53,45,25,19,3,6,3,2,107,62,38,25,18,8,14
2026-560,US Open,Hard,128,G,0,20260830,52,V0DZ,,,Luca Van Assche,R,178,FRA,22.303,40,1140,N771,29,,Cameron Norrie,L,188,GBR,31.020,35,1365,6-7(6) 6-2 6-2 6-3,5,R128,173,8,5,106,58,49,24,19,2,5,6,3,112,75,42,16,18,4,12
2026-560,US Open,Hard,128,G,0,20260830,53,L0BV,18,,Jiri Lehecka,R,185,CZE,24.808,19,2420,CD85,,,Pablo Carreno Busta,R,188,ESP,35.135,66,899,6-1 7-6(5) 4-6 6-2,5,R128,175,10,7,120,66,51,25,19,3,7,0,7,117,89,52,12,18,7,14
2026-560,US Open,Hard,128,G,0,20260830,54,S0TM,,Q,Toby Samuel,R,191,GBR,23.981,110,567,M0FH,,,Tomas Machac,R,183,CZE,25.878,58,960,6-2 6-3 6-2,5,R128,90,4,1,77,50,38,19,13,4,5,1,0,69,49,25,10,12,4,10
2026-560,US Open,Hard,128,G,0,20260830,55,HG86,,Q,Lloyd Harris,R,193,RSA,29.511,139,428,K0NP,,WC,Jack Kennedy,R,170,USA,18.237,394,129,6-4 6-2 6-2,5,R128,101,16,1,68,38,30,20,13,0,1,4,2,70,44,26,12,13,3,9
2026-560,US Open,Hard,128,G,0,20260831,56,TE51,,,Stefanos Tsitsipas,R,193,GRE,28.052,53,1015,F0F1,10,,Arthur Fils,R,185,FRA,22.218,11,3140,4-6 7-6(3) 6-1 6-4,5,R128,174,14,7,142,81,64,27,20,4,7,10,4,125,78,50,28,19,7,12
2026-560,US Open,Hard,128,G,0,20260830,57,BK92,15,,Alexander Bublik,R,196,KAZ,29.202,16,2525,W09G,,WC,J.J. Wolf,R,183,USA,27.691,253,225,6-4 6-2 3-6 6-1,5,R128,132,18,10,90,51,41,22,17,5,8,4,3,93,45,32,19,17,1,8
2026-560,US Open,Hard,128,G,0,20260831,58,ME82,,,Adrian Mannarino,L,180,FRA,38.171,67,895,T0A1,,,Thiago Agustin Tirante,R,185,ARG,25.391,42,1125,4-6 3-6 6-3 6-3 6-3,5,R128,227,4,1,136,80,61,26,23,6,10,19,16,151,76,62,28,23,6,12
2026-560,US Open,Hard,128,G,0,20260830,59,P0HW,,,Dino Prizmic,R,188,CRO,21.068,102,618,S0H2,,,Aleksandr Shevchenko,R,188,KAZ,25.749,98,655,2-6 6-3 6-3 5-7 7-5,5,R128,234,8,9,158,91,66,33,25,9,15,14,7,150,79,52,37,25,6,13
2026-560,US Open,Hard,128,G,0,20260830,60,PL56,20,,Tommy Paul,R,185,USA,29.287,21,2225,W0BH,,Q,Coleman Wong,R,191,HKG,22.231,94,668,6-7(3) 6-1 6-3 6-3,5,R128,161,9,1,98,54,42,33,19,1,2,15,6,127,63,43,32,18,7,13
2026-560,US Open,Hard,128,G,0,20260831,61,D994,,,James Duckworth,R,183,AUS,34.609,71,853,A0FC,30,,Matteo Arnaldi,R,185,ITA,25.520,36,1349,5-7 6-3 6-2 7-6(8),5,R128,205,16,4,139,75,55,32,21,11,15,5,7,134,83,61,18,20,13,19
2026-560,US Open,Hard,128,G,0,20260830,62,WB32,,,Yibing Wu,R,183,CHN,26.877,113,551,W09E,,,Adam Walton,R,183,AUS,27.370,93,670,7-6(2) 6-2 7-5,5,R128,144,9,4,107,62,48,26,16,5,7,15,5,108,70,52,14,16,8,13
2026-560,US Open,Hard,128,G,0,20260830,63,F0F2,,,Jaime Faria,R,188,POR,23.066,72,847,B0CD,,,Jenson Brooksby,R,193,USA,25.843,74,803,6-3 7-6(4) 4-6 1-6 6-2,5,R128,224,14,14,154,79,56,36,24,9,16,6,3,145,94,66,21,22,5,11
2026-560,US Open,Hard,128,G,0,20260831,64,A0E2,2,,Carlos Alcaraz,R,183,ESP,23.324,3,7160,SX50,,,Roman Safiullin,R,185,RUS,29.065,99,634,6-4 6-4 6-4,5,R128,142,2,5,100,68,45,19,15,5,6,9,4,90,59,38,17,15,3,7
2026-560,US Open,Hard,128,G,0,20260903,65,Z355,1,,Alexander Zverev,R,198,GER,29.372,2,7790,HB64,,,Quentin Halys,R,191,FRA,29.854,52,1030,6-4 4-6 7-6(3) 6-7(3) 6-3,5,R64,273,29,8,157,103,82,26,26,4,7,18,12,198,108,86,37,27,15,20
2026-560,US Open,Hard,128,G,0,20260903,66,TE30,25,,Alejandro Tabilo,L,188,CHI,29.254,28,1688,P09Z,,,Alexei Popyrin,R,196,AUS,27.080,130,458,2-6 7-6(4) 7-6(3) 6-2,5,R64,202,17,5,114,65,54,30,20,3,5,25,6,135,87,60,27,20,4,6
2026-560,US Open,Hard,128,G,0,20260903,67,D0FJ,21,,Luciano Darderi,R,183,ITA,24.550,22,2175,S0GD,,Q,Dalibor Svrcina,R,178,CZE,23.921,134,445,6-3 6-7(5) 6-4 6-4,5,R64,224,16,9,163,91,59,31,21,13,20,11,20,129,67,48,16,20,13,23
2026-560,US Open,Hard,128,G,0,20260903,68,S0IA,,WC,Dane Sweeny,R,170,AUS,25.555,123,506,M0EJ,13,,Lorenzo Musetti,R,185,ITA,24.504,14,2605,3-6 6-1 6-2 6-2,5,R64,156,5,2,102,71,47,19,16,7,10,6,7,111,75,41,17,16,9,17
2026-560,US Open,Hard,128,G,0,20260903,69,Z0BZ,,WC,Michael Zheng,R,188,USA,22.601,107,590,Y09V,,LL,Yunchaokete Bu,R,185,CHN,24.621,124,496,6-3 2-6 6-2 6-3,5,R64,153,13,5,99,52,43,24,17,4,7,8,8,107,52,37,24,17,5,11
2026-560,US Open,Hard,128,G,0,20260903,70,G0IX,,LL,Arthur Gea,R,180,FRA,21.667,87,709,S0K7,,,Zachary Svajda,R,175,USA,23.762,80,759,5-7 6-3 6-2 6-2,5,R64,150,15,5,123,74,54,25,19,6,10,7,3,106,56,34,23,18,2,10
2026-560,US Open,Hard,128,G,0,20260903,71,BU13,31,,Zizou Bergs,R,185,BEL,27.253,37,1345,D0C1,,,Jesper de Jong,R,180,NED,26.259,100,628,7-5 1-6 6-2 7-6(2),5,R64,219,11,8,118,63,46,23,19,5,11,6,16,140,66,43,34,20,9,16
2026-560,US Open,Hard,128,G,0,20260903,72,V812,,,Botic van de Zandschulp,R,191,NED,30.916,70,868,DH58,6,,Alex de Minaur,R,183,AUS,27.543,7,3650,6-4 7-5 6-2,5,R64,163,9,4,104,60,46,22,15,4,5,4,7,96,49,32,24,15,6,11
2026-560,US Open,Hard,128,G,0,20260903,73,KE29,,,Karen Khachanov,R,198,RUS,30.286,50,1050,AG37,3,,Felix Auger-Aliassime,R,193,CAN,26.070,4,4640,6-7(5) 6-3 6-2 6-2,5,R64,197,12,4,123,61,47,38,19,7,9,12,8,116,67,45,20,18,13,20
2026-560,US Open,Hard,128,G,0,20260903,74,BM95,,,Benjamin Bonzi,R,183,FRA,30.234,97,656,B0ID,32,,Ignacio Buse,R,183,PER,22.442,30,1550,6-2 7-6(4) 6-0,5,R64,117,8,1,83,43,39,22,13,3,3,6,7,83,46,31,15,13,2,7
2026-560,US Open,Hard,128,G,0,20260903,75,M0NI,17,,Jakub Mensik,R,196,CZE,21.005,18,2445,R09X,,Q,Jurij Rodionov,L,191,AUT,27.302,143,395,6-3 3-6 6-2 6-3,5,R64,151,14,6,91,52,44,26,18,1,2,15,5,112,67,50,20,17,9,13
2026-560,US Open,Hard,128,G,0,20260903,76,T0HA,14,,Learner Tien,L,180,USA,20.753,15,2565,MC65,,WC,Gael Monfils,R,193,FRA,40.005,311,180,6-3 6-4 6-3,5,R64,137,3,4,96,60,48,18,14,8,8,8,8,103,50,38,20,14,9,13
2026-560,US Open,Hard,128,G,0,20260903,77,FB98,9,,Taylor Fritz,R,196,USA,28.849,10,3475,B0GG,,,Mattia Bellucci,L,175,ITA,25.257,95,659,6-0 6-1 6-1,5,R64,98,11,1,56,35,30,13,10,3,3,3,4,78,43,22,10,10,7,15
2026-560,US Open,Hard,128,G,0,20260903,78,C0AU,24,,Francisco Cerundolo,R,185,ARG,28.057,25,1980,SL28,,,Jan-Lennard Struff,R,193,GER,36.359,44,1089,5-7 7-5 4-6 6-2 6-3,5,R64,234,19,13,152,81,60,39,25,7,11,14,16,169,83,64,38,26,10,17
2026-560,US Open,Hard,128,G,0,20260903,79,B0PG,28,,Alexander Blockx,R,193,BEL,21.405,34,1396,TA29,,,Marco Trungelliti,R,178,ARG,36.589,83,731,6-3 6-2 3-6 6-1,5,R64,161,17,7,102,52,46,27,17,3,4,5,12,110,59,39,22,16,7,12
2026-560,US Open,Hard,128,G,0,20260903,80,C0E9,5,,Flavio Cobolli,R,183,ITA,24.329,6,3720,S0N0,,Q,Tristan Schoolkate,R,183,AUS,25.517,180,313,3-6 6-3 6-4 7-5,5,R64,162,10,4,106,58,47,31,20,0,2,4,4,111,60,49,21,20,2,6
2026-560,US Open,Hard,128,G,0,20260902,81,MM58,7,,Daniil Medvedev,R,198,RUS,30.557,8,3580,G0JJ,,WC,Sebastian Gorzny,R,193,USA,22.606,731,43,6-1 6-3 7-5,5,R64,127,14,3,81,53,46,13,14,1,1,3,5,100,64,38,15,14,9,14
2026-560,US Open,Hard,128,G,0,20260902,82,RC91,26,,Arthur Rinderknech,R,196,FRA,31.113,29,1683,MU94,,,Jaume Munar,R,183,ESP,29.328,55,990,7-6(4) 6-2 7-5,5,R64,186,22,6,123,67,57,21,16,5,8,3,5,107,59,38,23,16,3,9
2026-560,US Open,Hard,128,G,0,20260902,83,VA25,22,,Valentin Vacherot,R,193,MON,27.795,23,2168,MQ75,,,Kamil Majchrzak,R,183,POL,30.637,73,827,6-4 4-6 7-6(3) 6-2,5,R64,206,17,12,139,79,65,21,20,8,13,8,7,149,79,50,30,20,13,20
2026-560,US Open,Hard,128,G,0,20260902,84,TD51,11,,Frances Tiafoe,R,188,USA,28.616,12,2680,S0UV,,Q,Rei Sakamoto,R,193,JPN,20.192,157,357,6-3 7-6(2) 7-5,5,R64,160,7,4,118,75,53,24,17,3,5,18,3,99,58,42,20,16,4,8
2026-560,US Open,Hard,128,G,0,20260902,85,M0QI,,,Alex Michelsen,R,193,USA,22.021,46,1070,N0AE,16,,Brandon Nakashima,R,188,USA,25.081,17,2485,6-3 6-4 6-4,5,R64,115,4,4,81,47,39,22,15,2,3,10,4,81,49,34,17,14,3,7
2026-560,US Open,Hard,128,G,0,20260902,86,M0N7,,,Daniel Merida,R,188,ESP,21.933,39,1157,RE44,23,,Andrey Rublev,R,188,RUS,28.868,24,2080,6-7(3) 6-2 6-4 6-4,5,R64,166,9,9,128,80,59,27,20,5,6,13,8,133,80,63,18,20,6,11
2026-560,US Open,Hard,128,G,0,20260902,87,EA24,27,,Tomas Martin Etcheverry,R,196,ARG,27.127,32,1440,F0BY,,LL,Jacob Fearnley,R,183,GBR,25.133,101,623,6-3 6-3 3-6 6-3,5,R64,198,9,5,118,70,51,21,18,8,12,10,11,131,86,49,23,18,11,18
2026-560,US Open,Hard,128,G,0,20260902,88,N0BS,,,Mariano Navone,R,178,ARG,25.511,49,1065,BK40,,,Matteo Berrettini,R,196,ITA,30.390,43,1115,3-6 6-3 6-4 7-6(4),5,R64,209,5,4,132,93,65,24,20,7,9,15,6,127,72,56,26,20,4,7
2026-560,US Open,Hard,128,G,0,20260902,89,S0S1,8,,Ben Shelton,L,193,USA,23.899,9,3480,HB71,,,Hubert Hurkacz,R,196,POL,29.555,47,1070,6-3 5-7 7-6(3) 7-5,5,R64,204,6,3,138,100,73,25,23,5,7,14,7,139,81,61,32,22,8,11
2026-560,US Open,Hard,128,G,0,20260902,90,SU55,,,Denis Shapovalov,L,185,CAN,27.384,48,1065,V0DZ,,,Luca Van Assche,R,178,FRA,22.311,40,1140,6-0 6-4 7-6(7),5,R64,145,11,9,104,61,45,21,14,8,11,4,4,89,48,27,19,14,2,9
2026-560,US Open,Hard,128,G,0,20260902,91,L0BV,18,,Jiri Lehecka,R,185,CZE,24.816,19,2420,S0TM,,Q,Toby Samuel,R,191,GBR,23.989,110,567,6-4 6-2 6-4,5,R64,108,7,3,81,50,39,16,14,1,3,4,5,84,54,34,11,14,5,11
2026-560,US Open,Hard,128,G,0,20260902,92,TE51,,,Stefanos Tsitsipas,R,193,GRE,28.057,53,1015,HG86,,Q,Lloyd Harris,R,193,RSA,29.520,139,428,6-7(1) 6-3 7-6(4) 6-4,5,R64,207,15,3,135,68,55,38,21,2,4,13,4,157,93,72,28,22,12,17
2026-560,US Open,Hard,128,G,0,20260902,93,BK92,15,,Alexander Bublik,R,196,KAZ,29.210,16,2525,ME82,,,Adrian Mannarino,L,180,FRA,38.177,67,895,6-3 6-1 6-1,5,R64,80,16,3,62,45,41,9,12,1,1,1,3,64,34,18,14,11,8,14
2026-560,US Open,Hard,128,G,0,20260902,94,PL56,20,,Tommy Paul,R,185,USA,29.295,21,2225,P0HW,,,Dino Prizmic,R,188,CRO,21.076,102,618,6-2 6-3 5-7 6-4,5,R64,184,9,4,109,59,49,24,19,2,5,2,7,125,79,56,16,20,9,16
2026-560,US Open,Hard,128,G,0,20260902,95,WB32,,,Yibing Wu,R,183,CHN,26.886,113,551,D994,,,James Duckworth,R,183,AUS,34.615,71,853,7-5 6-3 6-1,5,R64,117,12,1,73,50,39,18,14,0,0,9,8,104,49,33,23,14,9,14
2026-560,US Open,Hard,128,G,0,20260902,96,A0E2,2,,Carlos Alcaraz,R,183,ESP,23.329,3,7160,F0F2,,,Jaime Faria,R,188,POR,23.075,72,847,4-6 6-0 6-3 6-2,5,R64,160,3,4,104,64,46,28,17,5,7,5,11,107,58,41,15,16,5,12
2026-560,US Open,Hard,128,G,0,20260905,97,Z355,1,,Alexander Zverev,R,198,GER,29.377,2,7790,TE30,25,,Alejandro Tabilo,L,188,CHI,29.259,28,1688,6-2 7-6(2) 6-2,5,R32,146,10,2,87,62,46,14,14,6,8,7,3,99,60,37,16,14,7,13
2026-560,US Open,Hard,128,G,0,20260905,98,D0FJ,21,,Luciano Darderi,R,183,ITA,24.556,22,2175,S0IA,,WC,Dane Sweeny,R,170,AUS,25.561,123,506,6-4 6-3 6-3,5,R32,133,7,4,93,50,36,25,14,6,8,2,4,83,48,26,18,14,2,8
2026-560,US Open,Hard,128,G,0,20260905,99,G0IX,,LL,Arthur Gea,R,180,FRA,21.673,87,709,Z0BZ,,WC,Michael Zheng,R,188,USA,22.606,107,590,7-6(7) 3-6 4-6 6-3 6-2,5,R32,235,6,8,150,97,71,24,24,4,10,7,6,174,79,51,48,24,17,24
2026-560,US Open,Hard,128,G,0,20260905,100,V812,,,Botic van de Zandschulp,R,191,NED,30.921,70,868,BU13,31,,Zizou Bergs,R,185,BEL,27.258,37,1345,3-6 7-6(3) 4-6 7-6(6) 6-3,5,R32,269,15,16,161,87,63,35,26,5,12,11,12,185,107,76,36,26,8,14
2026-560,US Open,Hard,128,G,0,20260905,101,KE29,,,Karen Khachanov,R,198,RUS,30.292,50,1050,BM95,,,Benjamin Bonzi,R,183,FRA,30.240,97,656,6-3 6-2 6-4,5,R32,130,12,5,94,56,44,19,14,3,4,6,7,82,43,33,13,13,5,10
2026-560,US Open,Hard,128,G,0,20260905,102,T0HA,14,,Learner Tien,L,180,USA,20.758,15,2565,M0NI,17,,Jakub Mensik,R,196,CZE,21.010,18,2445,6-3 1-6 6-7(2) 6-3 6-4,5,R32,204,4,8,168,111,72,31,23,9,14,23,8,137,81,65,25,24,7,14
2026-560,US Open,Hard,128,G,0,20260905,103,C0AU,24,,Francisco Cerundolo,R,185,ARG,28.063,25,1980,FB98,9,,Taylor Fritz,R,196,USA,28.854,10,3475,3-6 4-6 6-3 6-4 6-4,5,R32,220,10,9,140,85,69,18,24,7,12,12,5,158,83,56,41,24,13,19
2026-560,US Open,Hard,128,G,0,20260905,104,B0PG,28,,Alexander Blockx,R,193,BEL,21.410,34,1396,C0E9,5,,Flavio Cobolli,R,183,ITA,24.334,6,3720,6-7(4) 6-3 6-0 6-3,5,R32,165,17,4,98,56,48,26,18,5,7,5,5,129,74,44,23,18,13,21
2026-560,US Open,Hard,128,G,0,20260904,105,MM58,7,,Daniil Medvedev,R,198,RUS,30.563,8,3580,RC91,26,,Arthur Rinderknech,R,196,FRA,31.118,29,1683,6-4 6-4 6-4,5,R32,119,10,6,77,41,35,23,15,1,2,9,1,81,55,45,6,15,1,5
2026-560,US Open,Hard,128,G,0,20260904,106,TD51,11,,Frances Tiafoe,R,188,USA,28.621,12,2680,VA25,22,,Valentin Vacherot,R,193,MON,27.800,23,2168,6-4 6-2 6-4,5,R32,119,6,2,80,54,46,16,14,3,3,12,7,92,46,35,19,14,4,8
2026-560,US Open,Hard,128,G,0,20260904,107,M0QI,,,Alex Michelsen,R,193,USA,22.026,46,1070,M0N7,,,Daniel Merida,R,188,ESP,21.938,39,1157,7-6(5) 6-4 6-3,5,R32,129,6,1,92,62,47,19,15,4,5,8,7,109,64,42,24,16,3,7
2026-560,US Open,Hard,128,G,0,20260904,108,EA24,27,,Tomas Martin Etcheverry,R,196,ARG,27.132,32,1440,N0BS,,,Mariano Navone,R,178,ARG,25.517,49,1065,6-4 6-4 6-3,5,R32,146,8,1,82,50,38,21,15,0,1,4,1,84,57,37,15,14,4,8
2026-560,US Open,Hard,128,G,0,20260904,109,S0S1,8,,Ben Shelton,L,193,USA,23.904,9,3480,SU55,,,Denis Shapovalov,L,185,CAN,27.389,48,1065,7-6(3) 6-7(5) 6-3 6-4,5,R32,202,14,7,140,98,72,22,22,4,8,8,7,130,74,57,25,21,5,11
2026-560,US Open,Hard,128,G,0,20260904,110,TE51,,,Stefanos Tsitsipas,R,193,GRE,28.063,53,1015,L0BV,18,,Jiri Lehecka,R,185,CZE,24.821,19,2420,2-6 6-1 7-6(3) 6-1,5,R32,153,12,5,109,64,46,27,18,2,5,3,6,102,60,43,17,16,4,9
2026-560,US Open,Hard,128,G,0,20260904,111,PL56,20,,Tommy Paul,R,185,USA,29.300,21,2225,BK92,15,,Alexander Bublik,R,196,KAZ,29.216,16,2525,6-4 3-6 6-7(4) 6-1 6-3,5,R32,193,10,1,141,93,71,29,23,5,7,16,6,143,85,61,29,24,2,8
2026-560,US Open,Hard,128,G,0,20260904,112,A0E2,2,,Carlos Alcaraz,R,183,ESP,23.335,3,7160,WB32,,,Yibing Wu,R,183,CHN,26.891,113,551,6-3 6-4 6-1,5,R32,140,6,4,86,58,40,14,13,5,7,1,5,109,62,33,21,13,8,15
2026-560,US Open,Hard,128,G,0,20260907,113,Z355,1,,Alexander Zverev,R,198,GER,29.383,2,7790,D0FJ,21,,Luciano Darderi,R,183,ITA,24.561,22,2175,6-2 6-2 7-6(3),5,R16,151,13,5,82,59,51,13,14,1,1,9,7,104,48,40,20,14,13,17
2026-560,US Open,Hard,128,G,0,20260907,114,V812,,,Botic van de Zandschulp,R,191,NED,30.927,70,868,G0IX,,LL,Arthur Gea,R,180,FRA,21.678,87,709,3-6 6-7(0) 7-6(7) 7-6(3) 6-4,5,R16,313,15,9,199,114,80,35,27,9,16,10,12,210,126,84,40,28,14,21
2026-560,US Open,Hard,128,G,0,20260907,115,KE29,,,Karen Khachanov,R,198,RUS,30.297,50,1050,T0HA,14,,Learner Tien,L,180,USA,20.764,15,2565,7-5 4-6 6-7(6) 6-1 6-4,5,R16,230,9,7,168,105,77,28,25,9,14,8,8,155,93,66,28,26,3,12
2026-560,US Open,Hard,128,G,0,20260907,116,B0PG,28,,Alexander Blockx,R,193,BEL,21.415,34,1396,C0AU,24,,Francisco Cerundolo,R,185,ARG,28.068,25,1980,6-3 4-6 7-5 7-5,5,R16,196,10,7,138,77,57,29,21,14,17,5,6,132,79,57,24,22,6,12
2026-560,US Open,Hard,128,G,0,20260906,117,TD51,11,,Frances Tiafoe,R,188,USA,28.627,12,2680,MM58,7,,Daniil Medvedev,R,198,RUS,30.568,8,3580,7-6(1) 6-4 7-6(6),5,R16,177,4,0,116,73,50,23,17,5,9,14,5,113,67,50,17,17,3,8
2026-560,US Open,Hard,128,G,0,20260906,118,M0QI,,,Alex Michelsen,R,193,USA,22.031,46,1070,EA24,27,,Tomas Martin Etcheverry,R,196,ARG,27.138,32,1440,7-6(6) 6-4 6-4,5,R16,166,12,7,102,54,44,28,16,4,5,6,0,98,49,41,24,16,1,4
2026-560,US Open,Hard,128,G,0,20260906,119,S0S1,8,,Ben Shelton,L,193,USA,23.910,9,3480,TE51,,,Stefanos Tsitsipas,R,193,GRE,28.068,53,1015,6-2 6-3 6-4,5,R16,112,12,1,71,51,43,14,14,0,0,2,3,71,37,24,20,13,2,6
2026-560,US Open,Hard,128,G,0,20260906,120,A0E2,2,,Carlos Alcaraz,R,183,ESP,23.340,3,7160,PL56,20,,Tommy Paul,R,185,USA,29.306,21,2225,6-4 6-3 6-4,5,R16,141,3,2,84,56,42,18,15,3,4,4,1,89,48,30,20,14,10,14
2026-560,US Open,Hard,128,G,0,20260909,121,Z355,1,,Alexander Zverev,R,198,GER,29.388,2,7790,V812,,,Botic van de Zandschulp,R,191,NED,30.932,70,868,6-2 7-5 6-1,5,QF,137,8,7,86,61,47,11,13,2,2,7,3,79,42,29,14,14,3,9
2026-560,US Open,Hard,128,G,0,20260909,122,KE29,,,Karen Khachanov,R,198,RUS,30.303,50,1050,B0PG,28,,Alexander Blockx,R,193,BEL,21.421,34,1396,6-2 7-5 3-2,5,QF,98,6,2,66,36,32,19,12,2,2,8,4,74,41,29,16,13,2,6
2026-560,US Open,Hard,128,G,0,20260908,123,TD51,11,,Frances Tiafoe,R,188,USA,28.632,12,2680,M0QI,,,Alex Michelsen,R,193,USA,22.037,46,1070,5-7 3-6 7-5 6-3 7-6(6),5,QF,279,10,4,181,93,62,46,27,15,23,21,9,162,92,67,33,27,9,17
2026-560,US Open,Hard,128,G,0,20260908,124,S0S1,8,,Ben Shelton,L,193,USA,23.915,9,3480,A0E2,2,,Carlos Alcaraz,R,183,ESP,23.346,3,7160,6-7(5) 6-1 6-3 1-6 7-6(7),5,QF,268,7,2,158,105,73,30,23,8,11,3,7,175,112,77,32,24,11,16
2026-560,US Open,Hard,128,G,0,20260911,125,Z355,1,,Alexander Zverev,R,198,GER,29.394,2,7790,KE29,,,Karen Khachanov,R,198,RUS,30.308,50,1050,6-3 7-6(7) 7-6(6),5,SF,178,15,6,111,70,55,23,17,1,2,6,3,100,62,51,20,16,1,3
2026-560,US Open,Hard,128,G,0,20260911,126,S0S1,8,,Ben Shelton,L,193,USA,23.923,9,3480,TD51,11,,Frances Tiafoe,R,188,USA,28.641,12,2680,4-6 6-3 6-3 7-5,5,SF,197,20,3,114,86,66,15,20,5,7,3,2,121,69,54,20,20,6,11
2026-560,US Open,Hard,128,G,0,20260913,127,Z355,1,,Alexander Zverev,R,198,GER,29.399,2,7790,S0S1,8,,Ben Shelton,L,193,USA,23.929,9,3480,6-3 7-6(2) 5-7 6-2,5,F,213,9,6,116,80,68,17,20,2,3,10,4,122,87,62,20,21,2,6
2026-M-DC-2026-QLS-M-KOR-IND-01,Davis Cup QLS R2: KOR vs IND,Hard,4,D,O,20260918,1,KF17,,,Soonwoo Kwon,R,180,KOR,28.794,157,355,S0DE,,,Dhakshineswar Suresh,R,196,IND,26.472,367,141,3-6 6-3 6-4,3,RR,125,7,5,80,36,33,24,14,1,2,12,6,110,64,46,23,14,8,10
2026-M-DC-2026-QLS-M-KOR-IND-01,Davis Cup QLS R2: KOR vs IND,Hard,4,D,O,20260918,2,CH27,,,Hyeon Chung,R,188,KOR,30.333,549,74,N897,,,Sumit Nagal,R,178,IND,29.090,247,225,2-6 6-4 7-5,3,RR,186,3,4,107,68,45,16,15,3,8,3,8,100,67,44,13,15,6,11
2026-M-DC-2026-QLS-M-KOR-IND-01,Davis Cup QLS R2: KOR vs IND,Hard,4,D,O,20260919,3,KF17,,,Soonwoo Kwon,R,180,KOR,28.797,157,355,N897,,,Sumit Nagal,R,178,IND,29.092,247,225,6-1 6-2,3,RR,,4,3,41,25,21,10,7,2,2,1,3,50,25,9,15,8,8,13
2026-M-DC-2026-QLS-M-AUT-BEL-01,Davis Cup QLS R2: AUT vs BEL,Clay,4,D,O,20260918,1,R09X,,,Jurij Rodionov,L,191,AUT,27.343,142,416,O0A2,,,Gauthier Onclin,R,180,BEL,25.558,164,344,6-4 6-1,3,RR,,9,1,69,44,24,16,9,3,5,0,1,48,31,14,12,8,4,9
2026-M-DC-2026-QLS-M-AUT-BEL-01,Davis Cup QLS R2: AUT vs BEL,Clay,4,D,O,20260918,2,BU13,,,Zizou Bergs,R,185,BEL,27.294,38,1345,N0CS,,,Lukas Neumayer,R,183,AUT,24.033,180,312,2-6 6-4 6-2,3,RR,105,9,4,75,43,32,15,13,2,5,2,3,65,38,26,15,13,3,7
2026-M-DC-2026-QLS-M-AUT-BEL-01,Davis Cup QLS R2: AUT vs BEL,Clay,4,D,O,20260919,3,R09X,,,Jurij Rodionov,L,191,AUT,27.346,142,416,BU13,,,Zizou Bergs,R,185,BEL,27.296,38,1345,7-6(6) 6-3,3,RR,139,7,0,86,46,36,15,10,9,12,4,4,76,49,26,13,11,6,11
2026-M-DC-2026-QLS-M-CZE-USA-01,Davis Cup QLS R2: CZE vs USA,Hard,4,D,I,20260918,1,T0HA,,,Learner Tien,L,180,USA,20.794,13,2755,M0NI,,,Jakub Mensik,R,196,CZE,21.046,15,2495,6-2 6-4,3,RR,69,1,2,52,37,31,6,9,3,4,4,4,54,38,24,4,9,3,7
2026-M-DC-2026-QLS-M-CZE-USA-01,Davis Cup QLS R2: CZE vs USA,Hard,4,D,I,20260918,2,L0BV,,,Jiri Lehecka,R,185,CZE,24.860,24,2120,S0S1,,,Ben Shelton,L,193,USA,23.943,4,4680,6-4 6-4,3,RR,95,3,1,58,33,29,14,10,2,2,3,2,62,48,35,6,10,4,6
2026-M-DC-2026-QLS-M-CZE-USA-01,Davis Cup QLS R2: CZE vs USA,Hard,4,D,I,20260919,3,M0NI,,,Jakub Mensik,R,196,CZE,21.049,15,2495,S0S1,,,Ben Shelton,L,193,USA,23.945,4,4680,5-7 6-4 6-3,3,RR,,9,2,76,52,45,17,16,0,1,4,1,93,62,44,17,15,5,7
2026-M-DC-2026-QLS-M-CZE-USA-01,Davis Cup QLS R2: CZE vs USA,Hard,4,D,I,20260919,4,L0BV,,,Jiri Lehecka,R,185,CZE,24.862,24,2120,T0HA,,,Learner Tien,L,180,USA,20.797,13,2755,6-3 7-5,3,RR,,5,3,76,41,30,17,11,6,8,1,3,64,38,23,12,10,5,9
2026-M-DC-2026-QLS-M-CAN-FRA-01,Davis Cup QLS R2: CAN vs FRA,Hard,4,D,I,20260918,1,D0DP,,,Liam Draxl,R,185,CAN,24.786,205,267,RC91,,,Arthur Rinderknech,R,196,FRA,31.157,32,1583,6-2 7-5,3,RR,104,9,1,72,57,41,7,10,3,3,13,1,69,43,27,15,10,7,10
2026-M-DC-2026-QLS-M-CAN-FRA-01,Davis Cup QLS R2: CAN vs FRA,Hard,4,D,I,20260918,2,AG37,,,Felix Auger-Aliassime,R,193,CAN,26.111,5,3890,HB64,,,Quentin Halys,R,191,FRA,29.895,49,1070,7-6(5) 4-6 6-3,3,RR,143,12,1,90,68,52,15,16,0,1,19,6,102,70,58,11,15,4,5
2026-M-DC-2026-QLS-M-CAN-FRA-01,Davis Cup QLS R2: CAN vs FRA,Hard,4,D,I,20260919,3,AG37,,,Felix Auger-Aliassime,R,193,CAN,26.114,5,3890,RC91,,,Arthur Rinderknech,R,196,FRA,31.159,32,1583,4-6 7-6(5) 6-4,3,RR,,17,1,87,66,53,14,16,1,2,7,0,97,75,59,10,16,3,4
2026-M-DC-2026-QLS-M-GER-CRO-01,Davis Cup QLS R2: GER vs CRO,Hard,4,D,I,20260919,1,Z355,,,Alexander Zverev,R,198,GER,29.415,2,9690,D0L3,,,Matej Dodig,R,188,CRO,21.169,171,329,6-4 7-6(3),3,RR,,15,1,66,54,44,6,11,0,0,3,1,77,55,42,9,11,5,6
2026-M-DC-2026-QLS-M-GER-CRO-01,Davis Cup QLS R2: GER vs CRO,Hard,4,D,I,20260919,2,P0HW,,,Dino Prizmic,R,188,CRO,21.123,103,628,AE14,,,Daniel Altmaier,R,188,GER,28.019,69,874,6-4 6-3,3,RR,,2,0,64,45,33,9,10,5,6,5,0,51,29,19,12,9,2,5
2026-M-DC-2026-QLS-M-GER-CRO-01,Davis Cup QLS R2: GER vs CRO,Hard,4,D,I,20260920,3,Z355,,,Alexander Zverev,R,198,GER,29.418,2,9690,P0HW,,,Dino Prizmic,R,188,CRO,21.125,103,628,6-2 6-4,3,RR,,6,0,45,34,27,9,9,0,0,4,0,54,41,26,5,9,6,9
2026-M-DC-2026-QLS-M-GBR-ECU-01,Davis Cup QLS R2: GBR vs ECU,Hard,4,D,I,20260919,1,S0TM,,,Toby Samuel,R,191,GBR,24.036,95,640,AG08,,,Andres Andrade,R,180,ECU,27.765,203,269,4-6 6-4 6-1,3,RR,,6,3,85,54,36,17,14,7,10,0,4,69,44,31,8,13,1,6
2026-M-DC-2026-QLS-M-GBR-ECU-01,Davis Cup QLS R2: GBR vs ECU,Hard,4,D,I,20260919,2,F0DM,,,Arthur Fery,R,175,GBR,24.189,36,1413,G0DH,,,Alvaro Guillen Meza,R,175,ECU,23.713,293,189,7-5 6-0,3,RR,,2,1,52,37,29,9,9,2,2,0,3,61,42,24,6,9,4,8
2026-M-DC-2026-QLS-M-GBR-ECU-01,Davis Cup QLS R2: GBR vs ECU,Hard,4,D,I,20260920,3,W0AH,,,Harry Wendelken,R,178,GBR,24.756,175,321,V0IZ,,,Angel Veliz,,,ECU,18.149,1505,4,6-2 6-3,3,RR,,1,4,47,28,22,12,8,2,3,1,7,72,41,23,12,9,4,9
2026-M-DC-2026-QLS-M-CHI-ESP-01,Davis Cup QLS R2: CHI vs ESP,Clay,4,D,O,20260919,1,M0N7,,,Daniel Merida,R,188,ESP,21.979,41,1216,TE30,,,Alejandro Tabilo,L,188,CHI,29.298,28,1778,5-7 6-3 6-3,3,RR,136,9,1,95,69,48,16,15,5,6,3,0,96,63,44,14,15,5,8
2026-M-DC-2026-QLS-M-CHI-ESP-01,Davis Cup QLS R2: CHI vs ESP,Clay,4,D,O,20260919,2,J0DZ,,,Rafael Jodar,R,191,ESP,20.005,14,2659,GD64,,,Cristian Garin,R,185,CHI,30.305,133,446,6-0 6-2,3,RR,64,0,0,37,26,20,6,7,0,1,0,5,51,32,19,1,7,6,12
2026-M-DC-2026-QLS-M-CHI-ESP-01,Davis Cup QLS R2: CHI vs ESP,Clay,4,D,O,20260920,3,L0IL,,,Martin Landaluce,R,193,ESP,20.698,62,924,S0EK,,,Matias Soto,R,170,CHI,27.400,237,232,6-2 6-3,3,RR,,2,0,48,34,25,12,9,1,1,3,2,47,31,20,8,8,3,6
2026-M-DC-2026-WG1-R1-FIN-MON-01,Davis Cup WG1 R1: FIN vs MON,Hard,4,D,I,20260918,1,V0AM,,,Otto Virtanen,R,193,FIN,25.243,108,586,CN78,,,Lucas Catarina,R,185,MON,30.062,,,6-0 6-3,3,RR,,10,4,44,29,25,8,8,2,2,2,1,54,30,14,11,7,3,7
2026-M-DC-2026-WG1-R1-FIN-MON-01,Davis Cup WG1 R1: FIN vs MON,Hard,4,D,I,20260918,2,VA25,,,Valentin Vacherot,R,193,MON,27.838,21,2250,V993,,,Eero Vasa,R,185,FIN,29.626,446,105,6-3 7-6(3),3,RR,,15,2,65,48,44,9,11,2,2,6,2,62,41,33,10,10,2,3
2026-M-DC-2026-WG1-R1-FIN-MON-01,Davis Cup WG1 R1: FIN vs MON,Hard,4,D,I,20260919,3,VA25,,,Valentin Vacherot,R,193,MON,27.841,21,2250,V0AM,,,Otto Virtanen,R,193,FIN,25.246,108,586,7-6(3) 4-6 6-4,3,RR,,14,5,120,82,58,18,16,10,13,14,5,133,70,51,30,16,10,13
2026-M-DC-2026-WG1-R1-LUX-HUN-01,Davis Cup WG1 R1: LUX vs HUN,Hard,4,D,I,20260918,1,M0CI,,,Fabian Marozsan,R,193,HUN,26.946,60,930,V0AS,,,Louis Van Herck,R,,LUX,27.214,1705,3,6-4 6-4,3,RR,,1,2,52,32,26,11,10,0,2,5,2,59,35,19,12,10,5,9
2026-M-DC-2026-WG1-R1-LUX-HUN-01,Davis Cup WG1 R1: LUX vs HUN,Hard,4,D,I,20260918,2,P09O,,,Zsombor Piros,R,180,HUN,26.932,116,530,KJ00,,,Alex Knaff,R,193,LUX,28.810,761,39,6-4 6-0,3,RR,,3,1,47,24,20,14,8,3,4,3,3,55,32,16,9,8,6,11
2026-M-DC-2026-WG1-R1-LUX-HUN-01,Davis Cup WG1 R1: LUX vs HUN,Hard,4,D,I,20260919,3,M0DY,,,Peter Makk,R,180,HUN,24.914,517,85,800569301,,,Matiej Reiter,R,,LUX,,,,6-1 6-2,3,RR,,3,0,40,26,24,9,8,0,0,1,2,39,25,12,6,7,1,5
2026-M-DC-2026-WG1-R1-NED-COL-01,Davis Cup WG1 R1: NED vs COL,Hard,4,D,I,20260918,1,V812,,,Botic van de Zandschulp,R,191,NED,30.957,40,1258,R0F1,,,Johan Alexander Rodriguez,R,173,COL,22.979,829,32,4-6 6-1 7-5,3,RR,,12,8,86,55,45,13,14,8,11,3,4,105,65,40,16,15,8,14
2026-M-DC-2026-WG1-R1-NED-COL-01,Davis Cup WG1 R1: NED vs COL,Hard,4,D,I,20260918,2,GJ37,,,Tallon Griekspoor,R,188,NED,30.212,55,975,M0AW,,,Nicolas Mejia,R,183,COL,26.601,121,509,6-2 6-4,3,RR,,13,2,53,37,31,9,9,3,3,2,2,53,29,18,10,9,1,4
2026-M-DC-2026-WG1-R1-NED-COL-01,Davis Cup WG1 R1: NED vs COL,Hard,4,D,I,20260919,3,D0C1,,,Jesper de Jong,R,180,NED,26.303,98,638,H0HU,,,Samuel Heredia,R,191,COL,20.285,647,55,6-2 6-4,3,RR,,8,2,43,30,29,7,9,0,0,6,6,58,34,24,9,9,2,5
2026-M-DC-2026-WG1-R1-NOR-CHN-01,Davis Cup WG1 R1: NOR vs CHN,Clay,4,D,I,20260918,1,RH16,,,Casper Ruud,R,183,NOR,27.740,18,2335,TG30,,,Rigele Te,R,188,CHN,28.942,835,32,6-1 7-6(1),3,RR,,3,0,49,35,32,13,10,0,0,2,3,71,43,31,10,9,7,9
2026-M-DC-2026-WG1-R1-NOR-CHN-01,Davis Cup WG1 R1: NOR vs CHN,Clay,4,D,I,20260918,2,B0U4,,,Nicolai Budkov Kjaer,R,191,NOR,20.047,147,387,C0AJ,,,Jie Cui,R,183,CHN,28.649,447,105,4-6 6-4 6-4,3,RR,,10,3,84,51,45,20,15,3,5,2,4,109,71,50,14,15,4,7
2026-M-DC-2026-WG1-R1-NOR-CHN-01,Davis Cup WG1 R1: NOR vs CHN,Clay,4,D,I,20260919,3,RH16,,,Casper Ruud,R,183,NOR,27.743,18,2335,N0DY,,,Fnu Nidunjianzan,,,CHN,,1996,1,6-2 6-0,3,RR,,2,0,34,22,17,11,7,0,0,2,3,43,23,12,5,7,1,6
2026-M-DC-2026-WG1-R1-DEN-BUL-01,Davis Cup WG1 R1: DEN vs BUL,Hard,4,D,I,20260918,1,D875,,,Grigor Dimitrov,R,191,BUL,35.343,128,472,M0K4,,,Elmer Moller,R,183,DEN,23.195,174,321,6-7(2) 6-3 6-4,3,RR,,12,2,88,54,47,20,16,3,4,7,3,95,61,47,18,15,7,10
2026-M-DC-2026-WG1-R1-DEN-BUL-01,Davis Cup WG1 R1: DEN vs BUL,Hard,4,D,I,20260918,2,R0DG,,,Holger Rune,R,188,DEN,23.389,144,400,R0IL,,,Iliyan Radulov,R,187,BUL,21.270,596,64,6-3 6-3,3,RR,88,5,3,47,31,24,9,9,0,1,1,3,77,55,33,6,9,6,10
2026-M-DC-2026-WG1-R1-DEN-BUL-01,Davis Cup WG1 R1: DEN vs BUL,Hard,4,D,I,20260919,3,R0DG,,,Holger Rune,R,188,DEN,23.392,144,400,D875,,,Grigor Dimitrov,R,191,BUL,35.346,128,472,3-6 6-3 7-6(4),3,RR,144,5,2,82,55,45,11,15,1,4,11,4,96,68,45,16,15,9,12
2026-M-DC-2026-WG1-R1-DEN-BUL-01,Davis Cup WG1 R1: DEN vs BUL,Hard,4,D,I,20260919,4,M0K4,,,Elmer Moller,R,183,DEN,23.198,174,321,R0IL,,,Iliyan Radulov,R,187,BUL,21.273,596,64,6-2 6-4,3,RR,,8,2,53,40,26,7,9,5,7,2,0,61,36,17,13,9,5,10
2026-M-DC-2026-WG1-R1-BRA-SUI-01,Davis Cup WG1 R1: BRA vs SUI,Hard,4,D,I,20260918,1,F0FV,,,Joao Fonseca,R,188,BRA,20.077,29,1750,S0LA,,,Dominic Stricker,L,183,SUI,24.090,262,211,4-6 6-3 6-2,3,RR,,3,0,72,53,41,12,14,0,2,1,4,80,43,33,18,13,4,8
2026-M-DC-2026-WG1-R1-BRA-SUI-01,Davis Cup WG1 R1: BRA vs SUI,Hard,4,D,I,20260918,2,H0DU,,,Gustavo Heide,R,191,BRA,24.553,123,503,W367,,,Stan Wawrinka,R,183,SUI,41.476,134,436,4-6 7-6(4) 6-4,3,RR,,6,1,83,50,42,26,16,1,2,13,2,102,55,44,31,16,8,9
2026-M-DC-2026-WG1-R1-BRA-SUI-01,Davis Cup WG1 R1: BRA vs SUI,Hard,4,D,I,20260919,3,BU70,,,Remy Bertola,R,175,SUI,28.052,187,292,P0DF,,,Matheus Pucinelli De Almeida,R,183,BRA,25.467,249,223,3-6 6-4 [10-8],3,RR,,1,1,76,74,40,2,9,7,11,1,0,76,75,42,0,10,7,11
2026-M-DC-2026-WG1-R1-PER-PAR-01,Davis Cup WG1 R1: PER vs PAR,Clay,4,D,O,20260918,1,B0ID,,,Ignacio Buse,R,183,PER,22.483,35,1460,E09U,,,Hernando Jose Escurra Isnardi,R,183,PAR,28.764,2151,1,7-6(4) 4-6 7-5,3,RR,189,9,2,101,70,49,19,17,5,9,3,3,116,75,47,23,17,11,15
2026-M-DC-2026-WG1-R1-PER-PAR-01,Davis Cup WG1 R1: PER vs PAR,Clay,4,D,O,20260918,2,V836,,,Juan Pablo Varillas,R,185,PER,30.951,190,288,V0DP,,,Adolfo Daniel Vallejo,R,183,PAR,22.390,58,939,5-7 7-6(6) 6-3,3,RR,,10,1,110,72,54,22,17,5,8,3,1,108,67,46,24,16,6,9
2026-M-DC-2026-WG1-R1-PER-PAR-01,Davis Cup WG1 R1: PER vs PAR,Clay,4,D,O,20260919,3,V0DP,,,Adolfo Daniel Vallejo,R,183,PAR,22.393,58,939,B0ID,,,Ignacio Buse,R,183,PER,22.486,35,1460,5-7 7-5 7-6(3),3,RR,,5,4,121,74,51,26,18,9,14,6,2,145,82,51,32,18,14,19
2026-M-DC-2026-WG1-R1-PER-PAR-01,Davis Cup WG1 R1: PER vs PAR,Clay,4,D,O,20260919,4,V836,,,Juan Pablo Varillas,R,185,PER,30.954,190,288,E09U,,,Hernando Jose Escurra Isnardi,R,183,PAR,28.767,2151,1,6-2 6-4,3,RR,,1,1,51,34,27,11,9,3,3,6,1,52,37,27,5,9,1,4
2026-M-DC-2026-WG1-R1-NZL-JPN-01,Davis Cup WG1 R1: NZL vs JPN,Hard,4,D,I,20260919,1,S0UV,,,Rei Sakamoto,R,193,JPN,20.238,135,429,S0NT,,,Anton Shepp,R,185,NZL,23.888,500,90,7-5 6-4,3,RR,,7,3,66,38,32,13,11,4,5,5,3,64,35,25,15,11,2,5
2026-M-DC-2026-WG1-R1-NZL-JPN-01,Davis Cup WG1 R1: NZL vs JPN,Hard,4,D,I,20260919,2,SY67,,,Sho Shimabukuro,R,180,JPN,29.139,96,640,W0ED,,,James Watt,R,206,NZL,26.278,938,23,3-6 6-3 6-4,3,RR,,6,3,84,48,43,18,14,4,5,21,2,82,64,47,10,14,5,7
2026-M-DC-2026-WG1-R1-NZL-JPN-01,Davis Cup WG1 R1: NZL vs JPN,Hard,4,D,I,20260920,3,SY67,,,Sho Shimabukuro,R,180,JPN,29.142,96,640,S0NT,,,Anton Shepp,R,185,NZL,23.890,500,90,6-3 6-3,3,RR,,3,2,51,32,26,8,9,0,1,5,3,60,41,25,8,9,4,8
2026-M-DC-2026-WG1-R1-AUS-POL-01,Davis Cup WG1 R1: AUS vs POL,Hard,4,D,O,20260919,1,DH58,,,Alex De Minaur,R,183,AUS,27.587,9,3300,K0HC,,,Maks Kasnikowski,R,180,POL,23.206,231,240,6-3 6-0,3,RR,56,4,1,40,28,25,11,8,0,0,2,1,46,29,17,5,7,4,8
2026-M-DC-2026-WG1-R1-AUS-POL-01,Davis Cup WG1 R1: AUS vs POL,Hard,4,D,O,20260919,2,MQ75,,,Kamil Majchrzak,R,183,POL,30.683,73,777,D994,,,James Duckworth,R,183,AUS,34.661,67,877,2-6 6-3 6-3,3,RR,,12,2,87,56,39,11,13,5,9,9,3,80,47,34,11,13,3,8
2026-M-DC-2026-WG1-R1-AUS-POL-01,Davis Cup WG1 R1: AUS vs POL,Hard,4,D,O,20260920,3,DH58,,,Alex De Minaur,R,183,AUS,27.589,9,3300,MQ75,,,Kamil Majchrzak,R,183,POL,30.686,73,777,6-3 6-3,3,RR,,9,2,47,34,28,7,9,0,1,0,0,59,33,20,10,9,3,7
2026-M-DC-2026-WG1-R1-TPE-SWE-01,Davis Cup WG1 R1: TPE vs SWE,Hard,4,D,,20260919,1,W0BU,,,Olle Wallin,R,191,SWE,24.909,407,123,H09F,,,Yu Hsiou Hsu,R,178,TPE,27.466,297,187,3-6 6-2 7-5,3,RR,130,8,2,93,50,36,16,14,6,11,6,2,94,66,41,10,15,9,16
2026-M-DC-2026-WG1-R1-TPE-SWE-01,Davis Cup WG1 R1: TPE vs SWE,Hard,4,D,,20260919,2,T0AP,,,Chun-Hsin Tseng,R,175,TPE,25.114,208,265,F09J,,,Karl Friberg,R,191,SWE,27.488,821,33,6-3 6-0,3,RR,59,6,1,37,20,20,13,8,0,0,0,3,36,21,13,5,7,2,6
2026-M-DC-2026-WG1-R1-TPE-SWE-01,Davis Cup WG1 R1: TPE vs SWE,Hard,4,D,,20260920,3,T0AP,,,Chun-Hsin Tseng,R,175,TPE,25.117,208,265,W0BU,,,Olle Wallin,R,191,SWE,24.912,407,123,6-1 6-4,3,RR,,3,1,50,34,27,10,9,1,1,4,1,58,27,19,12,8,2,5
2026-M-DC-2026-WG1-R1-TPE-SWE-01,Davis Cup WG1 R1: TPE vs SWE,Hard,4,D,,20260920,4,W857,,,Tung-Lin Wu,R,188,TPE,28.359,350,148,D0I5,,,Max Dahlin,R,188,SWE,20.731,896,26,6-4 6-4,3,RR,,4,0,59,35,24,14,10,2,4,12,4,68,33,21,15,10,4,8
2026-M-DC-2026-WG1-R1-SVK-GRE-01,Davis Cup WG1 R1: SVK vs GRE,Clay,4,D,O,20260919,1,MV14,,,Alex Molcan,L,178,SVK,28.799,94,645,S0KT,,,Stefanos Sakellaridis,R,198,GRE,22.015,136,429,6-1 6-1,3,RR,,1,1,50,34,26,10,7,2,2,1,3,58,27,16,10,7,7,12
2026-M-DC-2026-WG1-R1-SVK-GRE-01,Davis Cup WG1 R1: SVK vs GRE,Clay,4,D,O,20260919,2,TE51,,,Stefanos Tsitsipas,R,193,GRE,28.104,44,1165,GB93,,,Norbert Gombos,R,193,SVK,36.101,353,147,7-6(3) 6-4,3,RR,,6,2,75,54,43,9,11,4,5,7,1,66,34,29,15,11,3,5
2026-M-DC-2026-WG1-R1-SVK-GRE-01,Davis Cup WG1 R1: SVK vs GRE,Clay,4,D,O,20260920,3,TE51,,,Stefanos Tsitsipas,R,193,GRE,28.107,44,1165,MV14,,,Alex Molcan,L,178,SVK,28.802,94,645,2-6 6-3 6-4,3,RR,,3,2,84,53,38,18,14,3,5,10,2,74,54,40,10,13,1,3
2026-M-DC-2026-WG1-R1-SVK-GRE-01,Davis Cup WG1 R1: SVK vs GRE,Clay,4,D,O,20260920,4,GB93,,,Norbert Gombos,R,193,SVK,36.104,353,147,S0KT,,,Stefanos Sakellaridis,R,198,GRE,22.018,136,429,6-4 7-6(4),3,RR,,3,4,78,41,33,22,11,4,4,2,1,66,32,22,22,11,3,4
2026-M-DC-2026-WG1-R1-SRB-LTU-01,Davis Cup WG1 R1: SRB vs LTU,Hard,4,D,I,20260919,1,KI95,,,Miomir Kecmanovic,R,183,SRB,27.053,61,925,B0MM,,,Edas Butvilas,R,191,LTU,22.157,194,286,7-5 1-6 7-5,3,RR,131,2,0,91,56,37,24,15,7,10,11,1,93,68,49,15,16,5,8
2026-M-DC-2026-WG1-R1-SRB-LTU-01,Davis Cup WG1 R1: SRB vs LTU,Hard,4,D,I,20260919,2,M0JF,,,Hamad Medjedovic,R,188,SRB,23.173,77,764,G0FW,,,Vilius Gaubas,R,178,LTU,21.722,119,511,6-4 6-4,3,RR,,12,3,54,35,27,15,10,4,4,9,2,64,42,30,13,10,6,8
2026-M-DC-2026-WG1-R1-SRB-LTU-01,Davis Cup WG1 R1: SRB vs LTU,Hard,4,D,I,20260920,3,M0UR,,,Ognjen Milic,L,180,SRB,19.247,356,146,V0FD,,,Pijus Vaitiekunas,,,LTU,23.562,1689,3,6-2 6-2,3,RR,,4,3,42,22,18,10,8,0,1,1,3,58,34,20,7,8,6,11
2026-M-DC-2026-WG1-R1-ARG-TUR-01,Davis Cup WG1 R1: ARG vs TUR,Hard,4,D,I,20260919,1,C0AU,,,Francisco Cerundolo,R,185,ARG,28.101,23,2130,E0AA,,,Yanki Erel,L,178,TUR,25.982,329,162,6-0 6-4,3,RR,,6,0,46,30,25,10,9,1,1,2,2,53,34,21,7,8,8,11
2026-M-DC-2026-WG1-R1-ARG-TUR-01,Davis Cup WG1 R1: ARG vs TUR,Hard,4,D,I,20260919,2,T0A1,,,Thiago Agustin Tirante,R,185,ARG,25.443,52,1010,A09Q,,,Mert Alkaya,R,178,TUR,26.264,296,188,6-2 6-4,3,RR,,9,2,54,38,29,10,9,2,2,1,0,51,39,26,5,9,2,5
2026-M-DC-2026-WG1-R1-ARG-TUR-01,Davis Cup WG1 R1: ARG vs TUR,Hard,4,D,I,20260920,3,C0AU,,,Francisco Cerundolo,R,185,ARG,28.104,23,2130,A09Q,,,Mert Alkaya,R,178,TUR,26.267,296,188,6-1 6-0,3,RR,,1,0,30,23,20,4,6,0,0,1,1,40,25,11,4,7,2,8
2026-M-DC-2026-WG2-R1-INA-ROU-01,Davis Cup WG2 R1: INA vs ROU,Hard,4,D,O,20260918,1,C0B2,,,Cezar Cretu,R,188,ROU,25.402,271,203,T0EN,,,Gunawan Trismuwantara,,,INA,23.691,2202,1,6-2 6-4,3,RR,,,,,,,,,,,,,,,,,,,
2026-M-DC-2026-WG2-R1-INA-ROU-01,Davis Cup WG2 R1: INA vs ROU,Hard,4,D,O,20260918,2,P0FJ,,,Radu Mihai Papoe,R,183,ROU,24.057,315,171,D0Q0,,,Rafalentino Ali Da Costa,,,INA,,1608,3,6-7(5) 6-1 6-2,3,RR,,,,,,,,,,,,,,,,,,,
2026-M-DC-2026-WG2-R1-INA-ROU-01,Davis Cup WG2 R1: INA vs ROU,Hard,4,D,O,20260919,3,G0ME,,,Gabriel Ghetu,R,,ROU,18.867,561,71,K0KN,,,Lucky Candra Kurniawan,,,INA,22.749,2081,1,7-6(2) 7-6(1),3,RR,,,,,,,,,,,,,,,,,,,
2026-M-DC-2026-WG2-R1-KAZ-THA-01,Davis Cup WG2 R1: KAZ vs THA,Hard,4,D,I,20260918,1,S0H2,,,Alexander Shevchenko,R,188,KAZ,25.802,93,655,J0D2,,,Maximus Jones,R,185,THA,22.034,463,101,6-4 1-6 7-5,3,RR,,,,,,,,,,,,,,,,,,,
2026-M-DC-2026-WG2-R1-KAZ-THA-01,Davis Cup WG2 R1: KAZ vs THA,Hard,4,D,I,20260918,2,S0GR,,,Timofey Skatov,R,173,KAZ,25.656,198,280,S0HR,,,Kasidit Samrej,R,191,THA,25.659,387,132,6-4 7-6(4),3,RR,,,,,,,,,,,,,,,,,,,
2026-M-DC-2026-WG2-R1-KAZ-THA-01,Davis Cup WG2 R1: KAZ vs THA,Hard,4,D,I,20260919,3,S0HR,,,Kasidit Samrej,R,191,THA,25.662,387,132,S0H2,,,Alexander Shevchenko,R,188,KAZ,25.804,93,655,1-6 6-2 6-3,3,RR,,,,,,,,,,,,,,,,,,,
2026-M-DC-2026-WG2-R1-KAZ-THA-01,Davis Cup WG2 R1: KAZ vs THA,Hard,4,D,I,20260919,4,S0GR,,,Timofey Skatov,R,173,KAZ,25.659,198,280,J0D2,,,Maximus Jones,R,185,THA,22.037,463,101,6-4 4-6 6-4,3,RR,,,,,,,,,,,,,,,,,,,
2026-M-DC-2026-WG2-R1-TUN-PAK-01,Davis Cup WG2 R1: TUN vs PAK,Hard,4,D,O,20260918,1,DF88,,,Aziz Dougaz,L,188,TUN,29.481,419,115,S0HP,,,Muhammad Shoaib,,,PAK,24.589,928,24,6-2 6-3,3,RR,,,,,,,,,,,,,,,,,,,
2026-M-DC-2026-WG2-R1-TUN-PAK-01,Davis Cup WG2 R1: TUN vs PAK,Hard,4,D,O,20260918,2,EA13,,,Moez Echargui,R,178,TUN,33.687,215,259,M0FS,,,Muzammil Murtaza,,,PAK,26.85,1392,6,6-1 6-1,3,RR,,,,,,,,,,,,,,,,,,,
2026-M-DC-2026-WG2-R1-SLO-ISR-01,Davis Cup WG2 R1: SLO vs ISR,Clay,4,D,O,20260918,1,A0I1,,,Bor Artnak,R,193,SLO,22.289,511,87,V0G2,,,Amit Vales,R,173,ISR,21.281,589,66,6-3 6-4,3,RR,,,,,,,,,,,,,,,,,,,
2026-M-DC-2026-WG2-R1-SLO-ISR-01,Davis Cup WG2 R1: SLO vs ISR,Clay,4,D,O,20260918,2,P0FV,,,Filip Jeff Planinsek,R,188,SVN,25.221,491,92,K0HO,,,Orel Kimhi,R,173,ISR,23.083,716,43,7-6(2) 6-1,3,RR,,,,,,,,,,,,,,,,,,,
2026-M-DC-2026-WG2-R1-SLO-ISR-01,Davis Cup WG2 R1: SLO vs ISR,Clay,4,D,O,20260919,3,D0I0,,,Sebastian Dominko,L,203,SLO,23.354,705,45,W0DE,,,Ben Weintraub,,,ISR,,,,6-3 6-3,3,RR,,,,,,,,,,,,,,,,,,,
2026-M-DC-2026-WG2-R1-DOM-EGY-01,Davis Cup WG2 R1: DOM vs EGY,Clay,4,D,O,20260918,1,CF88,,,Roberto Cid Subervi,R,193,DOM,33.051,1340,7,A0G8,,,Amr Elsayed,R,185,EGY,27.543,587,66,6-3 6-2,3,RR,,,,,,,,,,,,,,,,,,,
2026-M-DC-2026-WG2-R1-DOM-EGY-01,Davis Cup WG2 R1: DOM vs EGY,Clay,4,D,O,20260918,2,H0A4,,,Nick Hardt,R,185,DOM,25.993,273,200,M0Z8,,,Karim Mabrouk,,,EGY,,1432,6,6-2 6-3,3,RR,,,,,,,,,,,,,,,,,,,
2026-M-DC-2026-WG2-R1-DOM-EGY-01,Davis Cup WG2 R1: DOM vs EGY,Clay,4,D,O,20260919,3,H0A4,,,Nick Hardt,R,185,DOM,25.996,273,200,K0OI,,,Omar Kandil,,,EGY,,1626,3,6-2 6-1,3,RR,,,,,,,,,,,,,,,,,,,
2026-M-DC-2026-WG2-R1-URU-EST-01,Davis Cup WG2 R1: URU vs EST,Clay,4,D,O,20260918,1,A0JW,,,Joaquin Aguilar Cardozo,R,168,URY,21.446,389,131,M0W0,,,Markus Molder,R,183,EST,21.358,844,31,6-2 6-1,3,RR,,,,,,,,,,,,,,,,,,,
2026-M-DC-2026-WG2-R1-URU-EST-01,Davis Cup WG2 R1: URU vs EST,Clay,4,D,O,20260918,2,R0BT,,,Franco Roncadelli,L,185,URU,26.615,261,212,TG67,,,Kristjan Tamm,R,185,EST,28.257,1095,14,6-4 6-2,3,RR,,,,,,,,,,,,,,,,,,,
2026-M-DC-2026-WG2-R1-URU-EST-01,Davis Cup WG2 R1: URU vs EST,Clay,4,D,O,20260919,3,L0CI,,,Francisco Llanes,R,178,URU,24.427,,,M1A5,,,Denis Maijorov,,,EST,,,,6-4 6-2,3,RR,,,,,,,,,,,,,,,,,,,
2026-M-DC-2026-WG2-R1-BOL-HKG-01,Davis Cup WG2 R1: BOL vs HKG,Clay,4,D,O,20260918,1,DA31,,,Hugo Dellien,R,180,BOL,33.257,129,460,C0UW,,,Fu Wang Choi,,,HKG,,,,6-4 6-1,3,RR,,,,,,,,,,,,,,,,,,,
2026-M-DC-2026-WG2-R1-BOL-HKG-01,Davis Cup WG2 R1: BOL vs HKG,Clay,4,D,O,20260918,2,P0IY,,,Juan Carlos Prado Angelo,R,185,BOL,21.536,153,364,W0F3,,,Tsz Fu Wong,R,175,HKG,20.983,,,6-2 6-1,3,RR,,,,,,,,,,,,,,,,,,,
2026-M-DC-2026-WG2-R1-BOL-HKG-01,Davis Cup WG2 R1: BOL vs HKG,Clay,4,D,O,20260919,3,T0LD,,,Sin Hang Tam,,,HKG,,,,AA49,,,Boris Arias,R,185,BOL,32.862,1289,8,1-6 7-6(5) [13-11],3,RR,,,,,,,,,,,,,,,,,,,
2026-M-DC-2026-WG2-R1-CYP-UKR-01,Davis Cup WG2 R1: CYP vs UKR,Hard,4,D,O,20260919,1,K0BJ,,,Georgii Kravchenko,R,180,UKR,26.144,311,178,P0MH,,,Photos Photiades,,,CYP,,1996,1,6-4 6-1,3,RR,,,,,,,,,,,,,,,,,,,
2026-M-DC-2026-WG2-R1-CYP-UKR-01,Davis Cup WG2 R1: CYP vs UKR,Hard,4,D,O,20260919,2,K0DP,,,Oleksii Krutykh,R,185,UKR,26.527,443,107,EA31,,,Menelaos Efstathiou,R,183,CYP,27.551,653,53,6-2 1-6 6-4,3,RR,,,,,,,,,,,,,,,,,,,
2026-M-DC-2026-WG2-R1-CYP-UKR-01,Davis Cup WG2 R1: CYP vs UKR,Hard,4,D,O,20260920,3,K0BJ,,,Georgii Kravchenko,R,180,UKR,26.146,311,178,EA31,,,Menelaos Efstathiou,R,183,CYP,27.554,653,53,6-0 6-1,3,RR,,,,,,,,,,,,,,,,,,,
2026-M-DC-2026-WG2-R1-MAR-NGR-01,Davis Cup WG2 R1: MAR vs NGR,Clay,4,D,O,20260919,1,B0QQ,,,Karim Bennani,,,MAR,19.044,421,114,A0N7,,,Canice Abua,,,NGR,,,,6-1 6-2,3,RR,,,,,,,,,,,,,,,,,,,
2026-M-DC-2026-WG2-R1-MAR-NGR-01,Davis Cup WG2 R1: MAR vs NGR,Clay,4,D,O,20260919,2,D0FA,,,Yassine Dlimi,R,191,MAR,23.376,488,92,800671248,,,Abubakar Yusuf,,,NGR,,,,6-1 6-2,3,RR,,,,,,,,,,,,,,,,,,,
2026-M-DC-2026-WG2-R1-MAR-NGR-01,Davis Cup WG2 R1: MAR vs NGR,Clay,4,D,O,20260920,3,J0DM,,,Amine Jamji,,,MAR,19.614,1271,9,E0EI,,,Michael Emmanuel,,,NGR,,,,6-3 6-4,3,RR,,,,,,,,,,,,,,,,,,,
2026-M-DC-2026-WG2-R1-RSA-BIH-01,Davis Cup WG2 R1: RSA vs BIH,Hard,4,D,O,20260919,1,N0DB,,,Andrej Nedic,R,185,BIH,21.925,236,233,H0BF,,,Philip Henning,R,180,RSA,25.856,264,210,6-4 6-4,3,RR,,,,,,,,,,,,,,,,,,,
2026-M-DC-2026-WG2-R1-RSA-BIH-01,Davis Cup WG2 R1: RSA vs BIH,Hard,4,D,O,20260919,2,D923,,,Damir Dzumhur,R,175,BIH,34.333,105,612,M0FN,,,Khololwam Montsi,R,168,RSA,23.83,698,46,6-4 7-5,3,RR,,,,,,,,,,,,,,,,,,,
2026-M-DC-2026-WG2-R1-RSA-BIH-01,Davis Cup WG2 R1: RSA vs BIH,Hard,4,D,O,20260920,3,F840,,,Nerman Fatic,R,191,BIH,31.907,442,107,L0CO,,,Thando Longwe-Smit,R,173,RSA,25.259,1364,7,7-6(2) 6-1,3,RR,,,,,,,,,,,,,,,,,,,
2026-M-DC-2026-WG2-R1-BER-MEX-01,Davis Cup WG2 R1: BER vs MEX,Hard,4,D,O,20260919,1,M0HD,,,Alan Magadan,R,183,MEX,25.317,514,86,P0PV,,,Daniel Phillips,,,BER,,1596,3,6-4 6-1,3,RR,,,,,,,,,,,,,,,,,,,
2026-M-DC-2026-WG2-R1-BER-MEX-01,Davis Cup WG2 R1: BER vs MEX,Hard,4,D,O,20260919,2,H0CD,,,Alex Hernandez,R,175,MEX,27.242,471,99,M0X5,,,Richard Mallory,,,BER,,,,6-4 6-2,3,RR,,,,,,,,,,,,,,,,,,,
2026-M-DC-2026-WG2-R1-BER-MEX-01,Davis Cup WG2 R1: BER vs MEX,Hard,4,D,O,20260920,3,RH88,,,Alan Fernando Rubio Fierros,R,175,MEX,27.628,614,59,800496619,,,Tariq Simons,R,,BER,,,,6-0 6-1,3,RR,,,,,,,,,,,,,,,,,,,
2026-M-DC-2026-WG2-R1-ESA-POR-01,Davis Cup WG2 R1: ESA vs POR,Hard,4,D,O,20260919,1,BT72,,,Nuno Borges,R,185,POR,29.58,48,1095,D0FO,,,Diego Duran,,,ESA,21.774,,,6-2 6-1,3,RR,,,,,,,,,,,,,,,,,,,
2026-M-DC-2026-WG2-R1-ESA-POR-01,Davis Cup WG2 R1: ESA vs POR,Hard,4,D,O,20260919,2,F0F2,,,Jaime Faria,R,188,POR,23.121,70,871,C0NU,,,Cesar Cruz,,,ESA,20.022,,,6-2 6-2,3,RR,,,,,,,,,,,,,,,,,,,
2026-7581,Chengdu,Hard,28,250,O,20260923,1,B0CD,,,Jenson Brooksby,R,193,USA,25.908,77,763,B0BI,8,,Sebastian Baez,R,170,ARG,25.736,51,1044,7-5 7-5,3,R32,103,1,1,75,59,48,6,12,2,2,7,0,66,47,38,7,12,0,2
2026-7581,Chengdu,Hard,28,250,O,20260923,2,KI82,,,Vit Kopriva,R,178,CZE,29.273,71,831,H0LE,,,Jia Hu,R,,CHN,17.355,2082,1,6-4 7-5,3,R32,98,2,4,60,39,29,13,11,0,1,7,3,72,45,30,12,11,6,9
2026-4713,Hangzhou,Hard,28,250,O,20260923,1,J0AZ,,,Kyrian Jacquet,R,175,FRA,25.369,107,581,V832,,,Aleksandar Vukic,R,188,AUS,30.464,91,647,7-6(5) 3-6 6-3,3,R32,167,16,3,107,62,45,23,15,3,5,6,5,129,63,41,36,15,14,16
2026-4713,Hangzhou,Hard,28,250,O,20260923,2,R0EB,,,Valentin Royer,R,188,FRA,25.32,104,585,W09E,,,Adam Walton,R,183,AUS,27.436,99,630,6-3 6-4,3,R32,90,14,1,63,42,32,14,10,4,4,9,0,55,40,31,5,9,5,7
2026-4713,Hangzhou,Hard,28,250,O,20260924,3,G09O,,,Hugo Gaston,L,173,FRA,25.993,97,634,SY67,,,Sho Shimabukuro,R,180,JPN,29.153,93,640,6-4 6-4,3,R32,90,3,1,62,31,24,17,10,4,5,4,3,60,43,29,8,10,3,6
2026-4713,Hangzhou,Hard,28,250,O,20260924,4,DA81,,Q,Taro Daniel,R,191,JPN,33.656,193,287,S0IA,,,Dane Sweeny,R,170,AUS,25.613,110,562,7-6(6) 6-2,3,R32,111,5,3,69,47,36,12,10,4,5,11,4,70,48,33,10,10,5,8
2026-4713,Hangzhou,Hard,28,250,O,20260924,5,F0F2,7,,Jaime Faria,R,188,POR,23.135,68,871,A0GC,,,Terence Atmane,L,193,FRA,24.706,83,697,3-6 7-6(9) 6-4,3,R32,148,10,3,84,49,41,23,15,2,4,9,3,100,62,49,21,16,5,7
2026-4713,Hangzhou,Hard,28,250,O,20260924,6,M0CI,6,,Fabian Marozsan,R,193,HUN,26.962,59,930,BI81,,Q,Alex Bolt,L,183,AUS,33.717,165,348,6-4 6-2,3,R32,84,4,1,67,45,34,10,9,1,1,6,1,60,41,26,8,9,3,6
2026-7581,Chengdu,Hard,28,250,O,20260924,3,C0NB,,LL,Federico Cina,R,185,ITA,19.488,170,337,U182,,,Camilo Ugo Carabelli,R,185,ARG,27.272,75,770,6-3 6-2,3,R32,63,3,0,45,32,27,9,9,0,0,2,3,50,28,20,9,8,4,7
2026-7581,Chengdu,Hard,28,250,O,20260924,4,SU55,7,,Denis Shapovalov,L,185,CAN,27.444,50,1065,GJ37,,,Tallon Griekspoor,R,188,NED,30.229,55,975,6-4 7-6(3),3,R32,91,11,4,72,42,32,17,11,3,4,6,1,56,40,32,10,11,1,3
2026-7581,Chengdu,Hard,28,250,O,20260924,5,SU87,,,Lorenzo Sonego,R,191,ITA,31.373,86,683,D994,,,James Duckworth,R,183,AUS,34.675,65,877,6-4 6-4,3,R32,86,10,1,56,42,34,9,10,0,0,4,1,61,35,22,16,10,3,5
2026-4713,Hangzhou,Hard,28,250,O,20260924,7,H0BH,,,Rinky Hijikata,R,178,AUS,25.582,82,700,S0GD,,Q,Dalibor Svrcina,R,178,CZE,23.978,128,468,7-6(4) 6-4,3,R32,125,6,2,69,37,25,18,11,2,5,3,9,91,52,31,17,11,6,10
2026-4713,Hangzhou,Hard,28,250,O,20260924,8,MQ75,8,,Kamil Majchrzak,R,183,POL,30.697,73,777,B0GG,,,Mattia Bellucci,L,175,ITA,25.314,88,659,6-3 6-4,3,R32,80,3,1,50,31,25,15,10,0,0,8,2,58,36,30,7,9,7,9
2026-4713,Hangzhou,Hard,28,250,O,20260924,9,Y09V,,,Yunchaokete Bu,R,185,CHN,24.679,111,552,Z0BZ,,WC,Michael Zheng,R,188,USA,22.658,92,642,6-4 6-3,3,R32,87,8,1,59,34,29,13,10,6,7,2,2,53,32,22,10,9,3,6
2026-7581,Chengdu,Hard,28,250,O,20260924,6,BG23,,Q,Nikoloz Basilashvili,R,185,GEO,34.585,145,385,KI95,,,Miomir Kecmanovic,R,183,SRB,27.066,60,925,7-6(3) 6-4,3,R32,93,13,2,61,40,33,15,11,0,0,8,1,92,58,39,17,11,11,12
2026-7581,Chengdu,Hard,28,250,O,20260924,7,MP20,,Q,Alexandre Muller,R,183,FRA,29.643,135,428,K0O4,,,Moise Kouame,R,191,FRA,17.552,191,293,6-4 6-0,3,R32,75,3,2,51,34,26,10,8,3,3,4,6,52,29,17,9,8,3,7
2026-7581,Chengdu,Hard,28,250,O,20260924,8,ME82,,,Adrian Mannarino,L,180,FRA,38.237,78,745,S0RE,,WC,Juncheng Shang,L,180,CHN,21.64,253,220,7-6(9) 6-2,3,R32,103,8,0,57,45,39,8,10,0,0,8,1,80,48,32,16,10,8,10
2026-4713,Hangzhou,Hard,28,250,O,20260924,10,SX50,,,Roman Safiullin,R,185,RUS,29.131,102,594,SX90,,Q,Fajing Sun,R,178,CHN,29.974,314,172,6-2 6-0,3,R32,64,5,2,38,24,23,7,7,1,1,4,1,53,33,17,7,7,2,7
2026-7581,Chengdu,Hard,28,250,O,20260924,9,HG86,,Q,Lloyd Harris,R,193,RSA,29.58,136,428,K0AZ,,,Aleksandar Kovacevic,R,183,USA,28.071,80,730,6-3 6-4,3,R32,68,20,1,52,37,34,7,10,3,3,11,1,56,35,25,11,9,4,6
2026-7581,Chengdu,Hard,28,250,O,20260924,10,D0DT,,,Martin Damm,L,203,USA,22.984,106,583,M0HU,,Q,Shintaro Mochizuki,R,175,JPN,23.313,125,478,6-1 6-4,3,R32,75,13,2,63,38,27,14,9,4,5,5,2,49,22,15,10,8,2,6
2026-7581,Chengdu,Hard,28,250,O,20260924,11,HB71,5,,Hubert Hurkacz,R,196,POL,29.615,46,1120,S0H2,,,Alexander Shevchenko,R,188,KAZ,25.818,109,568,6-3 7-6(10),3,R32,81,15,1,62,43,35,13,10,0,0,12,2,67,48,40,5,11,2,4
2026-4713,Hangzhou,Hard,28,250,O,20260924,11,V0DP,5,,Adolfo Daniel Vallejo,R,183,PAR,22.407,58,939,C0AJ,,,Jie Cui,R,183,CHN,28.665,456,105,6-1 6-7(2) 6-4,3,R32,169,7,1,97,70,51,16,14,4,4,1,3,100,63,43,20,15,9,13
2026-7581,Chengdu,Hard,28,250,O,20260924,12,C0C8,,,Juan Manuel Cerundolo,L,183,ARG,24.857,53,986,Z0CQ,,,Yi Zhou,R,193,CHN,21.53,273,203,6-4 6-3,3,R32,91,7,1,61,40,31,12,9,3,3,5,0,64,39,27,11,10,3,6
2026-4713,Hangzhou,Hard,28,250,O,20260924,12,W0BH,,,Coleman Wong,R,191,HKG,22.3,108,578,Z371,,,Zhizhen Zhang,R,193,CHN,29.938,168,340,6-3 6-3,3,R32,72,10,2,52,30,24,13,9,1,2,1,1,51,30,20,7,9,1,5
2026-7581,Chengdu,Hard,28,250,O,20260925,13,SU55,7,,Denis Shapovalov,L,185,CAN,27.447,50,1065,KI82,,,Vit Kopriva,R,178,CZE,29.279,71,831,6-2 6-3,3,R16,64,4,5,43,25,23,10,9,0,1,0,0,47,26,16,9,8,2,6
2026-4713,Hangzhou,Hard,28,250,O,20260925,13,J0AZ,,,Kyrian Jacquet,R,175,FRA,25.374,107,581,EA24,3,,Tomas Martin Etcheverry,R,196,ARG,27.19,30,1590,6-2 6-3,3,R16,93,7,2,60,35,28,11,9,5,6,3,1,54,29,21,8,8,5,9
2026-7581,Chengdu,Hard,28,250,O,20260925,14,B0CD,,,Jenson Brooksby,R,193,USA,25.914,77,763,SU87,,,Lorenzo Sonego,R,191,ITA,31.376,86,683,5-7 7-5 6-2,3,R16,157,7,1,93,67,50,14,16,4,6,4,3,90,55,36,18,16,2,6
2026-7581,Chengdu,Hard,28,250,O,20260925,15,ME82,,,Adrian Mannarino,L,180,FRA,38.24,78,745,TE30,3,,Alejandro Tabilo,L,188,CHI,29.314,32,1565,6-4 6-4,3,R16,96,10,2,65,42,34,12,10,3,3,6,1,62,42,28,14,10,1,3
2026-7581,Chengdu,Hard,28,250,O,20260925,16,BG23,,Q,Nikoloz Basilashvili,R,185,GEO,34.587,145,385,V812,4,,Botic van de Zandschulp,R,191,NED,30.976,40,1258,6-4 7-5,3,R16,87,8,2,57,37,35,10,11,0,0,7,5,69,44,34,9,11,3,5
2026-4713,Hangzhou,Hard,28,250,O,20260925,14,M0CI,6,,Fabian Marozsan,R,193,HUN,26.965,59,930,DA81,,Q,Taro Daniel,R,191,JPN,33.659,193,287,6-7(2) 7-5 7-6(1),3,R16,159,8,1,103,76,57,20,18,1,2,9,0,117,73,52,27,18,8,10
2026-4713,Hangzhou,Hard,28,250,O,20260925,15,RE44,2,,Andrey Rublev,R,188,RUS,28.931,25,1930,H0BH,,,Rinky Hijikata,R,178,AUS,25.585,82,700,6-3 6-3,3,R16,77,12,0,44,35,29,7,9,0,0,3,1,68,35,24,14,9,6,9
2026-4713,Hangzhou,Hard,28,250,O,20260925,16,G09O,,,Hugo Gaston,L,173,FRA,25.996,97,634,F0F2,7,,Jaime Faria,R,188,POR,23.138,68,871,4-6 7-6(5) 6-4,3,R16,167,4,1,96,57,46,23,16,4,5,11,6,110,71,55,18,16,6,7
2026-9210,Laver Cup,Hard,2,A,I,20260925,1,RH16,,,Casper Ruud,R,183,NOR,27.759,17,2335,C0AU,,,Francisco Cerundolo,R,185,ARG,28.118,22,2130,6-7(4) 6-4 10-8,3,RR,126,6,2,81,51,38,17,12,1,1,5,4,78,50,39,15,11,3,4
2026-9210,Laver Cup,Hard,2,A,I,20260925,2,N0AE,,,Brandon Nakashima,R,188,USA,25.144,16,2410,M0NI,,,Jakub Mensik,R,196,CZE,21.065,15,2495,6-1 3-6 10-7,3,RR,81,3,1,53,30,22,16,8,1,2,2,1,51,27,17,17,8,1,3
2026-7581,Chengdu,Hard,28,250,O,20260926,17,DH50,2,,Alejandro Davidovich Fokina,R,180,ESP,27.31,29,1680,C0C8,,,Juan Manuel Cerundolo,L,183,ARG,24.862,53,986,6-4 6-4,3,R16,83,4,0,55,38,30,12,10,1,1,6,0,57,35,26,12,10,2,4
2026-9210,Laver Cup,Hard,2,A,I,20260925,3,J0DZ,,,Rafael Jodar,R,191,ESP,20.022,14,2659,BK92,,,Alexander Bublik,R,196,KAZ,29.273,21,2185,6-2 6-3,3,RR,84,1,3,51,26,21,15,9,2,3,1,3,62,36,23,6,8,5,9
2026-7581,Chengdu,Hard,28,250,O,20260926,18,MP20,,Q,Alexandre Muller,R,183,FRA,29.648,135,428,C0NB,,,Federico Cina,R,185,ITA,19.493,170,337,7-6(3) 6-1,3,R16,88,5,1,61,46,37,10,10,2,2,8,3,66,33,24,16,9,8,10
2026-4713,Hangzhou,Hard,28,250,O,20260926,17,SX50,,,Roman Safiullin,R,185,RUS,29.136,102,594,HB64,4,,Quentin Halys,R,191,FRA,29.916,49,1070,5-7 6-3 6-4,3,R16,137,7,4,97,61,46,20,16,2,3,14,1,77,50,46,12,15,3,5
2026-7581,Chengdu,Hard,28,250,O,20260926,19,HB71,5,,Hubert Hurkacz,R,196,POL,29.621,46,1120,D0DT,,,Martin Damm,L,203,USA,22.99,106,583,4-6 6-3 6-4,3,R16,113,13,2,81,56,46,13,15,4,6,18,3,78,57,41,10,14,2,5
2026-4713,Hangzhou,Hard,28,250,O,20260926,18,Y09V,,,Yunchaokete Bu,R,185,CHN,24.684,111,552,MQ75,8,,Kamil Majchrzak,R,183,POL,30.702,73,777,7-6(4) 6-7(5) 6-2,3,R16,174,14,4,109,73,59,17,16,5,6,12,2,112,68,52,21,16,3,6
2026-7581,Chengdu,Hard,28,250,O,20260926,20,HG86,,Q,Lloyd Harris,R,193,RSA,29.585,136,428,VA25,1,,Valentin Vacherot,R,193,MON,27.86,19,2250,6-4 7-6(5),3,R16,94,16,2,58,45,40,9,11,0,0,4,2,70,40,31,18,11,1,2
2026-4713,Hangzhou,Hard,28,250,O,20260926,19,MM58,1,,Daniil Medvedev,R,198,RUS,30.623,6,3770,R0EB,,,Valentin Royer,R,188,FRA,25.328,104,585,7-6(6) 6-3,3,R16,109,16,4,72,44,37,15,11,5,5,3,1,76,49,33,15,10,3,4
2026-9210,Laver Cup,Hard,2,A,I,20260926,5,T0HA,,,Learner Tien,L,180,USA,20.816,13,2755,C0E9,,,Flavio Cobolli,R,183,ITA,24.392,6,3720,6-3 2-6 10-7,3,RR,95,1,4,66,40,26,10,8,4,7,0,5,70,39,26,12,9,3,6
2026-4713,Hangzhou,Hard,28,250,O,20260926,20,W0BH,,,Coleman Wong,R,191,HKG,22.305,108,578,V0DP,5,,Adolfo Daniel Vallejo,R,183,PAR,22.412,58,939,7-6(2) 4-6 6-3,3,R16,152,17,1,88,52,44,24,16,1,2,4,4,104,66,50,18,15,10,11
2026-9210,Laver Cup,Hard,2,A,I,20260926,7,A0E2,,,Carlos Alcaraz,R,183,ESP,23.395,3,5560,FB98,,,Taylor Fritz,R,196,USA,28.912,10,3175,6-3 4-6 13-11,3,RR,110,3,3,66,42,29,11,9,2,4,4,0,77,47,29,15,10,5,8
2026-7581,Chengdu,Hard,28,250,O,20260927,21,BG23,,Q,Nikoloz Basilashvili,R,185,GEO,34.593,145,385,B0CD,,,Jenson Brooksby,R,193,USA,25.919,77,763,6-4 7-6(4),3,QF,93,9,1,67,39,29,18,11,0,1,3,2,73,59,39,5,11,5,7
2026-4713,Hangzhou,Hard,28,250,O,20260927,21,J0AZ,,,Kyrian Jacquet,R,175,FRA,25.38,107,581,M0CI,6,,Fabian Marozsan,R,193,HUN,26.971,59,930,7-6(12) 6-4,3,QF,107,6,5,83,46,39,19,11,3,3,3,1,74,55,42,10,11,1,2
2026-7581,Chengdu,Hard,28,250,O,20260927,22,DH50,2,,Alejandro Davidovich Fokina,R,180,ESP,27.313,29,1680,MP20,,Q,Alexandre Muller,R,183,FRA,29.651,135,428,6-1 7-5,3,QF,80,8,1,51,35,28,13,10,0,0,7,2,63,40,25,12,9,4,7
2026-4713,Hangzhou,Hard,28,250,O,20260927,22,RE44,2,,Andrey Rublev,R,188,RUS,28.936,25,1930,G09O,,,Hugo Gaston,L,173,FRA,26.001,97,634,6-7(6) 7-6(4) 6-1,3,QF,172,11,4,108,65,49,21,16,3,6,5,5,108,67,42,19,15,10,15
2026-7581,Chengdu,Hard,28,250,O,20260927,23,SU55,7,,Denis Shapovalov,L,185,CAN,27.452,50,1065,ME82,,,Adrian Mannarino,L,180,FRA,38.245,78,745,6-7(6) 6-3 6-2,3,QF,152,14,9,106,72,56,16,14,4,4,6,1,88,58,39,21,15,4,8
2026-4713,Hangzhou,Hard,28,250,O,20260927,23,SX50,,,Roman Safiullin,R,185,RUS,29.139,102,594,Y09V,,,Yunchaokete Bu,R,185,CHN,24.687,111,552,6-3 6-3,3,QF,70,15,2,44,33,29,7,9,0,0,5,2,56,40,23,7,9,1,4
2026-7581,Chengdu,Hard,28,250,O,20260927,24,HB71,5,,Hubert Hurkacz,R,196,POL,29.624,46,1120,HG86,,Q,Lloyd Harris,R,193,RSA,29.588,136,428,7-6(10) 6-4,3,QF,116,14,2,84,56,42,15,11,7,8,12,3,82,58,39,13,11,1,3
2026-4713,Hangzhou,Hard,28,250,O,20260927,24,MM58,1,,Daniil Medvedev,R,198,RUS,30.626,6,3770,W0BH,,,Coleman Wong,R,191,HKG,22.308,108,578,6-3 6-7(2) 6-3,3,QF,138,18,4,101,63,50,19,16,5,6,10,1,85,50,39,17,14,4,7
2026-9210,Laver Cup,Hard,2,A,I,20260927,10,Z355,,,Alexander Zverev,R,198,GER,29.437,2,9690,T0HA,,,Learner Tien,L,180,USA,20.819,13,2715,7-6(3) 6-3,3,RR,108,5,4,73,51,41,12,11,4,4,0,2,77,45,32,17,10,5,6
2026-4713,Hangzhou,Hard,28,250,O,20260928,25,RE44,2,,Andrey Rublev,R,188,RUS,28.939,25,1930,J0AZ,,,Kyrian Jacquet,R,175,FRA,25.383,107,581,7-6(0) 6-1,3,SF,81,5,1,56,37,32,13,10,0,0,6,1,59,33,23,14,9,5,7
2026-7581,Chengdu,Hard,28,250,O,20260928,25,DH50,2,,Alejandro Davidovich Fokina,R,180,ESP,27.316,29,1680,BG23,,Q,Nikoloz Basilashvili,R,185,GEO,34.595,145,385,4-6 6-4 6-3,3,SF,120,6,3,100,66,50,16,15,7,9,13,1,70,41,32,18,14,2,5
2026-4713,Hangzhou,Hard,28,250,O,20260928,26,MM58,1,,Daniil Medvedev,R,198,RUS,30.628,6,3770,SX50,,,Roman Safiullin,R,185,RUS,29.142,102,594,7-5 6-4,3,SF,102,7,3,64,43,35,9,11,4,5,6,2,70,44,31,11,11,5,8
2026-7581,Chengdu,Hard,28,250,O,20260928,26,HB71,5,,Hubert Hurkacz,R,196,POL,29.626,46,1120,SU55,7,,Denis Shapovalov,L,185,CAN,27.455,50,1065,6-7(8) 6-3 6-3,3,SF,147,8,3,97,62,53,19,15,3,3,14,4,109,73,53,18,15,2,5
2026-7581,Chengdu,Hard,28,250,O,20260929,27,DH50,2,,Alejandro Davidovich Fokina,R,180,ESP,27.318,29,1680,HB71,5,,Hubert Hurkacz,R,196,POL,29.629,46,1120,6-4 7-6(7),3,F,106,8,2,69,53,46,8,11,1,1,17,2,92,66,46,12,11,5,6
2026-4713,Hangzhou,Hard,28,250,O,20260929,27,MM58,1,,Daniil Medvedev,R,198,RUS,30.631,6,3770,RE44,2,,Andrey Rublev,R,188,RUS,28.942,25,1930,7-5 6-4,3,F,94,23,2,67,47,40,8,11,2,2,4,1,63,38,30,12,11,5,7
