tourney_id,tourney_name,surface,draw_size,tourney_level,indoor,tourney_date,match_num,winner_id,winner_seed,winner_entry,winner_name,winner_hand,winner_ht,winner_ioc,winner_age,winner_rank,winner_rank_points,loser_id,loser_seed,loser_entry,loser_name,loser_hand,loser_ht,loser_ioc,loser_age,loser_rank,loser_rank_points,score,best_of,round,minutes,w_ace,w_df,w_svpt,w_1stIn,w_1stWon,w_2ndWon,w_SvGms,w_bpSaved,w_bpFaced,l_ace,l_df,l_svpt,l_1stIn,l_1stWon,l_2ndWon,l_SvGms,l_bpSaved,l_bpFaced
2016-5047,Bangkok,Hard,32,C,,20160110,1,C582,,,Marco Chiudinelli,R,185,SUI,34.333,282,181,I230,1,,Tatsuma Ito,R,180,JPN,27.647,119,487,6-2 6-3,3,R32,69,4,2,42,23,21,11,8,0,0,4,4,55,30,19,9,9,4,8
2016-5047,Bangkok,Hard,32,C,,20160110,2,SE73,2,,Yuichi Sugita,R,175,JPN,27.31,126,472,LE01,,,Duckhee Lee,R,170,KOR,17.618,229,226,6-3 2-6 6-3,3,R32,113,8,1,74,42,32,13,13,3,7,7,5,91,51,32,17,13,1,6
2016-5047,Bangkok,Hard,32,C,,20160110,3,Y061,3,,Mikhail Youzhny,R,183,RUS,33.544,127,465,PG32,,,Adam Pavlasek,R,185,CZE,21.257,160,353,6-3 6-2,3,R32,82,2,4,70,43,26,18,9,10,11,7,4,59,32,20,10,8,6,10
2016-5047,Bangkok,Hard,32,C,,20160110,4,CG33,4,,Kimmer Coppejans,R,178,BEL,21.922,130,452,BI17,,,Phassawit Burapharitta,,,THA,23.044,887,19,6-3 7-5,3,R32,83,7,0,64,44,30,13,10,3,5,1,2,68,47,27,9,11,4,9
2016-5047,Bangkok,Hard,32,C,,20160110,5,SC47,5,,Go Soeda,R,178,JPN,31.346,132,447,G753,,,David Guez,R,185,FRA,33.09,168,306,2-6 6-4 6-1,3,R32,113,2,2,73,48,33,10,12,6,10,3,2,82,50,29,15,13,5,11
2016-5047,Bangkok,Hard,32,C,,20160110,6,PG20,,,Dmitry Popko,R,191,KAZ,19.211,257,204,E698,6,,Gastao Elias,R,180,POR,25.128,133,441,5-7 6-3 6-2,3,R32,132,4,3,92,46,35,28,15,4,6,3,1,89,47,31,21,14,3,7
2016-5047,Bangkok,Hard,32,C,,20160110,7,K776,7,,Konstantin Kravchuk,R,191,RUS,30.877,139,429,BJ57,,,Nattan Benjasupawan,,,THA,21.385,2085,1,6-0 6-0,3,R32,43,6,0,35,21,16,11,6,2,2,0,5,39,22,10,2,6,6,12
2016-5047,Bangkok,Hard,32,C,,20160110,8,R612,,,Stephane Robert,R,185,FRA,35.65,208,239,G602,8,,Andre Ghem,R,193,BRA,33.618,149,389,6-7(3) 7-6(4) 6-3,3,R32,125,14,9,102,48,41,29,17,3,5,6,3,105,66,46,22,16,6,9
2016-5047,Bangkok,Hard,32,C,,20160110,9,GC89,,,Egor Gerasimov,R,196,BLR,23.162,188,264,I305,,,Ilya Ivashka,R,193,BLR,21.875,355,129,5-3 RET,3,R32,34,3,1,28,14,11,8,4,0,0,0,1,19,11,9,4,4,1,2
2016-5047,Bangkok,Hard,32,C,,20160110,10,J380,,,Jason Jung,R,180,TPE,26.571,256,204,N663,,,Maximilian Neuchrist,R,,AUT,24.471,390,112,6-4 5-7 6-2,3,R32,107,7,1,76,46,37,18,15,0,2,13,4,89,47,37,16,15,1,5
2016-5047,Bangkok,Hard,32,C,,20160110,11,MJ01,,,Roberto Marcora,R,193,ITA,26.363,246,210,BE69,,,Yan Bai,R,185,CHN,26.639,220,236,3-2 RET,3,R32,26,4,1,25,16,11,3,3,3,4,1,5,17,6,5,3,2,1,2
2016-5047,Bangkok,Hard,32,C,,20160110,12,MG08,,,Yannick Mertens,R,185,BEL,28.545,200,249,L941,,,Michael Linzer,R,180,AUT,26.188,270,194,6-7(2) 6-3 7-6(5),3,R32,158,5,4,101,62,51,21,17,1,3,5,11,113,54,39,33,16,9,12
2016-5047,Bangkok,Hard,32,C,,20160110,13,SF76,,,Franko Skugor,R,196,CRO,28.307,182,276,W571,,,Di Wu,R,173,CHN,24.323,237,218,6-4 3-0 RET,3,R32,59,10,4,39,20,17,8,6,1,2,0,4,48,27,14,9,7,5,9
2016-5047,Bangkok,Hard,32,C,,20160110,14,U134,,,Yasutaka Uchiyama,R,183,JPN,23.431,251,206,N831,,,Jirat Navasirisomboon,R,175,THA,19.146,915,17,6-4 6-4,3,R32,68,10,3,51,35,30,8,10,0,1,1,4,60,38,23,12,10,0,3
2016-5047,Bangkok,Hard,32,C,,20160110,15,W471,,,Amir Weintraub,R,185,ISR,29.317,212,238,C813,,,Ti Chen,R,178,TPE,32.271,201,248,6-4 6-3,3,R32,85,5,0,65,47,30,9,10,9,12,1,1,55,35,20,7,9,6,11
2016-5047,Bangkok,Hard,32,C,,20160110,16,T982,,,Tsung-Hua Yang,R,178,TPE,24.786,204,245,W481,,,Kittipong Wachiramanowong,R,183,THA,25.544,829,23,6-3 6-4,3,R32,78,9,2,60,34,27,16,10,2,2,3,6,84,42,28,20,9,11,13
2016-5047,Bangkok,Hard,32,C,,20160110,17,SE73,2,,Yuichi Sugita,R,175,JPN,27.31,126,472,J380,,,Jason Jung,R,180,TPE,26.571,256,204,6-3 6-4,3,R16,76,5,0,54,31,25,14,10,1,2,5,3,62,40,28,8,9,5,8
2016-5047,Bangkok,Hard,32,C,,20160110,18,Y061,3,,Mikhail Youzhny,R,183,RUS,33.544,127,465,W471,,,Amir Weintraub,R,185,ISR,29.317,212,238,7-6(3) 6-3,3,R16,78,9,2,62,38,32,15,11,1,2,2,0,65,47,28,12,10,2,4
2016-5047,Bangkok,Hard,32,C,,20160110,19,CG33,4,,Kimmer Coppejans,R,178,BEL,21.922,130,452,MG08,,,Yannick Mertens,R,185,BEL,28.545,200,249,7-6(5) 7-5,3,R16,100,7,4,85,55,36,14,12,3,7,4,4,77,42,31,11,12,8,13
2016-5047,Bangkok,Hard,32,C,,20160110,20,SC47,5,,Go Soeda,R,178,JPN,31.346,132,447,SF76,,,Franko Skugor,R,196,CRO,28.307,182,276,6-2 6-4,3,R16,87,0,3,55,35,25,12,9,2,3,2,3,72,43,28,10,9,3,7
2016-5047,Bangkok,Hard,32,C,,20160110,21,K776,7,,Konstantin Kravchuk,R,191,RUS,30.877,139,429,T982,,,Tsung-Hua Yang,R,178,TPE,24.786,204,245,W/O,3,R16,,,,,,,,,,,,,,,,,,,
2016-5047,Bangkok,Hard,32,C,,20160110,22,C582,,,Marco Chiudinelli,R,185,SUI,34.333,282,181,MJ01,,,Roberto Marcora,R,193,ITA,26.363,246,210,6-1 4-6 6-2,3,R16,132,2,2,85,39,30,25,13,4,6,8,7,90,51,32,16,12,10,15
2016-5047,Bangkok,Hard,32,C,,20160110,23,GC89,,,Egor Gerasimov,R,196,BLR,23.162,188,264,PG20,,,Dmitry Popko,R,191,KAZ,19.211,257,204,6-4 6-3,3,R16,74,6,2,44,28,24,12,9,0,0,0,1,68,33,19,20,10,4,7
2016-5047,Bangkok,Hard,32,C,,20160110,24,U134,,,Yasutaka Uchiyama,R,183,JPN,23.431,251,206,R612,,,Stephane Robert,R,185,FRA,35.65,208,239,6-2 7-6(6),3,R16,88,11,0,62,40,29,16,10,3,4,4,7,86,38,28,21,10,7,10
2016-5047,Bangkok,Hard,32,C,,20160110,25,K776,7,,Konstantin Kravchuk,R,191,RUS,30.877,139,429,SE73,2,,Yuichi Sugita,R,175,JPN,27.31,126,472,4-6 6-2 6-4,3,QF,123,10,0,81,58,43,12,14,0,2,3,2,105,66,40,20,14,11,15
2016-5047,Bangkok,Hard,32,C,,20160110,26,Y061,3,,Mikhail Youzhny,R,183,RUS,33.544,127,465,GC89,,,Egor Gerasimov,R,196,BLR,23.162,188,264,6-4 5-7 6-3,3,QF,124,3,4,81,53,37,13,15,0,4,7,3,106,59,35,23,16,11,17
2016-5047,Bangkok,Hard,32,C,,20160110,27,SC47,5,,Go Soeda,R,178,JPN,31.346,132,447,CG33,4,,Kimmer Coppejans,R,178,BEL,21.922,130,452,6-3 2-6 6-1,3,QF,123,3,5,83,49,33,16,12,7,11,3,5,92,61,35,12,12,4,10
2016-5047,Bangkok,Hard,32,C,,20160110,28,C582,,,Marco Chiudinelli,R,185,SUI,34.333,282,181,U134,,,Yasutaka Uchiyama,R,183,JPN,23.431,251,206,7-5 6-3,3,QF,80,2,1,59,41,35,11,11,2,2,4,2,55,25,20,17,10,2,4
2016-5047,Bangkok,Hard,32,C,,20160110,29,Y061,3,,Mikhail Youzhny,R,183,RUS,33.544,127,465,C582,,,Marco Chiudinelli,R,185,SUI,34.333,282,181,6-3 7-6(9),3,SF,105,4,2,70,36,30,19,11,1,3,5,1,72,40,28,13,10,2,5
2016-5047,Bangkok,Hard,32,C,,20160110,30,SC47,5,,Go Soeda,R,178,JPN,31.346,132,447,K776,7,,Konstantin Kravchuk,R,191,RUS,30.877,139,429,7-6(4) 6-1,3,SF,71,5,2,60,37,29,14,10,4,6,4,5,56,28,17,14,9,0,4
2016-5047,Bangkok,Hard,32,C,,20160110,31,Y061,3,,Mikhail Youzhny,R,183,RUS,33.544,127,465,SC47,5,,Go Soeda,R,178,JPN,31.346,132,447,6-3 6-4,3,F,83,3,4,68,36,24,18,10,4,6,1,1,50,35,20,8,9,3,7
2016-7436,Mendoza,Clay,32,C,,20160110,1,E708,,,Maximiliano Estevez,L,191,ARG,26.648,405,107,Z184,1,,Horacio Zeballos,L,188,ARG,30.705,124,475,7-6(6) 7-5,3,R32,131,4,5,87,49,33,21,12,5,8,10,4,86,53,34,13,12,5,9
2016-7436,Mendoza,Clay,32,C,,20160110,2,MJ08,,,Thiago Monteiro,L,183,BRA,21.613,463,85,SC73,2,,Rogerio Dutra Silva,R,178,BRA,31.929,125,473,3-6 6-3 6-4,3,R32,119,7,2,91,62,44,18,14,2,3,3,2,86,59,41,15,14,8,10
2016-7436,Mendoza,Clay,32,C,,20160110,3,CF59,3,,Roberto Carballes Baena,R,183,ESP,22.801,131,449,CE77,,,Federico Coria,R,180,ARG,23.838,389,112,6-4 3-6 6-3,3,R32,118,3,3,84,51,27,24,14,6,10,2,3,76,41,27,16,14,4,9
2016-7436,Mendoza,Clay,32,C,,20160110,4,PG69,,,Juan Pablo Paz,R,173,ARG,21.016,454,89,A941,4,,Facundo Arguello,R,178,ARG,23.433,137,431,6-0 5-7 6-4,3,R32,137,6,1,92,58,42,16,14,5,8,0,3,79,48,32,13,14,4,10
2016-7436,Mendoza,Clay,32,C,,20160110,5,BF23,5,,Facundo Bagnis,L,183,ARG,25.867,140,428,GD91,,,Juan Ignacio Galarza,R,183,ARG,21.815,386,113,6-3 7-6(5),3,R32,98,12,8,86,48,35,22,11,4,5,3,3,74,45,32,13,10,3,5
2016-7436,Mendoza,Clay,32,C,,20160110,6,H924,,,Patricio Heras,R,183,ARG,26.968,366,121,MF35,6,,Andrej Martin,R,183,SVK,26.305,146,406,6-4 6-3,3,R32,77,0,4,56,32,24,12,10,0,2,3,2,49,31,20,7,9,3,7
2016-7436,Mendoza,Clay,32,C,,20160110,7,CC66,,,Andrea Collarini,L,183,ARG,23.943,472,83,G585,7,,Maximo Gonzalez,R,173,ARG,32.476,147,404,4-6 6-0 6-4,3,R32,124,2,6,78,51,35,9,13,3,7,2,5,96,61,36,12,13,7,14
2016-7436,Mendoza,Clay,32,C,,20160110,8,MI43,8,,Gerald Melzer,L,188,AUT,25.495,166,318,KC29,,,Nicolas Kicker,R,178,ARG,23.4,179,281,6-4 7-6(4),3,R32,93,4,3,68,38,30,16,11,3,5,4,6,65,45,32,7,11,1,4
2016-7436,Mendoza,Clay,32,C,,20160110,9,A887,,,Guido Andreozzi,R,183,ARG,24.433,267,195,J551,,,Nicolas Jarry,R,201,CHI,20.249,372,118,6-3 6-4,3,R32,74,3,2,54,33,26,13,10,3,4,7,0,65,47,28,8,9,2,5
2016-7436,Mendoza,Clay,32,C,,20160110,10,CG07,,,Hernan Casanova,R,178,ARG,21.925,369,119,LC58,,,Tomas Lipovsek Puches,R,183,ARG,22.732,330,143,3-6 6-4 6-3,3,R32,125,0,2,89,65,37,11,14,4,10,0,2,90,63,34,12,14,5,12
2016-7436,Mendoza,Clay,32,C,,20160110,11,CC32,,,Guilherme Clezar,R,180,BRA,23.025,175,290,GA36,,,Emilio Gomez,R,185,ECU,24.118,319,151,6-2 6-1,3,R32,56,4,3,39,24,21,9,8,1,2,1,3,49,30,16,6,7,5,10
2016-7436,Mendoza,Clay,32,C,,20160110,12,E678,,,Jonathan Eysseric,L,180,FRA,25.624,260,202,E661,,,Gonzalo Escobar,L,178,ECU,26.971,354,129,6-2 6-7(4) 6-3,3,R32,134,14,6,85,51,42,17,15,0,2,0,2,82,51,30,19,14,2,7
2016-7436,Mendoza,Clay,32,C,,20160110,13,LA93,,,Enrique Lopez Perez,R,180,ESP,24.605,479,82,BK68,,,Francisco Bahamonde,R,185,ITA,19.173,362,123,6-1 3-6 6-3,3,R32,120,2,4,77,51,33,12,13,1,4,3,0,77,49,26,15,12,6,11
2016-7436,Mendoza,Clay,32,C,,20160110,14,MI11,,,Axel Michon,L,,FRA,25.068,284,181,BH02,,,Sekou Bangoura,R,183,USA,24.145,295,170,3-6 6-3 7-6(5),3,R32,164,3,3,99,56,40,22,15,4,8,6,4,101,73,48,14,15,6,10
2016-7436,Mendoza,Clay,32,C,,20160110,15,MJ89,,,Gianni Mina,R,188,FRA,23.918,580,57,H896,,,Jose Hernandez-Fernandez,R,183,DOM,25.829,244,210,6-7(4) 7-5 6-2,3,R32,158,14,4,101,58,44,19,16,1,4,6,8,107,65,44,20,16,9,15
2016-7436,Mendoza,Clay,32,C,,20160110,16,T911,,,Peter Torebko,R,185,GER,27.915,425,100,HB35,,,Maxime Hamou,R,185,FRA,20.591,332,140,7-6(4) 6-7(4) 7-5,3,R32,157,4,4,123,94,65,13,18,7,10,3,1,123,80,52,22,18,6,10
2016-7436,Mendoza,Clay,32,C,,20160110,17,CF59,3,,Roberto Carballes Baena,R,183,ESP,22.801,131,449,MJ89,,,Gianni Mina,R,188,FRA,23.918,580,57,6-4 6-4,3,R16,115,2,3,59,44,31,9,10,4,5,2,6,83,47,32,15,10,9,12
2016-7436,Mendoza,Clay,32,C,,20160110,18,BF23,5,,Facundo Bagnis,L,183,ARG,25.867,140,428,CC32,,,Guilherme Clezar,R,180,BRA,23.025,175,290,3-6 6-4 6-4,3,R16,132,15,7,91,54,40,21,15,4,7,3,4,83,48,35,18,14,2,5
2016-7436,Mendoza,Clay,32,C,,20160110,19,MI43,8,,Gerald Melzer,L,188,AUT,25.495,166,318,CG07,,,Hernan Casanova,R,178,ARG,21.925,369,119,6-3 6-2,3,R16,71,2,2,57,29,17,15,8,5,7,1,0,52,41,18,5,9,4,10
2016-7436,Mendoza,Clay,32,C,,20160110,20,A887,,,Guido Andreozzi,R,183,ARG,24.433,267,195,H924,,,Patricio Heras,R,183,ARG,26.968,366,121,6-2 6-3,3,R16,91,0,1,58,37,21,15,9,1,3,2,4,73,50,24,10,8,9,14
2016-7436,Mendoza,Clay,32,C,,20160110,21,E708,,,Maximiliano Estevez,L,191,ARG,26.648,405,107,T911,,,Peter Torebko,R,185,GER,27.915,425,100,7-6(6) 6-3,3,R16,143,2,5,95,66,39,12,11,10,14,5,4,88,61,33,12,10,8,13
2016-7436,Mendoza,Clay,32,C,,20160110,22,LA93,,,Enrique Lopez Perez,R,180,ESP,24.605,479,82,CC66,,,Andrea Collarini,L,183,ARG,23.943,472,83,7-5 4-6 7-6(7),3,R16,160,7,4,114,72,47,27,17,6,9,3,5,107,74,51,17,17,2,5
2016-7436,Mendoza,Clay,32,C,,20160110,23,MI11,,,Axel Michon,L,,FRA,25.068,284,181,PG69,,,Juan Pablo Paz,R,173,ARG,21.016,454,89,6-2 6-7(2) 6-4,3,R16,142,0,2,95,48,29,29,15,2,6,7,5,90,55,40,14,15,3,10
2016-7436,Mendoza,Clay,32,C,,20160110,24,MJ08,,,Thiago Monteiro,L,183,BRA,21.613,463,85,E678,,,Jonathan Eysseric,L,180,FRA,25.624,260,202,4-6 6-4 7-5,3,R16,161,3,7,102,56,43,23,16,3,5,9,8,121,53,42,31,16,6,9
2016-7436,Mendoza,Clay,32,C,,20160110,25,CF59,3,,Roberto Carballes Baena,R,183,ESP,22.801,131,449,A887,,,Guido Andreozzi,R,183,ARG,24.433,267,195,6-2 7-6(8),3,QF,85,2,1,55,37,31,17,10,1,1,2,3,62,42,26,13,10,0,2
2016-7436,Mendoza,Clay,32,C,,20160110,26,BF23,5,,Facundo Bagnis,L,183,ARG,25.867,140,428,E708,,,Maximiliano Estevez,L,191,ARG,26.648,405,107,7-5 7-5,3,QF,111,4,6,74,45,34,12,12,7,10,0,6,75,48,27,12,12,6,11
2016-7436,Mendoza,Clay,32,C,,20160110,27,MI43,8,,Gerald Melzer,L,188,AUT,25.495,166,318,MJ08,,,Thiago Monteiro,L,183,BRA,21.613,463,85,6-2 6-4,3,QF,86,3,1,63,44,35,8,9,3,3,3,0,58,37,24,8,9,5,8
2016-7436,Mendoza,Clay,32,C,,20160110,28,MI11,,,Axel Michon,L,,FRA,25.068,284,181,LA93,,,Enrique Lopez Perez,R,180,ESP,24.605,479,82,6-3 3-6 6-1,3,QF,115,2,3,85,59,37,11,13,7,11,4,3,65,42,25,8,12,2,8
2016-7436,Mendoza,Clay,32,C,,20160110,29,MI43,8,,Gerald Melzer,L,188,AUT,25.495,166,318,CF59,3,,Roberto Carballes Baena,R,183,ESP,22.801,131,449,4-6 6-2 6-3,3,SF,126,5,2,73,42,34,10,13,4,7,1,4,95,68,40,12,14,9,15
2016-7436,Mendoza,Clay,32,C,,20160110,30,MI11,,,Axel Michon,L,,FRA,25.068,284,181,BF23,5,,Facundo Bagnis,L,183,ARG,25.867,140,428,6-1 6-3,3,SF,79,2,1,48,29,24,11,8,3,3,7,6,70,41,27,8,8,6,10
2016-7436,Mendoza,Clay,32,C,,20160110,31,MI43,8,,Gerald Melzer,L,188,AUT,25.495,166,318,MI11,,,Axel Michon,L,,FRA,25.068,284,181,4-6 6-4 6-0,3,F,131,3,4,90,54,35,15,13,8,12,3,2,90,54,26,18,13,12,19
2016-7438,Bangkok,Hard,32,C,,20160110,1,Y061,1,,Mikhail Youzhny,R,183,RUS,33.544,127,465,N390,,,Frederik Nielsen,R,188,DEN,32.372,375,116,6-4 6-3,3,R32,77,5,1,58,38,24,17,10,1,2,1,3,60,28,22,11,9,1,4
2016-7438,Bangkok,Hard,32,C,,20160110,2,PG32,2,,Adam Pavlasek,R,185,CZE,21.257,160,353,W373,,,Jimmy Wang,R,180,TPE,30.919,310,159,6-4 6-1,3,R32,58,4,1,49,31,19,11,8,4,6,1,3,50,29,13,9,9,5,11
2016-7438,Bangkok,Hard,32,C,,20160110,3,J380,3,,Jason Jung,R,180,TPE,26.571,256,204,MF09,,,Nikola Mektic,R,183,CRO,27.044,349,131,6-4 3-6 6-4,3,R32,141,13,7,99,54,37,27,14,8,10,13,2,93,53,40,18,15,7,10
2016-7438,Bangkok,Hard,32,C,,20160110,4,K863,,,Cheong-Eui Kim,,,KOR,25.802,379,115,J347,4,,Yannick Jankovits,R,,FRA,29.01,274,190,4-6 6-1 6-3,3,R32,127,4,3,110,61,42,25,13,10,12,2,7,83,41,24,21,13,2,7
2016-7438,Bangkok,Hard,32,C,,20160110,5,MH15,,,Joshua Milton,R,,GBR,26.24,356,129,MQ75,5,,Kamil Majchrzak,R,183,POL,19.992,275,188,6-3 6-2,3,R32,54,4,2,54,33,26,14,9,4,4,5,1,42,26,17,9,8,1,4
2016-7438,Bangkok,Hard,32,C,,20160110,6,MN23,,,Aleksandre Metreveli,R,183,GEO,22.418,313,158,SG33,6,,Sanam Singh,R,175,IND,27.997,278,185,6-2 1-6 6-4,3,R32,99,5,4,76,50,36,10,12,4,7,6,5,80,41,29,17,13,7,11
2016-7438,Bangkok,Hard,32,C,,20160110,7,V490,7,,Matteo Viola,R,185,ITA,28.512,288,175,V600,,,Tucker Vorster,R,196,RSA,27.351,304,164,6-2 7-5,3,R32,78,4,5,57,37,28,10,10,2,4,4,5,69,44,25,8,10,6,11
2016-7438,Bangkok,Hard,32,C,,20160110,8,BI23,,,Liam Broady,L,183,GBR,22.015,301,166,T999,8,,Maxime Teixeira,R,188,FRA,26.976,290,172,6-1 2-0 RET,3,R32,30,1,1,28,17,15,7,5,2,2,0,4,22,13,8,1,4,3,6
2016-7438,Bangkok,Hard,32,C,,20160110,9,B946,,,Benjamin Balleret,R,183,MON,32.986,489,79,R519,,,Sonchat Ratiwatana,R,175,THA,33.963,1731,1,6-3 7-5,3,R32,68,4,1,67,50,38,9,11,4,5,4,1,57,40,27,8,10,2,5
2016-7438,Bangkok,Hard,32,C,,20160110,10,SN54,,,Frederico Ferreira Silva,L,178,POR,20.816,298,168,BJ57,,,Nattan Benjasupawan,,,THA,21.385,2085,1,6-3 6-0,3,R32,55,4,2,46,34,29,4,8,2,2,1,2,35,24,13,3,7,2,6
2016-7438,Bangkok,Hard,32,C,,20160110,11,J513,,,Miki Jankovic,R,180,SRB,21.29,315,158,SX50,,,Roman Safiullin,R,185,RUS,18.426,884,19,4-6 7-6(6) 7-6(2),3,R32,147,12,7,128,76,60,22,17,7,9,13,9,108,64,51,22,17,2,3
2016-7438,Bangkok,Hard,32,C,,20160110,12,MM58,,,Daniil Medvedev,R,198,RUS,19.912,329,144,TB70,,,Wishaya Trongcharoenchaikul,R,,THA,20.758,1423,4,6-7(4) 6-4 7-6(2),3,R32,137,7,2,98,48,37,29,17,1,5,7,6,118,68,54,16,17,4,9
2016-7438,Bangkok,Hard,32,C,,20160110,13,N663,,,Maximilian Neuchrist,R,,AUT,24.471,390,112,V717,,,Alexey Vatutin,R,178,RUS,23.203,308,160,1-6 6-2 6-1,3,R32,95,7,1,73,44,33,12,11,3,5,2,7,70,43,31,10,11,4,8
2016-7438,Bangkok,Hard,32,C,,20160110,14,SO86,,,Robin Stanek,L,188,CZE,21.018,317,156,N561,,,Ivan Nedelko,R,185,RUS,29.665,309,160,6-4 6-4,3,R32,77,4,2,54,34,28,9,10,4,6,3,2,60,29,17,16,10,1,5
2016-7438,Bangkok,Hard,32,C,,20160110,15,TC11,,,Marko Tepavac,R,193,SRB,21.766,305,163,W481,,,Kittipong Wachiramanowong,R,183,THA,25.544,829,23,6-4 7-5,3,R32,93,10,4,65,39,32,15,11,2,3,11,3,69,50,33,8,11,3,6
2016-7438,Bangkok,Hard,32,C,,20160110,16,Z248,,,Dzmitry Zhyrmont,R,188,BLR,26.861,312,158,G922,,,Gerard Granollers,R,183,ESP,26.943,306,163,1-6 6-1 6-2,3,R32,92,9,2,80,50,36,14,11,6,8,2,5,76,34,24,17,11,6,10
2016-7438,Bangkok,Hard,32,C,,20160110,17,Y061,1,,Mikhail Youzhny,R,183,RUS,33.544,127,465,MM58,,,Daniil Medvedev,R,198,RUS,19.912,329,144,6-2 6-3,3,R16,75,1,4,61,28,20,18,8,4,5,3,0,49,32,16,6,9,4,9
2016-7438,Bangkok,Hard,32,C,,20160110,18,PG32,2,,Adam Pavlasek,R,185,CZE,21.257,160,353,SO86,,,Robin Stanek,L,188,CZE,21.018,317,156,3-6 6-4 6-1,3,R16,93,13,1,67,45,36,15,13,2,3,0,2,81,50,35,15,13,5,8
2016-7438,Bangkok,Hard,32,C,,20160110,19,J380,3,,Jason Jung,R,180,TPE,26.571,256,204,B946,,,Benjamin Balleret,R,183,MON,32.986,489,79,6-2 6-2,3,R16,50,2,3,47,27,23,12,8,0,0,1,1,37,26,14,5,8,0,4
2016-7438,Bangkok,Hard,32,C,,20160110,20,SN54,,,Frederico Ferreira Silva,L,178,POR,20.816,298,168,V490,7,,Matteo Viola,R,185,ITA,28.512,288,175,6-4 6-2,3,R16,80,2,2,54,28,22,14,9,2,3,0,3,61,43,22,9,9,5,9
2016-7438,Bangkok,Hard,32,C,,20160110,21,K863,,,Cheong-Eui Kim,,,KOR,25.802,379,115,J513,,,Miki Jankovic,R,180,SRB,21.29,315,158,7-6(5) 5-1 RET,3,R16,93,6,3,74,50,36,9,9,6,8,7,4,72,46,27,10,9,10,14
2016-7438,Bangkok,Hard,32,C,,20160110,22,MN23,,,Aleksandre Metreveli,R,183,GEO,22.418,313,158,TC11,,,Marko Tepavac,R,193,SRB,21.766,305,163,3-6 6-4 2-0 RET,3,R16,88,4,4,57,32,25,15,11,2,4,1,3,64,38,28,12,10,1,3
2016-7438,Bangkok,Hard,32,C,,20160110,23,MH15,,,Joshua Milton,R,,GBR,26.24,356,129,N663,,,Maximilian Neuchrist,R,,AUT,24.471,390,112,6-4 6-3,3,R16,82,2,1,57,27,17,18,9,0,2,1,3,63,43,23,10,10,6,11
2016-7438,Bangkok,Hard,32,C,,20160110,24,Z248,,,Dzmitry Zhyrmont,R,188,BLR,26.861,312,158,BI23,,,Liam Broady,L,183,GBR,22.015,301,166,7-6(0) 6-0,3,R16,79,6,3,52,31,28,12,9,0,0,2,7,70,35,21,16,9,4,7
2016-7438,Bangkok,Hard,32,C,,20160110,25,Y061,1,,Mikhail Youzhny,R,183,RUS,33.544,127,465,MH15,,,Joshua Milton,R,,GBR,26.24,356,129,6-0 6-2,3,QF,63,3,2,40,22,19,11,7,0,0,0,3,44,21,13,6,7,3,8
2016-7438,Bangkok,Hard,32,C,,20160110,26,PG32,2,,Adam Pavlasek,R,185,CZE,21.257,160,353,Z248,,,Dzmitry Zhyrmont,R,188,BLR,26.861,312,158,0-6 6-2 7-5,3,QF,102,4,3,86,63,41,11,13,4,7,4,2,83,53,32,17,13,5,8
2016-7438,Bangkok,Hard,32,C,,20160110,27,J380,3,,Jason Jung,R,180,TPE,26.571,256,204,MN23,,,Aleksandre Metreveli,R,183,GEO,22.418,313,158,6-3 6-3,3,QF,62,7,2,41,25,24,12,9,0,0,1,1,51,29,19,10,9,2,5
2016-7438,Bangkok,Hard,32,C,,20160110,28,SN54,,,Frederico Ferreira Silva,L,178,POR,20.816,298,168,K863,,,Cheong-Eui Kim,,,KOR,25.802,379,115,6-4 6-3,3,QF,85,6,2,67,42,33,12,9,3,3,2,3,60,39,27,9,10,3,6
2016-7438,Bangkok,Hard,32,C,,20160110,29,Y061,1,,Mikhail Youzhny,R,183,RUS,33.544,127,465,J380,3,,Jason Jung,R,180,TPE,26.571,256,204,6-1 6-2,3,SF,51,1,1,39,21,20,12,8,0,0,0,3,37,23,14,4,7,2,6
2016-7438,Bangkok,Hard,32,C,,20160110,30,PG32,2,,Adam Pavlasek,R,185,CZE,21.257,160,353,SN54,,,Frederico Ferreira Silva,L,178,POR,20.816,298,168,6-4 6-3,3,SF,71,5,0,50,37,24,7,9,1,3,2,5,70,42,21,13,10,9,14
2016-7438,Bangkok,Hard,32,C,,20160110,31,Y061,1,,Mikhail Youzhny,R,183,RUS,33.544,127,465,PG32,2,,Adam Pavlasek,R,185,CZE,21.257,160,353,6-4 6-1,3,F,66,5,1,44,28,23,11,9,0,1,3,1,56,36,24,5,8,6,10
2016-7498,Bangkok,Hard,32,C,,20160110,1,BI23,,,Liam Broady,L,183,GBR,22.015,301,166,G940,1,,Sam Groth,R,193,AUS,28.227,60,782,6-4 RET,3,R32,36,3,0,27,19,14,6,5,0,0,7,1,27,17,13,5,5,0,1
2016-7498,Bangkok,Hard,32,C,,20160110,2,L575,2,,Yen-Hsun Lu,R,180,TPE,32.408,77,674,SM38,,,Connor Smith,R,,USA,25.06,235,220,6-1 7-5,3,R32,89,1,3,62,28,21,19,10,4,6,5,4,63,38,24,7,9,5,10
2016-7498,Bangkok,Hard,32,C,,20160110,3,W579,,,Alexander Ward,R,185,GBR,25.697,331,143,SE73,3,,Yuichi Sugita,R,175,JPN,27.31,126,472,6-3 3-6 6-1,3,R32,102,7,4,72,43,33,13,12,2,5,1,2,87,58,31,12,13,4,10
2016-7498,Bangkok,Hard,32,C,,20160110,4,L797,4,,Lukas Lacko,R,188,SVK,28.186,110,534,HG86,,,Lloyd Harris,R,193,RSA,18.875,358,126,7-5 4-6 6-3,3,R32,156,4,6,116,72,49,22,16,10,12,13,1,94,53,38,22,15,6,9
2016-7498,Bangkok,Hard,32,C,,20160110,5,KC12,,,Mitchell Krueger,R,188,USA,21.993,239,217,SJ55,5,,John-Patrick Smith,L,188,AUS,26.96,129,459,6-2 4-1 RET,3,R32,52,1,3,34,23,17,6,6,2,3,1,3,51,31,16,6,7,4,9
2016-7498,Bangkok,Hard,32,C,,20160110,6,SL07,6,,Alexander Sarkissian,R,191,USA,25.771,198,252,BI17,,,Phassawit Burapharitta,,,THA,23.044,887,19,7-5 2-6 6-1,3,R32,132,4,3,83,61,40,9,13,1,4,5,8,90,51,30,21,14,4,9
2016-7498,Bangkok,Hard,32,C,,20160110,7,Z272,7,,Ze Zhang,R,188,CHN,25.52,189,264,LB84,,,Juan Ignacio Londero,R,180,ARG,22.404,287,175,7-5 6-2,3,R32,76,9,1,49,33,29,9,10,0,1,3,3,65,36,24,11,10,5,9
2016-7498,Bangkok,Hard,32,C,,20160110,8,D994,8,,James Duckworth,R,183,AUS,23.97,120,485,C813,,,Ti Chen,R,178,TPE,32.271,201,248,6-7(4) 7-5 6-0,3,R32,143,16,4,98,51,40,26,15,5,6,5,5,105,62,38,21,15,5,10
2016-7498,Bangkok,Hard,32,C,,20160110,9,BH02,,,Sekou Bangoura,R,183,USA,24.145,295,170,TB70,,,Wishaya Trongcharoenchaikul,R,,THA,20.758,1423,4,6-3 6-3,3,R32,74,3,3,51,38,29,6,9,4,6,6,3,55,24,16,12,9,3,8
2016-7498,Bangkok,Hard,32,C,,20160110,10,BH22,,,Sam Barry,R,191,IRL,23.953,399,109,N831,,,Jirat Navasirisomboon,R,175,THA,19.146,915,17,6-2 6-2,3,R32,78,5,1,47,34,25,7,8,1,2,0,3,43,27,9,7,8,2,7
2016-7498,Bangkok,Hard,32,C,,20160110,11,BF27,,,Adrien Bossel,,,SUI,29.035,359,126,W373,,,Jimmy Wang,R,180,TPE,30.919,310,159,6-2 6-2,3,R32,64,6,2,54,33,27,8,8,3,3,5,3,47,27,16,9,8,2,6
2016-7498,Bangkok,Hard,32,C,,20160110,12,BM43,,,Remi Boutillier,R,188,FRA,25.985,401,107,RB86,,,Sidharth Rawat,R,175,IND,22.721,629,49,6-4 7-6(4),3,R32,109,6,4,80,56,41,10,11,8,10,5,1,79,53,36,12,11,8,11
2016-7498,Bangkok,Hard,32,C,,20160110,13,GD08,,,Lloyd Glasspool,R,191,GBR,22.141,461,86,W630,,,Andrew Whittington,R,188,AUS,22.415,592,55,6-4 6-0,3,R32,65,8,2,54,39,27,7,8,2,3,4,7,50,24,13,9,8,5,10
2016-7498,Bangkok,Hard,32,C,,20160110,14,J380,,,Jason Jung,R,180,TPE,26.571,256,204,W481,,,Kittipong Wachiramanowong,R,183,THA,25.544,829,23,6-3 6-2,3,R32,83,4,4,61,37,30,11,9,2,2,3,0,59,34,23,10,8,4,7
2016-7498,Bangkok,Hard,32,C,,20160110,15,KA46,,,Yuya Kibi,R,180,JPN,29.467,664,43,R977,,,Matt Reid,R,183,AUS,25.484,316,156,6-2 7-6(5),3,R32,66,9,0,56,31,26,17,10,4,5,11,2,65,40,29,11,10,1,4
2016-7498,Bangkok,Hard,32,C,,20160110,16,V620,,,Agustin Velotti,R,,ARG,23.63,447,92,U134,,,Yasutaka Uchiyama,R,183,JPN,23.431,251,206,7-6(5) 6-4,3,R32,104,10,5,74,50,46,8,11,2,2,10,4,84,48,38,16,11,7,8
2016-7498,Bangkok,Hard,32,C,,20160110,17,L575,2,,Yen-Hsun Lu,R,180,TPE,32.408,77,674,BH02,,,Sekou Bangoura,R,183,USA,24.145,295,170,6-2 6-3,3,R16,62,8,2,43,29,23,8,8,0,1,0,2,61,35,19,10,9,2,7
2016-7498,Bangkok,Hard,32,C,,20160110,18,GD08,,,Lloyd Glasspool,R,191,GBR,22.141,461,86,L797,4,,Lukas Lacko,R,188,SVK,28.186,110,534,7-6(5) 4-1 RET,3,R16,77,11,5,66,41,32,14,9,4,4,5,2,60,33,24,15,8,8,9
2016-7498,Bangkok,Hard,32,C,,20160110,19,SL07,6,,Alexander Sarkissian,R,191,USA,25.771,198,252,KA46,,,Yuya Kibi,R,180,JPN,29.467,664,43,6-4 6-2,3,R16,62,4,3,52,29,22,15,9,1,2,2,6,57,39,22,6,9,3,7
2016-7498,Bangkok,Hard,32,C,,20160110,20,Z272,7,,Ze Zhang,R,188,CHN,25.52,189,264,V620,,,Agustin Velotti,R,,ARG,23.63,447,92,6-4 6-4,3,R16,71,13,1,48,34,31,9,10,0,0,8,2,67,40,27,14,10,2,4
2016-7498,Bangkok,Hard,32,C,,20160110,21,D994,8,,James Duckworth,R,183,AUS,23.97,120,485,J380,,,Jason Jung,R,180,TPE,26.571,256,204,7-5 6-4,3,R16,83,10,3,62,37,30,14,11,2,3,3,8,64,34,27,12,11,5,8
2016-7498,Bangkok,Hard,32,C,,20160110,22,BH22,,,Sam Barry,R,191,IRL,23.953,399,109,BI23,,,Liam Broady,L,183,GBR,22.015,301,166,6-4 6-0,3,R16,90,8,0,47,29,22,9,8,2,3,3,3,66,50,26,4,8,7,12
2016-7498,Bangkok,Hard,32,C,,20160110,23,KC12,,,Mitchell Krueger,R,188,USA,21.993,239,217,BM43,,,Remi Boutillier,R,188,FRA,25.985,401,107,3-6 6-3 6-4,3,R16,121,4,3,89,60,46,11,14,5,7,4,7,78,53,41,8,14,1,4
2016-7498,Bangkok,Hard,32,C,,20160110,24,W579,,,Alexander Ward,R,185,GBR,25.697,331,143,BF27,,,Adrien Bossel,,,SUI,29.035,359,126,7-5 6-3,3,R16,92,5,2,61,40,28,13,11,3,5,2,3,63,33,22,13,10,2,6
2016-7498,Bangkok,Hard,32,C,,20160110,25,D994,8,,James Duckworth,R,183,AUS,23.97,120,485,L575,2,,Yen-Hsun Lu,R,180,TPE,32.408,77,674,6-7(6) 6-2 6-2,3,QF,119,13,6,92,60,49,16,14,6,6,7,6,88,60,42,12,14,3,7
2016-7498,Bangkok,Hard,32,C,,20160110,26,SL07,6,,Alexander Sarkissian,R,191,USA,25.771,198,252,GD08,,,Lloyd Glasspool,R,191,GBR,22.141,461,86,6-2 6-2,3,QF,76,6,1,47,30,24,10,8,1,1,6,4,81,52,32,9,8,9,13
2016-7498,Bangkok,Hard,32,C,,20160110,27,W579,,,Alexander Ward,R,185,GBR,25.697,331,143,Z272,7,,Ze Zhang,R,188,CHN,25.52,189,264,6-4 1-6 7-5,3,QF,136,12,4,89,49,37,23,14,5,7,15,4,86,57,43,15,15,5,7
2016-7498,Bangkok,Hard,32,C,,20160110,28,BH22,,,Sam Barry,R,191,IRL,23.953,399,109,KC12,,,Mitchell Krueger,R,188,USA,21.993,239,217,7-5 5-7 6-2,3,QF,164,9,1,95,63,49,13,16,3,6,4,4,101,66,43,16,16,7,12
2016-7498,Bangkok,Hard,32,C,,20160110,29,D994,8,,James Duckworth,R,183,AUS,23.97,120,485,SL07,6,,Alexander Sarkissian,R,191,USA,25.771,198,252,6-7(6) 6-4 6-2,3,SF,143,14,4,111,71,52,20,15,8,9,9,6,105,65,44,19,15,2,6
2016-7498,Bangkok,Hard,32,C,,20160110,30,BH22,,,Sam Barry,R,191,IRL,23.953,399,109,W579,,,Alexander Ward,R,185,GBR,25.697,331,143,6-2 7-6(3),3,SF,102,6,1,65,48,39,8,10,4,5,5,5,60,38,29,8,10,2,5
2016-7498,Bangkok,Hard,32,C,,20160110,31,D994,8,,James Duckworth,R,183,AUS,23.97,120,485,BH22,,,Sam Barry,R,191,IRL,23.953,399,109,7-6(5) 6-4,3,F,120,17,3,83,52,43,16,11,4,4,9,1,80,59,42,13,11,3,4
2016-7561,Bangkok,Hard,32,C,,20160110,1,SC47,1,,Go Soeda,R,178,JPN,31.346,132,447,I306,,,Cem Ilkel,R,185,TUR,20.389,435,98,6-2 6-1,3,R32,66,8,1,45,28,23,10,7,3,3,6,4,58,28,16,11,8,6,11
2016-7561,Bangkok,Hard,32,C,,20160110,2,W571,2,,Di Wu,R,173,CHN,24.323,237,218,W481,,,Kittipong Wachiramanowong,R,183,THA,25.544,829,23,6-1 6-4,3,R32,59,4,1,53,36,28,11,9,0,0,1,1,42,30,16,8,8,1,4
2016-7561,Bangkok,Hard,32,C,,20160110,3,GA94,,,Prajnesh Gunneswaran,L,188,IND,26.16,484,81,LE01,3,,Duckhee Lee,R,170,KOR,17.618,229,226,6-4 6-0,3,R32,65,1,2,46,30,22,8,8,3,5,4,2,62,31,17,10,8,2,8
2016-7561,Bangkok,Hard,32,C,,20160110,4,W471,4,,Amir Weintraub,R,185,ISR,29.317,212,238,MF71,,,Denys Molchanov,R,188,UKR,28.654,236,219,7-5 6-1,3,R32,71,3,2,58,37,28,13,10,3,4,4,5,66,44,24,10,9,10,14
2016-7561,Bangkok,Hard,32,C,,20160110,5,L733,5,,Zhe Li,R,183,CHN,29.306,249,208,SL92,,,Shuichi Sekiguchi,R,168,JPN,24.49,396,110,7-6(5) 6-3,3,R32,105,5,5,80,51,38,13,10,3,4,1,3,65,39,27,11,11,1,4
2016-7561,Bangkok,Hard,32,C,,20160110,6,C813,6,,Ti Chen,R,178,TPE,32.271,201,248,HG86,,,Lloyd Harris,R,193,RSA,18.875,358,126,7-5 6-1,3,R32,98,4,1,65,42,29,13,10,3,4,5,4,66,25,14,20,9,7,11
2016-7561,Bangkok,Hard,32,C,,20160110,7,SH37,7,,Marc Sieber,L,178,GER,27.866,602,53,F824,,,Connor Farren,R,183,USA,21.27,1028,11,6-2 6-2,3,R32,57,0,0,42,28,20,13,8,2,2,5,1,39,19,13,7,8,1,5
2016-7561,Bangkok,Hard,32,C,,20160110,8,KA46,8,,Yuya Kibi,R,180,JPN,29.467,664,43,N598,,,Takuto Niki,R,183,JPN,28.246,353,129,4-6 6-3 6-2,3,R32,134,4,7,91,53,34,17,14,7,12,8,2,99,63,31,19,13,6,13
2016-7561,Bangkok,Hard,32,C,,20160110,9,G820,,,Xin Gao,R,180,CHN,21.665,835,23,RB86,,,Sidharth Rawat,R,175,IND,22.721,629,49,6-3 6-4,3,R32,91,4,0,64,39,28,17,10,5,5,1,1,63,36,26,11,9,3,5
2016-7561,Bangkok,Hard,32,C,,20160110,10,GB93,,,Norbert Gombos,R,193,SVK,25.41,138,431,SG33,,,Sanam Singh,R,175,IND,27.997,278,185,3-6 7-6(4) 6-2,3,R32,114,7,9,103,59,41,23,15,5,9,3,3,85,47,36,17,14,6,10
2016-7561,Bangkok,Hard,32,C,,20160110,11,K834,,,Blaz Kavcic,R,188,SLO,28.851,151,382,U134,,,Yasutaka Uchiyama,R,183,JPN,23.431,251,206,7-5 6-4,3,R32,90,6,2,56,34,29,15,11,0,0,6,3,69,42,33,14,11,1,3
2016-7561,Bangkok,Hard,32,C,,20160110,12,LD26,,,Edan Leshem,R,183,ISR,18.812,578,57,BD82,,,Sergey Betov,R,185,,28.238,653,45,6-3 3-6 6-1,3,R32,107,1,7,82,46,31,21,13,2,4,6,2,69,35,24,16,12,1,5
2016-7561,Bangkok,Hard,32,C,,20160110,13,ME05,,,Marinko Matosevic,R,193,AUS,30.423,296,169,MN44,,,Bradley Mousley,R,188,AUS,20.019,559,60,6-2 6-4,3,R32,75,4,4,54,37,27,11,9,1,1,2,2,61,35,21,15,9,3,6
2016-7561,Bangkok,Hard,32,C,,20160110,14,MM79,,,Blake Mott,R,180,AUS,19.721,674,42,D808,,,Julien Dubail,R,193,BEL,27.904,491,79,7-5 7-6(3),3,R32,125,3,7,109,70,42,22,12,11,14,5,0,78,41,26,19,12,8,12
2016-7561,Bangkok,Hard,32,C,,20160110,15,N831,,,Jirat Navasirisomboon,R,175,THA,19.146,915,17,TB70,,,Wishaya Trongcharoenchaikul,R,,THA,20.758,1423,4,6-1 7-6(5),3,R32,79,2,3,73,50,33,12,10,2,3,0,3,55,33,23,8,9,1,4
2016-7561,Bangkok,Hard,32,C,,20160110,16,V505,,,Vishnu Vardhan,R,188,IND,28.457,486,81,BI17,,,Phassawit Burapharitta,,,THA,23.044,887,19,7-5 4-6 4-1 RET,3,R32,154,8,3,97,64,48,13,14,9,12,3,5,91,58,36,15,13,7,11
2016-7561,Bangkok,Hard,32,C,,20160110,17,SC47,1,,Go Soeda,R,178,JPN,31.346,132,447,MM79,,,Blake Mott,R,180,AUS,19.721,674,42,6-2 5-7 6-4,3,R16,131,2,6,88,45,29,24,15,3,7,2,11,103,67,42,13,15,7,13
2016-7561,Bangkok,Hard,32,C,,20160110,18,W571,2,,Di Wu,R,173,CHN,24.323,237,218,G820,,,Xin Gao,R,180,CHN,21.665,835,23,6-3 6-3,3,R16,76,3,1,46,23,17,14,9,1,3,3,3,72,42,27,8,9,12,17
2016-7561,Bangkok,Hard,32,C,,20160110,19,K834,,,Blaz Kavcic,R,188,SLO,28.851,151,382,W471,4,,Amir Weintraub,R,185,ISR,29.317,212,238,6-4 6-3,3,R16,77,11,1,47,31,23,14,9,0,0,6,3,66,42,24,14,10,10,13
2016-7561,Bangkok,Hard,32,C,,20160110,20,ME05,,,Marinko Matosevic,R,193,AUS,30.423,296,169,L733,5,,Zhe Li,R,183,CHN,29.306,249,208,6-2 6-2,3,R16,68,2,3,47,30,24,11,8,3,3,1,2,46,29,16,9,8,3,7
2016-7561,Bangkok,Hard,32,C,,20160110,21,C813,6,,Ti Chen,R,178,TPE,32.271,201,248,V505,,,Vishnu Vardhan,R,188,IND,28.457,486,81,6-3 6-1,3,R16,77,1,0,42,34,26,6,8,0,0,7,3,57,28,18,10,8,2,6
2016-7561,Bangkok,Hard,32,C,,20160110,22,GB93,,,Norbert Gombos,R,193,SVK,25.41,138,431,SH37,7,,Marc Sieber,L,178,GER,27.866,602,53,7-6(5) 6-1,3,R16,105,4,2,58,27,20,19,9,0,1,0,7,92,63,37,10,10,6,10
2016-7561,Bangkok,Hard,32,C,,20160110,23,KA46,8,,Yuya Kibi,R,180,JPN,29.467,664,43,N831,,,Jirat Navasirisomboon,R,175,THA,19.146,915,17,6-4 6-0,3,R16,49,1,0,46,35,31,5,8,3,3,0,3,42,29,21,3,8,2,6
2016-7561,Bangkok,Hard,32,C,,20160110,24,LD26,,,Edan Leshem,R,183,ISR,18.812,578,57,GA94,,,Prajnesh Gunneswaran,L,188,IND,26.16,484,81,4-6 6-3 7-5,3,R16,120,5,4,90,54,42,19,16,3,5,8,2,110,75,48,19,15,9,12
2016-7561,Bangkok,Hard,32,C,,20160110,25,SC47,1,,Go Soeda,R,178,JPN,31.346,132,447,C813,6,,Ti Chen,R,178,TPE,32.271,201,248,6-4 6-3,3,QF,95,8,5,59,39,32,8,9,2,3,3,0,72,56,32,9,10,10,14
2016-7561,Bangkok,Hard,32,C,,20160110,26,GB93,,,Norbert Gombos,R,193,SVK,25.41,138,431,W571,2,,Di Wu,R,173,CHN,24.323,237,218,6-2 6-2,3,QF,56,5,2,41,26,22,10,8,0,0,1,0,59,36,23,7,8,6,10
2016-7561,Bangkok,Hard,32,C,,20160110,27,K834,,,Blaz Kavcic,R,188,SLO,28.851,151,382,KA46,8,,Yuya Kibi,R,180,JPN,29.467,664,43,6-2 6-2,3,QF,57,6,0,39,27,19,9,8,0,1,0,1,43,24,11,6,8,1,6
2016-7561,Bangkok,Hard,32,C,,20160110,28,ME05,,,Marinko Matosevic,R,193,AUS,30.423,296,169,LD26,,,Edan Leshem,R,183,ISR,18.812,578,57,6-2 6-0,3,QF,56,4,3,39,23,18,9,7,2,3,3,4,49,29,10,9,7,2,8
2016-7561,Bangkok,Hard,32,C,,20160110,29,SC47,1,,Go Soeda,R,178,JPN,31.346,132,447,ME05,,,Marinko Matosevic,R,193,AUS,30.423,296,169,6-3 6-2,3,SF,76,4,1,68,40,28,15,9,5,6,3,3,45,23,14,10,8,1,5
2016-7561,Bangkok,Hard,32,C,,20160110,30,K834,,,Blaz Kavcic,R,188,SLO,28.851,151,382,GB93,,,Norbert Gombos,R,193,SVK,25.41,138,431,6-4 7-6(2),3,SF,101,4,7,73,43,36,14,11,4,5,5,6,83,47,32,17,11,8,10
2016-7561,Bangkok,Hard,32,C,,20160110,31,K834,,,Blaz Kavcic,R,188,SLO,28.851,151,382,SC47,1,,Go Soeda,R,178,JPN,31.346,132,447,6-0 1-0 RET,3,F,35,5,2,21,13,12,5,4,3,3,0,1,20,13,3,1,3,2,5
2016-7393,Canberra,Hard,32,C,,20160117,1,L503,1,,Paolo Lorenzi,R,183,ITA,34.089,69,725,N679,,,Stefano Napolitano,R,196,ITA,20.769,391,112,6-4 6-4,3,R32,89,11,3,56,29,26,16,10,1,1,0,3,72,40,31,12,10,9,11
2016-7393,Canberra,Hard,32,C,,20160117,2,G725,2,,Santiago Giraldo,R,188,COL,28.14,70,716,SC56,,,Dudi Sela,R,175,ISR,30.787,87,633,6-3 6-3,3,R32,64,4,2,46,28,24,10,9,0,1,0,4,54,29,19,9,9,2,6
2016-7393,Canberra,Hard,32,C,,20160117,3,M915,3,,Daniel Munoz de la Nava,L,175,ESP,33.966,77,693,BD82,,,Sergey Betov,R,185,,28.257,653,45,6-4 6-3,3,R32,86,6,2,54,30,24,11,10,0,2,3,1,61,39,26,7,9,6,10
2016-7393,Canberra,Hard,32,C,,20160117,4,G710,4,,Marcel Granollers,R,191,ESP,29.766,84,645,MM79,,,Blake Mott,R,180,AUS,19.74,675,42,7-6(5) 6-3,3,R32,91,3,1,67,47,34,14,11,2,3,0,2,60,41,25,12,10,1,3
2016-7393,Canberra,Hard,32,C,,20160117,5,D646,5,,Ivan Dodig,R,183,CRO,31.039,90,623,KA22,,,Dayne Kelly,R,,AUS,25.487,460,87,7-6(5) 6-4,3,R32,87,5,3,60,43,36,11,11,0,1,1,3,71,48,36,11,11,3,5
2016-7393,Canberra,Hard,32,C,,20160117,6,SM37,6,,Diego Schwartzman,R,170,ARG,23.42,89,624,P09Z,,,Alexei Popyrin,R,196,AUS,16.452,,,6-3 6-2,3,R32,57,1,2,48,28,22,12,8,2,3,4,6,57,29,18,9,9,2,7
2016-7393,Canberra,Hard,32,C,,20160117,7,D864,7,,Evgeny Donskoy,R,185,RUS,25.692,94,611,N763,,,Daniel Nolan,R,175,AUS,18.85,1484,3,6-1 6-1,3,R32,47,7,2,38,22,19,8,7,4,5,1,3,36,22,4,6,7,1,7
2016-7393,Canberra,Hard,32,C,,20160117,8,HB64,,,Quentin Halys,R,191,FRA,19.225,197,260,DA81,8,,Taro Daniel,R,191,JPN,22.971,97,603,4-6 7-5 7-6(5),3,R32,170,16,10,127,73,57,21,17,10,13,5,5,119,73,52,24,17,7,10
2016-7393,Canberra,Hard,32,C,,20160117,9,BH87,,,Maverick Banes,R,,AUS,23.77,395,112,TE51,,,Stefanos Tsitsipas,R,193,GRE,17.432,574,57,6-3 6-4,3,R32,94,2,0,66,41,27,14,10,4,6,7,5,82,41,25,17,9,5,9
2016-7393,Canberra,Hard,32,C,,20160117,10,G820,,,Xin Gao,R,180,CHN,21.684,833,23,E757,,,Hiroyasu Ehara,,,JPN,24.583,379,116,6-1 6-2,3,R32,47,4,0,34,22,18,10,7,0,0,1,4,44,32,14,4,8,0,5
2016-7393,Canberra,Hard,32,C,,20160117,11,G676,,,Daniel Gimeno-Traver,R,183,ESP,30.445,99,590,E690,,,Matthew Ebden,R,188,AUS,28.142,105,557,6-2 6-7(5) 6-1,3,R32,111,6,3,80,50,39,19,14,3,4,4,14,97,51,34,18,13,8,13
2016-7393,Canberra,Hard,32,C,,20160117,12,M747,,,Frank Moser,R,196,GER,39.316,1742,1,DB34,,,Steven De Waard,R,180,AUS,24.704,1162,8,6-4 6-3,3,R32,75,3,1,57,30,24,17,10,3,4,3,4,66,40,21,14,9,4,7
2016-7393,Canberra,Hard,32,C,,20160117,13,N732,,,Yoshihito Nishioka,L,170,JPN,20.307,116,500,CD94,,,Jarryd Chaplin,R,183,AUS,23.762,953,15,3-6 6-1 6-4,3,R32,89,1,2,67,46,34,12,13,1,3,13,10,76,39,34,12,13,3,7
2016-7393,Canberra,Hard,32,C,,20160117,14,PH71,,,Max Purcell,R,185,AUS,17.791,1453,3,HE18,,,Daniel Hobart,L,183,AUS,17.856,1030,11,6-1 6-4,3,R32,52,9,3,52,30,27,11,9,5,5,10,7,53,33,24,6,8,4,7
2016-7393,Canberra,Hard,32,C,,20160117,15,RC96,,,Noah Rubin,R,175,USA,19.904,335,138,DH58,,,Alex de Minaur,R,183,AUS,16.914,1574,2,6-7(0) 6-2 6-4,3,R32,128,6,8,91,61,48,13,15,1,2,3,3,107,59,43,22,15,9,13
2016-7393,Canberra,Hard,32,C,,20160117,16,W630,,,Andrew Whittington,R,188,AUS,22.434,476,83,BG23,,,Nikoloz Basilashvili,R,185,GEO,23.899,117,493,7-5 6-7(1) 6-2,3,R32,137,11,6,110,62,49,20,16,5,7,4,9,103,50,31,30,16,6,11
2016-7393,Canberra,Hard,32,C,,20160117,17,L503,1,,Paolo Lorenzi,R,183,ITA,34.089,69,725,N732,,,Yoshihito Nishioka,L,170,JPN,20.307,116,500,7-5 6-1,3,R16,80,9,2,50,19,17,16,9,4,6,1,1,59,37,19,8,10,3,9
2016-7393,Canberra,Hard,32,C,,20160117,18,G725,2,,Santiago Giraldo,R,188,COL,28.14,70,716,PH71,,,Max Purcell,R,185,AUS,17.791,1453,3,6-2 6-7(5) 6-3,3,R16,117,9,2,92,57,46,20,15,5,6,8,6,93,43,33,23,14,7,11
2016-7393,Canberra,Hard,32,C,,20160117,19,M915,3,,Daniel Munoz de la Nava,L,175,ESP,33.966,77,693,G820,,,Xin Gao,R,180,CHN,21.684,833,23,7-6(3) 6-3,3,R16,86,3,2,62,38,28,19,11,0,1,8,4,64,38,27,13,10,2,4
2016-7393,Canberra,Hard,32,C,,20160117,20,G710,4,,Marcel Granollers,R,191,ESP,29.766,84,645,BH87,,,Maverick Banes,R,,AUS,23.77,395,112,6-4 6-3,3,R16,80,7,2,49,36,26,8,9,0,1,0,3,63,33,21,14,10,4,8
2016-7393,Canberra,Hard,32,C,,20160117,21,D646,5,,Ivan Dodig,R,183,CRO,31.039,90,623,G676,,,Daniel Gimeno-Traver,R,183,ESP,30.445,99,590,6-3 6-2,3,R16,65,6,3,47,33,27,7,9,1,2,1,3,44,20,12,12,8,1,5
2016-7393,Canberra,Hard,32,C,,20160117,22,SM37,6,,Diego Schwartzman,R,170,ARG,23.42,89,624,M747,,,Frank Moser,R,196,GER,39.316,1742,1,6-4 7-6(4),3,R16,83,3,8,60,31,23,16,11,1,4,3,1,72,38,23,18,11,5,9
2016-7393,Canberra,Hard,32,C,,20160117,23,D864,7,,Evgeny Donskoy,R,185,RUS,25.692,94,611,RC96,,,Noah Rubin,R,175,USA,19.904,335,138,1-6 6-2 6-0,3,R16,80,5,2,71,44,33,10,10,2,4,2,4,69,38,22,15,11,3,8
2016-7393,Canberra,Hard,32,C,,20160117,24,HB64,,,Quentin Halys,R,191,FRA,19.225,197,260,W630,,,Andrew Whittington,R,188,AUS,22.434,476,83,3-6 7-6(5) 6-4,3,R16,142,8,11,123,75,53,23,15,5,8,5,4,103,63,49,19,16,8,11
2016-7393,Canberra,Hard,32,C,,20160117,25,L503,1,,Paolo Lorenzi,R,183,ITA,34.089,69,725,D864,7,,Evgeny Donskoy,R,185,RUS,25.692,94,611,6-4 6-1,3,QF,84,5,3,58,28,21,18,8,6,6,2,0,60,32,21,11,9,4,8
2016-7393,Canberra,Hard,32,C,,20160117,26,D646,5,,Ivan Dodig,R,183,CRO,31.039,90,623,G725,2,,Santiago Giraldo,R,188,COL,28.14,70,716,7-6(1) 6-3,3,QF,89,10,2,57,40,29,10,10,1,3,2,0,67,49,29,9,11,2,6
2016-7393,Canberra,Hard,32,C,,20160117,27,M915,3,,Daniel Munoz de la Nava,L,175,ESP,33.966,77,693,SM37,6,,Diego Schwartzman,R,170,ARG,23.42,89,624,6-4 RET,3,QF,40,3,1,29,15,12,7,5,1,2,2,2,27,14,8,7,5,0,2
2016-7393,Canberra,Hard,32,C,,20160117,28,G710,4,,Marcel Granollers,R,191,ESP,29.766,84,645,HB64,,,Quentin Halys,R,191,FRA,19.225,197,260,6-3 RET,3,QF,34,1,0,21,15,14,4,4,0,0,2,1,27,18,9,5,5,2,4
2016-7393,Canberra,Hard,32,C,,20160117,29,L503,1,,Paolo Lorenzi,R,183,ITA,34.089,69,725,G710,4,,Marcel Granollers,R,191,ESP,29.766,84,645,7-5 6-7(0) 7-5,3,SF,177,9,4,103,69,48,17,18,3,8,4,6,125,90,51,18,18,3,10
2016-7393,Canberra,Hard,32,C,,20160117,30,D646,5,,Ivan Dodig,R,183,CRO,31.039,90,623,M915,3,,Daniel Munoz de la Nava,L,175,ESP,33.966,77,693,6-1 6-3,3,SF,71,6,1,46,33,26,8,8,1,1,1,1,49,27,15,11,8,4,8
2016-7393,Canberra,Hard,32,C,,20160117,31,L503,1,,Paolo Lorenzi,R,183,ITA,34.089,69,725,D646,5,,Ivan Dodig,R,183,CRO,31.039,90,623,6-2 6-4,3,F,79,2,1,52,33,25,9,9,2,4,6,2,62,36,21,10,9,6,11
2016-7395,Buenos Aires,Clay,32,C,,20160117,1,Z184,1,,Horacio Zeballos,L,188,ARG,30.724,124,475,U182,,,Camilo Ugo Carabelli,R,185,ARG,16.586,,,6-1 6-3,3,R32,64,2,3,40,24,21,12,8,1,1,2,0,50,34,17,7,8,1,5
2016-7395,Buenos Aires,Clay,32,C,,20160117,2,BF23,2,,Facundo Bagnis,L,183,ARG,25.886,130,458,L941,,,Michael Linzer,R,180,AUT,26.207,272,194,7-6(1) 6-2,3,R32,119,2,2,66,35,28,18,10,2,3,5,6,87,51,33,13,10,13,16
2016-7395,Buenos Aires,Clay,32,C,,20160117,3,MJ08,4,,Thiago Monteiro,L,183,BRA,21.632,405,107,MI11,,,Axel Michon,L,,FRA,25.087,221,236,7-6(3) 2-6 7-6(12),3,R32,202,8,5,144,87,55,24,16,9,13,4,6,145,86,51,31,16,11,13
2016-7395,Buenos Aires,Clay,32,C,,20160117,4,O376,5,,Renzo Olivo,R,178,ARG,23.841,174,296,LB84,,,Juan Ignacio Londero,R,180,ARG,22.423,286,175,1-6 6-4 6-4,3,R32,121,4,1,86,53,31,22,14,7,11,1,1,92,59,39,16,13,7,10
2016-7395,Buenos Aires,Clay,32,C,,20160117,5,SC73,6,,Rogerio Dutra Silva,R,178,BRA,31.948,126,473,LC58,,,Tomas Lipovsek Puches,R,183,ARG,22.752,330,143,6-1 6-3,3,R32,79,2,2,52,26,20,14,8,3,5,0,4,63,37,16,9,8,6,12
2016-7395,Buenos Aires,Clay,32,C,,20160117,6,MD56,7,,Leonardo Mayer,R,191,ARG,28.676,35,1150,H999,,,Gabriel Alejandro Hidalgo,,,ARG,25.448,810,25,6-3 6-1,3,R32,68,4,3,50,30,24,9,8,2,3,0,3,52,30,17,9,8,2,7
2016-7395,Buenos Aires,Clay,32,C,,20160117,7,A887,8,,Guido Andreozzi,R,183,ARG,24.452,253,212,A941,,,Facundo Arguello,R,178,ARG,23.452,138,431,6-2 4-6 6-4,3,R32,129,0,2,78,55,40,16,14,2,3,7,0,95,58,37,22,14,8,11
2016-7395,Buenos Aires,Clay,32,C,,20160117,8,CC66,,,Andrea Collarini,L,183,ARG,23.962,452,91,RH16,,,Casper Ruud,R,183,NOR,17.07,1140,8,3-6 6-2 6-2,3,R32,111,2,2,70,48,36,12,12,0,1,2,9,89,55,36,16,13,7,11
2016-7395,Buenos Aires,Clay,32,C,,20160117,9,G585,,,Maximo Gonzalez,R,173,ARG,32.496,147,404,E708,,,Maximiliano Estevez,L,191,ARG,26.667,352,129,6-4 6-2,3,R32,78,5,2,51,37,25,7,9,2,4,4,3,58,42,23,5,9,4,9
2016-7395,Buenos Aires,Clay,32,C,,20160117,10,H896,,,Jose Hernandez-Fernandez,R,183,DOM,25.848,256,210,KE69,,,Mariano Kestelboim,R,185,ARG,19.945,676,42,2-6 6-2 6-3,3,R32,115,3,1,85,73,43,7,13,4,7,1,4,78,53,35,10,12,6,10
2016-7395,Buenos Aires,Clay,32,C,,20160117,11,KC29,,,Nicolas Kicker,R,178,ARG,23.42,180,281,SN44,,,Bruno Santanna,R,178,BRA,22.516,855,21,6-4 7-6(4),3,R32,102,4,2,68,43,32,15,11,2,4,9,4,84,46,26,23,11,8,11
2016-7395,Buenos Aires,Clay,32,C,,20160117,12,MJ98,,,Facundo Mena,R,183,ARG,23.318,339,136,SL94,,,Pedro Sakamoto,R,178,BRA,22.552,502,74,4-6 6-4 6-3,3,R32,131,13,3,93,59,40,15,15,6,11,1,2,105,69,37,19,14,11,17
2016-7395,Buenos Aires,Clay,32,C,,20160117,13,MU94,,,Jaume Munar,R,183,ESP,18.702,443,95,SG56,,,Daniel Dutra da Silva,L,,BRA,27.535,498,75,6-4 6-3,3,R32,87,8,4,68,48,34,7,10,1,3,0,4,51,31,19,9,9,3,7
2016-7395,Buenos Aires,Clay,32,C,,20160117,14,PG69,,,Juan Pablo Paz,R,173,ARG,21.035,441,97,SK69,,,Joao Pedro Sorgi,R,188,BRA,22.248,715,36,6-3 4-6 6-1,3,R32,108,6,3,85,53,40,17,13,7,8,2,2,79,49,29,19,13,5,9
2016-7395,Buenos Aires,Clay,32,C,,20160117,15,S483,,,Pedro Sousa,R,180,POR,27.641,785,27,Z363,,,Marcelo Zormann,R,180,BRA,19.603,549,61,6-1 6-4,3,R32,70,3,3,52,36,26,9,8,2,3,1,3,65,38,21,10,9,6,11
2016-7395,Buenos Aires,Clay,32,C,,20160117,16,V620,,,Agustin Velotti,R,,ARG,23.65,451,92,CE77,,,Federico Coria,R,180,ARG,23.858,393,112,5-7 7-6(6) 6-1,3,R32,167,5,5,116,52,43,27,16,7,11,1,4,107,77,48,14,15,8,13
2016-7395,Buenos Aires,Clay,32,C,,20160117,17,Z184,1,,Horacio Zeballos,L,188,ARG,30.724,124,475,V620,,,Agustin Velotti,R,,ARG,23.65,451,92,7-6(2) 3-6 6-3,3,R16,152,8,2,93,48,33,24,15,5,9,6,2,112,69,44,20,15,5,9
2016-7395,Buenos Aires,Clay,32,C,,20160117,18,H896,,,Jose Hernandez-Fernandez,R,183,DOM,25.848,256,210,BF23,2,,Facundo Bagnis,L,183,ARG,25.886,130,458,1-6 7-6(2) 6-4,3,R16,158,1,3,91,71,42,11,14,2,7,2,9,125,75,50,20,15,10,14
2016-7395,Buenos Aires,Clay,32,C,,20160117,19,MJ08,4,,Thiago Monteiro,L,183,BRA,21.632,405,107,G585,,,Maximo Gonzalez,R,173,ARG,32.496,147,404,4-6 6-3 6-2,3,R16,131,2,0,94,50,31,24,14,7,11,2,2,84,52,26,16,13,4,10
2016-7395,Buenos Aires,Clay,32,C,,20160117,20,O376,5,,Renzo Olivo,R,178,ARG,23.841,174,296,CC66,,,Andrea Collarini,L,183,ARG,23.962,452,91,6-2 6-1,3,R16,62,0,0,43,27,23,10,8,1,1,0,6,54,35,22,5,7,8,12
2016-7395,Buenos Aires,Clay,32,C,,20160117,21,SC73,6,,Rogerio Dutra Silva,R,178,BRA,31.948,126,473,KC29,,,Nicolas Kicker,R,178,ARG,23.42,180,281,6-1 6-7(2) 6-3,3,R16,148,9,1,89,52,38,24,15,3,4,3,3,92,58,35,21,13,8,12
2016-7395,Buenos Aires,Clay,32,C,,20160117,22,MD56,7,,Leonardo Mayer,R,191,ARG,28.676,35,1150,MJ98,,,Facundo Mena,R,183,ARG,23.318,339,136,6-3 4-6 6-4,3,R16,111,6,2,92,65,44,20,15,6,7,3,1,77,42,36,19,14,3,5
2016-7395,Buenos Aires,Clay,32,C,,20160117,23,MU94,,,Jaume Munar,R,183,ESP,18.702,443,95,A887,8,,Guido Andreozzi,R,183,ARG,24.452,253,212,6-3 7-6(1),3,R16,119,7,1,86,43,32,20,11,6,8,2,1,71,45,28,12,10,7,10
2016-7395,Buenos Aires,Clay,32,C,,20160117,24,S483,,,Pedro Sousa,R,180,POR,27.641,785,27,PG69,,,Juan Pablo Paz,R,173,ARG,21.035,441,97,7-5 7-5,3,R16,94,1,3,82,70,42,7,12,5,8,2,1,72,43,27,12,12,6,11
2016-7395,Buenos Aires,Clay,32,C,,20160117,25,SC73,6,,Rogerio Dutra Silva,R,178,BRA,31.948,126,473,Z184,1,,Horacio Zeballos,L,188,ARG,30.724,124,475,6-3 7-6(6),3,QF,89,5,1,56,21,19,22,10,0,1,6,3,75,41,29,16,11,3,6
2016-7395,Buenos Aires,Clay,32,C,,20160117,26,MD56,7,,Leonardo Mayer,R,191,ARG,28.676,35,1150,MJ08,4,,Thiago Monteiro,L,183,BRA,21.632,405,107,6-2 6-3,3,QF,84,5,1,48,33,25,8,8,3,4,0,0,69,43,23,11,9,5,10
2016-7395,Buenos Aires,Clay,32,C,,20160117,27,O376,5,,Renzo Olivo,R,178,ARG,23.841,174,296,S483,,,Pedro Sousa,R,180,POR,27.641,785,27,6-2 6-3,3,QF,61,3,4,46,25,20,14,8,0,0,3,1,51,34,21,7,9,2,6
2016-7395,Buenos Aires,Clay,32,C,,20160117,28,H896,,,Jose Hernandez-Fernandez,R,183,DOM,25.848,256,210,MU94,,,Jaume Munar,R,183,ESP,18.702,443,95,5-7 7-5 6-2,3,QF,129,1,2,90,73,52,11,16,0,2,9,5,106,47,33,28,16,6,10
2016-7395,Buenos Aires,Clay,32,C,,20160117,29,O376,5,,Renzo Olivo,R,178,ARG,23.841,174,296,H896,,,Jose Hernandez-Fernandez,R,183,DOM,25.848,256,210,5-7 7-5 6-2,3,SF,134,2,3,108,62,40,20,16,9,15,3,1,88,71,42,4,16,4,12
2016-7395,Buenos Aires,Clay,32,C,,20160117,30,MD56,7,,Leonardo Mayer,R,191,ARG,28.676,35,1150,SC73,6,,Rogerio Dutra Silva,R,178,BRA,31.948,126,473,6-3 7-6(4),3,SF,93,1,2,74,48,38,13,11,0,0,4,1,65,43,33,11,10,1,2
2016-7395,Buenos Aires,Clay,32,C,,20160117,31,O376,5,,Renzo Olivo,R,178,ARG,23.841,174,296,MD56,7,,Leonardo Mayer,R,191,ARG,28.676,35,1150,2-6 7-6(3) 7-6(3),3,F,152,0,6,125,76,46,21,16,8,14,3,6,98,60,44,18,16,3,7
2016-7440,Buenos Aires,Clay,32,C,,20160117,1,SC73,2,,Rogerio Dutra Silva,R,178,BRA,31.948,126,473,Z366,,,Matias Zukas,R,183,ARG,19.704,658,44,6-1 6-2,3,R32,62,2,1,39,22,20,13,8,3,3,0,1,49,38,18,5,7,3,7
2016-7440,Buenos Aires,Clay,32,C,,20160117,2,CF59,3,,Roberto Carballes Baena,R,183,ESP,22.82,125,474,A853,,,Marcelo Arevalo,R,191,ESA,25.251,283,181,7-6(5) 6-1,3,R32,104,1,2,71,48,31,15,10,1,3,4,3,68,36,20,18,9,7,11
2016-7440,Buenos Aires,Clay,32,C,,20160117,3,A941,4,,Facundo Arguello,R,178,ARG,23.452,138,431,AA27,,,Franco Agamenone,R,191,ITA,22.757,643,47,6-3 6-0,3,R32,62,0,0,46,30,18,11,7,2,3,1,5,45,28,13,6,8,4,10
2016-7440,Buenos Aires,Clay,32,C,,20160117,4,BF23,5,,Facundo Bagnis,L,183,ARG,25.886,130,458,ME56,,,Andres Molteni,R,180,ARG,27.841,577,57,6-0 6-3,3,R32,71,4,7,46,22,17,11,8,3,5,3,6,67,35,20,9,7,9,15
2016-7440,Buenos Aires,Clay,32,C,,20160117,5,SG64,6,,Joao Souza,R,193,BRA,27.641,148,402,CC32,,,Guilherme Clezar,R,180,BRA,23.044,183,275,6-3 6-4,3,R32,93,5,1,71,47,38,10,10,8,8,1,2,45,18,13,18,9,2,4
2016-7440,Buenos Aires,Clay,32,C,,20160117,6,BH02,,,Sekou Bangoura,R,183,USA,24.164,294,170,MF35,7,,Andrej Martin,R,183,SVK,26.324,146,406,6-1 6-2,3,R32,66,0,0,41,32,25,7,8,0,0,0,3,47,25,14,8,7,2,6
2016-7440,Buenos Aires,Clay,32,C,,20160117,7,G585,8,,Maximo Gonzalez,R,173,ARG,32.496,147,404,E678,,,Jonathan Eysseric,L,180,FRA,25.643,255,210,6-4 6-3,3,R32,70,1,0,51,37,28,8,10,0,2,2,2,59,32,24,6,9,6,10
2016-7440,Buenos Aires,Clay,32,C,,20160117,8,A887,,,Guido Andreozzi,R,183,ARG,24.452,253,212,V620,,,Agustin Velotti,R,,ARG,23.65,451,92,6-2 5-7 6-1,3,R32,127,1,4,88,54,39,18,14,5,7,3,4,87,41,22,24,13,7,12
2016-7440,Buenos Aires,Clay,32,C,,20160117,9,D981,,,Arthur De Greef,R,183,BEL,23.808,270,195,LA94,,,Christian Lindell,R,193,SWE,24.159,216,237,6-2 6-3,3,R32,71,1,3,39,19,15,14,8,0,1,4,1,51,32,20,4,9,2,7
2016-7440,Buenos Aires,Clay,32,C,,20160117,10,HB35,,,Maxime Hamou,R,185,FRA,20.611,332,140,MJ89,,,Gianni Mina,R,188,FRA,23.937,534,65,6-2 6-2,3,R32,79,4,6,57,36,28,6,8,6,8,1,2,56,32,15,8,8,2,8
2016-7440,Buenos Aires,Clay,32,C,,20160117,11,H896,,,Jose Hernandez-Fernandez,R,183,DOM,25.848,256,210,CC98,,,Martin Cuevas,R,191,URU,24.008,582,56,7-5 6-4,3,R32,83,1,3,71,45,30,15,11,4,6,2,0,69,40,24,14,11,5,9
2016-7440,Buenos Aires,Clay,32,C,,20160117,12,KC29,,,Nicolas Kicker,R,178,ARG,23.42,180,281,CG07,,,Hernan Casanova,R,178,ARG,21.944,360,126,3-6 6-3 6-2,3,R32,122,2,3,79,51,35,12,13,6,10,0,0,92,71,41,7,13,6,12
2016-7440,Buenos Aires,Clay,32,C,,20160117,13,LC58,,,Tomas Lipovsek Puches,R,183,ARG,22.752,330,143,RH59,,,Santiago Rodriguez Taverna,R,191,ARG,16.507,902,18,6-2 6-3,3,R32,81,1,3,67,50,29,8,9,3,6,0,8,54,25,13,10,8,3,9
2016-7440,Buenos Aires,Clay,32,C,,20160117,14,MI43,,,Gerald Melzer,L,188,AUT,25.514,144,408,CG04,,,Pedro Cachin,R,185,ARG,20.767,237,222,7-6(6) 2-6 6-2,3,R32,132,2,2,97,64,46,17,14,4,6,7,2,91,48,36,28,14,6,8
2016-7440,Buenos Aires,Clay,32,C,,20160117,15,MI11,,,Axel Michon,L,,FRA,25.087,221,236,R383,,,Ruben Ramirez Hidalgo,R,183,ESP,38.029,262,206,6-3 6-4,3,R32,98,2,1,65,42,31,6,10,1,4,2,7,67,26,13,18,9,7,12
2016-7440,Buenos Aires,Clay,32,C,,20160117,16,T911,,,Peter Torebko,R,185,GER,27.934,388,113,E708,,,Maximiliano Estevez,L,191,ARG,26.667,352,129,6-4 6-4,3,R32,81,1,2,51,39,29,7,10,2,4,2,1,62,44,21,12,10,5,9
2016-7440,Buenos Aires,Clay,32,C,,20160117,17,SC73,2,,Rogerio Dutra Silva,R,178,BRA,31.948,126,473,LC58,,,Tomas Lipovsek Puches,R,183,ARG,22.752,330,143,4-6 6-1 6-2,3,R16,106,3,0,73,52,36,15,13,2,4,0,3,73,46,27,12,12,4,9
2016-7440,Buenos Aires,Clay,32,C,,20160117,18,D981,,,Arthur De Greef,R,183,BEL,23.808,270,195,CF59,3,,Roberto Carballes Baena,R,183,ESP,22.82,125,474,1-6 6-3 7-5,3,R16,131,3,4,87,38,23,29,14,1,4,2,1,91,70,48,9,14,2,5
2016-7440,Buenos Aires,Clay,32,C,,20160117,19,A887,,,Guido Andreozzi,R,183,ARG,24.452,253,212,A941,4,,Facundo Arguello,R,178,ARG,23.452,138,431,7-5 6-2,3,R16,94,0,2,55,39,22,12,10,4,7,0,2,70,42,24,8,10,3,9
2016-7440,Buenos Aires,Clay,32,C,,20160117,20,BF23,5,,Facundo Bagnis,L,183,ARG,25.886,130,458,H896,,,Jose Hernandez-Fernandez,R,183,DOM,25.848,256,210,6-3 6-2,3,R16,75,4,11,63,31,25,14,9,3,4,0,3,41,27,16,5,8,1,5
2016-7440,Buenos Aires,Clay,32,C,,20160117,21,HB35,,,Maxime Hamou,R,185,FRA,20.611,332,140,SG64,6,,Joao Souza,R,193,BRA,27.641,148,402,6-7(4) 6-4 6-2,3,R16,151,2,1,93,67,52,17,15,2,2,9,6,119,72,47,24,15,7,10
2016-7440,Buenos Aires,Clay,32,C,,20160117,22,G585,8,,Maximo Gonzalez,R,173,ARG,32.496,147,404,MI11,,,Axel Michon,L,,FRA,25.087,221,236,6-2 6-4,3,R16,76,1,2,50,27,21,12,9,0,2,0,3,51,28,13,11,9,2,7
2016-7440,Buenos Aires,Clay,32,C,,20160117,23,KC29,,,Nicolas Kicker,R,178,ARG,23.42,180,281,T911,,,Peter Torebko,R,185,GER,27.934,388,113,6-2 6-3,3,R16,73,1,2,49,32,22,11,9,1,3,2,3,57,39,21,6,8,5,10
2016-7440,Buenos Aires,Clay,32,C,,20160117,24,MI43,,,Gerald Melzer,L,188,AUT,25.514,144,408,BH02,,,Sekou Bangoura,R,183,USA,24.164,294,170,6-4 6-2,3,R16,100,0,3,64,40,25,11,9,4,7,3,4,68,43,23,7,9,8,14
2016-7440,Buenos Aires,Clay,32,C,,20160117,25,SC73,2,,Rogerio Dutra Silva,R,178,BRA,31.948,126,473,MI43,,,Gerald Melzer,L,188,AUT,25.514,144,408,6-1 6-7(3) 6-2,3,QF,135,2,1,81,39,26,27,13,5,7,3,1,92,66,37,11,14,6,13
2016-7440,Buenos Aires,Clay,32,C,,20160117,26,BF23,5,,Facundo Bagnis,L,183,ARG,25.886,130,458,A887,,,Guido Andreozzi,R,183,ARG,24.452,253,212,6-3 3-6 7-5,3,QF,160,7,6,94,48,33,22,15,6,10,4,8,115,72,47,17,15,7,12
2016-7440,Buenos Aires,Clay,32,C,,20160117,27,D981,,,Arthur De Greef,R,183,BEL,23.808,270,195,G585,8,,Maximo Gonzalez,R,173,ARG,32.496,147,404,6-3 7-5,3,QF,120,5,2,83,46,31,15,11,5,8,0,6,77,47,29,9,10,3,8
2016-7440,Buenos Aires,Clay,32,C,,20160117,28,KC29,,,Nicolas Kicker,R,178,ARG,23.42,180,281,HB35,,,Maxime Hamou,R,185,FRA,20.611,332,140,6-4 6-2,3,QF,85,2,2,66,45,33,11,9,11,12,2,2,70,46,30,7,9,5,9
2016-7440,Buenos Aires,Clay,32,C,,20160117,29,BF23,5,,Facundo Bagnis,L,183,ARG,25.886,130,458,SC73,2,,Rogerio Dutra Silva,R,178,BRA,31.948,126,473,3-6 6-2 6-2,3,SF,107,2,3,67,36,27,19,13,3,6,1,5,85,42,28,17,12,8,13
2016-7440,Buenos Aires,Clay,32,C,,20160117,30,D981,,,Arthur De Greef,R,183,BEL,23.808,270,195,KC29,,,Nicolas Kicker,R,178,ARG,23.42,180,281,7-6(4) 6-3,3,SF,115,4,6,82,47,30,18,11,8,11,1,2,68,39,24,12,10,2,6
2016-7440,Buenos Aires,Clay,32,C,,20160117,31,BF23,5,,Facundo Bagnis,L,183,ARG,25.886,130,458,D981,,,Arthur De Greef,R,183,BEL,23.808,270,195,6-3 6-2,3,F,64,6,3,54,34,27,10,9,1,2,2,1,50,31,15,10,8,3,7
2016-7442,Manila,Hard,32,C,,20160124,1,V495,1,,Luca Vanni,R,198,ITA,30.639,105,560,SN54,,,Frederico Ferreira Silva,L,178,POR,20.854,272,194,6-3 6-2,3,R32,72,11,1,58,41,32,8,9,2,2,0,2,52,35,26,3,8,6,9
2016-7442,Manila,Hard,32,C,,20160124,2,Y061,2,,Mikhail Youzhny,R,183,RUS,33.582,84,645,J380,,,Jason Jung,R,180,TPE,26.609,221,235,6-2 7-6(5),3,R32,111,12,1,75,45,34,15,10,3,4,2,3,81,43,32,13,10,2,5
2016-7442,Manila,Hard,32,C,,20160124,3,L797,3,,Lukas Lacko,R,188,SVK,28.225,111,534,W373,,,Jimmy Wang,R,180,TPE,30.957,360,124,6-3 6-3,3,R32,69,12,1,46,31,27,10,9,1,1,1,2,68,42,23,14,9,8,11
2016-7442,Manila,Hard,32,C,,20160124,4,SC47,4,,Go Soeda,R,178,JPN,31.384,120,490,MJ01,,,Roberto Marcora,R,193,ITA,26.401,244,218,7-6(4) 6-1,3,R32,81,3,3,70,45,32,14,10,8,10,2,3,63,36,22,12,9,1,5
2016-7442,Manila,Hard,32,C,,20160124,5,CG33,5,,Kimmer Coppejans,R,178,BEL,21.96,128,469,PG17,,,Jeson Patrombon,R,,PHI,22.828,1112,9,6-2 6-2,3,R32,71,2,1,44,31,24,9,8,1,1,1,1,69,39,25,10,8,8,12
2016-7442,Manila,Hard,32,C,,20160124,6,F586,6,,Thomas Fabbiano,R,173,ITA,26.664,145,411,MF09,,,Nikola Mektic,R,183,CRO,27.083,361,124,6-3 6-7(9) 6-3,3,R32,123,3,0,101,79,58,15,16,2,3,10,2,89,64,48,10,14,5,8
2016-7442,Manila,Hard,32,C,,20160124,7,SF36,7,,Igor Sijsling,R,191,NED,28.435,150,395,G810,,,Ruben Gonzales,R,,PHI,30.368,1401,3,6-2 6-2,3,R32,41,8,0,37,29,26,6,8,0,0,6,0,40,28,14,5,8,0,4
2016-7442,Manila,Hard,32,C,,20160124,8,RB60,,,Oriol Roca Batalla,R,175,ESP,22.735,246,217,D616,8,,Somdev Devvarman,R,180,IND,30.943,173,296,7-5 6-7(0) 7-6(4),3,R32,179,6,1,135,76,57,34,18,10,10,19,2,117,75,59,26,18,5,6
2016-7442,Manila,Hard,32,C,,20160124,9,C582,,,Marco Chiudinelli,R,185,SUI,34.371,252,214,PA97,,,Vijay Sundar Prashanth,R,178,IND,29.243,421,103,6-7(1) 6-4 6-4,3,R32,132,12,1,86,56,46,20,16,2,2,9,6,101,56,47,23,16,3,5
2016-7442,Manila,Hard,32,C,,20160124,10,GB53,,,Federico Gaio,R,178,ITA,23.888,257,210,KD70,,,Pedja Krstin,R,183,SRB,21.391,255,212,2-6 6-4 4-0 RET,3,R32,104,4,6,71,32,24,21,11,5,7,6,8,75,42,30,16,11,3,6
2016-7442,Manila,Hard,32,C,,20160124,11,G753,,,David Guez,R,185,FRA,33.128,175,295,L0A0,,,Alberto Lim,,,PHI,16.693,,,6-4 6-0,3,R32,57,5,0,44,34,24,6,8,1,2,3,0,49,33,14,7,8,3,8
2016-7442,Manila,Hard,32,C,,20160124,12,L733,,,Zhe Li,R,183,CHN,29.344,260,208,GA79,,,Lorenzo Giustino,R,180,ITA,24.372,262,206,6-3 3-6 6-4,3,R32,119,4,2,74,52,40,10,14,5,8,9,2,88,48,35,15,14,7,11
2016-7442,Manila,Hard,32,C,,20160124,13,MG08,,,Yannick Mertens,R,185,BEL,28.583,201,256,GC89,,,Egor Gerasimov,R,196,BLR,23.201,180,281,5-7 6-2 6-4,3,R32,100,1,4,100,64,49,19,15,7,8,4,4,94,55,37,24,15,2,5
2016-7442,Manila,Hard,32,C,,20160124,14,MI01,,,Hiroki Moriya,R,168,JPN,25.273,190,268,LE01,,,Duckhee Lee,R,170,KOR,17.656,231,230,6-4 6-7(10) 6-2,3,R32,145,6,5,111,58,42,27,15,5,7,1,1,111,86,52,13,15,6,11
2016-7442,Manila,Hard,32,C,,20160124,15,N437,,,Gianluca Naso,R,193,ITA,29.049,222,235,N390,,,Frederik Nielsen,R,188,DEN,32.411,378,118,6-3 7-6(3),3,R32,89,8,8,92,50,40,20,11,3,3,6,1,56,28,25,15,10,1,2
2016-7442,Manila,Hard,32,C,,20160124,16,W471,,,Amir Weintraub,R,185,ISR,29.355,207,246,AA19,,,Francis Casey Alcantara,R,175,PHI,23.97,1270,5,6-1 6-3,3,R32,47,5,1,40,32,28,5,8,0,0,5,6,47,19,14,9,8,1,5
2016-7442,Manila,Hard,32,C,,20160124,17,C582,,,Marco Chiudinelli,R,185,SUI,34.371,252,214,V495,1,,Luca Vanni,R,198,ITA,30.639,105,560,6-3 1-6 6-4,3,R16,121,1,1,81,55,34,17,13,5,8,8,4,74,42,34,12,13,0,3
2016-7442,Manila,Hard,32,C,,20160124,18,Y061,2,,Mikhail Youzhny,R,183,RUS,33.582,84,645,MG08,,,Yannick Mertens,R,185,BEL,28.583,201,256,6-3 6-4,3,R16,67,2,1,49,28,25,13,10,0,1,1,2,53,33,20,11,9,4,7
2016-7442,Manila,Hard,32,C,,20160124,19,L797,3,,Lukas Lacko,R,188,SVK,28.225,111,534,GB53,,,Federico Gaio,R,178,ITA,23.888,257,210,6-1 3-6 6-1,3,R16,88,8,0,70,45,33,16,12,2,3,3,3,72,47,31,11,11,3,7
2016-7442,Manila,Hard,32,C,,20160124,20,SC47,4,,Go Soeda,R,178,JPN,31.384,120,490,MI01,,,Hiroki Moriya,R,168,JPN,25.273,190,268,6-4 1-6 6-3,3,R16,98,2,0,71,43,33,17,13,1,4,1,1,74,46,35,11,13,5,8
2016-7442,Manila,Hard,32,C,,20160124,21,N437,,,Gianluca Naso,R,193,ITA,29.049,222,235,CG33,5,,Kimmer Coppejans,R,178,BEL,21.96,128,469,6-3 7-6(4),3,R16,88,11,0,76,39,31,22,11,5,5,3,3,58,39,32,9,10,2,3
2016-7442,Manila,Hard,32,C,,20160124,22,G753,,,David Guez,R,185,FRA,33.128,175,295,F586,6,,Thomas Fabbiano,R,173,ITA,26.664,145,411,6-1 3-6 6-3,3,R16,120,1,0,80,53,36,17,13,7,9,0,0,74,57,35,10,12,3,7
2016-7442,Manila,Hard,32,C,,20160124,23,SF36,7,,Igor Sijsling,R,191,NED,28.435,150,395,W471,,,Amir Weintraub,R,185,ISR,29.355,207,246,6-2 6-2,3,R16,46,4,1,43,26,22,11,8,1,1,1,1,54,31,16,14,8,5,9
2016-7442,Manila,Hard,32,C,,20160124,24,L733,,,Zhe Li,R,183,CHN,29.344,260,208,RB60,,,Oriol Roca Batalla,R,175,ESP,22.735,246,217,6-2 6-7(7) 6-4,3,R16,127,8,1,92,60,48,18,15,4,5,13,1,91,65,47,11,15,4,8
2016-7442,Manila,Hard,32,C,,20160124,25,Y061,2,,Mikhail Youzhny,R,183,RUS,33.582,84,645,N437,,,Gianluca Naso,R,193,ITA,29.049,222,235,6-2 6-2,3,QF,,2,2,42,24,23,10,8,1,1,5,1,45,27,14,8,8,3,7
2016-7442,Manila,Hard,32,C,,20160124,26,L797,3,,Lukas Lacko,R,188,SVK,28.225,111,534,SF36,7,,Igor Sijsling,R,191,NED,28.435,150,395,6-4 6-2,3,QF,,14,0,55,33,28,11,9,4,4,2,1,57,40,25,8,9,6,9
2016-7442,Manila,Hard,32,C,,20160124,27,SC47,4,,Go Soeda,R,178,JPN,31.384,120,490,G753,,,David Guez,R,185,FRA,33.128,175,295,6-3 3-6 6-4,3,QF,,5,1,79,51,35,12,14,5,10,3,2,106,69,40,17,14,12,18
2016-7442,Manila,Hard,32,C,,20160124,28,C582,,,Marco Chiudinelli,R,185,SUI,34.371,252,214,L733,,,Zhe Li,R,183,CHN,29.344,260,208,6-4 7-6(1),3,QF,,9,0,69,48,37,11,11,4,5,7,1,66,40,29,14,11,0,2
2016-7442,Manila,Hard,32,C,,20160124,29,Y061,2,,Mikhail Youzhny,R,183,RUS,33.582,84,645,L797,3,,Lukas Lacko,R,188,SVK,28.225,111,534,1-6 7-6(7) 7-5,3,SF,,10,2,99,74,54,9,16,6,10,13,0,87,61,46,15,15,1,3
2016-7442,Manila,Hard,32,C,,20160124,30,C582,,,Marco Chiudinelli,R,185,SUI,34.371,252,214,SC47,4,,Go Soeda,R,178,JPN,31.384,120,490,5-7 7-6(5) 7-6(4),3,SF,,15,2,123,76,56,27,18,4,7,10,2,106,69,53,24,18,2,4
2016-7442,Manila,Hard,32,C,,20160124,31,Y061,2,,Mikhail Youzhny,R,183,RUS,33.582,84,645,C582,,,Marco Chiudinelli,R,185,SUI,34.371,252,214,6-4 6-4,3,F,102,7,1,64,36,31,14,10,3,3,9,5,77,46,29,14,10,6,8
2016-7474,Rio de Janeiro,Clay,32,C,,20160124,1,MI11,,,Axel Michon,L,,FRA,25.106,212,244,CF59,2,,Roberto Carballes Baena,R,183,ESP,22.839,127,474,1-6 7-5 7-5,3,R32,146,4,3,107,93,60,3,15,7,11,4,5,111,76,53,14,16,11,15
2016-7474,Rio de Janeiro,Clay,32,C,,20160124,2,SC73,3,,Rogerio Dutra Silva,R,178,BRA,31.967,116,503,D981,,,Arthur De Greef,R,183,BEL,23.828,203,250,5-7 6-2 6-4,3,R32,128,3,0,88,54,32,28,15,6,8,6,3,87,60,40,14,15,3,7
2016-7474,Rio de Janeiro,Clay,32,C,,20160124,3,BF23,4,,Facundo Bagnis,L,183,ARG,25.906,109,542,A853,,,Marcelo Arevalo,R,191,ESA,25.27,283,181,6-4 6-1,3,R32,76,9,1,71,50,36,11,9,7,7,4,3,54,30,23,6,8,4,7
2016-7474,Rio de Janeiro,Clay,32,C,,20160124,4,E698,5,,Gastao Elias,R,180,POR,25.166,135,441,E678,,,Jonathan Eysseric,L,180,FRA,25.662,256,210,3-6 7-6(3) 6-3,3,R32,117,8,4,84,55,41,14,14,1,4,4,1,96,64,42,16,16,3,7
2016-7474,Rio de Janeiro,Clay,32,C,,20160124,5,A941,6,,Facundo Arguello,R,178,ARG,23.472,137,432,E661,,,Gonzalo Escobar,L,178,ECU,27.009,365,123,6-3 6-2,3,R32,63,8,0,42,25,23,13,9,0,0,0,0,49,33,19,8,8,2,5
2016-7474,Rio de Janeiro,Clay,32,C,,20160124,6,N532,,,Fabricio Neis,L,183,BRA,25.61,797,26,MI43,7,,Gerald Melzer,L,188,AUT,25.533,140,425,7-6(2) 7-5,3,R32,97,10,3,76,48,37,17,12,2,3,5,4,77,62,45,7,12,7,9
2016-7474,Rio de Janeiro,Clay,32,C,,20160124,7,MF35,8,,Andrej Martin,R,183,SVK,26.344,148,406,SG64,,,Joao Souza,R,193,BRA,27.661,149,404,6-2 6-4,3,R32,80,4,1,56,35,26,14,9,2,2,6,1,59,44,28,6,9,3,6
2016-7474,Rio de Janeiro,Clay,32,C,,20160124,8,A887,,,Guido Andreozzi,R,183,ARG,24.471,232,229,R750,,,Pere Riba,R,183,ESP,27.797,219,236,6-4 6-4,3,R32,87,2,1,62,31,18,19,10,3,6,6,2,54,25,17,10,10,3,8
2016-7474,Rio de Janeiro,Clay,32,C,,20160124,9,CG04,,,Pedro Cachin,R,185,ARG,20.786,238,222,G602,,,Andre Ghem,R,193,BRA,33.656,152,389,6-4 3-6 7-6(3),3,R32,147,10,2,98,59,44,24,15,5,6,4,3,129,78,55,25,16,11,12
2016-7474,Rio de Janeiro,Clay,32,C,,20160124,10,CC32,,,Guilherme Clezar,R,180,BRA,23.064,183,275,L430,,,Giovanni Lapentti,R,193,ECU,32.997,215,239,6-1 6-4,3,R32,66,7,3,48,27,25,13,9,2,2,3,4,50,30,21,9,8,5,8
2016-7474,Rio de Janeiro,Clay,32,C,,20160124,11,LA94,,,Christian Lindell,R,193,SWE,24.178,240,219,LA54,,,Wilson Leite,R,178,BRA,24.216,583,56,6-2 6-2,3,R32,66,7,1,40,25,21,11,8,0,0,1,1,45,28,14,10,8,2,6
2016-7474,Rio de Janeiro,Clay,32,C,,20160124,12,MJ08,,,Thiago Monteiro,L,183,BRA,21.651,404,107,G585,,,Maximo Gonzalez,R,173,ARG,32.515,142,415,6-1 6-4,3,R32,74,6,1,44,26,23,8,8,0,1,1,6,76,48,29,11,9,9,14
2016-7474,Rio de Janeiro,Clay,32,C,,20160124,13,PC09,,,Jose Pereira,R,180,BRA,24.994,261,207,GF08,,,Clement Geens,R,178,BEL,19.871,411,107,6-1 6-3,3,R32,58,5,1,48,37,26,7,8,4,5,4,6,48,29,18,3,8,5,10
2016-7474,Rio de Janeiro,Clay,32,C,,20160124,14,R383,,,Ruben Ramirez Hidalgo,R,183,ESP,38.048,263,206,CC66,,,Andrea Collarini,L,183,ARG,23.981,454,91,7-5 6-3,3,R32,104,3,2,70,44,33,16,11,1,1,0,4,72,45,31,11,10,4,6
2016-7474,Rio de Janeiro,Clay,32,C,,20160124,15,SL94,,,Pedro Sakamoto,R,178,BRA,22.571,500,74,SK30,,,Carlos Eduardo Severino,R,183,BRA,25.136,346,134,6-3 6-4,3,R32,78,3,0,54,41,30,10,10,0,0,3,1,59,32,26,12,9,3,5
2016-7474,Rio de Janeiro,Clay,32,C,,20160124,16,T911,,,Peter Torebko,R,185,GER,27.953,372,121,KC29,,,Nicolas Kicker,R,178,ARG,23.439,168,313,5-7 7-5 7-6(4),3,R32,178,12,6,122,68,44,27,18,10,16,2,10,113,67,47,18,18,6,12
2016-7474,Rio de Janeiro,Clay,32,C,,20160124,17,CC32,,,Guilherme Clezar,R,180,BRA,23.064,183,275,SC73,3,,Rogerio Dutra Silva,R,178,BRA,31.967,116,503,6-3 6-2,3,R16,,2,3,64,32,25,18,9,4,4,3,2,48,33,19,9,8,5,8
2016-7474,Rio de Janeiro,Clay,32,C,,20160124,18,BF23,4,,Facundo Bagnis,L,183,ARG,25.906,109,542,LA94,,,Christian Lindell,R,193,SWE,24.178,240,219,6-3 3-6 6-1,3,R16,,10,3,81,41,32,22,13,1,3,3,5,80,44,32,12,12,8,12
2016-7474,Rio de Janeiro,Clay,32,C,,20160124,19,E698,5,,Gastao Elias,R,180,POR,25.166,135,441,CG04,,,Pedro Cachin,R,185,ARG,20.786,238,222,6-2 6-4,3,R16,,3,1,53,34,27,9,9,1,2,2,2,56,32,17,13,9,5,9
2016-7474,Rio de Janeiro,Clay,32,C,,20160124,20,A941,6,,Facundo Arguello,R,178,ARG,23.472,137,432,SL94,,,Pedro Sakamoto,R,178,BRA,22.571,500,74,6-4 7-6(5),3,R16,,1,3,66,43,32,17,11,2,3,1,1,83,52,32,20,11,3,5
2016-7474,Rio de Janeiro,Clay,32,C,,20160124,21,MF35,8,,Andrej Martin,R,183,SVK,26.344,148,406,A887,,,Guido Andreozzi,R,183,ARG,24.471,232,229,2-6 6-4 7-5,3,R16,,8,7,97,60,39,15,15,8,13,3,2,93,52,33,20,15,3,8
2016-7474,Rio de Janeiro,Clay,32,C,,20160124,22,MJ08,,,Thiago Monteiro,L,183,BRA,21.651,404,107,MI11,,,Axel Michon,L,,FRA,25.106,212,244,6-4 7-6(3),3,R16,,5,2,61,35,29,14,11,3,5,0,1,86,73,45,5,11,4,7
2016-7474,Rio de Janeiro,Clay,32,C,,20160124,23,R383,,,Ruben Ramirez Hidalgo,R,183,ESP,38.048,263,206,N532,,,Fabricio Neis,L,183,BRA,25.61,797,26,6-3 6-1,3,R16,,1,1,36,18,17,15,8,0,0,3,2,44,29,21,4,8,4,8
2016-7474,Rio de Janeiro,Clay,32,C,,20160124,24,T911,,,Peter Torebko,R,185,GER,27.953,372,121,PC09,,,Jose Pereira,R,180,BRA,24.994,261,207,6-7(4) 7-6(5) 5-2 RET,3,R16,,4,3,98,62,45,20,15,4,7,5,2,131,94,59,16,16,13,18
2016-7474,Rio de Janeiro,Clay,32,C,,20160124,25,BF23,4,,Facundo Bagnis,L,183,ARG,25.906,109,542,E698,5,,Gastao Elias,R,180,POR,25.166,135,441,6-2 5-7 7-5,3,QF,139,3,9,95,49,39,25,16,3,5,6,3,98,62,45,16,16,6,10
2016-7474,Rio de Janeiro,Clay,32,C,,20160124,26,MJ08,,,Thiago Monteiro,L,183,BRA,21.651,404,107,A941,6,,Facundo Arguello,R,178,ARG,23.472,137,432,6-4 3-6 6-3,3,QF,132,3,0,87,50,33,24,14,3,5,3,4,80,47,34,18,14,4,7
2016-7474,Rio de Janeiro,Clay,32,C,,20160124,27,CC32,,,Guilherme Clezar,R,180,BRA,23.064,183,275,MF35,8,,Andrej Martin,R,183,SVK,26.344,148,406,6-2 7-5,3,QF,72,4,1,54,38,30,9,10,1,2,7,5,55,35,23,7,10,0,4
2016-7474,Rio de Janeiro,Clay,32,C,,20160124,28,R383,,,Ruben Ramirez Hidalgo,R,183,ESP,38.048,263,206,T911,,,Peter Torebko,R,185,GER,27.953,372,121,6-3 6-2,3,QF,74,3,5,55,30,25,14,9,3,3,3,4,50,33,22,8,8,4,7
2016-7474,Rio de Janeiro,Clay,32,C,,20160124,29,BF23,4,,Facundo Bagnis,L,183,ARG,25.906,109,542,MJ08,,,Thiago Monteiro,L,183,BRA,21.651,404,107,6-3 3-6 6-3,3,SF,112,6,3,74,39,30,22,14,2,4,10,3,80,49,36,17,13,4,7
2016-7474,Rio de Janeiro,Clay,32,C,,20160124,30,CC32,,,Guilherme Clezar,R,180,BRA,23.064,183,275,R383,,,Ruben Ramirez Hidalgo,R,183,ESP,38.048,263,206,6-3 6-3,3,SF,67,8,2,52,35,27,11,9,1,2,4,5,48,25,17,8,9,1,5
2016-7474,Rio de Janeiro,Clay,32,C,,20160124,31,BF23,4,,Facundo Bagnis,L,183,ARG,25.906,109,542,CC32,,,Guilherme Clezar,R,180,BRA,23.064,183,275,6-4 4-6 6-2,3,F,123,17,6,90,53,42,17,14,4,6,10,10,92,58,40,15,14,6,10
2016-5016,Bucaramanga,Clay,32,C,,20160131,1,E224,1,,Victor Estrella Burgos,R,170,DOM,35.496,55,797,D981,,,Arthur De Greef,R,183,BEL,23.847,203,250,7-6(5) 6-3,3,R32,96,8,1,69,45,33,17,11,0,0,2,2,74,43,33,14,10,1,2
2016-5016,Bucaramanga,Clay,32,C,,20160131,2,L503,2,,Paolo Lorenzi,R,183,ITA,34.127,57,795,MF35,,,Andrej Martin,R,183,SVK,26.363,148,406,6-3 2-6 6-3,3,R32,137,1,7,94,51,38,20,13,6,8,1,5,83,48,33,19,13,8,11
2016-5016,Bucaramanga,Clay,32,C,,20160131,3,KC29,,,Nicolas Kicker,R,178,ARG,23.458,168,313,BF23,3,,Facundo Bagnis,L,183,ARG,25.925,109,542,6-3 4-6 7-6(8),3,R32,152,2,6,105,48,33,32,15,7,11,7,15,113,47,36,30,16,5,10
2016-5016,Bucaramanga,Clay,32,C,,20160131,4,T984,,,Bastian Trinker,R,188,AUT,25.725,248,216,M824,4,,Albert Montanes,R,175,ESP,35.179,115,508,6-7(3) 6-4 6-4,3,R32,151,10,3,120,75,50,28,16,11,12,5,10,102,55,46,22,16,4,7
2016-5016,Bucaramanga,Clay,32,C,,20160131,5,PB37,,,Hans Podlipnik-Castillo,R,183,CHI,28.06,196,260,SC73,5,,Rogerio Dutra Silva,R,178,BRA,31.986,116,503,6-4 6-4,3,R32,120,1,3,78,49,36,13,10,7,8,1,8,86,49,31,17,10,11,14
2016-5016,Bucaramanga,Clay,32,C,,20160131,6,CG04,,,Pedro Cachin,R,185,ARG,20.805,238,222,F444,,,Alejandro Falla,L,185,COL,32.214,119,493,7-6(0) 6-3,3,R32,92,1,7,61,29,23,18,10,2,4,0,2,88,44,29,17,11,7,11
2016-5016,Bucaramanga,Clay,32,C,,20160131,7,Z184,7,,Horacio Zeballos,L,188,ARG,30.762,126,475,J551,,,Nicolas Jarry,R,201,CHI,20.307,377,118,7-6(1) 7-5,3,R32,102,7,1,70,40,33,19,12,3,4,7,3,71,47,35,12,12,2,4
2016-5016,Bucaramanga,Clay,32,C,,20160131,8,E698,8,,Gastao Elias,R,180,POR,25.185,135,441,LA94,,,Christian Lindell,R,193,SWE,24.197,240,219,6-4 6-1,3,R32,82,5,1,64,33,22,20,9,3,4,2,7,52,18,13,15,8,3,7
2016-5016,Bucaramanga,Clay,32,C,,20160131,9,A887,,,Guido Andreozzi,R,183,ARG,24.49,232,229,HB48,,,Calvin Hemery,R,191,FRA,21.008,229,231,6-3 6-2,3,R32,71,1,4,48,25,19,12,8,4,6,2,8,54,27,14,8,9,6,12
2016-5016,Bucaramanga,Clay,32,C,,20160131,10,A941,,,Facundo Arguello,R,178,ARG,23.491,137,432,BC76,,,Nicolas Barrientos,R,175,COL,28.772,300,168,7-5 1-0 RET,3,R32,57,0,1,30,18,12,9,6,0,1,2,2,39,23,15,7,7,2,5
2016-5016,Bucaramanga,Clay,32,C,,20160131,11,BK19,,,Mathias Bourgue,R,188,FRA,22.034,227,233,R750,,,Pere Riba,R,183,ESP,27.817,219,236,6-4 6-3,3,R32,85,4,2,53,27,22,15,10,1,3,6,3,62,25,19,15,9,3,7
2016-5016,Bucaramanga,Clay,32,C,,20160131,12,CC32,,,Guilherme Clezar,R,180,BRA,23.083,183,275,L430,,,Giovanni Lapentti,R,193,ECU,33.016,215,239,6-2 7-5,3,R32,81,2,3,52,28,21,12,10,2,5,5,8,65,27,17,12,10,4,10
2016-5016,Bucaramanga,Clay,32,C,,20160131,13,H896,,,Jose Hernandez-Fernandez,R,183,DOM,25.886,242,218,GE33,,,Daniel Elahi Galan,R,191,COL,19.619,429,99,6-2 6-3,3,R32,72,1,2,54,38,29,7,8,1,1,3,0,52,33,17,10,9,5,9
2016-5016,Bucaramanga,Clay,32,C,,20160131,14,MI43,,,Gerald Melzer,L,188,AUT,25.552,140,425,E708,,,Maximiliano Estevez,L,191,ARG,26.705,347,134,3-6 7-5 6-1,3,R32,126,4,3,83,49,31,18,14,2,6,8,5,91,54,32,16,14,3,9
2016-5016,Bucaramanga,Clay,32,C,,20160131,15,SH91,,,Jordi Samper-Montana,R,,ESP,25.823,197,257,PL56,,,Tommy Paul,R,185,USA,18.708,277,187,6-3 6-3,3,R32,76,2,2,58,39,27,12,9,3,4,1,4,52,27,18,8,9,0,4
2016-5016,Bucaramanga,Clay,32,C,,20160131,16,SI36,,,Eduardo Struvay,R,,COL,25.123,258,209,G892,,,Alejandro Gonzalez,R,191,COL,26.979,141,421,3-6 7-5 6-3,3,R32,119,17,6,92,56,45,17,15,3,4,2,0,80,53,43,16,15,1,3
2016-5016,Bucaramanga,Clay,32,C,,20160131,17,E224,1,,Victor Estrella Burgos,R,170,DOM,35.496,55,797,H896,,,Jose Hernandez-Fernandez,R,183,DOM,25.886,242,218,6-3 4-6 7-5,3,R16,,,,,,,,,,,,,,,,,,,
2016-5016,Bucaramanga,Clay,32,C,,20160131,18,L503,2,,Paolo Lorenzi,R,183,ITA,34.127,57,795,A887,,,Guido Andreozzi,R,183,ARG,24.49,232,229,6-1 6-2,3,R16,72,6,2,46,23,20,14,7,7,7,0,0,48,26,17,6,8,1,6
2016-5016,Bucaramanga,Clay,32,C,,20160131,19,Z184,7,,Horacio Zeballos,L,188,ARG,30.762,126,475,A941,,,Facundo Arguello,R,178,ARG,23.491,137,432,6-3 3-6 6-4,3,R16,138,9,6,85,54,44,15,14,6,8,4,2,97,67,42,19,14,7,10
2016-5016,Bucaramanga,Clay,32,C,,20160131,20,E698,8,,Gastao Elias,R,180,POR,25.185,135,441,CC32,,,Guilherme Clezar,R,180,BRA,23.083,183,275,2-6 6-4 6-4,3,R16,145,14,2,87,44,34,24,14,5,7,3,8,114,54,40,29,14,9,11
2016-5016,Bucaramanga,Clay,32,C,,20160131,21,BK19,,,Mathias Bourgue,R,188,FRA,22.034,227,233,CG04,,,Pedro Cachin,R,185,ARG,20.805,238,222,6-4 6-3,3,R16,93,2,3,67,37,22,13,10,3,7,2,8,62,33,18,10,9,1,7
2016-5016,Bucaramanga,Clay,32,C,,20160131,22,MI43,,,Gerald Melzer,L,188,AUT,25.552,140,425,PB37,,,Hans Podlipnik-Castillo,R,183,CHI,28.06,196,260,6-4 3-6 6-2,3,R16,132,1,3,76,49,34,18,13,3,5,7,7,97,51,38,19,14,3,7
2016-5016,Bucaramanga,Clay,32,C,,20160131,23,SH91,,,Jordi Samper-Montana,R,,ESP,25.823,197,257,KC29,,,Nicolas Kicker,R,178,ARG,23.458,168,313,6-7(2) 7-5 6-4,3,R16,166,4,6,108,68,47,20,17,4,7,1,8,117,75,48,22,17,6,11
2016-5016,Bucaramanga,Clay,32,C,,20160131,24,SI36,,,Eduardo Struvay,R,,COL,25.123,258,209,T984,,,Bastian Trinker,R,188,AUT,25.725,248,216,6-4 6-1,3,R16,54,1,3,43,25,23,10,8,1,1,1,4,54,41,25,3,9,2,6
2016-5016,Bucaramanga,Clay,32,C,,20160131,25,BK19,,,Mathias Bourgue,R,188,FRA,22.034,227,233,E224,1,,Victor Estrella Burgos,R,170,DOM,35.496,55,797,6-1 7-6(5),3,QF,81,1,5,61,38,29,15,10,3,4,1,2,60,38,24,9,9,3,6
2016-5016,Bucaramanga,Clay,32,C,,20160131,26,L503,2,,Paolo Lorenzi,R,183,ITA,34.127,57,795,E698,8,,Gastao Elias,R,180,POR,25.185,135,441,6-4 3-6 7-6(6),3,QF,167,2,3,100,50,34,33,15,2,4,8,0,100,48,35,33,16,6,8
2016-5016,Bucaramanga,Clay,32,C,,20160131,27,Z184,7,,Horacio Zeballos,L,188,ARG,30.762,126,475,SH91,,,Jordi Samper-Montana,R,,ESP,25.823,197,257,6-3 7-6(4),3,QF,117,4,3,77,40,26,19,11,7,10,7,4,76,49,31,10,10,6,10
2016-5016,Bucaramanga,Clay,32,C,,20160131,28,MI43,,,Gerald Melzer,L,188,AUT,25.552,140,425,SI36,,,Eduardo Struvay,R,,COL,25.123,258,209,6-4 7-6(5),3,QF,98,2,1,57,42,37,10,11,0,1,16,1,84,51,40,12,11,6,8
2016-5016,Bucaramanga,Clay,32,C,,20160131,29,L503,2,,Paolo Lorenzi,R,183,ITA,34.127,57,795,Z184,7,,Horacio Zeballos,L,188,ARG,30.762,126,475,6-3 5-7 6-3,3,SF,145,7,5,86,39,30,25,15,1,4,3,5,105,62,42,18,15,4,9
2016-5016,Bucaramanga,Clay,32,C,,20160131,30,MI43,,,Gerald Melzer,L,188,AUT,25.552,140,425,BK19,,,Mathias Bourgue,R,188,FRA,22.034,227,233,6-4 7-6(6),3,SF,129,3,2,80,50,36,16,11,5,7,5,3,93,58,41,14,11,6,9
2016-5016,Bucaramanga,Clay,32,C,,20160131,31,MI43,,,Gerald Melzer,L,188,AUT,25.552,140,425,L503,2,,Paolo Lorenzi,R,183,ITA,34.127,57,795,6-3 6-1,3,F,75,2,1,49,30,23,11,8,4,5,0,1,45,23,13,9,8,5,10
2016-6708,Maui,,32,C,,20160131,1,E831,1,,Kyle Edmund,R,188,GBR,21.062,88,625,SL07,,,Alexander Sarkissian,R,191,USA,25.829,176,292,6-4 6-2,3,R32,,,,,,,,,,,,,,,,,,,
2016-6708,Maui,,32,C,,20160131,2,DA67,,,Matteo Donati,R,185,ITA,20.923,181,280,A829,2,,Radu Albot,R,175,MDA,26.22,122,485,6-4 6-4,3,R32,,,,,,,,,,,,,,,,,,,
2016-6708,Maui,,32,C,,20160131,3,D994,3,,James Duckworth,R,183,AUS,24.027,129,460,G806,,,Andrey Golubev,R,180,KAZ,28.528,204,249,6-3 7-6(3),3,R32,,,,,,,,,,,,,,,,,,,
2016-6708,Maui,,32,C,,20160131,4,KC12,,,Mitchell Krueger,R,188,USA,22.051,275,190,F811,4,,Bjorn Fratangelo,R,183,USA,22.535,132,458,7-5 6-4,3,R32,,,,,,,,,,,,,,,,,,,
2016-6708,Maui,,32,C,,20160131,5,MG47,,,James McGee,R,183,IRL,28.643,198,256,H940,5,,Ryan Harrison,R,185,USA,23.734,134,448,7-5 6-3,3,R32,,,,,,,,,,,,,,,,,,,
2016-6708,Maui,,32,C,,20160131,6,BI81,,,Alex Bolt,L,183,AUS,23.069,281,182,DC58,6,,Jared Donaldson,R,188,USA,19.31,136,439,6-7(4) 7-6(5) 6-3,3,R32,,,,,,,,,,,,,,,,,,,
2016-6708,Maui,,32,C,,20160131,7,E873,,,Ernesto Escobedo,R,185,MEX,19.576,399,110,RA51,7,,Blaz Rola,L,193,SLO,25.322,146,409,7-5 7-6(2),3,R32,,,,,,,,,,,,,,,,,,,
2016-6708,Maui,,32,C,,20160131,8,N674,8,,Dennis Novikov,R,193,USA,22.234,153,387,L949,,,Henri Laaksonen,R,185,SUI,23.836,182,279,7-6(6) 6-3,3,R32,,,,,,,,,,,,,,,,,,,
2016-6708,Maui,,32,C,,20160131,9,FB98,,,Taylor Fritz,R,196,USA,18.259,155,372,MF71,,,Denys Molchanov,R,188,UKR,28.712,241,219,6-2 6-4,3,R32,,,,,,,,,,,,,,,,,,,
2016-6708,Maui,,32,C,,20160131,10,J380,,,Jason Jung,R,180,TPE,26.628,221,235,Q945,,,Eric Quigley,R,185,USA,27.001,312,157,6-2 7-5,3,R32,,,,,,,,,,,,,,,,,,,
2016-6708,Maui,,32,C,,20160131,11,MG84,,,Nicolas Meister,R,180,USA,26.713,303,166,KE64,,,Stefan Kozlov,R,183,USA,17.996,316,154,6-3 6-1,3,R32,,,,,,,,,,,,,,,,,,,
2016-6708,Maui,,32,C,,20160131,12,MP01,,,Michael Mmoh,R,188,USA,18.056,460,88,ML36,,,Jaume Martinez Vich,,,ESP,22.278,1674,1,6-3 6-1,3,R32,,,,,,,,,,,,,,,,,,,
2016-6708,Maui,,32,C,,20160131,13,RC96,,,Noah Rubin,R,175,USA,19.943,328,146,BK32,,,Thibaud Berland,,,FRA,22.612,1133,7,6-4 2-6 6-4,3,R32,,,,,,,,,,,,,,,,,,,
2016-6708,Maui,,32,C,,20160131,14,SL08,,,Tennys Sandgren,R,188,USA,24.528,259,209,L733,,,Zhe Li,R,183,CHN,29.363,260,208,6-4 6-0,3,R32,,,,,,,,,,,,,,,,,,,
2016-6708,Maui,,32,C,,20160131,15,TD51,,,Frances Tiafoe,R,188,USA,18.029,179,286,Z189,,,Grega Zemlja,R,183,SLO,29.339,172,297,4-6 6-2 6-4,3,R32,,,,,,,,,,,,,,,,,,,
2016-6708,Maui,,32,C,,20160131,16,W571,,,Di Wu,R,173,CHN,24.381,243,218,SM38,,,Connor Smith,R,,USA,25.117,234,228,6-2 7-5,3,R32,,,,,,,,,,,,,,,,,,,
2016-6708,Maui,,32,C,,20160131,17,E831,1,,Kyle Edmund,R,188,GBR,21.062,88,625,MP01,,,Michael Mmoh,R,188,USA,18.056,460,88,6-1 6-0,3,R16,,,,,,,,,,,,,,,,,,,
2016-6708,Maui,,32,C,,20160131,18,D994,3,,James Duckworth,R,183,AUS,24.027,129,460,FB98,,,Taylor Fritz,R,196,USA,18.259,155,372,6-3 7-6(5),3,R16,,,,,,,,,,,,,,,,,,,
2016-6708,Maui,,32,C,,20160131,19,TD51,,,Frances Tiafoe,R,188,USA,18.029,179,286,N674,8,,Dennis Novikov,R,193,USA,22.234,153,387,6-7(5) 6-4 6-3,3,R16,,,,,,,,,,,,,,,,,,,
2016-6708,Maui,,32,C,,20160131,20,BI81,,,Alex Bolt,L,183,AUS,23.069,281,182,J380,,,Jason Jung,R,180,TPE,26.628,221,235,7-6(4) 4-6 6-2,3,R16,,,,,,,,,,,,,,,,,,,
2016-6708,Maui,,32,C,,20160131,21,E873,,,Ernesto Escobedo,R,185,MEX,19.576,399,110,SL08,,,Tennys Sandgren,R,188,USA,24.528,259,209,6-2 6-2,3,R16,,,,,,,,,,,,,,,,,,,
2016-6708,Maui,,32,C,,20160131,22,MG84,,,Nicolas Meister,R,180,USA,26.713,303,166,MG47,,,James McGee,R,183,IRL,28.643,198,256,4-6 6-3 6-1,3,R16,,,,,,,,,,,,,,,,,,,
2016-6708,Maui,,32,C,,20160131,23,RC96,,,Noah Rubin,R,175,USA,19.943,328,146,KC12,,,Mitchell Krueger,R,188,USA,22.051,275,190,4-6 6-1 6-1,3,R16,,,,,,,,,,,,,,,,,,,
2016-6708,Maui,,32,C,,20160131,24,W571,,,Di Wu,R,173,CHN,24.381,243,218,DA67,,,Matteo Donati,R,185,ITA,20.923,181,280,6-1 1-0 RET,3,R16,,,,,,,,,,,,,,,,,,,
2016-6708,Maui,,32,C,,20160131,25,E831,1,,Kyle Edmund,R,188,GBR,21.062,88,625,MG84,,,Nicolas Meister,R,180,USA,26.713,303,166,6-2 6-3,3,QF,,,,,,,,,,,,,,,,,,,
2016-6708,Maui,,32,C,,20160131,26,D994,3,,James Duckworth,R,183,AUS,24.027,129,460,TD51,,,Frances Tiafoe,R,188,USA,18.029,179,286,7-6(4) 6-3,3,QF,,,,,,,,,,,,,,,,,,,
2016-6708,Maui,,32,C,,20160131,27,RC96,,,Noah Rubin,R,175,USA,19.943,328,146,E873,,,Ernesto Escobedo,R,185,MEX,19.576,399,110,6-4 4-6 6-2,3,QF,,,,,,,,,,,,,,,,,,,
2016-6708,Maui,,32,C,,20160131,28,W571,,,Di Wu,R,173,CHN,24.381,243,218,BI81,,,Alex Bolt,L,183,AUS,23.069,281,182,5-7 6-4 6-4,3,QF,,,,,,,,,,,,,,,,,,,
2016-6708,Maui,,32,C,,20160131,29,E831,1,,Kyle Edmund,R,188,GBR,21.062,88,625,D994,3,,James Duckworth,R,183,AUS,24.027,129,460,W/O,3,SF,,,,,,,,,,,,,,,,,,,
2016-6708,Maui,,32,C,,20160131,30,W571,,,Di Wu,R,173,CHN,24.381,243,218,RC96,,,Noah Rubin,R,175,USA,19.943,328,146,6-7(2) 6-1 6-2,3,SF,,,,,,,,,,,,,,,,,,,
2016-6708,Maui,,32,C,,20160131,31,W571,,,Di Wu,R,173,CHN,24.381,243,218,E831,1,,Kyle Edmund,R,188,GBR,21.062,88,625,4-6 6-3 6-4,3,F,,,,,,,,,,,,,,,,,,,
2016-6486,Dallas,Hard,32,C,,20160206,1,MA30,,,Gilles Muller,L,193,LUX,32.747,42,970,N771,,,Cameron Norrie,L,188,GBR,20.457,669,41,6-4 6-3,3,R32,63,7,5,48,21,17,17,9,0,1,6,5,54,32,21,10,10,3,7
2016-6486,Dallas,Hard,32,C,,20160206,2,R685,3,,Lukas Rosol,R,193,CZE,30.538,46,872,SL66,,,Jakob Sude,R,193,GER,24.638,1341,4,6-2 7-6(2),3,R32,65,4,0,56,39,34,11,10,0,0,10,1,65,42,29,13,10,2,4
2016-6486,Dallas,Hard,32,C,,20160206,3,BH09,4,,Aljaz Bedene,R,183,SLO,26.554,50,842,SC73,,,Rogerio Dutra Silva,R,178,BRA,32.003,115,505,6-3 6-2,3,R32,64,7,2,57,41,33,9,9,5,5,3,6,50,25,18,8,8,6,9
2016-6486,Dallas,Hard,32,C,,20160206,4,D864,,,Evgeny Donskoy,R,185,RUS,25.747,84,657,CA33,5,,Inigo Cervantes,R,180,ESP,26.185,76,705,6-7(8) 7-6(4) 6-4,3,R32,136,9,1,111,69,53,22,17,2,4,18,7,115,56,41,33,17,6,9
2016-6486,Dallas,Hard,32,C,,20160206,5,Z168,,,Mischa Zverev,L,191,GER,28.46,173,314,KB09,6,,Denis Kudla,R,180,USA,23.472,62,772,6-3 3-6 6-3,3,R32,94,9,3,78,48,37,16,14,0,2,6,2,79,43,30,19,13,4,7
2016-6486,Dallas,Hard,32,C,,20160206,6,ME89,8,,Illya Marchenko,R,185,UKR,28.413,80,663,P624,,,Philipp Petzschner,R,185,GER,31.871,922,16,6-7(5) 7-6(4) 6-3,3,R32,169,7,4,133,68,51,37,17,8,9,7,3,102,66,52,18,16,10,12
2016-6486,Dallas,Hard,32,C,,20160206,7,D646,,,Ivan Dodig,R,183,CRO,31.094,86,643,KC04,,,Jozef Kovalik,R,183,SVK,23.255,217,242,6-2 6-2,3,R32,71,6,5,50,24,19,14,8,2,3,2,5,66,34,20,10,8,10,15
2016-6486,Dallas,Hard,32,C,,20160206,8,DC58,,,Jared Donaldson,R,188,USA,19.326,159,366,SF62,,,Tim Smyczek,R,175,USA,28.104,105,543,7-5 6-4,3,R32,83,3,4,62,37,30,16,11,2,2,9,1,55,28,22,19,11,3,5
2016-6486,Dallas,Hard,32,C,,20160206,9,G710,,,Marcel Granollers,R,191,ESP,29.821,83,661,G725,,,Santiago Giraldo,R,188,COL,28.194,71,723,7-5 3-1 RET,3,R32,90,1,4,54,36,25,8,8,3,5,1,3,70,29,16,18,8,9,13
2016-6486,Dallas,Hard,32,C,,20160206,10,I165,,,Denis Istomin,R,185,UZB,29.415,61,781,SJ55,,,John-Patrick Smith,L,188,AUS,27.034,132,459,6-2 7-5,3,R32,83,5,3,66,39,31,15,10,4,4,1,3,68,37,27,15,10,10,13
2016-6486,Dallas,Hard,32,C,,20160206,11,L430,,,Giovanni Lapentti,R,193,ECU,33.032,222,239,J380,,,Jason Jung,R,180,TPE,26.645,231,234,4-6 7-6(5) 6-2,3,R32,146,7,3,101,63,41,20,15,1,5,3,4,93,54,33,23,15,5,10
2016-6486,Dallas,Hard,32,C,,20160206,12,RE44,,,Andrey Rublev,R,188,RUS,18.297,182,290,H940,,,Ryan Harrison,R,185,USA,23.751,125,483,6-7(8) 6-4 7-6(6),3,R32,171,7,6,122,60,46,29,17,1,6,7,8,135,74,49,27,17,8,14
2016-6486,Dallas,Hard,32,C,,20160206,13,SM37,,,Diego Schwartzman,R,170,ARG,23.474,90,621,B678,,,Michael Berrer,L,193,GER,35.6,121,487,6-2 2-1 RET,3,R32,55,3,2,38,18,17,11,6,0,0,5,3,43,30,18,4,5,4,6
2016-6486,Dallas,Hard,32,C,,20160206,14,TD51,,,Frances Tiafoe,R,188,USA,18.045,181,293,B896,,,Benjamin Becker,R,178,GER,34.642,112,517,6-4 6-3,3,R32,63,5,3,58,30,22,18,10,5,6,4,2,54,23,18,13,9,3,6
2016-6486,Dallas,Hard,32,C,,20160206,15,T315,,,Dmitry Tursunov,R,185,RUS,33.153,1040,10,Y124,,,Donald Young,L,183,USA,26.541,48,847,6-4 6-1,3,R32,58,3,4,51,27,23,15,9,0,0,4,3,46,19,14,13,8,3,6
2016-6486,Dallas,Hard,32,C,,20160206,16,V576,,,Michael Venus,R,191,NZL,28.309,840,21,CF01,,,Marco Cecchinato,R,185,ITA,23.351,91,613,6-3 3-6 6-3,3,R32,102,10,10,91,42,33,31,14,7,8,8,5,84,50,35,21,13,6,8
2016-6486,Dallas,Hard,32,C,,20160206,17,SM37,,,Diego Schwartzman,R,170,ARG,23.474,90,621,MA30,,,Gilles Muller,L,193,LUX,32.747,42,970,7-6(4) 6-3,3,R16,80,4,3,71,36,27,22,11,5,7,10,9,66,36,28,11,10,5,8
2016-6486,Dallas,Hard,32,C,,20160206,18,R685,3,,Lukas Rosol,R,193,CZE,30.538,46,872,I165,,,Denis Istomin,R,185,UZB,29.415,61,781,6-2 1-6 7-6(5),3,R16,108,5,3,97,52,40,21,13,2,4,6,2,81,48,34,22,14,1,3
2016-6486,Dallas,Hard,32,C,,20160206,19,BH09,4,,Aljaz Bedene,R,183,SLO,26.554,50,842,T315,,,Dmitry Tursunov,R,185,RUS,33.153,1040,10,3-6 6-4 7-6(3),3,R16,135,17,3,84,40,32,24,15,0,3,7,2,111,60,44,24,16,10,13
2016-6486,Dallas,Hard,32,C,,20160206,20,D646,,,Ivan Dodig,R,183,CRO,31.094,86,643,ME89,8,,Illya Marchenko,R,185,UKR,28.413,80,663,6-3 1-6 6-3,3,R16,111,5,5,81,50,37,17,13,5,7,9,3,76,47,31,16,12,4,6
2016-6486,Dallas,Hard,32,C,,20160206,21,DC58,,,Jared Donaldson,R,188,USA,19.326,159,366,V576,,,Michael Venus,R,191,NZL,28.309,840,21,6-4 6-7(7) 6-3,3,R16,146,8,7,110,57,41,31,16,5,7,8,3,104,64,46,16,15,8,12
2016-6486,Dallas,Hard,32,C,,20160206,22,G710,,,Marcel Granollers,R,191,ESP,29.821,83,661,Z168,,,Mischa Zverev,L,191,GER,28.46,173,314,1-6 6-2 7-5,3,R16,129,1,4,103,66,44,16,14,6,10,4,2,92,56,37,16,13,5,9
2016-6486,Dallas,Hard,32,C,,20160206,23,RE44,,,Andrey Rublev,R,188,RUS,18.297,182,290,D864,,,Evgeny Donskoy,R,185,RUS,25.747,84,657,7-6(6) 1-6 6-3,3,R16,107,12,2,90,50,37,22,14,1,4,3,6,94,48,37,23,14,6,8
2016-6486,Dallas,Hard,32,C,,20160206,24,TD51,,,Frances Tiafoe,R,188,USA,18.045,181,293,L430,,,Giovanni Lapentti,R,193,ECU,33.032,222,239,6-3 2-6 6-2,3,R16,113,6,3,88,48,37,17,13,8,11,2,4,91,57,35,16,12,5,9
2016-6486,Dallas,Hard,32,C,,20160206,25,G710,,,Marcel Granollers,R,191,ESP,29.821,83,661,R685,3,,Lukas Rosol,R,193,CZE,30.538,46,872,6-4 6-2,3,QF,102,4,2,68,47,28,14,9,4,5,2,4,74,51,27,11,9,9,13
2016-6486,Dallas,Hard,32,C,,20160206,26,BH09,4,,Aljaz Bedene,R,183,SLO,26.554,50,842,TD51,,,Frances Tiafoe,R,188,USA,18.045,181,293,7-6(5) 3-6 7-6(4),3,QF,158,10,8,115,57,43,25,16,9,14,14,5,138,79,52,26,17,11,15
2016-6486,Dallas,Hard,32,C,,20160206,27,D646,,,Ivan Dodig,R,183,CRO,31.094,86,643,SM37,,,Diego Schwartzman,R,170,ARG,23.474,90,621,7-6(2) 7-5,3,QF,112,2,6,81,54,37,7,12,5,10,0,5,84,47,21,20,12,5,11
2016-6486,Dallas,Hard,32,C,,20160206,28,DC58,,,Jared Donaldson,R,188,USA,19.326,159,366,RE44,,,Andrey Rublev,R,188,RUS,18.297,182,290,6-4 6-1,3,QF,77,3,1,41,21,18,14,8,0,0,3,1,74,40,26,12,9,7,11
2016-6486,Dallas,Hard,32,C,,20160206,29,BH09,4,,Aljaz Bedene,R,183,SLO,26.554,50,842,DC58,,,Jared Donaldson,R,188,USA,19.326,159,366,6-4 6-3,3,SF,86,4,0,57,31,24,13,9,6,8,1,2,79,41,23,17,10,8,13
2016-6486,Dallas,Hard,32,C,,20160206,30,G710,,,Marcel Granollers,R,191,ESP,29.821,83,661,D646,,,Ivan Dodig,R,183,CRO,31.094,86,643,6-0 6-1,3,SF,58,1,3,35,22,18,7,6,1,1,1,1,51,25,15,4,7,6,12
2016-6486,Dallas,Hard,32,C,,20160206,31,G710,,,Marcel Granollers,R,191,ESP,29.821,83,661,BH09,4,,Aljaz Bedene,R,183,SLO,26.554,50,842,6-1 6-1,3,F,59,1,1,34,26,22,7,7,0,0,3,4,58,31,17,10,7,8,13
2016-695,Dallas,Hard,32,C,,20160206,1,TD51,,,Frances Tiafoe,R,188,USA,18.045,181,293,G940,1,,Sam Groth,R,193,AUS,28.301,77,702,6-3 6-3,3,R32,65,4,2,59,41,30,10,9,0,0,12,4,59,33,23,12,9,5,8
2016-695,Dallas,Hard,32,C,,20160206,2,E831,2,,Kyle Edmund,R,188,GBR,21.079,102,568,BH02,,,Sekou Bangoura,R,183,USA,24.219,286,178,7-6(4) 6-2,3,R32,70,5,1,60,39,35,12,10,0,0,5,2,63,37,26,14,10,2,4
2016-695,Dallas,Hard,32,C,,20160206,3,B896,3,,Benjamin Becker,R,178,GER,34.642,112,517,A741,,,Jean Andersen,,,RSA,27.639,1091,8,6-4 6-3,3,R32,58,3,2,45,20,17,16,9,1,2,6,2,65,43,28,8,10,5,9
2016-695,Dallas,Hard,32,C,,20160206,4,SF62,4,,Tim Smyczek,R,175,USA,28.104,105,543,KC12,,,Mitchell Krueger,R,188,USA,22.067,273,194,6-4 6-3,3,R32,70,8,1,57,37,28,12,10,0,1,7,2,57,34,21,11,9,2,5
2016-695,Dallas,Hard,32,C,,20160206,5,ME05,,,Marinko Matosevic,R,193,AUS,30.497,346,132,A829,5,,Radu Albot,R,175,MDA,26.237,124,485,6-4 4-6 6-4,3,R32,126,6,3,89,51,37,17,15,3,7,1,2,86,52,34,16,15,3,8
2016-695,Dallas,Hard,32,C,,20160206,6,I230,6,,Tatsuma Ito,R,180,JPN,27.721,131,463,MF71,,,Denys Molchanov,R,188,UKR,28.728,236,227,6-2 6-7(5) 7-6(6),3,R32,140,1,1,104,59,45,27,16,3,4,1,4,105,60,47,19,16,3,6
2016-695,Dallas,Hard,32,C,,20160206,7,SJ55,7,,John-Patrick Smith,L,188,AUS,27.034,132,459,Q945,,,Eric Quigley,R,185,USA,27.017,297,167,7-6(6) 6-3,3,R32,79,18,3,72,49,41,14,11,5,5,5,5,76,43,31,20,10,5,6
2016-695,Dallas,Hard,32,C,,20160206,8,F811,8,,Bjorn Fratangelo,R,183,USA,22.552,128,476,DC58,,,Jared Donaldson,R,188,USA,19.326,159,366,6-3 6-4,3,R32,69,5,2,65,38,30,13,10,2,3,2,2,53,25,17,14,9,1,4
2016-695,Dallas,Hard,32,C,,20160206,9,E873,,,Ernesto Escobedo,R,185,MEX,19.592,351,131,TB84,,,Clay Thompson,R,198,USA,23.759,446,92,6-3 7-6(6),3,R32,65,6,1,66,31,23,22,11,1,3,12,1,64,36,29,11,10,5,8
2016-695,Dallas,Hard,32,C,,20160206,10,E687,,,Daniel Evans,R,175,GBR,25.708,174,309,RE44,,,Andrey Rublev,R,188,RUS,18.297,182,290,5-7 6-4 6-3,3,R32,104,5,0,82,41,33,26,16,0,2,4,5,87,54,42,14,15,5,8
2016-695,Dallas,Hard,32,C,,20160206,11,H940,,,Ryan Harrison,R,185,USA,23.751,125,483,K737,,,Alex Kuznetsov,R,183,USA,29.002,384,114,2-6 7-5 7-5,3,R32,145,4,6,119,66,48,20,16,10,16,5,2,91,55,35,17,16,5,11
2016-695,Dallas,Hard,32,C,,20160206,12,L949,,,Henri Laaksonen,R,185,SUI,23.852,191,274,MF78,,,Marek Michalicka,R,183,CZE,29.123,295,169,7-5 6-1,3,R32,72,9,4,54,29,26,13,10,1,2,1,5,72,36,21,17,9,7,11
2016-695,Dallas,Hard,32,C,,20160206,13,MG47,,,James McGee,R,183,IRL,28.66,218,242,N674,,,Dennis Novikov,R,193,USA,22.251,150,394,5-7 6-1 6-4,3,R32,112,8,4,92,56,35,21,14,8,11,1,5,103,63,40,17,15,6,12
2016-695,Dallas,Hard,32,C,,20160206,14,TA29,,,Marco Trungelliti,R,178,ARG,26.015,172,314,BC76,,,Nicolas Barrientos,R,175,COL,28.789,296,168,6-3 7-6(6),3,R32,79,5,1,64,38,30,17,11,2,3,3,0,61,44,30,10,10,0,2
2016-695,Dallas,Hard,32,C,,20160206,15,V820,,,Mikhail Vaks,R,180,RUS,22.554,1600,2,SM38,,,Connor Smith,R,,USA,25.133,239,225,6-4 6-2,3,R32,70,4,1,60,42,28,10,9,3,4,7,1,54,31,22,8,9,3,7
2016-695,Dallas,Hard,32,C,,20160206,16,Z189,,,Grega Zemlja,R,183,SLO,29.355,179,297,J380,,,Jason Jung,R,180,TPE,26.645,231,234,6-4 4-6 7-6(5),3,R32,104,33,2,95,65,54,15,16,4,5,10,5,102,60,49,17,16,1,2
2016-695,Dallas,Hard,32,C,,20160206,17,E831,2,,Kyle Edmund,R,188,GBR,21.079,102,568,MG47,,,James McGee,R,183,IRL,28.66,218,242,6-3 6-4,3,R16,67,1,0,60,38,27,12,10,1,3,3,2,62,51,29,5,9,6,10
2016-695,Dallas,Hard,32,C,,20160206,18,B896,3,,Benjamin Becker,R,178,GER,34.642,112,517,E873,,,Ernesto Escobedo,R,185,MEX,19.592,351,131,6-4 6-2,3,R16,58,6,1,53,34,29,11,9,1,1,6,1,58,36,25,9,9,6,9
2016-695,Dallas,Hard,32,C,,20160206,19,SF62,4,,Tim Smyczek,R,175,USA,28.104,105,543,H940,,,Ryan Harrison,R,185,USA,23.751,125,483,6-0 5-7 6-4,3,R16,98,2,2,89,59,42,13,14,5,8,4,4,73,44,27,15,14,4,10
2016-695,Dallas,Hard,32,C,,20160206,20,I230,6,,Tatsuma Ito,R,180,JPN,27.721,131,463,L949,,,Henri Laaksonen,R,185,SUI,23.852,191,274,6-2 7-6(5),3,R16,68,5,5,59,40,33,9,10,0,1,9,4,59,34,28,9,10,1,4
2016-695,Dallas,Hard,32,C,,20160206,21,Z189,,,Grega Zemlja,R,183,SLO,29.355,179,297,SJ55,7,,John-Patrick Smith,L,188,AUS,27.034,132,459,4-6 6-3 6-4,3,R16,83,5,4,81,50,43,14,15,1,2,22,6,77,54,47,7,14,3,5
2016-695,Dallas,Hard,32,C,,20160206,22,E687,,,Daniel Evans,R,175,GBR,25.708,174,309,F811,8,,Bjorn Fratangelo,R,183,USA,22.552,128,476,6-2 6-3,3,R16,61,6,1,51,38,35,4,9,3,3,3,1,53,35,20,10,8,7,10
2016-695,Dallas,Hard,32,C,,20160206,23,ME05,,,Marinko Matosevic,R,193,AUS,30.497,346,132,TA29,,,Marco Trungelliti,R,178,ARG,26.015,172,314,6-4 6-3,3,R16,94,3,4,60,33,27,15,10,1,2,4,2,71,45,30,10,9,4,7
2016-695,Dallas,Hard,32,C,,20160206,24,TD51,,,Frances Tiafoe,R,188,USA,18.045,181,293,V820,,,Mikhail Vaks,R,180,RUS,22.554,1600,2,6-4 6-4,3,R16,60,12,1,48,34,30,8,10,1,2,2,1,72,48,29,11,10,8,11
2016-695,Dallas,Hard,32,C,,20160206,25,E831,2,,Kyle Edmund,R,188,GBR,21.079,102,568,Z189,,,Grega Zemlja,R,183,SLO,29.355,179,297,7-5 6-1,3,QF,75,1,0,54,33,27,12,10,0,1,6,8,78,41,27,14,9,9,13
2016-695,Dallas,Hard,32,C,,20160206,26,E687,,,Daniel Evans,R,175,GBR,25.708,174,309,B896,3,,Benjamin Becker,R,178,GER,34.642,112,517,6-1 6-4,3,QF,59,2,1,56,37,28,12,9,2,2,9,2,46,27,21,7,8,2,5
2016-695,Dallas,Hard,32,C,,20160206,27,SF62,4,,Tim Smyczek,R,175,USA,28.104,105,543,ME05,,,Marinko Matosevic,R,193,AUS,30.497,346,132,7-6(4) 4-6 6-3,3,QF,151,3,1,103,70,48,17,16,4,8,5,8,116,64,44,23,15,9,13
2016-695,Dallas,Hard,32,C,,20160206,28,I230,6,,Tatsuma Ito,R,180,JPN,27.721,131,463,TD51,,,Frances Tiafoe,R,188,USA,18.045,181,293,3-6 7-5 6-4,3,QF,133,4,2,93,54,38,24,16,2,5,14,0,114,70,50,18,15,11,14
2016-695,Dallas,Hard,32,C,,20160206,29,E831,2,,Kyle Edmund,R,188,GBR,21.079,102,568,SF62,4,,Tim Smyczek,R,175,USA,28.104,105,543,7-5 6-3,3,SF,70,6,0,62,47,37,9,11,0,0,3,0,56,39,28,8,10,2,4
2016-695,Dallas,Hard,32,C,,20160206,30,E687,,,Daniel Evans,R,175,GBR,25.708,174,309,I230,6,,Tatsuma Ito,R,180,JPN,27.721,131,463,6-2 4-6 6-1,3,SF,109,3,0,89,56,35,19,13,8,11,3,2,74,47,25,10,12,3,9
2016-695,Dallas,Hard,32,C,,20160206,31,E831,2,,Kyle Edmund,R,188,GBR,21.079,102,568,E687,,,Daniel Evans,R,175,GBR,25.708,174,309,6-3 6-2,3,F,63,10,0,57,40,32,9,9,5,5,1,2,50,34,22,6,8,2,5
2016-7203,Launceston,Hard,32,C,,20160207,1,BH98,,,Matthew Barton,R,191,AUS,24.14,267,199,TC61,2,,Jordan Thompson,R,183,AUS,21.802,144,414,7-5 6-7(5) 6-4,3,R32,146,9,3,110,61,50,28,17,9,9,10,0,106,66,49,25,17,3,5
2016-7203,Launceston,Hard,32,C,,20160207,2,ME64,3,,Saketh Myneni,R,193,IND,28.304,175,308,PG94,,,Marc Polmans,R,188,AUS,18.768,966,14,7-6(4) 6-7(6) 6-3,3,R32,140,15,4,104,60,49,23,16,6,8,1,3,122,81,57,23,17,5,9
2016-7203,Launceston,Hard,32,C,,20160207,3,SL07,4,,Alexander Sarkissian,R,191,USA,25.848,185,284,R977,,,Matt Reid,R,183,AUS,25.561,316,150,6-7(4) 6-4 6-3,3,R32,122,15,2,88,39,33,33,15,1,1,17,6,109,59,44,24,16,9,12
2016-7203,Launceston,Hard,32,C,,20160207,4,MK40,,,Benjamin Mitchell,R,183,AUS,23.187,233,233,DA67,5,,Matteo Donati,R,185,ITA,20.942,180,295,6-2 6-3,3,R32,58,5,2,42,33,27,6,8,0,0,5,5,55,32,23,5,9,4,8
2016-7203,Launceston,Hard,32,C,,20160207,5,TE51,,,Stefanos Tsitsipas,R,193,GRE,17.489,573,57,K964,6,,Brydan Klein,R,188,GBR,26.103,192,272,3-6 7-5 4-2 RET,3,R32,113,6,3,78,48,39,16,13,4,5,4,3,80,43,32,22,14,1,3
2016-7203,Launceston,Hard,32,C,,20160207,6,SM09,7,,Luke Saville,R,188,AUS,22.097,195,266,BJ05,,,Harry Bourchier,R,185,AUS,20.038,496,74,6-4 6-4,3,R32,76,2,2,58,36,26,15,10,2,3,4,2,60,39,22,13,10,3,6
2016-7203,Launceston,Hard,32,C,,20160207,7,G806,8,,Andrey Golubev,R,180,KAZ,28.548,221,239,V784,,,Gavin Van Peperzeel,R,180,AUS,23.86,282,180,6-2 6-4,3,R32,64,3,3,50,27,23,15,9,0,0,3,2,54,37,25,9,9,6,9
2016-7203,Launceston,Hard,32,C,,20160207,8,R612,9,,Stephane Robert,R,185,FRA,35.726,165,338,BH87,,,Maverick Banes,R,,AUS,23.828,374,119,7-6(2) 6-1,3,R32,75,6,2,62,27,22,21,10,0,1,2,0,62,42,24,10,9,1,4
2016-7203,Launceston,Hard,32,C,,20160207,9,BI81,,,Alex Bolt,L,183,AUS,23.088,269,197,SL92,,,Shuichi Sekiguchi,R,168,JPN,24.567,449,91,6-3 6-4,3,R32,73,10,2,62,39,30,10,10,3,5,2,6,63,42,24,11,9,5,9
2016-7203,Launceston,Hard,32,C,,20160207,10,CD94,,,Jarryd Chaplin,R,183,AUS,23.819,946,15,P09Z,,,Alexei Popyrin,R,196,AUS,16.509,,,6-2 7-5,3,R32,72,8,5,63,42,34,11,10,4,4,6,4,60,34,25,12,10,5,8
2016-7203,Launceston,Hard,32,C,,20160207,11,J553,,,Omar Jasika,L,183,AUS,18.724,276,188,T885,,,Kento Takeuchi,L,,JPN,28.137,412,106,6-3 6-2,3,R32,67,4,2,58,40,33,9,9,6,6,1,0,48,31,17,9,8,0,3
2016-7203,Launceston,Hard,32,C,,20160207,12,LE01,,,Duckhee Lee,R,170,KOR,17.695,234,230,SF89,,,Rubin Statham,R,180,NZL,28.789,392,111,6-2 7-6(3),3,R32,,,,,,,,,,,,,,,,,,,
2016-7203,Launceston,Hard,32,C,,20160207,13,MM79,,,Blake Mott,R,180,AUS,19.797,721,34,FA50,,,Thomas Fancutt,R,188,AUS,20.95,797,26,4-6 6-0 6-2,3,R32,105,6,3,66,46,36,12,12,1,2,2,14,101,48,32,20,12,7,12
2016-7203,Launceston,Hard,32,C,,20160207,14,N598,,,Takuto Niki,R,183,JPN,28.323,371,122,KA22,,,Dayne Kelly,R,,AUS,25.544,461,87,7-6(5) 6-1,3,R32,87,7,4,67,37,29,17,10,4,4,7,2,62,38,23,12,9,4,6
2016-7203,Launceston,Hard,32,C,,20160207,15,PF65,,,Filip Peliwo,R,180,POL,22.021,390,112,TA04,,,Finn Tearney,R,183,NZL,25.363,368,123,6-2 6-3,3,R32,71,2,1,51,28,19,16,9,3,5,2,5,59,34,18,8,8,6,11
2016-7203,Launceston,Hard,32,C,,20160207,16,PH71,,,Max Purcell,R,185,AUS,17.848,1014,11,W630,,,Andrew Whittington,R,188,AUS,22.491,450,91,6-7(4) 7-6(5) 6-4,3,R32,142,7,7,125,62,46,31,17,7,10,14,4,103,67,50,19,17,2,6
2016-7203,Launceston,Hard,32,C,,20160207,17,ME64,3,,Saketh Myneni,R,193,IND,28.304,175,308,PF65,,,Filip Peliwo,R,180,POL,22.021,390,112,7-5 5-7 6-3,3,R16,107,9,4,108,68,47,19,17,4,8,4,3,81,50,33,16,16,1,6
2016-7203,Launceston,Hard,32,C,,20160207,18,BI81,,,Alex Bolt,L,183,AUS,23.088,269,197,SL07,4,,Alexander Sarkissian,R,191,USA,25.848,185,284,6-3 6-7(3) 6-3,3,R16,113,12,3,101,61,53,20,16,7,7,17,5,88,57,47,13,14,5,7
2016-7203,Launceston,Hard,32,C,,20160207,19,SM09,7,,Luke Saville,R,188,AUS,22.097,195,266,PH71,,,Max Purcell,R,185,AUS,17.848,1014,11,6-4 4-6 6-1,3,R16,105,2,2,75,46,34,16,13,3,5,5,2,86,42,28,19,14,3,8
2016-7203,Launceston,Hard,32,C,,20160207,20,G806,8,,Andrey Golubev,R,180,KAZ,28.548,221,239,N598,,,Takuto Niki,R,183,JPN,28.323,371,122,6-1 6-3,3,R16,55,6,1,41,31,24,5,8,0,1,0,0,48,29,16,5,8,5,10
2016-7203,Launceston,Hard,32,C,,20160207,21,R612,9,,Stephane Robert,R,185,FRA,35.726,165,338,LE01,,,Duckhee Lee,R,170,KOR,17.695,234,230,6-4 6-1,3,R16,63,3,4,50,24,18,11,8,0,2,0,0,64,42,19,9,9,5,11
2016-7203,Launceston,Hard,32,C,,20160207,22,BH98,,,Matthew Barton,R,191,AUS,24.14,267,199,J553,,,Omar Jasika,L,183,AUS,18.724,276,188,6-2 3-6 6-3,3,R16,106,11,4,88,49,37,18,13,8,11,3,3,85,57,35,12,13,7,12
2016-7203,Launceston,Hard,32,C,,20160207,23,MK40,,,Benjamin Mitchell,R,183,AUS,23.187,233,233,CD94,,,Jarryd Chaplin,R,183,AUS,23.819,946,15,6-4 6-2,3,R16,71,1,6,62,43,33,7,9,3,4,1,7,59,32,23,9,9,5,9
2016-7203,Launceston,Hard,32,C,,20160207,24,MM79,,,Blake Mott,R,180,AUS,19.797,721,34,TE51,,,Stefanos Tsitsipas,R,193,GRE,17.489,573,57,6-1 6-4,3,R16,67,1,0,51,41,27,7,9,2,3,4,1,47,32,19,4,8,2,6
2016-7203,Launceston,Hard,32,C,,20160207,25,ME64,3,,Saketh Myneni,R,193,IND,28.304,175,308,MK40,,,Benjamin Mitchell,R,183,AUS,23.187,233,233,6-4 6-2,3,QF,57,3,0,56,33,20,12,9,4,7,3,7,44,26,15,5,9,0,6
2016-7203,Launceston,Hard,32,C,,20160207,26,SM09,7,,Luke Saville,R,188,AUS,22.097,195,266,BI81,,,Alex Bolt,L,183,AUS,23.088,269,197,6-3 7-6(2),3,QF,105,3,1,70,48,32,13,10,7,9,1,5,87,50,29,17,11,5,9
2016-7203,Launceston,Hard,32,C,,20160207,27,G806,8,,Andrey Golubev,R,180,KAZ,28.548,221,239,BH98,,,Matthew Barton,R,191,AUS,24.14,267,199,6-4 3-6 6-3,3,QF,108,4,1,77,48,38,18,14,2,3,8,3,89,43,36,23,14,8,10
2016-7203,Launceston,Hard,32,C,,20160207,28,MM79,,,Blake Mott,R,180,AUS,19.797,721,34,R612,9,,Stephane Robert,R,185,FRA,35.726,165,338,6-3 7-6(6),3,QF,98,3,5,81,53,37,13,11,5,7,4,2,79,44,28,18,10,2,5
2016-7203,Launceston,Hard,32,C,,20160207,29,MM79,,,Blake Mott,R,180,AUS,19.797,721,34,ME64,3,,Saketh Myneni,R,193,IND,28.304,175,308,6-1 6-4,3,SF,64,3,4,58,37,26,9,8,3,4,6,6,55,33,20,7,9,6,11
2016-7203,Launceston,Hard,32,C,,20160207,30,G806,8,,Andrey Golubev,R,180,KAZ,28.548,221,239,SM09,7,,Luke Saville,R,188,AUS,22.097,195,266,6-3 7-6(2),3,SF,79,3,2,62,37,31,18,11,0,0,2,1,51,38,31,9,10,0,1
2016-7203,Launceston,Hard,32,C,,20160207,31,MM79,,,Blake Mott,R,180,AUS,19.797,721,34,G806,8,,Andrey Golubev,R,180,KAZ,28.548,221,239,6-7(4) 6-1 6-2,3,F,127,4,6,89,65,47,12,13,7,9,7,9,102,58,39,14,14,6,13
2016-7201,Santo Domingo,Clay,32,C,,20160214,1,E224,1,,Victor Estrella Burgos,R,170,DOM,35.535,56,797,LB07,,,Gonzalo Lama,R,180,CHI,22.801,263,201,6-3 6-4,3,R32,88,6,1,65,44,33,13,10,7,7,1,3,68,44,28,12,9,4,6
2016-7201,Santo Domingo,Clay,32,C,,20160214,2,G983,,,Alessandro Giannessi,L,185,ITA,25.711,252,214,Z184,2,,Horacio Zeballos,L,188,ARG,30.801,119,488,6-1 6-3,3,R32,61,2,4,47,27,23,12,8,2,2,0,1,52,37,18,6,8,4,8
2016-7201,Santo Domingo,Clay,32,C,,20160214,3,MI43,3,,Gerald Melzer,L,188,AUT,25.591,134,458,J551,,,Nicolas Jarry,R,201,CHI,20.345,447,91,7-6(3) 6-3,3,R32,98,6,0,81,52,36,19,11,6,7,5,3,61,40,29,8,10,2,4
2016-7201,Santo Domingo,Clay,32,C,,20160214,4,CF59,4,,Roberto Carballes Baena,R,183,ESP,22.897,123,484,H0A4,,,Nick Hardt,R,185,DOM,15.4,1342,4,6-1 6-0,3,R32,52,2,0,33,13,12,16,7,0,0,1,2,43,18,11,5,6,8,13
2016-7201,Santo Domingo,Clay,32,C,,20160214,5,MF35,5,,Andrej Martin,R,183,SVK,26.401,137,446,RB60,,,Oriol Roca Batalla,R,175,ESP,22.793,231,229,6-4 6-4,3,R32,79,3,1,62,41,32,10,10,2,3,0,1,55,30,16,18,10,0,3
2016-7201,Santo Domingo,Clay,32,C,,20160214,6,H896,,,Jose Hernandez-Fernandez,R,183,DOM,25.925,235,226,G892,6,,Alejandro Gonzalez,R,191,COL,27.017,156,380,7-6(3) 4-6 6-3,3,R32,142,3,2,98,78,47,11,16,5,11,14,1,97,57,34,19,15,9,15
2016-7201,Santo Domingo,Clay,32,C,,20160214,7,CD00,,,Maxime Chazal,R,175,FRA,22.809,261,205,G602,7,,Andre Ghem,R,193,BRA,33.714,155,385,6-7(4) 6-4 6-4,3,R32,161,1,2,106,68,47,23,16,6,9,2,10,113,69,52,15,16,6,11
2016-7201,Santo Domingo,Clay,32,C,,20160214,8,SG64,,,Joao Souza,R,193,BRA,27.718,143,418,L430,,,Giovanni Lapentti,R,193,ECU,33.054,221,239,6-4 5-7 6-4,3,R32,116,6,3,79,50,43,19,16,1,2,7,6,90,60,46,14,16,3,5
2016-7201,Santo Domingo,Clay,32,C,,20160214,9,A887,,,Guido Andreozzi,R,183,ARG,24.528,233,226,SH91,,,Jordi Samper-Montana,R,,ESP,25.862,213,249,6-0 6-3,3,R32,61,2,0,37,27,21,8,7,0,0,3,3,48,29,17,5,8,0,5
2016-7201,Santo Domingo,Clay,32,C,,20160214,10,BK19,,,Mathias Bourgue,R,188,FRA,22.073,199,263,O634,,,Jose Olivares,R,163,DOM,19.099,1204,7,6-3 7-5,3,R32,70,3,3,54,40,35,8,11,0,1,2,2,54,30,22,12,10,2,5
2016-7201,Santo Domingo,Clay,32,C,,20160214,11,HB48,,,Calvin Hemery,R,191,FRA,21.046,229,229,E678,,,Jonathan Eysseric,L,180,FRA,25.719,268,196,6-4 6-2,3,R32,101,1,8,69,36,24,15,9,6,8,4,9,68,32,21,12,9,8,13
2016-7201,Santo Domingo,Clay,32,C,,20160214,12,KC29,,,Nicolas Kicker,R,178,ARG,23.496,170,319,KC86,,,Darian King,R,188,BAR,23.803,247,218,6-2 6-1,3,R32,56,2,1,43,31,22,9,8,1,2,1,4,40,25,13,3,7,1,6
2016-7201,Santo Domingo,Clay,32,C,,20160214,13,KC04,,,Jozef Kovalik,R,183,SVK,23.277,204,254,R750,,,Pere Riba,R,183,ESP,27.855,223,236,7-5 7-6(5),3,R32,104,3,2,68,40,34,17,12,0,1,12,0,70,37,30,18,12,2,4
2016-7201,Santo Domingo,Clay,32,C,,20160214,14,N437,,,Gianluca Naso,R,193,ITA,29.106,211,250,T984,,,Bastian Trinker,R,188,AUT,25.763,243,221,6-1 6-1,3,R32,54,2,1,40,24,18,12,7,1,1,1,5,48,25,17,4,7,2,7
2016-7201,Santo Domingo,Clay,32,C,,20160214,15,Q941,,,Roberto Quiroz,L,193,ECU,23.975,1223,6,GA36,,,Emilio Gomez,R,185,ECU,24.214,311,151,6-1 4-6 6-3,3,R32,113,1,4,81,46,33,15,13,0,3,5,4,79,48,26,15,13,10,16
2016-7201,Santo Domingo,Clay,32,C,,20160214,16,SF76,,,Franko Skugor,R,196,CRO,28.402,191,274,R383,,,Ruben Ramirez Hidalgo,R,183,ESP,38.105,230,229,6-4 0-6 6-3,3,R32,132,2,2,72,43,28,10,12,2,7,2,7,98,56,33,23,13,14,19
2016-7201,Santo Domingo,Clay,32,C,,20160214,17,KC04,,,Jozef Kovalik,R,183,SVK,23.277,204,254,E224,1,,Victor Estrella Burgos,R,170,DOM,35.535,56,797,6-3 6-2,3,R16,72,4,0,51,35,27,11,9,0,0,2,5,61,34,21,11,8,3,6
2016-7201,Santo Domingo,Clay,32,C,,20160214,18,A887,,,Guido Andreozzi,R,183,ARG,24.528,233,226,MI43,3,,Gerald Melzer,L,188,AUT,25.591,134,458,6-3 4-6 6-2,3,R16,126,1,2,73,40,30,19,13,4,6,7,2,96,64,42,12,14,8,13
2016-7201,Santo Domingo,Clay,32,C,,20160214,19,CF59,4,,Roberto Carballes Baena,R,183,ESP,22.897,123,484,N437,,,Gianluca Naso,R,193,ITA,29.106,211,250,4-6 6-3 7-6(2),3,R16,160,5,2,105,63,41,23,15,7,11,4,0,99,52,36,23,16,6,11
2016-7201,Santo Domingo,Clay,32,C,,20160214,20,MF35,5,,Andrej Martin,R,183,SVK,26.401,137,446,HB48,,,Calvin Hemery,R,191,FRA,21.046,229,229,6-4 7-6(5),3,R16,93,1,1,63,37,28,18,11,0,2,4,8,73,38,29,14,11,5,8
2016-7201,Santo Domingo,Clay,32,C,,20160214,21,BK19,,,Mathias Bourgue,R,188,FRA,22.073,199,263,SG64,,,Joao Souza,R,193,BRA,27.718,143,418,6-1 7-6(4),3,R16,102,4,1,67,42,29,13,10,6,8,2,3,65,39,23,11,9,4,8
2016-7201,Santo Domingo,Clay,32,C,,20160214,22,CD00,,,Maxime Chazal,R,175,FRA,22.809,261,205,Q941,,,Roberto Quiroz,L,193,ECU,23.975,1223,6,6-3 7-5,3,R16,88,0,2,63,46,31,4,11,3,7,2,2,71,53,31,3,10,5,11
2016-7201,Santo Domingo,Clay,32,C,,20160214,23,G983,,,Alessandro Giannessi,L,185,ITA,25.711,252,214,SF76,,,Franko Skugor,R,196,CRO,28.402,191,274,7-6(0) 7-6(2),3,R16,129,3,1,75,48,34,19,12,1,3,4,1,83,44,28,21,12,4,6
2016-7201,Santo Domingo,Clay,32,C,,20160214,24,KC29,,,Nicolas Kicker,R,178,ARG,23.496,170,319,H896,,,Jose Hernandez-Fernandez,R,183,DOM,25.925,235,226,6-3 6-1,3,R16,68,1,1,45,32,23,10,8,1,1,1,4,53,33,18,8,8,4,8
2016-7201,Santo Domingo,Clay,32,C,,20160214,25,BK19,,,Mathias Bourgue,R,188,FRA,22.073,199,263,CF59,4,,Roberto Carballes Baena,R,183,ESP,22.897,123,484,1-6 6-4 6-4,3,QF,130,6,2,91,55,41,12,14,8,12,0,1,77,43,29,21,13,3,6
2016-7201,Santo Domingo,Clay,32,C,,20160214,26,KC04,,,Jozef Kovalik,R,183,SVK,23.277,204,254,MF35,5,,Andrej Martin,R,183,SVK,26.401,137,446,7-6(6) 6-3,3,QF,100,2,1,67,51,35,12,10,8,9,1,4,72,39,28,15,11,4,7
2016-7201,Santo Domingo,Clay,32,C,,20160214,27,A887,,,Guido Andreozzi,R,183,ARG,24.528,233,226,CD00,,,Maxime Chazal,R,175,FRA,22.809,261,205,6-1 6-1,3,QF,53,2,1,41,26,23,7,7,3,3,1,3,34,22,11,2,7,2,7
2016-7201,Santo Domingo,Clay,32,C,,20160214,28,KC29,,,Nicolas Kicker,R,178,ARG,23.496,170,319,G983,,,Alessandro Giannessi,L,185,ITA,25.711,252,214,6-4 3-6 6-2,3,QF,136,0,2,83,52,35,18,13,4,6,3,2,92,60,38,16,14,9,13
2016-7201,Santo Domingo,Clay,32,C,,20160214,29,A887,,,Guido Andreozzi,R,183,ARG,24.528,233,226,KC04,,,Jozef Kovalik,R,183,SVK,23.277,204,254,7-5 6-4,3,SF,101,0,5,78,54,40,11,11,5,6,6,1,67,47,34,8,11,1,4
2016-7201,Santo Domingo,Clay,32,C,,20160214,30,KC29,,,Nicolas Kicker,R,178,ARG,23.496,170,319,BK19,,,Mathias Bourgue,R,188,FRA,22.073,199,263,6-4 7-5,3,SF,103,0,2,71,45,30,17,11,2,3,2,1,76,46,29,14,11,3,6
2016-7201,Santo Domingo,Clay,32,C,,20160214,31,A887,,,Guido Andreozzi,R,183,ARG,24.528,233,226,KC29,,,Nicolas Kicker,R,178,ARG,23.496,170,319,6-0 6-4,3,F,73,2,1,43,28,25,8,8,0,0,2,2,54,36,19,9,8,3,7
2016-854,Bergamo,Hard,32,C,,20160214,1,G967,,,Peter Gojowczyk,R,188,GER,26.585,201,259,BF55,1,,Yuki Bhambri,R,185,IND,23.614,101,585,4-6 6-3 6-1,3,R32,95,6,3,82,47,35,18,13,6,8,8,3,77,48,29,14,13,4,9
2016-854,Bergamo,Hard,32,C,,20160214,2,F724,,,Marton Fucsovics,R,188,HUN,24.016,200,261,BE54,,,Ruben Bemelmans,L,183,BEL,28.085,115,499,6-3 6-4,3,R32,64,8,1,60,39,32,12,10,4,4,3,4,59,39,24,11,9,1,3
2016-854,Bergamo,Hard,32,C,,20160214,3,GC89,,,Egor Gerasimov,R,196,BLR,23.258,184,289,BG23,3,,Nikoloz Basilashvili,R,185,GEO,23.975,117,491,7-5 6-3,3,R32,65,9,5,65,44,35,8,11,4,6,4,6,59,32,21,9,10,1,5
2016-854,Bergamo,Hard,32,C,,20160214,4,D551,,,Farrukh Dustov,R,193,UZB,29.733,164,349,BE67,4,,Mirza Basic,R,188,BIH,24.594,109,521,4-6 6-3 6-4,3,R32,105,17,0,97,71,52,10,15,4,6,8,4,88,51,38,17,14,3,6
2016-854,Bergamo,Hard,32,C,,20160214,5,B678,5,,Michael Berrer,L,193,GER,35.622,110,520,S694,,,Radek Stepanek,R,185,CZE,37.216,165,342,2-6 6-3 6-3,3,R32,106,4,4,83,46,35,16,13,10,13,9,0,75,46,36,11,13,5,9
2016-854,Bergamo,Hard,32,C,,20160214,6,SC47,6,,Go Soeda,R,178,JPN,31.441,133,466,BA86,,,Andreas Beck,L,191,GER,30.023,389,112,6-4 3-6 6-4,3,R32,112,9,2,81,52,42,16,14,3,4,8,5,92,54,40,21,15,6,8
2016-854,Bergamo,Hard,32,C,,20160214,7,SF41,,,Aldin Setkic,R,191,BIH,28.151,212,250,BA65,7,,Dustin Brown,R,196,JAM,31.184,104,552,2-6 6-2 7-6(4),3,R32,85,10,4,86,61,45,10,14,2,5,16,14,89,51,44,12,14,5,8
2016-854,Bergamo,Hard,32,C,,20160214,8,C582,,,Marco Chiudinelli,R,185,SUI,34.428,189,277,K776,8,,Konstantin Kravchuk,R,191,RUS,30.973,135,455,7-6(5) 6-3,3,R32,82,8,0,54,31,28,16,10,0,0,8,3,67,35,28,17,11,0,2
2016-854,Bergamo,Hard,32,C,,20160214,9,BK24,,,Gregoire Barrere,R,183,FRA,21.993,270,194,Z248,,,Dzmitry Zhyrmont,R,188,BLR,26.957,304,160,7-6(2) 6-7(3) 7-6(8),3,R32,159,14,5,128,71,56,27,18,5,7,15,5,127,72,54,30,18,5,7
2016-854,Bergamo,Hard,32,C,,20160214,10,HB64,,,Quentin Halys,R,191,FRA,19.302,172,316,TC61,,,Jordan Thompson,R,183,AUS,21.821,146,414,6-2 7-5,3,R32,72,10,6,58,30,26,12,10,2,3,2,3,66,38,23,12,10,3,7
2016-854,Bergamo,Hard,32,C,,20160214,11,H996,,,Pierre-Hugues Herbert,R,188,FRA,24.912,141,428,GB53,,,Federico Gaio,R,178,ITA,23.945,255,213,6-3 6-3,3,R32,72,7,1,54,31,28,11,9,1,1,1,3,64,35,20,17,9,3,6
2016-854,Bergamo,Hard,32,C,,20160214,12,K596,,,Alexander Kudryavtsev,R,183,RUS,30.303,177,302,A622,,,Andrea Arnaboldi,L,180,ITA,28.134,162,352,6-4 6-4,3,R32,71,10,1,51,30,27,13,10,0,0,5,7,66,31,20,19,10,6,8
2016-854,Bergamo,Hard,32,C,,20160214,13,LC11,,,Tristan Lamasine,R,183,FRA,22.946,207,251,Y218,,,Elias Ymer,R,185,SWE,19.847,153,388,7-6(6) 4-6 7-6(3),3,R32,170,1,3,130,82,55,26,17,6,9,9,9,123,61,49,29,17,8,10
2016-854,Bergamo,Hard,32,C,,20160214,14,L908,,,Nils Langer,R,193,GER,26.053,198,263,CE25,,,Salvatore Caruso,R,185,ITA,23.165,259,211,6-1 4-6 7-6(4),3,R32,116,12,4,94,59,43,15,15,2,6,6,2,79,41,28,18,14,0,5
2016-854,Bergamo,Hard,32,C,,20160214,15,MI01,,,Hiroki Moriya,R,168,JPN,25.331,208,250,SK67,,,Jan Satral,R,185,CZE,25.561,216,246,6-4 6-2,3,R32,71,6,4,74,44,32,16,9,6,6,4,2,50,36,27,3,9,3,6
2016-854,Bergamo,Hard,32,C,,20160214,16,SF36,,,Igor Sijsling,R,191,NED,28.493,157,371,ML57,,,Gianluca Mager,R,188,ITA,21.205,323,146,6-7(5) 6-2 7-5,3,R32,106,10,3,91,48,45,24,16,0,0,12,8,100,53,42,22,16,1,4
2016-854,Bergamo,Hard,32,C,,20160214,17,B678,5,,Michael Berrer,L,193,GER,35.622,110,520,L908,,,Nils Langer,R,193,GER,26.053,198,263,6-7(2) 7-6(5) 7-5,3,R16,158,11,5,128,83,57,20,18,5,10,7,9,115,72,50,18,18,3,9
2016-854,Bergamo,Hard,32,C,,20160214,18,H996,,,Pierre-Hugues Herbert,R,188,FRA,24.912,141,428,SC47,6,,Go Soeda,R,178,JPN,31.441,133,466,6-4 6-3,3,R16,59,9,2,51,27,24,16,10,0,0,0,1,54,35,24,12,9,2,4
2016-854,Bergamo,Hard,32,C,,20160214,19,BK24,,,Gregoire Barrere,R,183,FRA,21.993,270,194,D551,,,Farrukh Dustov,R,193,UZB,29.733,164,349,6-3 1-6 6-3,3,R16,84,6,3,67,40,35,9,13,2,5,8,3,76,53,39,8,12,6,9
2016-854,Bergamo,Hard,32,C,,20160214,20,C582,,,Marco Chiudinelli,R,185,SUI,34.428,189,277,HB64,,,Quentin Halys,R,191,FRA,19.302,172,316,7-6(4) 7-5,3,R16,108,3,3,87,57,41,16,12,3,4,9,3,77,45,32,17,12,2,4
2016-854,Bergamo,Hard,32,C,,20160214,21,GC89,,,Egor Gerasimov,R,196,BLR,23.258,184,289,SF36,,,Igor Sijsling,R,191,NED,28.493,157,371,6-1 6-2,3,R16,45,11,2,43,24,21,11,7,2,2,2,1,51,31,19,4,8,2,7
2016-854,Bergamo,Hard,32,C,,20160214,22,G967,,,Peter Gojowczyk,R,188,GER,26.585,201,259,K596,,,Alexander Kudryavtsev,R,183,RUS,30.303,177,302,2-6 6-3 6-3,3,R16,91,10,5,81,44,33,18,13,2,5,16,5,87,45,33,20,13,7,11
2016-854,Bergamo,Hard,32,C,,20160214,23,MI01,,,Hiroki Moriya,R,168,JPN,25.331,208,250,F724,,,Marton Fucsovics,R,188,HUN,24.016,200,261,7-6(6) 2-6 7-5,3,R16,152,2,5,114,63,46,24,16,6,11,4,5,120,59,40,33,16,8,12
2016-854,Bergamo,Hard,32,C,,20160214,24,SF41,,,Aldin Setkic,R,191,BIH,28.151,212,250,LC11,,,Tristan Lamasine,R,183,FRA,22.946,207,251,6-3 3-6 6-4,3,R16,124,6,2,96,57,41,18,14,11,14,8,3,84,46,32,17,14,2,6
2016-854,Bergamo,Hard,32,C,,20160214,25,BK24,,,Gregoire Barrere,R,183,FRA,21.993,270,194,B678,5,,Michael Berrer,L,193,GER,35.622,110,520,6-3 6-4,3,QF,67,3,3,68,34,22,23,10,5,6,3,2,50,25,19,12,9,4,7
2016-854,Bergamo,Hard,32,C,,20160214,26,GC89,,,Egor Gerasimov,R,196,BLR,23.258,184,289,SF41,,,Aldin Setkic,R,191,BIH,28.151,212,250,6-4 6-4,3,QF,73,8,7,62,33,28,10,10,3,5,2,3,65,45,27,8,10,5,9
2016-854,Bergamo,Hard,32,C,,20160214,27,H996,,,Pierre-Hugues Herbert,R,188,FRA,24.912,141,428,G967,,,Peter Gojowczyk,R,188,GER,26.585,201,259,3-6 7-6(3) 7-6(4),3,QF,115,25,9,99,57,48,26,16,4,5,17,4,108,56,43,33,17,2,2
2016-854,Bergamo,Hard,32,C,,20160214,28,MI01,,,Hiroki Moriya,R,168,JPN,25.331,208,250,C582,,,Marco Chiudinelli,R,185,SUI,34.428,189,277,6-4 6-4,3,QF,97,9,2,79,50,34,13,10,6,8,3,1,59,26,15,18,10,3,7
2016-854,Bergamo,Hard,32,C,,20160214,29,GC89,,,Egor Gerasimov,R,196,BLR,23.258,184,289,MI01,,,Hiroki Moriya,R,168,JPN,25.331,208,250,6-2 6-3,3,SF,64,11,3,59,40,30,10,9,3,3,1,2,59,30,19,15,8,3,6
2016-854,Bergamo,Hard,32,C,,20160214,30,H996,,,Pierre-Hugues Herbert,R,188,FRA,24.912,141,428,BK24,,,Gregoire Barrere,R,183,FRA,21.993,270,194,6-4 6-4,3,SF,53,11,8,52,33,31,10,10,1,1,4,4,52,28,25,11,10,0,2
2016-854,Bergamo,Hard,32,C,,20160214,31,H996,,,Pierre-Hugues Herbert,R,188,FRA,24.912,141,428,GC89,,,Egor Gerasimov,R,196,BLR,23.258,184,289,6-3 7-6(5),3,F,65,14,1,65,41,34,16,11,0,0,8,3,61,37,30,13,10,0,1
2016-6963,Morelos,Hard,32,C,,20160220,1,Z184,2,,Horacio Zeballos,L,188,ARG,30.817,121,488,ME05,,,Marinko Matosevic,R,193,AUS,30.535,309,155,6-4 6-3,3,R32,80,4,1,59,41,29,11,10,3,4,3,4,61,31,23,13,9,3,6
2016-6963,Morelos,Hard,32,C,,20160220,2,MI43,3,,Gerald Melzer,L,188,AUT,25.607,136,449,G922,,,Gerard Granollers,R,183,ESP,27.055,293,167,6-2 3-6 6-1,3,R32,94,5,1,73,40,26,25,12,4,5,5,3,80,41,30,18,12,4,8
2016-6963,Morelos,Hard,32,C,,20160220,3,G892,4,,Alejandro Gonzalez,R,191,COL,27.034,154,380,GC87,,,Lucas Gomez,L,178,MEX,20.528,543,62,6-2 6-2,3,R32,74,5,2,75,32,24,22,8,10,10,3,4,41,17,11,11,8,0,4
2016-6963,Morelos,Hard,32,C,,20160220,4,MB53,5,,Adrian Menendez-Maceiras,R,183,ESP,30.313,158,369,A853,,,Marcelo Arevalo,R,191,ESA,25.344,276,179,6-4 6-4,3,R32,72,4,1,56,32,27,16,10,0,0,6,5,54,40,32,5,10,3,5
2016-6963,Morelos,Hard,32,C,,20160220,5,SL07,6,,Alexander Sarkissian,R,191,USA,25.884,185,292,R383,,,Ruben Ramirez Hidalgo,R,183,ESP,38.122,231,229,6-1 3-6 6-3,3,R32,98,18,6,78,39,34,13,13,2,5,5,5,72,40,29,11,12,0,5
2016-6963,Morelos,Hard,32,C,,20160220,6,K839,,,Tobias Kamke,R,178,GER,29.752,280,177,DB59,7,,Dennis Novak,R,183,AUT,22.48,222,238,7-5 6-0,3,R32,68,1,7,57,25,20,16,9,2,4,1,6,49,30,15,6,9,1,7
2016-6963,Morelos,Hard,32,C,,20160220,7,BC76,,,Nicolas Barrientos,R,175,COL,28.827,292,168,SH91,8,,Jordi Samper-Montana,R,,ESP,25.878,210,249,6-4 3-6 6-3,3,R32,143,0,8,94,64,43,9,14,6,11,4,13,104,49,33,23,14,12,18
2016-6963,Morelos,Hard,32,C,,20160220,8,G983,,,Alessandro Giannessi,L,185,ITA,25.728,228,232,L430,9,,Giovanni Lapentti,R,193,ECU,33.07,219,239,6-7(8) 7-5 7-6(3),3,R32,188,5,4,111,69,52,22,18,2,6,4,0,140,89,59,25,18,10,15
2016-6963,Morelos,Hard,32,C,,20160220,9,A887,,,Guido Andreozzi,R,183,ARG,24.545,172,319,KC86,,,Darian King,R,188,BAR,23.819,241,223,6-2 6-3,3,R32,79,3,5,59,27,24,16,8,5,5,3,2,71,46,25,12,9,8,12
2016-6963,Morelos,Hard,32,C,,20160220,10,BC68,,,Philip Bester,R,188,CAN,27.373,277,179,H917,,,Tigre Hank,L,188,MEX,24.392,446,92,6-3 7-6(5),3,R32,90,5,2,68,34,27,23,11,3,4,4,9,72,43,32,14,10,3,5
2016-6963,Morelos,Hard,32,C,,20160220,11,E661,,,Gonzalo Escobar,L,178,ECU,27.083,370,121,SM38,,,Connor Smith,R,,USA,25.172,251,214,7-6(5) 6-2,3,R32,82,0,0,63,48,31,11,10,2,4,3,5,63,37,25,11,10,1,5
2016-6963,Morelos,Hard,32,C,,20160220,12,J380,,,Jason Jung,R,180,TPE,26.683,236,226,BH02,,,Sekou Bangoura,R,183,USA,24.257,279,178,6-3 6-2,3,R32,56,3,4,49,26,24,14,9,1,1,0,1,47,30,15,11,8,2,5
2016-6963,Morelos,Hard,32,C,,20160220,13,KC12,,,Mitchell Krueger,R,188,USA,22.105,274,180,A803,,,Mauricio Astorga,L,0,MEX,24.674,1119,9,7-6(0) 5-7 6-1,3,R32,123,11,6,104,56,46,27,16,3,4,13,2,91,36,29,30,15,4,6
2016-6963,Morelos,Hard,32,C,,20160220,14,PB22,,,Peter Polansky,R,183,CAN,27.682,616,49,LB84,,,Juan Ignacio Londero,R,180,ARG,22.516,284,175,6-1 6-4,3,R32,61,8,1,51,31,25,13,9,1,1,0,1,54,24,14,16,8,4,7
2016-6963,Morelos,Hard,32,C,,20160220,15,RB60,,,Oriol Roca Batalla,R,175,ESP,22.809,232,229,PE42,,,Luis Patino,R,183,MEX,22.374,787,27,5-7 6-3 7-5,3,R32,108,5,4,96,50,38,28,17,3,5,3,1,81,58,42,13,16,2,5
2016-6963,Morelos,Hard,32,C,,20160220,16,SI36,,,Eduardo Struvay,R,,COL,25.177,238,224,SK47,,,Mohamed Safwat,R,180,EGY,25.421,268,195,6-3 3-6 7-5,3,R32,112,6,3,87,38,28,32,15,5,7,2,4,89,54,42,17,15,2,5
2016-6963,Morelos,Hard,32,C,,20160220,17,Z184,2,,Horacio Zeballos,L,188,ARG,30.817,121,488,PB22,,,Peter Polansky,R,183,CAN,27.682,616,49,6-4 7-6(4),3,R16,85,6,1,63,37,31,18,11,0,0,9,5,72,44,35,13,11,1,2
2016-6963,Morelos,Hard,32,C,,20160220,18,MI43,3,,Gerald Melzer,L,188,AUT,25.607,136,449,SI36,,,Eduardo Struvay,R,,COL,25.177,238,224,6-4 7-6(6),3,R16,100,6,1,71,43,34,19,11,2,2,6,5,77,44,34,17,11,3,4
2016-6963,Morelos,Hard,32,C,,20160220,19,G892,4,,Alejandro Gonzalez,R,191,COL,27.034,154,380,BC68,,,Philip Bester,R,188,CAN,27.373,277,179,7-5 7-6(2),3,R16,96,5,6,70,40,35,15,12,2,3,5,4,78,41,30,19,12,1,3
2016-6963,Morelos,Hard,32,C,,20160220,20,MB53,5,,Adrian Menendez-Maceiras,R,183,ESP,30.313,158,369,RB60,,,Oriol Roca Batalla,R,175,ESP,22.809,232,229,7-6(4) 4-6 6-2,3,R16,135,7,7,86,49,38,15,15,2,7,2,6,98,59,40,18,15,7,13
2016-6963,Morelos,Hard,32,C,,20160220,21,SL07,6,,Alexander Sarkissian,R,191,USA,25.884,185,292,J380,,,Jason Jung,R,180,TPE,26.683,236,226,6-7(6) 6-4 7-5,3,R16,149,13,7,110,50,36,32,17,3,8,9,13,117,59,43,21,17,7,14
2016-6963,Morelos,Hard,32,C,,20160220,22,BC76,,,Nicolas Barrientos,R,175,COL,28.827,292,168,KC12,,,Mitchell Krueger,R,188,USA,22.105,274,180,6-3 6-4,3,R16,78,2,3,67,42,29,15,10,5,5,3,0,57,37,24,11,9,4,6
2016-6963,Morelos,Hard,32,C,,20160220,23,G983,,,Alessandro Giannessi,L,185,ITA,25.728,228,232,A887,,,Guido Andreozzi,R,183,ARG,24.545,172,319,1-6 6-4 7-5,3,R16,132,7,6,103,65,43,16,15,8,13,8,6,88,45,27,25,14,5,9
2016-6963,Morelos,Hard,32,C,,20160220,24,K839,,,Tobias Kamke,R,178,GER,29.752,280,177,E661,,,Gonzalo Escobar,L,178,ECU,27.083,370,121,4-6 7-6(6) 6-0,3,R16,129,8,6,97,48,34,20,14,3,8,3,6,92,59,31,14,14,5,12
2016-6963,Morelos,Hard,32,C,,20160220,25,Z184,2,,Horacio Zeballos,L,188,ARG,30.817,121,488,BC76,,,Nicolas Barrientos,R,175,COL,28.827,292,168,6-3 7-5,3,QF,83,8,0,62,30,25,22,11,1,1,0,1,63,52,32,6,10,5,7
2016-6963,Morelos,Hard,32,C,,20160220,26,MI43,3,,Gerald Melzer,L,188,AUT,25.607,136,449,K839,,,Tobias Kamke,R,178,GER,29.752,280,177,7-6(5) 6-3,3,QF,106,3,2,77,51,34,13,10,5,7,2,4,73,35,26,16,11,2,6
2016-6963,Morelos,Hard,32,C,,20160220,27,G892,4,,Alejandro Gonzalez,R,191,COL,27.034,154,380,MB53,5,,Adrian Menendez-Maceiras,R,183,ESP,30.313,158,369,6-4 4-6 7-5,3,QF,131,9,0,87,56,42,18,16,2,5,8,2,101,62,45,15,16,5,9
2016-6963,Morelos,Hard,32,C,,20160220,28,G983,,,Alessandro Giannessi,L,185,ITA,25.728,228,232,SL07,6,,Alexander Sarkissian,R,191,USA,25.884,185,292,2-6 6-1 6-3,3,QF,108,5,4,71,37,28,15,12,4,8,7,14,88,43,32,13,12,5,11
2016-6963,Morelos,Hard,32,C,,20160220,29,MI43,3,,Gerald Melzer,L,188,AUT,25.607,136,449,Z184,2,,Horacio Zeballos,L,188,ARG,30.817,121,488,6-7(1) 6-3 6-4,3,SF,147,8,3,111,63,46,26,16,3,3,16,4,96,56,43,21,15,4,6
2016-6963,Morelos,Hard,32,C,,20160220,30,G892,4,,Alejandro Gonzalez,R,191,COL,27.034,154,380,G983,,,Alessandro Giannessi,L,185,ITA,25.728,228,232,6-3 6-1,3,SF,57,3,0,38,19,16,16,8,0,0,0,5,46,25,17,8,8,4,8
2016-6963,Morelos,Hard,32,C,,20160220,31,MI43,3,,Gerald Melzer,L,188,AUT,25.607,136,449,G892,4,,Alejandro Gonzalez,R,191,COL,27.034,154,380,7-6(4) 6-3,3,F,87,4,1,73,44,33,21,11,1,1,4,2,53,28,26,16,10,2,3
2016-6961,New Delhi,Hard,32,C,,20160221,1,DA86,,,Joris De Loore,R,191,BEL,22.836,312,150,BF55,1,,Yuki Bhambri,R,185,IND,23.633,99,585,6-4 7-6(4),3,R32,100,6,5,83,39,29,22,11,5,8,1,1,73,54,36,6,11,4,8
2016-6961,New Delhi,Hard,32,C,,20160221,2,CG33,2,,Kimmer Coppejans,R,178,BEL,22.037,125,485,LE01,,,Duckhee Lee,R,170,KOR,17.733,230,232,2-6 6-2 6-3,3,R32,131,6,6,90,47,33,19,13,3,6,4,4,94,60,37,15,12,14,18
2016-6961,New Delhi,Hard,32,C,,20160221,3,R612,3,,Stephane Robert,R,185,FRA,35.765,161,355,SG33,,,Sanam Singh,R,175,IND,28.112,271,185,6-4 1-0 RET,3,R32,48,3,1,38,19,14,7,5,3,5,1,3,38,18,10,7,6,3,7
2016-6961,New Delhi,Hard,32,C,,20160221,4,ME64,4,,Saketh Myneni,R,193,IND,28.342,166,341,BF98,,,Alessandro Bega,R,170,ITA,25.112,317,148,6-3 6-2,3,R32,60,9,3,52,27,24,14,9,1,1,0,5,53,37,23,7,8,5,8
2016-6961,New Delhi,Hard,32,C,,20160221,5,L733,,,Zhe Li,R,183,CHN,29.421,242,223,MG08,5,,Yannick Mertens,R,185,BEL,28.66,204,261,4-6 6-3 6-4,3,R32,111,5,1,91,57,40,19,15,5,8,8,0,83,61,40,11,14,4,8
2016-6961,New Delhi,Hard,32,C,,20160221,6,MJ01,,,Roberto Marcora,R,193,ITA,26.478,263,203,Z272,6,,Ze Zhang,R,188,CHN,25.634,239,224,5-7 7-6(3) 6-1,3,R32,153,6,2,115,68,43,25,15,9,13,2,5,106,74,41,15,16,7,13
2016-6961,New Delhi,Hard,32,C,,20160221,7,BE69,7,,Yan Bai,R,185,CHN,26.754,211,249,N558,,,N.Sriram Balaji,R,180,IND,25.93,506,70,7-6(4) 6-3,3,R32,85,4,2,69,43,37,11,11,0,1,3,1,65,44,30,11,10,3,5
2016-6961,New Delhi,Hard,32,C,,20160221,8,C813,8,,Ti Chen,R,178,TPE,32.386,220,239,GC54,,,Scott Griekspoor,R,188,NED,25.114,328,141,7-6(5) 6-3,3,R32,119,2,5,94,63,38,16,11,14,17,4,7,78,39,25,15,10,7,11
2016-6961,New Delhi,Hard,32,C,,20160221,9,BH98,,,Matthew Barton,R,191,AUS,24.178,273,180,BH22,,,Sam Barry,R,191,IRL,24.068,399,109,6-3 6-2,3,R32,62,7,2,55,38,31,9,9,1,1,5,1,50,35,20,7,8,7,10
2016-6961,New Delhi,Hard,32,C,,20160221,10,C723,,,Flavio Cipolla,R,173,ITA,32.339,331,140,D752,,,Niels Desein,R,191,BEL,28.704,352,132,6-4 1-6 6-1,3,R32,99,1,3,79,53,38,11,12,5,7,2,1,66,36,22,21,12,5,8
2016-6961,New Delhi,Hard,32,C,,20160221,11,GA94,,,Prajnesh Gunneswaran,L,188,IND,26.275,477,81,N480,,,Jeevan Nedunchezhiyan,L,173,IND,27.337,425,99,6-4 6-4,3,R32,68,5,2,52,31,24,14,10,0,1,7,2,67,44,29,7,10,2,5
2016-6961,New Delhi,Hard,32,C,,20160221,12,J620,,,Maxime Janvier,R,196,FRA,19.343,310,152,V656,,,Francesco Vilardo,R,178,ITA,26.149,540,63,6-1 6-4,3,R32,87,5,4,63,42,29,12,8,4,4,2,2,55,35,22,8,9,7,11
2016-6961,New Delhi,Hard,32,C,,20160221,13,MK40,,,Benjamin Mitchell,R,183,AUS,23.225,261,206,T885,,,Kento Takeuchi,L,,JPN,28.175,408,106,4-1 RET,3,R32,14,1,3,16,11,10,2,3,0,0,0,0,12,9,4,2,2,0,1
2016-6961,New Delhi,Hard,32,C,,20160221,14,PG20,,,Dmitry Popko,R,191,KAZ,19.326,250,214,N598,,,Takuto Niki,R,183,JPN,28.361,355,130,7-6(4) 3-6 6-3,3,R32,139,6,1,119,77,48,26,15,11,13,8,2,89,55,42,18,15,1,3
2016-6961,New Delhi,Hard,32,C,,20160221,15,V505,,,Vishnu Vardhan,R,188,IND,28.572,470,84,K0AB,,,Adil Kalyanpur,R,188,IND,16.071,,,6-1 6-1,3,R32,51,7,1,40,26,22,8,7,0,0,1,0,45,27,13,5,7,1,6
2016-6961,New Delhi,Hard,32,C,,20160221,16,W373,,,Jimmy Wang,R,180,TPE,31.034,437,94,PA97,,,Vijay Sundar Prashanth,R,178,IND,29.32,400,108,6-2 6-2,3,R32,63,5,2,43,25,18,11,8,0,1,2,1,47,25,13,8,8,5,10
2016-6961,New Delhi,Hard,32,C,,20160221,17,CG33,2,,Kimmer Coppejans,R,178,BEL,22.037,125,485,J620,,,Maxime Janvier,R,196,FRA,19.343,310,152,6-2 6-4,3,R16,74,0,4,57,42,33,7,9,0,0,2,2,61,38,26,11,9,1,4
2016-6961,New Delhi,Hard,32,C,,20160221,18,R612,3,,Stephane Robert,R,185,FRA,35.765,161,355,MK40,,,Benjamin Mitchell,R,183,AUS,23.225,261,206,7-6(4) 7-5,3,R16,115,5,7,90,47,34,17,12,5,10,4,9,107,73,40,13,12,15,21
2016-6961,New Delhi,Hard,32,C,,20160221,19,ME64,4,,Saketh Myneni,R,193,IND,28.342,166,341,BH98,,,Matthew Barton,R,191,AUS,24.178,273,180,6-3 6-4,3,R16,60,5,0,51,34,27,13,10,0,0,5,4,55,34,26,7,9,0,2
2016-6961,New Delhi,Hard,32,C,,20160221,20,GA94,,,Prajnesh Gunneswaran,L,188,IND,26.275,477,81,BE69,7,,Yan Bai,R,185,CHN,26.754,211,249,W/O,3,R16,,,,,,,,,,,,,,,,,,,
2016-6961,New Delhi,Hard,32,C,,20160221,21,W373,,,Jimmy Wang,R,180,TPE,31.034,437,94,C813,8,,Ti Chen,R,178,TPE,32.386,220,239,6-3 6-2,3,R16,95,2,1,52,25,17,15,9,0,2,2,2,61,31,15,12,8,3,8
2016-6961,New Delhi,Hard,32,C,,20160221,22,C723,,,Flavio Cipolla,R,173,ITA,32.339,331,140,DA86,,,Joris De Loore,R,191,BEL,22.836,312,150,6-4 7-6(2),3,R16,101,0,1,88,64,38,17,11,8,10,4,2,69,45,28,14,11,5,8
2016-6961,New Delhi,Hard,32,C,,20160221,23,L733,,,Zhe Li,R,183,CHN,29.421,242,223,V505,,,Vishnu Vardhan,R,188,IND,28.572,470,84,3-6 6-3 6-3,3,R16,116,4,0,77,55,39,14,13,7,8,18,4,84,50,40,11,14,1,4
2016-6961,New Delhi,Hard,32,C,,20160221,24,PG20,,,Dmitry Popko,R,191,KAZ,19.326,250,214,MJ01,,,Roberto Marcora,R,193,ITA,26.478,263,203,7-6(6) 6-3,3,R16,106,1,1,82,58,34,13,10,4,7,6,2,74,35,26,14,11,7,12
2016-6961,New Delhi,Hard,32,C,,20160221,25,CG33,2,,Kimmer Coppejans,R,178,BEL,22.037,125,485,GA94,,,Prajnesh Gunneswaran,L,188,IND,26.275,477,81,6-3 6-2,3,QF,64,3,3,56,37,29,12,9,2,2,0,3,53,39,24,6,8,2,5
2016-6961,New Delhi,Hard,32,C,,20160221,26,R612,3,,Stephane Robert,R,185,FRA,35.765,161,355,PG20,,,Dmitry Popko,R,191,KAZ,19.326,250,214,6-2 6-0,3,QF,41,4,0,33,21,19,7,7,0,1,1,1,40,22,6,7,7,1,7
2016-6961,New Delhi,Hard,32,C,,20160221,27,ME64,4,,Saketh Myneni,R,193,IND,28.342,166,341,L733,,,Zhe Li,R,183,CHN,29.421,242,223,6-4 6-1,3,QF,58,10,1,45,30,25,8,9,0,1,0,3,54,37,23,4,8,4,8
2016-6961,New Delhi,Hard,32,C,,20160221,28,C723,,,Flavio Cipolla,R,173,ITA,32.339,331,140,W373,,,Jimmy Wang,R,180,TPE,31.034,437,94,6-3 6-2,3,QF,75,0,1,52,38,23,7,8,6,8,0,3,60,36,19,7,9,1,7
2016-6961,New Delhi,Hard,32,C,,20160221,29,ME64,4,,Saketh Myneni,R,193,IND,28.342,166,341,CG33,2,,Kimmer Coppejans,R,178,BEL,22.037,125,485,6-3 6-2,3,SF,57,3,0,53,36,25,15,9,3,3,3,2,50,37,25,4,8,2,5
2016-6961,New Delhi,Hard,32,C,,20160221,30,R612,3,,Stephane Robert,R,185,FRA,35.765,161,355,C723,,,Flavio Cipolla,R,173,ITA,32.339,331,140,6-3 6-2,3,SF,74,7,2,50,27,23,12,9,1,2,0,2,68,50,26,10,8,4,8
2016-6961,New Delhi,Hard,32,C,,20160221,31,R612,3,,Stephane Robert,R,185,FRA,35.765,161,355,ME64,4,,Saketh Myneni,R,193,IND,28.342,166,341,6-3 6-0,3,F,56,1,0,45,34,24,8,7,2,2,4,2,70,42,25,8,8,6,11
2016-7205,Wroclaw,Hard,32,C,,20160221,1,D864,1,,Evgeny Donskoy,R,185,RUS,25.788,82,658,MQ75,,,Kamil Majchrzak,R,183,POL,20.107,298,164,6-4 6-4,3,R32,73,5,1,65,42,33,9,10,4,5,7,5,64,33,28,12,10,4,7
2016-7205,Wroclaw,Hard,32,C,,20160221,2,BA65,2,,Dustin Brown,R,196,JAM,31.203,106,540,PG32,,,Adam Pavlasek,R,185,CZE,21.372,144,400,6-4 7-5,3,R32,52,7,4,62,38,33,15,11,1,1,14,3,56,42,36,2,11,1,3
2016-7205,Wroclaw,Hard,32,C,,20160221,3,H442,,,Jan Hernych,R,188,CZE,36.627,350,132,SL28,3,,Jan-Lennard Struff,R,193,GER,25.826,107,536,4-6 6-2 7-6(5),3,R32,117,9,3,99,62,47,17,15,2,5,13,6,100,52,44,15,15,7,11
2016-7205,Wroclaw,Hard,32,C,,20160221,4,L797,4,,Lukas Lacko,R,188,SVK,28.301,109,522,HB71,,,Hubert Hurkacz,R,196,POL,19.025,617,49,6-7(4) 6-4 6-4,3,R32,125,14,5,99,62,46,23,16,1,2,16,8,113,69,51,22,16,8,11
2016-7205,Wroclaw,Hard,32,C,,20160221,5,BE67,5,,Mirza Basic,R,188,BIH,24.613,113,515,CA99,,,Marius Copil,R,191,ROU,25.347,199,270,6-4 7-6(5),3,R32,81,11,4,72,44,37,16,11,3,3,11,4,75,43,32,19,11,4,5
2016-7205,Wroclaw,Hard,32,C,,20160221,6,KH56,,,Zdenek Kolar,R,183,CZE,19.368,636,48,B678,6,,Michael Berrer,L,193,GER,35.641,108,527,6-4 5-7 6-4,3,R32,112,10,2,88,54,42,23,16,5,7,15,5,98,61,44,19,16,6,9
2016-7205,Wroclaw,Hard,32,C,,20160221,7,K776,7,,Konstantin Kravchuk,R,191,RUS,30.992,134,454,U061,,,Adrian Ungur,R,178,ROU,31.08,189,284,6-2 6-3,3,R32,55,6,1,44,32,27,7,8,3,3,3,3,52,33,19,10,9,5,9
2016-7205,Wroclaw,Hard,32,C,,20160221,8,D551,,,Farrukh Dustov,R,193,UZB,29.752,167,340,H996,8,,Pierre-Hugues Herbert,R,188,FRA,24.931,111,518,7-6(4) 6-7(5) 7-6(3),3,R32,149,19,3,118,83,65,20,18,2,3,16,11,132,82,61,26,18,4,5
2016-7205,Wroclaw,Hard,32,C,,20160221,9,BK24,,,Gregoire Barrere,R,183,FRA,22.012,229,232,TC11,,,Marko Tepavac,R,193,SRB,21.881,290,169,4-6 6-4 7-6(5),3,R32,103,18,2,100,67,54,19,16,5,6,17,2,90,65,53,16,16,2,3
2016-7205,Wroclaw,Hard,32,C,,20160221,10,C582,,,Marco Chiudinelli,R,185,SUI,34.448,183,294,E687,,,Daniel Evans,R,175,GBR,25.749,157,369,6-3 3-6 6-3,3,R32,98,5,2,80,50,39,17,14,0,1,5,4,75,50,37,12,13,3,5
2016-7205,Wroclaw,Hard,32,C,,20160221,11,G806,,,Andrey Golubev,R,180,KAZ,28.586,182,294,A622,,,Andrea Arnaboldi,L,180,ITA,28.153,162,352,7-6(3) 6-7(4) 6-4,3,R32,136,16,3,114,70,57,26,17,0,0,9,4,111,65,52,27,17,5,6
2016-7205,Wroclaw,Hard,32,C,,20160221,12,K540,,,Lukasz Kubot,R,191,POL,33.769,669,41,MI01,,,Hiroki Moriya,R,168,JPN,25.35,190,283,7-6(5) 6-4,3,R32,91,8,9,61,36,32,13,11,1,2,2,3,66,45,30,10,11,1,3
2016-7205,Wroclaw,Hard,32,C,,20160221,13,K596,,,Alexander Kudryavtsev,R,183,RUS,30.322,179,304,TC61,,,Jordan Thompson,R,183,AUS,21.84,149,393,7-6(14) 7-6(2),3,R32,102,11,3,82,43,33,27,12,1,3,9,5,93,55,43,15,12,7,9
2016-7205,Wroclaw,Hard,32,C,,20160221,14,N503,,,Aleksandr Nedovyesov,R,188,KAZ,29.016,209,254,CF60,,,Pawel Juszczak,R,178,POL,21.996,529,66,6-1 6-3,3,R32,54,3,0,43,31,27,6,8,0,0,1,4,52,27,17,9,8,2,6
2016-7205,Wroclaw,Hard,32,C,,20160221,15,O411,,,Albano Olivetti,R,203,FRA,24.244,1344,4,MF71,,,Denys Molchanov,R,188,UKR,28.769,234,227,6-2 7-6(12),3,R32,89,18,6,77,45,39,16,10,1,1,6,3,64,35,29,16,10,0,2
2016-7205,Wroclaw,Hard,32,C,,20160221,16,Z254,,,Jurgen Zopp,R,191,EST,27.899,178,305,GC89,,,Egor Gerasimov,R,196,BLR,23.277,164,344,7-6(3) 4-6 6-3,3,R32,106,18,2,100,67,53,18,16,2,4,15,6,102,70,51,16,15,4,6
2016-7205,Wroclaw,Hard,32,C,,20160221,17,D864,1,,Evgeny Donskoy,R,185,RUS,25.788,82,658,N503,,,Aleksandr Nedovyesov,R,188,KAZ,29.016,209,254,6-4 6-4,3,R16,61,6,1,55,37,33,10,10,0,0,4,0,49,30,22,13,10,1,3
2016-7205,Wroclaw,Hard,32,C,,20160221,18,BA65,2,,Dustin Brown,R,196,JAM,31.203,106,540,G806,,,Andrey Golubev,R,180,KAZ,28.586,182,294,6-1 6-4,3,R16,54,5,7,50,30,26,11,9,0,0,6,3,62,45,26,9,8,6,9
2016-7205,Wroclaw,Hard,32,C,,20160221,19,K596,,,Alexander Kudryavtsev,R,183,RUS,30.322,179,304,L797,4,,Lukas Lacko,R,188,SVK,28.301,109,522,2-6 6-4 7-6(4),3,R16,95,26,6,89,58,45,12,15,2,6,13,4,85,50,40,21,15,2,5
2016-7205,Wroclaw,Hard,32,C,,20160221,20,C582,,,Marco Chiudinelli,R,185,SUI,34.448,183,294,BE67,5,,Mirza Basic,R,188,BIH,24.613,113,515,7-6(8) 7-6(6),3,R16,113,13,1,75,50,43,15,12,0,1,11,1,106,74,51,17,12,8,9
2016-7205,Wroclaw,Hard,32,C,,20160221,21,K776,7,,Konstantin Kravchuk,R,191,RUS,30.992,134,454,K540,,,Lukasz Kubot,R,191,POL,33.769,669,41,6-7(5) 6-4 6-3,3,R16,139,11,1,106,61,52,23,16,3,3,6,12,91,48,39,24,15,1,3
2016-7205,Wroclaw,Hard,32,C,,20160221,22,H442,,,Jan Hernych,R,188,CZE,36.627,350,132,BK24,,,Gregoire Barrere,R,183,FRA,22.012,229,232,6-7(5) 6-3 6-2,3,R16,110,8,5,108,78,60,13,15,5,5,14,6,104,64,48,17,14,5,8
2016-7205,Wroclaw,Hard,32,C,,20160221,23,O411,,,Albano Olivetti,R,203,FRA,24.244,1344,4,KH56,,,Zdenek Kolar,R,183,CZE,19.368,636,48,7-6(5) 3-6 6-3,3,R16,105,29,9,87,50,43,20,15,1,2,13,6,89,43,37,26,15,1,2
2016-7205,Wroclaw,Hard,32,C,,20160221,24,Z254,,,Jurgen Zopp,R,191,EST,27.899,178,305,D551,,,Farrukh Dustov,R,193,UZB,29.752,167,340,7-6(3) 6-4,3,R16,88,5,1,76,52,39,13,11,2,3,11,0,67,50,32,9,11,0,2
2016-7205,Wroclaw,Hard,32,C,,20160221,25,K776,7,,Konstantin Kravchuk,R,191,RUS,30.992,134,454,D864,1,,Evgeny Donskoy,R,185,RUS,25.788,82,658,7-6(4) 6-7(9) 6-4,3,QF,134,15,0,107,64,55,26,17,1,1,3,2,105,66,54,25,17,2,3
2016-7205,Wroclaw,Hard,32,C,,20160221,26,BA65,2,,Dustin Brown,R,196,JAM,31.203,106,540,O411,,,Albano Olivetti,R,203,FRA,24.244,1344,4,6-4 6-2,3,QF,60,15,3,44,33,30,6,9,0,0,12,11,61,29,24,11,9,6,9
2016-7205,Wroclaw,Hard,32,C,,20160221,27,C582,,,Marco Chiudinelli,R,185,SUI,34.448,183,294,K596,,,Alexander Kudryavtsev,R,183,RUS,30.322,179,304,6-3 6-2,3,QF,56,1,1,43,24,19,17,9,0,0,5,2,52,24,18,11,8,3,6
2016-7205,Wroclaw,Hard,32,C,,20160221,28,H442,,,Jan Hernych,R,188,CZE,36.627,350,132,Z254,,,Jurgen Zopp,R,191,EST,27.899,178,305,7-6(4) 6-4,3,QF,83,4,2,62,39,31,13,11,0,1,9,4,81,51,40,11,11,6,8
2016-7205,Wroclaw,Hard,32,C,,20160221,29,H442,,,Jan Hernych,R,188,CZE,36.627,350,132,BA65,2,,Dustin Brown,R,196,JAM,31.203,106,540,7-6(5) 6-4,3,SF,70,11,0,70,49,40,11,11,4,5,8,8,68,40,32,13,11,0,2
2016-7205,Wroclaw,Hard,32,C,,20160221,30,C582,,,Marco Chiudinelli,R,185,SUI,34.448,183,294,K776,7,,Konstantin Kravchuk,R,191,RUS,30.992,134,454,7-6(8) 7-6(4),3,SF,108,10,1,73,47,43,17,12,0,0,18,1,87,63,50,12,12,3,3
2016-7205,Wroclaw,Hard,32,C,,20160221,31,C582,,,Marco Chiudinelli,R,185,SUI,34.448,183,294,H442,,,Jan Hernych,R,188,CZE,36.627,350,132,6-3 7-6(9),3,F,104,1,4,74,41,35,22,11,1,1,5,2,74,44,34,15,10,2,3
2016-398,Cherbourg,Hard,32,C,,20160228,1,KB05,1,,Filip Krajinovic,R,185,SRB,24.003,98,585,E687,,,Daniel Evans,R,175,GBR,25.769,159,369,6-4 7-6(4),3,R32,85,9,1,67,43,32,11,11,0,2,8,1,73,47,32,12,11,8,11
2016-398,Cherbourg,Hard,32,C,,20160228,2,N732,2,,Yoshihito Nishioka,L,170,JPN,20.422,126,471,U061,,,Adrian Ungur,R,178,ROU,31.099,193,274,1-6 6-0 6-2,3,R32,80,3,0,50,29,20,13,10,1,4,2,5,74,41,24,12,11,7,13
2016-398,Cherbourg,Hard,32,C,,20160228,3,H996,3,,Pierre-Hugues Herbert,R,188,FRA,24.95,115,506,G753,,,David Guez,R,185,FRA,33.224,191,275,7-6(2) 6-4,3,R32,85,13,4,72,46,37,13,11,5,7,2,1,73,46,29,13,11,2,5
2016-398,Cherbourg,Hard,32,C,,20160228,4,BC72,4,,Daniel Brands,R,196,GER,28.619,131,465,A622,,,Andrea Arnaboldi,L,180,ITA,28.172,164,349,6-4 7-6(9),3,R32,82,15,1,68,51,42,12,11,0,0,3,3,69,40,31,18,11,0,1
2016-398,Cherbourg,Hard,32,C,,20160228,5,PG32,5,,Adam Pavlasek,R,185,CZE,21.391,147,400,H442,,,Jan Hernych,R,188,CZE,36.646,269,193,6-3 4-6 6-3,3,R32,103,14,1,86,57,45,12,14,4,6,2,3,108,68,44,15,14,7,11
2016-398,Cherbourg,Hard,32,C,,20160228,6,TC61,6,,Jordan Thompson,R,183,AUS,21.859,151,393,Z254,,,Jurgen Zopp,R,191,EST,27.918,175,316,6-1 6-1,3,R32,55,7,0,44,23,19,13,7,3,3,0,2,46,29,15,5,7,5,10
2016-398,Cherbourg,Hard,32,C,,20160228,7,KE29,7,,Karen Khachanov,R,198,RUS,19.773,152,390,A789,,,Maxime Authom,R,,BEL,28.92,345,134,7-6(2) 7-6(4),3,R32,99,14,2,83,51,40,21,12,1,1,3,5,93,56,41,21,12,3,3
2016-398,Cherbourg,Hard,32,C,,20160228,8,D750,8,,Kenny De Schepper,L,203,FRA,28.753,150,394,BK24,,,Gregoire Barrere,R,183,FRA,22.031,216,241,6-1 3-6 6-3,3,R32,100,8,2,83,59,40,14,13,4,7,1,2,91,60,34,15,12,5,10
2016-398,Cherbourg,Hard,32,C,,20160228,9,L949,,,Henri Laaksonen,R,185,SUI,23.912,177,311,HB48,,,Calvin Hemery,R,191,FRA,21.084,227,234,6-4 7-5,3,R32,77,6,1,61,45,37,6,11,0,1,5,6,68,39,29,13,11,7,10
2016-398,Cherbourg,Hard,32,C,,20160228,10,LC11,,,Tristan Lamasine,R,183,FRA,22.984,199,265,SD78,,,Alexandre Sidorenko,R,185,FRA,28.027,455,90,6-2 6-4,3,R32,74,1,2,44,26,21,11,9,0,1,2,0,72,40,25,11,9,7,11
2016-398,Cherbourg,Hard,32,C,,20160228,11,ME31,,,Vincent Millot,L,173,FRA,30.078,180,306,HB64,,,Quentin Halys,R,191,FRA,19.34,169,333,3-6 6-4 7-6(1),3,R32,112,4,5,88,49,35,21,15,2,5,16,4,100,57,45,19,16,1,4
2016-398,Cherbourg,Hard,32,C,,20160228,12,N390,,,Frederik Nielsen,R,188,DEN,32.507,431,96,O411,,,Albano Olivetti,R,203,FRA,24.263,816,24,6-4 7-6(12),3,R32,114,3,3,88,70,44,11,11,2,3,14,10,98,50,42,16,11,6,8
2016-398,Cherbourg,Hard,32,C,,20160228,13,RB56,,,Ramkumar Ramanathan,R,188,IND,21.306,213,245,C582,,,Marco Chiudinelli,R,185,SUI,34.467,146,404,6-4 6-1,3,R32,55,6,3,51,36,28,7,9,2,4,0,2,58,44,24,3,8,5,10
2016-398,Cherbourg,Hard,32,C,,20160228,14,RE44,,,Andrey Rublev,R,188,RUS,18.357,210,247,DB59,,,Dennis Novak,R,183,AUT,22.502,239,221,3-6 6-4 6-3,3,R32,94,2,6,82,46,37,15,14,4,7,3,10,83,53,38,12,14,3,7
2016-398,Cherbourg,Hard,32,C,,20160228,15,SF41,,,Aldin Setkic,R,191,BIH,28.189,203,259,D917,,,Sadio Doumbia,R,183,FRA,25.462,380,116,6-4 6-4,3,R32,98,3,2,64,35,29,15,10,3,3,6,2,79,44,26,20,10,9,11
2016-398,Cherbourg,Hard,32,C,,20160228,16,T999,,,Maxime Teixeira,R,188,FRA,27.11,321,146,KC56,,,Aslan Karatsev,R,185,RUS,22.483,194,274,6-2 6-2,3,R32,75,6,2,71,53,36,7,8,2,3,1,5,56,27,15,11,8,5,10
2016-398,Cherbourg,Hard,32,C,,20160228,17,N390,,,Frederik Nielsen,R,188,DEN,32.507,431,96,KB05,1,,Filip Krajinovic,R,185,SRB,24.003,98,585,6-3 7-6(4),3,R16,86,9,3,79,51,39,17,11,8,8,2,1,74,53,38,8,10,1,2
2016-398,Cherbourg,Hard,32,C,,20160228,18,ME31,,,Vincent Millot,L,173,FRA,30.078,180,306,N732,2,,Yoshihito Nishioka,L,170,JPN,20.422,126,471,7-5 6-3,3,R16,79,7,2,57,34,28,16,11,1,2,1,2,71,45,27,14,10,3,6
2016-398,Cherbourg,Hard,32,C,,20160228,19,H996,3,,Pierre-Hugues Herbert,R,188,FRA,24.95,115,506,LC11,,,Tristan Lamasine,R,183,FRA,22.984,199,265,7-6(3) 6-4,3,R16,95,4,4,72,39,28,20,11,4,5,3,0,81,54,33,17,11,5,7
2016-398,Cherbourg,Hard,32,C,,20160228,20,BC72,4,,Daniel Brands,R,196,GER,28.619,131,465,SF41,,,Aldin Setkic,R,191,BIH,28.189,203,259,6-7(8) 6-3 7-5,3,R16,137,24,2,113,79,59,17,17,6,9,13,3,100,73,50,14,16,3,8
2016-398,Cherbourg,Hard,32,C,,20160228,21,PG32,5,,Adam Pavlasek,R,185,CZE,21.391,147,400,RB56,,,Ramkumar Ramanathan,R,188,IND,21.306,213,245,6-4 6-2,3,R16,66,4,0,47,31,22,14,9,0,0,4,2,60,33,19,13,9,8,11
2016-398,Cherbourg,Hard,32,C,,20160228,22,TC61,6,,Jordan Thompson,R,183,AUS,21.859,151,393,L949,,,Henri Laaksonen,R,185,SUI,23.912,177,311,7-6(8) 7-5,3,R16,100,6,0,70,44,35,17,12,0,1,4,3,89,60,41,15,12,6,8
2016-398,Cherbourg,Hard,32,C,,20160228,23,KE29,7,,Karen Khachanov,R,198,RUS,19.773,152,390,T999,,,Maxime Teixeira,R,188,FRA,27.11,321,146,3-6 6-2 6-4,3,R16,101,5,2,70,39,29,18,13,2,5,1,2,87,55,34,15,14,6,11
2016-398,Cherbourg,Hard,32,C,,20160228,24,D750,8,,Kenny De Schepper,L,203,FRA,28.753,150,394,RE44,,,Andrey Rublev,R,188,RUS,18.357,210,247,6-7(4) 7-6(3) 6-3,3,R16,138,21,2,104,75,59,16,17,2,3,2,5,119,73,48,25,16,8,10
2016-398,Cherbourg,Hard,32,C,,20160228,25,TC61,6,,Jordan Thompson,R,183,AUS,21.859,151,393,H996,3,,Pierre-Hugues Herbert,R,188,FRA,24.95,115,506,7-6(5) 6-7(4) 7-6(6),3,QF,161,12,1,136,84,63,29,18,5,6,14,4,131,78,60,28,18,6,7
2016-398,Cherbourg,Hard,32,C,,20160228,26,PG32,5,,Adam Pavlasek,R,185,CZE,21.391,147,400,BC72,4,,Daniel Brands,R,196,GER,28.619,131,465,6-4 7-6(5),3,QF,79,7,2,73,47,39,14,11,1,1,6,0,74,48,35,13,11,0,1
2016-398,Cherbourg,Hard,32,C,,20160228,27,ME31,,,Vincent Millot,L,173,FRA,30.078,180,306,KE29,7,,Karen Khachanov,R,198,RUS,19.773,152,390,7-6(5) 6-4,3,QF,68,6,0,63,44,37,12,11,3,3,11,4,68,46,36,10,11,0,1
2016-398,Cherbourg,Hard,32,C,,20160228,28,D750,8,,Kenny De Schepper,L,203,FRA,28.753,150,394,N390,,,Frederik Nielsen,R,188,DEN,32.507,431,96,7-5 6-3,3,QF,81,5,1,67,49,36,8,11,2,3,2,1,66,47,31,6,10,1,4
2016-398,Cherbourg,Hard,32,C,,20160228,29,PG32,5,,Adam Pavlasek,R,185,CZE,21.391,147,400,D750,8,,Kenny De Schepper,L,203,FRA,28.753,150,394,5-7 6-4 6-2,3,SF,116,11,1,109,76,54,16,15,6,7,4,2,84,64,45,8,15,2,5
2016-398,Cherbourg,Hard,32,C,,20160228,30,TC61,6,,Jordan Thompson,R,183,AUS,21.859,151,393,ME31,,,Vincent Millot,L,173,FRA,30.078,180,306,6-4 6-2,3,SF,56,9,0,50,34,29,7,9,1,2,1,2,50,33,22,5,9,6,10
2016-398,Cherbourg,Hard,32,C,,20160228,31,TC61,6,,Jordan Thompson,R,183,AUS,21.859,151,393,PG32,5,,Adam Pavlasek,R,185,CZE,21.391,147,400,4-6 6-4 6-1,3,F,101,9,1,86,49,35,17,14,1,4,1,4,77,49,28,12,13,3,8
2016-91,Kyoto,Hard,32,C,,20160228,1,SE73,1,,Yuichi Sugita,R,175,JPN,27.444,119,498,V600,,,Tucker Vorster,R,196,RSA,27.485,301,164,6-4 6-2,3,R32,61,9,0,45,26,22,14,9,0,0,11,3,60,43,29,5,9,1,4
2016-91,Kyoto,Hard,32,C,,20160228,2,Z272,,,Ze Zhang,R,188,CHN,25.654,237,224,I230,2,,Tatsuma Ito,R,180,JPN,27.781,113,511,6-4 1-6 6-2,3,R32,98,8,6,81,57,38,10,12,3,6,7,5,72,49,33,12,13,1,5
2016-91,Kyoto,Hard,32,C,,20160228,3,SC47,3,,Go Soeda,R,178,JPN,31.48,130,466,TA04,,,Finn Tearney,R,183,NZL,25.421,390,111,6-2 6-2,3,R32,59,5,1,44,30,23,8,8,1,2,5,6,56,32,20,6,8,5,10
2016-91,Kyoto,Hard,32,C,,20160228,4,SL92,,,Shuichi Sekiguchi,R,168,JPN,24.624,448,91,SM09,,,Luke Saville,R,188,AUS,22.155,192,274,6-3 7-5,3,R32,77,0,3,70,42,32,17,11,2,2,5,2,52,34,27,9,10,5,7
2016-91,Kyoto,Hard,32,C,,20160228,5,MI01,5,,Hiroki Moriya,R,168,JPN,25.369,186,283,C723,,,Flavio Cipolla,R,173,ITA,32.359,290,169,6-1 6-0,3,R32,51,3,4,43,24,20,11,7,1,1,1,2,41,28,12,4,6,4,9
2016-91,Kyoto,Hard,32,C,,20160228,6,BE69,6,,Yan Bai,R,185,CHN,26.773,206,253,F965,,,Sora Fukuda,L,180,JPN,18.404,1663,2,6-2 6-2,3,R32,65,12,1,51,30,24,12,8,2,2,0,0,58,41,26,5,8,6,10
2016-91,Kyoto,Hard,32,C,,20160228,7,C813,7,,Ti Chen,R,178,TPE,32.405,214,244,E757,,,Hiroyasu Ehara,,,JPN,24.698,370,121,7-5 6-0,3,R32,81,3,3,60,43,28,8,9,4,6,0,3,64,46,22,6,9,2,8
2016-91,Kyoto,Hard,32,C,,20160228,8,MK40,,,Benjamin Mitchell,R,183,AUS,23.244,249,213,LE01,8,,Duckhee Lee,R,170,KOR,17.752,230,232,7-6(3) 6-1,3,R32,74,11,3,70,52,42,9,10,5,5,0,1,64,39,21,16,9,5,7
2016-91,Kyoto,Hard,32,C,,20160228,9,BH98,,,Matthew Barton,R,191,AUS,24.197,273,187,U134,,,Yasutaka Uchiyama,R,183,JPN,23.565,238,223,7-6(2) 3-6 7-6(8),3,R32,114,19,2,97,63,55,16,16,3,5,15,2,108,66,47,28,17,3,4
2016-91,Kyoto,Hard,32,C,,20160228,10,BF98,,,Alessandro Bega,R,170,ITA,25.131,320,148,I330,,,Shintaro Imai,R,178,JPN,22.475,1020,11,3-6 6-3 6-4,3,R32,130,0,3,106,66,38,22,14,9,13,11,2,95,51,35,17,14,12,17
2016-91,Kyoto,Hard,32,C,,20160228,11,HG86,,,Lloyd Harris,R,193,RSA,19.009,339,138,BA86,,,Andreas Beck,L,191,GER,30.062,373,117,7-6(7) 6-4,3,R32,80,12,2,62,37,32,14,11,0,1,5,0,78,53,34,18,11,7,9
2016-91,Kyoto,Hard,32,C,,20160228,12,K909,,,Andriej Kapas,R,188,POL,26.549,472,84,T885,,,Kento Takeuchi,L,,JPN,28.194,398,108,6-4 6-4,3,R32,70,11,3,57,35,30,13,10,0,0,7,2,57,41,30,8,10,2,4
2016-91,Kyoto,Hard,32,C,,20160228,13,KA46,,,Yuya Kibi,R,180,JPN,29.602,663,43,SG33,,,Sanam Singh,R,175,IND,28.131,294,167,6-3 3-6 7-6(8),3,R32,102,4,6,102,70,51,17,15,2,5,3,2,89,69,51,9,15,1,4
2016-91,Kyoto,Hard,32,C,,20160228,14,KC51,,,Peter Kobelt,R,201,USA,25.281,381,114,J620,,,Maxime Janvier,R,196,FRA,19.362,311,158,6-7(4) 6-2 7-5,3,R32,124,17,4,105,62,47,27,16,4,4,12,2,94,52,37,28,16,5,8
2016-91,Kyoto,Hard,32,C,,20160228,15,N598,,,Takuto Niki,R,183,JPN,28.381,354,130,L733,,,Zhe Li,R,183,CHN,29.44,223,236,7-6(1) 6-3,3,R32,84,12,1,77,47,37,18,11,4,4,7,2,63,39,29,14,10,3,4
2016-91,Kyoto,Hard,32,C,,20160228,16,W373,,,Jimmy Wang,R,180,TPE,31.053,393,109,O524,,,Ken Onishi,R,170,JPN,20.027,1074,10,6-3 6-2,3,R32,72,2,3,57,29,26,15,9,4,4,2,0,53,26,17,11,8,4,7
2016-91,Kyoto,Hard,32,C,,20160228,17,SE73,1,,Yuichi Sugita,R,175,JPN,27.444,119,498,K909,,,Andriej Kapas,R,188,POL,26.549,472,84,6-3 6-2,3,R16,63,8,1,56,31,25,14,9,0,0,7,2,58,32,22,9,8,7,10
2016-91,Kyoto,Hard,32,C,,20160228,18,SC47,3,,Go Soeda,R,178,JPN,31.48,130,466,BF98,,,Alessandro Bega,R,170,ITA,25.131,320,148,6-3 6-2,3,R16,58,4,0,37,22,16,9,8,0,2,0,4,57,35,16,8,9,1,7
2016-91,Kyoto,Hard,32,C,,20160228,19,HG86,,,Lloyd Harris,R,193,RSA,19.009,339,138,MI01,5,,Hiroki Moriya,R,168,JPN,25.369,186,283,4-6 6-3 7-6(4),3,R16,110,18,2,104,61,46,23,16,4,6,7,1,81,51,41,17,15,1,3
2016-91,Kyoto,Hard,32,C,,20160228,20,KC51,,,Peter Kobelt,R,201,USA,25.281,381,114,BE69,6,,Yan Bai,R,185,CHN,26.773,206,253,4-6 6-3 6-4,3,R16,109,19,3,86,54,44,13,15,1,3,8,1,86,52,38,18,14,6,9
2016-91,Kyoto,Hard,32,C,,20160228,21,KA46,,,Yuya Kibi,R,180,JPN,29.602,663,43,C813,7,,Ti Chen,R,178,TPE,32.405,214,244,6-3 7-6(5),3,R16,83,14,2,65,45,35,9,10,0,1,5,1,72,50,32,11,11,4,7
2016-91,Kyoto,Hard,32,C,,20160228,22,BH98,,,Matthew Barton,R,191,AUS,24.197,273,187,MK40,,,Benjamin Mitchell,R,183,AUS,23.244,249,213,6-1 7-6(5),3,R16,69,15,1,71,43,36,17,10,3,3,3,3,61,34,27,12,9,3,5
2016-91,Kyoto,Hard,32,C,,20160228,23,W373,,,Jimmy Wang,R,180,TPE,31.053,393,109,SL92,,,Shuichi Sekiguchi,R,168,JPN,24.624,448,91,6-4 6-4,3,R16,82,6,0,63,45,35,8,10,3,4,3,1,75,49,32,10,10,7,10
2016-91,Kyoto,Hard,32,C,,20160228,24,Z272,,,Ze Zhang,R,188,CHN,25.654,237,224,N598,,,Takuto Niki,R,183,JPN,28.381,354,130,6-3 6-1,3,R16,55,9,1,42,34,28,5,8,0,0,4,3,57,34,21,8,8,5,9
2016-91,Kyoto,Hard,32,C,,20160228,25,SE73,1,,Yuichi Sugita,R,175,JPN,27.444,119,498,HG86,,,Lloyd Harris,R,193,RSA,19.009,339,138,7-5 6-3,3,QF,70,3,1,58,36,29,13,11,1,2,10,3,72,44,32,10,10,5,8
2016-91,Kyoto,Hard,32,C,,20160228,26,BH98,,,Matthew Barton,R,191,AUS,24.197,273,187,SC47,3,,Go Soeda,R,178,JPN,31.48,130,466,4-6 7-5 6-3,3,QF,91,21,3,79,55,49,12,16,0,1,7,4,89,54,41,20,15,6,8
2016-91,Kyoto,Hard,32,C,,20160228,27,KA46,,,Yuya Kibi,R,180,JPN,29.602,663,43,W373,,,Jimmy Wang,R,180,TPE,31.053,393,109,3-6 6-1 6-2,3,QF,90,10,0,68,46,34,13,12,1,3,4,5,89,61,38,10,12,7,12
2016-91,Kyoto,Hard,32,C,,20160228,28,Z272,,,Ze Zhang,R,188,CHN,25.654,237,224,KC51,,,Peter Kobelt,R,201,USA,25.281,381,114,6-2 7-6(3),3,QF,74,5,2,54,41,36,9,10,0,0,9,4,66,38,30,10,10,3,5
2016-91,Kyoto,Hard,32,C,,20160228,29,SE73,1,,Yuichi Sugita,R,175,JPN,27.444,119,498,BH98,,,Matthew Barton,R,191,AUS,24.197,273,187,6-4 7-5,3,SF,68,13,3,57,32,31,15,11,1,1,13,4,73,45,33,13,11,4,6
2016-91,Kyoto,Hard,32,C,,20160228,30,Z272,,,Ze Zhang,R,188,CHN,25.654,237,224,KA46,,,Yuya Kibi,R,180,JPN,29.602,663,43,6-7(3) 6-3 6-4,3,SF,118,7,4,104,67,55,17,16,2,2,7,2,95,54,41,24,15,2,4
2016-91,Kyoto,Hard,32,C,,20160228,31,SE73,1,,Yuichi Sugita,R,175,JPN,27.444,119,498,Z272,,,Ze Zhang,R,188,CHN,25.654,237,224,5-7 6-3 6-4,3,F,100,8,1,82,53,41,20,16,0,1,12,1,94,66,49,16,15,2,4
2016-6239,Quimper,Hard,32,C,,20160229,1,M850,1,,Paul-Henri Mathieu,R,185,FRA,34.13,69,729,ME31,,,Vincent Millot,L,173,FRA,30.081,165,339,6-1 6-2,3,R32,53,12,2,55,32,24,13,8,0,0,1,2,42,19,10,9,7,4,8
2016-6239,Quimper,Hard,32,C,,20160229,2,SC77,2,,Sergiy Stakhovsky,R,193,UKR,30.146,114,512,KC56,,,Aslan Karatsev,R,185,RUS,22.486,199,266,7-6(9) 7-6(6),3,R32,108,19,0,77,54,44,18,12,0,0,8,3,99,55,41,25,12,3,3
2016-6239,Quimper,Hard,32,C,,20160229,3,SL28,3,,Jan-Lennard Struff,R,193,GER,25.848,108,524,GB53,,,Federico Gaio,R,178,ITA,23.986,250,213,6-4 6-1,3,R32,61,8,4,58,30,26,14,9,1,1,3,2,43,28,18,5,8,1,4
2016-6239,Quimper,Hard,32,C,,20160229,4,L797,4,,Lukas Lacko,R,188,SVK,28.323,109,524,T999,,,Maxime Teixeira,R,188,FRA,27.113,339,137,7-5 6-4,3,R32,81,6,5,70,36,28,17,11,7,9,3,7,60,33,26,9,11,1,5
2016-6239,Quimper,Hard,32,C,,20160229,5,J338,,,Romain Jouan,R,183,FRA,30.623,1265,5,PG32,6,,Adam Pavlasek,R,185,CZE,21.394,131,455,6-4 6-3,3,R32,58,8,1,48,33,31,9,10,0,0,12,1,66,43,31,9,9,8,10
2016-6239,Quimper,Hard,32,C,,20160229,6,D551,,,Farrukh Dustov,R,193,UZB,29.774,218,239,D750,7,,Kenny De Schepper,L,203,FRA,28.756,142,410,7-6(4) 4-6 6-3,3,R32,111,11,2,95,66,54,16,16,4,5,10,2,85,61,49,13,15,3,4
2016-6239,Quimper,Hard,32,C,,20160229,7,KE29,8,,Karen Khachanov,R,198,RUS,19.775,148,401,LC11,,,Tristan Lamasine,R,183,FRA,22.987,196,269,6-4 7-6(7),3,R32,90,6,1,64,34,28,20,11,0,0,7,2,78,53,36,14,11,3,4
2016-6239,Quimper,Hard,32,C,,20160229,8,G753,,,David Guez,R,185,FRA,33.227,191,275,LB66,,,Constant Lestienne,R,180,FRA,23.77,251,212,6-1 5-7 6-4,3,R32,118,0,2,101,58,42,21,15,7,9,4,7,86,50,35,16,14,4,8
2016-6239,Quimper,Hard,32,C,,20160229,9,HB48,,,Calvin Hemery,R,191,FRA,21.087,223,234,TB20,,,Maxime Tabatruong,R,180,FRA,26.431,410,104,6-2 1-6 6-2,3,R32,91,7,4,57,36,28,11,11,0,2,6,9,102,49,35,21,12,13,17
2016-6239,Quimper,Hard,32,C,,20160229,10,K839,,,Tobias Kamke,R,178,GER,29.777,269,194,TA29,,,Marco Trungelliti,R,178,ARG,26.078,185,287,7-5 6-1,3,R32,77,1,2,56,31,22,16,10,3,5,4,4,53,29,19,6,9,1,6
2016-6239,Quimper,Hard,32,C,,20160229,11,MF09,,,Nikola Mektic,R,183,CRO,27.181,369,121,HB64,,,Quentin Halys,R,191,FRA,19.343,171,324,6-3 6-2,3,R32,61,3,0,45,26,22,15,9,1,1,5,5,62,38,28,7,8,6,9
2016-6239,Quimper,Hard,32,C,,20160229,12,RE44,,,Andrey Rublev,R,188,RUS,18.36,208,255,O411,,,Albano Olivetti,R,203,FRA,24.266,814,24,6-4 7-6(9),3,R32,81,15,3,83,49,42,18,11,3,3,24,7,68,43,37,14,11,0,1
2016-6239,Quimper,Hard,32,C,,20160229,13,SF41,,,Aldin Setkic,R,191,BIH,28.192,204,259,BK24,,,Gregoire Barrere,R,183,FRA,22.034,219,238,3-6 7-6(3) 6-4,3,R32,141,3,5,117,67,48,24,15,12,16,15,6,93,53,44,15,16,2,6
2016-6239,Quimper,Hard,32,C,,20160229,14,SD78,,,Alexandre Sidorenko,R,185,FRA,28.03,454,90,I236,,,Uladzimir Ignatik,R,183,BLR,25.629,209,249,6-2 4-6 6-2,3,R32,102,18,2,87,54,39,19,13,5,6,8,5,73,47,33,12,13,5,9
2016-6239,Quimper,Hard,32,C,,20160229,15,SF36,,,Igor Sijsling,R,191,NED,28.534,154,379,A622,,,Andrea Arnaboldi,L,180,ITA,28.175,166,337,7-6(3) 3-6 6-2,3,R32,108,11,2,79,39,33,25,15,1,3,6,7,107,67,49,17,14,5,7
2016-6239,Quimper,Hard,32,C,,20160229,16,W503,,,James Ward,R,188,GBR,29.054,169,329,CE25,,,Salvatore Caruso,R,185,ITA,23.206,252,211,6-4 6-4,3,R32,70,13,2,59,38,30,12,10,1,2,3,1,54,28,18,16,10,0,3
2016-6239,Quimper,Hard,32,C,,20160229,17,M850,1,,Paul-Henri Mathieu,R,185,FRA,34.13,69,729,SF41,,,Aldin Setkic,R,191,BIH,28.192,204,259,2-6 7-6(6) 6-3,3,R16,110,16,7,82,52,39,15,14,2,6,7,8,92,52,42,14,15,5,9
2016-6239,Quimper,Hard,32,C,,20160229,18,SC77,2,,Sergiy Stakhovsky,R,193,UKR,30.146,114,512,SD78,,,Alexandre Sidorenko,R,185,FRA,28.03,454,90,6-4 7-6(3),3,R16,83,22,2,83,49,42,16,11,7,7,9,3,65,46,35,10,11,1,2
2016-6239,Quimper,Hard,32,C,,20160229,19,K839,,,Tobias Kamke,R,178,GER,29.777,269,194,SL28,3,,Jan-Lennard Struff,R,193,GER,25.848,108,524,6-3 7-5,3,R16,93,5,1,72,41,30,17,11,8,9,3,2,66,34,24,15,10,2,5
2016-6239,Quimper,Hard,32,C,,20160229,20,L797,4,,Lukas Lacko,R,188,SVK,28.323,109,524,HB48,,,Calvin Hemery,R,191,FRA,21.087,223,234,6-2 RET,3,R16,28,3,1,19,12,10,6,4,0,0,1,0,26,14,9,4,4,3,5
2016-6239,Quimper,Hard,32,C,,20160229,21,RE44,,,Andrey Rublev,R,188,RUS,18.36,208,255,KE29,8,,Karen Khachanov,R,198,RUS,19.775,148,401,7-6(10) 7-5,3,R16,97,10,4,96,56,46,16,12,4,6,16,5,92,55,39,18,12,7,10
2016-6239,Quimper,Hard,32,C,,20160229,22,J338,,,Romain Jouan,R,183,FRA,30.623,1265,5,W503,,,James Ward,R,188,GBR,29.054,169,329,6-4 6-4,3,R16,63,11,0,52,36,33,8,10,0,0,11,3,73,41,28,15,10,2,4
2016-6239,Quimper,Hard,32,C,,20160229,23,MF09,,,Nikola Mektic,R,183,CRO,27.181,369,121,G753,,,David Guez,R,185,FRA,33.227,191,275,6-4 6-2,3,R16,59,14,0,40,32,29,7,9,0,0,1,2,60,37,25,9,9,5,8
2016-6239,Quimper,Hard,32,C,,20160229,24,SF36,,,Igor Sijsling,R,191,NED,28.534,154,379,D551,,,Farrukh Dustov,R,193,UZB,29.774,218,239,6-1 6-4,3,R16,65,6,3,67,34,26,19,9,3,3,3,0,59,41,24,8,8,6,9
2016-6239,Quimper,Hard,32,C,,20160229,25,M850,1,,Paul-Henri Mathieu,R,185,FRA,34.13,69,729,SF36,,,Igor Sijsling,R,191,NED,28.534,154,379,7-5 RET,3,QF,48,5,0,37,24,18,5,6,2,3,4,1,49,27,19,8,6,5,7
2016-6239,Quimper,Hard,32,C,,20160229,26,SC77,2,,Sergiy Stakhovsky,R,193,UKR,30.146,114,512,J338,,,Romain Jouan,R,183,FRA,30.623,1265,5,6-4 6-7(3) 6-1,3,QF,116,15,4,91,54,46,18,15,3,4,16,3,111,62,44,22,14,10,14
2016-6239,Quimper,Hard,32,C,,20160229,27,RE44,,,Andrey Rublev,R,188,RUS,18.36,208,255,L797,4,,Lukas Lacko,R,188,SVK,28.323,109,524,6-4 3-6 7-6(5),3,QF,110,24,5,87,55,46,14,15,1,3,14,5,114,62,51,22,16,7,9
2016-6239,Quimper,Hard,32,C,,20160229,28,MF09,,,Nikola Mektic,R,183,CRO,27.181,369,121,K839,,,Tobias Kamke,R,178,GER,29.777,269,194,2-6 7-6(5) 6-4,3,QF,132,8,3,96,57,39,21,15,2,5,2,4,97,66,47,18,15,3,5
2016-6239,Quimper,Hard,32,C,,20160229,29,M850,1,,Paul-Henri Mathieu,R,185,FRA,34.13,69,729,MF09,,,Nikola Mektic,R,183,CRO,27.181,369,121,6-4 1-6 6-1,3,SF,99,15,7,92,49,39,18,12,14,16,11,2,59,32,25,16,12,1,4
2016-6239,Quimper,Hard,32,C,,20160229,30,RE44,,,Andrey Rublev,R,188,RUS,18.36,208,255,SC77,2,,Sergiy Stakhovsky,R,193,UKR,30.146,114,512,W/O,3,SF,,,,,,,,,,,,,,,,,,,
2016-6239,Quimper,Hard,32,C,,20160229,31,RE44,,,Andrey Rublev,R,188,RUS,18.36,208,255,M850,1,,Paul-Henri Mathieu,R,185,FRA,34.13,69,729,6-7(6) 6-4 6-4,3,F,143,12,2,104,52,39,27,16,4,7,6,6,121,64,40,28,16,9,14
2016-3406,Santiago,Clay,32,C,,20160313,1,BF23,1,,Facundo Bagnis,L,183,ARG,26.04,95,587,BS86,,,Tomas Barrios Vera,R,191,CHI,18.256,721,34,6-2 6-4,3,R32,80,2,4,63,35,28,15,9,9,9,0,0,50,32,22,7,9,0,3
2016-3406,Santiago,Clay,32,C,,20160313,2,CF59,2,,Roberto Carballes Baena,R,183,ESP,22.973,107,526,CE77,,,Federico Coria,R,180,ARG,24.011,397,108,6-2 6-3,3,R32,74,3,1,51,38,24,6,8,2,4,2,2,58,37,18,7,9,7,13
2016-3406,Santiago,Clay,32,C,,20160313,3,SC73,3,,Rogerio Dutra Silva,R,178,BRA,32.101,114,510,L941,,,Michael Linzer,R,180,AUT,26.36,272,187,6-0 6-1,3,R32,64,3,0,34,21,18,11,7,1,1,0,4,42,20,11,6,6,2,7
2016-3406,Santiago,Clay,32,C,,20160313,4,G585,4,,Maximo Gonzalez,R,173,ARG,32.649,139,411,SH91,,,Jordi Samper-Montana,R,,ESP,25.938,212,241,6-4 6-2,3,R32,89,0,2,50,24,19,18,9,2,2,3,3,62,43,29,7,9,1,4
2016-3406,Santiago,Clay,32,C,,20160313,5,A941,6,,Facundo Arguello,R,178,ARG,23.606,141,406,SL94,,,Pedro Sakamoto,R,178,BRA,22.705,442,93,6-1 6-0,3,R32,53,7,3,43,25,19,12,7,3,3,2,2,40,26,13,3,6,3,8
2016-3406,Santiago,Clay,32,C,,20160313,6,LB07,,,Gonzalo Lama,R,180,CHI,22.877,261,199,KC29,7,,Nicolas Kicker,R,178,ARG,23.573,155,376,6-4 6-1,3,R32,76,2,3,61,43,31,9,8,5,6,1,2,57,36,19,9,9,2,7
2016-3406,Santiago,Clay,32,C,,20160313,7,CC32,8,,Guilherme Clezar,R,180,BRA,23.198,173,317,PD85,,,Adrien Puget,,,FRA,25.027,328,143,3-6 6-1 6-3,3,R32,108,3,3,81,44,32,20,12,2,4,8,7,79,42,30,12,13,3,8
2016-3406,Santiago,Clay,32,C,,20160313,8,BK19,,,Mathias Bourgue,R,188,FRA,22.149,187,277,RB60,,,Oriol Roca Batalla,R,175,ESP,22.869,217,237,7-6(4) 6-4,3,R32,110,11,1,67,46,38,12,11,1,1,0,0,87,54,36,19,11,2,3
2016-3406,Santiago,Clay,32,C,,20160313,9,E708,,,Maximiliano Estevez,L,191,ARG,26.82,341,138,SL85,,,Juan Carlos Saez,,,CHI,24.605,342,137,6-2 7-6(5),3,R32,107,0,3,70,51,31,8,10,5,9,1,2,71,52,29,5,10,2,8
2016-3406,Santiago,Clay,32,C,,20160313,10,G983,,,Alessandro Giannessi,L,185,ITA,25.788,189,275,LA94,,,Christian Lindell,R,193,SWE,24.312,251,210,7-6(5) 7-5,3,R32,105,3,2,76,56,41,14,12,4,5,5,3,73,48,34,13,12,1,3
2016-3406,Santiago,Clay,32,C,,20160313,11,H896,,,Jose Hernandez-Fernandez,R,183,DOM,26.001,220,234,CD00,,,Maxime Chazal,R,175,FRA,22.886,234,221,6-4 6-1,3,R32,83,3,0,52,36,26,7,8,2,3,1,5,59,31,23,5,9,3,8
2016-3406,Santiago,Clay,32,C,,20160313,12,LC58,,,Tomas Lipovsek Puches,R,183,ARG,22.905,318,150,N437,,,Gianluca Naso,R,193,ITA,29.183,214,240,2-6 6-3 6-3,3,R32,152,1,4,109,74,44,13,13,14,19,5,4,95,56,37,13,13,4,10
2016-3406,Santiago,Clay,32,C,,20160313,13,LB84,,,Juan Ignacio Londero,R,180,ARG,22.576,283,175,PC09,,,Jose Pereira,R,180,BRA,25.128,285,174,7-6(5) 6-3,3,R32,100,1,2,65,31,25,20,10,0,1,6,0,85,65,43,8,11,9,12
2016-3406,Santiago,Clay,32,C,,20160313,14,MJ08,,,Thiago Monteiro,L,183,BRA,21.785,236,220,PB37,,,Hans Podlipnik-Castillo,R,183,CHI,28.175,196,267,6-2 7-6(1),3,R32,104,3,1,53,34,32,12,10,0,0,2,1,84,48,34,16,10,6,8
2016-3406,Santiago,Clay,32,C,,20160313,15,R383,,,Ruben Ramirez Hidalgo,R,183,ESP,38.182,258,201,GD64,,,Cristian Garin,R,185,CHI,19.786,346,134,6-3 2-6 6-4,3,R32,124,3,4,87,41,28,26,14,2,5,3,5,87,48,35,16,13,5,8
2016-3406,Santiago,Clay,32,C,,20160313,16,R814,,,Guillermo Rivera-Aranguiz,R,,CHI,27.107,544,62,AG25,,,Gonzalo Achondo,R,180,CHI,18.366,2154,1,6-1 6-1,3,R32,59,1,1,37,24,21,8,7,1,1,2,4,46,30,11,8,7,3,8
2016-3406,Santiago,Clay,32,C,,20160313,17,BF23,1,,Facundo Bagnis,L,183,ARG,26.04,95,587,LC58,,,Tomas Lipovsek Puches,R,183,ARG,22.905,318,150,6-1 6-2,3,R16,49,2,2,42,28,25,7,8,0,0,0,3,38,19,11,8,7,2,6
2016-3406,Santiago,Clay,32,C,,20160313,18,LB84,,,Juan Ignacio Londero,R,180,ARG,22.576,283,175,CF59,2,,Roberto Carballes Baena,R,183,ESP,22.973,107,526,6-2 1-6 6-3,3,R16,110,4,4,70,40,30,12,12,3,7,3,2,83,53,27,19,12,8,13
2016-3406,Santiago,Clay,32,C,,20160313,19,SC73,3,,Rogerio Dutra Silva,R,178,BRA,32.101,114,510,H896,,,Jose Hernandez-Fernandez,R,183,DOM,26.001,220,234,7-6(5) 6-3,3,R16,117,7,3,84,55,41,10,10,7,8,1,2,85,60,37,9,11,6,9
2016-3406,Santiago,Clay,32,C,,20160313,20,R383,,,Ruben Ramirez Hidalgo,R,183,ESP,38.182,258,201,G585,4,,Maximo Gonzalez,R,173,ARG,32.649,139,411,6-3 3-6 6-4,3,R16,141,1,2,90,47,31,22,14,4,8,1,4,95,54,31,23,14,10,15
2016-3406,Santiago,Clay,32,C,,20160313,21,MJ08,,,Thiago Monteiro,L,183,BRA,21.785,236,220,A941,6,,Facundo Arguello,R,178,ARG,23.606,141,406,4-6 6-3 7-6(5),3,R16,151,3,4,100,74,55,14,16,2,3,7,4,88,43,35,27,15,1,2
2016-3406,Santiago,Clay,32,C,,20160313,22,CC32,8,,Guilherme Clezar,R,180,BRA,23.198,173,317,BK19,,,Mathias Bourgue,R,188,FRA,22.149,187,277,6-4 7-6(5),3,R16,112,4,4,85,54,36,18,11,7,9,2,2,75,44,33,13,11,7,10
2016-3406,Santiago,Clay,32,C,,20160313,23,E708,,,Maximiliano Estevez,L,191,ARG,26.82,341,138,R814,,,Guillermo Rivera-Aranguiz,R,,CHI,27.107,544,62,6-1 3-6 6-3,3,R16,131,5,2,92,60,37,15,13,4,8,2,1,81,50,29,10,12,11,17
2016-3406,Santiago,Clay,32,C,,20160313,24,LB07,,,Gonzalo Lama,R,180,CHI,22.877,261,199,G983,,,Alessandro Giannessi,L,185,ITA,25.788,189,275,5-7 6-2 7-6(0),3,R16,140,4,5,95,66,47,16,16,5,9,6,0,103,75,47,12,16,4,9
2016-3406,Santiago,Clay,32,C,,20160313,25,BF23,1,,Facundo Bagnis,L,183,ARG,26.04,95,587,E708,,,Maximiliano Estevez,L,191,ARG,26.82,341,138,6-4 6-0,3,QF,74,5,7,52,29,21,12,8,5,7,0,4,53,28,10,11,8,1,7
2016-3406,Santiago,Clay,32,C,,20160313,26,SC73,3,,Rogerio Dutra Silva,R,178,BRA,32.101,114,510,CC32,8,,Guilherme Clezar,R,180,BRA,23.198,173,317,6-3 7-5,3,QF,93,5,1,57,29,20,20,10,3,4,3,1,67,40,27,9,11,4,8
2016-3406,Santiago,Clay,32,C,,20160313,27,LB07,,,Gonzalo Lama,R,180,CHI,22.877,261,199,R383,,,Ruben Ramirez Hidalgo,R,183,ESP,38.182,258,201,6-7(7) 6-3 7-6(4),3,QF,151,5,3,109,74,57,18,17,1,3,13,6,113,72,54,18,16,5,8
2016-3406,Santiago,Clay,32,C,,20160313,28,MJ08,,,Thiago Monteiro,L,183,BRA,21.785,236,220,LB84,,,Juan Ignacio Londero,R,180,ARG,22.576,283,175,7-6(2) 6-2,3,QF,89,9,2,60,49,39,7,10,5,5,7,2,76,41,30,16,10,7,9
2016-3406,Santiago,Clay,32,C,,20160313,29,BF23,1,,Facundo Bagnis,L,183,ARG,26.04,95,587,LB07,,,Gonzalo Lama,R,180,CHI,22.877,261,199,6-1 6-2,3,SF,76,6,2,63,37,32,10,8,5,5,1,2,43,26,15,5,7,1,5
2016-3406,Santiago,Clay,32,C,,20160313,30,SC73,3,,Rogerio Dutra Silva,R,178,BRA,32.101,114,510,MJ08,,,Thiago Monteiro,L,183,BRA,21.785,236,220,6-3 6-7(5) 6-3,3,SF,156,5,4,102,60,44,25,16,6,8,3,0,91,58,38,17,14,5,9
2016-3406,Santiago,Clay,32,C,,20160313,31,BF23,1,,Facundo Bagnis,L,183,ARG,26.04,95,587,SC73,3,,Rogerio Dutra Silva,R,178,BRA,32.101,114,510,6-7(3) 6-4 6-3,3,F,156,8,2,100,65,48,17,15,5,7,3,4,108,60,46,21,16,6,11
2016-7243,Puebla,Hard,32,C,,20160313,1,B896,1,,Benjamin Becker,R,178,GER,34.741,102,558,CG04,,,Pedro Cachin,R,185,ARG,20.92,238,220,6-3 6-7(5) 6-4,3,R32,137,10,9,115,68,50,18,16,8,12,10,4,97,40,27,28,15,6,12
2016-7243,Puebla,Hard,32,C,,20160313,2,DB63,,,Laslo Djere,R,188,SRB,20.78,237,220,J267,2,,Malek Jaziri,R,185,TUN,32.145,108,524,7-5 5-7 6-2,3,R32,138,11,10,102,61,44,19,16,7,11,1,1,111,60,40,21,16,7,13
2016-7243,Puebla,Hard,32,C,,20160313,3,Z184,3,,Horacio Zeballos,L,188,ARG,30.877,113,513,H938,,,Hans Hach Verdugo,L,183,MEX,26.335,634,48,7-6(2) 7-6(5),3,R32,108,8,6,83,43,38,23,12,3,4,5,7,85,45,34,22,12,2,3
2016-7243,Puebla,Hard,32,C,,20160313,4,ME05,,,Marinko Matosevic,R,193,AUS,30.595,435,95,F444,4,,Alejandro Falla,L,185,COL,32.329,129,459,6-4 7-6(4),3,R32,109,8,6,93,52,36,20,11,11,14,1,5,76,37,28,16,11,8,12
2016-7243,Puebla,Hard,32,C,,20160313,5,G602,5,,Andre Ghem,R,193,BRA,33.791,154,385,GA71,,,Laurynas Grigelis,R,183,LTU,24.58,339,138,6-4 7-6(9),3,R32,103,4,6,77,45,37,13,11,3,5,6,6,84,42,33,15,11,6,9
2016-7243,Puebla,Hard,32,C,,20160313,6,V620,,,Agustin Velotti,R,,ARG,23.803,386,112,MB53,6,,Adrian Menendez-Maceiras,R,183,ESP,30.374,159,355,7-6(3) 4-6 6-3,3,R32,179,9,5,127,62,41,36,16,10,13,10,8,118,64,49,24,15,8,11
2016-7243,Puebla,Hard,32,C,,20160313,7,W503,7,,James Ward,R,188,GBR,29.09,180,297,GB53,,,Federico Gaio,R,178,ITA,24.022,249,213,6-1 3-6 6-3,3,R32,85,12,3,74,39,34,19,13,0,1,6,7,64,37,30,12,12,3,6
2016-7243,Puebla,Hard,32,C,,20160313,8,SG64,,,Joao Souza,R,193,BRA,27.795,253,206,A887,8,,Guido Andreozzi,R,183,ARG,24.605,179,307,6-7(2) 6-1 6-2,3,R32,121,8,5,89,52,41,22,14,5,5,6,7,77,43,28,21,13,3,7
2016-7243,Puebla,Hard,32,C,,20160313,9,DA67,,,Matteo Donati,R,185,ITA,21.038,181,295,GA79,,,Lorenzo Giustino,R,180,ITA,24.507,255,206,7-6(3) 6-3,3,R32,82,6,7,75,48,36,14,11,6,8,3,2,59,28,21,13,10,1,4
2016-7243,Puebla,Hard,32,C,,20160313,10,KD70,,,Pedja Krstin,R,183,SRB,21.525,264,198,GC87,,,Lucas Gomez,L,178,MEX,20.589,545,62,5-7 6-3 6-4,3,R32,147,3,10,104,49,35,30,16,5,8,6,5,106,65,42,18,15,8,12
2016-7243,Puebla,Hard,32,C,,20160313,11,MM66,,,Nikola Milojevic,R,188,SRB,20.734,231,224,N555,,,Daniel Nguyen,R,173,USA,25.407,240,218,2-6 7-6(8) 6-4,3,R32,140,5,17,103,53,37,19,15,4,10,5,14,102,43,32,24,15,5,10
2016-7243,Puebla,Hard,32,C,,20160313,12,N679,,,Stefano Napolitano,R,196,ITA,20.923,400,107,PE42,,,Luis Patino,R,183,MEX,22.434,805,25,6-3 6-1,3,R32,66,2,3,51,28,22,10,8,4,5,1,2,49,22,11,12,8,4,9
2016-7243,Puebla,Hard,32,C,,20160313,13,DB59,,,Dennis Novak,R,183,AUT,22.541,235,221,H917,,,Tigre Hank,L,188,MEX,24.452,448,92,7-6(4) 6-4,3,R32,106,0,10,84,62,40,6,11,8,13,1,7,86,49,32,11,11,7,13
2016-7243,Puebla,Hard,32,C,,20160313,14,RA82,,,Yannik Reuter,R,,BEL,25.021,312,153,BC76,,,Nicolas Barrientos,R,175,COL,28.887,276,182,7-5 3-6 7-6(0),3,R32,157,6,9,125,70,46,27,16,11,15,3,6,119,90,56,15,17,7,11
2016-7243,Puebla,Hard,32,C,,20160313,15,SO86,,,Robin Stanek,L,188,CZE,21.191,299,162,T984,,,Bastian Trinker,R,188,AUT,25.84,269,192,6-3 3-6 6-1,3,R32,96,2,3,78,48,35,15,13,3,6,3,14,91,37,26,22,12,8,13
2016-7243,Puebla,Hard,32,C,,20160313,16,SI36,,,Eduardo Struvay,R,,COL,25.238,221,232,ME56,,,Andres Molteni,R,180,ARG,27.995,648,45,7-6(4) 7-6(1),3,R32,113,5,2,70,37,30,18,12,1,4,0,9,102,52,35,22,12,7,10
2016-7243,Puebla,Hard,32,C,,20160313,17,B896,1,,Benjamin Becker,R,178,GER,34.741,102,558,SO86,,,Robin Stanek,L,188,CZE,21.191,299,162,6-2 6-4,3,R16,68,5,1,53,37,28,10,9,4,5,0,6,67,39,21,13,9,9,13
2016-7243,Puebla,Hard,32,C,,20160313,18,KD70,,,Pedja Krstin,R,183,SRB,21.525,264,198,Z184,3,,Horacio Zeballos,L,188,ARG,30.877,113,513,6-4 6-2,3,R16,67,3,1,51,26,23,17,9,2,2,6,4,57,28,21,14,9,3,6
2016-7243,Puebla,Hard,32,C,,20160313,19,N679,,,Stefano Napolitano,R,196,ITA,20.923,400,107,G602,5,,Andre Ghem,R,193,BRA,33.791,154,385,3-6 7-6(5) 6-2,3,R16,109,12,1,83,48,39,20,14,0,2,5,6,91,44,35,26,15,3,6
2016-7243,Puebla,Hard,32,C,,20160313,20,SI36,,,Eduardo Struvay,R,,COL,25.238,221,232,W503,7,,James Ward,R,188,GBR,29.09,180,297,6-3 6-3,3,R16,67,8,1,62,40,30,12,9,4,4,8,2,54,37,25,11,9,2,5
2016-7243,Puebla,Hard,32,C,,20160313,21,ME05,,,Marinko Matosevic,R,193,AUS,30.595,435,95,DA67,,,Matteo Donati,R,185,ITA,21.038,181,295,3-6 6-4 6-3,3,R16,128,8,6,104,59,44,18,14,6,8,1,6,101,46,30,31,14,11,14
2016-7243,Puebla,Hard,32,C,,20160313,22,MM66,,,Nikola Milojevic,R,188,SRB,20.734,231,224,DB63,,,Laslo Djere,R,188,SRB,20.78,237,220,6-1 7-6(2),3,R16,79,0,8,61,29,22,15,10,2,4,4,3,51,27,18,8,9,2,6
2016-7243,Puebla,Hard,32,C,,20160313,23,SG64,,,Joao Souza,R,193,BRA,27.795,253,206,RA82,,,Yannik Reuter,R,,BEL,25.021,312,153,6-4 6-2,3,R16,81,6,0,58,30,23,17,9,2,2,2,4,54,23,16,15,9,2,5
2016-7243,Puebla,Hard,32,C,,20160313,24,V620,,,Agustin Velotti,R,,ARG,23.803,386,112,DB59,,,Dennis Novak,R,183,AUT,22.541,235,221,6-2 6-2,3,R16,63,4,5,45,22,20,12,8,1,2,2,8,62,42,21,7,8,5,10
2016-7243,Puebla,Hard,32,C,,20160313,25,B896,1,,Benjamin Becker,R,178,GER,34.741,102,558,SG64,,,Joao Souza,R,193,BRA,27.795,253,206,7-5 6-2,3,QF,89,4,4,52,32,26,12,10,0,1,6,7,77,43,26,15,10,8,12
2016-7243,Puebla,Hard,32,C,,20160313,26,KD70,,,Pedja Krstin,R,183,SRB,21.525,264,198,N679,,,Stefano Napolitano,R,196,ITA,20.923,400,107,7-6(1) 6-7(5) 7-5,3,QF,168,3,6,121,62,51,33,18,7,9,11,6,123,69,50,30,18,8,11
2016-7243,Puebla,Hard,32,C,,20160313,27,SI36,,,Eduardo Struvay,R,,COL,25.238,221,232,MM66,,,Nikola Milojevic,R,188,SRB,20.734,231,224,6-3 1-6 6-4,3,QF,95,6,4,71,37,21,21,13,2,7,3,4,75,45,31,13,13,5,10
2016-7243,Puebla,Hard,32,C,,20160313,28,V620,,,Agustin Velotti,R,,ARG,23.803,386,112,ME05,,,Marinko Matosevic,R,193,AUS,30.595,435,95,6-4 7-5,3,QF,84,2,1,66,40,29,18,11,2,3,2,3,61,35,25,12,11,1,4
2016-7243,Puebla,Hard,32,C,,20160313,29,KD70,,,Pedja Krstin,R,183,SRB,21.525,264,198,B896,1,,Benjamin Becker,R,178,GER,34.741,102,558,4-6 6-3 7-6(2),3,SF,140,2,8,105,52,34,25,16,1,6,9,4,99,44,34,24,15,4,9
2016-7243,Puebla,Hard,32,C,,20160313,30,SI36,,,Eduardo Struvay,R,,COL,25.238,221,232,V620,,,Agustin Velotti,R,,ARG,23.803,386,112,6-3 6-3,3,SF,96,1,3,67,41,33,11,9,2,3,3,7,88,52,31,15,9,9,13
2016-7243,Puebla,Hard,32,C,,20160313,31,SI36,,,Eduardo Struvay,R,,COL,25.238,221,232,KD70,,,Pedja Krstin,R,183,SRB,21.525,264,198,4-6 6-4 6-4,3,F,114,12,3,79,57,46,12,15,1,3,1,4,99,64,43,19,15,6,9
2016-7347,Santiago,Clay,32,C,,20160313,1,Z184,1,,Horacio Zeballos,L,188,ARG,30.877,113,513,GD64,,,Cristian Garin,R,185,CHI,19.786,346,134,3-6 7-6(7) 6-4,3,R32,150,6,5,111,62,38,24,15,11,16,3,4,103,63,34,25,16,4,9
2016-7347,Santiago,Clay,32,C,,20160313,2,MJ08,2,,Thiago Monteiro,L,183,BRA,21.785,236,220,LB84,,,Juan Ignacio Londero,R,180,ARG,22.576,283,175,7-5 7-6(7),3,R32,118,4,1,80,52,38,15,12,2,3,2,2,92,57,39,14,12,6,8
2016-7347,Santiago,Clay,32,C,,20160313,3,SC73,4,,Rogerio Dutra Silva,R,178,BRA,32.101,114,510,CC66,,,Andrea Collarini,L,183,ARG,24.115,393,108,7-6(5) 3-6 6-2,3,R32,177,7,3,117,68,45,24,14,12,15,0,2,114,66,37,29,15,3,7
2016-7347,Santiago,Clay,32,C,,20160313,4,V620,,,Agustin Velotti,R,,ARG,23.803,386,112,SG64,5,,Joao Souza,R,193,BRA,27.795,253,206,6-2 6-4,3,R32,87,6,1,64,40,29,14,9,2,2,6,6,77,51,33,11,9,14,17
2016-7347,Santiago,Clay,32,C,,20160313,5,A887,6,,Guido Andreozzi,R,183,ARG,24.605,179,307,D815,,,Fabiano De Paula,R,178,BRA,27.288,864,20,6-2 6-1,3,R32,59,3,1,42,20,15,16,7,1,1,1,1,55,36,20,6,8,7,12
2016-7347,Santiago,Clay,32,C,,20160313,6,MD56,7,,Leonardo Mayer,R,191,ARG,28.83,46,965,BS86,,,Tomas Barrios Vera,R,191,CHI,18.256,721,34,6-4 6-4,3,R32,94,3,2,62,45,34,7,10,3,5,2,4,76,49,26,14,10,8,12
2016-7347,Santiago,Clay,32,C,,20160313,7,KC29,8,,Nicolas Kicker,R,178,ARG,23.573,155,376,SH91,,,Jordi Samper-Montana,R,,ESP,25.938,212,241,6-4 6-3,3,R32,80,0,0,51,40,32,4,10,0,2,0,0,59,34,19,11,9,4,8
2016-7347,Santiago,Clay,32,C,,20160313,8,BK19,,,Mathias Bourgue,R,188,FRA,22.149,187,277,H896,,,Jose Hernandez-Fernandez,R,183,DOM,26.001,220,234,7-5 6-1,3,R32,89,6,0,65,47,29,11,10,5,7,1,1,68,54,25,8,9,6,11
2016-7347,Santiago,Clay,32,C,,20160313,9,E708,,,Maximiliano Estevez,L,191,ARG,26.82,341,138,MM24,,,Bastian Malla,,,CHI,19.472,461,86,6-4 7-5,3,R32,94,1,5,82,54,34,16,11,4,6,5,5,67,49,32,7,11,7,11
2016-7347,Santiago,Clay,32,C,,20160313,10,G585,,,Maximo Gonzalez,R,173,ARG,32.649,139,411,G602,,,Andre Ghem,R,193,BRA,33.791,154,385,2-6 6-3 6-3,3,R32,132,1,4,104,66,44,18,13,10,13,1,4,80,43,33,15,13,3,7
2016-7347,Santiago,Clay,32,C,,20160313,11,L941,,,Michael Linzer,R,180,AUT,26.36,272,187,MJ98,,,Facundo Mena,R,183,ARG,23.472,326,145,4-6 6-0 6-3,3,R32,111,2,1,94,66,39,16,13,7,10,3,4,76,45,27,10,12,7,13
2016-7347,Santiago,Clay,32,C,,20160313,12,MI11,,,Axel Michon,L,,FRA,25.24,228,228,SG56,,,Daniel Dutra da Silva,L,,BRA,27.688,514,68,6-2 4-6 6-4,3,R32,139,1,2,79,54,31,19,14,2,6,3,2,104,56,32,23,14,7,13
2016-7347,Santiago,Clay,32,C,,20160313,13,PG69,,,Juan Pablo Paz,R,173,ARG,21.188,431,97,FA43,,,Juan Pablo Ficovich,R,188,ARG,19.132,1253,6,6-1 6-3,3,R32,73,2,1,57,33,22,17,8,4,4,0,1,61,42,20,10,8,5,9
2016-7347,Santiago,Clay,32,C,,20160313,14,RH16,,,Casper Ruud,R,183,NOR,17.224,776,27,MU94,,,Jaume Munar,R,183,ESP,18.856,454,90,6-2 6-2,3,R32,78,3,4,58,39,28,10,8,6,6,1,2,58,39,21,8,8,3,7
2016-7347,Santiago,Clay,32,C,,20160313,15,SK69,,,Joao Pedro Sorgi,R,188,BRA,22.401,720,35,J551,,,Nicolas Jarry,R,201,CHI,20.422,491,74,7-6(5) 6-3,3,R32,98,4,0,74,48,33,19,11,3,4,4,2,75,41,28,19,10,0,2
2016-7347,Santiago,Clay,32,C,,20160313,16,S483,,,Pedro Sousa,R,180,POR,27.795,515,68,LC58,,,Tomas Lipovsek Puches,R,183,ARG,22.905,318,150,7-5 3-6 6-3,3,R32,127,0,6,108,82,50,10,15,9,15,5,4,114,71,42,17,15,14,21
2016-7347,Santiago,Clay,32,C,,20160313,17,Z184,1,,Horacio Zeballos,L,188,ARG,30.877,113,513,SK69,,,Joao Pedro Sorgi,R,188,BRA,22.401,720,35,6-3 6-4,3,R16,75,5,2,61,40,31,12,10,1,1,3,3,48,30,23,9,9,1,3
2016-7347,Santiago,Clay,32,C,,20160313,18,MJ08,2,,Thiago Monteiro,L,183,BRA,21.785,236,220,PG69,,,Juan Pablo Paz,R,173,ARG,21.188,431,97,6-4 6-2,3,R16,82,3,3,59,40,31,12,9,3,3,6,2,56,40,24,8,9,2,5
2016-7347,Santiago,Clay,32,C,,20160313,19,SC73,4,,Rogerio Dutra Silva,R,178,BRA,32.101,114,510,E708,,,Maximiliano Estevez,L,191,ARG,26.82,341,138,7-6(3) 4-6 6-4,3,R16,177,5,3,116,74,47,22,16,9,14,1,5,113,82,51,11,16,7,12
2016-7347,Santiago,Clay,32,C,,20160313,20,S483,,,Pedro Sousa,R,180,POR,27.795,515,68,A887,6,,Guido Andreozzi,R,183,ARG,24.605,179,307,7-5 7-5,3,R16,98,1,5,82,55,37,15,12,5,7,1,1,73,44,28,14,12,2,6
2016-7347,Santiago,Clay,32,C,,20160313,21,G585,,,Maximo Gonzalez,R,173,ARG,32.649,139,411,MD56,7,,Leonardo Mayer,R,191,ARG,28.83,46,965,6-1 6-2,3,R16,68,2,2,48,29,23,11,8,2,2,4,3,47,27,17,6,7,3,7
2016-7347,Santiago,Clay,32,C,,20160313,22,BK19,,,Mathias Bourgue,R,188,FRA,22.149,187,277,KC29,8,,Nicolas Kicker,R,178,ARG,23.573,155,376,2-6 6-2 6-2,3,R16,110,2,2,80,55,31,14,12,4,8,0,4,76,49,28,12,12,4,10
2016-7347,Santiago,Clay,32,C,,20160313,23,MI11,,,Axel Michon,L,,FRA,25.24,228,228,V620,,,Agustin Velotti,R,,ARG,23.803,386,112,3-6 7-6(2) 6-4,3,R16,141,2,3,102,70,40,19,15,8,14,4,1,91,48,24,27,16,2,8
2016-7347,Santiago,Clay,32,C,,20160313,24,RH16,,,Casper Ruud,R,183,NOR,17.224,776,27,L941,,,Michael Linzer,R,180,AUT,26.36,272,187,6-3 6-4,3,R16,76,4,5,61,40,32,12,10,3,3,0,0,56,38,25,11,9,6,8
2016-7347,Santiago,Clay,32,C,,20160313,25,Z184,1,,Horacio Zeballos,L,188,ARG,30.877,113,513,S483,,,Pedro Sousa,R,180,POR,27.795,515,68,7-6(5) 6-4,3,QF,96,3,1,69,41,30,13,11,1,4,2,6,69,50,35,5,11,2,6
2016-7347,Santiago,Clay,32,C,,20160313,26,MJ08,2,,Thiago Monteiro,L,183,BRA,21.785,236,220,MI11,,,Axel Michon,L,,FRA,25.24,228,228,7-5 6-4,3,QF,102,2,5,80,60,39,8,11,6,9,0,3,58,40,21,9,11,2,7
2016-7347,Santiago,Clay,32,C,,20160313,27,SC73,4,,Rogerio Dutra Silva,R,178,BRA,32.101,114,510,BK19,,,Mathias Bourgue,R,188,FRA,22.149,187,277,6-2 6-1,3,QF,64,0,1,37,32,23,3,7,0,1,0,3,55,32,11,11,8,8,14
2016-7347,Santiago,Clay,32,C,,20160313,28,G585,,,Maximo Gonzalez,R,173,ARG,32.649,139,411,RH16,,,Casper Ruud,R,183,NOR,17.224,776,27,5-7 7-5 6-3,3,QF,149,1,0,92,54,38,23,16,2,5,4,4,116,73,47,20,17,9,14
2016-7347,Santiago,Clay,32,C,,20160313,29,G585,,,Maximo Gonzalez,R,173,ARG,32.649,139,411,Z184,1,,Horacio Zeballos,L,188,ARG,30.877,113,513,6-1 6-7(2) 7-6(7),3,SF,179,6,3,120,77,48,20,15,5,9,7,8,114,76,52,12,16,9,16
2016-7347,Santiago,Clay,32,C,,20160313,30,SC73,4,,Rogerio Dutra Silva,R,178,BRA,32.101,114,510,MJ08,2,,Thiago Monteiro,L,183,BRA,21.785,236,220,5-0 RET,3,SF,53,1,1,11,8,7,2,2,0,0,0,2,18,9,3,3,3,2,5
2016-7347,Santiago,Clay,32,C,,20160313,31,G585,,,Maximo Gonzalez,R,173,ARG,32.649,139,411,SC73,4,,Rogerio Dutra Silva,R,178,BRA,32.101,114,510,6-2 7-6(5),3,F,115,3,4,60,35,25,14,10,3,5,3,1,86,63,33,12,10,11,15
2016-7482,Jonkoping,Hard,32,C,,20160313,1,KB05,1,,Filip Krajinovic,R,185,SRB,24.041,97,585,KD87,,,Evgeny Karlovskiy,R,191,RUS,21.599,456,89,7-6(10) 6-3,3,R32,98,11,1,80,55,44,12,11,7,7,10,7,92,60,43,13,10,6,7
2016-7482,Jonkoping,Hard,32,C,,20160313,2,AB12,,,Isak Arvidsson,R,188,SWE,23.6,658,43,BA65,2,,Dustin Brown,R,196,JAM,31.261,100,572,5-7 7-5 6-3,3,R32,97,9,2,98,54,48,23,17,6,7,16,6,94,58,43,20,16,3,5
2016-7482,Jonkoping,Hard,32,C,,20160313,3,SL28,3,,Jan-Lennard Struff,R,193,GER,25.884,110,522,E688,,,Markus Eriksson,R,188,SWE,26.286,479,79,6-2 6-4,3,R32,47,8,0,42,23,19,14,9,0,1,2,1,54,36,22,7,9,1,5
2016-7482,Jonkoping,Hard,32,C,,20160313,4,LB66,,,Constant Lestienne,R,180,FRA,23.806,250,212,L797,4,,Lukas Lacko,R,188,SVK,28.359,106,533,7-6(5) 4-6 6-4,3,R32,113,12,5,104,64,51,16,16,2,6,5,4,99,56,42,22,16,6,10
2016-7482,Jonkoping,Hard,32,C,,20160313,5,E698,5,,Gastao Elias,R,180,POR,25.3,121,480,GB93,,,Norbert Gombos,R,193,SVK,25.582,162,347,7-5 6-3,3,R32,92,10,3,73,35,26,25,11,7,7,7,5,62,32,24,12,10,2,4
2016-7482,Jonkoping,Hard,32,C,,20160313,6,K776,6,,Konstantin Kravchuk,R,191,RUS,31.05,128,463,I236,,,Uladzimir Ignatik,R,183,BLR,25.665,207,249,6-3 6-2,3,R32,72,12,0,58,37,31,12,9,7,7,4,6,55,27,19,11,8,6,9
2016-7482,Jonkoping,Hard,32,C,,20160313,7,R931,,,Patrik Rosenholm,R,178,SWE,28.022,1026,11,BE67,7,,Mirza Basic,R,188,BIH,24.671,132,454,4-6 6-4 6-3,3,R32,109,12,2,87,50,38,21,15,3,5,4,4,108,66,40,24,14,7,10
2016-7482,Jonkoping,Hard,32,C,,20160313,8,LC11,,,Tristan Lamasine,R,183,FRA,23.023,194,269,A829,8,,Radu Albot,R,175,MDA,26.335,143,404,3-6 6-3 6-4,3,R32,114,12,1,88,58,43,16,14,5,6,1,3,87,53,40,15,14,4,6
2016-7482,Jonkoping,Hard,32,C,,20160313,9,A622,,,Andrea Arnaboldi,L,180,ITA,28.211,169,329,BT68,,,Elliot Benchetrit,R,193,MAR,17.446,,,6-3 6-4,3,R32,77,5,3,62,33,25,17,10,2,3,6,5,70,36,22,18,9,10,13
2016-7482,Jonkoping,Hard,32,C,,20160313,10,D551,,,Farrukh Dustov,R,193,UZB,29.81,246,214,SF41,,,Aldin Setkic,R,191,BIH,28.227,201,259,7-6(5) 6-2,3,R32,88,13,2,73,55,42,9,10,5,5,4,2,68,49,35,9,10,4,6
2016-7482,Jonkoping,Hard,32,C,,20160313,11,G806,,,Andrey Golubev,R,180,KAZ,28.643,208,248,MF09,,,Nikola Mektic,R,183,CRO,27.217,309,154,6-2 3-6 6-3,3,R32,93,8,1,66,40,32,14,13,4,7,3,5,76,43,28,14,13,4,9
2016-7482,Jonkoping,Hard,32,C,,20160313,12,KE29,,,Karen Khachanov,R,198,RUS,19.811,146,401,KC56,,,Aslan Karatsev,R,185,RUS,22.522,197,266,6-3 6-4,3,R32,63,7,1,57,36,31,13,10,2,2,3,4,54,24,19,13,9,1,3
2016-7482,Jonkoping,Hard,32,C,,20160313,13,MB88,,,Matwe Middelkoop,R,191,NED,32.526,824,23,MG08,,,Yannick Mertens,R,185,BEL,28.717,198,261,6-4 7-5,3,R32,77,5,4,79,37,23,23,11,6,9,8,4,61,39,24,11,11,5,10
2016-7482,Jonkoping,Hard,32,C,,20160313,14,Y218,,,Elias Ymer,R,185,SWE,19.923,152,388,N503,,,Aleksandr Nedovyesov,R,188,KAZ,29.073,232,223,6-2 6-3,3,R32,68,3,2,55,37,30,9,9,1,1,3,1,62,44,28,6,8,5,8
2016-7482,Jonkoping,Hard,32,C,,20160313,15,Z189,,,Grega Zemlja,R,183,SLO,29.454,192,273,O340,,,Roberto Ortega-Olmedo,R,168,ESP,24.871,333,141,6-4 6-4,3,R32,86,17,2,77,48,38,13,10,4,5,1,5,71,37,22,20,10,5,8
2016-7482,Jonkoping,Hard,32,C,,20160313,16,Z254,,,Jurgen Zopp,R,191,EST,27.956,174,316,W739,,,Daniel Windahl,R,188,SWE,19.647,961,14,6-1 5-7 7-5,3,R32,101,7,1,85,50,35,22,16,4,7,7,3,88,60,38,14,15,2,7
2016-7482,Jonkoping,Hard,32,C,,20160313,17,KE29,,,Karen Khachanov,R,198,RUS,19.811,146,401,KB05,1,,Filip Krajinovic,R,185,SRB,24.041,97,585,7-6(2) 6-4,3,R16,70,8,1,65,36,32,19,11,1,1,5,3,62,39,31,13,11,1,2
2016-7482,Jonkoping,Hard,32,C,,20160313,18,SL28,3,,Jan-Lennard Struff,R,193,GER,25.884,110,522,Z254,,,Jurgen Zopp,R,191,EST,27.956,174,316,6-4 6-1,3,R16,49,7,2,42,24,20,13,8,1,1,2,2,48,30,19,8,9,1,5
2016-7482,Jonkoping,Hard,32,C,,20160313,19,MB88,,,Matwe Middelkoop,R,191,NED,32.526,824,23,E698,5,,Gastao Elias,R,180,POR,25.3,121,480,6-4 6-1,3,R16,65,6,2,50,27,23,12,9,1,2,1,2,47,19,12,14,8,5,9
2016-7482,Jonkoping,Hard,32,C,,20160313,20,A622,,,Andrea Arnaboldi,L,180,ITA,28.211,169,329,K776,6,,Konstantin Kravchuk,R,191,RUS,31.05,128,463,4-6 7-6(5) 7-5,3,R16,135,6,4,122,66,48,31,17,7,9,12,3,97,65,53,15,17,4,6
2016-7482,Jonkoping,Hard,32,C,,20160313,21,G806,,,Andrey Golubev,R,180,KAZ,28.643,208,248,AB12,,,Isak Arvidsson,R,188,SWE,23.6,658,43,6-2 6-4,3,R16,62,8,1,48,29,25,12,9,4,5,2,2,55,33,18,9,9,4,8
2016-7482,Jonkoping,Hard,32,C,,20160313,22,LC11,,,Tristan Lamasine,R,183,FRA,23.023,194,269,D551,,,Farrukh Dustov,R,193,UZB,29.81,246,214,6-3 6-7(4) 6-4,3,R16,125,5,1,108,72,48,17,16,4,8,10,1,88,59,39,12,15,1,7
2016-7482,Jonkoping,Hard,32,C,,20160313,23,R931,,,Patrik Rosenholm,R,178,SWE,28.022,1026,11,Z189,,,Grega Zemlja,R,183,SLO,29.454,192,273,5-7 7-6(6) 7-6(4),3,R16,127,12,4,111,73,61,24,18,1,2,22,0,125,80,61,27,18,4,4
2016-7482,Jonkoping,Hard,32,C,,20160313,24,Y218,,,Elias Ymer,R,185,SWE,19.923,152,388,LB66,,,Constant Lestienne,R,180,FRA,23.806,250,212,6-3 6-2,3,R16,69,5,5,61,36,27,11,9,4,6,1,3,52,25,15,10,8,4,9
2016-7482,Jonkoping,Hard,32,C,,20160313,25,SL28,3,,Jan-Lennard Struff,R,193,GER,25.884,110,522,LC11,,,Tristan Lamasine,R,183,FRA,23.023,194,269,6-3 7-5,3,QF,74,8,1,65,36,32,14,11,4,5,2,1,59,42,28,8,10,3,6
2016-7482,Jonkoping,Hard,32,C,,20160313,26,G806,,,Andrey Golubev,R,180,KAZ,28.643,208,248,R931,,,Patrik Rosenholm,R,178,SWE,28.022,1026,11,6-4 6-4,3,QF,65,9,0,55,36,30,12,10,2,2,6,0,62,35,24,16,10,3,5
2016-7482,Jonkoping,Hard,32,C,,20160313,27,KE29,,,Karen Khachanov,R,198,RUS,19.811,146,401,A622,,,Andrea Arnaboldi,L,180,ITA,28.211,169,329,6-2 6-3,3,QF,61,9,3,41,23,19,13,8,0,0,5,2,65,45,29,4,9,8,12
2016-7482,Jonkoping,Hard,32,C,,20160313,28,MB88,,,Matwe Middelkoop,R,191,NED,32.526,824,23,Y218,,,Elias Ymer,R,185,SWE,19.923,152,388,7-6(5) 3-6 6-2,3,QF,118,9,0,93,58,41,20,15,2,5,13,3,88,54,35,18,14,2,5
2016-7482,Jonkoping,Hard,32,C,,20160313,29,KE29,,,Karen Khachanov,R,198,RUS,19.811,146,401,SL28,3,,Jan-Lennard Struff,R,193,GER,25.884,110,522,1-6 7-6(4) 7-6(1),3,SF,113,12,4,103,53,40,27,15,4,7,21,0,100,63,48,21,16,2,3
2016-7482,Jonkoping,Hard,32,C,,20160313,30,G806,,,Andrey Golubev,R,180,KAZ,28.643,208,248,MB88,,,Matwe Middelkoop,R,191,NED,32.526,824,23,6-2 6-2,3,SF,54,8,0,37,24,21,11,8,0,0,3,1,56,34,19,9,8,3,7
2016-7482,Jonkoping,Hard,32,C,,20160313,31,G806,,,Andrey Golubev,R,180,KAZ,28.643,208,248,KE29,,,Karen Khachanov,R,198,RUS,19.811,146,401,6-7(9) 7-6(5) 7-6(4),3,F,164,7,2,132,85,61,28,18,5,7,13,5,133,67,55,34,18,5,7
2016-7496,Zhuhai,Hard,32,C,,20160313,1,BF55,1,,Yuki Bhambri,R,185,IND,23.691,111,518,G967,,,Peter Gojowczyk,R,188,GER,26.661,185,282,6-2 4-6 7-5,3,R32,126,3,6,95,58,38,16,15,8,13,6,5,109,59,38,18,15,10,17
2016-7496,Zhuhai,Hard,32,C,,20160313,2,BE69,,,Yan Bai,R,185,CHN,26.812,202,258,BG23,2,,Nikoloz Basilashvili,R,185,GEO,24.052,117,501,6-4 7-6(5),3,R32,95,9,4,72,42,32,14,11,7,10,3,1,80,57,32,11,11,8,12
2016-7496,Zhuhai,Hard,32,C,,20160313,3,TC61,3,,Jordan Thompson,R,183,AUS,21.897,123,475,RB56,,,Ramkumar Ramanathan,R,188,IND,21.344,215,238,7-6(5) 7-5,3,R32,110,6,1,74,41,28,18,12,2,5,4,4,78,42,31,14,12,2,6
2016-7496,Zhuhai,Hard,32,C,,20160313,4,F586,4,,Thomas Fabbiano,R,173,ITA,26.798,126,472,MF71,,,Denys Molchanov,R,188,UKR,28.827,223,232,6-3 6-7(5) 6-1,3,R32,124,4,1,90,62,49,18,15,1,1,9,7,104,54,39,22,13,9,12
2016-7496,Zhuhai,Hard,32,C,,20160313,5,ME64,5,,Saketh Myneni,R,193,IND,28.4,156,371,L733,,,Zhe Li,R,183,CHN,29.478,227,230,6-1 6-4,3,R32,66,6,1,70,39,28,16,9,5,6,1,1,43,26,15,7,8,1,5
2016-7496,Zhuhai,Hard,32,C,,20160313,6,SF76,6,,Franko Skugor,R,196,CRO,28.479,164,346,SH77,,,Artem Smirnov,L,188,UKR,28.11,247,213,6-4 6-0,3,R32,55,5,1,38,20,15,16,8,0,1,1,5,51,25,14,8,8,4,9
2016-7496,Zhuhai,Hard,32,C,,20160313,7,Z272,,,Ze Zhang,R,188,CHN,25.692,193,271,W571,7,,Di Wu,R,173,CHN,24.496,171,324,6-2 6-4,3,R32,64,3,3,56,31,23,15,9,4,5,2,4,47,28,16,9,9,2,6
2016-7496,Zhuhai,Hard,32,C,,20160313,8,K596,8,,Alexander Kudryavtsev,R,183,RUS,30.379,178,309,CH05,,,Altug Celikbilek,R,183,TUR,19.513,570,58,6-2 6-2,3,R32,43,8,1,39,23,21,11,8,0,0,3,4,56,38,24,3,8,4,8
2016-7496,Zhuhai,Hard,32,C,,20160313,9,C813,,,Ti Chen,R,178,TPE,32.444,233,223,SK67,,,Jan Satral,R,185,CZE,25.637,222,232,5-2 RET,3,R32,25,2,1,22,16,14,3,4,2,2,2,3,22,11,7,5,3,4,5
2016-7496,Zhuhai,Hard,32,C,,20160313,10,F724,,,Marton Fucsovics,R,188,HUN,24.093,200,260,G820,,,Xin Gao,R,180,CHN,21.837,724,34,4-6 6-3 6-1,3,R32,101,11,3,73,44,35,15,13,2,4,1,2,80,47,26,17,13,3,8
2016-7496,Zhuhai,Hard,32,C,,20160313,11,KB92,,,Kevin Krawietz,R,188,GER,24.134,445,93,L908,,,Nils Langer,R,193,GER,26.13,188,276,7-6(1) 6-3,3,R32,89,1,1,82,44,33,23,11,9,10,3,6,64,37,29,9,10,3,5
2016-7496,Zhuhai,Hard,32,C,,20160313,12,MI01,,,Hiroki Moriya,R,168,JPN,25.407,190,274,N663,,,Maximilian Neuchrist,R,,AUT,24.643,361,124,6-3 4-6 6-2,3,R32,120,2,5,85,40,25,24,14,6,10,9,2,83,56,34,8,13,6,12
2016-7496,Zhuhai,Hard,32,C,,20160313,13,O427,,,Bowen Ouyang,L,185,CHN,23.817,754,30,U134,,,Yasutaka Uchiyama,R,183,JPN,23.603,254,206,6-2 RET,3,R32,34,6,0,20,12,11,5,4,0,0,1,2,27,14,11,3,4,1,3
2016-7496,Zhuhai,Hard,32,C,,20160313,14,SM09,,,Luke Saville,R,188,AUS,22.193,186,279,LE01,,,Duckhee Lee,R,170,KOR,17.791,224,232,3-6 6-4 6-4,3,R32,134,12,9,98,57,39,16,14,4,8,1,3,97,71,42,13,15,4,9
2016-7496,Zhuhai,Hard,32,C,,20160313,15,SU87,,,Lorenzo Sonego,R,191,ITA,20.841,380,115,K863,,,Cheong-Eui Kim,,,KOR,25.974,349,132,7-6(5) 6-3,3,R32,96,4,3,62,40,31,12,10,1,3,3,3,79,47,27,17,11,4,8
2016-7496,Zhuhai,Hard,32,C,,20160313,16,W614,,,Chuhan Wang,R,188,CHN,24.049,678,40,W471,,,Amir Weintraub,R,185,ISR,29.489,195,267,6-4 6-2,3,R32,58,3,1,54,27,22,13,9,1,2,2,1,46,30,19,6,9,1,5
2016-7496,Zhuhai,Hard,32,C,,20160313,17,BF55,1,,Yuki Bhambri,R,185,IND,23.691,111,518,C813,,,Ti Chen,R,178,TPE,32.444,233,223,6-3 6-1,3,R16,76,3,1,48,32,26,8,8,3,3,2,0,56,46,25,4,8,6,10
2016-7496,Zhuhai,Hard,32,C,,20160313,18,TC61,3,,Jordan Thompson,R,183,AUS,21.897,123,475,KB92,,,Kevin Krawietz,R,188,GER,24.134,445,93,6-3 6-3,3,R16,60,5,0,44,26,23,13,9,0,0,1,4,51,33,23,7,9,1,4
2016-7496,Zhuhai,Hard,32,C,,20160313,19,F586,4,,Thomas Fabbiano,R,173,ITA,26.798,126,472,W614,,,Chuhan Wang,R,188,CHN,24.049,678,40,6-3 6-0,3,R16,50,1,0,45,35,27,7,8,2,2,2,1,35,22,13,4,7,0,4
2016-7496,Zhuhai,Hard,32,C,,20160313,20,ME64,5,,Saketh Myneni,R,193,IND,28.4,156,371,SM09,,,Luke Saville,R,188,AUS,22.193,186,279,7-6(4) 7-6(4),3,R16,104,10,3,99,61,44,19,12,6,7,7,6,81,53,40,14,12,0,1
2016-7496,Zhuhai,Hard,32,C,,20160313,21,SF76,6,,Franko Skugor,R,196,CRO,28.479,164,346,MI01,,,Hiroki Moriya,R,168,JPN,25.407,190,274,6-7(6) 6-4 6-3,3,R16,140,10,3,120,80,57,17,16,9,11,1,4,88,46,33,23,15,4,8
2016-7496,Zhuhai,Hard,32,C,,20160313,22,K596,8,,Alexander Kudryavtsev,R,183,RUS,30.379,178,309,SU87,,,Lorenzo Sonego,R,191,ITA,20.841,380,115,6-3 4-6 6-3,3,R16,114,3,2,108,59,36,22,14,10,16,4,5,75,52,34,3,14,2,10
2016-7496,Zhuhai,Hard,32,C,,20160313,23,F724,,,Marton Fucsovics,R,188,HUN,24.093,200,260,BE69,,,Yan Bai,R,185,CHN,26.812,202,258,7-5 6-2,3,R16,92,5,2,65,41,30,11,10,5,7,4,5,88,40,27,17,10,7,12
2016-7496,Zhuhai,Hard,32,C,,20160313,24,Z272,,,Ze Zhang,R,188,CHN,25.692,193,271,O427,,,Bowen Ouyang,L,185,CHN,23.817,754,30,6-4 7-6(1),3,R16,94,4,5,61,41,37,13,11,1,1,9,0,83,52,41,10,11,9,10
2016-7496,Zhuhai,Hard,32,C,,20160313,25,BF55,1,,Yuki Bhambri,R,185,IND,23.691,111,518,ME64,5,,Saketh Myneni,R,193,IND,28.4,156,371,6-4 7-6(3),3,QF,79,4,1,72,50,35,18,11,3,3,7,3,67,43,34,11,11,5,6
2016-7496,Zhuhai,Hard,32,C,,20160313,26,TC61,3,,Jordan Thompson,R,183,AUS,21.897,123,475,K596,8,,Alexander Kudryavtsev,R,183,RUS,30.379,178,309,6-3 6-0,3,QF,56,5,0,51,30,22,11,8,3,4,1,1,38,22,12,3,7,4,9
2016-7496,Zhuhai,Hard,32,C,,20160313,27,F586,4,,Thomas Fabbiano,R,173,ITA,26.798,126,472,SF76,6,,Franko Skugor,R,196,CRO,28.479,164,346,7-5 6-3,3,QF,90,1,1,72,56,41,7,11,4,5,6,1,70,33,24,16,10,3,6
2016-7496,Zhuhai,Hard,32,C,,20160313,28,Z272,,,Ze Zhang,R,188,CHN,25.692,193,271,F724,,,Marton Fucsovics,R,188,HUN,24.093,200,260,7-5 6-7(5) 6-2,3,QF,137,4,0,108,76,52,16,16,3,6,7,4,100,52,36,23,16,7,13
2016-7496,Zhuhai,Hard,32,C,,20160313,29,F586,4,,Thomas Fabbiano,R,173,ITA,26.798,126,472,BF55,1,,Yuki Bhambri,R,185,IND,23.691,111,518,6-3 6-3,3,SF,70,1,1,52,34,24,11,9,1,2,2,2,57,39,23,7,9,2,6
2016-7496,Zhuhai,Hard,32,C,,20160313,30,Z272,,,Ze Zhang,R,188,CHN,25.692,193,271,TC61,3,,Jordan Thompson,R,183,AUS,21.897,123,475,6-2 6-2,3,SF,76,2,0,50,26,21,16,8,5,5,3,4,68,39,23,12,8,8,12
2016-7496,Zhuhai,Hard,32,C,,20160313,31,F586,4,,Thomas Fabbiano,R,173,ITA,26.798,126,472,Z272,,,Ze Zhang,R,188,CHN,25.692,193,271,5-7 6-1 6-3,3,F,120,2,0,80,62,41,11,14,4,7,8,1,106,63,38,21,14,11,17
2016-6114,Kazan,Hard,32,C,,20160320,1,MM58,,,Daniil Medvedev,R,198,RUS,20.104,280,179,BE90,1,,Ricardas Berankis,R,175,LTU,25.747,85,631,6-4 3-6 6-4,3,R32,118,6,4,95,46,34,24,14,5,8,3,7,96,51,36,22,15,2,6
2016-6114,Kazan,Hard,32,C,,20160320,2,LC11,,,Tristan Lamasine,R,183,FRA,23.042,194,269,E698,2,,Gastao Elias,R,180,POR,25.32,121,480,6-3 7-6(3),3,R32,94,2,0,60,41,32,13,10,5,6,5,6,76,32,23,23,11,8,11
2016-6114,Kazan,Hard,32,C,,20160320,3,K776,3,,Konstantin Kravchuk,R,191,RUS,31.069,128,463,V490,,,Matteo Viola,R,185,ITA,28.704,274,184,7-6(1) 7-6(5),3,R32,109,11,3,89,55,41,14,12,6,9,0,7,71,37,29,15,12,1,4
2016-6114,Kazan,Hard,32,C,,20160320,4,A829,4,,Radu Albot,R,175,MDA,26.355,143,404,I236,,,Uladzimir Ignatik,R,183,BLR,25.684,207,249,6-3 7-5,3,R32,111,4,2,91,67,44,11,11,11,12,6,7,91,46,32,18,10,10,13
2016-6114,Kazan,Hard,32,C,,20160320,5,KE29,5,,Karen Khachanov,R,198,RUS,19.83,146,401,PG20,,,Dmitry Popko,R,191,KAZ,19.403,230,227,6-2 6-2,3,R32,50,2,0,37,18,16,16,8,0,0,2,2,50,31,17,9,8,4,8
2016-6114,Kazan,Hard,32,C,,20160320,6,GB93,6,,Norbert Gombos,R,193,SVK,25.602,162,347,BR59,,,Alexander Boborykin,,,RUS,19.795,930,16,6-4 7-6(3),3,R32,103,5,11,92,50,34,21,11,12,15,3,2,72,45,26,14,11,4,8
2016-6114,Kazan,Hard,32,C,,20160320,7,D551,,,Farrukh Dustov,R,193,UZB,29.829,246,214,GC89,7,,Egor Gerasimov,R,196,BLR,23.354,172,321,6-3 2-6 6-3,3,R32,85,6,0,76,54,41,9,13,0,2,5,2,74,42,32,16,13,3,6
2016-6114,Kazan,Hard,32,C,,20160320,8,BK92,,,Alexander Bublik,R,196,KAZ,18.757,836,22,SF41,,,Aldin Setkic,R,191,BIH,28.246,201,259,4-6 7-5 6-4,3,R32,131,11,13,120,56,43,29,16,8,12,2,6,95,56,37,16,16,2,7
2016-6114,Kazan,Hard,32,C,,20160320,9,I305,,,Ilya Ivashka,R,193,BLR,22.067,381,115,KD48,,,Markos Kalovelonis,R,191,GRE,21.84,522,67,6-0 7-5,3,R32,76,5,1,55,31,21,17,9,3,4,2,3,70,40,21,12,9,10,15
2016-6114,Kazan,Hard,32,C,,20160320,10,K839,,,Tobias Kamke,R,178,GER,29.832,244,216,O411,,,Albano Olivetti,R,203,FRA,24.32,812,24,7-6(4) 6-2,3,R32,80,1,0,55,36,29,16,10,0,0,21,4,74,41,32,13,10,6,8
2016-6114,Kazan,Hard,32,C,,20160320,11,KC56,,,Aslan Karatsev,R,185,RUS,22.541,197,266,BK24,,,Gregoire Barrere,R,183,FRA,22.089,278,180,6-7(2) 6-1 7-6(10),3,R32,135,4,6,110,63,44,23,16,2,6,4,5,109,64,39,23,15,5,11
2016-6114,Kazan,Hard,32,C,,20160320,12,N503,,,Aleksandr Nedovyesov,R,188,KAZ,29.092,232,223,C723,,,Flavio Cipolla,R,173,ITA,32.416,290,169,6-4 6-3,3,R32,62,3,1,46,34,26,9,9,1,2,0,3,54,34,21,8,10,1,5
2016-6114,Kazan,Hard,32,C,,20160320,13,PF36,,,David Perez Sanz,R,180,ESP,21.848,263,199,G753,,,David Guez,R,185,FRA,33.281,206,250,6-4 6-1,3,R32,73,6,2,52,26,24,12,8,1,1,1,5,60,31,21,11,9,2,6
2016-6114,Kazan,Hard,32,C,,20160320,14,SD78,,,Alexandre Sidorenko,R,185,FRA,28.085,412,103,DA02,,,Maxim Dubarenco,,,MDA,22.738,337,139,6-4 6-3,3,R32,71,2,3,48,25,21,13,9,1,2,1,0,62,34,20,13,10,4,8
2016-6114,Kazan,Hard,32,C,,20160320,15,V717,,,Alexey Vatutin,R,178,RUS,23.395,293,169,J513,,,Miki Jankovic,R,180,SRB,21.481,297,163,6-4 6-2,3,R32,71,2,3,59,35,26,16,9,3,3,8,3,62,34,24,14,9,8,11
2016-6114,Kazan,Hard,32,C,,20160320,16,Z248,,,Dzmitry Zhyrmont,R,188,BLR,27.053,319,149,MC18,,,Denis Matsukevich,R,191,RUS,29.979,1006,12,6-2 2-6 6-2,3,R32,87,0,2,62,30,21,15,12,2,6,6,5,81,50,30,12,12,7,13
2016-6114,Kazan,Hard,32,C,,20160320,17,K776,3,,Konstantin Kravchuk,R,191,RUS,31.069,128,463,Z248,,,Dzmitry Zhyrmont,R,188,BLR,27.053,319,149,6-4 6-4,3,R16,72,7,0,60,35,30,14,10,2,2,2,5,58,35,26,12,10,3,5
2016-6114,Kazan,Hard,32,C,,20160320,18,KC56,,,Aslan Karatsev,R,185,RUS,22.541,197,266,A829,4,,Radu Albot,R,175,MDA,26.355,143,404,6-7(3) 6-2 7-6(2),3,R16,153,10,5,115,56,41,31,16,6,8,2,5,109,66,44,21,16,7,11
2016-6114,Kazan,Hard,32,C,,20160320,19,KE29,5,,Karen Khachanov,R,198,RUS,19.83,146,401,PF36,,,David Perez Sanz,R,180,ESP,21.848,263,199,6-2 7-6(5),3,R16,88,8,6,64,34,31,13,10,3,4,3,4,77,37,27,15,10,8,11
2016-6114,Kazan,Hard,32,C,,20160320,20,SD78,,,Alexandre Sidorenko,R,185,FRA,28.085,412,103,GB93,6,,Norbert Gombos,R,193,SVK,25.602,162,347,6-3 7-5,3,R16,79,5,3,70,38,28,16,11,3,5,4,7,66,36,24,11,10,8,12
2016-6114,Kazan,Hard,32,C,,20160320,21,I305,,,Ilya Ivashka,R,193,BLR,22.067,381,115,D551,,,Farrukh Dustov,R,193,UZB,29.829,246,214,6-3 6-1,3,R16,60,1,1,51,29,24,12,8,1,1,3,1,49,29,18,8,8,4,8
2016-6114,Kazan,Hard,32,C,,20160320,22,K839,,,Tobias Kamke,R,178,GER,29.832,244,216,LC11,,,Tristan Lamasine,R,183,FRA,23.042,194,269,6-3 6-4,3,R16,79,2,2,64,41,30,15,10,2,2,3,1,61,50,32,5,9,4,6
2016-6114,Kazan,Hard,32,C,,20160320,23,MM58,,,Daniil Medvedev,R,198,RUS,20.104,280,179,BK92,,,Alexander Bublik,R,196,KAZ,18.757,836,22,6-2 7-6(3),3,R16,70,7,3,63,42,31,9,10,2,4,6,4,73,45,26,13,10,3,7
2016-6114,Kazan,Hard,32,C,,20160320,24,N503,,,Aleksandr Nedovyesov,R,188,KAZ,29.092,232,223,V717,,,Alexey Vatutin,R,178,RUS,23.395,293,169,6-7(3) 7-6(4) 6-1,3,R16,145,11,4,119,65,46,22,16,11,16,2,7,94,59,36,15,15,2,9
2016-6114,Kazan,Hard,32,C,,20160320,25,K776,3,,Konstantin Kravchuk,R,191,RUS,31.069,128,463,SD78,,,Alexandre Sidorenko,R,185,FRA,28.085,412,103,6-3 RET,3,QF,30,6,1,25,15,13,5,4,3,3,1,2,30,11,8,8,5,2,4
2016-6114,Kazan,Hard,32,C,,20160320,26,KC56,,,Aslan Karatsev,R,185,RUS,22.541,197,266,KE29,5,,Karen Khachanov,R,198,RUS,19.83,146,401,6-3 6-3,3,QF,65,4,1,45,27,23,14,9,3,3,5,6,62,35,23,12,9,6,9
2016-6114,Kazan,Hard,32,C,,20160320,27,K839,,,Tobias Kamke,R,178,GER,29.832,244,216,N503,,,Aleksandr Nedovyesov,R,188,KAZ,29.092,232,223,6-2 7-5,3,QF,84,1,4,64,36,28,17,10,1,1,3,3,64,42,30,9,10,3,6
2016-6114,Kazan,Hard,32,C,,20160320,28,MM58,,,Daniil Medvedev,R,198,RUS,20.104,280,179,I305,,,Ilya Ivashka,R,193,BLR,22.067,381,115,4-6 6-4 6-1,3,QF,102,8,8,70,37,30,17,13,1,4,2,4,109,68,43,13,14,14,20
2016-6114,Kazan,Hard,32,C,,20160320,29,K839,,,Tobias Kamke,R,178,GER,29.832,244,216,K776,3,,Konstantin Kravchuk,R,191,RUS,31.069,128,463,6-3 6-1,3,SF,58,1,1,44,34,29,4,8,0,0,5,1,54,34,19,7,8,3,7
2016-6114,Kazan,Hard,32,C,,20160320,30,KC56,,,Aslan Karatsev,R,185,RUS,22.541,197,266,MM58,,,Daniil Medvedev,R,198,RUS,20.104,280,179,6-4 6-1,3,SF,62,3,1,48,23,19,14,8,4,5,3,3,52,33,21,5,9,0,5
2016-6114,Kazan,Hard,32,C,,20160320,31,K839,,,Tobias Kamke,R,178,GER,29.832,244,216,KC56,,,Aslan Karatsev,R,185,RUS,22.541,197,266,6-4 6-2,3,F,80,0,3,53,29,21,11,9,2,5,4,6,57,29,16,11,9,3,9
2016-6284,Guadalajara,Hard,32,C,,20160320,1,SL07,,,Alexander Sarkissian,R,191,USA,25.963,176,311,E224,1,,Victor Estrella Burgos,R,170,DOM,35.63,67,745,6-2 2-6 7-5,3,R32,109,8,10,87,48,35,16,14,1,5,4,2,76,50,32,13,14,3,8
2016-6284,Guadalajara,Hard,32,C,,20160320,2,PF39,2,,Lucas Pouille,R,185,FRA,22.07,87,619,G602,,,Andre Ghem,R,193,BRA,33.81,154,385,6-3 5-7 6-2,3,R32,92,6,6,74,40,35,23,15,1,2,2,5,91,48,38,18,14,5,8
2016-6284,Guadalajara,Hard,32,C,,20160320,3,D923,3,,Damir Dzumhur,R,175,BIH,23.833,93,588,A853,,,Marcelo Arevalo,R,191,ESA,25.424,315,151,6-2 6-3,3,R32,57,3,2,41,30,27,6,8,1,1,2,3,61,36,23,8,9,4,8
2016-6284,Guadalajara,Hard,32,C,,20160320,4,N674,,,Dennis Novikov,R,193,USA,22.368,153,388,CF59,4,,Roberto Carballes Baena,R,183,ESP,22.992,107,526,6-2 4-6 6-3,3,R32,102,7,3,95,53,41,21,13,3,4,5,7,84,43,29,20,14,3,7
2016-6284,Guadalajara,Hard,32,C,,20160320,5,J267,5,,Malek Jaziri,R,185,TUN,32.164,108,524,RB60,,,Oriol Roca Batalla,R,175,ESP,22.888,217,237,6-4 6-4,3,R32,64,5,2,54,30,26,15,10,0,0,8,1,54,29,23,15,10,3,5
2016-6284,Guadalajara,Hard,32,C,,20160320,6,Z184,6,,Horacio Zeballos,L,188,ARG,30.897,113,513,H917,,,Tigre Hank,L,188,MEX,24.471,448,92,6-3 7-6(4),3,R32,95,9,5,81,48,39,17,11,2,3,1,3,68,41,30,12,10,1,3
2016-6284,Guadalajara,Hard,32,C,,20160320,7,G892,,,Alejandro Gonzalez,R,191,COL,27.113,145,402,F444,7,,Alejandro Falla,L,185,COL,32.348,129,459,6-3 4-6 6-3,3,R32,109,1,5,75,48,33,14,14,3,7,2,2,90,59,35,12,14,6,12
2016-6284,Guadalajara,Hard,32,C,,20160320,8,MG47,,,James McGee,R,183,IRL,28.778,203,256,BC72,8,,Daniel Brands,R,196,GER,28.676,130,456,6-2 6-2,3,R32,56,6,4,53,28,24,14,8,3,3,4,3,45,29,21,2,8,2,6
2016-6284,Guadalajara,Hard,32,C,,20160320,9,BK19,,,Mathias Bourgue,R,188,FRA,22.168,187,277,A941,,,Facundo Arguello,R,178,ARG,23.625,141,406,6-3 4-6 7-6(4),3,R32,133,19,6,110,70,53,21,16,7,9,6,4,81,43,33,25,15,3,5
2016-6284,Guadalajara,Hard,32,C,,20160320,10,GE33,,,Daniel Elahi Galan,R,191,COL,19.754,408,104,DA67,,,Matteo Donati,R,185,ITA,21.057,181,295,6-4 7-6(6),3,R32,80,6,1,70,55,41,7,11,2,4,7,3,82,47,35,16,11,9,12
2016-6284,Guadalajara,Hard,32,C,,20160320,11,GC87,,,Lucas Gomez,L,178,MEX,20.608,545,62,SI82,,,Manuel Sanchez,R,,MEX,25.205,633,48,7-6(2) 4-6 6-3,3,R32,162,6,9,118,63,49,27,16,8,10,10,6,114,76,54,16,15,8,10
2016-6284,Guadalajara,Hard,32,C,,20160320,12,ME05,,,Marinko Matosevic,R,193,AUS,30.615,435,95,SH91,,,Jordi Samper-Montana,R,,ESP,25.958,212,241,7-6(6) 6-1,3,R32,93,6,4,66,39,31,15,10,5,6,2,4,73,50,31,9,9,8,11
2016-6284,Guadalajara,Hard,32,C,,20160320,13,MB53,,,Adrian Menendez-Maceiras,R,183,ESP,30.393,159,355,KD70,,,Pedja Krstin,R,183,SRB,21.544,264,198,6-7(6) 6-1 6-3,3,R32,138,13,6,97,54,42,24,14,2,3,3,6,98,50,33,22,14,6,11
2016-6284,Guadalajara,Hard,32,C,,20160320,14,R612,,,Stephane Robert,R,185,FRA,35.841,136,435,E873,,,Ernesto Escobedo,R,185,MEX,19.71,336,139,6-4 6-2,3,R32,63,9,7,58,30,24,14,9,7,8,5,6,68,34,20,15,9,4,8
2016-6284,Guadalajara,Hard,32,C,,20160320,15,SI36,,,Eduardo Struvay,R,,COL,25.257,221,232,H938,,,Hans Hach Verdugo,L,183,MEX,26.355,634,48,6-4 6-2,3,R32,70,5,1,49,31,27,10,9,1,1,2,2,55,29,18,14,9,6,9
2016-6284,Guadalajara,Hard,32,C,,20160320,16,W503,,,James Ward,R,188,GBR,29.109,180,297,M824,,,Albert Montanes,R,175,ESP,35.313,133,452,7-5 6-3,3,R32,70,15,6,74,38,31,22,11,7,7,7,3,50,29,25,10,10,0,2
2016-6284,Guadalajara,Hard,32,C,,20160320,17,PF39,2,,Lucas Pouille,R,185,FRA,22.07,87,619,GE33,,,Daniel Elahi Galan,R,191,COL,19.754,408,104,6-3 6-4,3,R16,68,5,3,68,35,26,20,10,4,4,2,2,62,35,25,14,9,11,13
2016-6284,Guadalajara,Hard,32,C,,20160320,18,MB53,,,Adrian Menendez-Maceiras,R,183,ESP,30.393,159,355,D923,3,,Damir Dzumhur,R,175,BIH,23.833,93,588,1-6 6-2 6-0,3,R16,84,4,1,59,35,21,13,10,0,3,4,7,69,42,26,7,11,4,10
2016-6284,Guadalajara,Hard,32,C,,20160320,19,J267,5,,Malek Jaziri,R,185,TUN,32.164,108,524,ME05,,,Marinko Matosevic,R,193,AUS,30.615,435,95,6-4 6-3,3,R16,75,3,3,57,32,27,16,10,3,3,6,3,52,31,21,11,9,2,4
2016-6284,Guadalajara,Hard,32,C,,20160320,20,Z184,6,,Horacio Zeballos,L,188,ARG,30.897,113,513,BK19,,,Mathias Bourgue,R,188,FRA,22.168,187,277,7-6(4) 6-4,3,R16,98,11,1,85,59,38,20,11,5,5,16,3,65,45,33,10,11,0,1
2016-6284,Guadalajara,Hard,32,C,,20160320,21,G892,,,Alejandro Gonzalez,R,191,COL,27.113,145,402,W503,,,James Ward,R,188,GBR,29.109,180,297,7-5 2-6 6-4,3,R16,124,4,3,100,68,51,11,15,4,7,13,7,90,50,38,18,15,4,7
2016-6284,Guadalajara,Hard,32,C,,20160320,22,N674,,,Dennis Novikov,R,193,USA,22.368,153,388,SI36,,,Eduardo Struvay,R,,COL,25.257,221,232,6-3 6-4,3,R16,64,5,5,57,29,25,15,10,1,2,6,7,54,31,21,10,9,2,5
2016-6284,Guadalajara,Hard,32,C,,20160320,23,R612,,,Stephane Robert,R,185,FRA,35.841,136,435,MG47,,,James McGee,R,183,IRL,28.778,203,256,6-4 4-6 6-4,3,R16,117,1,6,90,43,32,26,15,3,6,7,9,102,60,34,22,15,6,10
2016-6284,Guadalajara,Hard,32,C,,20160320,24,SL07,,,Alexander Sarkissian,R,191,USA,25.963,176,311,GC87,,,Lucas Gomez,L,178,MEX,20.608,545,62,6-1 7-6(1),3,R16,80,11,4,59,37,32,11,10,0,1,0,6,66,41,26,10,9,7,10
2016-6284,Guadalajara,Hard,32,C,,20160320,25,J267,5,,Malek Jaziri,R,185,TUN,32.164,108,524,PF39,2,,Lucas Pouille,R,185,FRA,22.07,87,619,3-6 6-3 7-5,3,QF,105,7,0,78,38,30,24,15,3,6,13,7,97,55,40,18,15,8,12
2016-6284,Guadalajara,Hard,32,C,,20160320,26,Z184,6,,Horacio Zeballos,L,188,ARG,30.897,113,513,MB53,,,Adrian Menendez-Maceiras,R,183,ESP,30.393,159,355,6-1 3-6 7-5,3,QF,106,16,4,70,40,33,20,14,3,5,8,1,84,54,36,17,14,6,10
2016-6284,Guadalajara,Hard,32,C,,20160320,27,R612,,,Stephane Robert,R,185,FRA,35.841,136,435,N674,,,Dennis Novikov,R,193,USA,22.368,153,388,6-1 7-5,3,QF,63,4,3,65,28,23,20,9,5,6,1,4,59,36,24,6,10,5,10
2016-6284,Guadalajara,Hard,32,C,,20160320,28,SL07,,,Alexander Sarkissian,R,191,USA,25.963,176,311,G892,,,Alejandro Gonzalez,R,191,COL,27.113,145,402,6-0 7-6(4),3,QF,78,12,7,56,26,22,17,9,2,3,3,2,62,40,25,10,9,6,10
2016-6284,Guadalajara,Hard,32,C,,20160320,29,J267,5,,Malek Jaziri,R,185,TUN,32.164,108,524,Z184,6,,Horacio Zeballos,L,188,ARG,30.897,113,513,6-7(5) 6-3 6-4,3,SF,146,9,2,100,51,41,26,16,4,6,2,4,114,63,44,23,15,11,15
2016-6284,Guadalajara,Hard,32,C,,20160320,30,R612,,,Stephane Robert,R,185,FRA,35.841,136,435,SL07,,,Alexander Sarkissian,R,191,USA,25.963,176,311,4-6 7-6(5) 6-1,3,SF,126,3,3,96,51,34,20,14,3,8,3,9,108,59,36,20,15,11,18
2016-6284,Guadalajara,Hard,32,C,,20160320,31,J267,5,,Malek Jaziri,R,185,TUN,32.164,108,524,R612,,,Stephane Robert,R,185,FRA,35.841,136,435,5-7 6-3 7-6(5),3,F,121,13,1,98,65,47,17,16,1,5,4,6,114,64,47,18,17,6,11
2016-6965,Guangzhou,Hard,32,C,,20160320,1,ME64,,,Saketh Myneni,R,193,IND,28.419,156,371,DA81,1,,Taro Daniel,R,191,JPN,23.143,86,619,1-6 6-0 7-5,3,R32,114,7,3,87,48,32,19,13,5,9,0,0,91,60,37,11,12,9,14
2016-6965,Guangzhou,Hard,32,C,,20160320,2,SC56,2,,Dudi Sela,R,175,ISR,30.96,88,613,MI01,,,Hiroki Moriya,R,168,JPN,25.426,190,274,6-4 1-6 7-5,3,R32,108,1,0,86,49,31,15,15,7,13,1,1,88,61,36,14,14,5,10
2016-6965,Guangzhou,Hard,32,C,,20160320,3,PG32,,,Adam Pavlasek,R,185,CZE,21.448,134,449,G676,3,,Daniel Gimeno-Traver,R,183,ESP,30.617,91,602,6-3 6-3,3,R32,56,1,0,48,38,27,9,9,0,0,2,1,46,30,17,11,9,1,4
2016-6965,Guangzhou,Hard,32,C,,20160320,4,F586,,,Thomas Fabbiano,R,173,ITA,26.817,126,472,KB05,4,,Filip Krajinovic,R,185,SRB,24.06,97,585,7-6(2) 6-4,3,R32,90,4,3,85,63,46,8,11,9,11,5,0,71,46,28,10,11,3,6
2016-6965,Guangzhou,Hard,32,C,,20160320,5,L797,5,,Lukas Lacko,R,188,SVK,28.378,106,533,N663,,,Maximilian Neuchrist,R,,AUT,24.663,361,124,6-2 6-2,3,R32,69,7,1,54,37,30,9,8,4,4,2,3,60,44,28,3,8,4,8
2016-6965,Guangzhou,Hard,32,C,,20160320,6,BF55,6,,Yuki Bhambri,R,185,IND,23.71,111,518,SU87,,,Lorenzo Sonego,R,191,ITA,20.86,380,115,6-1 6-1,3,R32,66,0,0,47,37,23,6,7,1,2,2,0,56,33,14,6,7,6,12
2016-6965,Guangzhou,Hard,32,C,,20160320,7,BG23,7,,Nikoloz Basilashvili,R,185,GEO,24.071,117,501,RA51,,,Blaz Rola,L,193,SLO,25.457,160,355,5-7 7-5 6-4,3,R32,129,3,5,110,67,46,23,17,4,7,12,2,96,66,45,16,17,1,5
2016-6965,Guangzhou,Hard,32,C,,20160320,8,CG33,8,,Kimmer Coppejans,R,178,BEL,22.114,122,478,W373,,,Jimmy Wang,R,180,TPE,31.11,378,116,6-2 6-2,3,R32,75,3,0,54,33,24,13,8,4,4,0,0,53,36,19,8,8,3,7
2016-6965,Guangzhou,Hard,32,C,,20160320,9,C582,,,Marco Chiudinelli,R,185,SUI,34.524,144,404,CA99,,,Marius Copil,R,191,ROU,25.424,199,260,6-0 6-2,3,R32,50,2,0,33,23,21,7,7,0,0,0,0,38,19,10,6,7,2,7
2016-6965,Guangzhou,Hard,32,C,,20160320,10,K771,,,Marsel Ilhan,R,191,TUR,28.775,138,412,G967,,,Peter Gojowczyk,R,188,GER,26.68,185,282,1-6 6-3 6-3,3,R32,84,6,3,76,49,32,14,12,2,4,10,2,84,50,37,16,13,5,8
2016-6965,Guangzhou,Hard,32,C,,20160320,11,L908,,,Nils Langer,R,193,GER,26.149,188,276,CH05,,,Altug Celikbilek,R,183,TUR,19.532,570,58,6-2 6-2,3,R32,53,2,0,46,36,25,9,8,0,0,5,2,55,38,23,6,8,4,8
2016-6965,Guangzhou,Hard,32,C,,20160320,12,L733,,,Zhe Li,R,183,CHN,29.498,227,230,K596,,,Alexander Kudryavtsev,R,183,RUS,30.398,178,309,6-1 6-7(5) 6-1,3,R32,96,12,0,90,61,46,17,14,6,8,4,1,81,50,32,14,12,6,12
2016-6965,Guangzhou,Hard,32,C,,20160320,13,SF76,,,Franko Skugor,R,196,CRO,28.498,164,346,BE69,,,Yan Bai,R,185,CHN,26.831,202,258,6-3 1-0 RET,3,R32,41,1,0,29,21,15,4,5,1,2,0,2,34,23,12,4,5,0,3
2016-6965,Guangzhou,Hard,32,C,,20160320,14,SC47,,,Go Soeda,R,178,JPN,31.537,127,464,W614,,,Chuhan Wang,R,188,CHN,24.068,678,40,6-3 6-3,3,R32,83,0,2,58,41,30,7,9,2,3,0,4,66,39,23,12,9,3,7
2016-6965,Guangzhou,Hard,32,C,,20160320,15,W571,,,Di Wu,R,173,CHN,24.515,171,324,TC61,,,Jordan Thompson,R,183,AUS,21.916,123,475,6-3 6-2,3,R32,58,1,3,47,34,28,9,9,1,1,2,1,45,26,19,6,8,2,5
2016-6965,Guangzhou,Hard,32,C,,20160320,16,Z272,,,Ze Zhang,R,188,CHN,25.711,193,271,SM09,,,Luke Saville,R,188,AUS,22.212,186,279,7-5 6-3,3,R32,74,7,1,52,36,31,11,11,0,1,7,3,61,42,26,9,10,3,6
2016-6965,Guangzhou,Hard,32,C,,20160320,17,SC56,2,,Dudi Sela,R,175,ISR,30.96,88,613,W571,,,Di Wu,R,173,CHN,24.515,171,324,6-2 6-0,3,R16,48,4,1,41,24,20,9,7,0,0,1,1,38,19,6,7,7,2,7
2016-6965,Guangzhou,Hard,32,C,,20160320,18,L797,5,,Lukas Lacko,R,188,SVK,28.378,106,533,L908,,,Nils Langer,R,193,GER,26.149,188,276,6-3 6-4,3,R16,78,8,0,48,37,30,10,10,0,0,3,0,68,41,28,12,9,8,10
2016-6965,Guangzhou,Hard,32,C,,20160320,19,L733,,,Zhe Li,R,183,CHN,29.498,227,230,BF55,6,,Yuki Bhambri,R,185,IND,23.71,111,518,4-1 RET,3,R16,16,0,0,11,8,5,3,2,0,0,1,0,18,15,7,1,3,0,2
2016-6965,Guangzhou,Hard,32,C,,20160320,20,BG23,7,,Nikoloz Basilashvili,R,185,GEO,24.071,117,501,C582,,,Marco Chiudinelli,R,185,SUI,34.524,144,404,7-5 6-0,3,R16,78,1,1,53,37,26,5,9,2,5,4,1,59,33,15,9,9,5,12
2016-6965,Guangzhou,Hard,32,C,,20160320,21,SC47,,,Go Soeda,R,178,JPN,31.537,127,464,CG33,8,,Kimmer Coppejans,R,178,BEL,22.114,122,478,6-3 6-1,3,R16,58,1,2,42,34,28,5,8,0,0,2,0,47,37,20,4,8,2,6
2016-6965,Guangzhou,Hard,32,C,,20160320,22,K771,,,Marsel Ilhan,R,191,TUR,28.775,138,412,PG32,,,Adam Pavlasek,R,185,CZE,21.448,134,449,3-6 7-6(7) 6-2,3,R16,125,8,1,102,67,48,20,14,10,11,14,1,106,65,44,24,15,3,5
2016-6965,Guangzhou,Hard,32,C,,20160320,23,SF76,,,Franko Skugor,R,196,CRO,28.498,164,346,F586,,,Thomas Fabbiano,R,173,ITA,26.817,126,472,6-4 6-3,3,R16,79,6,1,63,31,24,15,9,3,5,2,0,58,42,22,10,10,10,15
2016-6965,Guangzhou,Hard,32,C,,20160320,24,Z272,,,Ze Zhang,R,188,CHN,25.711,193,271,ME64,,,Saketh Myneni,R,193,IND,28.419,156,371,4-6 7-6(5) 6-2,3,R16,117,4,1,93,62,47,18,15,4,6,5,1,94,50,36,27,15,4,7
2016-6965,Guangzhou,Hard,32,C,,20160320,25,SC56,2,,Dudi Sela,R,175,ISR,30.96,88,613,SC47,,,Go Soeda,R,178,JPN,31.537,127,464,4-6 6-2 6-3,3,QF,127,4,1,101,75,43,11,14,8,14,1,1,88,50,24,15,13,4,12
2016-6965,Guangzhou,Hard,32,C,,20160320,26,L797,5,,Lukas Lacko,R,188,SVK,28.378,106,533,K771,,,Marsel Ilhan,R,191,TUR,28.775,138,412,4-6 6-3 6-4,3,QF,115,4,1,88,58,46,18,15,4,5,9,0,101,64,46,16,14,11,13
2016-6965,Guangzhou,Hard,32,C,,20160320,27,BG23,7,,Nikoloz Basilashvili,R,185,GEO,24.071,117,501,SF76,,,Franko Skugor,R,196,CRO,28.498,164,346,6-7(7) 6-4 6-2,3,QF,117,1,2,97,63,47,19,15,6,7,6,1,81,52,38,14,15,0,4
2016-6965,Guangzhou,Hard,32,C,,20160320,28,Z272,,,Ze Zhang,R,188,CHN,25.711,193,271,L733,,,Zhe Li,R,183,CHN,29.498,227,230,6-2 6-4,3,QF,80,7,2,56,39,29,12,9,6,6,1,3,55,32,24,8,9,5,8
2016-6965,Guangzhou,Hard,32,C,,20160320,29,BG23,7,,Nikoloz Basilashvili,R,185,GEO,24.071,117,501,SC56,2,,Dudi Sela,R,175,ISR,30.96,88,613,6-7(5) 6-4 2-0 RET,3,SF,108,0,1,84,65,40,11,12,5,8,1,1,79,50,31,14,12,7,12
2016-6965,Guangzhou,Hard,32,C,,20160320,30,L797,5,,Lukas Lacko,R,188,SVK,28.378,106,533,Z272,,,Ze Zhang,R,188,CHN,25.711,193,271,6-0 6-1,3,SF,51,5,0,38,31,26,2,7,0,0,2,2,47,27,10,9,6,4,9
2016-6965,Guangzhou,Hard,32,C,,20160320,31,BG23,7,,Nikoloz Basilashvili,R,185,GEO,24.071,117,501,L797,5,,Lukas Lacko,R,188,SVK,28.378,106,533,6-1 6-7(6) 7-5,3,F,119,8,3,93,57,43,21,16,0,1,10,2,92,64,47,13,15,7,11
2016-7235,Drummondville,Hard,32,C,,20160320,1,D499,,,Frank Dancevic,R,185,CAN,31.48,243,216,SE73,1,,Yuichi Sugita,R,175,JPN,27.502,99,580,6-4 6-4,3,R32,70,8,3,62,31,28,14,10,5,6,4,2,63,34,24,12,10,6,9
2016-7235,Drummondville,Hard,32,C,,20160320,2,KA00,2,,Austin Krajicek,L,188,USA,25.76,101,559,KB37,,,Evan King,L,185,USA,23.986,391,109,7-6(3) 6-1,3,R32,82,9,1,66,46,37,11,10,4,5,7,0,76,50,33,10,9,8,11
2016-7235,Drummondville,Hard,32,C,,20160320,3,SF36,3,,Igor Sijsling,R,191,NED,28.589,150,396,Q945,,,Eric Quigley,R,185,USA,27.135,313,153,3-6 6-3 6-4,3,R32,97,7,5,86,52,42,16,14,4,5,1,4,103,53,39,26,14,7,9
2016-7235,Drummondville,Hard,32,C,,20160320,4,E687,4,,Daniel Evans,R,175,GBR,25.826,157,369,BH98,,,Matthew Barton,R,191,AUS,24.255,241,217,1-6 6-2 6-3,3,R32,80,2,5,70,35,27,18,12,2,4,11,5,78,46,34,12,12,3,6
2016-7235,Drummondville,Hard,32,C,,20160320,5,O376,5,,Renzo Olivo,R,178,ARG,24.014,167,336,KE64,,,Stefan Kozlov,R,183,USA,18.13,338,138,6-3 1-6 7-5,3,R32,140,9,8,116,63,42,20,14,12,17,6,9,89,48,33,18,14,9,14
2016-7235,Drummondville,Hard,32,C,,20160320,6,MG08,6,,Yannick Mertens,R,185,BEL,28.736,198,261,BI23,,,Liam Broady,L,183,GBR,22.207,289,171,6-7(5) 6-1 6-4,3,R32,102,8,3,99,65,44,22,15,2,4,5,2,88,57,36,16,14,8,13
2016-7235,Drummondville,Hard,32,C,,20160320,7,BC68,,,Philip Bester,R,188,CAN,27.452,303,160,PL56,7,,Tommy Paul,R,185,USA,18.842,225,231,6-3 6-4,3,R32,61,5,3,52,33,28,13,10,0,0,0,2,55,31,21,16,9,3,5
2016-7235,Drummondville,Hard,32,C,,20160320,8,KC12,,,Mitchell Krueger,R,188,USA,22.185,271,188,N555,8,,Daniel Nguyen,R,173,USA,25.426,240,218,6-4 4-6 6-2,3,R32,118,9,5,83,49,36,13,14,4,8,2,8,91,49,23,23,14,11,17
2016-7235,Drummondville,Hard,32,C,,20160320,9,CA71,,,Edward Corrie,R,183,GBR,28.077,531,65,BM19,,,Deiton Baughman,,,USA,19.907,403,106,6-2 6-4,3,R32,61,2,3,51,30,22,16,9,2,2,3,1,64,47,31,5,9,2,5
2016-7235,Drummondville,Hard,32,C,,20160320,10,HA28,,,Filip Horansky,R,191,SVK,23.198,364,123,GB13,,,Germain Gigounon,R,178,BEL,26.916,265,196,6-2 2-0 RET,3,R32,34,7,3,39,27,22,3,5,1,1,1,1,33,18,10,5,5,2,5
2016-7235,Drummondville,Hard,32,C,,20160320,11,J551,,,Nicolas Jarry,R,201,CHI,20.441,491,74,MM79,,,Blake Mott,R,180,AUS,19.912,335,139,6-4 6-2,3,R32,75,6,0,59,46,37,5,9,5,5,2,1,60,43,23,10,9,3,6
2016-7235,Drummondville,Hard,32,C,,20160320,12,O340,,,Roberto Ortega-Olmedo,R,168,ESP,24.89,333,141,J553,,,Omar Jasika,L,183,AUS,18.839,281,178,1-6 6-1 6-0,3,R32,73,2,4,56,36,26,11,10,1,3,1,2,69,47,27,10,10,5,10
2016-7235,Drummondville,Hard,32,C,,20160320,13,PB22,,,Peter Polansky,R,183,CAN,27.762,542,62,N670,,,Hugo Nys,R,183,MON,25.09,429,97,6-4 3-6 6-4,3,R32,95,1,2,73,48,34,16,14,0,2,14,1,87,45,36,20,15,5,8
2016-7235,Drummondville,Hard,32,C,,20160320,14,RA82,,,Yannik Reuter,R,,BEL,25.04,312,153,LC88,,,Winston Lin,,,USA,22.902,838,22,6-4 6-3,3,R32,80,8,2,66,38,31,12,9,4,5,1,2,60,30,17,15,10,2,6
2016-7235,Drummondville,Hard,32,C,,20160320,15,SU55,,,Denis Shapovalov,L,185,CAN,16.931,775,27,PF65,,,Filip Peliwo,R,180,POL,22.136,446,92,6-2 3-6 6-1,3,R32,73,10,3,70,47,38,12,12,5,6,2,7,74,38,29,13,12,3,7
2016-7235,Drummondville,Hard,32,C,,20160320,16,V942,,,Tim van Rijthoven,R,188,NED,18.905,577,56,MK40,,,Benjamin Mitchell,R,183,AUS,23.302,248,213,3-6 7-6(6) 6-2,3,R32,112,7,0,82,46,36,21,14,2,4,9,9,89,47,39,19,15,2,5
2016-7235,Drummondville,Hard,32,C,,20160320,17,SU55,,,Denis Shapovalov,L,185,CAN,16.931,775,27,KA00,2,,Austin Krajicek,L,188,USA,25.76,101,559,6-3 7-5,3,R16,59,13,4,53,32,31,14,11,0,0,0,2,54,31,20,16,10,1,3
2016-7235,Drummondville,Hard,32,C,,20160320,18,PB22,,,Peter Polansky,R,183,CAN,27.762,542,62,SF36,3,,Igor Sijsling,R,191,NED,28.589,150,396,6-2 2-6 7-5,3,R16,78,7,5,89,59,35,13,14,5,10,5,2,70,40,26,13,14,3,9
2016-7235,Drummondville,Hard,32,C,,20160320,19,E687,4,,Daniel Evans,R,175,GBR,25.826,157,369,HA28,,,Filip Horansky,R,191,SVK,23.198,364,123,6-0 6-3,3,R16,48,1,3,49,31,24,8,8,2,3,3,4,48,29,17,5,7,1,6
2016-7235,Drummondville,Hard,32,C,,20160320,20,O376,5,,Renzo Olivo,R,178,ARG,24.014,167,336,RA82,,,Yannik Reuter,R,,BEL,25.04,312,153,6-4 7-5,3,R16,91,4,5,63,39,25,13,11,1,4,3,2,77,45,29,11,11,6,11
2016-7235,Drummondville,Hard,32,C,,20160320,21,V942,,,Tim van Rijthoven,R,188,NED,18.905,577,56,MG08,6,,Yannick Mertens,R,185,BEL,28.736,198,261,3-6 6-4 6-4,3,R16,115,10,5,113,73,48,17,14,11,15,5,4,83,51,35,15,15,4,9
2016-7235,Drummondville,Hard,32,C,,20160320,22,BC68,,,Philip Bester,R,188,CAN,27.452,303,160,O340,,,Roberto Ortega-Olmedo,R,168,ESP,24.89,333,141,6-3 7-6(4),3,R16,88,5,6,68,41,36,15,11,4,4,2,2,77,41,24,24,10,8,9
2016-7235,Drummondville,Hard,32,C,,20160320,23,CA71,,,Edward Corrie,R,183,GBR,28.077,531,65,KC12,,,Mitchell Krueger,R,188,USA,22.185,271,188,6-4 6-2,3,R16,78,10,1,60,34,26,16,9,5,5,6,2,67,35,24,14,9,9,12
2016-7235,Drummondville,Hard,32,C,,20160320,24,D499,,,Frank Dancevic,R,185,CAN,31.48,243,216,J551,,,Nicolas Jarry,R,201,CHI,20.441,491,74,7-6(4) 6-3,3,R16,66,4,1,63,40,34,15,11,0,0,10,1,58,43,30,10,10,1,2
2016-7235,Drummondville,Hard,32,C,,20160320,25,E687,4,,Daniel Evans,R,175,GBR,25.826,157,369,BC68,,,Philip Bester,R,188,CAN,27.452,303,160,6-3 7-6(3),3,QF,75,7,1,64,38,27,23,11,1,1,7,3,62,35,24,17,10,1,2
2016-7235,Drummondville,Hard,32,C,,20160320,26,SU55,,,Denis Shapovalov,L,185,CAN,16.931,775,27,O376,5,,Renzo Olivo,R,178,ARG,24.014,167,336,6-6 RET,3,QF,55,5,0,31,17,13,11,6,1,2,3,2,46,30,19,10,6,4,5
2016-7235,Drummondville,Hard,32,C,,20160320,27,CA71,,,Edward Corrie,R,183,GBR,28.077,531,65,D499,,,Frank Dancevic,R,185,CAN,31.48,243,216,6-3 6-4,3,QF,68,5,1,55,37,32,9,10,0,0,2,1,62,27,19,20,9,4,6
2016-7235,Drummondville,Hard,32,C,,20160320,28,V942,,,Tim van Rijthoven,R,188,NED,18.905,577,56,PB22,,,Peter Polansky,R,183,CAN,27.762,542,62,4-6 7-5 6-1,3,QF,104,13,5,92,57,42,19,15,5,7,4,4,90,55,40,14,14,6,10
2016-7235,Drummondville,Hard,32,C,,20160320,29,E687,4,,Daniel Evans,R,175,GBR,25.826,157,369,SU55,,,Denis Shapovalov,L,185,CAN,16.931,775,27,4-6 7-6(5) 6-4,3,SF,104,3,4,96,60,50,14,16,1,3,11,6,91,63,51,13,16,5,7
2016-7235,Drummondville,Hard,32,C,,20160320,30,CA71,,,Edward Corrie,R,183,GBR,28.077,531,65,V942,,,Tim van Rijthoven,R,188,NED,18.905,577,56,6-3 6-4,3,SF,69,4,3,58,34,29,14,10,1,1,7,0,57,38,25,11,9,2,4
2016-7235,Drummondville,Hard,32,C,,20160320,31,E687,4,,Daniel Evans,R,175,GBR,25.826,157,369,CA71,,,Edward Corrie,R,183,GBR,28.077,531,65,6-3 6-4,3,F,67,4,0,54,34,30,9,10,1,2,3,3,59,37,24,9,9,6,9
2016-213,San Luis Potosi,Clay,32,C,,20160327,1,GB53,,,Federico Gaio,R,178,ITA,24.06,250,213,B678,1,,Michael Berrer,L,193,GER,35.737,118,493,6-3 6-7(5) 7-5,3,R32,145,4,10,107,51,43,22,16,7,10,5,8,103,55,37,24,17,4,10
2016-213,San Luis Potosi,Clay,32,C,,20160327,2,M824,2,,Albert Montanes,R,175,ESP,35.332,129,452,CG04,,,Pedro Cachin,R,185,ARG,20.958,242,220,5-7 6-3 7-6(5),3,R32,141,4,13,120,61,46,25,17,6,11,5,8,94,52,39,16,16,1,6
2016-213,San Luis Potosi,Clay,32,C,,20160327,3,G602,3,,Andre Ghem,R,193,BRA,33.829,172,332,DB59,,,Dennis Novak,R,183,AUT,22.579,237,226,7-5 7-6(2),3,R32,102,5,4,77,38,27,19,12,2,6,2,7,76,47,31,9,12,3,8
2016-213,San Luis Potosi,Clay,32,C,,20160327,4,Z198,,,Caio Zampieri,R,183,BRA,29.834,356,131,MB53,4,,Adrian Menendez-Maceiras,R,183,ESP,30.412,160,365,6-1 1-6 7-5,3,R32,100,8,1,78,54,37,15,13,4,6,5,2,72,32,21,27,13,3,6
2016-213,San Luis Potosi,Clay,32,C,,20160327,5,DA67,5,,Matteo Donati,R,185,ITA,21.076,193,277,N555,,,Daniel Nguyen,R,173,USA,25.446,253,209,6-4 6-4,3,R32,75,9,3,73,49,32,12,10,6,8,3,6,54,26,18,11,10,2,6
2016-213,San Luis Potosi,Clay,32,C,,20160327,6,BK19,6,,Mathias Bourgue,R,188,FRA,22.188,185,288,BC76,,,Nicolas Barrientos,R,175,COL,28.925,273,182,5-7 6-2 6-0,3,R32,114,8,5,78,46,34,18,13,4,6,1,10,90,58,33,13,13,6,12
2016-213,San Luis Potosi,Clay,32,C,,20160327,7,PB37,7,,Hans Podlipnik-Castillo,R,183,CHI,28.214,198,267,J380,,,Jason Jung,R,180,TPE,26.782,227,229,6-4 6-0,3,R32,68,2,1,50,27,23,14,8,1,1,1,2,44,20,12,11,8,4,8
2016-213,San Luis Potosi,Clay,32,C,,20160327,8,SK47,,,Mohamed Safwat,R,180,EGY,25.52,272,183,MG47,8,,James McGee,R,183,IRL,28.797,203,256,6-4 6-2,3,R32,63,4,0,52,35,27,9,9,2,3,4,3,44,27,18,8,9,3,7
2016-213,San Luis Potosi,Clay,32,C,,20160327,9,A853,,,Marcelo Arevalo,R,191,ESA,25.443,291,164,A803,,,Mauricio Astorga,L,0,MEX,24.772,1157,8,6-2 6-3,3,R32,61,10,3,50,37,31,7,9,1,1,3,3,53,25,18,10,8,3,6
2016-213,San Luis Potosi,Clay,32,C,,20160327,10,DB63,,,Laslo Djere,R,188,SRB,20.819,229,228,V620,,,Agustin Velotti,R,,ARG,23.841,312,152,7-5 3-6 6-0,3,R32,113,4,7,79,45,30,19,13,2,5,4,4,83,51,36,9,14,4,10
2016-213,San Luis Potosi,Clay,32,C,,20160327,11,GA79,,,Lorenzo Giustino,R,180,ITA,24.545,254,208,L430,,,Giovanni Lapentti,R,193,ECU,33.169,211,243,6-4 6-3,3,R32,114,3,6,78,36,25,22,10,6,7,3,6,76,44,26,17,9,10,13
2016-213,San Luis Potosi,Clay,32,C,,20160327,12,GC87,,,Lucas Gomez,L,178,MEX,20.627,512,70,PG20,,,Dmitry Popko,R,191,KAZ,19.422,235,227,6-2 6-0,3,R32,68,2,3,46,31,24,8,7,2,2,1,1,41,21,12,5,7,1,6
2016-213,San Luis Potosi,Clay,32,C,,20160327,13,KD70,,,Pedja Krstin,R,183,SRB,21.563,201,258,H917,,,Tigre Hank,L,188,MEX,24.49,452,92,6-3 6-4,3,R32,114,3,6,64,32,24,15,10,3,5,3,10,99,60,39,11,9,22,26
2016-213,San Luis Potosi,Clay,32,C,,20160327,14,MM66,,,Nikola Milojevic,R,188,SRB,20.772,219,236,RB60,,,Oriol Roca Batalla,R,175,ESP,22.908,246,215,6-4 6-3,3,R32,81,3,3,45,22,19,14,9,2,3,3,9,80,46,24,21,10,6,10
2016-213,San Luis Potosi,Clay,32,C,,20160327,15,SH91,,,Jordi Samper-Montana,R,,ESP,25.977,251,212,SI82,,,Manuel Sanchez,R,,MEX,25.224,636,48,6-3 6-2,3,R32,88,2,2,56,37,28,7,8,3,4,0,7,70,45,23,11,9,8,13
2016-213,San Luis Potosi,Clay,32,C,,20160327,16,SO86,,,Robin Stanek,L,188,CZE,21.229,288,169,R383,,,Ruben Ramirez Hidalgo,R,183,ESP,38.22,259,203,6-3 6-4,3,R32,92,11,1,62,38,31,14,10,3,3,5,9,92,50,33,18,9,11,13
2016-213,San Luis Potosi,Clay,32,C,,20160327,17,M824,2,,Albert Montanes,R,175,ESP,35.332,129,452,DB63,,,Laslo Djere,R,188,SRB,20.819,229,228,7-5 7-6(5),3,R16,94,6,1,67,46,37,12,12,0,2,4,6,80,48,33,13,12,2,5
2016-213,San Luis Potosi,Clay,32,C,,20160327,18,G602,3,,Andre Ghem,R,193,BRA,33.829,172,332,GC87,,,Lucas Gomez,L,178,MEX,20.627,512,70,6-3 6-2,3,R16,72,3,3,45,26,18,12,8,1,2,5,6,66,34,19,13,9,8,13
2016-213,San Luis Potosi,Clay,32,C,,20160327,19,A853,,,Marcelo Arevalo,R,191,ESA,25.443,291,164,DA67,5,,Matteo Donati,R,185,ITA,21.076,193,277,6-7(1) 6-4 6-3,3,R16,140,7,3,94,63,41,20,15,2,4,8,6,100,62,41,20,16,2,7
2016-213,San Luis Potosi,Clay,32,C,,20160327,20,KD70,,,Pedja Krstin,R,183,SRB,21.563,201,258,BK19,6,,Mathias Bourgue,R,188,FRA,22.188,185,288,6-3 6-4,3,R16,82,6,3,63,37,29,13,10,5,6,5,3,59,33,22,12,9,2,5
2016-213,San Luis Potosi,Clay,32,C,,20160327,21,PB37,7,,Hans Podlipnik-Castillo,R,183,CHI,28.214,198,267,SH91,,,Jordi Samper-Montana,R,,ESP,25.977,251,212,6-3 6-4,3,R16,87,1,3,57,36,25,13,10,2,4,1,3,58,32,18,13,9,5,9
2016-213,San Luis Potosi,Clay,32,C,,20160327,22,GB53,,,Federico Gaio,R,178,ITA,24.06,250,213,MM66,,,Nikola Milojevic,R,188,SRB,20.772,219,236,6-3 6-1,3,R16,62,4,3,44,23,18,14,8,3,4,5,4,45,21,12,10,8,1,6
2016-213,San Luis Potosi,Clay,32,C,,20160327,23,SK47,,,Mohamed Safwat,R,180,EGY,25.52,272,183,GA79,,,Lorenzo Giustino,R,180,ITA,24.545,254,208,7-6(7) 6-4,3,R16,93,7,3,64,38,33,14,11,0,2,3,7,79,39,26,21,11,1,4
2016-213,San Luis Potosi,Clay,32,C,,20160327,24,Z198,,,Caio Zampieri,R,183,BRA,29.834,356,131,SO86,,,Robin Stanek,L,188,CZE,21.229,288,169,6-3 6-1,3,R16,55,4,2,43,25,21,12,8,2,2,1,2,43,28,18,5,8,2,6
2016-213,San Luis Potosi,Clay,32,C,,20160327,25,M824,2,,Albert Montanes,R,175,ESP,35.332,129,452,SK47,,,Mohamed Safwat,R,180,EGY,25.52,272,183,4-6 6-2 7-6(5),3,QF,120,8,6,98,51,38,25,15,2,5,4,7,93,57,44,14,15,5,9
2016-213,San Luis Potosi,Clay,32,C,,20160327,26,A853,,,Marcelo Arevalo,R,191,ESA,25.443,291,164,G602,3,,Andre Ghem,R,193,BRA,33.829,172,332,6-3 7-6(5),3,QF,80,3,3,63,41,35,15,11,4,4,5,5,68,40,34,9,10,3,4
2016-213,San Luis Potosi,Clay,32,C,,20160327,27,GB53,,,Federico Gaio,R,178,ITA,24.06,250,213,PB37,7,,Hans Podlipnik-Castillo,R,183,CHI,28.214,198,267,6-4 6-1,3,QF,74,5,3,46,23,20,15,8,3,3,0,2,55,33,17,12,9,1,5
2016-213,San Luis Potosi,Clay,32,C,,20160327,28,KD70,,,Pedja Krstin,R,183,SRB,21.563,201,258,Z198,,,Caio Zampieri,R,183,BRA,29.834,356,131,7-6(4) 6-3,3,QF,49,1,2,56,34,29,18,11,0,1,2,1,50,42,34,4,10,1,3
2016-213,San Luis Potosi,Clay,32,C,,20160327,29,KD70,,,Pedja Krstin,R,183,SRB,21.563,201,258,M824,2,,Albert Montanes,R,175,ESP,35.332,129,452,6-2 6-4,3,SF,73,4,6,62,29,22,17,9,7,8,5,6,48,19,15,11,9,2,6
2016-213,San Luis Potosi,Clay,32,C,,20160327,30,A853,,,Marcelo Arevalo,R,191,ESA,25.443,291,164,GB53,,,Federico Gaio,R,178,ITA,24.06,250,213,6-1 6-4,3,SF,62,4,1,51,31,25,13,9,1,1,0,2,45,25,14,10,8,0,3
2016-213,San Luis Potosi,Clay,32,C,,20160327,31,KD70,,,Pedja Krstin,R,183,SRB,21.563,201,258,A853,,,Marcelo Arevalo,R,191,ESA,25.443,291,164,6-4 6-2,3,F,83,5,4,57,38,30,11,9,1,1,7,4,61,39,27,7,9,1,4
2016-7004,Shenzhen,Hard,32,C,,20160327,1,F586,,,Thomas Fabbiano,R,173,ITA,26.836,110,544,DA81,1,,Taro Daniel,R,191,JPN,23.162,89,619,4-6 6-0 6-3,3,R32,107,8,1,80,59,41,11,13,3,6,0,3,76,49,28,11,12,9,15
2016-7004,Shenzhen,Hard,32,C,,20160327,2,SC56,2,,Dudi Sela,R,175,ISR,30.979,84,646,LA93,,,Enrique Lopez Perez,R,180,ESP,24.816,344,135,6-4 6-3,3,R32,73,6,2,67,44,31,16,10,5,5,3,0,50,34,22,10,9,0,2
2016-7004,Shenzhen,Hard,32,C,,20160327,3,L733,,,Zhe Li,R,183,CHN,29.517,210,245,G676,3,,Daniel Gimeno-Traver,R,183,ESP,30.637,102,569,6-3 6-7(4) 6-1,3,R32,116,7,0,91,56,40,20,15,2,4,8,4,81,51,36,10,13,4,9
2016-7004,Shenzhen,Hard,32,C,,20160327,4,W571,,,Di Wu,R,173,CHN,24.534,175,324,KB05,4,,Filip Krajinovic,R,185,SRB,24.079,103,568,6-4 6-1,3,R32,57,2,2,61,39,29,9,9,1,2,1,1,49,33,19,7,8,2,6
2016-7004,Shenzhen,Hard,32,C,,20160327,5,ME64,,,Saketh Myneni,R,193,IND,28.438,149,396,L797,5,,Lukas Lacko,R,188,SVK,28.397,98,580,7-5 6-3,3,R32,67,4,0,60,47,38,8,11,2,2,2,0,61,40,24,15,10,3,5
2016-7004,Shenzhen,Hard,32,C,,20160327,6,BG23,6,,Nikoloz Basilashvili,R,185,GEO,24.09,96,583,SF76,,,Franko Skugor,R,196,CRO,28.517,156,380,2-6 6-1 6-4,3,R32,102,5,1,71,53,41,6,13,2,5,7,1,92,49,34,16,12,2,6
2016-7004,Shenzhen,Hard,32,C,,20160327,7,MI01,,,Hiroki Moriya,R,168,JPN,25.446,195,274,CG33,7,,Kimmer Coppejans,R,178,BEL,22.133,148,396,6-2 6-2,3,R32,71,0,0,41,27,16,10,8,1,3,5,0,62,42,18,9,8,3,9
2016-7004,Shenzhen,Hard,32,C,,20160327,8,TC61,8,,Jordan Thompson,R,183,AUS,21.936,117,500,Z272,,,Ze Zhang,R,188,CHN,25.73,171,334,7-5 6-4,3,R32,88,6,0,75,52,36,10,11,5,7,4,1,64,40,26,12,11,4,8
2016-7004,Shenzhen,Hard,32,C,,20160327,9,D752,,,Niels Desein,R,191,BEL,28.799,368,125,L908,,,Nils Langer,R,193,GER,26.168,188,284,6-7(3) 6-4 6-4,3,R32,131,9,4,95,52,45,25,16,5,5,18,0,113,64,48,25,16,9,11
2016-7004,Shenzhen,Hard,32,C,,20160327,10,GB61,,,Viktor Galovic,R,193,CRO,25.52,642,47,RA51,,,Blaz Rola,L,193,SLO,25.476,162,355,7-6(3) 4-6 6-4,3,R32,135,15,2,106,71,54,18,16,6,7,4,1,97,66,50,18,16,4,5
2016-7004,Shenzhen,Hard,32,C,,20160327,11,G967,,,Peter Gojowczyk,R,188,GER,26.7,190,282,Q976,,,Xi Qi,R,180,CHN,19.63,1252,6,6-0 6-4,3,R32,49,8,1,45,31,27,7,8,2,2,1,1,48,26,13,10,8,2,6
2016-7004,Shenzhen,Hard,32,C,,20160327,12,K771,,,Marsel Ilhan,R,191,TUR,28.794,137,414,C582,,,Marco Chiudinelli,R,185,SUI,34.543,139,412,3-6 6-4 7-5,3,R32,115,11,2,91,57,47,18,15,3,4,8,0,92,60,48,16,16,1,3
2016-7004,Shenzhen,Hard,32,C,,20160327,13,PG32,,,Adam Pavlasek,R,185,CZE,21.467,126,457,W614,,,Chuhan Wang,R,188,CHN,24.088,683,40,7-6(1) 6-1,3,R32,83,9,1,74,58,41,8,10,5,6,0,4,65,34,18,17,9,5,8
2016-7004,Shenzhen,Hard,32,C,,20160327,14,SK67,,,Jan Satral,R,185,CZE,25.676,247,214,K596,,,Alexander Kudryavtsev,R,183,RUS,30.418,180,308,6-2 7-5,3,R32,80,6,3,80,52,35,18,10,6,7,6,2,68,37,25,13,10,8,12
2016-7004,Shenzhen,Hard,32,C,,20160327,15,SM09,,,Luke Saville,R,188,AUS,22.231,186,287,CM82,,,Long Chen,R,175,CHN,19.858,2150,1,6-0 6-4,3,R32,54,9,1,43,31,26,5,8,0,1,2,4,49,34,19,4,8,6,11
2016-7004,Shenzhen,Hard,32,C,,20160327,16,SC47,,,Go Soeda,R,178,JPN,31.556,123,473,SX90,,,Fajing Sun,R,178,CHN,19.48,828,24,6-4 6-2,3,R32,72,3,0,56,31,21,17,9,5,6,1,1,52,35,18,9,9,4,8
2016-7004,Shenzhen,Hard,32,C,,20160327,17,SC56,2,,Dudi Sela,R,175,ISR,30.979,84,646,D752,,,Niels Desein,R,191,BEL,28.799,368,125,6-3 6-2,3,R16,70,3,3,52,38,32,7,9,6,6,1,3,57,32,21,10,8,1,4
2016-7004,Shenzhen,Hard,32,C,,20160327,18,G967,,,Peter Gojowczyk,R,188,GER,26.7,190,282,BG23,6,,Nikoloz Basilashvili,R,185,GEO,24.09,96,583,6-3 6-4,3,R16,50,6,0,48,30,23,11,9,1,2,3,0,59,42,22,11,10,4,8
2016-7004,Shenzhen,Hard,32,C,,20160327,19,TC61,8,,Jordan Thompson,R,183,AUS,21.936,117,500,SK67,,,Jan Satral,R,185,CZE,25.676,247,214,7-5 6-2,3,R16,73,5,0,56,35,29,14,10,2,2,5,1,60,34,22,15,10,1,4
2016-7004,Shenzhen,Hard,32,C,,20160327,20,F586,,,Thomas Fabbiano,R,173,ITA,26.836,110,544,SM09,,,Luke Saville,R,188,AUS,22.231,186,287,6-3 6-4,3,R16,64,1,0,54,40,29,10,10,1,2,7,1,46,26,17,10,9,1,4
2016-7004,Shenzhen,Hard,32,C,,20160327,21,K771,,,Marsel Ilhan,R,191,TUR,28.794,137,414,MI01,,,Hiroki Moriya,R,168,JPN,25.446,195,274,6-4 6-3,3,R16,76,6,0,55,39,32,11,10,3,3,4,3,73,41,29,13,9,11,13
2016-7004,Shenzhen,Hard,32,C,,20160327,22,ME64,,,Saketh Myneni,R,193,IND,28.438,149,396,SC47,,,Go Soeda,R,178,JPN,31.556,123,473,6-3 6-1,3,R16,53,9,0,50,42,25,7,8,2,3,3,0,51,36,18,6,8,4,9
2016-7004,Shenzhen,Hard,32,C,,20160327,23,PG32,,,Adam Pavlasek,R,185,CZE,21.467,126,457,L733,,,Zhe Li,R,183,CHN,29.517,210,245,6-4 6-3,3,R16,60,5,1,51,40,31,4,9,1,2,1,0,55,35,19,13,10,2,6
2016-7004,Shenzhen,Hard,32,C,,20160327,24,W571,,,Di Wu,R,173,CHN,24.534,175,324,GB61,,,Viktor Galovic,R,193,CRO,25.52,642,47,6-4 6-3,3,R16,77,2,1,76,55,40,11,10,6,6,5,2,68,46,28,11,9,4,6
2016-7004,Shenzhen,Hard,32,C,,20160327,25,SC56,2,,Dudi Sela,R,175,ISR,30.979,84,646,G967,,,Peter Gojowczyk,R,188,GER,26.7,190,282,6-4 6-1,3,QF,68,1,2,59,41,27,10,9,4,6,3,1,74,41,20,16,8,9,14
2016-7004,Shenzhen,Hard,32,C,,20160327,26,F586,,,Thomas Fabbiano,R,173,ITA,26.836,110,544,TC61,8,,Jordan Thompson,R,183,AUS,21.936,117,500,6-3 7-5,3,QF,78,0,1,59,42,24,10,10,4,7,2,0,63,42,22,8,11,4,10
2016-7004,Shenzhen,Hard,32,C,,20160327,27,PG32,,,Adam Pavlasek,R,185,CZE,21.467,126,457,ME64,,,Saketh Myneni,R,193,IND,28.438,149,396,6-3 6-1,3,QF,37,1,0,34,30,28,4,8,0,0,1,0,45,33,16,5,8,2,6
2016-7004,Shenzhen,Hard,32,C,,20160327,28,W571,,,Di Wu,R,173,CHN,24.534,175,324,K771,,,Marsel Ilhan,R,191,TUR,28.794,137,414,7-6(5) 6-4,3,QF,76,6,2,71,44,31,14,11,3,6,8,1,73,49,29,13,11,3,7
2016-7004,Shenzhen,Hard,32,C,,20160327,29,SC56,2,,Dudi Sela,R,175,ISR,30.979,84,646,PG32,,,Adam Pavlasek,R,185,CZE,21.467,126,457,6-1 6-2,3,SF,53,0,0,41,27,22,11,8,1,1,0,2,46,29,14,7,7,3,7
2016-7004,Shenzhen,Hard,32,C,,20160327,30,W571,,,Di Wu,R,173,CHN,24.534,175,324,F586,,,Thomas Fabbiano,R,173,ITA,26.836,110,544,6-2 1-6 7-6(6),3,SF,110,2,3,98,66,35,11,13,7,15,2,2,97,72,37,8,14,5,13
2016-7004,Shenzhen,Hard,32,C,,20160327,31,SC56,2,,Dudi Sela,R,175,ISR,30.979,84,646,W571,,,Di Wu,R,173,CHN,24.534,175,324,6-4 6-3,3,F,63,3,0,54,34,29,13,10,1,1,0,1,57,37,24,10,9,7,9
2016-1539,Leon,Hard,32,C,,20160329,1,G602,,,Andre Ghem,R,193,BRA,33.834,172,332,G940,1,,Sam Groth,R,193,AUS,28.444,77,691,7-6(3) 2-6 6-4,3,R32,120,5,6,89,50,37,24,15,5,8,17,12,106,58,49,21,15,9,11
2016-1539,Leon,Hard,32,C,,20160329,2,V620,,,Agustin Velotti,R,,ARG,23.847,312,152,FB98,2,,Taylor Fritz,R,196,USA,18.418,81,666,6-7(4) 6-3 7-5,3,R32,125,9,1,109,76,54,21,17,6,7,16,4,109,63,50,21,16,6,9
2016-1539,Leon,Hard,32,C,,20160329,3,J267,3,,Malek Jaziri,R,185,TUN,32.189,92,599,H938,,,Hans Hach Verdugo,L,183,MEX,26.379,750,30,6-2 6-3,3,R32,70,5,5,65,34,25,16,8,4,4,3,8,65,43,30,4,9,4,8
2016-1539,Leon,Hard,32,C,,20160329,4,KD70,,,Pedja Krstin,R,183,SRB,21.569,201,258,SE73,4,,Yuichi Sugita,R,175,JPN,27.526,97,580,7-5 6-1,3,R32,85,9,4,75,49,38,10,10,4,5,0,2,53,36,23,6,9,4,8
2016-1539,Leon,Hard,32,C,,20160329,5,MB53,,,Adrian Menendez-Maceiras,R,183,ESP,30.418,160,365,KA00,5,,Austin Krajicek,L,188,USA,25.785,104,567,6-4 6-4,3,R32,80,8,3,62,38,32,9,10,1,2,17,10,68,43,34,5,10,3,6
2016-1539,Leon,Hard,32,C,,20160329,6,B678,6,,Michael Berrer,L,193,GER,35.743,118,493,SL07,,,Alexander Sarkissian,R,191,USA,25.988,163,354,7-6(3) 7-5,3,R32,92,6,2,73,46,35,15,12,3,5,7,4,74,47,30,14,12,2,5
2016-1539,Leon,Hard,32,C,,20160329,7,PG20,,,Dmitry Popko,R,191,KAZ,19.428,235,227,R612,7,,Stephane Robert,R,185,FRA,35.866,119,489,4-6 6-4 6-2,3,R32,102,5,1,88,57,41,17,14,1,2,2,4,87,46,33,21,14,2,5
2016-1539,Leon,Hard,32,C,,20160329,8,G892,,,Alejandro Gonzalez,R,191,COL,27.138,150,391,I230,8,,Tatsuma Ito,R,180,JPN,27.863,120,485,6-4 7-5,3,R32,100,7,3,76,46,29,15,11,2,5,3,8,74,45,29,8,11,7,12
2016-1539,Leon,Hard,32,C,,20160329,9,F444,,,Alejandro Falla,L,185,COL,32.372,130,451,A853,,,Marcelo Arevalo,R,191,ESA,25.448,291,164,6-3 4-6 7-6(6),3,R32,140,2,2,100,52,35,28,15,6,9,5,5,103,72,47,17,16,5,9
2016-1539,Leon,Hard,32,C,,20160329,10,GC87,,,Lucas Gomez,L,178,MEX,20.632,512,70,MD60,,,Alejandro Moreno Figueroa,R,180,MEX,27.945,1389,4,6-1 6-1,3,R32,67,1,0,44,30,23,9,7,3,3,5,6,56,26,16,8,7,6,11
2016-1539,Leon,Hard,32,C,,20160329,11,L949,,,Henri Laaksonen,R,185,SUI,23.995,214,241,H917,,,Tigre Hank,L,188,MEX,24.496,452,92,7-5 6-3,3,R32,72,4,3,67,40,32,17,11,5,6,3,3,62,37,22,15,10,2,5
2016-1539,Leon,Hard,32,C,,20160329,12,N555,,,Daniel Nguyen,R,173,USA,25.451,253,209,CG04,,,Pedro Cachin,R,185,ARG,20.964,242,220,6-3 6-7(5) 6-3,3,R32,139,4,10,104,54,43,27,16,1,2,7,11,107,54,39,25,14,8,11
2016-1539,Leon,Hard,32,C,,20160329,13,SK47,,,Mohamed Safwat,R,180,EGY,25.525,272,183,MM66,,,Nikola Milojevic,R,188,SRB,20.778,219,236,3-6 6-4 7-6(7),3,R32,144,2,7,121,85,56,14,15,12,16,8,5,102,55,38,26,16,3,7
2016-1539,Leon,Hard,32,C,,20160329,14,SG64,,,Joao Souza,R,193,BRA,27.838,239,224,J380,,,Jason Jung,R,180,TPE,26.787,227,229,6-1 7-6(3),3,R32,77,8,4,58,34,30,17,10,1,1,3,2,52,26,15,19,9,1,3
2016-1539,Leon,Hard,32,C,,20160329,15,SO86,,,Robin Stanek,L,188,CZE,21.235,288,169,GA36,,,Emilio Gomez,R,185,ECU,24.334,330,143,2-6 6-4 7-6(3),3,R32,124,2,1,98,68,46,17,15,8,11,6,7,94,56,41,18,15,3,5
2016-1539,Leon,Hard,32,C,,20160329,16,Z198,,,Caio Zampieri,R,183,BRA,29.84,356,131,MG47,,,James McGee,R,183,IRL,28.802,203,256,6-4 6-4,3,R32,77,3,3,58,35,26,9,10,1,4,2,6,62,34,19,12,10,5,10
2016-1539,Leon,Hard,32,C,,20160329,17,J267,3,,Malek Jaziri,R,185,TUN,32.189,92,599,SK47,,,Mohamed Safwat,R,180,EGY,25.525,272,183,3-6 6-4 7-5,3,R16,148,9,5,100,50,39,30,15,6,7,5,6,113,68,48,22,16,3,5
2016-1539,Leon,Hard,32,C,,20160329,18,B678,6,,Michael Berrer,L,193,GER,35.743,118,493,GC87,,,Lucas Gomez,L,178,MEX,20.632,512,70,6-1 5-7 6-2,3,R16,96,14,2,69,45,37,15,14,3,5,9,4,79,43,30,14,13,4,9
2016-1539,Leon,Hard,32,C,,20160329,19,G602,,,Andre Ghem,R,193,BRA,33.834,172,332,F444,,,Alejandro Falla,L,185,COL,32.372,130,451,7-5 6-4,3,R16,79,7,2,74,39,28,20,11,3,4,2,3,57,35,25,10,11,0,3
2016-1539,Leon,Hard,32,C,,20160329,20,G892,,,Alejandro Gonzalez,R,191,COL,27.138,150,391,SO86,,,Robin Stanek,L,188,CZE,21.235,288,169,6-3 6-1,3,R16,64,2,1,42,22,16,11,8,0,2,2,5,57,31,15,8,8,5,11
2016-1539,Leon,Hard,32,C,,20160329,21,MB53,,,Adrian Menendez-Maceiras,R,183,ESP,30.418,160,365,L949,,,Henri Laaksonen,R,185,SUI,23.995,214,241,6-3 6-0,3,R16,46,9,2,39,22,18,11,8,1,2,0,5,46,25,10,8,7,2,7
2016-1539,Leon,Hard,32,C,,20160329,22,N555,,,Daniel Nguyen,R,173,USA,25.451,253,209,KD70,,,Pedja Krstin,R,183,SRB,21.569,201,258,6-1 6-2,3,R16,66,3,7,44,20,18,11,7,3,4,2,4,59,33,16,8,8,5,11
2016-1539,Leon,Hard,32,C,,20160329,23,SG64,,,Joao Souza,R,193,BRA,27.838,239,224,PG20,,,Dmitry Popko,R,191,KAZ,19.428,235,227,6-4 6-4,3,R16,86,7,3,55,40,34,8,10,2,2,5,2,61,32,22,17,10,6,8
2016-1539,Leon,Hard,32,C,,20160329,24,Z198,,,Caio Zampieri,R,183,BRA,29.84,356,131,V620,,,Agustin Velotti,R,,ARG,23.847,312,152,6-3 6-2,3,R16,55,5,4,52,31,24,10,9,3,4,0,1,44,28,15,8,8,2,6
2016-1539,Leon,Hard,32,C,,20160329,25,SG64,,,Joao Souza,R,193,BRA,27.838,239,224,J267,3,,Malek Jaziri,R,185,TUN,32.189,92,599,4-6 7-6(1) 5-0 RET,3,QF,124,9,4,90,50,37,23,13,5,6,7,5,85,37,29,24,14,2,5
2016-1539,Leon,Hard,32,C,,20160329,26,B678,6,,Michael Berrer,L,193,GER,35.743,118,493,G602,,,Andre Ghem,R,193,BRA,33.834,172,332,6-3 2-6 6-3,3,QF,87,3,2,67,45,30,17,13,0,3,5,8,70,30,22,21,13,3,7
2016-1539,Leon,Hard,32,C,,20160329,27,N555,,,Daniel Nguyen,R,173,USA,25.451,253,209,G892,,,Alejandro Gonzalez,R,191,COL,27.138,150,391,6-2 6-1,3,QF,71,8,7,54,28,23,12,7,8,8,3,5,57,33,18,8,8,2,7
2016-1539,Leon,Hard,32,C,,20160329,28,Z198,,,Caio Zampieri,R,183,BRA,29.84,356,131,MB53,,,Adrian Menendez-Maceiras,R,183,ESP,30.418,160,365,2-6 6-4 6-4,3,QF,145,0,4,96,59,41,21,14,5,7,8,4,120,70,45,27,14,15,17
2016-1539,Leon,Hard,32,C,,20160329,29,B678,6,,Michael Berrer,L,193,GER,35.743,118,493,N555,,,Daniel Nguyen,R,173,USA,25.451,253,209,6-3 5-7 6-2,3,SF,121,10,5,90,60,43,15,15,5,8,2,6,89,44,26,25,14,6,11
2016-1539,Leon,Hard,32,C,,20160329,30,SG64,,,Joao Souza,R,193,BRA,27.838,239,224,Z198,,,Caio Zampieri,R,183,BRA,29.84,356,131,7-6(3) 6-4,3,SF,115,16,6,95,57,41,18,11,11,12,4,2,66,44,33,12,11,4,6
2016-1539,Leon,Hard,32,C,,20160329,31,B678,6,,Michael Berrer,L,193,GER,35.743,118,493,SG64,,,Joao Souza,R,193,BRA,27.838,239,224,6-3 6-2,3,F,65,5,3,52,30,28,11,9,4,4,3,1,46,27,18,10,8,1,4
2016-1796,St. Brieuc,Hard,32,C,,20160329,1,SL28,1,,Jan-Lennard Struff,R,193,GER,25.927,109,545,D917,,,Sadio Doumbia,R,183,FRA,25.544,377,120,6-4 6-4,3,R32,64,8,2,48,31,25,13,10,0,1,6,3,61,36,26,10,10,1,4
2016-1796,St. Brieuc,Hard,32,C,,20160329,2,E687,2,,Daniel Evans,R,175,GBR,25.851,125,459,CE25,,,Salvatore Caruso,R,185,ITA,23.285,252,209,7-6(4) 6-2,3,R32,104,5,1,63,42,33,11,10,3,4,4,5,82,47,28,17,10,6,9
2016-1796,St. Brieuc,Hard,32,C,,20160329,3,KE29,3,,Karen Khachanov,R,198,RUS,19.855,136,426,W597,,,Tak Khunn Wang,R,175,FRA,24.46,607,52,6-3 6-4,3,R32,81,9,3,61,35,28,16,10,2,2,1,0,67,39,22,17,9,8,10
2016-1796,St. Brieuc,Hard,32,C,,20160329,4,SJ22,,,Gleb Sakharov,R,185,FRA,27.8,323,146,V495,4,,Luca Vanni,R,198,ITA,30.817,143,404,6-4 7-6(5),3,R32,108,8,1,69,50,40,9,11,3,4,15,2,79,44,37,11,11,5,7
2016-1796,St. Brieuc,Hard,32,C,,20160329,5,BK24,,,Gregoire Barrere,R,183,FRA,22.114,277,178,ME31,5,,Vincent Millot,L,173,FRA,30.16,155,380,7-5 6-4,3,R32,82,4,2,59,39,28,9,11,2,5,3,3,78,51,27,14,11,4,9
2016-1796,St. Brieuc,Hard,32,C,,20160329,6,SF36,6,,Igor Sijsling,R,191,NED,28.613,157,379,MG08,,,Yannick Mertens,R,185,BEL,28.761,192,281,6-3 6-2,3,R32,54,2,0,50,27,24,13,9,2,3,3,2,50,29,18,6,8,5,9
2016-1796,St. Brieuc,Hard,32,C,,20160329,7,SD78,,,Alexandre Sidorenko,R,185,FRA,28.11,379,119,GC89,7,,Egor Gerasimov,R,196,BLR,23.379,177,315,7-6(4) 4-6 6-1,3,R32,103,11,2,94,59,46,19,15,2,4,6,1,81,49,38,18,14,2,5
2016-1796,St. Brieuc,Hard,32,C,,20160329,8,BM43,,,Remi Boutillier,R,188,FRA,26.201,494,74,HB64,8,,Quentin Halys,R,191,FRA,19.422,179,309,3-6 6-3 6-4,3,R32,88,4,3,82,59,43,12,14,6,8,8,5,86,58,39,17,14,1,4
2016-1796,St. Brieuc,Hard,32,C,,20160329,9,GB53,,,Federico Gaio,R,178,ITA,24.066,250,213,BA86,,,Andreas Beck,L,191,GER,30.144,400,109,3-1 RET,3,R32,11,3,0,10,5,4,4,2,0,0,0,0,13,9,5,2,2,2,3
2016-1796,St. Brieuc,Hard,32,C,,20160329,10,GB13,,,Germain Gigounon,R,178,BEL,26.94,308,155,GA79,,,Lorenzo Giustino,R,180,ITA,24.55,254,208,6-2 6-4,3,R32,72,3,0,61,34,28,13,9,6,7,3,0,51,33,19,7,9,1,5
2016-1796,St. Brieuc,Hard,32,C,,20160329,11,G753,,,David Guez,R,185,FRA,33.306,206,250,CA71,,,Edward Corrie,R,183,GBR,28.101,417,104,6-7(3) 6-2 6-4,3,R32,137,0,3,104,61,52,20,15,7,7,7,0,97,61,42,19,15,1,4
2016-1796,St. Brieuc,Hard,32,C,,20160329,12,K839,,,Tobias Kamke,R,178,GER,29.856,184,296,RB56,,,Ramkumar Ramanathan,R,188,IND,21.388,220,236,7-6(7) 6-1,3,R32,94,2,1,58,42,32,10,9,0,0,5,3,75,41,26,18,10,3,6
2016-1796,St. Brieuc,Hard,32,C,,20160329,13,KC56,,,Aslan Karatsev,R,185,RUS,22.565,223,234,T999,,,Maxime Teixeira,R,188,FRA,27.192,376,120,7-5 6-3,3,R32,77,4,3,65,45,28,10,11,1,4,3,3,64,42,26,9,10,3,8
2016-1796,St. Brieuc,Hard,32,C,,20160329,14,LB66,,,Constant Lestienne,R,180,FRA,23.849,244,217,CD00,,,Maxime Chazal,R,175,FRA,22.93,245,217,6-1 7-6(2),3,R32,94,3,2,62,32,25,18,10,0,1,0,1,72,44,26,12,9,9,12
2016-1796,St. Brieuc,Hard,32,C,,20160329,15,MI11,,,Axel Michon,L,,FRA,25.284,228,228,E678,,,Jonathan Eysseric,L,180,FRA,25.84,262,199,7-5 7-6(2),3,R32,122,2,5,99,66,44,16,12,9,11,14,3,89,51,37,14,12,3,6
2016-1796,St. Brieuc,Hard,32,C,,20160329,16,N503,,,Aleksandr Nedovyesov,R,188,KAZ,29.117,240,220,Z189,,,Grega Zemlja,R,183,SLO,29.498,191,281,7-6(3) 6-1,3,R32,72,5,0,57,42,34,9,10,0,1,1,2,58,34,24,10,9,3,6
2016-1796,St. Brieuc,Hard,32,C,,20160329,17,K839,,,Tobias Kamke,R,178,GER,29.856,184,296,SL28,1,,Jan-Lennard Struff,R,193,GER,25.927,109,545,6-1 6-4,3,R16,80,2,2,72,41,32,14,9,5,5,4,2,51,32,21,7,8,3,6
2016-1796,St. Brieuc,Hard,32,C,,20160329,18,E687,2,,Daniel Evans,R,175,GBR,25.851,125,459,G753,,,David Guez,R,185,FRA,33.306,206,250,6-3 6-1,3,R16,57,6,1,44,27,22,8,8,0,1,0,3,51,31,16,6,8,3,8
2016-1796,St. Brieuc,Hard,32,C,,20160329,19,N503,,,Aleksandr Nedovyesov,R,188,KAZ,29.117,240,220,KE29,3,,Karen Khachanov,R,198,RUS,19.855,136,426,6-4 6-3,3,R16,63,2,0,50,34,27,11,9,2,2,2,3,55,29,20,13,10,1,4
2016-1796,St. Brieuc,Hard,32,C,,20160329,20,SF36,6,,Igor Sijsling,R,191,NED,28.613,157,379,MI11,,,Axel Michon,L,,FRA,25.284,228,228,6-0 6-3,3,R16,47,5,0,44,28,23,12,8,1,1,4,1,42,35,18,3,7,2,6
2016-1796,St. Brieuc,Hard,32,C,,20160329,21,BK24,,,Gregoire Barrere,R,183,FRA,22.114,277,178,LB66,,,Constant Lestienne,R,180,FRA,23.849,244,217,6-4 6-3,3,R16,83,4,2,76,51,32,13,9,6,8,1,5,66,34,22,12,10,5,10
2016-1796,St. Brieuc,Hard,32,C,,20160329,22,GB53,,,Federico Gaio,R,178,ITA,24.066,250,213,BM43,,,Remi Boutillier,R,188,FRA,26.201,494,74,6-4 3-6 7-6(4),3,R16,117,7,4,93,59,46,15,15,2,5,6,2,94,66,45,17,16,2,5
2016-1796,St. Brieuc,Hard,32,C,,20160329,23,SJ22,,,Gleb Sakharov,R,185,FRA,27.8,323,146,GB13,,,Germain Gigounon,R,178,BEL,26.94,308,155,6-2 6-4,3,R16,73,5,2,43,25,20,13,9,1,2,3,1,55,31,17,11,9,2,6
2016-1796,St. Brieuc,Hard,32,C,,20160329,24,SD78,,,Alexandre Sidorenko,R,185,FRA,28.11,379,119,KC56,,,Aslan Karatsev,R,185,RUS,22.565,223,234,6-4 6-2,3,R16,73,2,3,51,29,22,14,9,2,3,1,6,57,36,24,7,9,4,8
2016-1796,St. Brieuc,Hard,32,C,,20160329,25,SF36,6,,Igor Sijsling,R,191,NED,28.613,157,379,E687,2,,Daniel Evans,R,175,GBR,25.851,125,459,6-4 6-7(2) 6-4,3,QF,103,5,4,99,57,42,21,16,3,6,15,1,92,60,40,15,16,4,9
2016-1796,St. Brieuc,Hard,32,C,,20160329,26,N503,,,Aleksandr Nedovyesov,R,188,KAZ,29.117,240,220,GB53,,,Federico Gaio,R,178,ITA,24.066,250,213,6-3 6-1,3,QF,69,2,1,59,36,26,13,8,5,5,4,3,49,31,18,6,8,3,7
2016-1796,St. Brieuc,Hard,32,C,,20160329,27,SJ22,,,Gleb Sakharov,R,185,FRA,27.8,323,146,BK24,,,Gregoire Barrere,R,183,FRA,22.114,277,178,6-4 6-2,3,QF,69,5,2,52,33,25,9,9,1,2,4,2,51,28,16,14,9,4,8
2016-1796,St. Brieuc,Hard,32,C,,20160329,28,SD78,,,Alexandre Sidorenko,R,185,FRA,28.11,379,119,K839,,,Tobias Kamke,R,178,GER,29.856,184,296,3-6 6-3 6-3,3,QF,128,11,3,78,48,38,14,13,4,6,1,3,105,67,43,16,14,12,16
2016-1796,St. Brieuc,Hard,32,C,,20160329,29,SF36,6,,Igor Sijsling,R,191,NED,28.613,157,379,SJ22,,,Gleb Sakharov,R,185,FRA,27.8,323,146,3-6 7-5 6-4,3,SF,120,6,3,97,59,36,24,15,5,8,10,1,94,73,51,9,16,5,9
2016-1796,St. Brieuc,Hard,32,C,,20160329,30,SD78,,,Alexandre Sidorenko,R,185,FRA,28.11,379,119,N503,,,Aleksandr Nedovyesov,R,188,KAZ,29.117,240,220,3-6 6-3 6-0,3,SF,92,6,3,67,43,36,13,12,2,3,4,1,72,48,30,11,12,2,6
2016-1796,St. Brieuc,Hard,32,C,,20160329,31,SD78,,,Alexandre Sidorenko,R,185,FRA,28.11,379,119,SF36,6,,Igor Sijsling,R,191,NED,28.613,157,379,2-6 6-3 7-6(3),3,F,147,8,8,135,77,53,24,15,15,20,6,2,124,80,54,17,14,16,20
2016-7237,Raanana,Hard,32,C,,20160329,1,D864,1,,Evgeny Donskoy,R,185,RUS,25.889,82,663,CL82,,,Daniel Cukierman,R,,ISR,20.723,1069,10,6-1 6-0,3,R32,47,3,1,33,21,16,9,6,0,0,2,4,43,24,12,3,7,2,8
2016-7237,Raanana,Hard,32,C,,20160329,2,SC56,2,,Dudi Sela,R,175,ISR,30.984,84,646,GE00,,,Tal Goldengoren,,,ISR,19.951,815,25,6-2 6-2,3,R32,50,3,1,39,24,19,11,8,0,1,0,4,43,19,14,5,8,1,6
2016-7237,Raanana,Hard,32,C,,20160329,3,BE90,3,,Ricardas Berankis,R,175,LTU,25.771,86,631,A829,,,Radu Albot,R,175,MDA,26.379,145,404,6-3 6-3,3,R32,76,1,1,62,26,18,17,9,1,4,1,1,54,34,15,8,9,4,10
2016-7237,Raanana,Hard,32,C,,20160329,4,Q948,,,Gianluigi Quinzi,L,191,ITA,20.156,445,93,L797,4,,Lukas Lacko,R,188,SVK,28.402,98,580,6-4 3-6 6-3,3,R32,114,5,7,103,66,47,20,14,8,9,9,1,79,51,38,17,14,8,10
2016-7237,Raanana,Hard,32,C,,20160329,5,F586,5,,Thomas Fabbiano,R,173,ITA,26.842,110,544,BK52,,,Dekel Bar,,,ISR,23.039,762,29,6-0 7-5,3,R32,63,2,1,45,33,28,7,9,0,1,1,6,57,34,22,6,9,3,8
2016-7237,Raanana,Hard,32,C,,20160329,6,K776,6,,Konstantin Kravchuk,R,191,RUS,31.094,131,446,N561,,,Ivan Nedelko,R,185,RUS,29.881,274,180,6-2 7-6(2),3,R32,78,6,3,66,36,27,20,10,4,5,1,3,65,38,27,11,10,3,6
2016-7237,Raanana,Hard,32,C,,20160329,7,K771,7,,Marsel Ilhan,R,191,TUR,28.799,137,414,J347,,,Yannick Jankovits,R,,FRA,29.227,236,226,7-6(2) 6-3,3,R32,85,6,0,70,49,33,13,10,4,6,6,4,69,37,22,14,11,4,8
2016-7237,Raanana,Hard,32,C,,20160329,8,C582,8,,Marco Chiudinelli,R,185,SUI,34.549,139,412,K596,,,Alexander Kudryavtsev,R,183,RUS,30.423,180,308,4-6 7-6(4) 7-6(8),3,R32,142,0,4,115,66,44,28,17,5,9,12,10,117,60,49,24,17,5,8
2016-7237,Raanana,Hard,32,C,,20160329,9,A622,,,Andrea Arnaboldi,L,180,ITA,28.255,173,331,G922,,,Gerard Granollers,R,183,ESP,27.159,285,171,7-5 6-3,3,R32,90,7,1,75,43,33,17,11,4,5,1,6,62,33,23,14,10,5,8
2016-7237,Raanana,Hard,32,C,,20160329,10,C813,,,Ti Chen,R,178,TPE,32.487,233,228,MA38,,,Jan Mertl,R,191,CZE,34.234,257,206,6-3 3-6 7-6(5),3,R32,172,1,1,113,68,44,19,15,4,9,11,5,111,66,43,17,15,6,11
2016-7237,Raanana,Hard,32,C,,20160329,11,MJ01,,,Roberto Marcora,R,193,ITA,26.579,321,148,MI69,,,Alexis Musialek,R,183,FRA,27.734,499,73,6-3 6-1,3,R32,69,2,0,51,30,21,16,8,2,2,0,1,53,35,20,6,8,4,8
2016-7237,Raanana,Hard,32,C,,20160329,12,MM58,,,Daniil Medvedev,R,198,RUS,20.129,255,208,MO55,,,Lucas Miedler,R,183,AUT,19.77,384,117,6-1 6-2,3,R32,51,4,1,37,21,19,10,7,0,0,0,1,49,34,19,3,8,5,10
2016-7237,Raanana,Hard,32,C,,20160329,13,MF71,,,Denys Molchanov,R,188,UKR,28.871,224,232,TC11,,,Marko Tepavac,R,193,SRB,21.982,264,196,6-4 7-5,3,R32,89,6,1,66,43,30,14,11,1,2,6,3,71,37,21,20,11,1,4
2016-7237,Raanana,Hard,32,C,,20160329,14,N390,,,Frederik Nielsen,R,188,DEN,32.589,380,118,V490,,,Matteo Viola,R,185,ITA,28.728,271,184,6-3 2-6 6-2,3,R32,93,1,5,84,45,38,13,12,5,7,0,6,78,48,33,14,13,6,10
2016-7237,Raanana,Hard,32,C,,20160329,15,RA51,,,Blaz Rola,L,193,SLO,25.481,162,355,MN23,,,Aleksandre Metreveli,R,183,GEO,22.634,282,174,6-1 6-4,3,R32,55,4,2,43,30,23,6,8,0,1,1,5,53,30,15,10,9,3,8
2016-7237,Raanana,Hard,32,C,,20160329,16,W471,,,Amir Weintraub,R,185,ISR,29.533,197,267,LD26,,,Edan Leshem,R,183,ISR,19.028,570,59,4-6 6-2 6-1,3,R32,98,2,4,78,49,34,15,13,6,9,5,8,78,31,18,23,12,7,13
2016-7237,Raanana,Hard,32,C,,20160329,17,D864,1,,Evgeny Donskoy,R,185,RUS,25.889,82,663,MM58,,,Daniil Medvedev,R,198,RUS,20.129,255,208,6-4 1-6 6-2,3,R16,107,3,2,81,44,33,18,12,10,12,2,6,91,53,41,14,13,10,13
2016-7237,Raanana,Hard,32,C,,20160329,18,SC56,2,,Dudi Sela,R,175,ISR,30.984,84,646,RA51,,,Blaz Rola,L,193,SLO,25.481,162,355,6-4 6-4,3,R16,86,2,0,55,33,23,15,10,3,4,2,2,81,55,34,11,10,3,6
2016-7237,Raanana,Hard,32,C,,20160329,19,BE90,3,,Ricardas Berankis,R,175,LTU,25.771,86,631,MF71,,,Denys Molchanov,R,188,UKR,28.871,224,232,6-1 2-1 RET,3,R16,46,2,2,39,21,14,11,5,3,3,1,4,32,16,10,4,5,4,7
2016-7237,Raanana,Hard,32,C,,20160329,20,F586,5,,Thomas Fabbiano,R,173,ITA,26.842,110,544,MJ01,,,Roberto Marcora,R,193,ITA,26.579,321,148,7-5 6-1,3,R16,68,1,4,51,37,28,10,10,0,1,4,5,61,40,27,4,9,7,11
2016-7237,Raanana,Hard,32,C,,20160329,21,K776,6,,Konstantin Kravchuk,R,191,RUS,31.094,131,446,A622,,,Andrea Arnaboldi,L,180,ITA,28.255,173,331,7-6(12) 6-3,3,R16,115,10,1,85,54,39,20,11,1,1,3,3,84,50,35,20,10,6,7
2016-7237,Raanana,Hard,32,C,,20160329,22,W471,,,Amir Weintraub,R,185,ISR,29.533,197,267,K771,7,,Marsel Ilhan,R,191,TUR,28.799,137,414,4-6 7-6(6) 6-2,3,R16,106,6,1,100,67,47,21,15,6,7,12,1,82,55,43,16,15,0,2
2016-7237,Raanana,Hard,32,C,,20160329,23,C582,8,,Marco Chiudinelli,R,185,SUI,34.549,139,412,N390,,,Frederik Nielsen,R,188,DEN,32.589,380,118,6-3 6-2,3,R16,67,6,0,62,35,26,17,9,5,5,3,1,59,42,27,5,8,3,6
2016-7237,Raanana,Hard,32,C,,20160329,24,C813,,,Ti Chen,R,178,TPE,32.487,233,228,Q948,,,Gianluigi Quinzi,L,191,ITA,20.156,445,93,4-6 6-3 6-4,3,R16,135,0,1,100,64,44,19,15,2,4,3,3,97,65,45,14,14,7,10
2016-7237,Raanana,Hard,32,C,,20160329,25,D864,1,,Evgeny Donskoy,R,185,RUS,25.889,82,663,C582,8,,Marco Chiudinelli,R,185,SUI,34.549,139,412,4-6 7-5 6-2,3,QF,136,9,0,74,44,37,14,15,0,3,7,4,127,74,48,23,15,17,22
2016-7237,Raanana,Hard,32,C,,20160329,26,SC56,2,,Dudi Sela,R,175,ISR,30.984,84,646,W471,,,Amir Weintraub,R,185,ISR,29.533,197,267,6-0 6-1,3,QF,43,2,2,37,26,24,5,7,1,1,0,2,36,24,11,2,6,2,7
2016-7237,Raanana,Hard,32,C,,20160329,27,BE90,3,,Ricardas Berankis,R,175,LTU,25.771,86,631,K776,6,,Konstantin Kravchuk,R,191,RUS,31.094,131,446,6-3 6-3,3,QF,74,5,3,56,27,23,17,9,2,2,2,2,57,29,20,14,9,5,8
2016-7237,Raanana,Hard,32,C,,20160329,28,F586,5,,Thomas Fabbiano,R,173,ITA,26.842,110,544,C813,,,Ti Chen,R,178,TPE,32.487,233,228,6-3 6-1,3,QF,75,2,2,54,43,28,5,8,2,3,0,0,57,38,20,7,8,3,8
2016-7237,Raanana,Hard,32,C,,20160329,29,D864,1,,Evgeny Donskoy,R,185,RUS,25.889,82,663,F586,5,,Thomas Fabbiano,R,173,ITA,26.842,110,544,6-1 6-4,3,SF,68,3,2,48,22,19,14,8,2,3,1,5,50,35,19,6,9,2,7
2016-7237,Raanana,Hard,32,C,,20160329,30,BE90,3,,Ricardas Berankis,R,175,LTU,25.771,86,631,SC56,2,,Dudi Sela,R,175,ISR,30.984,84,646,3-6 6-3 6-4,3,SF,125,3,1,105,60,43,27,14,13,14,6,0,96,55,37,22,14,7,9
2016-7237,Raanana,Hard,32,C,,20160329,31,D864,1,,Evgeny Donskoy,R,185,RUS,25.889,82,663,BE90,3,,Ricardas Berankis,R,175,LTU,25.771,86,631,6-4 6-4,3,F,66,7,1,48,32,30,10,10,0,0,4,3,62,35,25,14,10,3,5
2016-6244,Le Gosier,Hard,32,C,,20160410,1,R548,,,Rajeev Ram,R,193,USA,32.063,58,814,GA36,,,Emilio Gomez,R,185,ECU,24.367,339,140,6-4 7-6(5),3,R32,101,7,2,69,51,38,7,11,2,4,6,4,86,52,35,13,11,5,8
2016-6244,Le Gosier,Hard,32,C,,20160410,2,FB98,2,,Taylor Fritz,R,196,USA,18.45,79,704,MG08,,,Yannick Mertens,R,185,BEL,28.794,216,242,6-4 6-3,3,R32,59,6,1,57,34,25,13,10,2,4,3,2,49,32,19,6,9,1,5
2016-6244,Le Gosier,Hard,32,C,,20160410,3,J267,3,,Malek Jaziri,R,185,TUN,32.222,94,607,MF78,,,Marek Michalicka,R,183,CZE,29.298,297,165,6-2 6-4,3,R32,60,0,2,50,26,21,12,9,0,2,0,0,47,33,16,7,9,2,7
2016-6244,Le Gosier,Hard,32,C,,20160410,4,KE64,,,Stefan Kozlov,R,183,USA,18.188,295,166,KA00,4,,Austin Krajicek,L,188,USA,25.818,110,533,6-3 6-4,3,R32,76,3,2,50,23,20,18,10,1,2,4,2,58,35,24,10,9,2,5
2016-6244,Le Gosier,Hard,32,C,,20160410,5,I230,5,,Tatsuma Ito,R,180,JPN,27.896,115,518,D808,,,Julien Dubail,R,193,BEL,28.153,431,100,6-2 6-7(5) 6-4,3,R32,149,6,6,98,61,40,14,15,5,10,5,6,116,71,42,14,15,8,16
2016-6244,Le Gosier,Hard,32,C,,20160410,6,N732,6,,Yoshihito Nishioka,L,170,JPN,20.537,113,525,KC12,,,Mitchell Krueger,R,188,USA,22.242,255,209,7-5 7-6(2),3,R32,124,6,9,89,50,35,18,12,5,8,4,10,89,43,24,23,12,9,13
2016-6244,Le Gosier,Hard,32,C,,20160410,7,G892,7,,Alejandro Gonzalez,R,191,COL,27.17,136,420,PB22,,,Peter Polansky,R,183,CAN,27.819,415,105,6-3 7-5,3,R32,104,2,1,72,47,34,12,11,2,3,8,2,74,40,26,15,10,10,13
2016-6244,Le Gosier,Hard,32,C,,20160410,8,MJ08,,,Thiago Monteiro,L,183,BRA,21.862,208,250,SJ55,8,,John-Patrick Smith,L,188,AUS,27.209,153,376,6-7(3) 7-5 7-6(7),3,R32,173,7,4,134,79,60,30,18,7,8,9,2,113,78,57,26,18,4,6
2016-6244,Le Gosier,Hard,32,C,,20160410,9,A853,,,Marcelo Arevalo,R,191,ESA,25.481,235,224,J557,,,Gregoire Jacq,L,178,FRA,23.417,536,65,7-6(4) 6-4,3,R32,112,3,1,71,46,36,12,11,3,4,1,6,88,55,37,16,11,8,10
2016-6244,Le Gosier,Hard,32,C,,20160410,10,G602,,,Andre Ghem,R,193,BRA,33.867,168,340,BC68,,,Philip Bester,R,188,CAN,27.51,304,161,6-4 7-6(0),3,R32,82,4,2,70,49,41,9,11,5,6,2,1,57,30,22,19,11,0,2
2016-6244,Le Gosier,Hard,32,C,,20160410,11,HB71,,,Hubert Hurkacz,R,196,POL,19.159,593,53,MM66,,,Nikola Milojevic,R,188,SRB,20.81,219,241,6-4 6-7(5) 6-4,3,R32,147,12,3,107,67,52,18,16,9,11,4,9,106,52,32,31,16,2,6
2016-6244,Le Gosier,Hard,32,C,,20160410,12,J553,,,Omar Jasika,L,183,AUS,18.897,325,146,SG64,,,Joao Souza,R,193,BRA,27.871,186,292,6-1 7-6(6),3,R32,115,3,1,72,55,34,11,10,2,3,3,1,70,46,27,10,9,5,8
2016-6244,Le Gosier,Hard,32,C,,20160410,13,LB07,,,Gonzalo Lama,R,180,CHI,22.954,228,231,MI52,,,Jorge Montero,,,CHI,25.552,725,34,7-5 6-4,3,R32,82,3,0,54,30,25,16,11,0,1,1,2,70,40,26,17,11,5,8
2016-6244,Le Gosier,Hard,32,C,,20160410,14,LB66,,,Constant Lestienne,R,180,FRA,23.882,243,219,PD85,,,Adrien Puget,,,FRA,25.103,323,148,7-6(4) 6-7(7) 6-1,3,R32,146,9,6,104,64,47,19,16,0,4,4,8,114,54,38,22,15,9,15
2016-6244,Le Gosier,Hard,32,C,,20160410,15,ME31,,,Vincent Millot,L,173,FRA,30.193,150,380,J620,,,Maxime Janvier,R,196,FRA,19.477,301,163,6-4 3-6 6-2,3,R32,111,2,7,80,51,37,13,13,2,4,5,6,92,54,38,17,14,7,11
2016-6244,Le Gosier,Hard,32,C,,20160410,16,MJ89,,,Gianni Mina,R,188,FRA,24.167,520,67,AG37,,,Felix Auger-Aliassime,R,193,CAN,15.671,712,35,2-6 6-3 3-1 RET,3,R32,91,3,1,67,42,27,19,11,6,8,2,1,60,34,25,15,10,1,3
2016-6244,Le Gosier,Hard,32,C,,20160410,17,R548,,,Rajeev Ram,R,193,USA,32.063,58,814,MJ89,,,Gianni Mina,R,188,FRA,24.167,520,67,3-6 6-3 6-2,3,R16,107,9,1,71,45,36,16,13,6,7,3,4,89,54,39,16,13,9,12
2016-6244,Le Gosier,Hard,32,C,,20160410,18,FB98,2,,Taylor Fritz,R,196,USA,18.45,79,704,LB07,,,Gonzalo Lama,R,180,CHI,22.954,228,231,6-7(9) 6-4 7-6(10),3,R16,163,8,3,127,76,58,24,17,4,7,5,3,128,87,63,17,17,4,8
2016-6244,Le Gosier,Hard,32,C,,20160410,19,J267,3,,Malek Jaziri,R,185,TUN,32.222,94,607,A853,,,Marcelo Arevalo,R,191,ESA,25.481,235,224,6-4 6-4,3,R16,83,3,2,62,27,19,23,10,2,3,6,0,56,38,25,9,10,1,4
2016-6244,Le Gosier,Hard,32,C,,20160410,20,I230,5,,Tatsuma Ito,R,180,JPN,27.896,115,518,G602,,,Andre Ghem,R,193,BRA,33.867,168,340,7-6(2) 6-2,3,R16,95,2,5,68,39,29,12,10,0,3,0,2,70,42,25,11,10,7,12
2016-6244,Le Gosier,Hard,32,C,,20160410,21,N732,6,,Yoshihito Nishioka,L,170,JPN,20.537,113,525,HB71,,,Hubert Hurkacz,R,196,POL,19.159,593,53,6-0 6-2,3,R16,53,1,2,41,26,18,10,7,1,2,3,2,38,23,8,5,7,4,10
2016-6244,Le Gosier,Hard,32,C,,20160410,22,ME31,,,Vincent Millot,L,173,FRA,30.193,150,380,G892,7,,Alejandro Gonzalez,R,191,COL,27.17,136,420,6-2 4-6 7-6(5),3,R16,153,5,1,105,60,35,25,15,6,11,2,1,107,65,40,17,15,9,15
2016-6244,Le Gosier,Hard,32,C,,20160410,23,KE64,,,Stefan Kozlov,R,183,USA,18.188,295,166,LB66,,,Constant Lestienne,R,180,FRA,23.882,243,219,6-2 3-6 6-1,3,R16,101,4,1,70,32,22,25,12,0,2,6,6,80,56,32,11,12,5,10
2016-6244,Le Gosier,Hard,32,C,,20160410,24,MJ08,,,Thiago Monteiro,L,183,BRA,21.862,208,250,J553,,,Omar Jasika,L,183,AUS,18.897,325,146,6-4 6-7(4) 6-3,3,R16,133,8,2,93,57,44,22,16,1,3,3,2,90,73,47,10,15,3,7
2016-6244,Le Gosier,Hard,32,C,,20160410,25,N732,6,,Yoshihito Nishioka,L,170,JPN,20.537,113,525,R548,,,Rajeev Ram,R,193,USA,32.063,58,814,6-2 6-2,3,QF,60,1,0,49,30,23,12,8,2,2,2,0,54,39,23,5,8,4,8
2016-6244,Le Gosier,Hard,32,C,,20160410,26,FB98,2,,Taylor Fritz,R,196,USA,18.45,79,704,I230,5,,Tatsuma Ito,R,180,JPN,27.896,115,518,6-7(3) 6-4 6-4,3,QF,129,12,1,95,49,34,22,16,1,5,4,7,104,59,32,26,16,3,9
2016-6244,Le Gosier,Hard,32,C,,20160410,27,J267,3,,Malek Jaziri,R,185,TUN,32.222,94,607,MJ08,,,Thiago Monteiro,L,183,BRA,21.862,208,250,6-2 4-6 7-5,3,QF,110,4,2,83,50,39,18,15,1,3,2,1,82,55,38,16,15,3,7
2016-6244,Le Gosier,Hard,32,C,,20160410,28,KE64,,,Stefan Kozlov,R,183,USA,18.188,295,166,ME31,,,Vincent Millot,L,173,FRA,30.193,150,380,5-7 7-5 6-2,3,QF,159,4,3,95,46,30,26,16,3,8,4,2,105,58,34,22,16,9,16
2016-6244,Le Gosier,Hard,32,C,,20160410,29,J267,3,,Malek Jaziri,R,185,TUN,32.222,94,607,FB98,2,,Taylor Fritz,R,196,USA,18.45,79,704,6-7(5) 6-4 7-5,3,SF,130,7,5,111,59,48,31,17,8,9,8,4,94,60,46,20,17,1,4
2016-6244,Le Gosier,Hard,32,C,,20160410,30,KE64,,,Stefan Kozlov,R,183,USA,18.188,295,166,N732,6,,Yoshihito Nishioka,L,170,JPN,20.537,113,525,3-6 7-5 6-3,3,SF,150,2,1,111,64,44,23,15,13,16,4,4,94,57,36,21,15,0,4
2016-6244,Le Gosier,Hard,32,C,,20160410,31,J267,3,,Malek Jaziri,R,185,TUN,32.222,94,607,KE64,,,Stefan Kozlov,R,183,USA,18.188,295,166,6-2 6-4,3,F,69,1,0,42,26,22,14,9,0,0,2,0,58,38,22,11,9,3,6
2016-7239,Napoli,Clay,32,C,,20160410,1,KB05,1,,Filip Krajinovic,R,185,SRB,24.118,107,536,R782,,,Julian Reister,R,188,GER,30.023,597,52,5-7 6-4 6-2,3,R32,130,2,3,99,67,42,14,15,9,15,0,3,90,71,35,10,15,5,13
2016-7239,Napoli,Clay,32,C,,20160410,2,SC73,2,,Rogerio Dutra Silva,R,178,BRA,32.178,103,568,G806,,,Andrey Golubev,R,180,KAZ,28.72,182,303,6-1 6-0,3,R32,60,0,0,37,22,18,12,7,1,1,2,3,66,40,21,8,6,8,13
2016-7239,Napoli,Clay,32,C,,20160410,3,ML57,,,Gianluca Mager,R,188,ITA,21.358,343,140,SL28,3,,Jan-Lennard Struff,R,193,GER,25.96,112,528,7-6(4) 4-6 6-4,3,R32,120,6,6,104,51,39,33,16,6,8,14,6,93,47,41,26,16,0,2
2016-7239,Napoli,Clay,32,C,,20160410,4,I236,,,Uladzimir Ignatik,R,183,BLR,25.741,229,231,F586,4,,Thomas Fabbiano,R,173,ITA,26.875,98,583,6-4 6-7(1) 7-5,3,R32,150,9,1,103,69,45,14,17,4,9,0,4,104,68,40,20,17,10,17
2016-7239,Napoli,Clay,32,C,,20160410,5,CF59,5,,Roberto Carballes Baena,R,183,ESP,23.05,116,509,GB53,,,Federico Gaio,R,178,ITA,24.099,207,251,3-6 6-2 6-3,3,R32,119,1,4,83,52,36,14,13,4,7,2,8,82,45,28,15,13,6,11
2016-7239,Napoli,Clay,32,C,,20160410,6,E698,6,,Gastao Elias,R,180,POR,25.377,122,481,SF36,,,Igor Sijsling,R,191,NED,28.646,132,434,4-6 6-2 6-1,3,R32,101,3,1,75,41,30,18,13,3,6,0,6,87,40,27,19,12,5,11
2016-7239,Napoli,Clay,32,C,,20160410,7,V254,,,Filippo Volandri,R,183,ITA,34.595,212,246,MF35,7,,Andrej Martin,R,183,SVK,26.554,129,455,6-1 6-3,3,R32,58,0,0,44,30,21,10,8,3,4,2,3,48,27,16,7,8,1,6
2016-7239,Napoli,Clay,32,C,,20160410,8,BE67,8,,Mirza Basic,R,188,BIH,24.747,130,454,A622,,,Andrea Arnaboldi,L,180,ITA,28.287,166,343,7-5 4-6 6-4,3,R32,136,3,3,92,51,36,27,16,1,3,8,10,101,45,37,29,16,5,8
2016-7239,Napoli,Clay,32,C,,20160410,9,CE25,,,Salvatore Caruso,R,185,ITA,23.318,260,198,C723,,,Flavio Cipolla,R,173,ITA,32.474,292,169,6-1 6-3,3,R32,82,1,3,61,35,26,12,8,7,8,0,3,50,37,18,5,8,3,8
2016-7239,Napoli,Clay,32,C,,20160410,10,CA99,,,Marius Copil,R,191,ROU,25.481,199,265,KC33,,,Dimitar Kuzmanov,R,183,BUL,22.702,329,145,6-3 4-6 6-2,3,R32,120,3,1,82,47,39,19,13,9,10,1,6,89,46,34,18,14,5,9
2016-7239,Napoli,Clay,32,C,,20160410,11,D981,,,Arthur De Greef,R,183,BEL,24.038,206,251,V495,,,Luca Vanni,R,198,ITA,30.85,140,404,7-5 6-4,3,R32,108,5,1,77,43,30,20,11,9,11,2,1,61,41,27,7,11,1,5
2016-7239,Napoli,Clay,32,C,,20160410,12,G983,,,Alessandro Giannessi,L,185,ITA,25.864,192,283,PB37,,,Hans Podlipnik-Castillo,R,183,CHI,28.252,198,272,6-0 6-2,3,R32,69,2,1,47,34,24,9,7,3,3,0,1,50,33,13,9,7,10,15
2016-7239,Napoli,Clay,32,C,,20160410,13,KC04,,,Jozef Kovalik,R,183,SVK,23.431,171,330,F724,,,Marton Fucsovics,R,188,HUN,24.17,222,236,6-3 6-0,3,R32,67,0,4,53,35,26,9,8,2,2,3,5,47,25,17,6,7,5,9
2016-7239,Napoli,Clay,32,C,,20160410,14,N679,,,Stefano Napolitano,R,196,ITA,20.999,419,104,DA67,,,Matteo Donati,R,185,ITA,21.114,188,285,6-3 6-7(5) 6-2,3,R32,140,9,10,123,68,51,22,14,10,13,11,4,111,67,44,16,15,6,13
2016-7239,Napoli,Clay,32,C,,20160410,15,N437,,,Gianluca Naso,R,193,ITA,29.259,232,228,V717,,,Alexey Vatutin,R,178,RUS,23.452,289,173,6-4 7-5,3,R32,78,8,3,59,40,26,10,11,0,3,0,7,62,43,27,5,11,4,9
2016-7239,Napoli,Clay,32,C,,20160410,16,U061,,,Adrian Ungur,R,178,ROU,31.214,197,274,SD78,,,Alexandre Sidorenko,R,185,FRA,28.142,237,221,6-4 7-6(6),3,R32,89,1,1,66,35,29,19,11,0,1,8,5,73,37,29,16,11,3,5
2016-7239,Napoli,Clay,32,C,,20160410,17,D981,,,Arthur De Greef,R,183,BEL,24.038,206,251,KB05,1,,Filip Krajinovic,R,185,SRB,24.118,107,536,6-4 7-5,3,R16,94,2,1,67,37,25,15,11,2,4,0,0,61,45,26,10,11,3,7
2016-7239,Napoli,Clay,32,C,,20160410,18,KC04,,,Jozef Kovalik,R,183,SVK,23.431,171,330,SC73,2,,Rogerio Dutra Silva,R,178,BRA,32.178,103,568,7-6(6) 6-4,3,R16,121,3,0,67,38,29,15,11,2,4,2,2,103,64,38,20,11,11,14
2016-7239,Napoli,Clay,32,C,,20160410,19,CF59,5,,Roberto Carballes Baena,R,183,ESP,23.05,116,509,G983,,,Alessandro Giannessi,L,185,ITA,25.864,192,283,6-2 5-7 6-3,3,R16,130,2,3,79,59,40,13,14,4,6,1,3,99,59,34,23,15,6,11
2016-7239,Napoli,Clay,32,C,,20160410,20,E698,6,,Gastao Elias,R,180,POR,25.377,122,481,N679,,,Stefano Napolitano,R,196,ITA,20.999,419,104,7-5 6-2,3,R16,103,5,2,73,39,26,16,10,4,7,2,2,73,42,22,13,10,8,14
2016-7239,Napoli,Clay,32,C,,20160410,21,CE25,,,Salvatore Caruso,R,185,ITA,23.318,260,198,BE67,8,,Mirza Basic,R,188,BIH,24.747,130,454,6-4 6-7(7) 6-2,3,R16,148,8,4,97,57,40,23,15,2,5,3,0,100,61,34,22,15,4,10
2016-7239,Napoli,Clay,32,C,,20160410,22,CA99,,,Marius Copil,R,191,ROU,25.481,199,265,ML57,,,Gianluca Mager,R,188,ITA,21.358,343,140,6-4 6-3,3,R16,64,12,0,56,41,32,8,9,3,3,2,3,59,30,17,18,10,2,5
2016-7239,Napoli,Clay,32,C,,20160410,23,I236,,,Uladzimir Ignatik,R,183,BLR,25.741,229,231,U061,,,Adrian Ungur,R,178,ROU,31.214,197,274,7-5 6-2,3,R16,79,4,1,56,34,29,12,10,1,2,1,3,59,35,22,10,10,4,8
2016-7239,Napoli,Clay,32,C,,20160410,24,V254,,,Filippo Volandri,R,183,ITA,34.595,212,246,N437,,,Gianluca Naso,R,193,ITA,29.259,232,228,7-5 4-6 6-1,3,R16,114,1,1,80,59,36,11,14,2,7,3,3,94,53,27,18,15,10,18
2016-7239,Napoli,Clay,32,C,,20160410,25,D981,,,Arthur De Greef,R,183,BEL,24.038,206,251,CF59,5,,Roberto Carballes Baena,R,183,ESP,23.05,116,509,7-6(2) 6-3,3,QF,102,0,2,69,35,27,21,10,6,7,1,3,72,51,30,13,11,4,7
2016-7239,Napoli,Clay,32,C,,20160410,26,E698,6,,Gastao Elias,R,180,POR,25.377,122,481,I236,,,Uladzimir Ignatik,R,183,BLR,25.741,229,231,6-2 6-2,3,QF,79,4,1,47,29,23,12,8,2,2,1,2,62,33,21,11,8,3,7
2016-7239,Napoli,Clay,32,C,,20160410,27,CA99,,,Marius Copil,R,191,ROU,25.481,199,265,CE25,,,Salvatore Caruso,R,185,ITA,23.318,260,198,6-0 6-2,3,QF,48,8,1,36,23,19,9,7,0,0,0,2,38,24,11,4,7,1,6
2016-7239,Napoli,Clay,32,C,,20160410,28,KC04,,,Jozef Kovalik,R,183,SVK,23.431,171,330,V254,,,Filippo Volandri,R,183,ITA,34.595,212,246,6-4 6-7(4) 6-2,3,QF,134,2,2,100,62,43,23,15,6,8,0,1,99,68,42,16,15,7,12
2016-7239,Napoli,Clay,32,C,,20160410,29,KC04,,,Jozef Kovalik,R,183,SVK,23.431,171,330,E698,6,,Gastao Elias,R,180,POR,25.377,122,481,6-1 6-7(6) 6-3,3,SF,152,3,3,119,85,56,18,15,6,7,6,4,99,62,37,20,13,6,10
2016-7239,Napoli,Clay,32,C,,20160410,30,D981,,,Arthur De Greef,R,183,BEL,24.038,206,251,CA99,,,Marius Copil,R,191,ROU,25.481,199,265,6-3 6-2,3,SF,60,0,1,49,38,31,7,9,1,1,2,3,49,29,18,9,8,1,4
2016-7239,Napoli,Clay,32,C,,20160410,31,KC04,,,Jozef Kovalik,R,183,SVK,23.431,171,330,D981,,,Arthur De Greef,R,183,BEL,24.038,206,251,6-3 6-2,3,F,68,3,1,49,30,21,14,9,4,5,1,2,56,38,20,8,8,3,7
2016-5069,Sarasota,Clay,32,C,,20160417,1,RC96,,,Noah Rubin,R,175,USA,20.153,190,284,KB09,1,,Denis Kudla,R,180,USA,23.666,59,800,7-5 2-6 7-6(8),3,R32,153,6,5,114,65,36,26,16,7,13,6,7,113,53,38,27,16,2,7
2016-5069,Sarasota,Clay,32,C,,20160417,2,SM37,2,,Diego Schwartzman,R,170,ARG,23.669,87,639,H896,,,Jose Hernandez-Fernandez,R,183,DOM,26.097,258,206,6-1 6-3,3,R32,72,5,0,49,33,21,10,8,2,4,2,3,57,37,19,4,8,2,8
2016-5069,Sarasota,Clay,32,C,,20160417,3,MI43,3,,Gerald Melzer,L,188,AUT,25.763,122,478,MJ08,,,Thiago Monteiro,L,183,BRA,21.881,200,264,6-2 1-6 6-4,3,R32,119,2,1,81,57,34,14,13,5,9,4,2,82,49,29,15,12,5,9
2016-5069,Sarasota,Clay,32,C,,20160417,4,A887,,,Guido Andreozzi,R,183,ARG,24.701,178,307,BG23,4,,Nikoloz Basilashvili,R,185,GEO,24.148,126,456,4-1 RET,3,R32,25,1,1,18,8,7,6,2,0,0,1,4,22,9,5,5,3,2,4
2016-5069,Sarasota,Clay,32,C,,20160417,5,TD51,,,Frances Tiafoe,R,188,USA,18.24,172,317,SF62,5,,Tim Smyczek,R,175,USA,28.298,117,510,6-4 6-3,3,R32,83,3,1,57,32,25,11,10,1,3,4,2,69,32,18,17,9,8,12
2016-5069,Sarasota,Clay,32,C,,20160417,6,F811,6,,Bjorn Fratangelo,R,183,USA,22.746,128,448,L430,,,Giovanni Lapentti,R,193,ECU,33.227,246,214,6-4 6-4,3,R32,83,4,1,47,31,27,13,10,0,0,0,5,69,45,30,11,10,5,7
2016-5069,Sarasota,Clay,32,C,,20160417,7,A941,7,,Facundo Arguello,R,178,ARG,23.702,143,402,SM38,,,Connor Smith,R,,USA,25.328,261,198,2-6 6-2 6-2,3,R32,131,2,5,80,43,28,19,12,1,4,0,1,89,57,32,16,12,7,12
2016-5069,Sarasota,Clay,32,C,,20160417,8,KC29,,,Nicolas Kicker,R,178,ARG,23.669,156,367,DC58,8,,Jared Donaldson,R,188,USA,19.521,144,398,6-2 6-1,3,R32,66,0,0,42,33,27,3,8,1,2,1,3,41,19,9,7,7,3,8
2016-5069,Sarasota,Clay,32,C,,20160417,9,CC32,,,Guilherme Clezar,R,180,BRA,23.294,194,280,H940,,,Ryan Harrison,R,185,USA,23.945,161,352,7-5 6-2,3,R32,78,2,2,60,40,28,13,10,5,6,8,6,58,35,25,8,10,3,7
2016-5069,Sarasota,Clay,32,C,,20160417,10,HB64,,,Quentin Halys,R,191,FRA,19.474,206,252,GA36,,,Emilio Gomez,R,185,ECU,24.386,327,145,6-3 4-6 6-2,3,R32,117,6,8,88,46,35,18,14,5,9,0,7,88,43,27,18,13,2,8
2016-5069,Sarasota,Clay,32,C,,20160417,11,L949,,,Henri Laaksonen,R,185,SUI,24.047,201,262,E873,,,Ernesto Escobedo,R,185,MEX,19.786,324,146,7-6(5) 6-1,3,R32,91,3,5,62,33,26,15,10,1,2,3,3,78,39,25,17,9,9,12
2016-5069,Sarasota,Clay,32,C,,20160417,12,LB07,,,Gonzalo Lama,R,180,CHI,22.973,216,239,W503,,,James Ward,R,188,GBR,29.185,174,313,6-1 6-1,3,R32,51,1,0,38,30,24,6,7,1,1,2,1,42,26,10,6,7,3,8
2016-5069,Sarasota,Clay,32,C,,20160417,13,LC58,,,Tomas Lipovsek Puches,R,183,ARG,23.001,279,178,N729,,,Peter Nagy,R,180,HUN,24.085,614,50,3-6 6-2 6-3,3,R32,126,1,3,92,67,39,14,13,10,13,2,2,86,57,32,16,13,7,12
2016-5069,Sarasota,Clay,32,C,,20160417,14,MG47,,,James McGee,R,183,IRL,28.854,260,201,PL56,,,Tommy Paul,R,185,USA,18.919,191,282,7-6(5) 3-6 6-4,3,R32,143,4,2,120,71,49,23,16,12,16,2,6,94,42,30,31,15,4,7
2016-5069,Sarasota,Clay,32,C,,20160417,15,N674,,,Dennis Novikov,R,193,USA,22.445,149,387,T315,,,Dmitry Tursunov,R,185,RUS,33.347,490,75,6-4 6-4,3,R32,78,11,7,59,31,25,16,10,2,3,3,6,69,37,27,14,10,3,6
2016-5069,Sarasota,Clay,32,C,,20160417,16,Z168,,,Mischa Zverev,L,191,GER,28.654,162,352,BH02,,,Sekou Bangoura,R,183,USA,24.413,283,175,6-3 6-1,3,R32,62,4,4,45,25,22,9,8,1,2,0,2,48,30,15,5,8,3,8
2016-5069,Sarasota,Clay,32,C,,20160417,17,L949,,,Henri Laaksonen,R,185,SUI,24.047,201,262,SM37,2,,Diego Schwartzman,R,170,ARG,23.669,87,639,6-4 6-7(5) 6-4,3,R16,144,13,8,113,57,41,25,16,9,14,0,6,107,72,43,16,16,7,14
2016-5069,Sarasota,Clay,32,C,,20160417,18,MI43,3,,Gerald Melzer,L,188,AUT,25.763,122,478,MG47,,,James McGee,R,183,IRL,28.854,260,201,6-0 7-6(5),3,R16,93,2,0,62,45,29,12,9,5,7,6,3,59,40,26,5,9,6,11
2016-5069,Sarasota,Clay,32,C,,20160417,19,F811,6,,Bjorn Fratangelo,R,183,USA,22.746,128,448,N674,,,Dennis Novikov,R,193,USA,22.445,149,387,6-4 6-4,3,R16,80,3,1,56,31,24,17,10,1,1,8,6,76,40,25,20,10,4,6
2016-5069,Sarasota,Clay,32,C,,20160417,20,Z168,,,Mischa Zverev,L,191,GER,28.654,162,352,A941,7,,Facundo Arguello,R,178,ARG,23.702,143,402,5-7 6-4 3-1 RET,3,R16,151,3,1,92,64,39,13,13,8,12,1,3,113,62,42,19,13,9,14
2016-5069,Sarasota,Clay,32,C,,20160417,21,CC32,,,Guilherme Clezar,R,180,BRA,23.294,194,280,KC29,,,Nicolas Kicker,R,178,ARG,23.669,156,367,7-6(7) 6-1,3,R16,85,8,0,58,38,30,15,9,0,0,0,2,61,46,30,6,10,0,3
2016-5069,Sarasota,Clay,32,C,,20160417,22,HB64,,,Quentin Halys,R,191,FRA,19.474,206,252,TD51,,,Frances Tiafoe,R,188,USA,18.24,172,317,6-1 4-6 6-3,3,R16,110,17,6,103,55,40,26,13,17,18,5,3,82,51,34,14,13,3,7
2016-5069,Sarasota,Clay,32,C,,20160417,23,LC58,,,Tomas Lipovsek Puches,R,183,ARG,23.001,279,178,A887,,,Guido Andreozzi,R,183,ARG,24.701,178,307,7-6(2) 1-6 6-2,3,R16,114,0,1,91,70,46,12,13,4,7,3,0,84,48,30,22,14,1,4
2016-5069,Sarasota,Clay,32,C,,20160417,24,RC96,,,Noah Rubin,R,175,USA,20.153,190,284,LB07,,,Gonzalo Lama,R,180,CHI,22.973,216,239,6-0 7-6(4),3,R16,79,3,2,65,43,31,11,9,5,6,3,2,65,38,18,15,9,3,7
2016-5069,Sarasota,Clay,32,C,,20160417,25,MI43,3,,Gerald Melzer,L,188,AUT,25.763,122,478,HB64,,,Quentin Halys,R,191,FRA,19.474,206,252,5-7 6-4 6-1,3,QF,120,2,2,90,60,42,19,14,3,5,4,5,90,48,35,17,15,4,9
2016-5069,Sarasota,Clay,32,C,,20160417,26,F811,6,,Bjorn Fratangelo,R,183,USA,22.746,128,448,LC58,,,Tomas Lipovsek Puches,R,183,ARG,23.001,279,178,6-4 6-1,3,QF,60,0,3,47,27,23,12,9,1,2,0,1,40,27,14,7,8,0,4
2016-5069,Sarasota,Clay,32,C,,20160417,27,CC32,,,Guilherme Clezar,R,180,BRA,23.294,194,280,RC96,,,Noah Rubin,R,175,USA,20.153,190,284,6-3 6-0,3,QF,56,3,0,45,35,27,7,8,2,2,0,1,39,18,9,10,7,5,9
2016-5069,Sarasota,Clay,32,C,,20160417,28,Z168,,,Mischa Zverev,L,191,GER,28.654,162,352,L949,,,Henri Laaksonen,R,185,SUI,24.047,201,262,2-6 6-3 7-5,3,QF,137,2,1,94,60,37,20,14,7,10,4,2,93,52,32,23,15,2,6
2016-5069,Sarasota,Clay,32,C,,20160417,29,MI43,3,,Gerald Melzer,L,188,AUT,25.763,122,478,CC32,,,Guilherme Clezar,R,180,BRA,23.294,194,280,6-7(4) 6-4 3-2 RET,3,SF,130,12,3,77,51,40,16,14,1,3,7,8,101,61,42,17,13,10,13
2016-5069,Sarasota,Clay,32,C,,20160417,30,Z168,,,Mischa Zverev,L,191,GER,28.654,162,352,F811,6,,Bjorn Fratangelo,R,183,USA,22.746,128,448,6-2 6-4,3,SF,81,4,2,50,30,25,9,9,3,5,1,0,56,32,17,11,9,2,7
2016-5069,Sarasota,Clay,32,C,,20160417,31,Z168,,,Mischa Zverev,L,191,GER,28.654,162,352,MI43,3,,Gerald Melzer,L,188,AUT,25.763,122,478,6-4 7-6(2),3,F,121,6,2,74,45,30,12,11,2,6,0,0,89,66,32,14,11,10,15
2016-7490,Gwangju,Hard,32,C,,20160417,1,BE90,1,,Ricardas Berankis,R,175,LTU,25.823,80,686,J361,,,Greg Jones,R,193,AUS,27.209,801,26,6-3 6-1,3,R32,60,1,3,38,20,18,12,8,1,2,5,2,49,30,14,8,8,4,9
2016-7490,Gwangju,Hard,32,C,,20160417,2,I230,2,,Tatsuma Ito,R,180,JPN,27.915,114,529,Y114,,,Daniel Yoo,L,180,KOR,30.56,1280,5,6-2 6-4,3,R32,80,2,1,50,37,30,8,9,1,1,0,3,55,29,17,15,9,3,6
2016-7490,Gwangju,Hard,32,C,,20160417,3,P701,,,Michal Przysiezny,R,185,POL,32.167,366,126,SC47,3,,Go Soeda,R,178,JPN,31.614,124,459,3-6 6-2 7-6(5),3,R32,165,5,1,126,80,49,21,15,14,19,6,6,94,55,35,18,14,5,10
2016-7490,Gwangju,Hard,32,C,,20160417,4,W571,4,,Di Wu,R,173,CHN,24.591,152,378,HC21,,,Seongchan Hong,R,175,KOR,18.798,445,91,6-7(5) 6-4 6-2,3,R32,133,0,1,109,79,47,13,15,5,10,4,4,99,52,30,19,15,10,18
2016-7490,Gwangju,Hard,32,C,,20160417,5,ME05,,,Marinko Matosevic,R,193,AUS,30.691,393,111,SL07,5,,Alexander Sarkissian,R,191,USA,26.04,159,362,4-6 6-2 6-4,3,R32,133,9,2,78,39,31,21,14,0,3,1,5,100,64,37,19,14,7,12
2016-7490,Gwangju,Hard,32,C,,20160417,6,Z189,6,,Grega Zemlja,R,183,SLO,29.55,189,289,TB70,,,Wishaya Trongcharoenchaikul,R,,THA,21.027,1250,6,6-3 6-2,3,R32,50,3,3,46,22,20,16,9,0,0,4,4,42,21,13,12,8,1,4
2016-7490,Gwangju,Hard,32,C,,20160417,7,CF07,,,Hong Chung,L,170,KOR,22.921,853,21,BE69,7,,Yan Bai,R,185,CHN,26.908,202,260,4-6 7-6(1) 6-2,3,R32,141,1,2,102,57,36,27,15,5,9,7,3,105,56,34,25,15,4,9
2016-7490,Gwangju,Hard,32,C,,20160417,8,LE01,,,Duckhee Lee,R,170,KOR,17.886,211,244,L733,8,,Zhe Li,R,183,CHN,29.574,210,245,0-6 6-4 7-5,3,R32,129,1,4,97,50,30,21,14,9,14,1,2,75,47,33,15,14,2,6
2016-7490,Gwangju,Hard,32,C,,20160417,9,BI23,,,Liam Broady,L,183,GBR,22.283,293,167,K863,,,Cheong-Eui Kim,,,KOR,26.07,349,135,6-2 6-3,3,R32,72,1,1,46,30,19,7,8,4,7,0,6,63,43,23,2,9,5,12
2016-7490,Gwangju,Hard,32,C,,20160417,10,J400,,,Jeremy Jahn,R,178,GER,26.034,338,141,G822,,,Riccardo Ghedin,R,185,ITA,30.366,508,71,5-7 6-1 6-1,3,R32,91,2,4,71,39,28,19,13,2,5,3,6,80,48,27,13,13,4,11
2016-7490,Gwangju,Hard,32,C,,20160417,11,J380,,,Jason Jung,R,180,TPE,26.839,233,221,V490,,,Matteo Viola,R,185,ITA,28.78,275,181,2-6 7-6(5) 6-3,3,R32,148,0,2,104,64,36,20,14,1,7,1,7,108,76,45,14,15,12,18
2016-7490,Gwangju,Hard,32,C,,20160417,12,KF17,,,Soonwoo Kwon,R,180,KOR,18.374,507,72,N390,,,Frederik Nielsen,R,188,DEN,32.641,351,134,6-3 6-4,3,R32,85,3,5,63,33,24,16,10,1,3,1,4,60,30,19,13,9,2,6
2016-7490,Gwangju,Hard,32,C,,20160417,13,L918,,,Yong-Kyu Lim,R,185,KOR,24.832,931,16,CH90,,,Yun seong Chung,R,178,KOR,18.059,768,28,6-4 6-2,3,R32,73,2,0,50,24,21,18,9,1,1,0,3,51,25,18,12,9,4,7
2016-7490,Gwangju,Hard,32,C,,20160417,14,N555,,,Daniel Nguyen,R,173,USA,25.503,228,226,SN77,,,Vaclav Safranek,R,183,CZE,21.911,371,124,7-5 6-2,3,R32,82,4,4,65,37,26,15,10,4,6,2,1,68,46,26,8,10,4,9
2016-7490,Gwangju,Hard,32,C,,20160417,15,R977,,,Matt Reid,R,183,AUS,25.752,346,137,BH22,,,Sam Barry,R,191,IRL,24.222,369,125,3-6 6-3 7-6(6),3,R32,124,13,4,98,50,37,32,15,5,6,12,1,84,58,46,17,15,1,2
2016-7490,Gwangju,Hard,32,C,,20160417,16,V784,,,Gavin Van Peperzeel,R,180,AUS,24.052,264,196,KF15,,,Young Seok Kim,L,,KOR,20.934,469,81,7-5 3-6 6-2,3,R32,126,1,2,96,64,43,13,15,8,12,1,3,95,62,33,20,14,7,12
2016-7490,Gwangju,Hard,32,C,,20160417,17,BE90,1,,Ricardas Berankis,R,175,LTU,25.823,80,686,KF17,,,Soonwoo Kwon,R,180,KOR,18.374,507,72,6-4 6-0,3,R16,63,1,3,46,27,23,10,8,0,0,2,5,55,29,16,12,8,6,10
2016-7490,Gwangju,Hard,32,C,,20160417,18,I230,2,,Tatsuma Ito,R,180,JPN,27.915,114,529,V784,,,Gavin Van Peperzeel,R,180,AUS,24.052,264,196,6-2 6-4,3,R16,70,3,6,58,29,21,18,9,2,3,1,1,55,30,16,13,9,4,8
2016-7490,Gwangju,Hard,32,C,,20160417,19,W571,4,,Di Wu,R,173,CHN,24.591,152,378,BI23,,,Liam Broady,L,183,GBR,22.283,293,167,6-1 6-1,3,R16,49,2,1,33,19,17,9,7,0,1,1,2,44,29,13,4,7,3,9
2016-7490,Gwangju,Hard,32,C,,20160417,20,Z189,6,,Grega Zemlja,R,183,SLO,29.55,189,289,J380,,,Jason Jung,R,180,TPE,26.839,233,221,2-6 6-2 6-3,3,R16,101,3,1,69,32,20,21,13,2,6,3,3,82,45,26,19,12,7,12
2016-7490,Gwangju,Hard,32,C,,20160417,21,CF07,,,Hong Chung,L,170,KOR,22.921,853,21,L918,,,Yong-Kyu Lim,R,185,KOR,24.832,931,16,7-5 6-2,3,R16,104,1,3,75,48,30,15,10,10,12,4,2,65,40,26,7,10,2,7
2016-7490,Gwangju,Hard,32,C,,20160417,22,J400,,,Jeremy Jahn,R,178,GER,26.034,338,141,ME05,,,Marinko Matosevic,R,193,AUS,30.691,393,111,6-1 6-7(2) 7-5,3,R16,142,2,2,102,59,41,30,16,9,10,3,3,92,57,40,18,15,4,8
2016-7490,Gwangju,Hard,32,C,,20160417,23,LE01,,,Duckhee Lee,R,170,KOR,17.886,211,244,N555,,,Daniel Nguyen,R,173,USA,25.503,228,226,6-4 4-6 6-2,3,R16,132,0,4,87,51,32,20,14,5,9,2,7,92,50,31,17,14,5,11
2016-7490,Gwangju,Hard,32,C,,20160417,24,R977,,,Matt Reid,R,183,AUS,25.752,346,137,P701,,,Michal Przysiezny,R,185,POL,32.167,366,126,6-4 3-6 7-6(1),3,R16,125,12,6,91,51,41,27,15,3,4,7,4,102,61,46,22,16,3,4
2016-7490,Gwangju,Hard,32,C,,20160417,25,BE90,1,,Ricardas Berankis,R,175,LTU,25.823,80,686,CF07,,,Hong Chung,L,170,KOR,22.921,853,21,6-4 6-2,3,QF,69,5,1,51,29,22,12,9,5,7,2,6,53,29,16,9,9,3,8
2016-7490,Gwangju,Hard,32,C,,20160417,26,I230,2,,Tatsuma Ito,R,180,JPN,27.915,114,529,J400,,,Jeremy Jahn,R,178,GER,26.034,338,141,W/O,3,QF,,,,,,,,,,,,,,,,,,,
2016-7490,Gwangju,Hard,32,C,,20160417,27,W571,4,,Di Wu,R,173,CHN,24.591,152,378,LE01,,,Duckhee Lee,R,170,KOR,17.886,211,244,6-1 6-3,3,QF,56,1,0,55,28,19,13,8,2,4,0,1,45,27,11,7,8,3,9
2016-7490,Gwangju,Hard,32,C,,20160417,28,Z189,6,,Grega Zemlja,R,183,SLO,29.55,189,289,R977,,,Matt Reid,R,183,AUS,25.752,346,137,6-1 6-2,3,QF,47,9,3,46,30,26,8,8,3,3,3,2,36,17,8,8,7,0,4
2016-7490,Gwangju,Hard,32,C,,20160417,29,BE90,1,,Ricardas Berankis,R,175,LTU,25.823,80,686,W571,4,,Di Wu,R,173,CHN,24.591,152,378,6-4 6-1,3,SF,56,4,1,42,27,19,10,8,3,5,2,6,58,30,15,7,9,3,9
2016-7490,Gwangju,Hard,32,C,,20160417,30,Z189,6,,Grega Zemlja,R,183,SLO,29.55,189,289,I230,2,,Tatsuma Ito,R,180,JPN,27.915,114,529,6-4 6-3,3,SF,79,4,1,45,31,23,7,9,0,2,2,1,58,35,21,9,10,4,9
2016-7490,Gwangju,Hard,32,C,,20160417,31,BE90,1,,Ricardas Berankis,R,175,LTU,25.823,80,686,Z189,6,,Grega Zemlja,R,183,SLO,29.55,189,289,6-3 6-2,3,F,81,1,3,64,37,24,17,9,1,2,5,8,66,33,21,10,8,8,12
2016-7494,Barletta,Clay,32,C,,20160417,1,SC73,1,,Rogerio Dutra Silva,R,178,BRA,32.197,100,564,G806,,,Andrey Golubev,R,180,KAZ,28.739,185,293,6-4 6-2,3,R32,75,0,1,49,29,20,12,9,2,4,2,5,50,25,16,7,9,3,8
2016-7494,Barletta,Clay,32,C,,20160417,2,CF59,2,,Roberto Carballes Baena,R,183,ESP,23.069,116,514,I236,,,Uladzimir Ignatik,R,183,BLR,25.76,215,241,3-6 6-4 6-1,3,R32,156,5,4,82,52,33,12,13,6,11,4,8,110,64,38,17,13,11,18
2016-7494,Barletta,Clay,32,C,,20160417,3,PG32,3,,Adam Pavlasek,R,185,CZE,21.525,120,490,A622,,,Andrea Arnaboldi,L,180,ITA,28.307,171,318,7-5 3-0 RET,3,R32,62,4,0,41,32,24,3,7,1,2,1,2,50,25,16,9,8,3,7
2016-7494,Barletta,Clay,32,C,,20160417,4,E698,4,,Gastao Elias,R,180,POR,25.396,118,506,T911,,,Peter Torebko,R,185,GER,28.183,378,118,6-1 6-0,3,R32,67,1,1,30,13,11,13,6,0,0,1,3,56,33,16,7,7,8,14
2016-7494,Barletta,Clay,32,C,,20160417,5,MF35,5,,Andrej Martin,R,183,SVK,26.574,127,455,KC56,,,Aslan Karatsev,R,185,RUS,22.617,220,235,6-4 7-6(2),3,R32,115,3,5,104,67,42,16,11,14,17,1,6,63,44,27,6,11,2,6
2016-7494,Barletta,Clay,32,C,,20160417,6,E766,,,Edoardo Eremin,R,185,ITA,22.533,363,129,SF36,6,,Igor Sijsling,R,191,NED,28.665,132,434,6-7(6) 6-4 6-4,3,R32,125,7,3,104,60,44,22,16,4,7,4,3,104,65,46,17,16,5,10
2016-7494,Barletta,Clay,32,C,,20160417,7,Z254,,,Jurgen Zopp,R,191,EST,28.052,177,308,V495,7,,Luca Vanni,R,198,ITA,30.869,141,404,6-4 4-6 7-6(4),3,R32,156,4,4,108,68,44,24,16,4,7,10,1,109,55,40,27,16,8,11
2016-7494,Barletta,Clay,32,C,,20160417,8,Y218,8,,Elias Ymer,R,185,SWE,20.019,142,403,MI01,,,Hiroki Moriya,R,168,JPN,25.503,204,253,6-1 6-1,3,R32,56,2,2,46,21,16,12,7,3,4,0,2,36,18,7,4,7,3,9
2016-7494,Barletta,Clay,32,C,,20160417,9,F724,,,Marton Fucsovics,R,188,HUN,24.189,219,236,DA67,,,Matteo Donati,R,185,ITA,21.133,252,210,5-7 7-6(6) 6-4,3,R32,158,3,2,111,64,44,27,17,7,11,1,3,109,71,44,24,17,4,8
2016-7494,Barletta,Clay,32,C,,20160417,10,G983,,,Alessandro Giannessi,L,185,ITA,25.884,188,290,ML57,,,Gianluca Mager,R,188,ITA,21.377,325,146,6-4 7-6(13),3,R32,96,5,1,77,47,30,19,11,1,3,3,1,73,47,31,12,11,1,4
2016-7494,Barletta,Clay,32,C,,20160417,11,G585,,,Maximo Gonzalez,R,173,ARG,32.745,135,427,GB53,,,Federico Gaio,R,178,ITA,24.118,212,243,6-0 6-4,3,R32,68,3,3,49,28,19,11,8,3,5,1,7,51,28,14,7,8,5,11
2016-7494,Barletta,Clay,32,C,,20160417,12,LA93,,,Enrique Lopez Perez,R,180,ESP,24.873,364,128,DB63,,,Laslo Djere,R,188,SRB,20.876,243,214,6-3 6-3,3,R32,72,1,1,47,34,27,7,9,1,2,0,3,55,33,21,6,9,2,6
2016-7494,Barletta,Clay,32,C,,20160417,13,N437,,,Gianluca Naso,R,193,ITA,29.279,240,218,PB37,,,Hans Podlipnik-Castillo,R,183,CHI,28.271,199,272,0-6 6-4 6-2,3,R32,124,3,3,71,38,22,17,12,4,9,4,3,83,40,24,19,12,12,17
2016-7494,Barletta,Clay,32,C,,20160417,14,R782,,,Julian Reister,R,188,GER,30.042,575,57,RB56,,,Ramkumar Ramanathan,R,188,IND,21.44,247,214,6-0 6-3,3,R32,59,0,0,43,38,28,3,8,2,3,3,0,41,25,10,6,7,2,7
2016-7494,Barletta,Clay,32,C,,20160417,15,SU87,,,Lorenzo Sonego,R,191,ITA,20.936,354,132,KC33,,,Dimitar Kuzmanov,R,183,BUL,22.721,333,143,6-4 2-6 6-2,3,R32,130,1,1,102,74,45,19,13,7,9,1,3,75,53,34,11,13,4,7
2016-7494,Barletta,Clay,32,C,,20160417,16,V717,,,Alexey Vatutin,R,178,RUS,23.472,282,175,B747,,,Julien Benneteau,R,185,FRA,34.324,673,40,6-2 4-6 7-5,3,R32,131,4,1,87,65,39,15,15,4,8,9,2,97,62,34,17,15,9,15
2016-7494,Barletta,Clay,32,C,,20160417,17,SC73,1,,Rogerio Dutra Silva,R,178,BRA,32.197,100,564,G585,,,Maximo Gonzalez,R,173,ARG,32.745,135,427,6-4 6-2,3,R16,88,0,2,58,40,29,9,9,2,3,1,1,57,38,21,8,9,0,4
2016-7494,Barletta,Clay,32,C,,20160417,18,G983,,,Alessandro Giannessi,L,185,ITA,25.884,188,290,CF59,2,,Roberto Carballes Baena,R,183,ESP,23.069,116,514,5-7 6-4 6-4,3,R16,174,3,3,113,70,45,19,16,8,13,4,6,121,84,48,18,16,9,15
2016-7494,Barletta,Clay,32,C,,20160417,19,PG32,3,,Adam Pavlasek,R,185,CZE,21.525,120,490,F724,,,Marton Fucsovics,R,188,HUN,24.189,219,236,5-7 6-4 6-3,3,R16,131,1,2,93,66,42,17,15,3,6,1,3,90,46,30,23,16,0,5
2016-7494,Barletta,Clay,32,C,,20160417,20,E698,4,,Gastao Elias,R,180,POR,25.396,118,506,R782,,,Julian Reister,R,188,GER,30.042,575,57,6-2 6-7(2) 6-3,3,R16,160,5,1,96,66,41,18,15,6,9,0,6,112,96,52,8,14,5,11
2016-7494,Barletta,Clay,32,C,,20160417,21,SU87,,,Lorenzo Sonego,R,191,ITA,20.936,354,132,MF35,5,,Andrej Martin,R,183,SVK,26.574,127,455,6-2 6-4,3,R16,100,0,0,69,50,29,12,9,2,4,0,12,81,49,31,8,9,8,13
2016-7494,Barletta,Clay,32,C,,20160417,22,Y218,8,,Elias Ymer,R,185,SWE,20.019,142,403,N437,,,Gianluca Naso,R,193,ITA,29.279,240,218,7-6(4) 6-3,3,R16,115,6,4,92,66,43,16,11,5,5,2,1,77,45,29,19,10,9,10
2016-7494,Barletta,Clay,32,C,,20160417,23,LA93,,,Enrique Lopez Perez,R,180,ESP,24.873,364,128,E766,,,Edoardo Eremin,R,185,ITA,22.533,363,129,6-2 6-2,3,R16,61,5,1,41,28,23,7,8,1,2,3,1,57,26,16,10,8,4,9
2016-7494,Barletta,Clay,32,C,,20160417,24,Z254,,,Jurgen Zopp,R,191,EST,28.052,177,308,V717,,,Alexey Vatutin,R,178,RUS,23.472,282,175,5-7 6-3 7-5,3,R16,144,5,2,102,58,37,25,16,5,9,3,6,108,79,51,12,17,3,9
2016-7494,Barletta,Clay,32,C,,20160417,25,Z254,,,Jurgen Zopp,R,191,EST,28.052,177,308,SC73,1,,Rogerio Dutra Silva,R,178,BRA,32.197,100,564,7-6(5) 6-4,3,QF,114,2,1,75,45,33,15,11,5,7,1,2,79,52,34,12,11,5,8
2016-7494,Barletta,Clay,32,C,,20160417,26,PG32,3,,Adam Pavlasek,R,185,CZE,21.525,120,490,SU87,,,Lorenzo Sonego,R,191,ITA,20.936,354,132,6-2 6-0,3,QF,58,1,1,44,32,21,9,7,3,3,0,4,48,37,16,5,7,6,11
2016-7494,Barletta,Clay,32,C,,20160417,27,Y218,8,,Elias Ymer,R,185,SWE,20.019,142,403,E698,4,,Gastao Elias,R,180,POR,25.396,118,506,4-6 6-3 6-4,3,QF,133,1,2,88,58,44,15,15,1,3,2,3,93,53,34,24,14,5,8
2016-7494,Barletta,Clay,32,C,,20160417,28,LA93,,,Enrique Lopez Perez,R,180,ESP,24.873,364,128,G983,,,Alessandro Giannessi,L,185,ITA,25.884,188,290,6-3 6-3,3,QF,97,4,2,64,47,31,10,9,3,4,0,5,67,42,22,12,9,7,11
2016-7494,Barletta,Clay,32,C,,20160417,29,PG32,3,,Adam Pavlasek,R,185,CZE,21.525,120,490,LA93,,,Enrique Lopez Perez,R,180,ESP,24.873,364,128,6-1 6-3,3,SF,71,3,1,52,32,26,9,8,4,4,1,2,57,35,21,7,8,3,7
2016-7494,Barletta,Clay,32,C,,20160417,30,Y218,8,,Elias Ymer,R,185,SWE,20.019,142,403,Z254,,,Jurgen Zopp,R,191,EST,28.052,177,308,6-2 6-4,3,SF,74,5,0,55,44,32,4,9,0,1,2,0,57,41,23,8,9,4,8
2016-7494,Barletta,Clay,32,C,,20160417,31,Y218,8,,Elias Ymer,R,185,SWE,20.019,142,403,PG32,3,,Adam Pavlasek,R,185,CZE,21.525,120,490,7-5 6-4,3,F,91,2,1,66,39,30,17,11,3,3,5,0,63,40,28,13,11,1,3
2016-5067,Savannah,Clay,32,C,,20160424,1,KB09,,,Denis Kudla,R,180,USA,23.685,63,774,L430,,,Giovanni Lapentti,R,193,ECU,33.246,243,214,6-7(3) 6-1 6-2,3,R32,127,10,5,101,56,46,20,14,2,3,3,0,79,47,26,20,13,3,8
2016-5067,Savannah,Clay,32,C,,20160424,2,Y124,2,,Donald Young,L,183,USA,26.754,84,671,RC96,,,Noah Rubin,R,175,USA,20.172,181,302,7-5 7-6(3),3,R32,111,3,6,79,46,31,18,12,2,4,2,6,88,50,31,18,12,5,8
2016-5067,Savannah,Clay,32,C,,20160424,3,TD51,,,Frances Tiafoe,R,188,USA,18.259,182,302,SF62,3,,Tim Smyczek,R,175,USA,28.318,119,510,6-4 6-2,3,R32,72,4,1,60,41,31,11,9,4,4,3,0,51,28,16,13,9,1,4
2016-5067,Savannah,Clay,32,C,,20160424,4,MI43,4,,Gerald Melzer,L,188,AUT,25.782,112,538,SX50,,,Roman Safiullin,R,185,RUS,18.713,590,54,6-1 7-5,3,R32,85,2,2,68,46,32,13,10,5,6,2,2,58,32,19,12,9,4,8
2016-5067,Savannah,Clay,32,C,,20160424,5,J551,,,Nicolas Jarry,R,201,CHI,20.537,467,81,BG23,5,,Nikoloz Basilashvili,R,185,GEO,24.167,130,456,7-6(4) 6-2,3,R32,85,9,3,68,51,38,10,10,3,4,3,7,74,41,24,17,10,6,9
2016-5067,Savannah,Clay,32,C,,20160424,6,F811,6,,Bjorn Fratangelo,R,183,USA,22.765,126,468,HB48,,,Calvin Hemery,R,191,FRA,21.238,219,234,3-6 6-1 6-3,3,R32,105,3,1,69,40,28,20,12,2,4,4,8,77,47,31,13,13,6,11
2016-5067,Savannah,Clay,32,C,,20160424,7,A941,7,,Facundo Arguello,R,178,ARG,23.721,143,402,SO86,,,Robin Stanek,L,188,CZE,21.306,274,187,7-6(4) 6-3,3,R32,91,8,3,62,40,32,15,11,0,1,4,4,65,41,31,11,10,4,6
2016-5067,Savannah,Clay,32,C,,20160424,8,DC58,8,,Jared Donaldson,R,188,USA,19.54,147,388,H940,,,Ryan Harrison,R,185,USA,23.964,158,352,6-2 7-6(5),3,R32,101,1,4,65,32,25,19,10,0,1,4,3,76,52,35,9,10,3,6
2016-5067,Savannah,Clay,32,C,,20160424,9,A887,,,Guido Andreozzi,R,183,ARG,24.72,176,308,H896,,,Jose Hernandez-Fernandez,R,183,DOM,26.116,247,211,6-4 6-3,3,R32,97,2,1,70,43,29,16,10,7,8,1,5,75,53,29,11,9,9,12
2016-5067,Savannah,Clay,32,C,,20160424,10,BA23,,,Brian Baker,R,191,USA,30.984,800,26,PL56,,,Tommy Paul,R,185,USA,18.938,192,282,6-3 6-1,3,R32,58,1,1,44,27,22,12,8,1,1,2,3,49,29,15,9,8,2,6
2016-5067,Savannah,Clay,32,C,,20160424,11,HB64,,,Quentin Halys,R,191,FRA,19.493,200,268,PB22,,,Peter Polansky,R,183,CAN,27.858,412,105,6-7(6) 6-4 6-4,3,R32,126,8,5,88,49,40,27,16,0,0,1,8,97,58,45,20,16,3,5
2016-5067,Savannah,Clay,32,C,,20160424,12,KC29,,,Nicolas Kicker,R,178,ARG,23.688,157,360,MI11,,,Axel Michon,L,,FRA,25.355,218,237,6-3 7-5,3,R32,109,2,0,84,58,38,12,11,8,10,1,7,60,26,18,16,10,2,6
2016-5067,Savannah,Clay,32,C,,20160424,13,L949,,,Henri Laaksonen,R,185,SUI,24.066,196,279,N674,,,Dennis Novikov,R,193,USA,22.464,148,388,7-5 6-1,3,R32,73,7,3,58,34,25,15,9,1,1,2,6,63,34,17,18,10,3,7
2016-5067,Savannah,Clay,32,C,,20160424,14,LC58,,,Tomas Lipovsek Puches,R,183,ARG,23.02,261,199,MG47,,,James McGee,R,183,IRL,28.873,269,191,7-5 6-3,3,R32,98,0,3,67,44,27,12,10,4,7,2,2,70,43,22,11,11,5,11
2016-5067,Savannah,Clay,32,C,,20160424,15,MM58,,,Daniil Medvedev,R,198,RUS,20.2,260,199,KC12,,,Mitchell Krueger,R,188,USA,22.281,259,201,7-6(7) 7-6(1),3,R32,118,5,6,91,55,40,17,12,7,10,1,5,77,34,23,22,12,3,6
2016-5067,Savannah,Clay,32,C,,20160424,16,SL08,,,Tennys Sandgren,R,188,USA,24.758,271,190,W503,,,James Ward,R,188,GBR,29.205,173,313,3-6 6-2 6-3,3,R32,112,9,6,76,50,35,11,13,5,9,3,3,90,48,30,17,13,5,11
2016-5067,Savannah,Clay,32,C,,20160424,17,KB09,,,Denis Kudla,R,180,USA,23.685,63,774,BA23,,,Brian Baker,R,191,USA,30.984,800,26,6-3 6-3,3,R16,84,2,5,69,34,21,17,9,5,8,2,4,58,35,17,6,9,3,9
2016-5067,Savannah,Clay,32,C,,20160424,18,Y124,2,,Donald Young,L,183,USA,26.754,84,671,MM58,,,Daniil Medvedev,R,198,RUS,20.2,260,199,4-1 RET,3,R16,,0,3,20,7,6,8,3,3,3,0,1,9,2,1,4,2,0,1
2016-5067,Savannah,Clay,32,C,,20160424,19,MI43,4,,Gerald Melzer,L,188,AUT,25.782,112,538,SL08,,,Tennys Sandgren,R,188,USA,24.758,271,190,6-0 6-4,3,R16,65,3,1,47,29,22,12,8,2,2,5,1,47,32,20,3,8,4,8
2016-5067,Savannah,Clay,32,C,,20160424,20,F811,6,,Bjorn Fratangelo,R,183,USA,22.765,126,468,L949,,,Henri Laaksonen,R,185,SUI,24.066,196,279,7-6(2) 7-5,3,R16,108,4,1,87,58,37,19,12,10,12,3,5,79,47,32,13,12,5,8
2016-5067,Savannah,Clay,32,C,,20160424,21,KC29,,,Nicolas Kicker,R,178,ARG,23.688,157,360,A941,7,,Facundo Arguello,R,178,ARG,23.721,143,402,6-4 6-3,3,R16,91,0,1,52,41,28,7,9,0,2,2,2,73,35,24,12,10,7,12
2016-5067,Savannah,Clay,32,C,,20160424,22,DC58,8,,Jared Donaldson,R,188,USA,19.54,147,388,A887,,,Guido Andreozzi,R,183,ARG,24.72,176,308,1-6 7-5 7-6(1),3,R16,151,0,7,89,45,33,21,15,2,7,1,5,109,70,50,17,16,11,15
2016-5067,Savannah,Clay,32,C,,20160424,23,J551,,,Nicolas Jarry,R,201,CHI,20.537,467,81,HB64,,,Quentin Halys,R,191,FRA,19.493,200,268,7-6(3) 7-6(3),3,R16,111,8,3,102,69,48,16,12,6,8,5,8,72,48,36,12,12,2,4
2016-5067,Savannah,Clay,32,C,,20160424,24,TD51,,,Frances Tiafoe,R,188,USA,18.259,182,302,LC58,,,Tomas Lipovsek Puches,R,183,ARG,23.02,261,199,6-4 6-4,3,R16,71,7,2,54,32,27,13,10,2,3,7,3,70,40,26,13,10,7,10
2016-5067,Savannah,Clay,32,C,,20160424,25,KB09,,,Denis Kudla,R,180,USA,23.685,63,774,J551,,,Nicolas Jarry,R,201,CHI,20.537,467,81,7-6(4) 6-3,3,QF,90,4,1,76,44,35,19,11,6,7,2,2,57,35,28,11,10,0,2
2016-5067,Savannah,Clay,32,C,,20160424,26,Y124,2,,Donald Young,L,183,USA,26.754,84,671,KC29,,,Nicolas Kicker,R,178,ARG,23.688,157,360,6-4 7-5,3,QF,106,4,6,90,50,32,15,11,11,16,0,3,66,38,20,10,11,4,11
2016-5067,Savannah,Clay,32,C,,20160424,27,DC58,8,,Jared Donaldson,R,188,USA,19.54,147,388,MI43,4,,Gerald Melzer,L,188,AUT,25.782,112,538,6-4 6-7(2) 6-4,3,QF,164,3,9,119,69,50,23,16,10,12,5,4,106,74,53,14,16,1,5
2016-5067,Savannah,Clay,32,C,,20160424,28,F811,6,,Bjorn Fratangelo,R,183,USA,22.765,126,468,TD51,,,Frances Tiafoe,R,188,USA,18.259,182,302,3-6 7-5 6-2,3,QF,132,5,4,87,51,35,22,14,6,8,3,4,98,59,37,21,15,7,11
2016-5067,Savannah,Clay,32,C,,20160424,29,F811,6,,Bjorn Fratangelo,R,183,USA,22.765,126,468,KB09,,,Denis Kudla,R,180,USA,23.685,63,774,6-2 6-2,3,SF,63,3,3,54,30,21,14,8,5,6,2,3,41,23,10,5,8,1,6
2016-5067,Savannah,Clay,32,C,,20160424,30,DC58,8,,Jared Donaldson,R,188,USA,19.54,147,388,Y124,2,,Donald Young,L,183,USA,26.754,84,671,6-4 6-3,3,SF,81,3,0,52,31,27,11,9,2,2,2,4,63,35,24,13,10,3,6
2016-5067,Savannah,Clay,32,C,,20160424,31,F811,6,,Bjorn Fratangelo,R,183,USA,22.765,126,468,DC58,8,,Jared Donaldson,R,188,USA,19.54,147,388,6-1 6-3,3,F,74,5,2,52,28,22,12,8,2,3,1,2,48,24,9,11,8,5,10
2016-6492,Sao Paulo,Clay,32,C,,20160424,1,LB84,,,Juan Ignacio Londero,R,180,ARG,22.691,305,160,G602,1,,Andre Ghem,R,193,BRA,33.906,163,341,6-1 2-6 7-5,3,R32,133,0,2,102,49,33,25,14,10,14,5,5,86,50,36,12,13,4,9
2016-6492,Sao Paulo,Clay,32,C,,20160424,2,SG64,2,,Joao Souza,R,193,BRA,27.91,190,292,TB05,,,Alexandre Tsuchiya,R,180,BRA,23.384,698,38,6-2 6-0,3,R32,58,4,2,40,19,17,13,7,2,2,1,6,40,21,9,6,7,5,10
2016-6492,Sao Paulo,Clay,32,C,,20160424,3,CE77,,,Federico Coria,R,180,ARG,24.126,423,101,CC32,3,,Guilherme Clezar,R,180,BRA,23.313,177,308,6-3 RET,3,R32,34,1,1,19,13,11,5,4,0,0,1,7,38,14,10,11,5,4,6
2016-6492,Sao Paulo,Clay,32,C,,20160424,4,MJ08,4,,Thiago Monteiro,L,183,BRA,21.9,201,264,V620,,,Agustin Velotti,R,,ARG,23.918,292,170,6-3 7-5,3,R32,95,2,3,74,44,27,19,11,6,8,3,1,58,28,17,15,10,3,7
2016-6492,Sao Paulo,Clay,32,C,,20160424,5,LB07,5,,Gonzalo Lama,R,180,CHI,22.992,213,244,GE33,,,Daniel Elahi Galan,R,191,COL,19.849,380,117,6-2 6-3,3,R32,65,0,4,59,28,23,20,9,4,4,4,1,49,24,15,11,8,4,7
2016-6492,Sao Paulo,Clay,32,C,,20160424,6,A853,6,,Marcelo Arevalo,R,191,ESA,25.52,221,233,H693,,,Ricardo Hocevar,R,180,BRA,30.96,570,58,6-2 6-2,3,R32,64,5,4,45,20,20,13,8,1,1,0,2,52,35,23,4,8,3,7
2016-6492,Sao Paulo,Clay,32,C,,20160424,7,LA94,7,,Christian Lindell,R,193,SWE,24.427,232,221,SK69,,,Joao Pedro Sorgi,R,188,BRA,22.516,706,37,6-1 6-2,3,R32,69,6,2,48,27,19,14,8,5,6,1,3,55,25,15,9,7,2,7
2016-6492,Sao Paulo,Clay,32,C,,20160424,8,E708,8,,Maximiliano Estevez,L,191,ARG,26.935,276,185,GD91,,,Juan Ignacio Galarza,R,183,ARG,22.103,369,124,7-6(4) 6-3,3,R32,99,0,3,57,33,24,16,10,0,2,4,6,68,39,28,11,11,1,5
2016-6492,Sao Paulo,Clay,32,C,,20160424,9,BH08,,,Marco Bortolotti,R,173,ITA,25.257,389,114,SL85,,,Juan Carlos Saez,,,CHI,24.72,356,131,4-6 6-4 6-3,3,R32,124,1,2,78,43,28,16,14,0,5,1,2,96,61,31,19,15,7,14
2016-6492,Sao Paulo,Clay,32,C,,20160424,10,E661,,,Gonzalo Escobar,L,178,ECU,27.258,366,126,CC66,,,Andrea Collarini,L,183,ARG,24.23,398,109,7-5 3-6 6-4,3,R32,146,2,5,86,56,39,14,15,5,9,2,8,113,72,42,21,16,6,11
2016-6492,Sao Paulo,Clay,32,C,,20160424,11,E873,,,Ernesto Escobedo,R,185,MEX,19.806,335,143,MJ98,,,Facundo Mena,R,183,ARG,23.587,331,145,6-3 6-1,3,R32,48,3,4,45,20,17,15,8,2,3,1,2,45,28,15,7,8,4,9
2016-6492,Sao Paulo,Clay,32,C,,20160424,12,GA36,,,Emilio Gomez,R,185,ECU,24.405,325,150,CB87,,,Rafael Camilo,,,BRA,26.116,719,35,6-2 7-5,3,R32,82,0,5,56,32,23,12,10,2,5,1,12,67,29,17,13,10,2,8
2016-6492,Sao Paulo,Clay,32,C,,20160424,13,PC09,,,Jose Pereira,R,180,BRA,25.243,311,158,MW75,,,Felipe Meligeni Alves,R,185,BRA,18.177,1988,1,6-2 6-3,3,R32,70,1,0,68,40,27,17,9,8,9,3,1,59,42,20,8,8,7,11
2016-6492,Sao Paulo,Clay,32,C,,20160424,14,SK30,,,Carlos Eduardo Severino,R,183,BRA,25.385,364,127,DG53,,,Gabriel Decamps,R,193,BRA,16.715,,,6-3 6-2,3,R32,82,3,3,78,30,20,28,9,8,9,2,6,54,26,14,12,8,4,8
2016-6492,Sao Paulo,Clay,32,C,,20160424,15,Z198,,,Caio Zampieri,R,183,BRA,29.911,287,175,MD50,,,Andre Miele,R,,BRA,29.035,725,35,7-6(6) 6-7(1) 6-2,3,R32,169,7,3,108,62,50,22,16,5,7,3,7,149,79,54,33,16,14,18
2016-6492,Sao Paulo,Clay,32,C,,20160424,16,Z363,,,Marcelo Zormann,R,180,BRA,19.871,542,63,LA54,,,Wilson Leite,R,178,BRA,24.465,645,45,6-3 6-4,3,R32,86,4,10,63,27,21,18,10,5,7,0,1,54,29,18,12,9,4,8
2016-6492,Sao Paulo,Clay,32,C,,20160424,17,E873,,,Ernesto Escobedo,R,185,MEX,19.806,335,143,SG64,2,,Joao Souza,R,193,BRA,27.91,190,292,6-4 2-6 7-5,3,R16,130,4,10,103,46,33,25,15,6,11,6,3,93,54,36,21,15,8,13
2016-6492,Sao Paulo,Clay,32,C,,20160424,18,MJ08,4,,Thiago Monteiro,L,183,BRA,21.9,201,264,GA36,,,Emilio Gomez,R,185,ECU,24.405,325,150,6-4 6-3,3,R16,81,2,3,61,40,32,8,10,2,4,1,7,59,37,24,8,9,3,7
2016-6492,Sao Paulo,Clay,32,C,,20160424,19,LB07,5,,Gonzalo Lama,R,180,CHI,22.992,213,244,SK30,,,Carlos Eduardo Severino,R,183,BRA,25.385,364,127,6-3 6-2,3,R16,64,3,4,50,34,25,10,9,4,5,0,3,50,34,18,8,8,6,10
2016-6492,Sao Paulo,Clay,32,C,,20160424,20,A853,6,,Marcelo Arevalo,R,191,ESA,25.52,221,233,Z198,,,Caio Zampieri,R,183,BRA,29.911,287,175,7-6(4) 7-6(4),3,R16,120,6,6,85,42,29,24,12,3,5,2,1,85,48,30,21,12,1,3
2016-6492,Sao Paulo,Clay,32,C,,20160424,21,LA94,7,,Christian Lindell,R,193,SWE,24.427,232,221,Z363,,,Marcelo Zormann,R,180,BRA,19.871,542,63,6-3 7-5,3,R16,98,11,2,73,44,37,11,11,4,5,2,6,78,47,29,14,10,11,14
2016-6492,Sao Paulo,Clay,32,C,,20160424,22,BH08,,,Marco Bortolotti,R,173,ITA,25.257,389,114,E708,8,,Maximiliano Estevez,L,191,ARG,26.935,276,185,6-0 4-6 5-2 RET,3,R16,132,2,3,79,47,30,17,11,6,9,0,9,83,41,20,18,12,7,14
2016-6492,Sao Paulo,Clay,32,C,,20160424,23,LB84,,,Juan Ignacio Londero,R,180,ARG,22.691,305,160,E661,,,Gonzalo Escobar,L,178,ECU,27.258,366,126,6-1 6-4,3,R16,74,5,2,57,27,19,19,9,5,6,1,7,47,29,18,6,8,4,8
2016-6492,Sao Paulo,Clay,32,C,,20160424,24,PC09,,,Jose Pereira,R,180,BRA,25.243,311,158,CE77,,,Federico Coria,R,180,ARG,24.126,423,101,6-3 6-2,3,R16,76,4,0,46,37,31,6,9,0,0,0,6,75,40,24,16,8,7,10
2016-6492,Sao Paulo,Clay,32,C,,20160424,25,MJ08,4,,Thiago Monteiro,L,183,BRA,21.9,201,264,BH08,,,Marco Bortolotti,R,173,ITA,25.257,389,114,6-1 3-6 6-1,3,QF,101,2,3,72,48,36,11,12,2,4,3,7,82,51,26,15,11,6,11
2016-6492,Sao Paulo,Clay,32,C,,20160424,26,LB07,5,,Gonzalo Lama,R,180,CHI,22.992,213,244,LB84,,,Juan Ignacio Londero,R,180,ARG,22.691,305,160,1-6 7-6(6) 7-5,3,QF,136,5,9,100,55,33,23,15,7,13,5,4,114,59,37,27,16,8,13
2016-6492,Sao Paulo,Clay,32,C,,20160424,27,E873,,,Ernesto Escobedo,R,185,MEX,19.806,335,143,A853,6,,Marcelo Arevalo,R,191,ESA,25.52,221,233,7-6(8) 6-1,3,QF,81,4,3,69,41,35,11,9,2,3,6,2,63,44,29,9,10,4,8
2016-6492,Sao Paulo,Clay,32,C,,20160424,28,LA94,7,,Christian Lindell,R,193,SWE,24.427,232,221,PC09,,,Jose Pereira,R,180,BRA,25.243,311,158,6-2 7-6(4),3,QF,100,8,5,78,40,27,20,10,5,7,2,5,73,46,27,12,10,5,9
2016-6492,Sao Paulo,Clay,32,C,,20160424,29,LB07,5,,Gonzalo Lama,R,180,CHI,22.992,213,244,MJ08,4,,Thiago Monteiro,L,183,BRA,21.9,201,264,5-7 6-4 6-2,3,SF,129,4,4,96,56,36,27,15,6,8,6,4,96,63,41,15,15,5,9
2016-6492,Sao Paulo,Clay,32,C,,20160424,30,E873,,,Ernesto Escobedo,R,185,MEX,19.806,335,143,LA94,7,,Christian Lindell,R,193,SWE,24.427,232,221,7-5 3-6 6-3,3,SF,115,4,5,95,50,38,20,15,10,13,10,7,105,60,43,19,15,7,11
2016-6492,Sao Paulo,Clay,32,C,,20160424,31,LB07,5,,Gonzalo Lama,R,180,CHI,22.992,213,244,E873,,,Ernesto Escobedo,R,185,MEX,19.806,335,143,6-2 6-2,3,F,49,2,0,38,28,25,7,8,0,0,1,6,49,26,19,7,8,2,6
2016-7247,Turin,Clay,32,C,,20160424,1,RA51,,,Blaz Rola,L,193,SLO,25.552,160,344,SC73,1,,Rogerio Dutra Silva,R,178,BRA,32.216,100,573,7-6(8) 6-4,3,R32,116,3,5,75,38,27,18,11,2,5,3,3,82,54,28,16,11,4,8
2016-7247,Turin,Clay,32,C,,20160424,2,E766,,,Edoardo Eremin,R,185,ITA,22.552,365,127,F586,2,,Thomas Fabbiano,R,173,ITA,26.913,107,549,3-6 6-1 7-5,3,R32,142,10,3,91,49,36,24,14,4,6,0,4,112,73,43,21,14,13,17
2016-7247,Turin,Clay,32,C,,20160424,3,E698,3,,Gastao Elias,R,180,POR,25.415,117,515,BC65,,,Matthias Bachinger,R,188,GER,29.062,333,143,7-5 6-7(2) 6-1,3,R32,142,4,4,106,58,39,26,16,8,11,4,6,103,56,34,21,15,5,11
2016-7247,Turin,Clay,32,C,,20160424,4,R612,4,,Stephane Robert,R,185,FRA,35.937,116,518,MI01,,,Hiroki Moriya,R,168,JPN,25.522,204,253,7-6(5) 6-3,3,R32,93,7,5,78,35,24,24,11,5,7,1,5,64,44,26,10,10,5,8
2016-7247,Turin,Clay,32,C,,20160424,5,MF09,,,Nikola Mektic,R,183,CRO,27.332,290,171,MF35,5,,Andrej Martin,R,183,SVK,26.593,127,463,6-0 6-2,3,R32,70,2,0,53,31,18,13,7,2,4,0,5,47,28,9,5,7,3,10
2016-7247,Turin,Clay,32,C,,20160424,6,ME31,,,Vincent Millot,L,173,FRA,30.231,149,385,SF36,6,,Igor Sijsling,R,191,NED,28.684,133,434,6-3 7-5,3,R32,63,5,2,63,37,28,16,11,0,1,2,3,50,25,20,12,10,1,4
2016-7247,Turin,Clay,32,C,,20160424,7,LA93,,,Enrique Lopez Perez,R,180,ESP,24.893,300,164,V495,7,,Luca Vanni,R,198,ITA,30.888,142,404,6-3 6-4,3,R32,83,0,6,62,40,27,10,9,3,5,5,1,50,36,22,4,10,3,8
2016-7247,Turin,Clay,32,C,,20160424,8,CG33,8,,Kimmer Coppejans,R,178,BEL,22.209,171,316,SU87,,,Lorenzo Sonego,R,191,ITA,20.956,317,154,4-6 6-3 7-6(0),3,R32,170,3,7,111,63,44,23,16,11,16,6,3,123,83,51,16,15,15,20
2016-7247,Turin,Clay,32,C,,20160424,9,DB63,,,Laslo Djere,R,188,SRB,20.895,241,214,Z254,,,Jurgen Zopp,R,191,EST,28.071,162,341,7-5 6-2,3,R32,93,2,3,49,38,27,7,10,2,4,1,1,86,51,29,14,10,9,14
2016-7247,Turin,Clay,32,C,,20160424,10,DA67,,,Matteo Donati,R,185,ITA,21.153,248,210,DA86,,,Joris De Loore,R,191,BEL,23.009,289,173,6-1 6-2,3,R32,56,5,0,49,37,29,5,8,1,1,2,3,40,24,12,5,7,1,5
2016-7247,Turin,Clay,32,C,,20160424,11,I236,,,Uladzimir Ignatik,R,183,BLR,25.78,216,241,G983,,,Alessandro Giannessi,L,185,ITA,25.903,179,306,5-3 RET,3,R32,31,2,2,24,17,13,5,4,1,1,1,2,28,15,11,4,4,0,1
2016-7247,Turin,Clay,32,C,,20160424,12,N679,,,Stefano Napolitano,R,196,ITA,21.038,394,112,G753,,,David Guez,R,185,FRA,33.377,222,232,6-4 6-4,3,R32,90,7,1,64,42,30,11,10,4,5,0,3,70,40,25,15,10,7,10
2016-7247,Turin,Clay,32,C,,20160424,13,N437,,,Gianluca Naso,R,193,ITA,29.298,250,208,CE25,,,Salvatore Caruso,R,185,ITA,23.357,240,215,6-4 6-4,3,R32,91,2,0,66,45,29,11,10,2,4,0,4,59,31,23,8,10,6,10
2016-7247,Turin,Clay,32,C,,20160424,14,PB37,,,Hans Podlipnik-Castillo,R,183,CHI,28.29,210,246,KC56,,,Aslan Karatsev,R,185,RUS,22.637,228,228,7-6(4) 7-5,3,R32,136,4,3,74,41,27,21,12,0,2,1,5,94,57,38,19,12,6,9
2016-7247,Turin,Clay,32,C,,20160424,15,S483,,,Pedro Sousa,R,180,POR,27.91,392,112,G806,,,Andrey Golubev,R,180,KAZ,28.758,188,293,6-3 3-6 6-3,3,R32,115,0,3,77,62,38,9,13,2,5,0,4,104,69,40,17,14,15,20
2016-7247,Turin,Clay,32,C,,20160424,16,V254,,,Filippo Volandri,R,183,ITA,34.634,205,253,MG08,,,Yannick Mertens,R,185,BEL,28.832,229,226,7-6(5) 3-6 6-0,3,R32,110,0,0,86,56,37,18,14,3,7,1,5,84,50,32,16,13,8,13
2016-7247,Turin,Clay,32,C,,20160424,17,E698,3,,Gastao Elias,R,180,POR,25.415,117,515,S483,,,Pedro Sousa,R,180,POR,27.91,392,112,6-2 4-6 7-5,3,R16,121,3,3,90,50,38,17,15,5,9,0,3,100,76,42,13,15,11,17
2016-7247,Turin,Clay,32,C,,20160424,18,V254,,,Filippo Volandri,R,183,ITA,34.634,205,253,R612,4,,Stephane Robert,R,185,FRA,35.937,116,518,6-4 7-6(2),3,R16,78,0,1,77,60,38,9,11,5,7,2,1,70,40,27,13,11,6,9
2016-7247,Turin,Clay,32,C,,20160424,19,CG33,8,,Kimmer Coppejans,R,178,BEL,22.209,171,316,N679,,,Stefano Napolitano,R,196,ITA,21.038,394,112,4-6 6-4 6-3,3,R16,128,2,3,82,51,35,12,14,2,7,1,2,95,45,31,18,15,6,13
2016-7247,Turin,Clay,32,C,,20160424,20,DB63,,,Laslo Djere,R,188,SRB,20.895,241,214,MF09,,,Nikola Mektic,R,183,CRO,27.332,290,171,6-4 6-2,3,R16,93,5,5,68,44,31,10,9,5,6,1,0,55,38,21,10,9,3,7
2016-7247,Turin,Clay,32,C,,20160424,21,E766,,,Edoardo Eremin,R,185,ITA,22.552,365,127,I236,,,Uladzimir Ignatik,R,183,BLR,25.78,216,241,4-6 6-2 6-3,3,R16,138,7,4,98,47,32,27,14,5,8,1,5,74,51,35,6,13,6,11
2016-7247,Turin,Clay,32,C,,20160424,22,LA93,,,Enrique Lopez Perez,R,180,ESP,24.893,300,164,N437,,,Gianluca Naso,R,193,ITA,29.298,250,208,6-2 6-1,3,R16,73,2,0,50,24,15,18,7,5,5,4,3,57,35,19,7,8,4,9
2016-7247,Turin,Clay,32,C,,20160424,23,PB37,,,Hans Podlipnik-Castillo,R,183,CHI,28.29,210,246,ME31,,,Vincent Millot,L,173,FRA,30.231,149,385,6-3 6-2,3,R16,94,2,2,51,28,21,12,8,3,4,1,2,68,36,22,12,9,8,13
2016-7247,Turin,Clay,32,C,,20160424,24,RA51,,,Blaz Rola,L,193,SLO,25.552,160,344,DA67,,,Matteo Donati,R,185,ITA,21.153,248,210,6-4 RET,3,R16,43,0,1,24,17,13,4,5,1,2,2,0,41,23,14,8,5,3,5
2016-7247,Turin,Clay,32,C,,20160424,25,E698,3,,Gastao Elias,R,180,POR,25.415,117,515,PB37,,,Hans Podlipnik-Castillo,R,183,CHI,28.29,210,246,3-6 6-4 7-6(5),3,QF,160,4,2,91,52,39,22,15,2,5,2,1,103,62,50,19,16,13,16
2016-7247,Turin,Clay,32,C,,20160424,26,V254,,,Filippo Volandri,R,183,ITA,34.634,205,253,CG33,8,,Kimmer Coppejans,R,178,BEL,22.209,171,316,6-2 2-6 6-2,3,QF,117,0,0,75,52,35,14,12,3,5,6,7,95,58,36,17,12,11,15
2016-7247,Turin,Clay,32,C,,20160424,27,DB63,,,Laslo Djere,R,188,SRB,20.895,241,214,E766,,,Edoardo Eremin,R,185,ITA,22.552,365,127,6-3 6-3,3,QF,68,1,1,51,35,30,8,9,1,1,1,3,51,30,19,10,9,2,5
2016-7247,Turin,Clay,32,C,,20160424,28,LA93,,,Enrique Lopez Perez,R,180,ESP,24.893,300,164,RA51,,,Blaz Rola,L,193,SLO,25.552,160,344,7-6(3) 6-2,3,QF,85,5,3,73,47,36,15,10,4,4,3,3,56,35,27,11,10,1,3
2016-7247,Turin,Clay,32,C,,20160424,29,E698,3,,Gastao Elias,R,180,POR,25.415,117,515,DB63,,,Laslo Djere,R,188,SRB,20.895,241,214,6-3 6-2,3,SF,83,0,1,48,34,24,11,8,3,3,2,2,70,46,27,9,9,7,11
2016-7247,Turin,Clay,32,C,,20160424,30,LA93,,,Enrique Lopez Perez,R,180,ESP,24.893,300,164,V254,,,Filippo Volandri,R,183,ITA,34.634,205,253,7-6(5) 6-4,3,SF,97,6,3,69,41,30,11,11,1,5,0,5,78,50,29,9,11,4,9
2016-7247,Turin,Clay,32,C,,20160424,31,E698,3,,Gastao Elias,R,180,POR,25.415,117,515,LA93,,,Enrique Lopez Perez,R,180,ESP,24.893,300,164,3-6 6-4 6-2,3,F,136,3,1,89,47,29,25,13,9,12,3,6,84,51,34,13,14,3,8
2016-7492,Nanjing,Clay,32,C,,20160424,1,BE90,1,,Ricardas Berankis,R,175,LTU,25.843,62,776,W614,,,Chuhan Wang,R,188,CHN,24.164,654,43,6-4 6-3,3,R32,77,0,2,49,30,21,13,9,2,3,5,3,65,38,23,12,10,3,7
2016-7492,Nanjing,Clay,32,C,,20160424,2,R383,,,Ruben Ramirez Hidalgo,R,183,ESP,38.297,282,178,N732,2,,Yoshihito Nishioka,L,170,JPN,20.575,101,557,6-1 6-4,3,R32,90,5,1,51,30,20,16,9,2,3,2,3,62,37,25,8,8,5,9
2016-7492,Nanjing,Clay,32,C,,20160424,3,TC61,3,,Jordan Thompson,R,183,AUS,22.012,121,491,LE01,,,Duckhee Lee,R,170,KOR,17.906,206,252,6-7(3) 6-2 7-6(6),3,R32,171,8,0,106,68,50,21,16,4,6,2,2,117,76,45,23,16,8,12
2016-7492,Nanjing,Clay,32,C,,20160424,4,N555,,,Daniel Nguyen,R,173,USA,25.522,220,234,ME64,4,,Saketh Myneni,R,193,IND,28.515,150,383,7-6(6) 7-6(3),3,R32,111,2,2,85,59,42,13,12,7,10,9,6,91,51,35,18,12,8,11
2016-7492,Nanjing,Clay,32,C,,20160424,5,BK19,,,Mathias Bourgue,R,188,FRA,22.264,194,281,W571,5,,Di Wu,R,173,CHN,24.611,141,409,6-2 6-1,3,R32,56,4,1,47,35,24,10,8,0,0,0,2,56,43,24,3,7,2,6
2016-7492,Nanjing,Clay,32,C,,20160424,6,G822,,,Riccardo Ghedin,R,185,ITA,30.385,506,71,SL07,6,,Alexander Sarkissian,R,191,USA,26.059,165,335,6-3 3-0 RET,3,R32,41,3,0,32,23,18,7,6,1,1,5,4,38,21,15,5,6,2,5
2016-7492,Nanjing,Clay,32,C,,20160424,7,Z272,7,,Ze Zhang,R,188,CHN,25.807,166,334,R977,,,Matt Reid,R,183,AUS,25.771,315,154,4-6 6-1 7-5,3,R32,113,17,8,99,65,47,18,15,7,9,6,4,77,51,35,11,14,0,4
2016-7492,Nanjing,Clay,32,C,,20160424,8,Z189,8,,Grega Zemlja,R,183,SLO,29.569,161,344,MF71,,,Denys Molchanov,R,188,UKR,28.942,223,232,6-1 6-3,3,R32,53,5,0,44,28,19,13,8,2,3,2,2,49,28,13,8,8,3,8
2016-7492,Nanjing,Clay,32,C,,20160424,9,BC76,,,Nicolas Barrientos,R,175,COL,29.002,293,169,Z450,,,Shi Hong Zeng,R,188,CHN,18.768,1988,1,7-5 6-4,3,R32,96,1,0,62,50,34,5,11,1,4,5,6,80,52,31,10,11,5,10
2016-7492,Nanjing,Clay,32,C,,20160424,10,D981,,,Arthur De Greef,R,183,BEL,24.077,199,274,BI23,,,Liam Broady,L,183,GBR,22.303,279,180,6-2 6-3,3,R32,73,1,1,60,34,21,15,8,7,8,1,2,53,35,17,7,9,4,9
2016-7492,Nanjing,Clay,32,C,,20160424,11,G820,,,Xin Gao,R,180,CHN,21.952,676,41,Z378,,,Wei Qiang Zheng,L,175,CHN,19.838,1100,9,6-3 7-6(2),3,R32,112,2,0,66,41,28,16,11,2,3,1,1,70,40,27,15,10,3,5
2016-7492,Nanjing,Clay,32,C,,20160424,12,J380,,,Jason Jung,R,180,TPE,26.858,225,229,T984,,,Bastian Trinker,R,188,AUT,25.955,267,192,6-4 7-6(3),3,R32,114,3,4,74,50,36,14,11,3,4,0,2,74,42,27,21,11,7,9
2016-7492,Nanjing,Clay,32,C,,20160424,13,L733,,,Zhe Li,R,183,CHN,29.593,211,245,HA03,,,Liang-Chi Huang,,,TPE,24.129,339,141,6-2 4-1 RET,3,R32,79,3,1,44,27,20,8,6,4,5,0,8,56,34,17,8,7,3,8
2016-7492,Nanjing,Clay,32,C,,20160424,14,N503,,,Aleksandr Nedovyesov,R,188,KAZ,29.188,209,246,W630,,,Andrew Whittington,R,188,AUS,22.702,334,143,6-4 7-6(4),3,R32,118,2,1,88,62,43,13,11,9,11,1,3,74,48,33,11,11,7,10
2016-7492,Nanjing,Clay,32,C,,20160424,15,PE02,,,Danilo Petrovic,R,203,SRB,24.249,361,130,BE69,,,Yan Bai,R,185,CHN,26.927,202,260,6-3 4-6 7-6(3),3,R32,156,10,4,98,62,42,24,16,3,5,6,1,100,61,39,26,15,8,10
2016-7492,Nanjing,Clay,32,C,,20160424,16,SN77,,,Vaclav Safranek,R,183,CZE,21.93,375,120,MN20,,,Daniel Masur,R,183,GER,21.465,378,118,6-2 6-4,3,R32,64,0,2,53,38,30,7,9,0,1,2,3,58,46,27,5,9,4,8
2016-7492,Nanjing,Clay,32,C,,20160424,17,BE90,1,,Ricardas Berankis,R,175,LTU,25.843,62,776,PE02,,,Danilo Petrovic,R,203,SRB,24.249,361,130,7-6(3) 6-4,3,R16,103,2,2,80,55,41,13,11,6,7,6,3,83,54,38,12,11,5,7
2016-7492,Nanjing,Clay,32,C,,20160424,18,TC61,3,,Jordan Thompson,R,183,AUS,22.012,121,491,SN77,,,Vaclav Safranek,R,183,CZE,21.93,375,120,6-4 5-7 6-3,3,R16,134,5,3,92,54,37,21,15,7,10,2,4,105,77,48,14,16,7,12
2016-7492,Nanjing,Clay,32,C,,20160424,19,N503,,,Aleksandr Nedovyesov,R,188,KAZ,29.188,209,246,Z272,7,,Ze Zhang,R,188,CHN,25.807,166,334,7-6(3) 6-2,3,R16,108,1,4,70,42,25,15,10,4,8,2,3,76,61,27,7,10,6,12
2016-7492,Nanjing,Clay,32,C,,20160424,20,Z189,8,,Grega Zemlja,R,183,SLO,29.569,161,344,L733,,,Zhe Li,R,183,CHN,29.593,211,245,6-1 6-7(5) 6-1,3,R16,129,7,1,101,55,43,23,14,2,3,2,4,82,46,28,17,12,5,10
2016-7492,Nanjing,Clay,32,C,,20160424,21,BC76,,,Nicolas Barrientos,R,175,COL,29.002,293,169,G822,,,Riccardo Ghedin,R,185,ITA,30.385,506,71,6-4 6-3,3,R16,80,3,4,69,46,35,12,10,6,7,3,2,55,37,22,9,9,2,5
2016-7492,Nanjing,Clay,32,C,,20160424,22,J380,,,Jason Jung,R,180,TPE,26.858,225,229,BK19,,,Mathias Bourgue,R,188,FRA,22.264,194,281,6-4 6-2,3,R16,77,3,1,49,34,27,10,9,0,0,1,1,66,43,27,11,9,7,10
2016-7492,Nanjing,Clay,32,C,,20160424,23,N555,,,Daniel Nguyen,R,173,USA,25.522,220,234,G820,,,Xin Gao,R,180,CHN,21.952,676,41,7-5 6-2,3,R16,75,2,1,51,35,27,11,10,4,5,0,1,63,44,27,6,10,1,5
2016-7492,Nanjing,Clay,32,C,,20160424,24,R383,,,Ruben Ramirez Hidalgo,R,183,ESP,38.297,282,178,D981,,,Arthur De Greef,R,183,BEL,24.077,199,274,7-5 6-1,3,R16,93,2,3,67,40,28,14,9,9,10,1,4,59,35,24,5,10,2,7
2016-7492,Nanjing,Clay,32,C,,20160424,25,BE90,1,,Ricardas Berankis,R,175,LTU,25.843,62,776,BC76,,,Nicolas Barrientos,R,175,COL,29.002,293,169,1-6 6-4 6-3,3,QF,109,7,1,72,45,33,14,13,4,7,3,1,96,68,45,13,13,8,11
2016-7492,Nanjing,Clay,32,C,,20160424,26,TC61,3,,Jordan Thompson,R,183,AUS,22.012,121,491,J380,,,Jason Jung,R,180,TPE,26.858,225,229,6-3 7-5,3,QF,90,7,0,54,37,31,13,11,0,0,5,1,66,41,30,11,10,7,9
2016-7492,Nanjing,Clay,32,C,,20160424,27,Z189,8,,Grega Zemlja,R,183,SLO,29.569,161,344,N555,,,Daniel Nguyen,R,173,USA,25.522,220,234,4-6 7-5 7-6(4),3,QF,129,9,1,94,59,43,20,17,1,4,5,2,95,63,44,21,17,0,3
2016-7492,Nanjing,Clay,32,C,,20160424,28,N503,,,Aleksandr Nedovyesov,R,188,KAZ,29.188,209,246,R383,,,Ruben Ramirez Hidalgo,R,183,ESP,38.297,282,178,6-4 4-6 6-4,3,QF,140,5,3,82,56,41,15,15,2,5,2,12,104,60,41,21,15,6,10
2016-7492,Nanjing,Clay,32,C,,20160424,29,BE90,1,,Ricardas Berankis,R,175,LTU,25.843,62,776,TC61,3,,Jordan Thompson,R,183,AUS,22.012,121,491,7-6(5) 7-5,3,SF,100,,,,,,,,,,,,,,,,,,
2016-7492,Nanjing,Clay,32,C,,20160424,30,Z189,8,,Grega Zemlja,R,183,SLO,29.569,161,344,N503,,,Aleksandr Nedovyesov,R,188,KAZ,29.188,209,246,6-4 6-4,3,SF,92,,,,,,,,,,,,,,,,,,
2016-7492,Nanjing,Clay,32,C,,20160424,31,BE90,1,,Ricardas Berankis,R,175,LTU,25.843,62,776,Z189,8,,Grega Zemlja,R,183,SLO,29.569,161,344,6-3 6-4,3,F,68,,,,,,,,,,,,,,,,,,
2016-1797,Ostrava,Clay,32,C,,20160425,1,U134,,,Yasutaka Uchiyama,R,183,JPN,23.721,299,164,PG32,1,,Adam Pavlasek,R,185,CZE,21.547,109,545,6-3 7-6(2),3,R32,92,1,3,70,27,21,26,10,9,11,3,4,68,34,24,16,11,5,9
2016-1797,Ostrava,Clay,32,C,,20160425,2,CG04,,,Pedro Cachin,R,185,ARG,21.038,236,220,RA51,2,,Blaz Rola,L,193,SLO,25.555,195,281,6-4 6-4,3,R32,74,1,4,54,27,20,15,10,1,3,1,1,58,36,20,11,10,3,7
2016-1797,Ostrava,Clay,32,C,,20160425,3,Z254,3,,Jurgen Zopp,R,191,EST,28.074,169,329,MG08,,,Yannick Mertens,R,185,BEL,28.835,216,244,6-4 6-1,3,R32,78,5,2,75,49,31,16,9,9,10,0,4,53,33,19,9,8,7,11
2016-1797,Ostrava,Clay,32,C,,20160425,4,KD70,4,,Pedja Krstin,R,183,SRB,21.643,161,342,DB59,,,Dennis Novak,R,183,AUT,22.658,247,208,6-3 6-3,3,R32,75,5,3,63,29,23,20,9,5,5,1,2,56,36,25,8,9,4,7
2016-1797,Ostrava,Clay,32,C,,20160425,5,CG33,5,,Kimmer Coppejans,R,178,BEL,22.212,165,333,E678,,,Jonathan Eysseric,L,180,FRA,25.914,271,189,6-1 6-2,3,R32,64,4,0,53,31,24,14,8,5,5,0,3,49,27,15,10,7,2,6
2016-1797,Ostrava,Clay,32,C,,20160425,6,T742,,,Janko Tipsarevic,R,180,SRB,31.841,528,66,PB37,6,,Hans Podlipnik-Castillo,R,183,CHI,28.293,207,256,7-6(5) 3-6 6-4,3,R32,153,3,4,95,59,39,16,15,6,11,5,4,104,72,50,12,16,5,10
2016-1797,Ostrava,Clay,32,C,,20160425,7,I236,7,,Uladzimir Ignatik,R,183,BLR,25.782,213,249,GA79,,,Lorenzo Giustino,R,180,ITA,24.624,262,198,6-4 2-6 6-4,3,R32,138,5,4,92,51,31,18,14,4,10,0,3,81,43,23,18,14,3,9
2016-1797,Ostrava,Clay,32,C,,20160425,8,G753,8,,David Guez,R,185,FRA,33.38,225,232,N437,,,Gianluca Naso,R,193,ITA,29.3,246,210,7-6(4) 6-0,3,R32,95,1,3,73,49,30,13,9,6,8,1,5,70,37,19,12,9,7,12
2016-1797,Ostrava,Clay,32,C,,20160425,9,BK24,,,Gregoire Barrere,R,183,FRA,22.188,263,195,SM51,,,Dominik Sproch,,,SVK,22.757,1617,2,6-1 6-3,3,R32,48,1,2,42,27,19,7,8,1,3,0,8,47,18,10,7,8,1,7
2016-1797,Ostrava,Clay,32,C,,20160425,10,DB63,,,Laslo Djere,R,188,SRB,20.898,214,247,SK67,,,Jan Satral,R,185,CZE,25.755,239,219,3-6 6-4 6-3,3,R32,122,0,10,91,57,33,15,14,5,11,4,6,107,55,35,20,14,12,19
2016-1797,Ostrava,Clay,32,C,,20160425,11,KH56,,,Zdenek Kolar,R,183,CZE,19.543,487,77,PH77,,,David Poljak,R,188,CZE,19.94,945,16,7-5 6-4,3,R32,74,3,5,63,37,22,14,11,3,7,1,3,76,38,21,15,11,6,12
2016-1797,Ostrava,Clay,32,C,,20160425,12,LB66,,,Constant Lestienne,R,180,FRA,23.923,276,184,MF35,,,Andrej Martin,R,183,SVK,26.595,127,456,6-4 6-3,3,R32,72,2,4,63,39,29,12,10,1,2,1,1,58,43,28,6,9,0,3
2016-1797,Ostrava,Clay,32,C,,20160425,13,MF78,,,Marek Michalicka,R,183,CZE,29.339,304,160,CD00,,,Maxime Chazal,R,175,FRA,23.003,235,221,3-6 6-2 6-4,3,R32,108,1,4,72,40,27,17,13,0,4,1,2,81,53,32,11,14,2,8
2016-1797,Ostrava,Clay,32,C,,20160425,14,N679,,,Stefano Napolitano,R,196,ITA,21.04,417,103,RB60,,,Oriol Roca Batalla,R,175,ESP,22.987,256,203,6-4 6-4,3,R32,87,2,3,63,36,28,14,10,3,4,0,0,64,47,30,8,10,3,6
2016-1797,Ostrava,Clay,32,C,,20160425,15,P605,,,Jaroslav Pospisil,R,175,CZE,35.206,488,76,SJ22,,,Gleb Sakharov,R,185,FRA,27.874,268,191,6-4 6-4,3,R32,103,0,6,60,33,24,16,10,2,3,1,2,76,45,27,15,10,8,11
2016-1797,Ostrava,Clay,32,C,,20160425,16,SH91,,,Jordi Samper-Montana,R,,ESP,26.056,226,232,V490,,,Matteo Viola,R,185,ITA,28.802,279,182,6-2 7-6(4),3,R32,122,2,6,96,62,40,11,10,11,15,0,7,77,55,26,9,10,9,15
2016-1797,Ostrava,Clay,32,C,,20160425,17,Z254,3,,Jurgen Zopp,R,191,EST,28.074,169,329,P605,,,Jaroslav Pospisil,R,175,CZE,35.206,488,76,2-6 6-1 6-2,3,R16,99,1,3,58,35,22,11,11,1,5,2,6,79,44,23,13,12,5,12
2016-1797,Ostrava,Clay,32,C,,20160425,18,DB63,,,Laslo Djere,R,188,SRB,20.898,214,247,KD70,4,,Pedja Krstin,R,183,SRB,21.643,161,342,7-6(2) 5-7 6-4,3,R16,188,1,11,121,74,48,17,17,7,14,0,4,127,69,37,29,17,11,18
2016-1797,Ostrava,Clay,32,C,,20160425,19,SH91,,,Jordi Samper-Montana,R,,ESP,26.056,226,232,CG33,5,,Kimmer Coppejans,R,178,BEL,22.212,165,333,6-4 3-6 6-2,3,R16,135,2,4,97,54,35,23,14,9,13,0,4,78,41,25,19,13,2,7
2016-1797,Ostrava,Clay,32,C,,20160425,20,N679,,,Stefano Napolitano,R,196,ITA,21.04,417,103,I236,7,,Uladzimir Ignatik,R,183,BLR,25.782,213,249,7-5 6-4,3,R16,87,2,1,64,36,21,17,11,2,5,4,2,65,45,28,8,11,3,8
2016-1797,Ostrava,Clay,32,C,,20160425,21,LB66,,,Constant Lestienne,R,180,FRA,23.923,276,184,G753,8,,David Guez,R,185,FRA,33.38,225,232,1-6 6-2 6-4,3,R16,111,4,7,89,51,31,10,13,4,11,0,3,87,49,25,16,12,1,8
2016-1797,Ostrava,Clay,32,C,,20160425,22,BK24,,,Gregoire Barrere,R,183,FRA,22.188,263,195,CG04,,,Pedro Cachin,R,185,ARG,21.038,236,220,7-6(5) 6-7(3) 7-5,3,R16,159,1,2,120,82,48,17,18,5,12,3,9,123,57,40,25,18,10,18
2016-1797,Ostrava,Clay,32,C,,20160425,23,KH56,,,Zdenek Kolar,R,183,CZE,19.543,487,77,U134,,,Yasutaka Uchiyama,R,183,JPN,23.721,299,164,4-6 6-4 6-3,3,R16,124,5,5,101,58,37,16,15,9,16,3,7,102,54,31,17,14,11,19
2016-1797,Ostrava,Clay,32,C,,20160425,24,MF78,,,Marek Michalicka,R,183,CZE,29.339,304,160,T742,,,Janko Tipsarevic,R,180,SRB,31.841,528,66,3-6 7-6(1) 6-4,3,R16,171,4,8,104,60,35,18,15,10,17,1,5,104,51,30,24,16,6,13
2016-1797,Ostrava,Clay,32,C,,20160425,25,LB66,,,Constant Lestienne,R,180,FRA,23.923,276,184,Z254,3,,Jurgen Zopp,R,191,EST,28.074,169,329,6-4 6-3,3,QF,72,1,2,64,40,23,12,10,6,10,0,7,59,25,16,10,9,5,11
2016-1797,Ostrava,Clay,32,C,,20160425,26,KH56,,,Zdenek Kolar,R,183,CZE,19.543,487,77,SH91,,,Jordi Samper-Montana,R,,ESP,26.056,226,232,6-3 3-6 6-3,3,QF,125,4,3,101,56,35,23,14,6,9,1,2,92,52,35,16,13,5,9
2016-1797,Ostrava,Clay,32,C,,20160425,27,MF78,,,Marek Michalicka,R,183,CZE,29.339,304,160,DB63,,,Laslo Djere,R,188,SRB,20.898,214,247,7-5 6-2,3,QF,95,1,3,69,38,27,13,10,4,7,0,13,70,38,24,7,10,1,7
2016-1797,Ostrava,Clay,32,C,,20160425,28,N679,,,Stefano Napolitano,R,196,ITA,21.04,417,103,BK24,,,Gregoire Barrere,R,183,FRA,22.188,263,195,6-2 6-7(2) 7-6(6),3,QF,153,5,4,106,55,34,29,16,5,9,1,4,133,74,42,28,16,13,19
2016-1797,Ostrava,Clay,32,C,,20160425,29,KH56,,,Zdenek Kolar,R,183,CZE,19.543,487,77,MF78,,,Marek Michalicka,R,183,CZE,29.339,304,160,6-2 6-1,3,SF,59,2,2,43,21,16,15,8,0,1,2,3,44,18,9,8,7,4,9
2016-1797,Ostrava,Clay,32,C,,20160425,30,LB66,,,Constant Lestienne,R,180,FRA,23.923,276,184,N679,,,Stefano Napolitano,R,196,ITA,21.04,417,103,6-2 6-4,3,SF,74,2,1,57,28,18,18,9,4,6,1,2,57,31,18,9,9,3,8
2016-1797,Ostrava,Clay,32,C,,20160425,31,LB66,,,Constant Lestienne,R,180,FRA,23.923,276,184,KH56,,,Zdenek Kolar,R,183,CZE,19.543,487,77,6-7(5) 6-1 6-2,3,F,112,2,4,104,65,37,20,14,9,13,4,3,88,44,22,17,13,5,13
2016-6572,Anning,Clay,32,C,,20160425,1,W630,,,Andrew Whittington,R,188,AUS,22.705,326,148,N732,,,Yoshihito Nishioka,L,170,JPN,20.578,103,557,7-5 7-6(2),3,R32,103,12,5,77,44,35,21,12,4,5,1,2,69,41,31,17,12,4,6
2016-6572,Anning,Clay,32,C,,20160425,2,TC61,2,,Jordan Thompson,R,183,AUS,22.015,118,516,L733,,,Zhe Li,R,183,CHN,29.596,212,250,6-0 6-4,3,R32,54,6,1,39,23,21,11,8,0,0,1,2,41,27,15,5,8,1,5
2016-6572,Anning,Clay,32,C,,20160425,3,ME64,3,,Saketh Myneni,R,193,IND,28.517,153,383,LE01,,,Duckhee Lee,R,170,KOR,17.908,219,240,6-4 6-3,3,R32,83,13,3,56,39,31,8,10,0,1,2,5,84,49,30,16,9,13,16
2016-6572,Anning,Clay,32,C,,20160425,4,Z189,4,,Grega Zemlja,R,183,SLO,29.572,146,399,Z246,,,Miljan Zekic,R,185,SRB,27.786,237,220,7-6(3) 4-6 7-5,3,R32,129,3,1,100,61,48,28,17,1,2,11,2,85,50,42,26,17,1,2
2016-6572,Anning,Clay,32,C,,20160425,5,R383,,,Ruben Ramirez Hidalgo,R,183,ESP,38.3,297,166,SL07,5,,Alexander Sarkissian,R,191,USA,26.062,167,332,6-4 7-5,3,R32,93,3,1,70,47,33,13,11,2,3,9,3,61,36,27,14,11,4,7
2016-6572,Anning,Clay,32,C,,20160425,6,Z272,6,,Ze Zhang,R,188,CHN,25.81,160,342,BE69,,,Yan Bai,R,185,CHN,26.93,205,260,6-0 6-4,3,R32,78,4,4,59,43,28,9,8,2,3,1,4,49,24,12,10,8,1,6
2016-6572,Anning,Clay,32,C,,20160425,7,BK19,7,,Mathias Bourgue,R,188,FRA,22.267,193,284,SN77,,,Vaclav Safranek,R,183,CZE,21.933,352,131,6-1 6-4,3,R32,59,6,2,51,36,31,6,9,0,0,2,3,53,36,22,7,8,4,7
2016-6572,Anning,Clay,32,C,,20160425,8,D981,8,,Arthur De Greef,R,183,BEL,24.079,203,267,MM66,,,Nikola Milojevic,R,188,SRB,20.851,232,222,7-6(4) 7-6(4),3,R32,119,5,4,81,47,37,21,12,5,6,2,4,81,44,36,19,12,7,8
2016-6572,Anning,Clay,32,C,,20160425,9,BH87,,,Maverick Banes,R,,AUS,24.041,384,117,V784,,,Gavin Van Peperzeel,R,180,AUS,24.074,251,207,6-0 6-1,3,R32,43,1,3,31,22,19,5,6,0,0,0,3,40,22,9,4,7,3,9
2016-6572,Anning,Clay,32,C,,20160425,10,BC76,,,Nicolas Barrientos,R,175,COL,29.005,254,204,PE02,,,Danilo Petrovic,R,203,SRB,24.252,341,138,6-4 7-6(3),3,R32,89,5,0,65,44,35,12,11,0,1,13,4,78,52,39,10,11,3,5
2016-6572,Anning,Clay,32,C,,20160425,11,H997,,,Yannick Hanfmann,R,193,GER,24.449,552,60,MF71,,,Denys Molchanov,R,188,UKR,28.945,224,232,6-4 7-6(11),3,R32,75,6,2,69,52,42,12,11,1,1,7,2,77,55,41,14,11,5,6
2016-6572,Anning,Clay,32,C,,20160425,12,HB59,,,Yecong He,R,180,CHN,22.19,581,56,X015,,,Zihao Xia,R,,CHN,19.233,1637,2,6-2 6-2,3,R32,66,5,1,44,27,21,13,8,1,1,0,2,55,27,15,13,8,4,8
2016-6572,Anning,Clay,32,C,,20160425,13,LA93,,,Enrique Lopez Perez,R,180,ESP,24.895,243,213,R977,,,Matt Reid,R,183,AUS,25.774,312,154,7-6(2) 6-3,3,R32,74,8,2,77,52,40,16,11,4,4,8,1,53,25,21,17,10,0,1
2016-6572,Anning,Clay,32,C,,20160425,14,N503,,,Aleksandr Nedovyesov,R,188,KAZ,29.191,197,279,TG30,,,Rigele Te,R,188,CHN,18.543,1088,9,6-2 6-2,3,R32,71,4,0,52,42,32,5,8,2,2,4,4,60,32,18,13,8,10,14
2016-6572,Anning,Clay,32,C,,20160425,15,O427,,,Bowen Ouyang,L,185,CHN,23.934,691,39,MN20,,,Daniel Masur,R,183,GER,21.467,373,122,3-6 7-5 7-6(5),3,R32,151,7,3,106,78,50,15,16,3,7,6,7,105,54,37,27,17,3,7
2016-6572,Anning,Clay,32,C,,20160425,16,T984,,,Bastian Trinker,R,188,AUT,25.958,266,192,J361,,,Greg Jones,R,193,AUS,27.231,746,31,7-5 6-7(6) 7-6(2),3,R32,184,13,6,118,75,64,23,18,1,1,12,7,121,81,59,26,18,8,9
2016-6572,Anning,Clay,32,C,,20160425,17,TC61,2,,Jordan Thompson,R,183,AUS,22.015,118,516,O427,,,Bowen Ouyang,L,185,CHN,23.934,691,39,6-3 6-4,3,R16,79,4,4,58,35,27,14,10,0,0,5,0,52,39,28,6,9,1,3
2016-6572,Anning,Clay,32,C,,20160425,18,ME64,3,,Saketh Myneni,R,193,IND,28.517,153,383,BC76,,,Nicolas Barrientos,R,175,COL,29.005,254,204,6-3 7-6(4),3,R16,78,14,2,60,37,33,17,11,0,0,2,1,68,45,29,16,10,1,2
2016-6572,Anning,Clay,32,C,,20160425,19,T984,,,Bastian Trinker,R,188,AUT,25.958,266,192,Z189,4,,Grega Zemlja,R,183,SLO,29.572,146,399,6-4 7-6(7),3,R16,87,8,1,67,45,34,17,11,2,3,7,2,66,40,31,15,11,3,5
2016-6572,Anning,Clay,32,C,,20160425,20,N503,,,Aleksandr Nedovyesov,R,188,KAZ,29.191,197,279,Z272,6,,Ze Zhang,R,188,CHN,25.81,160,342,7-6(4) 7-6(6),3,R16,112,3,0,72,43,39,20,12,0,0,7,4,88,54,41,19,12,4,4
2016-6572,Anning,Clay,32,C,,20160425,21,BK19,7,,Mathias Bourgue,R,188,FRA,22.267,193,284,LA93,,,Enrique Lopez Perez,R,180,ESP,24.895,243,213,5-2 RET,3,R16,20,4,0,17,11,11,5,4,0,0,3,0,14,9,5,4,3,0,1
2016-6572,Anning,Clay,32,C,,20160425,22,D981,8,,Arthur De Greef,R,183,BEL,24.079,203,267,HB59,,,Yecong He,R,180,CHN,22.19,581,56,7-6(5) 6-3,3,R16,103,3,3,82,55,38,16,11,5,6,2,1,70,53,33,8,10,5,7
2016-6572,Anning,Clay,32,C,,20160425,23,R383,,,Ruben Ramirez Hidalgo,R,183,ESP,38.3,297,166,BH87,,,Maverick Banes,R,,AUS,24.041,384,117,7-6(4) 6-3,3,R16,100,7,7,85,46,31,18,11,5,8,3,9,67,45,27,7,10,4,8
2016-6572,Anning,Clay,32,C,,20160425,24,W630,,,Andrew Whittington,R,188,AUS,22.705,326,148,H997,,,Yannick Hanfmann,R,193,GER,24.449,552,60,7-5 6-2,3,R16,65,3,5,57,37,33,12,10,4,4,6,2,58,42,28,8,10,6,9
2016-6572,Anning,Clay,32,C,,20160425,25,TC61,2,,Jordan Thompson,R,183,AUS,22.015,118,516,R383,,,Ruben Ramirez Hidalgo,R,183,ESP,38.3,297,166,6-3 6-7(5) 7-6(9),3,QF,152,9,1,105,67,56,23,17,0,1,3,5,106,64,48,26,16,2,4
2016-6572,Anning,Clay,32,C,,20160425,26,ME64,3,,Saketh Myneni,R,193,IND,28.517,153,383,D981,8,,Arthur De Greef,R,183,BEL,24.079,203,267,6-1 6-3,3,QF,65,6,1,55,38,31,9,8,4,4,2,3,62,35,20,12,8,5,9
2016-6572,Anning,Clay,32,C,,20160425,27,BK19,7,,Mathias Bourgue,R,188,FRA,22.267,193,284,W630,,,Andrew Whittington,R,188,AUS,22.705,326,148,6-1 6-4,3,QF,68,5,0,53,37,29,9,9,2,2,1,2,48,30,15,11,8,1,4
2016-6572,Anning,Clay,32,C,,20160425,28,N503,,,Aleksandr Nedovyesov,R,188,KAZ,29.191,197,279,T984,,,Bastian Trinker,R,188,AUT,25.958,266,192,6-4 6-2,3,QF,77,0,4,67,50,40,6,9,9,9,3,6,60,39,23,11,9,6,9
2016-6572,Anning,Clay,32,C,,20160425,29,TC61,2,,Jordan Thompson,R,183,AUS,22.015,118,516,N503,,,Aleksandr Nedovyesov,R,188,KAZ,29.191,197,279,4-6 6-3 6-2,3,SF,119,9,1,81,55,37,20,14,4,5,3,1,84,62,38,13,13,5,8
2016-6572,Anning,Clay,32,C,,20160425,30,BK19,7,,Mathias Bourgue,R,188,FRA,22.267,193,284,ME64,3,,Saketh Myneni,R,193,IND,28.517,153,383,6-0 3-1 RET,3,SF,38,3,0,23,13,12,8,5,0,0,0,1,29,19,11,0,5,0,4
2016-6572,Anning,Clay,32,C,,20160425,31,TC61,2,,Jordan Thompson,R,183,AUS,22.015,118,516,BK19,7,,Mathias Bourgue,R,188,FRA,22.267,193,284,6-3 6-2,3,F,67,3,1,44,27,24,11,9,0,1,1,3,53,41,24,3,8,3,7
2016-692,Tallahassee,Clay,32,C,,20160430,1,Y124,1,,Donald Young,L,183,USA,26.771,81,680,E873,,,Ernesto Escobedo,R,185,MEX,19.822,260,198,6-3 6-4,3,R32,68,4,5,55,24,17,22,10,2,3,5,11,69,36,27,13,9,8,11
2016-692,Tallahassee,Clay,32,C,,20160430,2,MI43,2,,Gerald Melzer,L,188,AUT,25.799,107,547,KC29,,,Nicolas Kicker,R,178,ARG,23.704,155,367,7-5 6-2,3,R32,89,4,3,66,41,25,15,10,6,8,2,4,63,36,17,14,10,1,6
2016-692,Tallahassee,Clay,32,C,,20160430,3,BA23,,,Brian Baker,R,191,USA,31.001,730,33,SF62,3,,Tim Smyczek,R,175,USA,28.334,121,501,6-4 7-5,3,R32,96,3,6,70,44,34,13,11,2,3,9,3,79,46,31,17,11,7,10
2016-692,Tallahassee,Clay,32,C,,20160430,4,HB64,,,Quentin Halys,R,191,FRA,19.51,202,272,F811,4,,Bjorn Fratangelo,R,183,USA,22.782,117,519,7-6(1) 6-2,3,R32,73,5,7,62,28,23,21,10,3,4,5,4,66,34,23,14,10,3,6
2016-692,Tallahassee,Clay,32,C,,20160430,5,BG23,5,,Nikoloz Basilashvili,R,185,GEO,24.183,126,456,GA36,,,Emilio Gomez,R,185,ECU,24.422,308,158,6-4 7-5,3,R32,88,3,3,61,32,22,16,11,1,4,3,5,66,38,21,13,11,4,9
2016-692,Tallahassee,Clay,32,C,,20160430,6,TD51,,,Frances Tiafoe,R,188,USA,18.275,191,288,A941,6,,Facundo Arguello,R,178,ARG,23.737,144,402,6-3 6-3,3,R32,72,8,0,61,36,27,12,9,3,4,5,2,55,28,19,11,9,1,5
2016-692,Tallahassee,Clay,32,C,,20160430,7,HB48,,,Calvin Hemery,R,191,FRA,21.254,223,234,DC58,7,,Jared Donaldson,R,188,USA,19.556,138,421,6-4 6-3,3,R32,76,6,6,63,33,22,13,10,2,5,4,2,58,34,21,8,9,4,9
2016-692,Tallahassee,Clay,32,C,,20160430,8,L430,,,Giovanni Lapentti,R,193,ECU,33.262,253,204,N674,8,,Dennis Novikov,R,193,USA,22.48,150,388,7-6(5) 6-3,3,R32,89,8,1,83,53,38,18,11,7,8,8,2,50,27,23,14,10,0,2
2016-692,Tallahassee,Clay,32,C,,20160430,9,BH02,,,Sekou Bangoura,R,183,USA,24.449,287,175,SL08,,,Tennys Sandgren,R,188,USA,24.775,261,198,6-2 6-4,3,R32,88,2,7,64,31,23,19,9,6,7,1,4,63,28,17,17,9,5,9
2016-692,Tallahassee,Clay,32,C,,20160430,10,H940,,,Ryan Harrison,R,185,USA,23.981,159,352,L949,,,Henri Laaksonen,R,185,SUI,24.082,192,285,6-3 7-6(2),3,R32,99,7,12,100,63,44,14,11,10,13,2,8,68,32,21,15,10,1,5
2016-692,Tallahassee,Clay,32,C,,20160430,11,KE64,,,Stefan Kozlov,R,183,USA,18.242,206,258,H896,,,Jose Hernandez-Fernandez,R,183,DOM,26.133,255,203,6-7(4) 7-6(4) 6-4,3,R32,192,10,13,117,45,36,29,17,7,13,2,7,133,91,54,18,17,11,18
2016-692,Tallahassee,Clay,32,C,,20160430,12,KC12,,,Mitchell Krueger,R,188,USA,22.297,274,186,F444,,,Alejandro Falla,L,185,COL,32.46,156,363,4-6 6-2 6-2,3,R32,104,3,1,70,45,33,14,13,3,5,1,2,85,50,28,18,13,3,8
2016-692,Tallahassee,Clay,32,C,,20160430,13,MG47,,,James McGee,R,183,IRL,28.89,334,143,J551,,,Nicolas Jarry,R,201,CHI,20.553,443,91,5-7 7-5 6-3,3,R32,167,1,4,127,85,55,18,17,14,19,2,5,109,75,44,14,16,6,12
2016-692,Tallahassee,Clay,32,C,,20160430,14,MM58,,,Daniil Medvedev,R,198,RUS,20.216,265,194,LC54,,,Benjamin Lock,R,198,ZIM,23.157,710,36,6-2 7-5,3,R32,82,6,8,61,28,23,15,10,2,4,3,1,64,42,27,6,10,2,7
2016-692,Tallahassee,Clay,32,C,,20160430,15,RC96,,,Noah Rubin,R,175,USA,20.189,181,302,Q945,,,Eric Quigley,R,185,USA,27.247,324,150,6-4 5-7 6-3,3,R32,117,2,9,89,46,33,22,15,4,7,5,7,94,52,35,20,16,6,11
2016-692,Tallahassee,Clay,32,C,,20160430,16,W503,,,James Ward,R,188,GBR,29.221,180,303,MI11,,,Axel Michon,L,,FRA,25.372,228,230,7-6(5) 6-4,3,R32,106,8,7,73,38,29,14,11,4,8,1,5,81,50,23,18,11,2,7
2016-692,Tallahassee,Clay,32,C,,20160430,17,Y124,1,,Donald Young,L,183,USA,26.771,81,680,MM58,,,Daniil Medvedev,R,198,RUS,20.216,265,194,6-4 7-6(5),3,R16,118,3,7,87,47,30,19,11,7,11,3,4,89,40,33,13,11,9,14
2016-692,Tallahassee,Clay,32,C,,20160430,18,KE64,,,Stefan Kozlov,R,183,USA,18.242,206,258,MI43,2,,Gerald Melzer,L,188,AUT,25.799,107,547,6-2 3-6 6-2,3,R16,131,6,6,90,40,32,23,12,8,10,1,4,85,58,34,12,13,9,14
2016-692,Tallahassee,Clay,32,C,,20160430,19,MG47,,,James McGee,R,183,IRL,28.89,334,143,BG23,5,,Nikoloz Basilashvili,R,185,GEO,24.183,126,456,6-3 6-0,3,R16,66,3,1,43,28,21,8,7,3,4,0,7,58,33,17,6,8,3,9
2016-692,Tallahassee,Clay,32,C,,20160430,20,HB64,,,Quentin Halys,R,191,FRA,19.51,202,272,BH02,,,Sekou Bangoura,R,183,USA,24.449,287,175,6-3 6-2,3,R16,60,3,4,51,29,22,16,9,1,1,1,3,50,27,19,11,8,5,8
2016-692,Tallahassee,Clay,32,C,,20160430,21,H940,,,Ryan Harrison,R,185,USA,23.981,159,352,L430,,,Giovanni Lapentti,R,193,ECU,33.262,253,204,6-3 6-4,3,R16,81,6,2,64,36,26,15,10,6,8,1,0,57,34,22,8,9,6,10
2016-692,Tallahassee,Clay,32,C,,20160430,22,RC96,,,Noah Rubin,R,175,USA,20.189,181,302,BA23,,,Brian Baker,R,191,USA,31.001,730,33,7-5 6-7(4) 6-2,3,R16,140,5,7,99,55,41,19,16,0,4,7,4,115,60,39,23,16,9,16
2016-692,Tallahassee,Clay,32,C,,20160430,23,TD51,,,Frances Tiafoe,R,188,USA,18.275,191,288,KC12,,,Mitchell Krueger,R,188,USA,22.297,274,186,6-4 3-6 6-1,3,R16,113,6,2,84,40,29,21,13,4,7,5,3,82,49,32,14,13,7,12
2016-692,Tallahassee,Clay,32,C,,20160430,24,W503,,,James Ward,R,188,GBR,29.221,180,303,HB48,,,Calvin Hemery,R,191,FRA,21.254,223,234,6-4 6-0,3,R16,63,5,1,53,32,22,14,8,1,1,5,4,45,24,12,10,8,2,6
2016-692,Tallahassee,Clay,32,C,,20160430,25,TD51,,,Frances Tiafoe,R,188,USA,18.275,191,288,Y124,1,,Donald Young,L,183,USA,26.771,81,680,2-6 6-4 6-3,3,QF,110,2,3,73,40,31,18,13,2,5,6,11,101,46,30,27,14,16,20
2016-692,Tallahassee,Clay,32,C,,20160430,26,HB64,,,Quentin Halys,R,191,FRA,19.51,202,272,W503,,,James Ward,R,188,GBR,29.221,180,303,1-6 6-4 6-4,3,QF,101,8,5,87,51,36,17,14,5,8,6,5,83,56,43,12,13,4,6
2016-692,Tallahassee,Clay,32,C,,20160430,27,H940,,,Ryan Harrison,R,185,USA,23.981,159,352,RC96,,,Noah Rubin,R,175,USA,20.189,181,302,2-6 6-0 6-3,3,QF,93,3,4,75,40,32,18,12,3,5,2,6,68,38,26,12,11,3,7
2016-692,Tallahassee,Clay,32,C,,20160430,28,MG47,,,James McGee,R,183,IRL,28.89,334,143,KE64,,,Stefan Kozlov,R,183,USA,18.242,206,258,6-3 2-6 7-6(1),3,QF,149,2,3,87,61,41,12,14,6,11,3,6,100,55,32,24,15,5,10
2016-692,Tallahassee,Clay,32,C,,20160430,29,HB64,,,Quentin Halys,R,191,FRA,19.51,202,272,MG47,,,James McGee,R,183,IRL,28.89,334,143,6-4 6-1,3,SF,66,7,5,55,30,25,12,9,3,4,1,4,51,34,20,5,8,0,4
2016-692,Tallahassee,Clay,32,C,,20160430,30,TD51,,,Frances Tiafoe,R,188,USA,18.275,191,288,H940,,,Ryan Harrison,R,185,USA,23.981,159,352,7-6(4) 6-4,3,SF,90,5,3,67,40,32,12,11,0,2,6,6,74,40,27,15,11,6,9
2016-692,Tallahassee,Clay,32,C,,20160430,31,HB64,,,Quentin Halys,R,191,FRA,19.51,202,272,TD51,,,Frances Tiafoe,R,188,USA,18.275,191,288,6-7(6) 6-4 6-2,3,F,128,,,,,,,,,,,,,,,,,,
2016-2151,Rome,Clay,32,C,,20160507,1,V708,1,,Jiri Vesely,L,198,CZE,22.825,63,780,K771,,,Marsel Ilhan,R,191,TUR,28.906,156,353,7-5 6-2,3,R32,71,6,0,48,37,29,7,10,0,1,4,1,65,29,22,15,10,5,9
2016-2151,Rome,Clay,32,C,,20160507,2,E831,2,,Kyle Edmund,R,188,GBR,21.328,88,616,Z254,,,Jurgen Zopp,R,191,EST,28.107,160,346,6-4 6-3,3,R32,86,8,3,67,37,30,16,10,3,3,4,1,71,48,28,13,9,4,6
2016-2151,Rome,Clay,32,C,,20160507,3,PH64,,,Andrea Pellegrino,R,185,ITA,19.124,1146,8,Z184,3,,Horacio Zeballos,L,188,ARG,31.028,91,603,6-4 4-6 6-4,3,R32,136,3,2,101,63,44,19,15,9,12,11,1,89,60,40,15,15,2,6
2016-2151,Rome,Clay,32,C,,20160507,4,CA99,,,Marius Copil,R,191,ROU,25.555,182,304,PG32,4,,Adam Pavlasek,R,185,CZE,21.58,120,497,4-6 7-5 6-4,3,R32,,2,1,97,60,39,24,16,4,7,4,2,100,58,36,23,16,8,12
2016-2151,Rome,Clay,32,C,,20160507,5,KB05,5,,Filip Krajinovic,R,185,SRB,24.192,114,528,U061,,,Adrian Ungur,R,178,ROU,31.288,196,281,3-6 6-0 6-3,3,R32,92,1,0,74,48,34,17,12,2,3,2,4,64,41,25,10,12,0,4
2016-2151,Rome,Clay,32,C,,20160507,6,TA29,,,Marco Trungelliti,R,178,ARG,26.264,181,306,TC61,6,,Jordan Thompson,R,183,AUS,22.048,90,608,6-4 6-4,3,R32,97,2,1,64,47,31,11,10,0,1,1,4,73,44,29,12,10,7,10
2016-2151,Rome,Clay,32,C,,20160507,7,D750,7,,Kenny De Schepper,L,203,FRA,28.942,154,359,N437,,,Gianluca Naso,R,193,ITA,29.333,266,194,6-2 7-5,3,R32,79,2,0,52,38,28,9,10,1,2,0,1,65,40,23,13,10,4,8
2016-2151,Rome,Clay,32,C,,20160507,8,ME31,8,,Vincent Millot,L,173,FRA,30.267,146,380,U134,,,Yasutaka Uchiyama,R,183,JPN,23.754,287,172,6-4 6-4,3,R32,72,0,3,51,29,22,14,10,3,5,3,3,58,30,21,10,10,2,6
2016-2151,Rome,Clay,32,C,,20160507,9,SN54,,,Frederico Ferreira Silva,L,178,POR,21.139,249,207,N561,,,Ivan Nedelko,R,185,RUS,29.988,275,184,6-4 6-0,3,R32,65,0,0,46,26,19,13,8,2,3,1,0,51,37,19,5,8,5,10
2016-2151,Rome,Clay,32,C,,20160507,10,K839,,,Tobias Kamke,R,178,GER,29.963,169,325,BE69,,,Yan Bai,R,185,CHN,26.962,214,246,6-2 6-2,3,R32,70,1,1,54,31,20,13,8,1,3,0,1,52,30,13,7,8,2,8
2016-2151,Rome,Clay,32,C,,20160507,11,KB92,,,Kevin Krawietz,R,188,GER,24.285,414,104,MI11,,,Axel Michon,L,,FRA,25.391,226,230,2-6 6-4 6-1,3,R32,116,4,0,96,64,35,17,13,5,10,2,6,78,40,22,17,12,6,12
2016-2151,Rome,Clay,32,C,,20160507,12,N897,,,Sumit Nagal,R,178,IND,18.724,409,105,MI01,,,Hiroki Moriya,R,168,JPN,25.558,215,245,5-7 6-3 6-1,3,R32,130,2,2,77,52,37,9,14,3,8,1,7,105,62,35,13,14,12,20
2016-2151,Rome,Clay,32,C,,20160507,13,N679,,,Stefano Napolitano,R,196,ITA,21.073,350,133,BM56,,,Federico Bonacia,,,ITA,19.31,1120,8,3-6 7-5 6-2,3,R32,125,2,2,84,51,38,16,15,5,8,1,6,94,48,36,17,14,12,16
2016-2151,Rome,Clay,32,C,,20160507,14,PL56,,,Tommy Paul,R,185,USA,18.973,203,265,F724,,,Marton Fucsovics,R,188,HUN,24.244,207,258,6-0 5-7 6-4,3,R32,123,1,6,104,63,41,17,14,9,13,3,5,87,53,33,12,14,8,15
2016-2151,Rome,Clay,32,C,,20160507,15,RA51,,,Blaz Rola,L,193,SLO,25.588,197,280,SM09,,,Luke Saville,R,188,AUS,22.344,187,292,6-2 6-1,3,R32,66,1,0,46,27,20,14,8,3,3,0,5,44,23,13,6,7,1,5
2016-2151,Rome,Clay,32,C,,20160507,16,V254,,,Filippo Volandri,R,183,ITA,34.669,222,238,L733,,,Zhe Li,R,183,CHN,29.629,212,250,6-2 6-0,3,R32,63,1,0,49,32,23,11,7,3,3,1,1,47,30,14,6,7,7,12
2016-2151,Rome,Clay,32,C,,20160507,17,V708,1,,Jiri Vesely,L,198,CZE,22.825,63,780,N679,,,Stefano Napolitano,R,196,ITA,21.073,350,133,6-1 7-6(3),3,R16,89,8,1,56,35,30,13,9,5,5,1,2,75,41,26,16,10,8,11
2016-2151,Rome,Clay,32,C,,20160507,18,E831,2,,Kyle Edmund,R,188,GBR,21.328,88,616,KB92,,,Kevin Krawietz,R,188,GER,24.285,414,104,6-3 6-4,3,R16,79,3,3,66,38,27,16,10,8,9,4,2,53,33,25,7,9,2,5
2016-2151,Rome,Clay,32,C,,20160507,19,KB05,5,,Filip Krajinovic,R,185,SRB,24.192,114,528,N897,,,Sumit Nagal,R,178,IND,18.724,409,105,5-7 6-3 6-2,3,R16,121,5,3,90,64,41,10,14,4,9,2,4,96,61,30,16,15,9,17
2016-2151,Rome,Clay,32,C,,20160507,20,RA51,,,Blaz Rola,L,193,SLO,25.588,197,280,D750,7,,Kenny De Schepper,L,203,FRA,28.942,154,359,6-1 6-0,3,R16,49,3,0,43,31,21,10,7,3,3,1,2,31,19,9,2,6,2,7
2016-2151,Rome,Clay,32,C,,20160507,21,K839,,,Tobias Kamke,R,178,GER,29.963,169,325,ME31,8,,Vincent Millot,L,173,FRA,30.267,146,380,6-7(4) 6-1 6-4,3,R16,115,3,7,96,61,41,18,15,2,6,4,5,85,54,28,13,14,2,9
2016-2151,Rome,Clay,32,C,,20160507,22,PH64,,,Andrea Pellegrino,R,185,ITA,19.124,1146,8,SN54,,,Frederico Ferreira Silva,L,178,POR,21.139,249,207,6-3 7-6(1),3,R16,102,3,3,72,44,28,16,10,4,6,3,3,70,38,22,15,11,4,8
2016-2151,Rome,Clay,32,C,,20160507,23,TA29,,,Marco Trungelliti,R,178,ARG,26.264,181,306,PL56,,,Tommy Paul,R,185,USA,18.973,203,265,6-1 6-4,3,R16,71,2,1,49,31,20,13,8,3,4,1,7,60,35,20,8,9,4,9
2016-2151,Rome,Clay,32,C,,20160507,24,V254,,,Filippo Volandri,R,183,ITA,34.669,222,238,CA99,,,Marius Copil,R,191,ROU,25.555,182,304,7-5 6-4,3,R16,82,0,1,61,51,39,6,11,1,1,4,2,77,54,36,9,11,2,4
2016-2151,Rome,Clay,32,C,,20160507,25,V708,1,,Jiri Vesely,L,198,CZE,22.825,63,780,K839,,,Tobias Kamke,R,178,GER,29.963,169,325,7-5 6-0,3,QF,75,11,2,52,36,28,8,9,2,3,0,0,52,29,13,13,9,5,10
2016-2151,Rome,Clay,32,C,,20160507,26,E831,2,,Kyle Edmund,R,188,GBR,21.328,88,616,RA51,,,Blaz Rola,L,193,SLO,25.588,197,280,6-4 3-6 6-0,3,QF,122,1,2,65,35,22,17,12,0,3,5,8,99,58,35,16,13,6,12
2016-2151,Rome,Clay,32,C,,20160507,27,KB05,5,,Filip Krajinovic,R,185,SRB,24.192,114,528,PH64,,,Andrea Pellegrino,R,185,ITA,19.124,1146,8,6-3 2-6 6-4,3,QF,102,2,0,80,49,34,18,14,5,8,2,1,77,50,32,17,13,3,6
2016-2151,Rome,Clay,32,C,,20160507,28,V254,,,Filippo Volandri,R,183,ITA,34.669,222,238,TA29,,,Marco Trungelliti,R,178,ARG,26.264,181,306,6-4 6-1,3,QF,92,0,1,59,44,26,6,8,9,12,0,3,71,51,19,11,9,7,14
2016-2151,Rome,Clay,32,C,,20160507,29,KB05,5,,Filip Krajinovic,R,185,SRB,24.192,114,528,V708,1,,Jiri Vesely,L,198,CZE,22.825,63,780,6-3 6-4,3,SF,96,2,3,69,41,24,14,10,5,8,2,6,67,41,22,10,9,5,10
2016-2151,Rome,Clay,32,C,,20160507,30,E831,2,,Kyle Edmund,R,188,GBR,21.328,88,616,V254,,,Filippo Volandri,R,183,ITA,34.669,222,238,6-1 6-4,3,SF,70,1,2,59,38,31,7,9,4,5,0,2,43,27,20,2,8,1,5
2016-2151,Rome,Clay,32,C,,20160507,31,E831,2,,Kyle Edmund,R,188,GBR,21.328,88,616,KB05,5,,Filip Krajinovic,R,185,SRB,24.192,114,528,7-6(2) 6-0,3,F,86,3,2,55,29,24,18,9,1,1,1,0,63,42,23,11,9,4,7
2016-3967,Karshi,Hard,32,C,,20160507,1,SC56,1,,Dudi Sela,R,175,ISR,31.091,74,726,BD82,,,Sergey Betov,R,185,,28.561,514,69,6-1 2-1 RET,3,R32,39,2,1,21,18,18,2,5,0,0,0,2,35,17,12,5,5,3,6
2016-3967,Karshi,Hard,32,C,,20160507,2,KE29,2,,Karen Khachanov,R,198,RUS,19.962,125,461,MN23,,,Aleksandre Metreveli,R,183,GEO,22.741,273,186,6-2 6-2,3,R32,56,9,1,50,35,26,8,8,3,4,2,4,45,28,14,6,8,0,5
2016-3967,Karshi,Hard,32,C,,20160507,3,A829,3,,Radu Albot,R,175,MDA,26.486,143,387,F786,,,Sanjar Fayziev,R,188,UZB,21.774,544,62,7-6(3) 6-4,3,R32,105,4,2,68,47,36,14,11,1,1,6,7,85,48,34,18,11,8,9
2016-3967,Karshi,Hard,32,C,,20160507,4,N503,4,,Aleksandr Nedovyesov,R,188,KAZ,29.224,183,302,LA93,,,Enrique Lopez Perez,R,180,ESP,24.928,235,221,6-3 4-6 6-3,3,R32,105,5,3,78,62,49,6,14,2,3,7,4,86,51,39,15,14,3,6
2016-3967,Karshi,Hard,32,C,,20160507,5,BF98,,,Alessandro Bega,R,170,ITA,25.32,282,178,W471,5,,Amir Weintraub,R,185,ISR,29.64,192,288,6-4 6-2,3,R32,64,2,0,48,32,28,9,9,0,0,4,1,58,33,22,13,9,3,6
2016-3967,Karshi,Hard,32,C,,20160507,6,MJ56,,,Richard Muzaev,R,178,RUS,24.129,1102,9,MF71,6,,Denys Molchanov,R,188,UKR,28.977,224,232,7-6(7) 6-2,3,R32,77,3,1,65,41,32,13,10,1,2,3,2,63,42,32,6,10,0,3
2016-3967,Karshi,Hard,32,C,,20160507,7,PG20,7,,Dmitry Popko,R,191,KAZ,19.535,225,231,V656,,,Francesco Vilardo,R,178,ITA,26.357,530,66,6-3 1-6 7-6(4),3,R32,126,4,4,87,54,37,18,14,3,6,0,0,95,58,36,24,14,5,7
2016-3967,Karshi,Hard,32,C,,20160507,8,KC56,8,,Aslan Karatsev,R,185,RUS,22.672,247,211,BF27,,,Adrien Bossel,,,SUI,29.358,351,133,6-4 4-6 6-3,3,R32,109,6,5,74,48,38,16,14,2,4,5,5,93,62,42,15,15,6,10
2016-3967,Karshi,Hard,32,C,,20160507,9,BC76,,,Nicolas Barrientos,R,175,COL,29.038,245,212,Z198,,,Caio Zampieri,R,183,BRA,29.947,276,183,6-2 7-6(4),3,R32,77,1,3,61,37,28,14,10,2,4,3,3,66,49,35,3,10,2,6
2016-3967,Karshi,Hard,32,C,,20160507,10,BH22,,,Sam Barry,R,191,IRL,24.277,366,125,SL44,,,Shonigmatjon Shofayziyev,R,203,UZB,22.853,1400,4,6-7(6) 6-2 7-6(2),3,R32,188,1,3,106,70,48,19,16,2,5,18,7,147,92,60,21,16,17,22
2016-3967,Karshi,Hard,32,C,,20160507,11,D916,,,Steven Diez,R,175,CAN,25.142,255,202,GC54,,,Scott Griekspoor,R,188,NED,25.322,322,152,6-2 7-6(7),3,R32,93,4,3,70,43,35,14,10,3,3,4,5,74,46,33,12,10,4,6
2016-3967,Karshi,Hard,32,C,,20160507,12,DA02,,,Maxim Dubarenco,,,MDA,22.869,300,165,HG86,,,Lloyd Harris,R,193,RSA,19.198,319,153,5-7 6-3 6-3,3,R32,119,9,4,86,66,46,10,15,3,6,7,3,94,49,36,19,15,9,14
2016-3967,Karshi,Hard,32,C,,20160507,13,I305,,,Ilya Ivashka,R,193,BLR,22.198,289,170,I286,,,Temur Ismailov,,,UZB,21.311,470,81,7-5 6-4,3,R32,107,2,2,70,41,27,13,11,4,7,4,2,87,51,31,15,11,5,10
2016-3967,Karshi,Hard,32,C,,20160507,14,MM66,,,Nikola Milojevic,R,188,SRB,20.884,233,222,TC10,,,Pavel Tsoy,R,,UZB,20.632,1714,2,6-1 6-3,3,R32,52,6,1,37,23,20,12,8,0,0,0,2,55,36,18,8,8,5,9
2016-3967,Karshi,Hard,32,C,,20160507,15,TC11,,,Marko Tepavac,R,193,SRB,22.089,251,204,T982,,,Tsung-Hua Yang,R,178,TPE,25.109,315,155,6-3 6-1,3,R32,62,14,2,42,28,25,8,8,0,0,3,1,73,41,21,15,8,8,12
2016-3967,Karshi,Hard,32,C,,20160507,16,V620,,,Agustin Velotti,R,,ARG,23.953,320,152,MC18,,,Denis Matsukevich,R,191,RUS,30.111,996,13,6-1 6-4,3,R32,79,6,1,69,36,22,19,9,4,5,1,1,48,30,15,10,8,1,5
2016-3967,Karshi,Hard,32,C,,20160507,17,SC56,1,,Dudi Sela,R,175,ISR,31.091,74,726,MM66,,,Nikola Milojevic,R,188,SRB,20.884,233,222,6-1 6-2,3,R16,59,0,1,49,27,24,8,8,3,4,0,2,38,23,7,6,7,0,5
2016-3967,Karshi,Hard,32,C,,20160507,18,KE29,2,,Karen Khachanov,R,198,RUS,19.962,125,461,BH22,,,Sam Barry,R,191,IRL,24.277,366,125,6-1 6-4,3,R16,75,13,1,53,33,27,11,9,6,7,6,1,56,38,23,4,8,1,5
2016-3967,Karshi,Hard,32,C,,20160507,19,A829,3,,Radu Albot,R,175,MDA,26.486,143,387,BC76,,,Nicolas Barrientos,R,175,COL,29.038,245,212,6-0 6-1,3,R16,54,0,3,43,29,24,7,7,3,3,1,5,41,27,12,3,6,1,6
2016-3967,Karshi,Hard,32,C,,20160507,20,I305,,,Ilya Ivashka,R,193,BLR,22.198,289,170,N503,4,,Aleksandr Nedovyesov,R,188,KAZ,29.224,183,302,6-3 3-6 6-2,3,R16,104,3,5,81,52,38,15,13,5,7,1,2,75,56,41,7,13,5,9
2016-3967,Karshi,Hard,32,C,,20160507,21,PG20,7,,Dmitry Popko,R,191,KAZ,19.535,225,231,V620,,,Agustin Velotti,R,,ARG,23.953,320,152,4-6 7-5 6-4,3,R16,164,6,3,108,74,46,16,16,7,11,5,7,90,48,35,18,16,2,7
2016-3967,Karshi,Hard,32,C,,20160507,22,DA02,,,Maxim Dubarenco,,,MDA,22.869,300,165,KC56,8,,Aslan Karatsev,R,185,RUS,22.672,247,211,6-1 6-2,3,R16,73,2,4,57,46,32,5,8,4,5,2,3,45,21,14,6,7,5,10
2016-3967,Karshi,Hard,32,C,,20160507,23,D916,,,Steven Diez,R,175,CAN,25.142,255,202,MJ56,,,Richard Muzaev,R,178,RUS,24.129,1102,9,6-1 6-4,3,R16,79,2,1,66,48,33,10,9,5,6,1,1,59,38,24,5,8,7,11
2016-3967,Karshi,Hard,32,C,,20160507,24,TC11,,,Marko Tepavac,R,193,SRB,22.089,251,204,BF98,,,Alessandro Bega,R,170,ITA,25.32,282,178,7-5 6-4,3,R16,78,13,2,60,46,36,9,11,0,0,0,2,70,47,33,12,11,2,4
2016-3967,Karshi,Hard,32,C,,20160507,25,SC56,1,,Dudi Sela,R,175,ISR,31.091,74,726,PG20,7,,Dmitry Popko,R,191,KAZ,19.535,225,231,6-7(5) 7-6(3) 6-4,3,QF,146,4,2,107,68,45,15,17,4,11,2,2,119,74,45,18,17,9,17
2016-3967,Karshi,Hard,32,C,,20160507,26,TC11,,,Marko Tepavac,R,193,SRB,22.089,251,204,KE29,2,,Karen Khachanov,R,198,RUS,19.962,125,461,7-6(5) 6-4,3,QF,80,12,0,73,55,40,13,11,1,1,5,3,61,33,29,16,11,0,1
2016-3967,Karshi,Hard,32,C,,20160507,27,A829,3,,Radu Albot,R,175,MDA,26.486,143,387,DA02,,,Maxim Dubarenco,,,MDA,22.869,300,165,7-6(2) 2-6 6-1,3,QF,152,4,2,98,71,46,15,14,6,9,4,1,95,63,37,19,13,7,10
2016-3967,Karshi,Hard,32,C,,20160507,28,I305,,,Ilya Ivashka,R,193,BLR,22.198,289,170,D916,,,Steven Diez,R,175,CAN,25.142,255,202,6-3 6-1,3,QF,60,4,0,40,19,16,16,8,0,0,2,5,54,31,23,3,8,2,6
2016-3967,Karshi,Hard,32,C,,20160507,29,SC56,1,,Dudi Sela,R,175,ISR,31.091,74,726,A829,3,,Radu Albot,R,175,MDA,26.486,143,387,6-4 6-4,3,SF,83,4,2,63,41,34,12,10,5,5,1,0,62,49,30,10,10,2,4
2016-3967,Karshi,Hard,32,C,,20160507,30,TC11,,,Marko Tepavac,R,193,SRB,22.089,251,204,I305,,,Ilya Ivashka,R,193,BLR,22.198,289,170,6-4 3-6 7-5,3,SF,103,12,1,81,60,46,14,15,0,1,9,1,83,51,43,19,16,2,4
2016-3967,Karshi,Hard,32,C,,20160507,31,TC11,,,Marko Tepavac,R,193,SRB,22.089,251,204,SC56,1,,Dudi Sela,R,175,ISR,31.091,74,726,2-6 6-3 7-6(4),3,F,133,8,2,89,55,35,19,14,1,4,8,4,88,55,43,16,15,8,11
2016-5057,Rome,Clay,32,C,,20160507,1,H756,1,,Robin Haase,R,191,NED,29.087,65,765,D916,,,Steven Diez,R,175,CAN,25.142,255,202,4-6 6-3 6-3,3,R32,129,6,2,85,42,32,20,14,5,9,3,2,94,58,36,13,14,5,11
2016-5057,Rome,Clay,32,C,,20160507,2,A622,,,Andrea Arnaboldi,L,180,ITA,28.361,163,336,PG32,2,,Adam Pavlasek,R,185,CZE,21.58,120,497,7-6(3) 6-4,3,R32,109,0,2,91,50,31,19,11,6,10,4,6,67,29,17,16,11,4,9
2016-5057,Rome,Clay,32,C,,20160507,3,BH09,3,,Aljaz Bedene,R,183,SLO,26.804,59,820,CF01,,,Marco Cecchinato,R,185,ITA,23.6,118,511,6-1 6-1,3,R32,62,8,2,39,26,20,10,7,4,4,0,3,67,44,20,11,7,12,17
2016-5057,Rome,Clay,32,C,,20160507,4,G676,4,,Daniel Gimeno-Traver,R,183,ESP,30.749,153,359,D935,,,Gibril Diarra,R,196,AUT,25.949,748,30,7-6(7) 6-4,3,R32,102,6,7,69,40,34,12,11,1,3,4,3,77,45,29,16,11,5,8
2016-5057,Rome,Clay,32,C,,20160507,5,MF35,5,,Andrej Martin,R,183,SVK,26.628,130,446,DB63,,,Laslo Djere,R,188,SRB,20.931,208,257,6-3 1-6 6-4,3,R32,148,1,5,89,43,28,19,13,4,10,0,5,104,64,40,13,13,7,13
2016-5057,Rome,Clay,32,C,,20160507,6,V254,,,Filippo Volandri,R,183,ITA,34.669,222,238,D776,6,,Thiemo de Bakker,R,193,NED,27.63,99,564,6-2 6-3,3,R32,69,0,2,59,40,31,8,8,6,6,5,3,55,26,19,10,9,5,9
2016-5057,Rome,Clay,32,C,,20160507,7,R383,7,,Ruben Ramirez Hidalgo,R,183,ESP,38.333,316,155,MI11,,,Axel Michon,L,,FRA,25.391,226,230,6-4 7-6(4),3,R32,126,1,3,97,73,41,14,11,7,10,1,4,78,51,31,11,11,4,8
2016-5057,Rome,Clay,32,C,,20160507,8,F724,8,,Marton Fucsovics,R,188,HUN,24.244,207,258,BK19,,,Mathias Bourgue,R,188,FRA,22.3,170,322,6-3 6-3,3,R32,80,5,1,54,28,21,18,9,3,3,2,2,61,36,21,13,9,7,10
2016-5057,Rome,Clay,32,C,,20160507,9,GB53,,,Federico Gaio,R,178,ITA,24.172,230,227,PH64,,,Andrea Pellegrino,R,185,ITA,19.124,1146,8,6-1 3-6 6-2,3,R32,86,9,4,62,34,29,17,12,0,1,2,2,74,45,29,15,12,4,8
2016-5057,Rome,Clay,32,C,,20160507,10,GD64,,,Cristian Garin,R,185,CHI,19.937,344,137,N679,,,Stefano Napolitano,R,196,ITA,21.073,350,133,6-3 6-4,3,R32,93,3,2,65,37,26,20,10,5,5,1,1,66,37,28,10,9,6,8
2016-5057,Rome,Clay,32,C,,20160507,11,LC11,,,Tristan Lamasine,R,183,FRA,23.173,213,247,DB59,,,Dennis Novak,R,183,AUT,22.691,271,190,6-3 6-4,3,R32,72,5,3,54,32,28,11,10,1,2,1,1,56,26,14,16,9,3,6
2016-5057,Rome,Clay,32,C,,20160507,12,ML57,,,Gianluca Mager,R,188,ITA,21.432,338,141,Q948,,,Gianluigi Quinzi,L,191,ITA,20.263,437,94,6-3 7-5,3,R32,79,5,4,65,37,28,15,11,2,4,8,1,69,42,28,9,10,8,12
2016-5057,Rome,Clay,32,C,,20160507,13,PH02,,,Davide Pontoglio,R,175,ITA,23.847,1978,1,T984,,,Bastian Trinker,R,188,AUT,25.99,252,204,4-6 6-0 6-2,3,R32,105,4,1,75,48,35,13,12,3,5,2,6,83,46,27,15,12,5,11
2016-5057,Rome,Clay,32,C,,20160507,14,SK67,,,Jan Satral,R,185,CZE,25.788,240,219,GA79,,,Lorenzo Giustino,R,180,ITA,24.657,268,192,6-0 6-4,3,R32,74,3,1,49,30,21,13,8,2,2,0,4,52,30,17,8,8,4,8
2016-5057,Rome,Clay,32,C,,20160507,15,Y218,,,Elias Ymer,R,185,SWE,20.074,132,444,U061,,,Adrian Ungur,R,178,ROU,31.288,196,281,2-6 6-3 6-4,3,R32,126,4,0,82,48,34,20,14,6,9,3,1,73,40,29,17,13,1,4
2016-5057,Rome,Clay,32,C,,20160507,16,Y268,,,Mikael Ymer,R,185,SWE,17.659,604,50,J620,,,Maxime Janvier,R,196,FRA,19.551,301,163,6-4 6-2,3,R32,74,1,2,54,29,24,14,9,1,1,5,2,50,32,21,8,9,1,4
2016-5057,Rome,Clay,32,C,,20160507,17,H756,1,,Robin Haase,R,191,NED,29.087,65,765,PH02,,,Davide Pontoglio,R,175,ITA,23.847,1978,1,6-2 6-2,3,R16,54,2,3,45,29,22,9,8,3,4,0,3,56,40,19,6,8,5,10
2016-5057,Rome,Clay,32,C,,20160507,18,BH09,3,,Aljaz Bedene,R,183,SLO,26.804,59,820,GB53,,,Federico Gaio,R,178,ITA,24.172,230,227,6-0 4-6 6-2,3,R16,90,11,1,63,35,29,18,12,2,3,5,3,72,43,29,12,12,4,9
2016-5057,Rome,Clay,32,C,,20160507,19,LC11,,,Tristan Lamasine,R,183,FRA,23.173,213,247,G676,4,,Daniel Gimeno-Traver,R,183,ESP,30.749,153,359,6-7(3) 7-6(3) 4-2 RET,3,R16,146,6,3,104,63,46,18,15,8,12,1,9,118,62,41,26,15,15,20
2016-5057,Rome,Clay,32,C,,20160507,20,MF35,5,,Andrej Martin,R,183,SVK,26.628,130,446,GD64,,,Cristian Garin,R,185,CHI,19.937,344,137,6-4 7-6(3),3,R16,122,2,1,74,50,35,7,11,4,8,1,4,91,49,33,14,11,8,13
2016-5057,Rome,Clay,32,C,,20160507,21,SK67,,,Jan Satral,R,185,CZE,25.788,240,219,R383,7,,Ruben Ramirez Hidalgo,R,183,ESP,38.333,316,155,3-6 6-3 6-2,3,R16,117,3,3,83,44,32,21,13,6,8,2,5,82,48,31,16,13,6,10
2016-5057,Rome,Clay,32,C,,20160507,22,F724,8,,Marton Fucsovics,R,188,HUN,24.244,207,258,ML57,,,Gianluca Mager,R,188,ITA,21.432,338,141,6-0 6-3,3,R16,59,4,2,44,20,17,15,8,2,3,3,2,47,28,14,6,7,2,7
2016-5057,Rome,Clay,32,C,,20160507,23,Y218,,,Elias Ymer,R,185,SWE,20.074,132,444,V254,,,Filippo Volandri,R,183,ITA,34.669,222,238,7-5 7-6(1),3,R16,130,6,3,88,49,34,20,12,8,11,0,1,108,72,40,17,12,10,14
2016-5057,Rome,Clay,32,C,,20160507,24,Y268,,,Mikael Ymer,R,185,SWE,17.659,604,50,A622,,,Andrea Arnaboldi,L,180,ITA,28.361,163,336,6-4 1-6 7-6(6),3,R16,161,1,0,83,52,35,20,14,1,5,2,6,119,70,49,22,15,11,14
2016-5057,Rome,Clay,32,C,,20160507,25,H756,1,,Robin Haase,R,191,NED,29.087,65,765,MF35,5,,Andrej Martin,R,183,SVK,26.628,130,446,6-1 6-3,3,QF,68,1,0,48,27,21,14,8,5,5,1,1,57,41,21,7,8,4,8
2016-5057,Rome,Clay,32,C,,20160507,26,SK67,,,Jan Satral,R,185,CZE,25.788,240,219,BH09,3,,Aljaz Bedene,R,183,SLO,26.804,59,820,6-4 6-4,3,QF,87,1,3,69,41,28,16,10,1,2,5,0,55,35,22,12,10,4,7
2016-5057,Rome,Clay,32,C,,20160507,27,Y268,,,Mikael Ymer,R,185,SWE,17.659,604,50,F724,8,,Marton Fucsovics,R,188,HUN,24.244,207,258,4-6 6-3 7-5,3,QF,176,0,4,130,89,52,19,16,14,19,2,5,100,52,37,20,15,5,11
2016-5057,Rome,Clay,32,C,,20160507,28,LC11,,,Tristan Lamasine,R,183,FRA,23.173,213,247,Y218,,,Elias Ymer,R,185,SWE,20.074,132,444,2-6 6-2 6-3,3,QF,121,1,2,97,69,38,17,13,9,13,4,7,75,48,31,7,12,8,13
2016-5057,Rome,Clay,32,C,,20160507,29,H756,1,,Robin Haase,R,191,NED,29.087,65,765,LC11,,,Tristan Lamasine,R,183,FRA,23.173,213,247,6-3 4-6 6-3,3,SF,109,2,2,75,50,36,16,14,4,6,6,2,90,62,41,13,14,4,8
2016-5057,Rome,Clay,32,C,,20160507,30,SK67,,,Jan Satral,R,185,CZE,25.788,240,219,Y268,,,Mikael Ymer,R,185,SWE,17.659,604,50,6-4 3-6 6-2,3,SF,148,2,2,92,54,35,20,13,7,10,1,4,126,81,50,19,14,13,18
2016-5057,Rome,Clay,32,C,,20160507,31,SK67,,,Jan Satral,R,185,CZE,25.788,240,219,H756,1,,Robin Haase,R,191,NED,29.087,65,765,6-3 6-2,3,F,75,4,1,69,43,32,14,9,7,7,1,2,50,30,21,7,8,2,5
2016-7009,Aix en Provence,Clay,32,C,,20160508,1,R685,1,,Lukas Rosol,R,193,CZE,30.79,72,737,MG54,,,Yann Marti,R,170,SUI,27.918,326,150,6-3 6-4,3,R32,70,5,1,57,37,24,14,9,2,3,3,2,69,39,25,11,10,4,8
2016-7009,Aix en Provence,Clay,32,C,,20160508,2,SC73,3,,Rogerio Dutra Silva,R,178,BRA,32.255,96,578,G967,,,Peter Gojowczyk,R,188,GER,26.815,184,300,6-4 6-2,3,R32,73,0,1,49,25,21,14,9,0,1,3,3,54,28,17,10,9,2,6
2016-7009,Aix en Provence,Clay,32,C,,20160508,3,LC11,,,Tristan Lamasine,R,183,FRA,23.176,213,247,R612,4,,Stephane Robert,R,185,FRA,35.975,103,558,7-6(5) 3-6 6-3,3,R32,117,3,2,93,65,44,13,15,2,6,6,1,90,57,45,13,15,2,6
2016-7009,Aix en Provence,Clay,32,C,,20160508,4,Z168,5,,Mischa Zverev,L,191,GER,28.712,139,415,CD00,,,Maxime Chazal,R,175,FRA,23.039,238,221,6-0 6-3,3,R32,66,3,0,38,29,22,7,7,0,0,0,1,50,38,20,5,8,4,9
2016-7009,Aix en Provence,Clay,32,C,,20160508,5,Y218,6,,Elias Ymer,R,185,SWE,20.077,132,444,LB66,,,Constant Lestienne,R,180,FRA,23.959,205,262,6-4 1-6 6-1,3,R32,107,6,5,70,36,29,12,12,3,7,1,7,91,51,32,16,12,9,14
2016-7009,Aix en Provence,Clay,32,C,,20160508,6,O376,,,Renzo Olivo,R,178,ARG,24.148,161,342,BC72,7,,Daniel Brands,R,196,GER,28.81,135,429,7-5 6-7(5) 6-1,3,R32,134,1,2,108,68,47,26,16,5,6,3,5,91,50,37,20,15,2,6
2016-7009,Aix en Provence,Clay,32,C,,20160508,7,MF78,,,Marek Michalicka,R,183,CZE,29.374,263,195,G585,8,,Maximo Gonzalez,R,173,ARG,32.802,136,428,6-3 6-1,3,R32,80,2,3,63,38,25,14,8,9,10,1,1,55,36,17,8,8,2,7
2016-7009,Aix en Provence,Clay,32,C,,20160508,8,B747,,,Julien Benneteau,R,185,FRA,34.382,673,40,O411,,,Albano Olivetti,R,203,FRA,24.454,819,24,6-2 6-2,3,R32,55,4,1,38,27,25,7,8,0,0,4,3,46,22,13,9,8,3,7
2016-7009,Aix en Provence,Clay,32,C,,20160508,9,B884,,,Carlos Berlocq,R,183,ARG,33.259,147,379,RA82,,,Yannik Reuter,R,,BEL,25.175,295,167,6-3 6-4,3,R32,82,1,2,59,43,32,6,10,3,5,1,1,58,39,24,6,9,2,6
2016-7009,Aix en Provence,Clay,32,C,,20160508,10,G602,,,Andre Ghem,R,193,BRA,33.944,164,334,BK24,,,Gregoire Barrere,R,183,FRA,22.223,229,229,6-4 3-6 7-5,3,R32,149,2,8,113,60,41,23,15,10,14,5,4,110,63,39,25,16,5,10
2016-7009,Aix en Provence,Clay,32,C,,20160508,11,G892,,,Alejandro Gonzalez,R,191,COL,27.247,137,421,BK19,,,Mathias Bourgue,R,188,FRA,22.303,170,322,6-4 6-3,3,R32,97,0,3,64,33,22,17,9,1,3,4,3,77,49,26,12,10,8,13
2016-7009,Aix en Provence,Clay,32,C,,20160508,12,HB48,,,Calvin Hemery,R,191,FRA,21.276,223,238,G806,,,Andrey Golubev,R,180,KAZ,28.797,202,273,6-3 6-4,3,R32,82,6,2,56,33,24,14,10,2,4,0,1,64,33,19,13,9,5,9
2016-7009,Aix en Provence,Clay,32,C,,20160508,13,KC04,,,Jozef Kovalik,R,183,SVK,23.507,128,449,V790,,,Martin Vaisse,,,FRA,28.742,1585,2,7-6(5) 6-3,3,R32,100,3,3,69,46,31,15,10,5,6,4,1,78,39,26,18,11,4,7
2016-7009,Aix en Provence,Clay,32,C,,20160508,14,MF09,,,Nikola Mektic,R,183,CRO,27.37,321,152,SG64,,,Joao Souza,R,193,BRA,27.948,185,300,7-5 6-3,3,R32,101,5,0,70,45,33,14,11,4,5,2,0,63,38,26,12,10,4,7
2016-7009,Aix en Provence,Clay,32,C,,20160508,15,MJ08,,,Thiago Monteiro,L,183,BRA,21.938,189,290,G753,,,David Guez,R,185,FRA,33.415,228,230,6-1 6-3,3,R32,67,9,2,50,28,23,12,8,4,4,2,2,53,29,15,12,8,4,8
2016-7009,Aix en Provence,Clay,32,C,,20160508,16,R613,,,Edouard Roger-Vasselin,R,185,FRA,32.444,188,291,CG33,,,Kimmer Coppejans,R,178,BEL,22.248,193,286,2-6 6-4 6-3,3,R32,120,6,0,87,63,38,9,14,4,10,3,4,69,45,27,9,13,2,8
2016-7009,Aix en Provence,Clay,32,C,,20160508,17,R685,1,,Lukas Rosol,R,193,CZE,30.79,72,737,MF09,,,Nikola Mektic,R,183,CRO,27.37,321,152,6-4 6-4,3,R16,77,13,2,62,36,31,15,10,2,2,5,3,65,44,33,9,10,2,4
2016-7009,Aix en Provence,Clay,32,C,,20160508,18,SC73,3,,Rogerio Dutra Silva,R,178,BRA,32.255,96,578,HB48,,,Calvin Hemery,R,191,FRA,21.276,223,238,6-2 6-1,3,R16,65,1,0,36,23,19,9,7,0,0,1,1,47,31,15,6,8,2,7
2016-7009,Aix en Provence,Clay,32,C,,20160508,19,B884,,,Carlos Berlocq,R,183,ARG,33.259,147,379,Z168,5,,Mischa Zverev,L,191,GER,28.712,139,415,6-4 6-3,3,R16,96,0,2,55,37,31,10,10,0,0,4,1,69,46,28,13,9,4,6
2016-7009,Aix en Provence,Clay,32,C,,20160508,20,Y218,6,,Elias Ymer,R,185,SWE,20.077,132,444,G892,,,Alejandro Gonzalez,R,191,COL,27.247,137,421,6-4 6-4,3,R16,81,2,2,58,37,31,10,10,3,4,1,5,57,36,25,9,10,2,5
2016-7009,Aix en Provence,Clay,32,C,,20160508,21,LC11,,,Tristan Lamasine,R,183,FRA,23.176,213,247,R613,,,Edouard Roger-Vasselin,R,185,FRA,32.444,188,291,6-3 6-4,3,R16,85,2,3,55,34,28,14,10,0,0,3,3,69,48,32,10,9,10,12
2016-7009,Aix en Provence,Clay,32,C,,20160508,22,MF78,,,Marek Michalicka,R,183,CZE,29.374,263,195,KC04,,,Jozef Kovalik,R,183,SVK,23.507,128,449,6-4 6-3,3,R16,85,4,1,44,28,23,11,9,0,1,1,3,81,56,32,13,10,9,13
2016-7009,Aix en Provence,Clay,32,C,,20160508,23,MJ08,,,Thiago Monteiro,L,183,BRA,21.938,189,290,B747,,,Julien Benneteau,R,185,FRA,34.382,673,40,6-4 6-7(5) 7-6(5),3,R16,174,12,3,105,69,51,17,17,7,11,10,4,123,84,58,16,17,3,8
2016-7009,Aix en Provence,Clay,32,C,,20160508,24,O376,,,Renzo Olivo,R,178,ARG,24.148,161,342,G602,,,Andre Ghem,R,193,BRA,33.944,164,334,6-1 6-2,3,R16,59,1,1,41,22,20,11,8,1,2,0,1,47,30,12,6,7,1,6
2016-7009,Aix en Provence,Clay,32,C,,20160508,25,Y218,6,,Elias Ymer,R,185,SWE,20.077,132,444,R685,1,,Lukas Rosol,R,193,CZE,30.79,72,737,7-6(6) 6-2,3,QF,86,6,1,63,36,27,16,10,1,2,0,4,73,38,27,16,10,5,8
2016-7009,Aix en Provence,Clay,32,C,,20160508,26,B884,,,Carlos Berlocq,R,183,ARG,33.259,147,379,SC73,3,,Rogerio Dutra Silva,R,178,BRA,32.255,96,578,2-6 6-2 6-4,3,QF,145,0,3,104,77,46,15,13,7,10,4,3,84,54,37,14,13,8,12
2016-7009,Aix en Provence,Clay,32,C,,20160508,27,MJ08,,,Thiago Monteiro,L,183,BRA,21.938,189,290,MF78,,,Marek Michalicka,R,183,CZE,29.374,263,195,6-3 6-1,3,QF,57,3,0,39,26,22,11,8,0,0,2,3,47,32,16,6,8,4,8
2016-7009,Aix en Provence,Clay,32,C,,20160508,28,O376,,,Renzo Olivo,R,178,ARG,24.148,161,342,LC11,,,Tristan Lamasine,R,183,FRA,23.176,213,247,6-4 6-7(2) 6-1,3,QF,126,4,5,89,53,38,21,15,3,5,3,3,95,60,39,17,14,7,12
2016-7009,Aix en Provence,Clay,32,C,,20160508,29,B884,,,Carlos Berlocq,R,183,ARG,33.259,147,379,Y218,6,,Elias Ymer,R,185,SWE,20.077,132,444,6-2 6-7(5) 6-0,3,SF,142,1,1,74,54,39,13,13,4,6,2,1,100,52,29,20,13,9,16
2016-7009,Aix en Provence,Clay,32,C,,20160508,30,MJ08,,,Thiago Monteiro,L,183,BRA,21.938,189,290,O376,,,Renzo Olivo,R,178,ARG,24.148,161,342,6-3 6-3,3,SF,90,0,1,63,41,26,14,9,4,5,2,4,61,34,24,9,9,4,8
2016-7009,Aix en Provence,Clay,32,C,,20160508,31,MJ08,,,Thiago Monteiro,L,183,BRA,21.938,189,290,B884,,,Carlos Berlocq,R,183,ARG,33.259,147,379,4-6 6-4 6-1,3,F,119,2,1,72,42,28,20,14,1,4,1,1,75,56,32,13,13,5,10
2016-447,Samarkand,Clay,32,C,,20160514,1,KE29,1,,Karen Khachanov,R,198,RUS,19.981,123,470,V656,,,Francesco Vilardo,R,178,ITA,26.376,511,70,6-2 7-5,3,R32,84,3,2,63,33,25,15,10,4,6,2,2,65,45,28,7,10,5,10
2016-447,Samarkand,Clay,32,C,,20160514,2,A829,2,,Radu Albot,R,175,MDA,26.505,140,414,T982,,,Tsung-Hua Yang,R,178,TPE,25.128,317,155,7-6(3) 6-4,3,R32,100,4,0,67,42,32,17,11,1,2,5,4,78,48,34,13,11,5,7
2016-447,Samarkand,Clay,32,C,,20160514,3,W471,3,,Amir Weintraub,R,185,ISR,29.659,197,278,Z198,,,Caio Zampieri,R,183,BRA,29.966,286,175,6-7(4) 6-2 6-4,3,R32,124,3,3,93,57,40,22,15,2,4,8,4,98,65,42,14,15,5,10
2016-447,Samarkand,Clay,32,C,,20160514,4,SH91,4,,Jordi Samper-Montana,R,,ESP,26.108,219,245,SL44,,,Shonigmatjon Shofayziyev,R,203,UZB,22.872,1401,4,6-3 6-1,3,R32,74,1,1,47,32,25,9,8,3,3,7,10,65,32,22,9,8,6,10
2016-447,Samarkand,Clay,32,C,,20160514,5,R383,,,Ruben Ramirez Hidalgo,R,183,ESP,38.352,318,155,D551,5,,Farrukh Dustov,R,193,UZB,29.979,224,240,6-1 RET,3,R32,33,3,0,22,9,9,7,4,0,0,0,0,28,19,10,2,3,3,5
2016-447,Samarkand,Clay,32,C,,20160514,6,PG20,6,,Dmitry Popko,R,191,KAZ,19.554,208,263,MN23,,,Aleksandre Metreveli,R,183,GEO,22.76,266,193,6-2 6-3,3,R32,1237,4,1,54,35,29,9,9,4,4,3,4,45,27,19,6,8,2,5
2016-447,Samarkand,Clay,32,C,,20160514,7,D916,,,Steven Diez,R,175,CAN,25.161,247,213,MM66,7,,Nikola Milojevic,R,188,SRB,20.903,235,222,3-6 7-5 6-1,3,R32,,2,2,88,56,39,12,14,6,10,4,13,87,50,30,15,14,2,8
2016-447,Samarkand,Clay,32,C,,20160514,8,TC11,,,Marko Tepavac,R,193,SRB,22.108,199,276,LA93,8,,Enrique Lopez Perez,R,180,ESP,24.947,238,221,6-3 6-2,3,R32,55,13,6,49,31,26,8,9,1,2,2,4,41,26,13,8,8,0,4
2016-447,Samarkand,Clay,32,C,,20160514,9,BF98,,,Alessandro Bega,R,170,ITA,25.339,285,176,BC76,,,Nicolas Barrientos,R,175,COL,29.057,305,160,6-3 7-5,3,R32,90,1,1,68,46,31,13,11,3,5,3,3,75,52,32,7,10,11,15
2016-447,Samarkand,Clay,32,C,,20160514,10,SN54,,,Frederico Ferreira Silva,L,178,POR,21.158,243,218,E180,,,Mikhail Elgin,R,183,RUS,34.582,474,78,7-5 6-4,3,R32,113,4,4,74,37,26,16,11,6,10,6,4,88,56,32,11,11,8,14
2016-447,Samarkand,Clay,32,C,,20160514,11,HG86,,,Lloyd Harris,R,193,RSA,19.217,321,153,BI21,,,Bar Tzuf Botzer,R,185,ISR,22.201,570,56,7-5 3-6 6-0,3,R32,110,4,4,87,54,43,15,13,9,10,4,4,75,39,31,15,14,2,6
2016-447,Samarkand,Clay,32,C,,20160514,12,I305,,,Ilya Ivashka,R,193,BLR,22.218,254,202,T984,,,Bastian Trinker,R,188,AUT,26.01,252,204,6-1 6-0,3,R32,43,2,2,32,22,19,6,6,2,2,0,6,40,21,9,5,7,5,11
2016-447,Samarkand,Clay,32,C,,20160514,13,KC56,,,Aslan Karatsev,R,185,RUS,22.691,273,186,F786,,,Sanjar Fayziev,R,188,UZB,21.793,551,59,6-4 7-5,3,R32,80,4,3,67,37,27,19,11,3,4,4,2,57,32,24,13,11,1,4
2016-447,Samarkand,Clay,32,C,,20160514,14,RB56,,,Ramkumar Ramanathan,R,188,IND,21.514,240,221,KD48,,,Markos Kalovelonis,R,191,GRE,21.99,510,70,6-4 6-3,3,R32,74,5,3,56,36,25,15,10,0,2,3,0,75,48,27,12,9,12,16
2016-447,Samarkand,Clay,32,C,,20160514,15,U134,,,Yasutaka Uchiyama,R,183,JPN,23.773,288,172,TC10,,,Pavel Tsoy,R,,UZB,20.652,2211,1,7-6(2) 6-1,3,R32,89,2,2,62,45,31,11,10,1,3,3,6,54,36,19,9,9,0,4
2016-447,Samarkand,Clay,32,C,,20160514,16,V620,,,Agustin Velotti,R,,ARG,23.973,303,160,I286,,,Temur Ismailov,,,UZB,21.331,464,81,6-4 6-1,3,R32,71,5,0,37,22,20,12,8,0,0,4,3,67,36,25,10,9,2,6
2016-447,Samarkand,Clay,32,C,,20160514,17,KE29,1,,Karen Khachanov,R,198,RUS,19.981,123,470,HG86,,,Lloyd Harris,R,193,RSA,19.217,321,153,6-2 6-3,3,R16,49,5,1,42,18,17,19,9,0,0,2,3,53,25,19,11,8,0,3
2016-447,Samarkand,Clay,32,C,,20160514,18,A829,2,,Radu Albot,R,175,MDA,26.505,140,414,KC56,,,Aslan Karatsev,R,185,RUS,22.691,273,186,7-6(4) 5-7 6-2,3,R16,128,1,3,109,82,57,12,16,8,11,5,4,94,51,36,22,16,1,5
2016-447,Samarkand,Clay,32,C,,20160514,19,W471,3,,Amir Weintraub,R,185,ISR,29.659,197,278,BF98,,,Alessandro Bega,R,170,ITA,25.339,285,176,3-6 6-4 6-2,3,R16,95,4,2,78,54,38,13,14,3,6,0,4,89,59,38,13,13,7,11
2016-447,Samarkand,Clay,32,C,,20160514,20,V620,,,Agustin Velotti,R,,ARG,23.973,303,160,SH91,4,,Jordi Samper-Montana,R,,ESP,26.108,219,245,3-6 6-4 6-0,3,R16,127,5,2,70,43,33,12,12,2,5,8,2,98,62,39,14,13,10,16
2016-447,Samarkand,Clay,32,C,,20160514,21,SN54,,,Frederico Ferreira Silva,L,178,POR,21.158,243,218,PG20,6,,Dmitry Popko,R,191,KAZ,19.554,208,263,7-6(6) 6-1,3,R16,89,3,0,64,35,27,21,10,2,2,2,1,61,47,35,3,9,3,5
2016-447,Samarkand,Clay,32,C,,20160514,22,I305,,,Ilya Ivashka,R,193,BLR,22.218,254,202,TC11,,,Marko Tepavac,R,193,SRB,22.108,199,276,4-6 7-6(6) 6-3,3,R16,113,11,2,93,68,52,12,15,7,10,8,6,96,63,45,19,16,4,8
2016-447,Samarkand,Clay,32,C,,20160514,23,RB56,,,Ramkumar Ramanathan,R,188,IND,21.514,240,221,D916,,,Steven Diez,R,175,CAN,25.161,247,213,7-5 6-3,3,R16,92,10,4,71,38,29,19,11,7,8,0,2,66,40,25,13,10,4,7
2016-447,Samarkand,Clay,32,C,,20160514,24,R383,,,Ruben Ramirez Hidalgo,R,183,ESP,38.352,318,155,U134,,,Yasutaka Uchiyama,R,183,JPN,23.773,288,172,6-1 6-4,3,R16,74,5,2,44,24,22,14,9,0,0,2,2,61,37,20,13,8,4,7
2016-447,Samarkand,Clay,32,C,,20160514,25,KE29,1,,Karen Khachanov,R,198,RUS,19.981,123,470,I305,,,Ilya Ivashka,R,193,BLR,22.218,254,202,7-6(5) 6-3,3,QF,85,7,1,65,36,30,14,11,1,2,1,1,68,45,33,7,10,1,3
2016-447,Samarkand,Clay,32,C,,20160514,26,RB56,,,Ramkumar Ramanathan,R,188,IND,21.514,240,221,A829,2,,Radu Albot,R,175,MDA,26.505,140,414,6-4 6-4,3,QF,76,6,5,57,33,28,13,10,4,5,0,2,65,48,29,7,10,4,7
2016-447,Samarkand,Clay,32,C,,20160514,27,R383,,,Ruben Ramirez Hidalgo,R,183,ESP,38.352,318,155,W471,3,,Amir Weintraub,R,185,ISR,29.659,197,278,6-2 6-4,3,QF,67,6,1,52,32,22,8,9,4,7,0,3,56,34,17,6,9,7,13
2016-447,Samarkand,Clay,32,C,,20160514,28,V620,,,Agustin Velotti,R,,ARG,23.973,303,160,SN54,,,Frederico Ferreira Silva,L,178,POR,21.158,243,218,6-3 5-7 6-4,3,QF,157,11,3,105,53,36,25,16,7,12,4,4,95,48,30,23,15,4,10
2016-447,Samarkand,Clay,32,C,,20160514,29,KE29,1,,Karen Khachanov,R,198,RUS,19.981,123,470,V620,,,Agustin Velotti,R,,ARG,23.973,303,160,6-2 RET,3,SF,26,7,2,23,19,14,1,4,2,3,0,1,30,19,9,4,4,4,7
2016-447,Samarkand,Clay,32,C,,20160514,30,R383,,,Ruben Ramirez Hidalgo,R,183,ESP,38.352,318,155,RB56,,,Ramkumar Ramanathan,R,188,IND,21.514,240,221,2-6 7-6(5) 7-6(0),3,SF,138,5,4,101,57,45,22,16,4,8,7,8,107,48,38,29,16,4,6
2016-447,Samarkand,Clay,32,C,,20160514,31,KE29,1,,Karen Khachanov,R,198,RUS,19.981,123,470,R383,,,Ruben Ramirez Hidalgo,R,183,ESP,38.352,318,155,6-1 6-7(6) 6-1,3,F,112,,,,,,,,,,,,,,,,,,
2016-3824,Bordeaux,Clay,32,C,,20160515,1,BK19,,,Mathias Bourgue,R,188,FRA,22.322,170,322,SM37,1,,Diego Schwartzman,R,170,ARG,23.745,61,784,6-7(5) 6-4 6-1,3,R32,142,8,2,91,65,49,12,14,3,5,1,3,121,76,39,24,15,12,18
2016-3824,Bordeaux,Clay,32,C,,20160515,2,Y218,,,Elias Ymer,R,185,SWE,20.096,122,476,R685,2,,Lukas Rosol,R,193,CZE,30.809,71,747,6-4 6-4,3,R32,70,6,0,57,35,27,15,10,2,2,1,3,60,38,27,13,10,3,5
2016-3824,Bordeaux,Clay,32,C,,20160515,3,MJ08,,,Thiago Monteiro,L,183,BRA,21.958,143,400,ME82,3,,Adrian Mannarino,L,180,FRA,27.877,72,745,6-3 1-6 6-3,3,R32,113,3,4,87,58,35,14,13,5,9,5,1,87,48,31,18,12,4,8
2016-3824,Bordeaux,Clay,32,C,,20160515,4,MM58,,,Daniil Medvedev,R,198,RUS,20.257,265,193,DA81,4,,Taro Daniel,R,191,JPN,23.296,88,614,7-6(5) 6-2,3,R32,90,7,0,69,45,37,12,10,5,5,3,3,61,36,26,13,10,4,6
2016-3824,Bordeaux,Clay,32,C,,20160515,5,F811,,,Bjorn Fratangelo,R,183,USA,22.823,116,519,TC61,5,,Jordan Thompson,R,183,AUS,22.07,89,608,6-4 6-3,3,R32,84,1,0,48,33,22,11,9,3,5,6,2,75,45,27,10,10,3,8
2016-3824,Bordeaux,Clay,32,C,,20160515,6,E698,6,,Gastao Elias,R,180,POR,25.473,92,590,N674,,,Dennis Novikov,R,193,USA,22.522,145,388,4-6 6-3 6-1,3,R32,95,7,1,69,46,39,13,13,1,2,4,1,91,64,38,13,13,4,8
2016-3824,Bordeaux,Clay,32,C,,20160515,7,SC73,7,,Rogerio Dutra Silva,R,178,BRA,32.274,94,588,LC11,,,Tristan Lamasine,R,183,FRA,23.195,204,267,6-1 6-2,3,R32,57,1,2,43,26,19,10,8,1,2,0,0,42,31,14,3,7,4,9
2016-3824,Bordeaux,Clay,32,C,,20160515,8,DC58,,,Jared Donaldson,R,188,USA,19.598,142,400,D776,8,,Thiemo de Bakker,R,193,NED,27.652,99,564,6-2 6-4,3,R32,74,2,2,51,32,26,12,9,1,1,2,2,66,38,25,13,9,5,8
2016-3824,Bordeaux,Clay,32,C,,20160515,9,CF59,,,Roberto Carballes Baena,R,183,ESP,23.146,112,533,LB66,,,Constant Lestienne,R,180,FRA,23.978,210,262,6-1 2-6 6-1,3,R32,91,4,1,84,54,36,15,11,8,10,3,4,59,37,26,7,11,2,7
2016-3824,Bordeaux,Clay,32,C,,20160515,10,D632,,,Steve Darcis,R,175,BEL,32.172,177,311,W503,,,James Ward,R,188,GBR,29.262,176,311,6-7(6) 6-4 6-2,3,R32,138,2,1,103,73,51,15,15,2,4,5,4,109,66,41,21,15,3,8
2016-3824,Bordeaux,Clay,32,C,,20160515,11,E678,,,Jonathan Eysseric,L,180,FRA,25.969,334,146,KD70,,,Pedja Krstin,R,183,SRB,21.697,159,342,7-6(5) 7-5,3,R32,113,13,2,75,38,30,18,12,2,5,1,4,82,43,27,18,12,6,10
2016-3824,Bordeaux,Clay,32,C,,20160515,12,F444,,,Alejandro Falla,L,185,COL,32.501,164,328,HB48,,,Calvin Hemery,R,191,FRA,21.295,222,241,6-2 6-0,3,R32,56,2,0,40,23,16,14,7,1,1,3,1,46,26,14,7,7,3,8
2016-3824,Bordeaux,Clay,32,C,,20160515,13,G602,,,Andre Ghem,R,193,BRA,33.963,167,325,J620,,,Maxime Janvier,R,196,FRA,19.573,269,189,6-3 6-2,3,R32,70,1,0,50,31,23,13,8,3,3,3,1,53,37,20,10,9,4,8
2016-3824,Bordeaux,Clay,32,C,,20160515,14,G676,,,Daniel Gimeno-Traver,R,183,ESP,30.771,168,324,PL56,,,Tommy Paul,R,185,USA,18.995,201,273,5-7 6-3 6-3,3,R32,126,4,2,91,54,35,23,15,3,6,4,2,118,77,43,21,15,10,15
2016-3824,Bordeaux,Clay,32,C,,20160515,15,G585,,,Maximo Gonzalez,R,173,ARG,32.821,138,428,Z254,,,Jurgen Zopp,R,191,EST,28.129,156,346,6-3 6-2,3,R32,70,2,0,58,39,34,9,9,3,3,2,2,55,37,25,6,8,5,8
2016-3824,Bordeaux,Clay,32,C,,20160515,16,HB64,,,Quentin Halys,R,191,FRA,19.551,157,344,SF62,,,Tim Smyczek,R,175,USA,28.375,117,501,6-2 6-3,3,R32,65,4,1,56,33,25,14,9,4,4,1,0,55,38,22,8,8,4,7
2016-3824,Bordeaux,Clay,32,C,,20160515,17,E678,,,Jonathan Eysseric,L,180,FRA,25.969,334,146,E698,6,,Gastao Elias,R,180,POR,25.473,92,590,6-4 3-6 7-6(5),3,R16,134,2,3,100,61,42,20,16,2,6,3,3,95,59,43,17,15,2,5
2016-3824,Bordeaux,Clay,32,C,,20160515,18,SC73,7,,Rogerio Dutra Silva,R,178,BRA,32.274,94,588,F444,,,Alejandro Falla,L,185,COL,32.501,164,328,6-1 6-2,3,R16,64,1,1,49,32,25,11,8,1,1,1,2,47,27,16,7,7,1,5
2016-3824,Bordeaux,Clay,32,C,,20160515,19,D632,,,Steve Darcis,R,175,BEL,32.172,177,311,BK19,,,Mathias Bourgue,R,188,FRA,22.322,170,322,3-6 6-3 6-4,3,R16,126,5,2,96,66,42,14,14,7,11,6,0,100,70,41,13,14,6,11
2016-3824,Bordeaux,Clay,32,C,,20160515,20,F811,,,Bjorn Fratangelo,R,183,USA,22.823,116,519,HB64,,,Quentin Halys,R,191,FRA,19.551,157,344,7-6(8) 3-6 6-4,3,R16,127,4,0,105,64,40,28,16,7,11,10,8,100,67,52,11,15,1,4
2016-3824,Bordeaux,Clay,32,C,,20160515,21,G602,,,Andre Ghem,R,193,BRA,33.963,167,325,DC58,,,Jared Donaldson,R,188,USA,19.598,142,400,6-3 6-4,3,R16,83,1,0,53,44,33,5,10,0,1,1,3,69,38,24,14,9,6,9
2016-3824,Bordeaux,Clay,32,C,,20160515,22,G585,,,Maximo Gonzalez,R,173,ARG,32.821,138,428,MJ08,,,Thiago Monteiro,L,183,BRA,21.958,143,400,6-3 6-7(2) 6-3,3,R16,144,3,1,95,71,47,14,14,4,6,1,2,111,69,40,25,16,5,11
2016-3824,Bordeaux,Clay,32,C,,20160515,23,MM58,,,Daniil Medvedev,R,198,RUS,20.257,265,193,G676,,,Daniel Gimeno-Traver,R,183,ESP,30.771,168,324,6-4 6-2,3,R16,73,2,1,66,40,25,19,9,8,8,2,2,58,35,20,14,9,4,7
2016-3824,Bordeaux,Clay,32,C,,20160515,24,Y218,,,Elias Ymer,R,185,SWE,20.096,122,476,CF59,,,Roberto Carballes Baena,R,183,ESP,23.146,112,533,1-6 7-6(5) 7-6(7),3,R16,166,5,5,114,66,45,18,16,8,14,4,2,103,70,43,17,15,2,5
2016-3824,Bordeaux,Clay,32,C,,20160515,25,SC73,7,,Rogerio Dutra Silva,R,178,BRA,32.274,94,588,MM58,,,Daniil Medvedev,R,198,RUS,20.257,265,193,6-4 7-6(3),3,QF,95,3,2,67,44,31,15,11,1,3,5,1,75,49,31,15,11,2,5
2016-3824,Bordeaux,Clay,32,C,,20160515,26,F811,,,Bjorn Fratangelo,R,183,USA,22.823,116,519,D632,,,Steve Darcis,R,175,BEL,32.172,177,311,4-6 6-2 7-6(3),3,QF,132,5,5,93,57,43,19,15,4,7,0,2,101,70,43,18,15,6,10
2016-3824,Bordeaux,Clay,32,C,,20160515,27,G585,,,Maximo Gonzalez,R,173,ARG,32.821,138,428,G602,,,Andre Ghem,R,193,BRA,33.963,167,325,4-6 6-1 6-4,3,QF,128,1,0,97,80,50,9,14,8,11,2,2,90,58,35,14,13,6,11
2016-3824,Bordeaux,Clay,32,C,,20160515,28,Y218,,,Elias Ymer,R,185,SWE,20.096,122,476,E678,,,Jonathan Eysseric,L,180,FRA,25.969,334,146,6-4 7-5,3,QF,74,2,3,67,44,33,10,11,3,5,3,2,53,34,25,6,11,2,6
2016-3824,Bordeaux,Clay,32,C,,20160515,29,SC73,7,,Rogerio Dutra Silva,R,178,BRA,32.274,94,588,Y218,,,Elias Ymer,R,185,SWE,20.096,122,476,4-6 6-1 6-3,3,SF,113,1,2,72,48,37,15,13,3,4,4,2,85,48,31,19,13,3,7
2016-3824,Bordeaux,Clay,32,C,,20160515,30,F811,,,Bjorn Fratangelo,R,183,USA,22.823,116,519,G585,,,Maximo Gonzalez,R,173,ARG,32.821,138,428,7-6(5) 6-1,3,SF,84,5,3,66,46,33,7,9,1,3,3,0,58,38,23,5,10,0,5
2016-3824,Bordeaux,Clay,32,C,,20160515,31,SC73,7,,Rogerio Dutra Silva,R,178,BRA,32.274,94,588,F811,,,Bjorn Fratangelo,R,183,USA,22.823,116,519,6-3 6-1,3,F,68,1,0,48,37,25,7,8,2,3,3,1,56,38,18,8,8,3,8
2016-460,Heilbronn,Clay,32,C,,20160515,1,K771,,,Marsel Ilhan,R,191,TUR,28.928,160,337,BE90,1,,Ricardas Berankis,R,175,LTU,25.9,54,885,6-3 1-6 6-3,3,R32,92,7,1,78,42,30,18,12,5,8,6,2,79,47,32,16,13,2,6
2016-460,Heilbronn,Clay,32,C,,20160515,2,MB02,,,Florian Mayer,R,191,GER,32.611,245,215,Z184,2,,Horacio Zeballos,L,188,ARG,31.05,90,603,4-6 7-5 6-4,3,R32,135,3,0,88,49,37,28,16,2,3,12,4,118,69,49,26,16,10,12
2016-460,Heilbronn,Clay,32,C,,20160515,3,M824,3,,Albert Montanes,R,175,ESP,35.466,100,564,L949,,,Henri Laaksonen,R,185,SUI,24.123,194,285,6-4 6-3,3,R32,84,3,6,71,41,29,17,10,5,6,4,2,67,42,27,11,9,5,8
2016-460,Heilbronn,Clay,32,C,,20160515,4,BG23,,,Nikoloz Basilashvili,R,185,GEO,24.225,125,463,M915,4,,Daniel Munoz de la Nava,L,175,ESP,34.292,101,561,6-4 6-1,3,R32,65,3,1,50,32,22,10,9,1,3,2,0,49,30,13,11,8,5,10
2016-460,Heilbronn,Clay,32,C,,20160515,5,KC04,,,Jozef Kovalik,R,183,SVK,23.526,127,458,N732,5,,Yoshihito Nishioka,L,170,JPN,20.632,104,557,6-2 4-6 6-3,3,R32,120,5,2,90,52,32,23,14,10,14,0,2,84,53,28,17,13,4,10
2016-460,Heilbronn,Clay,32,C,,20160515,6,SL28,6,,Jan-Lennard Struff,R,193,GER,26.056,107,551,Z168,,,Mischa Zverev,L,191,GER,28.731,139,424,7-6(3) 7-6(6),3,R32,113,5,5,96,43,33,26,12,5,8,11,2,89,60,39,15,12,4,7
2016-460,Heilbronn,Clay,32,C,,20160515,7,RA82,,,Yannik Reuter,R,,BEL,25.194,289,172,BA65,7,,Dustin Brown,R,196,JAM,31.433,115,520,6-3 3-6 6-2,3,R32,93,0,1,93,57,37,20,13,5,7,2,3,76,51,32,11,13,5,9
2016-460,Heilbronn,Clay,32,C,,20160515,8,SF36,8,,Igor Sijsling,R,191,NED,28.742,124,466,MB53,,,Adrian Menendez-Maceiras,R,183,ESP,30.546,202,273,6-1 7-6(8),3,R32,84,4,2,57,36,29,17,10,1,1,1,1,66,35,20,18,9,3,5
2016-460,Heilbronn,Clay,32,C,,20160515,9,B884,,,Carlos Berlocq,R,183,ARG,33.279,131,444,T742,,,Janko Tipsarevic,R,180,SRB,31.896,686,38,7-5 6-3,3,R32,119,3,2,87,68,43,10,11,7,9,2,1,65,29,21,15,10,6,10
2016-460,Heilbronn,Clay,32,C,,20160515,10,KC29,,,Nicolas Kicker,R,178,ARG,23.745,152,359,KB92,,,Kevin Krawietz,R,188,GER,24.307,398,110,6-4 6-2,3,R32,66,0,1,55,39,28,11,9,0,1,4,2,43,30,19,5,9,1,5
2016-460,Heilbronn,Clay,32,C,,20160515,11,MH16,,,Yannick Maden,R,185,GER,26.546,445,89,SC47,,,Go Soeda,R,178,JPN,31.691,135,436,6-4 7-5,3,R32,106,2,0,75,37,27,20,11,3,5,1,1,69,41,27,12,11,6,10
2016-460,Heilbronn,Clay,32,C,,20160515,12,MN13,,,Maximilian Marterer,L,188,GER,20.917,283,177,BA86,,,Andreas Beck,L,191,GER,30.272,325,150,7-6(2) 6-2,3,R32,84,4,1,60,39,30,14,10,0,0,1,3,79,53,34,12,10,7,9
2016-460,Heilbronn,Clay,32,C,,20160515,13,O376,,,Renzo Olivo,R,178,ARG,24.167,148,378,H940,,,Ryan Harrison,R,185,USA,24.022,149,373,3-6 6-3 6-2,3,R32,120,0,6,96,62,47,13,13,5,7,6,4,82,42,32,15,13,2,6
2016-460,Heilbronn,Clay,32,C,,20160515,14,RA51,,,Blaz Rola,L,193,SLO,25.61,195,280,T911,,,Peter Torebko,R,185,GER,28.26,376,119,3-6 6-2 6-3,3,R32,119,3,2,80,56,39,11,13,5,8,4,2,93,47,29,21,13,10,15
2016-460,Heilbronn,Clay,32,C,,20160515,15,SF76,,,Franko Skugor,R,196,CRO,28.652,188,298,RE44,,,Andrey Rublev,R,188,RUS,18.568,171,318,6-2 6-2,3,R32,67,3,0,52,36,28,5,8,3,4,0,5,61,37,23,5,8,6,11
2016-460,Heilbronn,Clay,32,C,,20160515,16,TD51,,,Frances Tiafoe,R,188,USA,18.316,191,288,G892,,,Alejandro Gonzalez,R,191,COL,27.266,144,395,3-6 6-3 6-3,3,R32,113,5,2,83,53,36,17,13,5,7,2,4,84,51,33,18,14,5,9
2016-460,Heilbronn,Clay,32,C,,20160515,17,M824,3,,Albert Montanes,R,175,ESP,35.466,100,564,KC29,,,Nicolas Kicker,R,178,ARG,23.745,152,359,6-3 6-1,3,R16,66,5,0,52,29,19,13,8,6,8,1,1,47,29,16,3,8,1,7
2016-460,Heilbronn,Clay,32,C,,20160515,18,SL28,6,,Jan-Lennard Struff,R,193,GER,26.056,107,551,O376,,,Renzo Olivo,R,178,ARG,24.167,148,378,7-5 6-7(3) 6-4,3,R16,138,6,7,103,53,43,30,17,6,7,6,4,111,62,45,29,17,7,10
2016-460,Heilbronn,Clay,32,C,,20160515,19,SF36,8,,Igor Sijsling,R,191,NED,28.742,124,466,MN13,,,Maximilian Marterer,L,188,GER,20.917,283,177,6-2 6-4,3,R16,50,1,1,48,29,24,13,9,0,0,2,1,48,41,26,3,9,1,4
2016-460,Heilbronn,Clay,32,C,,20160515,20,BG23,,,Nikoloz Basilashvili,R,185,GEO,24.225,125,463,RA51,,,Blaz Rola,L,193,SLO,25.61,195,280,6-7(4) 6-3 7-6(5),3,R16,143,4,10,140,81,54,29,17,10,13,5,1,105,72,49,19,16,4,8
2016-460,Heilbronn,Clay,32,C,,20160515,21,B884,,,Carlos Berlocq,R,183,ARG,33.279,131,444,K771,,,Marsel Ilhan,R,191,TUR,28.928,160,337,2-6 6-2 6-3,3,R16,135,1,2,74,58,40,5,13,5,8,1,3,112,66,38,22,12,15,19
2016-460,Heilbronn,Clay,32,C,,20160515,22,KC04,,,Jozef Kovalik,R,183,SVK,23.526,127,458,SF76,,,Franko Skugor,R,196,CRO,28.652,188,298,7-6(5) 6-2,3,R16,82,1,3,67,43,33,16,10,4,4,7,1,58,27,23,17,10,0,2
2016-460,Heilbronn,Clay,32,C,,20160515,23,MB02,,,Florian Mayer,R,191,GER,32.611,245,215,TD51,,,Frances Tiafoe,R,188,USA,18.316,191,288,6-3 1-6 6-1,3,R16,82,10,2,65,39,31,15,12,4,6,5,3,82,46,32,17,11,6,9
2016-460,Heilbronn,Clay,32,C,,20160515,24,RA82,,,Yannik Reuter,R,,BEL,25.194,289,172,MH16,,,Yannick Maden,R,185,GER,26.546,445,89,6-3 6-4,3,R16,75,0,0,62,48,30,10,10,2,4,1,0,44,22,12,11,9,2,6
2016-460,Heilbronn,Clay,32,C,,20160515,25,M824,3,,Albert Montanes,R,175,ESP,35.466,100,564,RA82,,,Yannik Reuter,R,,BEL,25.194,289,172,6-1 6-4,3,QF,73,3,0,50,26,19,18,9,2,3,2,0,58,37,18,10,8,2,6
2016-460,Heilbronn,Clay,32,C,,20160515,26,SL28,6,,Jan-Lennard Struff,R,193,GER,26.056,107,551,MB02,,,Florian Mayer,R,191,GER,32.611,245,215,6-2 6-3,3,QF,57,2,4,47,24,17,13,9,0,2,0,1,49,29,13,10,8,3,8
2016-460,Heilbronn,Clay,32,C,,20160515,27,BG23,,,Nikoloz Basilashvili,R,185,GEO,24.225,125,463,SF36,8,,Igor Sijsling,R,191,NED,28.742,124,466,6-2 3-6 6-4,3,QF,93,3,2,90,64,41,14,13,3,5,6,3,83,40,29,22,14,5,9
2016-460,Heilbronn,Clay,32,C,,20160515,28,KC04,,,Jozef Kovalik,R,183,SVK,23.526,127,458,B884,,,Carlos Berlocq,R,183,ARG,33.279,131,444,6-1 6-4,3,QF,81,2,1,49,31,25,10,9,0,1,3,1,63,39,23,8,8,5,9
2016-460,Heilbronn,Clay,32,C,,20160515,29,SL28,6,,Jan-Lennard Struff,R,193,GER,26.056,107,551,M824,3,,Albert Montanes,R,175,ESP,35.466,100,564,6-0 6-3,3,SF,51,3,2,44,25,18,13,8,1,2,0,3,44,22,10,8,7,3,8
2016-460,Heilbronn,Clay,32,C,,20160515,30,BG23,,,Nikoloz Basilashvili,R,185,GEO,24.225,125,463,KC04,,,Jozef Kovalik,R,183,SVK,23.526,127,458,1-6 6-4 6-3,3,SF,89,2,3,70,44,29,16,13,0,3,6,2,92,65,44,10,13,11,14
2016-460,Heilbronn,Clay,32,C,,20160515,31,BG23,,,Nikoloz Basilashvili,R,185,GEO,24.225,125,463,SL28,6,,Jan-Lennard Struff,R,193,GER,26.056,107,551,6-4 7-6(3),3,F,84,4,4,79,59,42,10,11,3,5,7,3,74,38,25,19,11,6,9
2016-7288,Seoul,Hard,32,C,,20160515,1,MH30,1,,John Millman,R,183,AUS,26.919,62,783,SL92,,,Shuichi Sekiguchi,R,168,JPN,24.835,360,126,7-5 6-4,3,R32,122,2,2,87,53,35,15,11,8,11,0,5,91,50,30,16,11,9,14
2016-7288,Seoul,Hard,32,C,,20160515,2,G940,3,,Sam Groth,R,193,AUS,28.572,97,577,KC12,,,Mitchell Krueger,R,188,USA,22.338,280,178,4-6 6-3 6-2,3,R32,90,12,7,81,51,41,15,14,7,9,3,0,67,45,32,9,13,1,5
2016-7288,Seoul,Hard,32,C,,20160515,3,Z189,,,Grega Zemlja,R,183,SLO,29.626,155,347,E687,4,,Daniel Evans,R,175,GBR,25.979,86,641,6-3 6-3,3,R32,76,4,2,61,38,26,13,9,7,8,2,5,73,42,25,12,9,7,11
2016-7288,Seoul,Hard,32,C,,20160515,4,L575,5,,Yen-Hsun Lu,R,180,TPE,32.753,108,549,W571,,,Di Wu,R,173,CHN,24.668,146,386,4-6 6-2 6-4,3,R32,116,5,7,94,51,34,18,14,3,8,2,6,88,37,21,24,14,5,12
2016-7288,Seoul,Hard,32,C,,20160515,5,I230,6,,Tatsuma Ito,R,180,JPN,27.992,106,552,HC21,,,Seongchan Hong,R,175,KOR,18.875,453,86,6-4 6-2,3,R32,81,3,3,53,30,22,16,9,0,0,0,2,63,32,20,16,9,9,12
2016-7288,Seoul,Hard,32,C,,20160515,6,SE73,7,,Yuichi Sugita,R,175,JPN,27.655,109,548,KD51,,,Ho-Gi Kang,,,KOR,22.612,1864,1,6-1 6-1,3,R32,48,4,2,38,16,13,16,7,1,1,0,2,45,26,11,7,7,1,6
2016-7288,Seoul,Hard,32,C,,20160515,7,L797,8,,Lukas Lacko,R,188,SVK,28.531,121,478,C813,,,Ti Chen,R,178,TPE,32.616,225,240,6-3 6-3,3,R32,82,3,3,63,31,21,15,9,6,10,0,4,55,24,11,9,9,6,13
2016-7288,Seoul,Hard,32,C,,20160515,8,B678,9,,Michael Berrer,L,193,GER,35.871,111,533,KA00,,,Austin Krajicek,L,188,USA,25.914,136,432,6-4 6-7(3) 7-5,3,R32,147,7,5,115,78,52,23,17,4,5,5,4,125,87,60,18,17,10,13
2016-7288,Seoul,Hard,32,C,,20160515,9,BH98,,,Matthew Barton,R,191,AUS,24.408,257,199,K776,,,Konstantin Kravchuk,R,191,RUS,31.222,102,560,6-3 3-6 6-3,3,R32,84,11,4,70,38,30,18,14,3,6,9,2,77,48,33,13,13,2,6
2016-7288,Seoul,Hard,32,C,,20160515,10,J380,,,Jason Jung,R,180,TPE,26.916,311,157,SL07,,,Alexander Sarkissian,R,191,USA,26.116,166,326,6-3 6-2,3,R32,60,7,3,55,33,26,11,9,4,5,4,3,44,25,15,4,8,1,5
2016-7288,Seoul,Hard,32,C,,20160515,11,K596,,,Alexander Kudryavtsev,R,183,RUS,30.552,180,309,N652,,,JiSung Nam,R,183,KOR,22.749,625,46,6-4 6-4,3,R32,60,2,3,52,25,20,15,10,0,2,2,3,56,43,26,5,10,3,7
2016-7288,Seoul,Hard,32,C,,20160515,12,KF17,,,Soonwoo Kwon,R,180,KOR,18.45,467,80,BI23,,,Liam Broady,L,183,GBR,22.36,236,221,3-6 6-4 6-3,3,R32,107,6,4,81,35,28,26,14,2,4,4,3,80,49,34,17,14,2,5
2016-7288,Seoul,Hard,32,C,,20160515,13,LE01,,,Duckhee Lee,R,170,KOR,17.963,228,232,SJ55,,,John-Patrick Smith,L,188,AUS,27.305,153,355,6-4 6-4,3,R32,90,1,3,55,34,20,12,10,2,5,6,4,75,38,24,13,10,3,8
2016-7288,Seoul,Hard,32,C,,20160515,14,SC77,,,Sergiy Stakhovsky,R,193,UKR,30.355,118,495,C582,,,Marco Chiudinelli,R,185,SUI,34.678,126,460,6-4 6-4,3,R32,80,6,3,58,33,29,15,10,0,0,0,1,62,31,22,19,10,2,4
2016-7288,Seoul,Hard,32,C,,20160515,15,W579,,,Alexander Ward,R,185,GBR,26.042,294,167,N390,,,Frederik Nielsen,R,188,DEN,32.717,383,117,6-7(5) 6-3 7-6(4),3,R32,136,2,8,113,78,57,12,16,6,8,9,9,120,60,42,30,17,6,10
2016-7288,Seoul,Hard,32,C,,20160515,16,Z272,,,Ze Zhang,R,188,CHN,25.864,179,310,KA46,,,Yuya Kibi,R,180,JPN,29.812,424,99,6-3 6-2,3,R32,68,3,2,59,42,30,10,9,3,4,3,5,59,37,23,5,8,4,8
2016-7288,Seoul,Hard,32,C,,20160515,17,MH30,1,,John Millman,R,183,AUS,26.919,62,783,W579,,,Alexander Ward,R,185,GBR,26.042,294,167,6-4 6-2,3,R16,67,2,2,51,33,27,11,9,0,0,1,3,60,30,24,11,9,3,6
2016-7288,Seoul,Hard,32,C,,20160515,18,G940,3,,Sam Groth,R,193,AUS,28.572,97,577,KF17,,,Soonwoo Kwon,R,180,KOR,18.45,467,80,6-4 4-6 6-4,3,R16,107,14,10,86,42,35,24,15,3,5,10,5,88,41,34,24,15,5,8
2016-7288,Seoul,Hard,32,C,,20160515,19,L575,5,,Yen-Hsun Lu,R,180,TPE,32.753,108,549,Z272,,,Ze Zhang,R,188,CHN,25.864,179,310,6-3 6-4,3,R16,76,0,1,52,31,21,14,10,0,2,2,5,74,52,33,6,9,6,10
2016-7288,Seoul,Hard,32,C,,20160515,20,K596,,,Alexander Kudryavtsev,R,183,RUS,30.552,180,309,I230,6,,Tatsuma Ito,R,180,JPN,27.992,106,552,7-6(6) 7-5,3,R16,120,2,4,85,41,24,25,12,7,11,0,6,93,48,26,23,12,5,10
2016-7288,Seoul,Hard,32,C,,20160515,21,LE01,,,Duckhee Lee,R,170,KOR,17.963,228,232,SE73,7,,Yuichi Sugita,R,175,JPN,27.655,109,548,7-5 5-7 6-4,3,R16,172,0,5,104,62,43,15,17,5,11,9,5,143,89,53,23,17,12,19
2016-7288,Seoul,Hard,32,C,,20160515,22,L797,8,,Lukas Lacko,R,188,SVK,28.531,121,478,BH98,,,Matthew Barton,R,191,AUS,24.408,257,199,6-4 4-6 6-4,3,R16,126,3,9,108,52,38,29,15,5,8,10,2,88,47,33,20,15,5,9
2016-7288,Seoul,Hard,32,C,,20160515,23,SC77,,,Sergiy Stakhovsky,R,193,UKR,30.355,118,495,B678,9,,Michael Berrer,L,193,GER,35.871,111,533,6-0 1-0 RET,3,R16,31,1,3,23,8,7,9,3,0,0,1,1,26,15,5,3,4,3,7
2016-7288,Seoul,Hard,32,C,,20160515,24,J380,,,Jason Jung,R,180,TPE,26.916,311,157,Z189,,,Grega Zemlja,R,183,SLO,29.626,155,347,6-2 4-6 7-5,3,R16,129,5,11,98,53,37,18,15,9,14,7,5,100,50,34,21,15,6,13
2016-7288,Seoul,Hard,32,C,,20160515,25,L797,8,,Lukas Lacko,R,188,SVK,28.531,121,478,MH30,1,,John Millman,R,183,AUS,26.919,62,783,W/O,3,QF,,,,,,,,,,,,,,,,,,,
2016-7288,Seoul,Hard,32,C,,20160515,26,K596,,,Alexander Kudryavtsev,R,183,RUS,30.552,180,309,G940,3,,Sam Groth,R,193,AUS,28.572,97,577,4-1 RET,3,QF,24,0,2,16,4,3,5,2,2,3,1,4,20,7,3,3,3,1,4
2016-7288,Seoul,Hard,32,C,,20160515,27,L575,5,,Yen-Hsun Lu,R,180,TPE,32.753,108,549,J380,,,Jason Jung,R,180,TPE,26.916,311,157,6-4 6-4,3,QF,84,5,4,71,37,26,14,10,5,8,3,4,58,31,17,11,10,3,8
2016-7288,Seoul,Hard,32,C,,20160515,28,SC77,,,Sergiy Stakhovsky,R,193,UKR,30.355,118,495,LE01,,,Duckhee Lee,R,170,KOR,17.963,228,232,7-5 6-2,3,QF,67,10,6,53,30,30,12,10,1,1,0,1,59,35,25,11,10,1,4
2016-7288,Seoul,Hard,32,C,,20160515,29,L575,5,,Yen-Hsun Lu,R,180,TPE,32.753,108,549,L797,8,,Lukas Lacko,R,188,SVK,28.531,121,478,7-6(4) 5-7 6-3,3,SF,131,4,4,93,49,40,22,16,4,8,5,6,99,56,35,26,17,5,10
2016-7288,Seoul,Hard,32,C,,20160515,30,SC77,,,Sergiy Stakhovsky,R,193,UKR,30.355,118,495,K596,,,Alexander Kudryavtsev,R,183,RUS,30.552,180,309,6-2 6-4,3,SF,56,5,6,54,30,22,12,9,3,5,4,3,50,16,11,12,9,3,8
2016-7288,Seoul,Hard,32,C,,20160515,31,SC77,,,Sergiy Stakhovsky,R,193,UKR,30.355,118,495,L575,5,,Yen-Hsun Lu,R,180,TPE,32.753,108,549,4-6 6-3 7-6(7),3,F,153,13,6,120,70,50,26,16,9,12,3,6,116,53,39,33,15,6,9
2016-7021,Mestre,Clay,32,C,,20160522,1,L503,1,,Paolo Lorenzi,R,183,ITA,34.434,50,895,T984,,,Bastian Trinker,R,188,AUT,26.031,256,204,1-6 6-1 7-5,3,R32,114,4,6,72,41,27,14,13,2,7,1,7,83,46,29,14,13,3,9
2016-7021,Mestre,Clay,32,C,,20160522,2,L987,2,,Dusan Lajovic,R,183,SRB,25.895,75,730,PC09,,,Jose Pereira,R,180,BRA,25.32,325,149,2-6 7-6(2) 6-2,3,R32,132,1,1,95,62,34,19,14,7,12,0,3,102,73,42,12,14,11,16
2016-7021,Mestre,Clay,32,C,,20160522,3,Z184,3,,Horacio Zeballos,L,188,ARG,31.069,93,603,R383,,,Ruben Ramirez Hidalgo,R,183,ESP,38.374,250,210,3-6 6-2 6-4,3,R32,148,7,3,96,58,41,17,14,6,9,8,4,106,58,37,24,13,16,20
2016-7021,Mestre,Clay,32,C,,20160522,4,E698,,,Gastao Elias,R,180,POR,25.492,98,591,RB60,,,Oriol Roca Batalla,R,175,ESP,23.061,241,220,6-1 6-3,3,R32,71,2,5,53,28,22,12,8,6,7,1,3,58,34,20,7,8,8,13
2016-7021,Mestre,Clay,32,C,,20160522,5,I305,,,Ilya Ivashka,R,193,BLR,22.24,243,218,LB66,5,,Constant Lestienne,R,180,FRA,23.997,206,262,6-4 6-2,3,R32,86,1,5,68,40,23,16,9,8,10,3,7,62,32,18,13,9,4,9
2016-7021,Mestre,Clay,32,C,,20160522,6,G922,,,Gerard Granollers,R,183,ESP,27.307,324,150,SN54,6,,Frederico Ferreira Silva,L,178,POR,21.18,231,231,6-4 7-5,3,R32,103,6,3,80,47,33,19,11,3,4,2,2,72,41,28,14,11,4,7
2016-7021,Mestre,Clay,32,C,,20160522,7,MN20,,,Daniel Masur,R,183,GER,21.541,376,122,D916,7,,Steven Diez,R,175,CAN,25.183,246,215,5-7 6-2 6-0,3,R32,123,5,3,81,46,34,20,13,4,6,2,3,87,53,29,17,13,9,15
2016-7021,Mestre,Clay,32,C,,20160522,8,RA82,,,Yannik Reuter,R,,BEL,25.213,272,188,CE25,8,,Salvatore Caruso,R,185,ITA,23.433,254,206,6-2 6-4,3,R32,89,1,2,56,36,23,10,9,0,3,0,2,62,32,14,14,9,4,10
2016-7021,Mestre,Clay,32,C,,20160522,9,DA86,,,Joris De Loore,R,191,BEL,23.086,285,178,LC58,,,Tomas Lipovsek Puches,R,183,ARG,23.097,261,199,7-5 2-6 6-0,3,R32,116,3,10,91,44,31,24,13,4,8,0,2,73,50,24,13,13,3,9
2016-7021,Mestre,Clay,32,C,,20160522,10,H896,,,Jose Hernandez-Fernandez,R,183,DOM,26.193,309,157,Z198,,,Caio Zampieri,R,183,BRA,29.988,292,175,6-4 6-1,3,R32,63,3,2,54,35,28,8,9,1,2,2,3,54,38,23,5,8,3,7
2016-7021,Mestre,Clay,32,C,,20160522,11,J551,,,Nicolas Jarry,R,201,CHI,20.613,593,51,E766,,,Edoardo Eremin,R,185,ITA,22.628,378,121,5-7 7-6(3) 7-6(6),3,R32,174,6,5,120,87,63,16,18,6,10,8,7,124,52,38,41,18,4,7
2016-7021,Mestre,Clay,32,C,,20160522,12,ML57,,,Gianluca Mager,R,188,ITA,21.473,346,131,PE02,,,Danilo Petrovic,R,203,SRB,24.326,350,130,7-5 7-5,3,R32,117,7,0,79,42,33,13,12,7,10,2,2,86,55,29,16,12,8,13
2016-7021,Mestre,Clay,32,C,,20160522,13,MF78,,,Marek Michalicka,R,183,CZE,29.413,247,214,E873,,,Ernesto Escobedo,R,185,MEX,19.882,263,198,6-4 6-2,3,R32,69,3,1,48,32,25,12,9,0,0,0,2,62,32,21,14,9,4,7
2016-7021,Mestre,Clay,32,C,,20160522,14,DB59,,,Dennis Novak,R,183,AUT,22.732,259,200,SU87,,,Lorenzo Sonego,R,191,ITA,21.032,328,146,7-6(2) 6-1,3,R32,80,0,3,67,49,35,11,10,0,1,2,1,57,26,14,19,9,2,5
2016-7021,Mestre,Clay,32,C,,20160522,15,SO86,,,Robin Stanek,L,188,CZE,21.383,273,187,BF98,,,Alessandro Bega,R,170,ITA,25.361,280,182,6-2 7-6(3),3,R32,83,1,1,60,36,22,13,10,3,6,0,6,64,33,19,13,10,6,11
2016-7021,Mestre,Clay,32,C,,20160522,16,V490,,,Matteo Viola,R,185,ITA,28.876,279,182,N679,,,Stefano Napolitano,R,196,ITA,21.114,362,125,7-6(8) 6-3,3,R32,107,1,6,70,39,28,18,10,3,5,0,3,76,34,21,19,11,2,6
2016-7021,Mestre,Clay,32,C,,20160522,17,L503,1,,Paolo Lorenzi,R,183,ITA,34.434,50,895,J551,,,Nicolas Jarry,R,201,CHI,20.613,593,51,3-6 6-3 6-2,3,R16,116,2,4,84,47,34,20,13,6,8,0,2,74,50,29,16,13,3,7
2016-7021,Mestre,Clay,32,C,,20160522,18,L987,2,,Dusan Lajovic,R,183,SRB,25.895,75,730,H896,,,Jose Hernandez-Fernandez,R,183,DOM,26.193,309,157,6-4 6-7(3) 7-5,3,R16,159,6,4,112,65,45,22,17,4,8,1,3,130,87,52,21,17,16,22
2016-7021,Mestre,Clay,32,C,,20160522,19,Z184,3,,Horacio Zeballos,L,188,ARG,31.069,93,603,SO86,,,Robin Stanek,L,188,CZE,21.383,273,187,6-1 6-7(11) 6-4,3,R16,143,3,4,84,49,36,24,14,0,1,0,0,102,69,39,20,15,4,9
2016-7021,Mestre,Clay,32,C,,20160522,20,E698,,,Gastao Elias,R,180,POR,25.492,98,591,MF78,,,Marek Michalicka,R,183,CZE,29.413,247,214,4-6 6-3 6-3,3,R16,,2,3,87,37,24,26,14,4,8,1,4,79,47,26,17,14,3,9
2016-7021,Mestre,Clay,32,C,,20160522,21,DA86,,,Joris De Loore,R,191,BEL,23.086,285,178,RA82,,,Yannik Reuter,R,,BEL,25.213,272,188,6-3 6-4,3,R16,102,4,2,66,30,26,18,10,8,9,1,1,67,43,26,12,9,2,5
2016-7021,Mestre,Clay,32,C,,20160522,22,ML57,,,Gianluca Mager,R,188,ITA,21.473,346,131,G922,,,Gerard Granollers,R,183,ESP,27.307,324,150,6-4 6-4,3,R16,102,4,4,74,42,29,16,10,2,3,1,5,77,40,25,20,10,7,10
2016-7021,Mestre,Clay,32,C,,20160522,23,DB59,,,Dennis Novak,R,183,AUT,22.732,259,200,I305,,,Ilya Ivashka,R,193,BLR,22.24,243,218,6-1 6-3,3,R16,69,0,0,59,43,32,8,8,3,3,0,3,54,33,21,7,8,5,9
2016-7021,Mestre,Clay,32,C,,20160522,24,V490,,,Matteo Viola,R,185,ITA,28.876,279,182,MN20,,,Daniel Masur,R,183,GER,21.541,376,122,6-2 6-2,3,R16,68,0,2,57,39,26,7,8,3,5,2,1,50,32,16,6,8,7,13
2016-7021,Mestre,Clay,32,C,,20160522,25,L503,1,,Paolo Lorenzi,R,183,ITA,34.434,50,895,DB59,,,Dennis Novak,R,183,AUT,22.732,259,200,2-6 6-4 6-4,3,QF,130,1,3,98,49,31,28,14,6,9,1,3,83,66,45,8,14,0,3
2016-7021,Mestre,Clay,32,C,,20160522,26,DA86,,,Joris De Loore,R,191,BEL,23.086,285,178,L987,2,,Dusan Lajovic,R,183,SRB,25.895,75,730,6-3 6-4,3,QF,82,0,2,71,48,31,12,10,4,6,1,2,54,36,20,10,9,3,7
2016-7021,Mestre,Clay,32,C,,20160522,27,Z184,3,,Horacio Zeballos,L,188,ARG,31.069,93,603,ML57,,,Gianluca Mager,R,188,ITA,21.473,346,131,6-3 6-4,3,QF,82,6,1,57,40,27,14,10,3,4,7,0,71,46,25,13,9,8,11
2016-7021,Mestre,Clay,32,C,,20160522,28,E698,,,Gastao Elias,R,180,POR,25.492,98,591,V490,,,Matteo Viola,R,185,ITA,28.876,279,182,6-2 6-4,3,QF,97,5,2,59,33,21,14,9,1,3,0,5,86,60,30,11,9,16,21
2016-7021,Mestre,Clay,32,C,,20160522,29,E698,,,Gastao Elias,R,180,POR,25.492,98,591,L503,1,,Paolo Lorenzi,R,183,ITA,34.434,50,895,5-7 6-2 6-2,3,SF,137,3,4,95,50,38,24,14,3,4,2,2,81,45,30,19,14,3,7
2016-7021,Mestre,Clay,32,C,,20160522,30,Z184,3,,Horacio Zeballos,L,188,ARG,31.069,93,603,DA86,,,Joris De Loore,R,191,BEL,23.086,285,178,6-3 6-3,3,SF,79,6,3,54,32,26,13,9,1,1,9,6,57,29,22,11,9,1,4
2016-7021,Mestre,Clay,32,C,,20160522,31,E698,,,Gastao Elias,R,180,POR,25.492,98,591,Z184,3,,Horacio Zeballos,L,188,ARG,31.069,93,603,7-6(0) 6-2,3,F,88,4,4,68,42,30,16,10,5,6,2,0,60,33,26,11,10,2,5
2016-7015,Vicenza,Clay,32,C,,20160529,1,E698,1,,Gastao Elias,R,180,POR,25.511,88,663,CC32,,,Guilherme Clezar,R,180,BRA,23.409,177,307,6-4 6-4,3,R32,97,6,3,64,39,29,14,10,1,2,0,1,77,49,29,15,10,9,12
2016-7015,Vicenza,Clay,32,C,,20160529,2,BC72,2,,Daniel Brands,R,196,GER,28.868,138,421,R782,,,Julian Reister,R,188,GER,30.157,520,65,6-7(3) 6-4 6-3,3,R32,132,8,1,115,82,57,16,16,8,11,1,4,92,78,50,7,15,3,8
2016-7015,Vicenza,Clay,32,C,,20160529,3,E766,,,Edoardo Eremin,R,185,ITA,22.648,379,120,MJ08,3,,Thiago Monteiro,L,183,BRA,21.996,139,409,2-6 7-6(3) 7-6(3),3,R32,159,6,1,105,62,42,27,16,5,8,2,1,113,74,54,20,16,5,6
2016-7015,Vicenza,Clay,32,C,,20160529,4,G892,4,,Alejandro Gonzalez,R,191,COL,27.305,142,395,BK68,,,Francisco Bahamonde,R,185,ITA,19.556,369,124,7-6(4) 4-6 6-4,3,R32,169,1,9,99,48,35,23,16,5,10,3,1,99,57,37,22,16,8,13
2016-7015,Vicenza,Clay,32,C,,20160529,5,KE64,,,Stefan Kozlov,R,183,USA,18.322,213,251,O376,5,,Renzo Olivo,R,178,ARG,24.205,145,380,6-3 6-4,3,R32,98,1,1,69,45,27,16,10,9,11,1,5,81,58,34,7,9,9,13
2016-7015,Vicenza,Clay,32,C,,20160529,6,KC29,6,,Nicolas Kicker,R,178,ARG,23.784,153,349,A622,,,Andrea Arnaboldi,L,180,ITA,28.422,175,307,6-4 6-1,3,R32,,3,2,63,47,32,9,8,3,4,3,6,56,27,16,11,9,3,8
2016-7015,Vicenza,Clay,32,C,,20160529,7,V495,7,,Luca Vanni,R,198,ITA,30.984,159,334,SG64,,,Joao Souza,R,193,BRA,28.005,186,300,2-6 6-4 6-4,3,R32,128,7,2,85,49,38,17,14,5,8,4,1,84,57,42,12,14,3,6
2016-7015,Vicenza,Clay,32,C,,20160529,8,G676,8,,Daniel Gimeno-Traver,R,183,ESP,30.809,160,333,SU87,,,Lorenzo Sonego,R,191,ITA,21.051,330,146,5-7 6-4 6-4,3,R32,157,3,6,105,61,44,23,16,10,13,9,5,117,77,50,19,16,11,15
2016-7015,Vicenza,Clay,32,C,,20160529,9,A887,,,Guido Andreozzi,R,183,ARG,24.816,191,285,LB07,,,Gonzalo Lama,R,180,CHI,23.088,183,303,6-2 3-6 6-0,3,R32,115,2,1,87,55,39,16,12,4,6,3,1,78,53,31,9,11,6,11
2016-7015,Vicenza,Clay,32,C,,20160529,10,BE68,,,Tomislav Brkic,R,185,BIH,26.223,344,136,N679,,,Stefano Napolitano,R,196,ITA,21.133,366,125,6-3 6-1,3,R32,65,6,2,52,32,28,8,8,0,0,1,5,47,28,15,8,8,2,6
2016-7015,Vicenza,Clay,32,C,,20160529,11,CG33,,,Kimmer Coppejans,R,178,BEL,22.305,196,277,DA86,,,Joris De Loore,R,191,BEL,23.105,258,205,5-7 7-5 6-3,3,R32,150,7,3,98,62,44,20,16,2,5,7,4,108,57,37,26,17,6,11
2016-7015,Vicenza,Clay,32,C,,20160529,12,GB61,,,Viktor Galovic,R,193,CRO,25.692,585,52,RE44,,,Andrey Rublev,R,188,RUS,18.606,192,282,4-6 6-2 6-2,3,R32,106,9,2,83,62,44,12,13,4,5,1,5,97,56,35,19,13,5,9
2016-7015,Vicenza,Clay,32,C,,20160529,13,G806,,,Andrey Golubev,R,180,KAZ,28.854,208,257,BE54,,,Ruben Bemelmans,L,183,BEL,28.372,189,287,7-6(6) 4-6 6-3,3,R32,134,7,4,117,82,54,16,16,8,12,4,1,101,68,44,15,15,4,8
2016-7015,Vicenza,Clay,32,C,,20160529,14,L949,,,Henri Laaksonen,R,185,SUI,24.162,190,287,DA67,,,Matteo Donati,R,185,ITA,21.248,282,183,6-4 7-6(4),3,R32,84,2,5,72,42,33,18,11,3,4,2,0,78,52,34,16,11,4,6
2016-7015,Vicenza,Clay,32,C,,20160529,15,R750,,,Pere Riba,R,183,ESP,28.142,219,241,GB93,,,Norbert Gombos,R,193,SVK,25.793,200,269,4-6 6-4 6-2,3,R32,115,5,1,77,51,39,10,14,2,6,1,10,87,58,36,11,14,3,9
2016-7015,Vicenza,Clay,32,C,,20160529,16,V254,,,Filippo Volandri,R,183,ITA,34.73,179,306,F724,,,Marton Fucsovics,R,188,HUN,24.304,204,263,7-6(8) 6-2,3,R32,95,0,1,69,48,34,8,10,2,5,0,4,79,39,21,17,10,10,15
2016-7015,Vicenza,Clay,32,C,,20160529,17,E698,1,,Gastao Elias,R,180,POR,25.511,88,663,GB61,,,Viktor Galovic,R,193,CRO,25.692,585,52,6-4 6-1,3,R16,65,5,0,40,22,19,11,8,1,2,2,1,54,36,20,7,9,5,10
2016-7015,Vicenza,Clay,32,C,,20160529,18,R750,,,Pere Riba,R,183,ESP,28.142,219,241,BC72,2,,Daniel Brands,R,196,GER,28.868,138,421,6-7(4) 7-5 6-1,3,R16,118,13,0,92,54,46,26,16,4,4,6,5,91,53,40,20,15,4,7
2016-7015,Vicenza,Clay,32,C,,20160529,19,A887,,,Guido Andreozzi,R,183,ARG,24.816,191,285,G892,4,,Alejandro Gonzalez,R,191,COL,27.305,142,395,6-2 6-1,3,R16,71,2,1,44,28,20,7,7,1,3,3,1,55,27,11,10,8,8,15
2016-7015,Vicenza,Clay,32,C,,20160529,20,KC29,6,,Nicolas Kicker,R,178,ARG,23.784,153,349,V254,,,Filippo Volandri,R,183,ITA,34.73,179,306,6-2 6-1,3,R16,54,4,0,38,26,21,8,7,0,0,1,1,46,30,13,8,8,5,10
2016-7015,Vicenza,Clay,32,C,,20160529,21,G806,,,Andrey Golubev,R,180,KAZ,28.854,208,257,V495,7,,Luca Vanni,R,198,ITA,30.984,159,334,7-5 6-4,3,R16,94,2,2,58,38,31,12,11,0,1,6,2,76,44,32,13,11,9,12
2016-7015,Vicenza,Clay,32,C,,20160529,22,G676,8,,Daniel Gimeno-Traver,R,183,ESP,30.809,160,333,BE68,,,Tomislav Brkic,R,185,BIH,26.223,344,136,4-6 7-5 6-3,3,R16,126,4,8,85,49,33,18,15,3,7,3,4,100,65,39,17,16,5,11
2016-7015,Vicenza,Clay,32,C,,20160529,23,E766,,,Edoardo Eremin,R,185,ITA,22.648,379,120,L949,,,Henri Laaksonen,R,185,SUI,24.162,190,287,6-3 6-7(4) 6-2,3,R16,124,9,3,112,69,49,23,15,9,10,1,2,77,54,33,15,14,3,7
2016-7015,Vicenza,Clay,32,C,,20160529,24,KE64,,,Stefan Kozlov,R,183,USA,18.322,213,251,CG33,,,Kimmer Coppejans,R,178,BEL,22.305,196,277,6-4 6-4,3,R16,99,4,1,60,26,18,13,10,6,11,1,5,59,40,19,5,10,5,12
2016-7015,Vicenza,Clay,32,C,,20160529,25,E698,1,,Gastao Elias,R,180,POR,25.511,88,663,KC29,6,,Nicolas Kicker,R,178,ARG,23.784,153,349,6-3 6-4,3,QF,91,5,3,61,48,36,4,10,1,3,1,1,68,52,27,7,9,3,7
2016-7015,Vicenza,Clay,32,C,,20160529,26,A887,,,Guido Andreozzi,R,183,ARG,24.816,191,285,G676,8,,Daniel Gimeno-Traver,R,183,ESP,30.809,160,333,6-3 6-2,3,QF,66,2,0,50,33,27,10,9,0,0,6,2,49,26,17,12,8,3,6
2016-7015,Vicenza,Clay,32,C,,20160529,27,E766,,,Edoardo Eremin,R,185,ITA,22.648,379,120,KE64,,,Stefan Kozlov,R,183,USA,18.322,213,251,6-1 3-6 6-3,3,QF,126,9,2,84,39,29,23,13,5,8,2,3,86,56,32,13,12,9,14
2016-7015,Vicenza,Clay,32,C,,20160529,28,R750,,,Pere Riba,R,183,ESP,28.142,219,241,G806,,,Andrey Golubev,R,180,KAZ,28.854,208,257,1-6 6-2 6-2,3,QF,119,8,0,69,40,28,17,11,3,5,3,4,104,64,36,21,12,18,22
2016-7015,Vicenza,Clay,32,C,,20160529,29,A887,,,Guido Andreozzi,R,183,ARG,24.816,191,285,E698,1,,Gastao Elias,R,180,POR,25.511,88,663,7-5 6-1,3,SF,89,1,1,50,28,19,15,9,3,4,3,3,75,39,25,13,10,8,13
2016-7015,Vicenza,Clay,32,C,,20160529,30,R750,,,Pere Riba,R,183,ESP,28.142,219,241,E766,,,Edoardo Eremin,R,185,ITA,22.648,379,120,6-7(2) 6-3 7-5,3,SF,172,8,3,105,57,48,22,17,4,6,10,1,129,69,43,33,16,13,17
2016-7015,Vicenza,Clay,32,C,,20160529,31,A887,,,Guido Andreozzi,R,183,ARG,24.816,191,285,R750,,,Pere Riba,R,183,ESP,28.142,219,241,6-0 RET,3,F,22,2,0,14,9,9,3,3,0,0,1,1,16,13,3,1,3,0,3
2016-396,Furth,Hard,32,C,,20160531,1,J267,1,,Malek Jaziri,R,185,TUN,32.361,72,751,G676,,,Daniel Gimeno-Traver,R,183,ESP,30.815,160,333,7-6(5) 7-6(5),3,R32,136,1,4,107,49,34,26,12,4,8,1,4,85,36,19,30,12,5,9
2016-396,Furth,Hard,32,C,,20160531,2,DA81,2,,Taro Daniel,R,191,JPN,23.34,93,614,DB59,,,Dennis Novak,R,183,AUT,22.757,229,233,6-4 6-4,3,R32,79,3,3,61,39,29,16,10,3,3,3,3,62,42,29,9,10,5,7
2016-396,Furth,Hard,32,C,,20160531,3,M824,3,,Albert Montanes,R,175,ESP,35.51,98,592,MN20,,,Daniel Masur,R,183,GER,21.566,348,132,7-5 6-3,3,R32,83,0,3,58,27,19,16,10,3,6,2,3,68,37,24,9,11,2,8
2016-396,Furth,Hard,32,C,,20160531,4,SL28,4,,Jan-Lennard Struff,R,193,GER,26.1,101,578,A941,,,Facundo Arguello,R,178,ARG,23.822,162,329,6-3 6-4,3,R32,79,4,5,57,22,13,20,9,2,5,1,3,63,34,15,13,10,6,12
2016-396,Furth,Hard,32,C,,20160531,5,G585,,,Maximo Gonzalez,R,173,ARG,32.865,127,462,CF59,5,,Roberto Carballes Baena,R,183,ESP,23.19,114,523,7-6(0) 6-1,3,R32,102,4,2,62,25,19,24,10,4,6,0,6,66,24,16,17,9,5,9
2016-396,Furth,Hard,32,C,,20160531,6,K839,,,Tobias Kamke,R,178,GER,30.029,155,342,F586,6,,Thomas Fabbiano,R,173,ITA,27.014,117,518,7-6(3) 6-1,3,R32,96,1,2,81,48,30,23,10,5,5,1,10,66,26,17,20,9,4,6
2016-396,Furth,Hard,32,C,,20160531,7,A829,,,Radu Albot,R,175,MDA,26.552,137,423,D776,7,,Thiemo de Bakker,R,193,NED,27.696,120,506,6-3 6-2,3,R32,57,1,0,41,21,19,17,9,0,0,5,0,47,34,21,6,8,5,8
2016-396,Furth,Hard,32,C,,20160531,8,KC04,8,,Jozef Kovalik,R,183,SVK,23.57,125,471,D981,,,Arthur De Greef,R,183,BEL,24.178,195,278,6-7(3) 7-6(5) 6-4,3,R32,175,4,4,123,74,53,27,17,12,15,6,5,113,60,46,27,17,1,5
2016-396,Furth,Hard,32,C,,20160531,9,A622,,,Andrea Arnaboldi,L,180,ITA,28.427,175,307,MF35,,,Andrej Martin,R,183,SVK,26.694,133,438,6-2 3-6 6-0,3,R32,103,1,2,60,33,25,18,11,0,1,1,2,83,57,35,8,12,6,11
2016-396,Furth,Hard,32,C,,20160531,10,CC32,,,Guilherme Clezar,R,180,BRA,23.414,177,307,BC65,,,Matthias Bachinger,R,188,GER,29.164,335,143,6-3 6-0,3,R32,55,2,0,46,30,21,12,8,2,3,5,3,46,19,9,10,7,4,9
2016-396,Furth,Hard,32,C,,20160531,11,MI43,,,Gerald Melzer,L,188,AUT,25.884,129,452,RA51,,,Blaz Rola,L,193,SLO,25.654,193,282,6-4 1-6 7-6(2),3,R32,118,2,2,92,55,37,16,14,4,9,5,4,82,52,34,16,15,2,6
2016-396,Furth,Hard,32,C,,20160531,12,MJ08,,,Thiago Monteiro,L,183,BRA,22.001,139,409,BE54,,,Ruben Bemelmans,L,183,BEL,28.378,189,287,7-6(6) 7-6(3),3,R32,117,1,4,83,65,48,9,12,4,6,3,6,90,49,36,20,12,5,7
2016-396,Furth,Hard,32,C,,20160531,13,N503,,,Aleksandr Nedovyesov,R,188,KAZ,29.29,174,310,MN13,,,Maximilian Marterer,L,188,GER,20.961,278,185,6-3 6-3,3,R32,70,2,0,49,38,27,6,9,0,2,2,3,60,28,15,15,9,2,7
2016-396,Furth,Hard,32,C,,20160531,14,R782,,,Julian Reister,R,188,GER,30.163,520,65,Z198,,,Caio Zampieri,R,183,BRA,30.012,294,169,7-6(2) 6-4,3,R32,87,1,1,66,60,42,4,11,3,5,3,0,73,51,35,7,11,3,6
2016-396,Furth,Hard,32,C,,20160531,15,SU87,,,Lorenzo Sonego,R,191,ITA,21.057,330,146,L949,,,Henri Laaksonen,R,185,SUI,24.167,190,287,6-4 6-7(10) 6-3,3,R32,159,2,3,116,74,51,18,16,3,8,1,3,108,63,40,20,15,7,14
2016-396,Furth,Hard,32,C,,20160531,16,V495,,,Luca Vanni,R,198,ITA,30.99,159,334,W725,,,Paul Woerner,R,,GER,19.77,1112,9,6-3 6-3,3,R32,76,2,3,45,20,13,14,9,1,4,0,9,64,34,17,12,9,5,11
2016-396,Furth,Hard,32,C,,20160531,17,MI43,,,Gerald Melzer,L,188,AUT,25.884,129,452,J267,1,,Malek Jaziri,R,185,TUN,32.361,72,751,6-2 4-1 RET,3,R16,62,2,2,37,27,20,6,6,2,2,2,3,64,36,22,10,7,8,12
2016-396,Furth,Hard,32,C,,20160531,18,MJ08,,,Thiago Monteiro,L,183,BRA,22.001,139,409,DA81,2,,Taro Daniel,R,191,JPN,23.34,93,614,7-6(1) 6-4,3,R16,107,1,0,61,45,29,11,11,3,6,0,5,81,53,34,10,11,10,14
2016-396,Furth,Hard,32,C,,20160531,19,M824,3,,Albert Montanes,R,175,ESP,35.51,98,592,R782,,,Julian Reister,R,188,GER,30.163,520,65,6-3 6-3,3,R16,80,2,5,70,32,22,21,9,6,7,0,3,54,47,26,1,9,1,5
2016-396,Furth,Hard,32,C,,20160531,20,SL28,4,,Jan-Lennard Struff,R,193,GER,26.1,101,578,N503,,,Aleksandr Nedovyesov,R,188,KAZ,29.29,174,310,6-7(5) 7-5 6-3,3,R16,141,6,5,99,51,38,29,17,2,5,5,1,102,73,46,14,16,6,11
2016-396,Furth,Hard,32,C,,20160531,21,KC04,8,,Jozef Kovalik,R,183,SVK,23.57,125,471,A622,,,Andrea Arnaboldi,L,180,ITA,28.427,175,307,6-3 6-4,3,R16,72,1,2,53,35,28,12,10,0,0,3,1,56,30,26,8,9,2,4
2016-396,Furth,Hard,32,C,,20160531,22,A829,,,Radu Albot,R,175,MDA,26.552,137,423,CC32,,,Guilherme Clezar,R,180,BRA,23.414,177,307,6-2 6-2,3,R16,80,0,4,61,39,23,9,8,6,9,1,5,57,30,15,6,8,9,16
2016-396,Furth,Hard,32,C,,20160531,23,G585,,,Maximo Gonzalez,R,173,ARG,32.865,127,462,V495,,,Luca Vanni,R,198,ITA,30.99,159,334,6-2 6-4,3,R16,78,0,3,55,37,28,9,9,2,3,3,8,56,24,17,12,9,3,7
2016-396,Furth,Hard,32,C,,20160531,24,K839,,,Tobias Kamke,R,178,GER,30.029,155,342,SU87,,,Lorenzo Sonego,R,191,ITA,21.057,330,146,1-6 6-4 6-2,3,R16,131,2,1,96,62,34,18,12,10,15,4,4,93,54,38,12,13,10,16
2016-396,Furth,Hard,32,C,,20160531,25,A829,,,Radu Albot,R,175,MDA,26.552,137,423,M824,3,,Albert Montanes,R,175,ESP,35.51,98,592,7-6(5) 6-2,3,QF,95,1,0,82,58,37,14,10,8,9,2,1,62,37,25,12,10,2,5
2016-396,Furth,Hard,32,C,,20160531,26,SL28,4,,Jan-Lennard Struff,R,193,GER,26.1,101,578,KC04,8,,Jozef Kovalik,R,183,SVK,23.57,125,471,3-6 6-2 6-3,3,QF,123,5,6,95,42,30,26,13,6,9,3,3,78,43,28,17,13,5,10
2016-396,Furth,Hard,32,C,,20160531,27,G585,,,Maximo Gonzalez,R,173,ARG,32.865,127,462,MI43,,,Gerald Melzer,L,188,AUT,25.884,129,452,6-3 7-5,3,QF,104,1,2,75,44,28,17,11,4,6,1,2,64,33,21,14,10,1,5
2016-396,Furth,Hard,32,C,,20160531,28,K839,,,Tobias Kamke,R,178,GER,30.029,155,342,MJ08,,,Thiago Monteiro,L,183,BRA,22.001,139,409,7-6(3) 6-3,3,QF,98,3,2,61,36,31,16,11,1,2,3,6,87,58,36,13,10,10,12
2016-396,Furth,Hard,32,C,,20160531,29,SL28,4,,Jan-Lennard Struff,R,193,GER,26.1,101,578,G585,,,Maximo Gonzalez,R,173,ARG,32.865,127,462,6-7(3) 7-6(6) 6-3,3,SF,175,10,4,129,72,52,29,17,7,9,2,2,114,79,50,20,16,5,8
2016-396,Furth,Hard,32,C,,20160531,30,A829,,,Radu Albot,R,175,MDA,26.552,137,423,K839,,,Tobias Kamke,R,178,GER,30.029,155,342,6-1 6-4,3,SF,89,1,2,67,49,33,7,8,9,10,1,1,61,35,20,10,9,3,8
2016-396,Furth,Hard,32,C,,20160531,31,A829,,,Radu Albot,R,175,MDA,26.552,137,423,SL28,4,,Jan-Lennard Struff,R,193,GER,26.1,101,578,6-3 6-4,3,F,79,0,1,66,50,38,6,10,3,4,5,3,63,36,22,14,9,3,6
2016-558,Prostejov,Clay,32,C,,20160531,1,BE90,1,,Ricardas Berankis,R,175,LTU,25.944,50,885,KH56,,,Zdenek Kolar,R,183,CZE,19.641,334,145,6-4 6-4,3,R32,69,2,2,64,38,28,13,10,1,2,6,4,53,29,24,10,10,2,5
2016-558,Prostejov,Clay,32,C,,20160531,2,R685,2,,Lukas Rosol,R,193,CZE,30.853,59,815,PG20,,,Dmitry Popko,R,191,KAZ,19.6,210,257,6-4 7-6(4),3,R32,89,7,10,82,43,37,13,11,5,8,12,2,76,40,30,17,11,7,11
2016-558,Prostejov,Clay,32,C,,20160531,3,V708,3,,Jiri Vesely,L,198,CZE,22.891,60,815,J513,,,Miki Jankovic,R,180,SRB,21.678,291,174,7-6(4) 6-7(8) 7-5,3,R32,186,16,7,120,69,61,21,18,4,7,7,2,131,69,48,33,18,6,10
2016-558,Prostejov,Clay,32,C,,20160531,4,CA33,4,,Inigo Cervantes,R,180,ESP,26.5,69,755,BC72,,,Daniel Brands,R,196,GER,28.873,138,421,7-6(5) 6-7(5) 6-3,3,R32,147,14,8,125,62,50,34,17,7,9,11,8,108,59,49,23,16,6,9
2016-558,Prostejov,Clay,32,C,,20160531,5,A887,,,Guido Andreozzi,R,183,ARG,24.821,191,285,D923,5,,Damir Dzumhur,R,175,BIH,24.03,73,747,7-5 4-1 RET,3,R32,75,4,5,51,27,23,10,8,2,3,2,5,61,37,22,11,9,3,7
2016-558,Prostejov,Clay,32,C,,20160531,6,K926,6,,Mikhail Kukushkin,R,183,KAZ,28.43,83,699,Z254,,,Jurgen Zopp,R,191,EST,28.172,181,306,6-3 6-0,3,R32,58,2,1,45,31,21,7,8,2,4,0,8,50,24,8,11,7,5,11
2016-558,Prostejov,Clay,32,C,,20160531,7,SC73,7,,Rogerio Dutra Silva,R,178,BRA,32.318,85,686,BF23,,,Facundo Bagnis,L,183,ARG,26.256,99,590,7-6(2) 6-4,3,R32,114,8,4,92,49,32,23,11,7,9,2,5,68,38,27,14,11,2,5
2016-558,Prostejov,Clay,32,C,,20160531,8,LB07,,,Gonzalo Lama,R,180,CHI,23.094,183,303,H756,8,,Robin Haase,R,191,NED,29.153,86,685,6-3 6-3,3,R32,80,3,4,59,39,22,9,9,6,10,0,5,62,40,19,6,9,10,17
2016-558,Prostejov,Clay,32,C,,20160531,9,F724,,,Marton Fucsovics,R,188,HUN,24.309,204,263,KD70,,,Pedja Krstin,R,183,SRB,21.741,168,319,6-4 2-0 RET,3,R32,61,5,1,36,23,19,7,6,1,2,1,2,38,20,12,5,6,2,5
2016-558,Prostejov,Clay,32,C,,20160531,10,G983,,,Alessandro Giannessi,L,185,ITA,26.004,178,307,E698,,,Gastao Elias,R,180,POR,25.517,88,663,7-6(7) 5-7 6-1,3,R32,150,2,4,99,63,44,21,15,1,3,2,6,101,56,41,20,16,1,5
2016-558,Prostejov,Clay,32,C,,20160531,11,KE36,,,Dominik Kellovsky,R,183,CZE,19.852,697,37,K596,,,Alexander Kudryavtsev,R,183,RUS,30.595,156,342,7-5 6-4,3,R32,80,4,7,63,36,28,14,11,1,3,3,3,65,32,24,15,11,3,7
2016-558,Prostejov,Clay,32,C,,20160531,12,KE29,,,Karen Khachanov,R,198,RUS,20.027,108,552,CF01,,,Marco Cecchinato,R,185,ITA,23.666,124,478,6-7(3) 6-3 6-4,3,R32,131,10,8,106,53,45,27,16,4,4,2,4,101,62,40,27,15,6,8
2016-558,Prostejov,Clay,32,C,,20160531,13,PG32,,,Adam Pavlasek,R,185,CZE,21.645,132,442,LB84,,,Juan Ignacio Londero,R,180,ARG,22.793,298,167,6-4 6-3,3,R32,70,6,2,59,32,29,14,10,6,6,1,5,65,38,24,14,9,5,7
2016-558,Prostejov,Clay,32,C,,20160531,14,SG64,,,Joao Souza,R,193,BRA,28.011,186,300,K771,,,Marsel Ilhan,R,191,TUR,28.972,198,275,5-7 6-2 6-4,3,R32,151,4,3,113,75,52,20,15,8,9,12,2,106,58,37,29,15,6,9
2016-558,Prostejov,Clay,32,C,,20160531,15,T742,,,Janko Tipsarevic,R,180,SRB,31.94,680,38,MV14,,,Alex Molcan,L,178,SVK,18.497,685,38,6-4 6-3,3,R32,94,3,2,70,38,26,18,10,0,2,1,8,72,37,22,15,9,7,11
2016-558,Prostejov,Clay,32,C,,20160531,16,Y218,,,Elias Ymer,R,185,SWE,20.14,118,516,D833,,,Marcelo Demoliner,R,191,BRA,27.365,725,32,6-4 1-1 RET,3,R32,66,1,3,47,25,17,14,6,1,1,1,3,61,39,27,8,6,7,8
2016-558,Prostejov,Clay,32,C,,20160531,17,BE90,1,,Ricardas Berankis,R,175,LTU,25.944,50,885,SG64,,,Joao Souza,R,193,BRA,28.011,186,300,7-5 6-3,3,R16,104,0,3,72,40,29,22,11,9,9,9,2,69,47,33,8,10,4,6
2016-558,Prostejov,Clay,32,C,,20160531,18,R685,2,,Lukas Rosol,R,193,CZE,30.853,59,815,Y218,,,Elias Ymer,R,185,SWE,20.14,118,516,6-2 2-6 6-3,3,R16,116,4,9,84,40,28,18,13,4,8,2,11,96,47,31,19,12,7,12
2016-558,Prostejov,Clay,32,C,,20160531,19,V708,3,,Jiri Vesely,L,198,CZE,22.891,60,815,T742,,,Janko Tipsarevic,R,180,SRB,31.94,680,38,7-6(5) 6-3,3,R16,138,9,4,74,39,32,14,10,4,6,1,4,81,33,25,19,11,8,12
2016-558,Prostejov,Clay,32,C,,20160531,20,CA33,4,,Inigo Cervantes,R,180,ESP,26.5,69,755,KE36,,,Dominik Kellovsky,R,183,CZE,19.852,697,37,6-2 6-1,3,R16,50,4,0,50,20,15,19,8,3,3,1,6,40,19,13,6,7,5,9
2016-558,Prostejov,Clay,32,C,,20160531,21,K926,6,,Mikhail Kukushkin,R,183,KAZ,28.43,83,699,G983,,,Alessandro Giannessi,L,185,ITA,26.004,178,307,7-6(1) 7-5,3,R16,106,1,1,81,52,39,15,12,2,4,2,1,65,42,29,13,12,2,5
2016-558,Prostejov,Clay,32,C,,20160531,22,PG32,,,Adam Pavlasek,R,185,CZE,21.645,132,442,SC73,7,,Rogerio Dutra Silva,R,178,BRA,32.318,85,686,3-6 7-6(6) 6-1,3,R16,126,5,4,105,56,41,22,15,11,16,4,0,80,45,26,18,13,3,8
2016-558,Prostejov,Clay,32,C,,20160531,23,F724,,,Marton Fucsovics,R,188,HUN,24.309,204,263,LB07,,,Gonzalo Lama,R,180,CHI,23.094,183,303,2-6 7-5 6-4,3,R16,133,3,6,80,37,28,24,15,0,4,1,2,95,73,49,8,15,3,7
2016-558,Prostejov,Clay,32,C,,20160531,24,KE29,,,Karen Khachanov,R,198,RUS,20.027,108,552,A887,,,Guido Andreozzi,R,183,ARG,24.821,191,285,7-6(6) 7-5,3,R16,129,4,4,88,41,30,26,12,6,8,0,8,92,42,31,22,12,6,9
2016-558,Prostejov,Clay,32,C,,20160531,25,F724,,,Marton Fucsovics,R,188,HUN,24.309,204,263,BE90,1,,Ricardas Berankis,R,175,LTU,25.944,50,885,6-4 7-6(2),3,QF,114,8,1,73,39,31,17,11,5,7,4,6,101,53,35,20,11,14,17
2016-558,Prostejov,Clay,32,C,,20160531,26,KE29,,,Karen Khachanov,R,198,RUS,20.027,108,552,R685,2,,Lukas Rosol,R,193,CZE,30.853,59,815,3-6 6-4 6-3,3,QF,103,7,5,76,41,33,17,14,1,4,3,4,93,55,33,20,14,4,8
2016-558,Prostejov,Clay,32,C,,20160531,27,K926,6,,Mikhail Kukushkin,R,183,KAZ,28.43,83,699,V708,3,,Jiri Vesely,L,198,CZE,22.891,60,815,7-5 3-6 6-2,3,QF,126,0,2,87,51,36,22,14,4,6,16,4,95,60,44,17,15,5,9
2016-558,Prostejov,Clay,32,C,,20160531,28,CA33,4,,Inigo Cervantes,R,180,ESP,26.5,69,755,PG32,,,Adam Pavlasek,R,185,CZE,21.645,132,442,7-6(2) 3-6 7-6(7),3,QF,164,9,3,104,56,43,28,16,4,7,6,2,135,69,51,35,17,5,7
2016-558,Prostejov,Clay,32,C,,20160531,29,F724,,,Marton Fucsovics,R,188,HUN,24.309,204,263,CA33,4,,Inigo Cervantes,R,180,ESP,26.5,69,755,6-2 6-2,3,SF,69,4,3,46,22,19,14,8,2,2,3,4,53,29,20,6,8,5,9
2016-558,Prostejov,Clay,32,C,,20160531,30,K926,6,,Mikhail Kukushkin,R,183,KAZ,28.43,83,699,KE29,,,Karen Khachanov,R,198,RUS,20.027,108,552,6-1 6-4,3,SF,79,2,0,61,47,33,7,9,4,5,6,2,60,27,21,9,8,4,8
2016-558,Prostejov,Clay,32,C,,20160531,31,K926,6,,Mikhail Kukushkin,R,183,KAZ,28.43,83,699,F724,,,Marton Fucsovics,R,188,HUN,24.309,204,263,6-1 6-2,3,F,59,0,2,37,23,17,12,7,0,0,1,2,53,26,16,7,8,1,6
2016-7293,Manchester,Grass,32,C,,20160531,1,KB09,1,,Denis Kudla,R,180,USA,23.786,53,855,SI36,,,Eduardo Struvay,R,,COL,25.454,163,327,6-3 6-3,3,R32,71,1,1,53,37,25,9,9,2,4,3,4,64,41,26,4,9,4,9
2016-7293,Manchester,Grass,32,C,,20160531,2,BA65,,,Dustin Brown,R,196,JAM,31.477,116,520,R548,2,,Rajeev Ram,R,193,USA,32.203,70,752,7-6(3) 7-6(3),3,R32,84,11,6,92,63,48,19,12,7,7,5,2,89,56,43,18,12,7,7
2016-7293,Manchester,Grass,32,C,,20160531,3,G967,,,Peter Gojowczyk,R,188,GER,26.877,185,300,E687,3,,Daniel Evans,R,175,GBR,26.023,91,621,7-6(2) 6-3,3,R32,76,8,0,66,38,34,16,11,2,2,8,0,68,46,31,14,10,3,4
2016-7293,Manchester,Grass,32,C,,20160531,4,L575,4,,Yen-Hsun Lu,R,180,TPE,32.797,95,602,GD08,,,Lloyd Glasspool,R,191,GBR,22.53,310,158,4-6 6-3 6-4,3,R32,104,5,4,94,63,42,19,15,3,6,10,3,83,49,36,15,14,2,6
2016-7293,Manchester,Grass,32,C,,20160531,5,B896,5,,Benjamin Becker,R,178,GER,34.957,96,600,SJ55,,,John-Patrick Smith,L,188,AUS,27.348,151,355,4-6 6-3 7-5,3,R32,102,4,3,94,69,46,12,16,4,8,1,4,87,47,35,17,15,2,7
2016-7293,Manchester,Grass,32,C,,20160531,6,SC77,6,,Sergiy Stakhovsky,R,193,UKR,30.398,97,596,ME05,,,Marinko Matosevic,R,193,AUS,30.812,297,167,7-5 7-6(6),3,R32,104,9,1,77,49,44,13,12,5,6,7,5,102,58,40,24,12,9,11
2016-7293,Manchester,Grass,32,C,,20160531,7,G940,7,,Sam Groth,R,193,AUS,28.616,100,585,BI23,,,Liam Broady,L,183,GBR,22.404,248,217,6-3 3-6 6-4,3,R32,104,21,10,86,52,44,14,14,4,6,4,2,89,69,49,10,14,7,10
2016-7293,Manchester,Grass,32,C,,20160531,8,B678,,,Michael Berrer,L,193,GER,35.915,112,534,L733,,,Zhe Li,R,183,CHN,29.695,214,250,6-2 6-2,3,R32,61,2,0,40,27,23,7,8,1,2,1,2,64,44,18,11,8,8,13
2016-7293,Manchester,Grass,32,C,,20160531,9,CA71,,,Edward Corrie,R,183,GBR,28.274,402,111,K964,,,Brydan Klein,R,188,GBR,26.415,228,233,7-6(2) 5-7 7-5,3,R32,163,8,3,110,72,49,22,18,5,8,11,10,124,75,55,21,18,7,10
2016-7293,Manchester,Grass,32,C,,20160531,10,D994,,,James Duckworth,R,183,AUS,24.359,170,316,Z189,,,Grega Zemlja,R,183,SLO,29.67,152,349,6-7(4) 6-4 6-1,3,R32,103,19,1,87,52,45,19,14,7,7,11,1,101,60,41,19,15,5,9
2016-7293,Manchester,Grass,32,C,,20160531,11,KE64,,,Stefan Kozlov,R,183,USA,18.327,213,251,BF27,,,Adrien Bossel,,,SUI,29.424,383,118,6-4 6-4,3,R32,72,10,2,55,33,26,14,10,0,1,4,5,73,44,33,9,10,8,11
2016-7293,Manchester,Grass,32,C,,20160531,12,N674,,,Dennis Novikov,R,193,USA,22.565,146,380,MB53,,,Adrian Menendez-Maceiras,R,183,ESP,30.59,211,256,6-3 3-6 6-4,3,R32,86,11,3,66,41,36,15,14,0,2,10,2,80,58,41,10,14,5,8
2016-7293,Manchester,Grass,32,C,,20160531,13,R977,,,Matt Reid,R,183,AUS,25.873,308,158,K776,,,Konstantin Kravchuk,R,191,RUS,31.266,106,560,7-6(4) 6-2,3,R32,75,12,2,68,41,34,15,10,4,4,11,4,59,36,25,15,10,1,3
2016-7293,Manchester,Grass,32,C,,20160531,14,W503,,,James Ward,R,188,GBR,29.306,173,311,SM09,,,Luke Saville,R,188,AUS,22.409,187,292,7-5 6-3,3,R32,80,10,5,72,38,28,22,11,2,2,5,2,57,40,33,6,10,0,2
2016-7293,Manchester,Grass,32,C,,20160531,15,W579,,,Alexander Ward,R,185,GBR,26.086,253,210,F444,,,Alejandro Falla,L,185,COL,32.545,158,337,6-7(5) 6-2 6-4,3,R32,116,5,2,90,61,44,20,15,3,4,4,6,100,66,43,21,15,5,9
2016-7293,Manchester,Grass,32,C,,20160531,16,Z168,,,Mischa Zverev,L,191,GER,28.775,136,424,SF36,,,Igor Sijsling,R,191,NED,28.786,123,484,6-7(4) 7-5 6-4,3,R32,117,14,3,112,80,57,18,17,7,9,5,5,130,76,52,25,17,7,11
2016-7293,Manchester,Grass,32,C,,20160531,17,KB09,1,,Denis Kudla,R,180,USA,23.786,53,855,KE64,,,Stefan Kozlov,R,183,USA,18.327,213,251,6-4 6-3,3,R16,78,4,2,51,32,25,12,9,1,1,4,1,68,40,27,12,10,8,11
2016-7293,Manchester,Grass,32,C,,20160531,18,L575,4,,Yen-Hsun Lu,R,180,TPE,32.797,95,602,D994,,,James Duckworth,R,183,AUS,24.359,170,316,6-1 3-6 6-4,3,R16,98,6,3,75,51,40,15,13,3,4,10,2,87,47,32,20,13,5,8
2016-7293,Manchester,Grass,32,C,,20160531,19,W503,,,James Ward,R,188,GBR,29.306,173,311,B896,5,,Benjamin Becker,R,178,GER,34.957,96,600,6-3 6-4,3,R16,58,8,1,60,34,20,22,10,1,1,5,0,47,38,25,7,9,0,2
2016-7293,Manchester,Grass,32,C,,20160531,20,SC77,6,,Sergiy Stakhovsky,R,193,UKR,30.398,97,596,CA71,,,Edward Corrie,R,183,GBR,28.274,402,111,6-1 7-5,3,R16,90,7,2,84,54,36,15,10,11,12,3,1,75,54,27,11,9,7,11
2016-7293,Manchester,Grass,32,C,,20160531,21,G940,7,,Sam Groth,R,193,AUS,28.616,100,585,N674,,,Dennis Novikov,R,193,USA,22.565,146,380,3-6 6-3 7-5,3,R16,124,17,8,88,47,40,19,15,7,9,10,2,99,57,43,21,15,7,10
2016-7293,Manchester,Grass,32,C,,20160531,22,BA65,,,Dustin Brown,R,196,JAM,31.477,116,520,Z168,,,Mischa Zverev,L,191,GER,28.775,136,424,6-3 2-6 7-5,3,R16,81,15,7,91,61,46,15,15,3,5,1,3,76,48,36,18,14,2,4
2016-7293,Manchester,Grass,32,C,,20160531,23,G967,,,Peter Gojowczyk,R,188,GER,26.877,185,300,R977,,,Matt Reid,R,183,AUS,25.873,308,158,7-6(4) 6-7(4) 6-4,3,R16,114,16,3,107,63,45,30,17,3,5,16,2,109,70,48,22,17,3,6
2016-7293,Manchester,Grass,32,C,,20160531,24,W579,,,Alexander Ward,R,185,GBR,26.086,253,210,B678,,,Michael Berrer,L,193,GER,35.915,112,534,4-6 6-4 6-3,3,R16,123,8,2,109,74,50,21,15,7,8,3,5,91,65,45,13,14,3,5
2016-7293,Manchester,Grass,32,C,,20160531,25,KB09,1,,Denis Kudla,R,180,USA,23.786,53,855,G940,7,,Sam Groth,R,193,AUS,28.616,100,585,6-2 7-6(13),3,QF,91,8,2,89,63,49,9,10,6,7,22,5,70,46,34,12,10,1,4
2016-7293,Manchester,Grass,32,C,,20160531,26,L575,4,,Yen-Hsun Lu,R,180,TPE,32.797,95,602,SC77,6,,Sergiy Stakhovsky,R,193,UKR,30.398,97,596,7-6(8) 7-6(3),3,QF,100,4,5,87,54,43,18,12,3,4,12,3,92,58,44,17,12,6,7
2016-7293,Manchester,Grass,32,C,,20160531,27,BA65,,,Dustin Brown,R,196,JAM,31.477,116,520,W503,,,James Ward,R,188,GBR,29.306,173,311,7-6(7) 6-2,3,QF,66,12,1,56,36,34,13,10,0,0,8,4,67,45,31,12,10,3,5
2016-7293,Manchester,Grass,32,C,,20160531,28,G967,,,Peter Gojowczyk,R,188,GER,26.877,185,300,W579,,,Alexander Ward,R,185,GBR,26.086,253,210,6-3 7-6(11),3,QF,75,5,1,66,32,29,19,10,0,0,6,0,63,44,36,7,11,0,2
2016-7293,Manchester,Grass,32,C,,20160531,29,L575,4,,Yen-Hsun Lu,R,180,TPE,32.797,95,602,KB09,1,,Denis Kudla,R,180,USA,23.786,53,855,6-4 4-6 6-4,3,SF,107,4,2,96,60,41,20,15,5,8,10,2,83,48,38,15,15,2,6
2016-7293,Manchester,Grass,32,C,,20160531,30,BA65,,,Dustin Brown,R,196,JAM,31.477,116,520,G967,,,Peter Gojowczyk,R,188,GER,26.877,185,300,6-3 6-2,3,SF,44,13,3,40,20,18,14,8,0,0,9,2,51,35,24,4,9,1,5
2016-7293,Manchester,Grass,32,C,,20160531,31,BA65,,,Dustin Brown,R,196,JAM,31.477,116,520,L575,4,,Yen-Hsun Lu,R,180,TPE,32.797,95,602,7-6(5) 6-1,3,F,67,12,2,68,43,31,14,10,5,7,2,1,61,36,20,13,9,4,8
2016-600,Prague,Clay,32,C,,20160611,1,R685,1,,Lukas Rosol,R,193,CZE,30.883,71,740,HC99,,,Lenny Hampel,R,188,AUT,19.463,576,55,6-1 7-6(3),3,R32,65,4,4,65,42,32,13,10,3,3,3,3,61,39,28,7,9,3,5
2016-600,Prague,Clay,32,C,,20160611,2,SC73,2,,Rogerio Dutra Silva,R,178,BRA,32.348,83,684,SH77,,,Artem Smirnov,L,188,UKR,28.356,254,203,6-2 6-2,3,R32,67,2,1,46,29,24,11,8,2,2,1,5,49,25,15,9,8,4,8
2016-600,Prague,Clay,32,C,,20160611,3,R612,3,,Stephane Robert,R,185,FRA,36.068,91,638,GB53,,,Federico Gaio,R,178,ITA,24.268,237,219,6-3 7-5,3,R32,76,7,1,68,46,31,12,11,1,3,3,3,70,41,27,12,10,3,7
2016-600,Prague,Clay,32,C,,20160611,4,KC04,4,,Jozef Kovalik,R,183,SVK,23.6,134,440,SO86,,,Robin Stanek,L,188,CZE,21.437,268,187,6-4 6-2,3,R32,69,4,1,56,36,28,14,9,4,4,3,0,58,37,26,7,9,5,8
2016-600,Prague,Clay,32,C,,20160611,5,MI43,5,,Gerald Melzer,L,188,AUT,25.914,122,496,RA51,,,Blaz Rola,L,193,SLO,25.684,207,252,3-6 7-5 6-1,3,R32,116,2,0,87,63,44,12,14,5,7,7,2,93,64,40,14,14,9,13
2016-600,Prague,Clay,32,C,,20160611,6,PG32,6,,Adam Pavlasek,R,185,CZE,21.676,114,521,KH56,,,Zdenek Kolar,R,183,CZE,19.671,302,161,3-6 7-6(4) 6-3,3,R32,117,9,2,96,71,46,17,14,8,11,2,3,105,68,44,21,16,6,10
2016-600,Prague,Clay,32,C,,20160611,7,I236,,,Uladzimir Ignatik,R,183,BLR,25.911,289,173,MF35,7,,Andrej Martin,R,183,SVK,26.724,110,537,6-1 6-2,3,R32,54,3,0,45,32,24,8,8,0,0,1,3,41,30,14,5,7,2,6
2016-600,Prague,Clay,32,C,,20160611,8,Z254,8,,Jurgen Zopp,R,191,EST,28.203,184,298,KE36,,,Dominik Kellovsky,R,183,CZE,19.882,615,47,7-5 6-4,3,R32,86,3,1,54,36,30,12,11,1,2,5,3,82,40,31,17,11,5,8
2016-600,Prague,Clay,32,C,,20160611,9,E766,,,Edoardo Eremin,R,185,ITA,22.683,321,149,G806,,,Andrey Golubev,R,180,KAZ,28.89,197,262,7-6(6) 6-4,3,R32,85,2,3,63,42,36,12,11,3,4,4,2,71,49,33,10,11,0,2
2016-600,Prague,Clay,32,C,,20160611,10,F724,,,Marton Fucsovics,R,188,HUN,24.339,161,338,RB60,,,Oriol Roca Batalla,R,175,ESP,23.116,228,225,6-4 6-1,3,R32,63,3,2,51,34,25,8,8,3,4,0,0,47,30,16,7,9,2,7
2016-600,Prague,Clay,32,C,,20160611,11,GB93,,,Norbert Gombos,R,193,SVK,25.829,198,261,SK47,,,Mohamed Safwat,R,180,EGY,25.728,208,252,7-6(3) 6-3,3,R32,85,3,7,67,38,32,15,10,3,4,0,3,72,39,26,18,11,1,4
2016-600,Prague,Clay,32,C,,20160611,12,L908,,,Nils Langer,R,193,GER,26.376,201,260,SK67,,,Jan Satral,R,185,CZE,25.884,236,219,7-6(2) 7-5,3,R32,100,2,5,82,52,40,13,12,3,5,3,4,76,40,30,16,12,2,5
2016-600,Prague,Clay,32,C,,20160611,13,DB59,,,Dennis Novak,R,183,AUT,22.787,220,233,MF78,,,Marek Michalicka,R,183,CZE,29.467,235,221,7-5 6-2,3,R32,81,3,6,71,50,30,12,10,4,6,0,3,49,29,16,9,10,3,8
2016-600,Prague,Clay,32,C,,20160611,14,PB37,,,Hans Podlipnik-Castillo,R,183,CHI,28.422,210,248,RH13,,,Patrik Rikl,R,185,CZE,17.429,,,6-3 4-6 6-4,3,R32,118,3,1,86,60,38,17,14,3,6,2,6,97,61,41,15,15,4,9
2016-600,Prague,Clay,32,C,,20160611,15,SJ22,,,Gleb Sakharov,R,185,FRA,28.003,249,208,VA22,,,Matej Vocel,R,188,CZE,19.061,1031,11,7-6(11) 6-2,3,R32,97,4,6,82,54,41,11,10,8,9,8,3,61,25,17,18,10,1,4
2016-600,Prague,Clay,32,C,,20160611,16,SK94,,,Cedrik-Marcel Stebe,L,180,GER,25.673,986,13,Z248,,,Dzmitry Zhyrmont,R,188,BLR,27.28,375,121,6-1 6-3,3,R32,73,1,2,42,25,20,8,8,1,3,0,0,63,48,23,5,8,4,10
2016-600,Prague,Clay,32,C,,20160611,17,R685,1,,Lukas Rosol,R,193,CZE,30.883,71,740,GB93,,,Norbert Gombos,R,193,SVK,25.829,198,261,6-3 6-4,3,R16,63,0,1,54,33,25,16,10,1,1,4,3,61,41,28,8,9,7,9
2016-600,Prague,Clay,32,C,,20160611,18,SC73,2,,Rogerio Dutra Silva,R,178,BRA,32.348,83,684,E766,,,Edoardo Eremin,R,185,ITA,22.683,321,149,6-4 2-1 RET,3,R16,55,3,1,34,19,15,10,6,2,3,3,4,45,19,15,8,7,2,5
2016-600,Prague,Clay,32,C,,20160611,19,R612,3,,Stephane Robert,R,185,FRA,36.068,91,638,F724,,,Marton Fucsovics,R,188,HUN,24.339,161,338,6-2 6-4,3,R16,74,1,4,60,31,26,15,9,4,4,5,2,73,45,25,16,9,5,8
2016-600,Prague,Clay,32,C,,20160611,20,KC04,4,,Jozef Kovalik,R,183,SVK,23.6,134,440,L908,,,Nils Langer,R,193,GER,26.376,201,260,6-2 6-4,3,R16,73,2,1,50,32,24,11,9,3,4,2,2,60,40,22,8,9,1,5
2016-600,Prague,Clay,32,C,,20160611,21,DB59,,,Dennis Novak,R,183,AUT,22.787,220,233,MI43,5,,Gerald Melzer,L,188,AUT,25.914,122,496,6-4 6-2,3,R16,81,1,1,63,40,25,10,9,6,10,3,2,64,47,21,7,9,6,13
2016-600,Prague,Clay,32,C,,20160611,22,PG32,6,,Adam Pavlasek,R,185,CZE,21.676,114,521,PB37,,,Hans Podlipnik-Castillo,R,183,CHI,28.422,210,248,6-0 6-3,3,R16,58,3,0,46,27,25,9,8,1,1,1,2,44,24,12,9,7,3,7
2016-600,Prague,Clay,32,C,,20160611,23,Z254,8,,Jurgen Zopp,R,191,EST,28.203,184,298,SJ22,,,Gleb Sakharov,R,185,FRA,28.003,249,208,7-5 4-6 6-1,3,R16,119,6,2,96,55,36,27,15,3,5,2,5,82,48,35,16,14,7,11
2016-600,Prague,Clay,32,C,,20160611,24,SK94,,,Cedrik-Marcel Stebe,L,180,GER,25.673,986,13,I236,,,Uladzimir Ignatik,R,183,BLR,25.911,289,173,5-7 6-3 6-0,3,R16,152,3,1,102,62,40,21,14,9,12,0,6,88,54,34,10,13,7,13
2016-600,Prague,Clay,32,C,,20160611,25,PG32,6,,Adam Pavlasek,R,185,CZE,21.676,114,521,R685,1,,Lukas Rosol,R,193,CZE,30.883,71,740,6-4 7-6(3),3,QF,92,7,0,81,54,36,18,11,5,6,6,3,76,50,34,15,11,5,7
2016-600,Prague,Clay,32,C,,20160611,26,DB59,,,Dennis Novak,R,183,AUT,22.787,220,233,SC73,2,,Rogerio Dutra Silva,R,178,BRA,32.348,83,684,4-6 6-1 7-6(7),3,QF,140,3,6,107,76,49,17,15,8,11,5,3,96,57,36,21,14,8,12
2016-600,Prague,Clay,32,C,,20160611,27,R612,3,,Stephane Robert,R,185,FRA,36.068,91,638,Z254,8,,Jurgen Zopp,R,191,EST,28.203,184,298,6-2 6-3,3,QF,60,7,2,59,34,24,14,8,6,7,0,1,52,24,15,8,9,3,8
2016-600,Prague,Clay,32,C,,20160611,28,KC04,4,,Jozef Kovalik,R,183,SVK,23.6,134,440,SK94,,,Cedrik-Marcel Stebe,L,180,GER,25.673,986,13,6-2 2-0 RET,3,QF,43,1,0,39,26,16,9,5,4,5,0,0,23,9,3,4,5,1,5
2016-600,Prague,Clay,32,C,,20160611,29,R612,3,,Stephane Robert,R,185,FRA,36.068,91,638,DB59,,,Dennis Novak,R,183,AUT,22.787,220,233,6-1 7-6(4),3,SF,61,8,1,58,36,30,10,10,0,1,1,1,56,32,18,12,9,2,5
2016-600,Prague,Clay,32,C,,20160611,30,PG32,6,,Adam Pavlasek,R,185,CZE,21.676,114,521,KC04,4,,Jozef Kovalik,R,183,SVK,23.6,134,440,3-6 7-5 6-3,3,SF,110,7,0,81,61,46,13,15,1,2,2,4,100,64,48,16,15,7,9
2016-600,Prague,Clay,32,C,,20160611,31,PG32,6,,Adam Pavlasek,R,185,CZE,21.676,114,521,R612,3,,Stephane Robert,R,185,FRA,36.068,91,638,6-4 3-6 6-3,3,F,110,,,,,,,,,,,,,,,,,,
2016-7077,Prague,Clay,32,C,,20160611,1,K966,,,Martin Klizan,L,191,SVK,26.919,51,925,K771,,,Marsel Ilhan,R,191,TUR,29.002,180,300,6-3 6-4,3,R32,90,5,4,61,29,21,20,10,4,5,10,7,84,40,30,15,9,14,17
2016-7077,Prague,Clay,32,C,,20160611,2,A829,2,,Radu Albot,R,175,MDA,26.582,113,534,VA22,,,Matej Vocel,R,188,CZE,19.061,1031,11,6-4 6-3,3,R32,67,1,3,64,48,35,7,10,0,1,4,0,51,28,20,11,9,0,3
2016-7077,Prague,Clay,32,C,,20160611,3,BG23,3,,Nikoloz Basilashvili,R,185,GEO,24.298,101,563,SH91,,,Jordi Samper-Montana,R,,ESP,26.185,195,275,7-6(3) 7-5,3,R32,131,2,6,102,67,41,14,12,12,17,6,5,82,44,27,16,12,2,8
2016-7077,Prague,Clay,32,C,,20160611,4,KC04,4,,Jozef Kovalik,R,183,SVK,23.6,134,440,SN54,,,Frederico Ferreira Silva,L,178,POR,21.235,239,217,6-4 7-6(4),3,R32,110,2,3,80,42,29,22,11,6,8,2,2,72,34,23,21,11,4,7
2016-7077,Prague,Clay,32,C,,20160611,5,G676,5,,Daniel Gimeno-Traver,R,183,ESP,30.845,171,311,V0A1,,,Lukas Vejvara,,,CZE,19.211,1747,1,6-4 6-1,3,R32,69,0,2,43,21,16,16,8,2,3,1,5,56,27,14,13,9,4,9
2016-7077,Prague,Clay,32,C,,20160611,6,G725,6,,Santiago Giraldo,R,188,COL,28.539,128,464,MA38,,,Jan Mertl,R,191,CZE,34.437,282,178,7-5 7-6(2),3,R32,99,5,1,72,47,37,13,12,0,2,2,1,75,38,23,21,12,4,7
2016-7077,Prague,Clay,32,C,,20160611,7,L949,7,,Henri Laaksonen,R,185,SUI,24.197,186,294,MF78,,,Marek Michalicka,R,183,CZE,29.467,235,221,6-4 6-2,3,R32,86,2,4,67,36,26,15,9,6,8,3,1,59,32,16,13,9,6,11
2016-7077,Prague,Clay,32,C,,20160611,8,GA79,,,Lorenzo Giustino,R,180,ITA,24.753,279,180,A941,8,,Facundo Arguello,R,178,ARG,23.852,173,310,6-2 7-6(3),3,R32,100,1,4,57,30,22,17,10,2,4,3,3,72,42,25,13,10,3,7
2016-7077,Prague,Clay,32,C,,20160611,9,G602,,,Andre Ghem,R,193,BRA,34.037,188,291,MI11,,,Axel Michon,L,,FRA,25.487,230,223,4-6 6-1 6-2,3,R32,126,7,2,80,42,31,23,13,2,3,1,3,93,62,44,9,12,14,18
2016-7077,Prague,Clay,32,C,,20160611,10,H442,,,Jan Hernych,R,188,CZE,36.931,313,152,GB93,,,Norbert Gombos,R,193,SVK,25.829,198,261,6-4 6-3,3,R32,70,5,1,58,31,22,16,10,3,5,6,6,62,31,20,13,9,9,13
2016-7077,Prague,Clay,32,C,,20160611,11,HB71,,,Hubert Hurkacz,R,196,POL,19.329,496,72,SK67,,,Jan Satral,R,185,CZE,25.884,236,219,4-6 6-3 6-2,3,R32,122,9,6,104,59,46,21,14,8,10,0,4,83,44,31,18,13,5,9
2016-7077,Prague,Clay,32,C,,20160611,12,I236,,,Uladzimir Ignatik,R,183,BLR,25.911,289,173,Z134,,,Igor Zelenay,R,198,SVK,33.692,1355,3,6-3 6-2,3,R32,55,1,0,44,27,23,11,9,0,1,6,3,45,26,17,6,8,2,6
2016-7077,Prague,Clay,32,C,,20160611,13,KH56,,,Zdenek Kolar,R,183,CZE,19.671,302,161,N561,,,Ivan Nedelko,R,185,RUS,30.084,261,195,7-6(6) 6-2,3,R32,99,2,4,59,29,23,15,10,1,3,1,5,85,40,28,16,10,10,14
2016-7077,Prague,Clay,32,C,,20160611,14,N503,,,Aleksandr Nedovyesov,R,188,KAZ,29.32,165,324,U176,,,Vadym Ursu,R,183,UKR,19.441,706,36,6-7(4) 6-3 6-4,3,R32,139,1,1,111,79,51,19,16,5,7,3,7,101,48,33,29,15,3,7
2016-7077,Prague,Clay,32,C,,20160611,15,RA51,,,Blaz Rola,L,193,SLO,25.684,207,252,DB59,,,Dennis Novak,R,183,AUT,22.787,220,233,6-4 6-3,3,R32,77,4,1,58,36,27,11,10,1,3,0,1,58,39,23,9,9,5,9
2016-7077,Prague,Clay,32,C,,20160611,16,SN77,,,Vaclav Safranek,R,183,CZE,22.062,398,113,SQ24,,,David Simunek,,,CZE,22.924,1368,4,6-3 6-3,3,R32,53,5,0,51,36,25,11,9,2,3,1,0,47,28,16,8,9,3,7
2016-7077,Prague,Clay,32,C,,20160611,17,K966,,,Martin Klizan,L,191,SVK,26.919,51,925,N503,,,Aleksandr Nedovyesov,R,188,KAZ,29.32,165,324,6-4 6-2,3,R16,61,4,2,46,30,21,13,9,2,3,0,1,50,32,16,9,9,2,6
2016-7077,Prague,Clay,32,C,,20160611,18,A829,2,,Radu Albot,R,175,MDA,26.582,113,534,SN77,,,Vaclav Safranek,R,183,CZE,22.062,398,113,6-4 7-6(5),3,R16,82,1,1,71,46,27,14,11,4,8,2,1,69,43,28,8,11,0,5
2016-7077,Prague,Clay,32,C,,20160611,19,BG23,3,,Nikoloz Basilashvili,R,185,GEO,24.298,101,563,G602,,,Andre Ghem,R,193,BRA,34.037,188,291,6-3 6-4,3,R16,73,2,1,67,46,31,16,10,4,4,5,0,58,29,22,13,9,8,10
2016-7077,Prague,Clay,32,C,,20160611,20,RA51,,,Blaz Rola,L,193,SLO,25.684,207,252,KC04,4,,Jozef Kovalik,R,183,SVK,23.6,134,440,4-6 6-3 6-4,3,R16,128,11,1,105,63,45,21,15,10,12,7,1,70,44,33,16,14,2,5
2016-7077,Prague,Clay,32,C,,20160611,21,KH56,,,Zdenek Kolar,R,183,CZE,19.671,302,161,G676,5,,Daniel Gimeno-Traver,R,183,ESP,30.845,171,311,6-0 6-3,3,R16,69,6,1,63,32,25,14,8,6,7,4,3,61,36,20,7,7,5,10
2016-7077,Prague,Clay,32,C,,20160611,22,G725,6,,Santiago Giraldo,R,188,COL,28.539,128,464,HB71,,,Hubert Hurkacz,R,196,POL,19.329,496,72,6-3 6-1,3,R16,61,1,0,49,35,26,7,8,4,5,4,6,56,28,14,12,8,4,9
2016-7077,Prague,Clay,32,C,,20160611,23,L949,7,,Henri Laaksonen,R,185,SUI,24.197,186,294,H442,,,Jan Hernych,R,188,CZE,36.931,313,152,6-4 6-2,3,R16,69,2,2,50,34,28,10,9,1,1,1,1,64,36,20,14,9,5,8
2016-7077,Prague,Clay,32,C,,20160611,24,I236,,,Uladzimir Ignatik,R,183,BLR,25.911,289,173,GA79,,,Lorenzo Giustino,R,180,ITA,24.753,279,180,6-7(4) 6-3 7-6(3),3,R16,159,12,3,108,70,57,19,17,0,2,7,4,111,59,44,26,16,3,6
2016-7077,Prague,Clay,32,C,,20160611,25,G725,6,,Santiago Giraldo,R,188,COL,28.539,128,464,K966,,,Martin Klizan,L,191,SVK,26.919,51,925,6-1 7-5,3,QF,75,10,1,52,32,26,11,10,0,2,4,5,66,30,21,11,9,5,10
2016-7077,Prague,Clay,32,C,,20160611,26,A829,2,,Radu Albot,R,175,MDA,26.582,113,534,L949,7,,Henri Laaksonen,R,185,SUI,24.197,186,294,6-3 6-2,3,QF,68,2,1,60,40,27,13,9,4,5,0,2,53,36,20,7,8,4,8
2016-7077,Prague,Clay,32,C,,20160611,27,KH56,,,Zdenek Kolar,R,183,CZE,19.671,302,161,BG23,3,,Nikoloz Basilashvili,R,185,GEO,24.298,101,563,6-3 2-6 7-6(7),3,QF,129,6,3,109,47,32,28,15,11,18,2,4,104,67,40,15,14,5,11
2016-7077,Prague,Clay,32,C,,20160611,28,I236,,,Uladzimir Ignatik,R,183,BLR,25.911,289,173,RA51,,,Blaz Rola,L,193,SLO,25.684,207,252,6-4 7-6(3),3,QF,83,8,1,62,36,32,15,11,0,1,10,3,65,38,30,15,11,4,6
2016-7077,Prague,Clay,32,C,,20160611,29,I236,,,Uladzimir Ignatik,R,183,BLR,25.911,289,173,A829,2,,Radu Albot,R,175,MDA,26.582,113,534,6-1 6-2,3,SF,60,3,4,42,19,16,15,7,2,2,0,2,49,33,13,8,8,1,6
2016-7077,Prague,Clay,32,C,,20160611,30,G725,6,,Santiago Giraldo,R,188,COL,28.539,128,464,KH56,,,Zdenek Kolar,R,183,CZE,19.671,302,161,6-4 6-4,3,SF,71,3,0,51,30,28,11,10,3,4,2,2,60,35,24,11,10,3,6
2016-7077,Prague,Clay,32,C,,20160611,31,G725,6,,Santiago Giraldo,R,188,COL,28.539,128,464,I236,,,Uladzimir Ignatik,R,183,BLR,25.911,289,173,6-4 3-6 7-6(2),3,F,162,4,1,115,72,55,16,15,3,7,9,7,106,64,46,18,16,3,7
2016-5049,Caltanissetta,Clay,32,C,,20160612,1,L503,,,Paolo Lorenzi,R,183,ITA,34.491,57,855,SN54,,,Frederico Ferreira Silva,L,178,POR,21.238,239,217,7-6(4) 6-4,3,R32,125,0,5,80,35,22,21,11,9,14,2,4,75,28,16,21,11,2,8
2016-5049,Caltanissetta,Clay,32,C,,20160612,2,BF23,2,,Facundo Bagnis,L,183,ARG,26.289,95,620,A622,,,Andrea Arnaboldi,L,180,ITA,28.46,206,255,7-5 7-5,3,R32,116,2,5,95,49,32,20,12,13,18,3,4,83,47,28,13,12,7,14
2016-5049,Caltanissetta,Clay,32,C,,20160612,3,Y218,3,,Elias Ymer,R,185,SWE,20.172,125,482,BE69,,,Yan Bai,R,185,CHN,27.061,219,234,6-2 6-3,3,R32,73,0,1,61,36,23,16,9,2,3,0,2,49,27,15,8,8,4,8
2016-5049,Caltanissetta,Clay,32,C,,20160612,4,R782,,,Julian Reister,R,188,GER,30.196,492,73,D776,4,,Thiemo de Bakker,R,193,NED,27.729,126,479,6-3 4-6 7-6(5),3,R32,140,3,8,121,94,60,12,16,11,14,9,3,107,61,49,16,15,4,7
2016-5049,Caltanissetta,Clay,32,C,,20160612,5,G725,5,,Santiago Giraldo,R,188,COL,28.542,128,464,GA79,,,Lorenzo Giustino,R,180,ITA,24.756,279,180,6-4 6-1,3,R32,92,1,2,44,26,22,11,9,1,2,4,2,75,40,24,13,8,3,7
2016-5049,Caltanissetta,Clay,32,C,,20160612,6,CE25,,,Salvatore Caruso,R,185,ITA,23.491,253,205,G892,6,,Alejandro Gonzalez,R,191,COL,27.343,143,395,6-2 6-4,3,R32,80,1,1,54,23,18,21,9,3,3,2,3,53,25,18,13,9,0,3
2016-5049,Caltanissetta,Clay,32,C,,20160612,7,GB94,,,Omar Giacalone,R,180,ITA,24.419,541,60,G676,7,,Daniel Gimeno-Traver,R,183,ESP,30.847,171,311,7-6(6) 7-6(5),3,R32,137,0,4,82,46,29,17,12,1,6,3,14,111,55,35,24,12,9,14
2016-5049,Caltanissetta,Clay,32,C,,20160612,8,A853,,,Marcelo Arevalo,R,191,ESA,25.654,245,212,KD70,8,,Pedja Krstin,R,183,SRB,21.774,164,327,7-5 6-1,3,R32,85,5,3,56,33,23,11,10,4,7,4,5,74,36,20,14,9,8,14
2016-5049,Caltanissetta,Clay,32,C,,20160612,9,A887,,,Guido Andreozzi,R,183,ARG,24.854,154,362,N897,,,Sumit Nagal,R,178,IND,18.823,384,118,6-2 6-4,3,R32,77,4,6,61,36,24,10,9,4,7,2,0,56,39,19,5,9,3,9
2016-5049,Caltanissetta,Clay,32,C,,20160612,10,DB63,,,Laslo Djere,R,188,SRB,21.029,248,209,V254,,,Filippo Volandri,R,183,ITA,34.768,183,298,7-6(7) 6-7(2) 6-2,3,R32,160,1,4,104,69,42,16,16,0,6,1,7,132,78,41,27,16,6,14
2016-5049,Caltanissetta,Clay,32,C,,20160612,11,DA67,,,Matteo Donati,R,185,ITA,21.287,262,192,Z246,,,Miljan Zekic,R,185,SRB,27.918,263,192,6-3 5-7 7-6(6),3,R32,144,2,5,107,69,47,18,16,8,13,2,4,108,69,41,19,17,2,8
2016-5049,Caltanissetta,Clay,32,C,,20160612,12,G983,,,Alessandro Giannessi,L,185,ITA,26.037,172,311,J551,,,Nicolas Jarry,R,201,CHI,20.671,619,46,4-6 7-5 6-4,3,R32,155,1,4,114,67,39,25,16,5,10,8,3,102,55,35,22,16,7,13
2016-5049,Caltanissetta,Clay,32,C,,20160612,13,LB07,,,Gonzalo Lama,R,180,CHI,23.127,170,312,HA28,,,Filip Horansky,R,191,SVK,23.428,320,150,6-3 6-4,3,R32,75,0,2,65,42,29,14,10,6,7,0,1,58,42,26,7,9,3,6
2016-5049,Caltanissetta,Clay,32,C,,20160612,14,LA93,,,Enrique Lopez Perez,R,180,ESP,25.027,234,221,U061,,,Adrian Ungur,R,178,ROU,31.387,182,299,6-3 5-7 6-4,3,R32,143,9,7,111,59,39,25,16,7,12,1,5,96,53,32,22,15,5,11
2016-5049,Caltanissetta,Clay,32,C,,20160612,15,Q948,,,Gianluigi Quinzi,L,191,ITA,20.361,413,105,CC32,,,Guilherme Clezar,R,180,BRA,23.447,185,297,6-2 1-6 7-6(6),3,R32,145,4,5,98,57,36,16,13,8,14,9,6,110,72,42,18,14,10,16
2016-5049,Caltanissetta,Clay,32,C,,20160612,16,TC11,,,Marko Tepavac,R,193,SRB,22.188,192,282,ML48,,,Antonio Massara,R,178,ITA,20.739,550,59,6-4 6-4,3,R32,62,6,5,53,33,27,11,10,1,2,2,5,58,25,18,14,10,2,5
2016-5049,Caltanissetta,Clay,32,C,,20160612,17,L503,,,Paolo Lorenzi,R,183,ITA,34.491,57,855,DB63,,,Laslo Djere,R,188,SRB,21.029,248,209,4-6 7-6(4) 6-3,3,R16,168,3,5,102,53,38,21,15,2,7,1,8,109,66,43,16,16,5,11
2016-5049,Caltanissetta,Clay,32,C,,20160612,18,Q948,,,Gianluigi Quinzi,L,191,ITA,20.361,413,105,BF23,2,,Facundo Bagnis,L,183,ARG,26.289,95,620,6-4 2-6 6-2,3,R16,119,3,4,91,54,34,18,13,4,8,3,7,82,39,24,21,13,7,12
2016-5049,Caltanissetta,Clay,32,C,,20160612,19,G983,,,Alessandro Giannessi,L,185,ITA,26.037,172,311,Y218,3,,Elias Ymer,R,185,SWE,20.172,125,482,6-4 6-4,3,R16,108,1,6,79,50,36,15,10,9,10,2,3,66,28,23,17,10,5,8
2016-5049,Caltanissetta,Clay,32,C,,20160612,20,DA67,,,Matteo Donati,R,185,ITA,21.287,262,192,G725,5,,Santiago Giraldo,R,188,COL,28.542,128,464,6-2 3-6 7-6(4),3,R16,125,4,3,105,65,40,20,14,5,9,6,4,91,50,34,22,15,4,9
2016-5049,Caltanissetta,Clay,32,C,,20160612,21,A887,,,Guido Andreozzi,R,183,ARG,24.854,154,362,R782,,,Julian Reister,R,188,GER,30.196,492,73,3-6 6-3 6-3,3,R16,120,1,7,83,41,26,20,13,3,8,2,3,77,66,37,2,14,4,11
2016-5049,Caltanissetta,Clay,32,C,,20160612,22,A853,,,Marcelo Arevalo,R,191,ESA,25.654,245,212,TC11,,,Marko Tepavac,R,193,SRB,22.188,192,282,6-4 6-3,3,R16,78,3,5,57,28,20,19,10,5,7,3,9,64,27,17,17,9,3,7
2016-5049,Caltanissetta,Clay,32,C,,20160612,23,LB07,,,Gonzalo Lama,R,180,CHI,23.127,170,312,CE25,,,Salvatore Caruso,R,185,ITA,23.491,253,205,6-2 6-2,3,R16,71,1,1,49,34,25,10,8,3,3,1,3,55,34,17,11,8,7,11
2016-5049,Caltanissetta,Clay,32,C,,20160612,24,LA93,,,Enrique Lopez Perez,R,180,ESP,25.027,234,221,GB94,,,Omar Giacalone,R,180,ITA,24.419,541,60,6-2 6-3,3,R16,71,5,2,50,30,22,11,9,4,6,1,5,50,29,19,5,8,5,10
2016-5049,Caltanissetta,Clay,32,C,,20160612,25,L503,,,Paolo Lorenzi,R,183,ITA,34.491,57,855,LB07,,,Gonzalo Lama,R,180,CHI,23.127,170,312,6-2 6-4,3,QF,78,3,2,43,20,16,10,9,0,3,1,2,61,45,22,7,9,4,10
2016-5049,Caltanissetta,Clay,32,C,,20160612,26,A887,,,Guido Andreozzi,R,183,ARG,24.854,154,362,LA93,,,Enrique Lopez Perez,R,180,ESP,25.027,234,221,6-2 6-4,3,QF,76,1,2,52,33,26,8,9,1,2,5,3,66,42,26,8,9,4,8
2016-5049,Caltanissetta,Clay,32,C,,20160612,27,DA67,,,Matteo Donati,R,185,ITA,21.287,262,192,Q948,,,Gianluigi Quinzi,L,191,ITA,20.361,413,105,6-4 3-6 6-4,3,QF,115,4,5,93,48,37,19,14,8,11,2,3,97,68,42,16,15,7,11
2016-5049,Caltanissetta,Clay,32,C,,20160612,28,G983,,,Alessandro Giannessi,L,185,ITA,26.037,172,311,A853,,,Marcelo Arevalo,R,191,ESA,25.654,245,212,6-4 6-1,3,QF,72,0,3,57,36,22,13,9,3,5,1,2,48,24,14,8,8,2,7
2016-5049,Caltanissetta,Clay,32,C,,20160612,29,L503,,,Paolo Lorenzi,R,183,ITA,34.491,57,855,G983,,,Alessandro Giannessi,L,185,ITA,26.037,172,311,6-4 7-5,3,SF,133,2,9,87,38,30,21,11,6,9,0,4,79,47,23,16,11,7,12
2016-5049,Caltanissetta,Clay,32,C,,20160612,30,DA67,,,Matteo Donati,R,185,ITA,21.287,262,192,A887,,,Guido Andreozzi,R,183,ARG,24.854,154,362,4-6 7-5 6-2,3,SF,126,6,8,102,57,43,18,15,5,9,2,7,85,50,28,19,15,3,9
2016-5049,Caltanissetta,Clay,32,C,,20160612,31,L503,,,Paolo Lorenzi,R,183,ITA,34.491,57,855,DA67,,,Matteo Donati,R,185,ITA,21.287,262,192,6-3 4-6 7-6(7),3,F,168,6,8,129,63,48,31,16,8,10,7,3,107,74,55,15,15,6,8
2016-7295,Moscow,Clay,32,C,,20160612,1,K926,1,,Mikhail Kukushkin,R,183,KAZ,28.463,61,812,LC58,,,Tomas Lipovsek Puches,R,183,ARG,23.154,281,180,6-3 6-4,3,R32,90,1,1,80,46,27,18,10,12,15,2,4,60,33,16,12,9,3,8
2016-7295,Moscow,Clay,32,C,,20160612,2,KE29,2,,Karen Khachanov,R,198,RUS,20.06,98,589,RB56,,,Ramkumar Ramanathan,R,188,IND,21.593,224,230,6-4 6-4,3,R32,83,2,2,72,46,32,13,10,6,7,0,1,58,37,19,14,10,2,5
2016-7295,Moscow,Clay,32,C,,20160612,3,A829,3,,Radu Albot,R,175,MDA,26.585,113,534,LA94,,,Christian Lindell,R,193,SWE,24.561,297,165,6-1 6-2,3,R32,56,0,1,51,39,26,8,8,5,6,0,6,50,30,17,5,7,3,8
2016-7295,Moscow,Clay,32,C,,20160612,4,PG20,,,Dmitry Popko,R,191,KAZ,19.633,211,245,K596,4,,Alexander Kudryavtsev,R,183,RUS,30.628,160,340,6-0 6-4,3,R32,63,3,1,49,35,25,7,8,6,7,4,7,58,28,16,10,8,6,11
2016-7295,Moscow,Clay,32,C,,20160612,5,A941,5,,Facundo Arguello,R,178,ARG,23.855,173,310,Z301,,,Alexander Zhurbin,L,178,RUS,24.411,850,20,6-4 7-5,3,R32,88,1,1,72,40,26,19,11,1,3,1,1,65,39,24,12,11,4,8
2016-7295,Moscow,Clay,32,C,,20160612,6,G602,6,,Andre Ghem,R,193,BRA,34.04,188,291,T984,,,Bastian Trinker,R,188,AUT,26.089,259,200,6-0 6-2,3,R32,45,0,0,39,26,20,7,7,2,3,1,4,46,28,13,3,7,4,10
2016-7295,Moscow,Clay,32,C,,20160612,7,N503,7,,Aleksandr Nedovyesov,R,188,KAZ,29.322,165,324,R383,,,Ruben Ramirez Hidalgo,R,183,ESP,38.431,241,216,6-3 6-3,3,R32,83,3,1,62,40,26,13,9,4,5,1,1,62,37,23,10,9,3,7
2016-7295,Moscow,Clay,32,C,,20160612,8,RE44,8,,Andrey Rublev,R,188,RUS,18.645,190,287,K834,,,Blaz Kavcic,R,188,SLO,29.273,325,146,6-2 6-3,3,R32,68,2,9,59,31,27,9,9,1,3,1,2,54,44,19,4,8,7,12
2016-7295,Moscow,Clay,32,C,,20160612,9,BK92,,,Alexander Bublik,R,196,KAZ,18.987,568,56,D551,,,Farrukh Dustov,R,193,UZB,30.059,214,240,6-0 RET,3,R32,16,2,1,18,9,9,4,3,1,1,0,2,18,10,3,3,3,2,5
2016-7295,Moscow,Clay,32,C,,20160612,10,D916,,,Steven Diez,R,175,CAN,25.24,243,215,K771,,,Marsel Ilhan,R,191,TUR,29.005,180,300,6-3 6-3,3,R32,75,0,3,52,31,21,10,9,3,6,3,1,66,35,20,9,9,6,12
2016-7295,Moscow,Clay,32,C,,20160612,11,GA36,,,Emilio Gomez,R,185,ECU,24.539,351,129,MN23,,,Aleksandre Metreveli,R,183,GEO,22.839,264,192,6-3 6-2,3,R32,78,1,1,55,37,27,11,9,1,2,0,5,57,34,19,11,8,10,14
2016-7295,Moscow,Clay,32,C,,20160612,12,J513,,,Miki Jankovic,R,180,SRB,21.711,288,174,SO96,,,Ronald Slobodchikov,R,178,RUS,22.522,874,18,6-0 7-6(2),3,R32,81,6,4,65,38,27,14,9,3,5,1,6,59,33,18,9,9,2,7
2016-7295,Moscow,Clay,32,C,,20160612,13,MM66,,,Nikola Milojevic,R,188,SRB,20.983,240,216,MF71,,,Denys Molchanov,R,188,UKR,29.076,229,224,4-6 6-2 6-3,3,R32,108,0,3,98,52,33,27,14,3,6,3,3,81,44,26,19,13,6,11
2016-7295,Moscow,Clay,32,C,,20160612,14,PF36,,,David Perez Sanz,R,180,ESP,22.078,216,239,I305,,,Ilya Ivashka,R,193,BLR,22.297,247,210,6-4 6-4,3,R32,84,3,5,57,34,25,14,10,0,1,1,2,71,52,30,10,10,8,11
2016-7295,Moscow,Clay,32,C,,20160612,15,R750,,,Pere Riba,R,183,ESP,28.181,193,278,KC56,,,Aslan Karatsev,R,185,RUS,22.771,257,202,6-1 6-3,3,R32,70,6,1,47,33,25,7,8,1,2,1,3,44,22,12,8,8,2,7
2016-7295,Moscow,Clay,32,C,,20160612,16,SU55,,,Denis Shapovalov,L,185,CAN,17.161,396,113,SD78,,,Alexandre Sidorenko,R,185,FRA,28.315,227,228,3-6 6-4 7-5,3,R32,129,3,5,110,62,43,25,16,5,9,1,6,108,57,39,24,15,7,11
2016-7295,Moscow,Clay,32,C,,20160612,17,K926,1,,Mikhail Kukushkin,R,183,KAZ,28.463,61,812,MM66,,,Nikola Milojevic,R,188,SRB,20.983,240,216,4-6 6-3 6-4,3,R16,148,0,4,100,71,43,15,15,7,11,0,6,102,59,34,23,14,6,11
2016-7295,Moscow,Clay,32,C,,20160612,18,KE29,2,,Karen Khachanov,R,198,RUS,20.06,98,589,PF36,,,David Perez Sanz,R,180,ESP,22.078,216,239,6-1 6-0,3,R16,61,1,3,45,24,14,14,7,4,5,0,4,42,24,10,4,6,5,11
2016-7295,Moscow,Clay,32,C,,20160612,19,BK92,,,Alexander Bublik,R,196,KAZ,18.987,568,56,A829,3,,Radu Albot,R,175,MDA,26.585,113,534,3-6 6-4 6-4,3,R16,127,1,5,92,43,29,21,14,7,13,0,5,106,70,42,15,15,10,17
2016-7295,Moscow,Clay,32,C,,20160612,20,GA36,,,Emilio Gomez,R,185,ECU,24.539,351,129,A941,5,,Facundo Arguello,R,178,ARG,23.855,173,310,6-3 6-4,3,R16,99,0,2,69,48,29,11,10,3,6,1,3,75,46,26,10,9,9,14
2016-7295,Moscow,Clay,32,C,,20160612,21,J513,,,Miki Jankovic,R,180,SRB,21.711,288,174,G602,6,,Andre Ghem,R,193,BRA,34.04,188,291,7-6(12) 6-4,3,R16,106,2,0,89,57,41,15,11,8,9,2,4,72,36,25,19,11,0,2
2016-7295,Moscow,Clay,32,C,,20160612,22,N503,7,,Aleksandr Nedovyesov,R,188,KAZ,29.322,165,324,R750,,,Pere Riba,R,183,ESP,28.181,193,278,7-6(4) 6-4,3,R16,301,0,2,74,52,34,12,11,4,7,2,1,73,43,22,19,11,1,5
2016-7295,Moscow,Clay,32,C,,20160612,23,D916,,,Steven Diez,R,175,CAN,25.24,243,215,RE44,8,,Andrey Rublev,R,188,RUS,18.645,190,287,7-6(6) 6-3,3,R16,107,1,3,75,38,30,21,11,2,3,4,2,73,38,28,18,10,7,9
2016-7295,Moscow,Clay,32,C,,20160612,24,PG20,,,Dmitry Popko,R,191,KAZ,19.633,211,245,SU55,,,Denis Shapovalov,L,185,CAN,17.161,396,113,6-3 6-1,3,R16,58,2,3,42,24,21,10,8,1,2,3,6,57,31,18,7,8,3,8
2016-7295,Moscow,Clay,32,C,,20160612,25,K926,1,,Mikhail Kukushkin,R,183,KAZ,28.463,61,812,N503,7,,Aleksandr Nedovyesov,R,188,KAZ,29.322,165,324,6-1 2-1 RET,3,QF,42,0,0,35,21,15,10,5,3,3,0,0,26,15,7,5,5,0,3
2016-7295,Moscow,Clay,32,C,,20160612,26,KE29,2,,Karen Khachanov,R,198,RUS,20.06,98,589,J513,,,Miki Jankovic,R,180,SRB,21.711,288,174,6-3 6-3,3,QF,74,8,0,53,30,25,12,9,0,0,2,1,62,39,27,8,9,2,5
2016-7295,Moscow,Clay,32,C,,20160612,27,D916,,,Steven Diez,R,175,CAN,25.24,243,215,PG20,,,Dmitry Popko,R,191,KAZ,19.633,211,245,7-6(8) 6-3,3,QF,97,3,3,74,41,29,22,11,0,1,6,4,60,33,25,15,10,3,5
2016-7295,Moscow,Clay,32,C,,20160612,28,GA36,,,Emilio Gomez,R,185,ECU,24.539,351,129,BK92,,,Alexander Bublik,R,196,KAZ,18.987,568,56,7-6(5) 7-6(5),3,QF,111,0,1,81,56,37,20,12,1,2,4,5,100,50,35,28,12,8,9
2016-7295,Moscow,Clay,32,C,,20160612,29,K926,1,,Mikhail Kukushkin,R,183,KAZ,28.463,61,812,GA36,,,Emilio Gomez,R,185,ECU,24.539,351,129,6-2 3-0 RET,3,SF,42,0,0,25,17,15,5,5,0,0,0,0,35,25,10,4,6,3,7
2016-7295,Moscow,Clay,32,C,,20160612,30,D916,,,Steven Diez,R,175,CAN,25.24,243,215,KE29,2,,Karen Khachanov,R,198,RUS,20.06,98,589,6-1 6-4,3,SF,96,0,1,69,49,31,14,9,3,3,3,3,53,28,17,12,8,6,9
2016-7295,Moscow,Clay,32,C,,20160612,31,K926,1,,Mikhail Kukushkin,R,183,KAZ,28.463,61,812,D916,,,Steven Diez,R,175,CAN,25.24,243,215,6-3 6-3,3,F,92,1,3,60,47,31,5,9,4,6,1,2,60,33,15,11,9,5,10
2016-7297,Surbiton,Grass,32,C,,20160612,1,E687,1,,Daniel Evans,R,175,GBR,26.056,93,621,SL07,,,Alexander Sarkissian,R,191,USA,26.193,199,260,6-2 6-4,3,R32,70,9,0,57,41,30,9,9,8,9,7,1,65,37,23,13,9,9,13
2016-7297,Surbiton,Grass,32,C,,20160612,2,TC61,2,,Jordan Thompson,R,183,AUS,22.146,90,643,G967,,,Peter Gojowczyk,R,188,GER,26.91,158,345,6-2 6-3,3,R32,62,6,1,51,35,27,8,9,1,2,9,4,65,38,23,10,8,10,14
2016-7297,Surbiton,Grass,32,C,,20160612,3,L575,3,,Yen-Hsun Lu,R,180,TPE,32.83,97,615,MI01,,,Hiroki Moriya,R,168,JPN,25.656,217,238,6-3 6-4,3,R32,74,3,0,61,41,31,14,10,6,6,2,4,61,44,28,9,9,6,8
2016-7297,Surbiton,Grass,32,C,,20160612,4,F811,4,,Bjorn Fratangelo,R,183,USA,22.899,99,583,GD08,,,Lloyd Glasspool,R,191,GBR,22.563,308,158,6-2 7-6(4),3,R32,80,7,1,72,53,40,13,10,3,3,7,3,78,44,32,16,10,6,8
2016-7297,Surbiton,Grass,32,C,,20160612,5,BA65,5,,Dustin Brown,R,196,JAM,31.51,86,670,SI36,,,Eduardo Struvay,R,,COL,25.487,162,337,7-6(2) 6-4,3,R32,68,10,4,65,47,39,9,11,3,4,7,1,76,61,41,7,11,4,6
2016-7297,Surbiton,Grass,32,C,,20160612,6,BI23,,,Liam Broady,L,183,GBR,22.437,238,217,SF62,6,,Tim Smyczek,R,175,USA,28.452,123,491,3-6 6-2 7-6(2),3,R32,104,1,4,93,63,46,14,14,9,12,9,1,89,50,33,21,15,8,12
2016-7297,Surbiton,Grass,32,C,,20160612,7,W571,7,,Di Wu,R,173,CHN,24.745,157,350,W579,,,Alexander Ward,R,185,GBR,26.119,242,215,6-1 7-6(5),3,R32,75,3,1,60,31,25,12,9,3,5,0,3,64,36,21,10,10,0,5
2016-7297,Surbiton,Grass,32,C,,20160612,8,ME64,8,,Saketh Myneni,R,193,IND,28.649,150,378,D994,,,James Duckworth,R,183,AUS,24.392,169,313,6-4 3-6 6-3,3,R32,76,13,2,70,44,36,15,14,0,2,6,1,81,60,44,10,14,2,5
2016-7297,Surbiton,Grass,32,C,,20160612,9,CA99,,,Marius Copil,R,191,ROU,25.654,176,305,MH15,,,Joshua Milton,R,,GBR,26.661,410,107,6-4 6-2,3,R32,48,13,1,40,27,26,10,9,0,0,0,2,55,38,24,7,9,3,6
2016-7297,Surbiton,Grass,32,C,,20160612,10,CA71,,,Edward Corrie,R,183,GBR,28.307,376,121,SF41,,,Aldin Setkic,R,191,BIH,28.476,204,257,6-3 6-4,3,R32,72,4,3,49,29,22,11,9,0,1,1,2,66,49,32,5,10,4,8
2016-7297,Surbiton,Grass,32,C,,20160612,11,K839,,,Tobias Kamke,R,178,GER,30.062,141,410,P701,,,Michal Przysiezny,R,185,POL,32.32,371,122,6-3 6-3,3,R32,70,3,0,57,32,23,18,9,5,5,6,4,49,22,17,11,9,2,5
2016-7297,Surbiton,Grass,32,C,,20160612,12,N555,,,Daniel Nguyen,R,173,USA,25.656,221,232,MN44,,,Bradley Mousley,R,188,AUS,20.441,433,98,7-5 5-7 6-1,3,R32,118,12,5,89,59,43,18,16,3,5,9,6,105,67,43,17,15,8,12
2016-7297,Surbiton,Grass,32,C,,20160612,13,O474,,,Jonny O'Mara,R,183,GBR,21.281,701,36,L733,,,Zhe Li,R,183,CHN,29.728,244,214,6-2 6-4,3,R32,65,7,2,54,30,26,13,9,2,2,4,2,55,38,22,9,9,1,4
2016-7297,Surbiton,Grass,32,C,,20160612,14,SM09,,,Luke Saville,R,188,AUS,22.442,218,236,MB53,,,Adrian Menendez-Maceiras,R,183,ESP,30.623,215,240,6-4 7-6(6),3,R32,102,8,5,80,47,38,18,11,3,3,2,4,74,43,32,18,11,4,5
2016-7297,Surbiton,Grass,32,C,,20160612,15,SJ55,,,John-Patrick Smith,L,188,AUS,27.381,159,340,K964,,,Brydan Klein,R,188,GBR,26.448,246,210,6-2 6-4,3,R32,73,11,0,70,49,36,11,9,7,7,2,1,56,34,21,11,9,3,6
2016-7297,Surbiton,Grass,32,C,,20160612,16,TD51,,,Frances Tiafoe,R,188,USA,18.393,175,306,Z189,,,Grega Zemlja,R,183,SLO,29.703,156,357,6-4 6-7(4) 7-5,3,R32,132,6,3,126,77,56,29,17,7,8,7,3,120,67,49,28,17,8,11
2016-7297,Surbiton,Grass,32,C,,20160612,17,CA99,,,Marius Copil,R,191,ROU,25.654,176,305,E687,1,,Daniel Evans,R,175,GBR,26.056,93,621,6-4 6-2,3,R16,72,6,0,59,35,27,12,9,5,5,2,1,52,38,25,5,9,4,7
2016-7297,Surbiton,Grass,32,C,,20160612,18,TC61,2,,Jordan Thompson,R,183,AUS,22.146,90,643,SJ55,,,John-Patrick Smith,L,188,AUS,27.381,159,340,2-6 7-6(5) 6-3,3,R16,130,10,1,96,58,45,20,14,7,9,6,1,111,72,50,20,15,12,14
2016-7297,Surbiton,Grass,32,C,,20160612,19,L575,3,,Yen-Hsun Lu,R,180,TPE,32.83,97,615,N555,,,Daniel Nguyen,R,173,USA,25.656,221,232,6-3 6-4,3,R16,77,2,2,60,44,33,6,10,2,4,0,1,70,49,25,10,9,7,11
2016-7297,Surbiton,Grass,32,C,,20160612,20,F811,4,,Bjorn Fratangelo,R,183,USA,22.899,99,583,O474,,,Jonny O'Mara,R,183,GBR,21.281,701,36,6-3 6-2,3,R16,68,6,1,49,32,25,10,8,2,2,7,3,77,48,33,8,9,10,14
2016-7297,Surbiton,Grass,32,C,,20160612,21,BA65,5,,Dustin Brown,R,196,JAM,31.51,86,670,CA71,,,Edward Corrie,R,183,GBR,28.307,376,121,6-3 6-3,3,R16,56,10,4,55,36,31,8,9,1,1,2,3,61,38,25,10,9,7,10
2016-7297,Surbiton,Grass,32,C,,20160612,22,TD51,,,Frances Tiafoe,R,188,USA,18.393,175,306,W571,7,,Di Wu,R,173,CHN,24.745,157,350,4-6 7-6(3) 6-4,3,R16,124,11,1,118,78,57,17,16,8,11,6,4,87,48,34,25,16,2,5
2016-7297,Surbiton,Grass,32,C,,20160612,23,K839,,,Tobias Kamke,R,178,GER,30.062,141,410,ME64,8,,Saketh Myneni,R,193,IND,28.649,150,378,6-0 6-4,3,R16,61,0,4,49,31,25,11,8,5,5,1,7,60,33,20,10,8,8,12
2016-7297,Surbiton,Grass,32,C,,20160612,24,SM09,,,Luke Saville,R,188,AUS,22.442,218,236,BI23,,,Liam Broady,L,183,GBR,22.437,238,217,3-6 6-2 7-6(5),3,R16,118,5,3,90,60,45,14,14,2,4,6,6,96,67,45,16,15,2,5
2016-7297,Surbiton,Grass,32,C,,20160612,25,TC61,2,,Jordan Thompson,R,183,AUS,22.146,90,643,BA65,5,,Dustin Brown,R,196,JAM,31.51,86,670,6-2 6-2,3,QF,43,5,0,35,26,24,6,8,0,1,4,3,50,34,16,6,8,3,8
2016-7297,Surbiton,Grass,32,C,,20160612,26,L575,3,,Yen-Hsun Lu,R,180,TPE,32.83,97,615,SM09,,,Luke Saville,R,188,AUS,22.442,218,236,6-4 6-1,3,QF,54,6,1,38,28,26,7,8,3,3,2,6,56,38,21,7,9,2,6
2016-7297,Surbiton,Grass,32,C,,20160612,27,F811,4,,Bjorn Fratangelo,R,183,USA,22.899,99,583,TD51,,,Frances Tiafoe,R,188,USA,18.393,175,306,6-3 6-4,3,QF,63,4,2,61,41,29,14,10,1,1,1,4,48,30,22,10,9,1,3
2016-7297,Surbiton,Grass,32,C,,20160612,28,CA99,,,Marius Copil,R,191,ROU,25.654,176,305,K839,,,Tobias Kamke,R,178,GER,30.062,141,410,6-4 2-6 6-3,3,QF,113,11,6,88,56,40,14,13,7,10,0,8,96,61,42,15,14,10,14
2016-7297,Surbiton,Grass,32,C,,20160612,29,L575,3,,Yen-Hsun Lu,R,180,TPE,32.83,97,615,TC61,2,,Jordan Thompson,R,183,AUS,22.146,90,643,6-7(5) 6-3 7-6(4),3,SF,152,8,3,121,86,68,17,17,2,2,15,3,125,78,59,23,16,9,10
2016-7297,Surbiton,Grass,32,C,,20160612,30,CA99,,,Marius Copil,R,191,ROU,25.654,176,305,F811,4,,Bjorn Fratangelo,R,183,USA,22.899,99,583,6-3 6-4,3,SF,64,9,2,49,27,25,15,10,0,0,3,1,52,31,23,10,9,2,4
2016-7297,Surbiton,Grass,32,C,,20160612,31,L575,3,,Yen-Hsun Lu,R,180,TPE,32.83,97,615,CA99,,,Marius Copil,R,191,ROU,25.654,176,305,7-5 7-6(11),3,F,97,8,2,89,59,47,15,12,5,5,12,0,72,54,44,8,12,0,1
2016-7536,Lyon,Clay,32,C,,20160612,1,MG47,,,James McGee,R,183,IRL,29.008,293,168,DA81,1,,Taro Daniel,R,191,JPN,23.373,108,544,7-6(8) 6-0,3,R32,83,6,1,54,38,30,10,9,1,2,2,6,64,34,25,12,9,3,7
2016-7536,Lyon,Clay,32,C,,20160612,2,L949,,,Henri Laaksonen,R,185,SUI,24.2,186,294,CF59,2,,Roberto Carballes Baena,R,183,ESP,23.222,111,536,7-5 6-0,3,R32,69,3,3,44,30,24,8,9,0,1,3,4,57,39,22,5,9,4,9
2016-7536,Lyon,Clay,32,C,,20160612,3,CD00,,,Maxime Chazal,R,175,FRA,23.135,271,184,F586,3,,Thomas Fabbiano,R,173,ITA,27.047,112,536,6-4 1-6 6-4,3,R32,121,0,3,85,67,39,7,14,6,11,2,3,83,57,36,12,13,2,6
2016-7536,Lyon,Clay,32,C,,20160612,4,B884,4,,Carlos Berlocq,R,183,ARG,33.355,124,487,LB66,,,Constant Lestienne,R,180,FRA,24.055,205,256,6-3 6-4,3,R32,96,2,3,53,39,25,7,9,4,7,1,2,70,41,25,9,10,7,13
2016-7536,Lyon,Clay,32,C,,20160612,5,MJ08,5,,Thiago Monteiro,L,183,BRA,22.034,138,418,B747,,,Julien Benneteau,R,185,FRA,34.478,546,59,6-3 6-4,3,R32,69,10,3,64,39,29,15,10,5,6,6,2,49,30,19,10,9,1,4
2016-7536,Lyon,Clay,32,C,,20160612,6,SG64,,,Joao Souza,R,193,BRA,28.044,200,260,O376,6,,Renzo Olivo,R,178,ARG,24.244,152,375,6-2 5-7 6-2,3,R32,125,11,2,85,54,43,15,14,8,10,4,4,82,53,35,13,14,2,7
2016-7536,Lyon,Clay,32,C,,20160612,7,D632,8,,Steve Darcis,R,175,BEL,32.249,145,391,DA86,,,Joris De Loore,R,191,BEL,23.143,252,205,3-6 7-6(7) 6-4,3,R32,140,5,5,101,61,47,18,15,6,9,12,2,101,61,49,19,16,7,10
2016-7536,Lyon,Clay,32,C,,20160612,8,BK24,,,Gregoire Barrere,R,183,FRA,22.319,231,223,T999,,,Maxime Teixeira,R,188,FRA,27.398,369,123,6-0 6-2,3,R32,54,3,1,43,23,17,14,7,4,4,3,8,53,24,12,11,7,9,14
2016-7536,Lyon,Clay,32,C,,20160612,9,BK19,,,Mathias Bourgue,R,188,FRA,22.398,153,365,G753,,,David Guez,R,185,FRA,33.511,232,222,4-6 6-0 6-4,3,R32,134,16,1,92,55,38,21,13,5,7,1,1,78,46,24,20,13,4,9
2016-7536,Lyon,Clay,32,C,,20160612,10,CG33,,,Kimmer Coppejans,R,178,BEL,22.344,203,257,HB48,,,Calvin Hemery,R,191,FRA,21.372,255,202,6-4 1-6 7-5,3,R32,129,3,4,76,45,24,17,14,0,5,4,9,89,49,32,20,15,4,9
2016-7536,Lyon,Clay,32,C,,20160612,11,E678,,,Jonathan Eysseric,L,180,FRA,26.045,363,126,SF76,,,Franko Skugor,R,196,CRO,28.728,189,288,6-4 6-4,3,R32,92,7,2,68,36,25,18,10,4,5,2,3,70,45,29,12,10,5,8
2016-7536,Lyon,Clay,32,C,,20160612,12,GF08,,,Clement Geens,R,178,BEL,20.255,350,130,V494,,,Antal Van Der Duim,R,185,NED,28.739,251,205,6-7(10) 6-1 7-5,3,R32,154,6,7,129,84,60,19,15,15,18,2,5,112,68,46,16,16,3,10
2016-7536,Lyon,Clay,32,C,,20160612,13,LC11,,,Tristan Lamasine,R,183,FRA,23.272,202,259,MG08,,,Yannick Mertens,R,185,BEL,28.966,213,242,6-4 6-0,3,R32,53,2,4,42,27,23,7,8,1,2,2,2,44,30,16,3,8,2,7
2016-7536,Lyon,Clay,32,C,,20160612,14,MG54,,,Yann Marti,R,170,SUI,28.014,342,136,DF92,,,Corentin Denolly,L,188,FRA,19.017,737,31,6-4 6-0,3,R32,59,1,0,44,20,16,12,8,3,5,2,3,49,28,13,6,8,2,8
2016-7536,Lyon,Clay,32,C,,20160612,15,PL56,,,Tommy Paul,R,185,USA,19.072,212,244,LC12,,,Laurent Lokoli,R,188,FRA,21.651,610,47,6-0 7-6(4),3,R32,92,2,3,78,44,28,18,9,3,5,4,2,76,47,29,8,9,3,8
2016-7536,Lyon,Clay,32,C,,20160612,16,SH91,,,Jordi Samper-Montana,R,,ESP,26.188,195,275,Z272,,,Ze Zhang,R,188,CHN,25.941,174,307,4-6 6-4 6-3,3,R32,134,6,3,84,63,44,9,15,2,6,2,3,90,63,38,12,14,2,7
2016-7536,Lyon,Clay,32,C,,20160612,17,B884,4,,Carlos Berlocq,R,183,ARG,33.355,124,487,BK19,,,Mathias Bourgue,R,188,FRA,22.398,153,365,6-0 6-3,3,R16,88,1,1,57,43,28,7,7,5,6,2,2,62,39,19,7,8,6,12
2016-7536,Lyon,Clay,32,C,,20160612,18,MJ08,5,,Thiago Monteiro,L,183,BRA,22.034,138,418,MG54,,,Yann Marti,R,170,SUI,28.014,342,136,4-6 6-4 6-3,3,R16,121,6,1,88,58,42,16,15,4,7,4,2,90,50,36,18,14,4,8
2016-7536,Lyon,Clay,32,C,,20160612,19,D632,8,,Steve Darcis,R,175,BEL,32.249,145,391,SH91,,,Jordi Samper-Montana,R,,ESP,26.188,195,275,6-2 6-2,3,R16,75,1,1,44,30,19,7,8,0,2,1,3,56,41,19,4,8,8,14
2016-7536,Lyon,Clay,32,C,,20160612,20,BK24,,,Gregoire Barrere,R,183,FRA,22.319,231,223,CD00,,,Maxime Chazal,R,175,FRA,23.135,271,184,6-3 6-4,3,R16,85,4,2,65,46,34,9,10,4,5,2,3,67,47,29,8,9,5,8
2016-7536,Lyon,Clay,32,C,,20160612,21,CG33,,,Kimmer Coppejans,R,178,BEL,22.344,203,257,MG47,,,James McGee,R,183,IRL,29.008,293,168,6-0 6-3,3,R16,73,2,0,42,27,23,7,7,1,1,2,3,62,37,18,9,8,5,10
2016-7536,Lyon,Clay,32,C,,20160612,22,L949,,,Henri Laaksonen,R,185,SUI,24.2,186,294,E678,,,Jonathan Eysseric,L,180,FRA,26.045,363,126,6-3 6-3,3,R16,83,4,1,50,33,28,11,9,1,1,1,0,72,41,21,18,9,8,11
2016-7536,Lyon,Clay,32,C,,20160612,23,PL56,,,Tommy Paul,R,185,USA,19.072,212,244,GF08,,,Clement Geens,R,178,BEL,20.255,350,130,6-1 6-3,3,R16,52,4,1,42,27,22,11,8,0,0,2,1,48,30,17,6,8,0,4
2016-7536,Lyon,Clay,32,C,,20160612,24,SG64,,,Joao Souza,R,193,BRA,28.044,200,260,LC11,,,Tristan Lamasine,R,183,FRA,23.272,202,259,3-6 6-3 6-4,3,R16,131,4,1,79,56,42,9,14,3,6,2,1,97,65,41,14,14,10,14
2016-7536,Lyon,Clay,32,C,,20160612,25,SG64,,,Joao Souza,R,193,BRA,28.044,200,260,B884,4,,Carlos Berlocq,R,183,ARG,33.355,124,487,6-4 6-4,3,QF,86,3,1,59,47,37,4,10,1,2,3,3,62,39,24,11,10,5,8
2016-7536,Lyon,Clay,32,C,,20160612,26,MJ08,5,,Thiago Monteiro,L,183,BRA,22.034,138,418,L949,,,Henri Laaksonen,R,185,SUI,24.2,186,294,6-1 7-6(7),3,QF,88,11,0,72,51,39,10,10,3,4,4,4,72,42,26,15,9,3,6
2016-7536,Lyon,Clay,32,C,,20160612,27,D632,8,,Steve Darcis,R,175,BEL,32.249,145,391,CG33,,,Kimmer Coppejans,R,178,BEL,22.344,203,257,6-4 6-7(4) 6-3,3,QF,171,6,1,132,76,52,28,16,11,13,7,3,103,54,36,28,15,12,16
2016-7536,Lyon,Clay,32,C,,20160612,28,BK24,,,Gregoire Barrere,R,183,FRA,22.319,231,223,PL56,,,Tommy Paul,R,185,USA,19.072,212,244,6-2 6-3,3,QF,62,1,2,54,31,25,13,9,1,1,2,3,50,27,20,8,8,3,6
2016-7536,Lyon,Clay,32,C,,20160612,29,MJ08,5,,Thiago Monteiro,L,183,BRA,22.034,138,418,BK24,,,Gregoire Barrere,R,183,FRA,22.319,231,223,6-4 6-2,3,SF,54,5,2,45,29,24,12,9,0,0,5,4,50,31,22,8,9,5,8
2016-7536,Lyon,Clay,32,C,,20160612,30,D632,8,,Steve Darcis,R,175,BEL,32.249,145,391,SG64,,,Joao Souza,R,193,BRA,28.044,200,260,6-3 5-7 6-4,3,SF,148,5,3,98,64,45,18,16,3,5,8,0,109,81,55,11,15,7,10
2016-7536,Lyon,Clay,32,C,,20160612,31,D632,8,,Steve Darcis,R,175,BEL,32.249,145,391,MJ08,5,,Thiago Monteiro,L,183,BRA,22.034,138,418,3-6 6-2 6-0,3,F,91,5,5,69,40,35,10,11,4,5,1,2,67,34,22,17,12,4,9
2016-444,Poprad Tatry,Hard,32,C,,20160618,1,I236,,,Uladzimir Ignatik,R,183,BLR,25.93,276,181,MB02,1,,Florian Mayer,R,191,GER,32.704,192,286,3-6 7-6(3) 7-6(2),3,R32,104,20,1,101,78,59,11,16,4,6,20,0,91,68,53,15,17,2,3
2016-444,Poprad Tatry,Hard,32,C,,20160618,2,ME89,2,,Illya Marchenko,R,185,UKR,28.778,84,679,N982,,,Patrik Nema,R,191,SVK,18.648,1341,4,6-2 7-5,3,R32,78,10,1,53,41,35,7,10,0,0,3,4,69,42,31,9,10,6,9
2016-444,Poprad Tatry,Hard,32,C,,20160618,3,PG32,3,,Adam Pavlasek,R,185,CZE,21.695,99,603,MF35,,,Andrej Martin,R,183,SVK,26.743,108,537,6-2 7-6(4),3,R32,75,5,1,59,39,30,14,10,0,1,1,2,59,37,23,12,10,0,3
2016-444,Poprad Tatry,Hard,32,C,,20160618,4,SL28,4,,Jan-Lennard Struff,R,193,GER,26.149,88,661,MV14,,,Alex Molcan,L,178,SVK,18.546,675,38,6-3 6-2,3,R32,62,4,1,57,30,22,17,9,2,3,5,6,60,37,22,7,8,9,13
2016-444,Poprad Tatry,Hard,32,C,,20160618,5,K596,,,Alexander Kudryavtsev,R,183,RUS,30.645,157,340,R685,5,,Lukas Rosol,R,193,CZE,30.902,72,740,7-6(6) 2-6 6-3,3,R32,112,11,4,116,66,51,22,15,7,9,11,1,93,74,53,13,14,4,5
2016-444,Poprad Tatry,Hard,32,C,,20160618,6,MM58,6,,Daniil Medvedev,R,198,RUS,20.35,231,226,HA28,,,Filip Horansky,R,191,SVK,23.444,311,154,6-3 6-3,3,R32,65,6,2,64,50,33,8,9,4,5,2,1,54,32,23,6,9,2,6
2016-444,Poprad Tatry,Hard,32,C,,20160618,7,SC77,,,Sergiy Stakhovsky,R,193,UKR,30.448,100,590,L797,7,,Lukas Lacko,R,188,SVK,28.624,115,513,7-5 7-6(4),3,R32,89,18,0,80,57,51,8,12,1,1,7,0,69,48,38,12,12,0,1
2016-444,Poprad Tatry,Hard,32,C,,20160618,8,GB93,,,Norbert Gombos,R,193,SVK,25.848,279,179,KC04,8,,Jozef Kovalik,R,183,SVK,23.619,130,456,6-7(2) 7-6(5) 6-4,3,R32,135,17,1,101,72,57,21,17,1,1,13,4,118,80,64,20,17,7,8
2016-444,Poprad Tatry,Hard,32,C,,20160618,9,CA99,,,Marius Copil,R,191,ROU,25.67,174,311,KI63,,,Lukas Klein,R,193,SVK,18.242,1676,2,7-6(4) 6-3,3,R32,89,22,0,81,55,45,14,11,4,4,6,2,66,40,31,13,10,1,2
2016-444,Poprad Tatry,Hard,32,C,,20160618,10,GC89,,,Egor Gerasimov,R,196,BLR,23.6,168,315,F775,,,Patrik Fabian,L,185,SVK,22.248,598,50,6-3 6-3,3,R32,54,3,1,45,36,26,7,9,0,1,6,2,53,37,22,6,9,1,5
2016-444,Poprad Tatry,Hard,32,C,,20160618,11,I165,,,Denis Istomin,R,185,UZB,29.78,65,771,L09U,,,Tomas Liska,R,175,SVK,17.884,,,7-6(3) 6-1,3,R32,77,11,0,54,40,35,8,9,1,1,2,8,76,43,32,13,10,4,7
2016-444,Poprad Tatry,Hard,32,C,,20160618,12,MI33,,,Petr Michnev,R,188,CZE,26.875,538,61,SF41,,,Aldin Setkic,R,191,BIH,28.493,209,257,6-7(5) 6-3 7-6(1),3,R32,118,22,3,115,63,53,29,17,5,6,17,3,96,78,57,12,16,1,3
2016-444,Poprad Tatry,Hard,32,C,,20160618,13,N503,,,Aleksandr Nedovyesov,R,188,KAZ,29.339,179,309,O513,,,Sebastian Ofner,R,191,AUT,20.101,572,55,6-4 6-4,3,R32,66,2,1,62,41,30,14,10,2,2,7,3,54,38,29,9,10,2,4
2016-444,Poprad Tatry,Hard,32,C,,20160618,14,PD07,,,Vasek Pospisil,R,193,CAN,25.988,46,955,SK67,,,Jan Satral,R,185,CZE,25.903,252,206,7-6(9) 6-7(5) 7-6(2),3,R32,151,26,2,130,87,74,22,18,4,4,12,1,121,84,70,21,18,6,6
2016-444,Poprad Tatry,Hard,32,C,,20160618,15,SK47,,,Mohamed Safwat,R,180,EGY,25.747,214,252,K771,,,Marsel Ilhan,R,191,TUR,29.021,182,300,7-6(6) 7-6(3),3,R32,86,3,1,83,60,47,16,12,2,2,10,1,71,54,45,12,12,3,3
2016-444,Poprad Tatry,Hard,32,C,,20160618,16,SK94,,,Cedrik-Marcel Stebe,L,180,GER,25.692,739,30,F586,,,Thomas Fabbiano,R,173,ITA,27.064,109,536,6-3 7-5,3,R32,78,10,0,52,35,28,8,10,1,3,1,1,68,46,26,10,11,1,6
2016-444,Poprad Tatry,Hard,32,C,,20160618,17,PD07,,,Vasek Pospisil,R,193,CAN,25.988,46,955,ME89,2,,Illya Marchenko,R,185,UKR,28.778,84,679,7-6(3) 6-4,3,R16,86,11,2,63,45,41,8,11,0,0,7,3,66,45,34,12,11,0,1
2016-444,Poprad Tatry,Hard,32,C,,20160618,18,PG32,3,,Adam Pavlasek,R,185,CZE,21.695,99,603,SK47,,,Mohamed Safwat,R,180,EGY,25.747,214,252,6-4 6-2,3,R16,81,11,2,58,32,26,13,9,2,3,3,2,81,60,33,10,9,8,12
2016-444,Poprad Tatry,Hard,32,C,,20160618,19,N503,,,Aleksandr Nedovyesov,R,188,KAZ,29.339,179,309,SL28,4,,Jan-Lennard Struff,R,193,GER,26.149,88,661,6-3 3-6 7-6(3),3,R16,109,11,3,92,71,53,11,15,5,7,11,0,84,52,41,16,15,0,2
2016-444,Poprad Tatry,Hard,32,C,,20160618,20,MM58,6,,Daniil Medvedev,R,198,RUS,20.35,231,226,MI33,,,Petr Michnev,R,188,CZE,26.875,538,61,7-6(8) 6-3,3,R16,75,17,2,65,46,38,11,11,0,1,11,3,84,47,35,16,10,4,6
2016-444,Poprad Tatry,Hard,32,C,,20160618,21,CA99,,,Marius Copil,R,191,ROU,25.67,174,311,K596,,,Alexander Kudryavtsev,R,183,RUS,30.645,157,340,6-4 6-4,3,R16,68,12,0,62,40,30,13,10,3,3,2,3,54,31,24,13,10,1,3
2016-444,Poprad Tatry,Hard,32,C,,20160618,22,GC89,,,Egor Gerasimov,R,196,BLR,23.6,168,315,I236,,,Uladzimir Ignatik,R,183,BLR,25.93,276,181,6-3 6-2,3,R16,52,8,0,50,36,29,10,9,4,4,3,2,47,28,19,7,8,1,4
2016-444,Poprad Tatry,Hard,32,C,,20160618,23,GB93,,,Norbert Gombos,R,193,SVK,25.848,279,179,SK94,,,Cedrik-Marcel Stebe,L,180,GER,25.692,739,30,7-6(3) 5-7 6-4,3,R16,150,12,1,105,66,53,21,17,3,4,8,1,107,64,47,29,17,3,4
2016-444,Poprad Tatry,Hard,32,C,,20160618,24,SC77,,,Sergiy Stakhovsky,R,193,UKR,30.448,100,590,I165,,,Denis Istomin,R,185,UZB,29.78,65,771,7-6(4) 6-3,3,R16,78,7,0,70,56,47,5,11,5,5,5,0,68,55,38,7,10,3,4
2016-444,Poprad Tatry,Hard,32,C,,20160618,25,MM58,6,,Daniil Medvedev,R,198,RUS,20.35,231,226,PG32,3,,Adam Pavlasek,R,185,CZE,21.695,99,603,6-3 6-3,3,QF,78,5,0,53,39,27,11,9,3,3,2,4,78,46,29,14,9,6,9
2016-444,Poprad Tatry,Hard,32,C,,20160618,26,CA99,,,Marius Copil,R,191,ROU,25.67,174,311,GC89,,,Egor Gerasimov,R,196,BLR,23.6,168,315,7-6(4) 7-6(5),3,QF,94,18,2,76,50,45,15,12,0,0,14,2,76,55,42,16,12,0,0
2016-444,Poprad Tatry,Hard,32,C,,20160618,27,GB93,,,Norbert Gombos,R,193,SVK,25.848,279,179,PD07,,,Vasek Pospisil,R,193,CAN,25.988,46,955,6-4 6-3,3,QF,89,5,4,62,41,37,10,10,7,7,13,1,73,42,33,10,9,5,7
2016-444,Poprad Tatry,Hard,32,C,,20160618,28,SC77,,,Sergiy Stakhovsky,R,193,UKR,30.448,100,590,N503,,,Aleksandr Nedovyesov,R,188,KAZ,29.339,179,309,7-6(4) 4-6 7-6(7),3,QF,158,13,3,125,78,60,21,17,7,10,7,1,116,84,56,18,17,2,4
2016-444,Poprad Tatry,Hard,32,C,,20160618,29,CA99,,,Marius Copil,R,191,ROU,25.67,174,311,MM58,6,,Daniil Medvedev,R,198,RUS,20.35,231,226,7-6(8) 7-6(5),3,SF,113,14,1,79,56,46,14,12,3,4,9,5,92,53,41,20,12,5,6
2016-444,Poprad Tatry,Hard,32,C,,20160618,30,GB93,,,Norbert Gombos,R,193,SVK,25.848,279,179,SC77,,,Sergiy Stakhovsky,R,193,UKR,30.448,100,590,6-4 7-6(4),3,SF,87,11,2,71,42,34,19,11,5,5,7,4,68,47,38,11,11,4,5
2016-444,Poprad Tatry,Hard,32,C,,20160618,31,GB93,,,Norbert Gombos,R,193,SVK,25.848,279,179,CA99,,,Marius Copil,R,191,ROU,25.67,174,311,7-6(8) 4-6 6-3,3,F,129,18,0,103,79,59,15,16,10,11,16,3,91,53,43,22,15,0,1
2016-9003,Poprad Tatry,Clay,32,C,,20160618,1,K966,,,Martin Klizan,L,191,SVK,26.938,50,925,MF09,,,Nikola Mektic,R,183,CRO,27.483,303,161,3-6 6-3 6-3,3,R32,117,8,1,82,50,34,15,13,7,11,3,2,86,45,29,16,14,5,11
2016-9003,Poprad Tatry,Clay,32,C,,20160618,2,Z184,2,,Horacio Zeballos,L,188,ARG,31.143,98,611,SK67,,,Jan Satral,R,185,CZE,25.903,252,206,6-2 6-1,3,R32,61,6,2,42,24,20,11,7,4,4,3,3,42,24,13,5,8,4,9
2016-9003,Poprad Tatry,Clay,32,C,,20160618,3,MF35,4,,Andrej Martin,R,183,SVK,26.743,108,537,L908,,,Nils Langer,R,193,GER,26.396,200,268,7-5 6-7(5) 6-2,3,R32,151,7,8,110,62,43,26,16,5,8,1,5,102,59,36,21,16,5,11
2016-9003,Poprad Tatry,Clay,32,C,,20160618,4,PG32,5,,Adam Pavlasek,R,185,CZE,21.695,99,603,G806,,,Andrey Golubev,R,180,KAZ,28.909,206,262,7-5 6-3,3,R32,83,4,5,70,40,31,16,11,2,3,3,3,65,39,23,15,10,4,7
2016-9003,Poprad Tatry,Clay,32,C,,20160618,5,MI43,6,,Gerald Melzer,L,188,AUT,25.933,120,504,MA38,,,Jan Mertl,R,191,CZE,34.456,289,170,6-1 6-2,3,R32,53,1,2,36,24,23,9,8,0,0,6,3,54,37,22,5,7,7,11
2016-9003,Poprad Tatry,Clay,32,C,,20160618,6,KC04,7,,Jozef Kovalik,R,183,SVK,23.619,130,456,DA86,,,Joris De Loore,R,191,BEL,23.159,250,207,7-6(4) 3-6 6-4,3,R32,140,5,7,97,55,43,18,15,8,11,12,5,108,62,46,24,16,6,9
2016-9003,Poprad Tatry,Clay,32,C,,20160618,7,CG33,,,Kimmer Coppejans,R,178,BEL,22.36,220,242,A941,8,,Facundo Arguello,R,178,ARG,23.871,175,311,6-7(4) 6-2 6-4,3,R32,152,3,5,92,51,37,24,15,4,6,3,4,107,50,40,22,15,14,19
2016-9003,Poprad Tatry,Clay,32,C,,20160618,8,G602,9,,Andre Ghem,R,193,BRA,34.056,188,291,PB37,,,Hans Podlipnik-Castillo,R,183,CHI,28.441,217,248,6-3 6-3,3,R32,78,3,3,51,27,20,15,9,1,2,1,2,64,40,20,14,9,8,12
2016-9003,Poprad Tatry,Clay,32,C,,20160618,9,GB93,,,Norbert Gombos,R,193,SVK,25.848,279,179,LC58,,,Tomas Lipovsek Puches,R,183,ARG,23.17,278,180,6-2 6-4,3,R32,67,2,9,59,33,24,11,9,3,5,5,8,54,24,15,12,9,5,10
2016-9003,Poprad Tatry,Clay,32,C,,20160618,10,I236,,,Uladzimir Ignatik,R,183,BLR,25.93,276,181,SM51,,,Dominik Sproch,,,SVK,22.905,1617,2,6-2 6-2,3,R32,75,1,3,36,19,17,12,8,0,1,1,7,53,25,15,9,8,3,8
2016-9003,Poprad Tatry,Clay,32,C,,20160618,11,MF78,,,Marek Michalicka,R,183,CZE,29.487,242,217,DA13,,,Dragos Dima,R,180,ROU,24.005,377,122,6-3 6-3,3,R32,77,2,1,45,22,13,13,9,0,3,3,2,68,39,22,9,9,9,15
2016-9003,Poprad Tatry,Clay,32,C,,20160618,12,DB59,,,Dennis Novak,R,183,AUT,22.806,202,266,MN13,,,Maximilian Marterer,L,188,GER,21.01,283,176,6-4 7-6(6),3,R32,98,2,5,81,54,38,14,11,2,3,5,3,79,47,33,17,11,2,4
2016-9003,Poprad Tatry,Clay,32,C,,20160618,13,R383,,,Ruben Ramirez Hidalgo,R,183,ESP,38.448,243,216,F775,,,Patrik Fabian,L,185,SVK,22.248,598,50,6-3 6-3,3,R32,73,0,3,49,28,22,10,9,1,3,1,4,59,31,19,11,9,4,9
2016-9003,Poprad Tatry,Clay,32,C,,20160618,14,RB60,,,Oriol Roca Batalla,R,175,ESP,23.135,233,225,SS25,,,Vitaliy Sachko,R,188,UKR,18.93,1138,8,4-6 6-3 7-5,3,R32,131,4,8,97,61,44,16,16,4,9,4,7,98,57,33,19,15,12,18
2016-9003,Poprad Tatry,Clay,32,C,,20160618,15,SK47,,,Mohamed Safwat,R,180,EGY,25.747,214,252,GA36,,,Emilio Gomez,R,185,ECU,24.556,290,169,6-3 6-2,3,R32,67,2,3,48,29,23,10,9,0,2,2,3,49,28,16,7,8,2,7
2016-9003,Poprad Tatry,Clay,32,C,,20160618,16,SO86,,,Robin Stanek,L,188,CZE,21.457,266,187,KI63,,,Lukas Klein,R,193,SVK,18.242,1676,2,6-3 6-3,3,R32,70,2,1,51,37,24,7,9,1,3,1,1,62,32,20,9,9,1,6
2016-9003,Poprad Tatry,Clay,32,C,,20160618,17,K966,,,Martin Klizan,L,191,SVK,26.938,50,925,RB60,,,Oriol Roca Batalla,R,175,ESP,23.135,233,225,6-1 6-0,3,R16,56,1,0,30,23,19,5,6,0,0,2,7,56,25,12,10,7,5,11
2016-9003,Poprad Tatry,Clay,32,C,,20160618,18,Z184,2,,Horacio Zeballos,L,188,ARG,31.143,98,611,I236,,,Uladzimir Ignatik,R,183,BLR,25.93,276,181,6-2 6-4,3,R16,75,8,2,52,33,26,10,9,1,2,1,4,55,38,24,5,9,2,6
2016-9003,Poprad Tatry,Clay,32,C,,20160618,19,MF35,4,,Andrej Martin,R,183,SVK,26.743,108,537,DB59,,,Dennis Novak,R,183,AUT,22.806,202,266,6-2 7-5,3,R16,78,1,5,71,52,40,4,10,6,8,1,2,60,46,23,7,10,1,6
2016-9003,Poprad Tatry,Clay,32,C,,20160618,20,PG32,5,,Adam Pavlasek,R,185,CZE,21.695,99,603,SO86,,,Robin Stanek,L,188,CZE,21.457,266,187,6-4 6-4,3,R16,71,3,2,60,37,27,11,10,0,2,2,1,57,39,26,7,10,0,4
2016-9003,Poprad Tatry,Clay,32,C,,20160618,21,MI43,6,,Gerald Melzer,L,188,AUT,25.933,120,504,GB93,,,Norbert Gombos,R,193,SVK,25.848,279,179,6-4 6-4,3,R16,74,2,3,64,36,23,15,10,0,3,4,8,60,31,20,10,10,3,8
2016-9003,Poprad Tatry,Clay,32,C,,20160618,22,KC04,7,,Jozef Kovalik,R,183,SVK,23.619,130,456,SK47,,,Mohamed Safwat,R,180,EGY,25.747,214,252,6-3 7-6(3),3,R16,96,2,2,79,43,32,19,11,8,9,1,3,66,38,24,16,10,5,7
2016-9003,Poprad Tatry,Clay,32,C,,20160618,23,R383,,,Ruben Ramirez Hidalgo,R,183,ESP,38.448,243,216,G602,9,,Andre Ghem,R,193,BRA,34.056,188,291,4-6 6-1 6-1,3,R16,111,1,1,77,34,22,24,12,5,8,2,4,74,43,24,10,12,7,14
2016-9003,Poprad Tatry,Clay,32,C,,20160618,24,CG33,,,Kimmer Coppejans,R,178,BEL,22.36,220,242,MF78,,,Marek Michalicka,R,183,CZE,29.487,242,217,6-1 6-4,3,R16,85,1,6,59,31,23,12,9,3,5,1,2,49,29,10,10,8,5,10
2016-9003,Poprad Tatry,Clay,32,C,,20160618,25,K966,,,Martin Klizan,L,191,SVK,26.938,50,925,PG32,5,,Adam Pavlasek,R,185,CZE,21.695,99,603,6-3 0-6 6-4,3,QF,97,1,1,71,37,24,17,13,1,6,10,1,75,49,33,10,12,5,9
2016-9003,Poprad Tatry,Clay,32,C,,20160618,26,Z184,2,,Horacio Zeballos,L,188,ARG,31.143,98,611,KC04,7,,Jozef Kovalik,R,183,SVK,23.619,130,456,7-6(4) 7-6(2),3,QF,116,10,1,85,54,41,18,12,6,8,3,2,80,44,34,18,12,5,7
2016-9003,Poprad Tatry,Clay,32,C,,20160618,27,MF35,4,,Andrej Martin,R,183,SVK,26.743,108,537,CG33,,,Kimmer Coppejans,R,178,BEL,22.36,220,242,5-7 6-3 7-5,3,QF,163,1,2,117,68,39,31,17,9,14,2,11,105,65,44,14,16,6,12
2016-9003,Poprad Tatry,Clay,32,C,,20160618,28,MI43,6,,Gerald Melzer,L,188,AUT,25.933,120,504,R383,,,Ruben Ramirez Hidalgo,R,183,ESP,38.448,243,216,6-2 6-2,3,QF,72,6,1,44,33,26,6,8,0,0,2,4,58,31,21,9,8,3,7
2016-9003,Poprad Tatry,Clay,32,C,,20160618,29,MI43,6,,Gerald Melzer,L,188,AUT,25.933,120,504,K966,,,Martin Klizan,L,191,SVK,26.938,50,925,6-3 5-7 6-4,3,SF,161,4,4,110,77,49,16,15,4,8,1,3,119,84,47,17,16,8,14
2016-9003,Poprad Tatry,Clay,32,C,,20160618,30,Z184,2,,Horacio Zeballos,L,188,ARG,31.143,98,611,MF35,4,,Andrej Martin,R,183,SVK,26.743,108,537,6-3 6-3,3,SF,76,1,2,50,22,18,18,9,1,2,1,1,58,40,23,8,9,9,13
2016-9003,Poprad Tatry,Clay,32,C,,20160618,31,Z184,2,,Horacio Zeballos,L,188,ARG,31.143,98,611,MI43,6,,Gerald Melzer,L,188,AUT,25.933,120,504,6-3 6-4,3,F,103,9,4,68,35,29,15,10,6,7,2,2,72,52,28,12,9,5,8
2016-603,Fergana,Hard,32,C,,20160619,1,K776,1,,Konstantin Kravchuk,R,191,RUS,31.318,106,538,J347,,,Yannick Jankovits,R,,FRA,29.451,285,175,6-4 6-0,3,R32,77,4,1,49,37,23,9,8,0,1,3,2,63,30,18,12,8,12,17
2016-603,Fergana,Hard,32,C,,20160619,2,A829,2,,Radu Albot,R,175,MDA,26.604,124,487,V717,,,Alexey Vatutin,R,178,RUS,23.644,277,180,6-1 6-0,3,R32,51,6,0,39,24,18,12,7,2,2,0,3,57,47,21,2,6,10,15
2016-603,Fergana,Hard,32,C,,20160619,3,K596,3,,Alexander Kudryavtsev,R,183,RUS,30.648,157,340,KG72,,,Jurabek Karimov,R,191,UZB,18.042,766,28,6-2 6-4,3,R32,64,5,1,48,28,24,13,9,1,1,5,3,61,36,23,11,9,6,9
2016-603,Fergana,Hard,32,C,,20160619,4,PG20,4,,Dmitry Popko,R,191,KAZ,19.652,210,257,F786,,,Sanjar Fayziev,R,188,UZB,21.892,569,55,6-0 6-4,3,R32,70,8,5,57,25,18,15,8,6,8,4,7,55,20,14,10,8,5,11
2016-603,Fergana,Hard,32,C,,20160619,5,LE01,5,,Duckhee Lee,R,170,KOR,18.059,212,256,V505,,,Vishnu Vardhan,R,188,IND,28.898,413,105,7-6(4) 6-3,3,R32,94,10,3,66,39,36,17,11,2,2,15,11,92,49,39,16,10,9,10
2016-603,Fergana,Hard,32,C,,20160619,6,SL92,,,Shuichi Sekiguchi,R,168,JPN,24.931,337,140,MF71,6,,Denys Molchanov,R,188,UKR,29.095,259,197,7-6(4) 6-5 RET,3,R32,116,2,2,80,44,28,20,11,6,8,8,9,101,56,35,22,12,9,12
2016-603,Fergana,Hard,32,C,,20160619,7,MM66,7,,Nikola Milojevic,R,188,SRB,21.002,240,217,SR81,,,Khumoyun Sultanov,R,180,UZB,17.645,855,19,6-4 6-2,3,R32,56,3,4,49,25,22,15,9,0,0,3,3,46,21,13,15,9,1,4
2016-603,Fergana,Hard,32,C,,20160619,8,I305,8,,Ilya Ivashka,R,193,BLR,22.316,248,210,BH22,,,Sam Barry,R,191,IRL,24.394,280,179,6-3 6-1,3,R32,68,5,1,49,30,24,10,8,2,2,3,1,45,30,18,7,8,5,9
2016-603,Fergana,Hard,32,C,,20160619,9,BF98,,,Alessandro Bega,R,170,ITA,25.437,297,166,BF27,,,Adrien Bossel,,,SUI,29.476,382,121,6-4 7-6(6),3,R32,87,5,2,74,54,38,12,11,3,4,9,0,74,45,30,17,11,6,8
2016-603,Fergana,Hard,32,C,,20160619,10,C813,,,Ti Chen,R,178,TPE,32.712,198,270,CG32,,,Julien Cagnina,R,183,BEL,22.042,356,129,6-2 4-1 RET,3,R32,52,2,1,47,41,27,1,7,4,6,3,6,38,28,15,0,6,2,7
2016-603,Fergana,Hard,32,C,,20160619,11,D917,,,Sadio Doumbia,R,183,FRA,25.769,345,134,SL44,,,Shonigmatjon Shofayziyev,R,203,UZB,22.971,1304,5,6-7(3) 6-2 6-4,3,R32,144,4,9,93,67,51,15,15,4,5,19,7,121,63,43,30,15,12,16
2016-603,Fergana,Hard,32,C,,20160619,12,D808,,,Julien Dubail,R,193,BEL,28.345,404,111,I286,,,Temur Ismailov,,,UZB,21.429,397,113,6-1 3-6 6-2,3,R32,97,11,4,75,41,36,15,12,5,6,7,4,76,41,34,13,12,6,10
2016-603,Fergana,Hard,32,C,,20160619,13,J513,,,Miki Jankovic,R,180,SRB,21.73,261,194,K906,,,Michal Konecny,L,183,CZE,26.683,294,167,6-4 7-6(2),3,R32,84,0,0,67,48,37,12,11,2,2,14,5,64,37,29,13,11,1,2
2016-603,Fergana,Hard,32,C,,20160619,14,K834,,,Blaz Kavcic,R,188,SLO,29.292,324,146,O340,,,Roberto Ortega-Olmedo,R,168,ESP,25.139,300,163,6-2 4-6 6-3,3,R32,119,6,9,99,61,40,17,14,8,12,0,8,77,36,19,19,13,8,14
2016-603,Fergana,Hard,32,C,,20160619,15,Z349,,,Anton Zaitcev,R,180,UKR,28.912,694,36,PE02,,,Danilo Petrovic,R,203,SRB,24.402,349,132,7-6(4) 6-2,3,R32,97,1,0,69,45,26,15,10,2,5,7,7,70,46,28,7,10,5,10
2016-603,Fergana,Hard,32,C,,20160619,16,Z248,,,Dzmitry Zhyrmont,R,188,BLR,27.302,364,126,L430,,,Giovanni Lapentti,R,193,ECU,33.399,322,148,6-3 1-0 RET,3,R32,32,7,0,25,16,14,6,5,0,0,3,1,30,18,12,4,5,0,2
2016-603,Fergana,Hard,32,C,,20160619,17,K776,1,,Konstantin Kravchuk,R,191,RUS,31.318,106,538,D808,,,Julien Dubail,R,193,BEL,28.345,404,111,6-2 6-2,3,R16,61,8,1,43,26,23,10,8,1,1,1,3,46,29,17,6,8,3,7
2016-603,Fergana,Hard,32,C,,20160619,18,A829,2,,Radu Albot,R,175,MDA,26.604,124,487,D917,,,Sadio Doumbia,R,183,FRA,25.769,345,134,6-4 7-6(4),3,R16,109,3,2,90,59,44,13,11,7,8,1,2,80,55,38,12,11,6,8
2016-603,Fergana,Hard,32,C,,20160619,19,K596,3,,Alexander Kudryavtsev,R,183,RUS,30.648,157,340,K834,,,Blaz Kavcic,R,188,SLO,29.292,324,146,6-3 6-4,3,R16,68,10,3,49,27,23,13,10,0,1,7,4,56,36,24,10,9,3,6
2016-603,Fergana,Hard,32,C,,20160619,20,PG20,4,,Dmitry Popko,R,191,KAZ,19.652,210,257,C813,,,Ti Chen,R,178,TPE,32.712,198,270,6-2 6-2,3,R16,57,7,1,41,21,20,13,8,2,2,2,1,52,31,20,7,8,3,7
2016-603,Fergana,Hard,32,C,,20160619,21,LE01,5,,Duckhee Lee,R,170,KOR,18.059,212,256,BF98,,,Alessandro Bega,R,170,ITA,25.437,297,166,6-3 1-6 6-3,3,R16,96,1,3,70,40,24,16,13,2,7,1,5,79,42,25,15,12,5,10
2016-603,Fergana,Hard,32,C,,20160619,22,MM66,7,,Nikola Milojevic,R,188,SRB,21.002,240,217,Z349,,,Anton Zaitcev,R,180,UKR,28.912,694,36,6-3 6-3,3,R16,75,3,3,48,19,18,20,9,0,0,1,2,67,47,29,9,9,2,5
2016-603,Fergana,Hard,32,C,,20160619,23,I305,8,,Ilya Ivashka,R,193,BLR,22.316,248,210,J513,,,Miki Jankovic,R,180,SRB,21.73,261,194,7-5 7-6(8),3,R16,113,10,4,81,48,41,19,12,2,2,11,0,102,64,43,21,12,7,8
2016-603,Fergana,Hard,32,C,,20160619,24,SL92,,,Shuichi Sekiguchi,R,168,JPN,24.931,337,140,Z248,,,Dzmitry Zhyrmont,R,188,BLR,27.302,364,126,6-3 4-6 6-3,3,R16,106,2,3,78,54,39,16,14,2,3,2,2,78,55,37,15,14,4,7
2016-603,Fergana,Hard,32,C,,20160619,25,K776,1,,Konstantin Kravchuk,R,191,RUS,31.318,106,538,I305,8,,Ilya Ivashka,R,193,BLR,22.316,248,210,7-5 7-6(6),3,QF,113,4,1,80,53,42,13,12,6,7,4,0,78,56,41,10,12,1,3
2016-603,Fergana,Hard,32,C,,20160619,26,A829,2,,Radu Albot,R,175,MDA,26.604,124,487,SL92,,,Shuichi Sekiguchi,R,168,JPN,24.931,337,140,7-6(5) 6-3,3,QF,104,2,2,66,49,35,8,10,2,4,2,4,88,52,34,14,11,11,15
2016-603,Fergana,Hard,32,C,,20160619,27,MM66,7,,Nikola Milojevic,R,188,SRB,21.002,240,217,K596,3,,Alexander Kudryavtsev,R,183,RUS,30.648,157,340,3-2 RET,3,QF,19,3,2,18,11,8,2,3,2,3,0,0,18,11,5,2,2,2,3
2016-603,Fergana,Hard,32,C,,20160619,28,LE01,5,,Duckhee Lee,R,170,KOR,18.059,212,256,PG20,4,,Dmitry Popko,R,191,KAZ,19.652,210,257,6-4 6-3,3,QF,76,0,0,53,37,26,12,9,2,3,7,3,72,40,28,13,10,6,10
2016-603,Fergana,Hard,32,C,,20160619,29,K776,1,,Konstantin Kravchuk,R,191,RUS,31.318,106,538,MM66,7,,Nikola Milojevic,R,188,SRB,21.002,240,217,6-2 6-2,3,SF,75,6,3,56,36,29,9,8,1,1,3,7,58,29,15,15,8,3,7
2016-603,Fergana,Hard,32,C,,20160619,30,A829,2,,Radu Albot,R,175,MDA,26.604,124,487,LE01,5,,Duckhee Lee,R,170,KOR,18.059,212,256,6-7(6) 6-4 6-1,3,SF,136,7,4,92,66,43,12,14,2,5,3,5,97,52,33,16,15,6,13
2016-603,Fergana,Hard,32,C,,20160619,31,A829,2,,Radu Albot,R,175,MDA,26.604,124,487,K776,1,,Konstantin Kravchuk,R,191,RUS,31.318,106,538,6-4 6-2,3,F,80,0,1,49,36,24,11,9,2,3,3,0,61,31,21,12,9,4,8
2016-6757,Blois,Clay,32,C,,20160619,1,CC32,,,Guilherme Clezar,R,180,BRA,23.466,197,272,M824,1,,Albert Montanes,R,175,ESP,35.562,116,508,4-6 7-6(5) 6-4,3,R32,134,9,0,103,66,52,20,16,4,6,13,6,104,65,50,22,16,3,5
2016-6757,Blois,Clay,32,C,,20160619,2,B884,2,,Carlos Berlocq,R,183,ARG,33.374,119,505,H896,,,Jose Hernandez-Fernandez,R,183,DOM,26.27,339,139,6-3 6-4,3,R32,82,7,1,49,37,30,8,10,1,2,1,2,61,46,25,8,9,2,5
2016-6757,Blois,Clay,32,C,,20160619,3,BA86,,,Andreas Beck,L,191,GER,30.368,319,150,D776,3,,Thiemo de Bakker,R,193,NED,27.748,126,479,5-7 6-3 6-3,3,R32,123,2,3,96,61,42,19,15,7,10,13,2,85,52,36,12,15,1,6
2016-6757,Blois,Clay,32,C,,20160619,4,MJ08,4,,Thiago Monteiro,L,183,BRA,22.053,128,473,HB48,,,Calvin Hemery,R,191,FRA,21.391,255,202,7-5 6-3,3,R32,78,5,2,57,37,30,11,10,2,3,5,2,67,42,25,13,11,5,9
2016-6757,Blois,Clay,32,C,,20160619,5,D916,,,Steven Diez,R,175,CAN,25.259,199,269,G892,5,,Alejandro Gonzalez,R,191,COL,27.362,147,378,6-4 2-6 6-4,3,R32,148,1,3,86,62,39,12,14,4,8,3,3,116,68,48,17,14,16,20
2016-6757,Blois,Clay,32,C,,20160619,6,D632,6,,Steve Darcis,R,175,BEL,32.268,123,491,N561,,,Ivan Nedelko,R,185,RUS,30.105,267,187,6-2 7-5,3,R32,74,2,0,61,41,30,13,10,3,3,1,0,50,27,18,14,10,0,3
2016-6757,Blois,Clay,32,C,,20160619,7,GC54,,,Scott Griekspoor,R,188,NED,25.44,315,152,BK19,7,,Mathias Bourgue,R,188,FRA,22.418,153,366,7-6(4) 4-6 6-3,3,R32,127,7,2,103,66,50,21,16,3,5,8,2,86,54,37,23,15,1,3
2016-6757,Blois,Clay,32,C,,20160619,8,Z272,8,,Ze Zhang,R,188,CHN,25.96,181,307,U134,,,Yasutaka Uchiyama,R,183,JPN,23.871,270,185,6-4 6-4,3,R32,93,6,3,57,39,31,9,10,2,3,9,0,77,51,31,14,10,8,11
2016-6757,Blois,Clay,32,C,,20160619,9,BK24,,,Gregoire Barrere,R,183,FRA,22.338,216,250,PL56,,,Tommy Paul,R,185,USA,19.091,204,262,6-2 6-4,3,R32,66,2,1,57,36,30,13,9,2,2,4,5,60,33,22,12,9,6,9
2016-6757,Blois,Clay,32,C,,20160619,10,L949,,,Henri Laaksonen,R,185,SUI,24.219,180,309,CD00,,,Maxime Chazal,R,175,FRA,23.154,281,178,6-3 6-3,3,R32,72,2,2,48,35,25,6,9,0,2,2,2,56,36,21,7,9,3,8
2016-6757,Blois,Clay,32,C,,20160619,11,LC11,,,Tristan Lamasine,R,183,FRA,23.291,208,259,E678,,,Jonathan Eysseric,L,180,FRA,26.064,340,139,6-3 7-6(3),3,R32,89,2,1,71,51,31,13,11,2,4,4,4,63,35,26,10,10,0,3
2016-6757,Blois,Clay,32,C,,20160619,12,PG69,,,Juan Pablo Paz,R,173,ARG,21.457,343,137,GF95,,,Hugo Grenier,R,196,FRA,20.241,591,51,6-1 5-7 6-4,3,R32,118,3,0,80,45,32,22,15,1,4,4,2,81,62,39,10,14,4,9
2016-6757,Blois,Clay,32,C,,20160619,13,SH91,,,Jordi Samper-Montana,R,,ESP,26.207,195,279,TC95,,,Johan Tatlot,R,180,FRA,20.233,620,45,5-7 7-6(0) 6-3,3,R32,178,4,9,131,84,57,19,17,9,14,3,9,121,84,55,12,16,15,20
2016-6757,Blois,Clay,32,C,,20160619,14,T999,,,Maxime Teixeira,R,188,FRA,27.417,374,123,LA94,,,Christian Lindell,R,193,SWE,24.58,298,165,5-2 RET,3,R32,32,1,0,16,13,11,3,3,0,0,0,1,29,19,10,5,4,2,4
2016-6757,Blois,Clay,32,C,,20160619,15,V494,,,Antal Van Der Duim,R,185,NED,28.758,253,205,RA82,,,Yannik Reuter,R,,BEL,25.29,265,188,1-6 6-2 6-2,3,R32,82,6,4,71,45,33,9,12,2,5,3,1,65,38,24,12,11,4,8
2016-6757,Blois,Clay,32,C,,20160619,16,Z246,,,Miljan Zekic,R,185,SRB,27.937,268,186,SJ22,,,Gleb Sakharov,R,185,FRA,28.025,245,215,7-6(5) 6-7(3) 6-1,3,R32,117,8,0,95,71,50,13,16,1,3,5,3,83,63,42,13,15,0,4
2016-6757,Blois,Clay,32,C,,20160619,17,B884,2,,Carlos Berlocq,R,183,ARG,33.374,119,505,LC11,,,Tristan Lamasine,R,183,FRA,23.291,208,259,6-4 6-2,3,R16,84,3,1,52,35,29,10,9,2,2,0,2,62,39,23,12,9,3,6
2016-6757,Blois,Clay,32,C,,20160619,18,Z246,,,Miljan Zekic,R,185,SRB,27.937,268,186,MJ08,4,,Thiago Monteiro,L,183,BRA,22.053,128,473,W/O,3,R16,,,,,,,,,,,,,,,,,,,
2016-6757,Blois,Clay,32,C,,20160619,19,D632,6,,Steve Darcis,R,175,BEL,32.268,123,491,SH91,,,Jordi Samper-Montana,R,,ESP,26.207,195,279,6-2 6-2,3,R16,60,4,0,43,32,24,9,8,1,1,4,1,44,27,17,7,8,1,5
2016-6757,Blois,Clay,32,C,,20160619,20,Z272,8,,Ze Zhang,R,188,CHN,25.96,181,307,T999,,,Maxime Teixeira,R,188,FRA,27.417,374,123,6-3 1-6 6-4,3,R16,116,4,4,77,44,31,17,13,4,8,12,8,85,52,39,10,13,4,8
2016-6757,Blois,Clay,32,C,,20160619,21,BK24,,,Gregoire Barrere,R,183,FRA,22.338,216,250,D916,,,Steven Diez,R,175,CAN,25.259,199,269,4-6 6-1 6-1,3,R16,99,1,4,71,50,35,12,12,2,4,2,0,79,58,30,9,12,8,14
2016-6757,Blois,Clay,32,C,,20160619,22,BA86,,,Andreas Beck,L,191,GER,30.368,319,150,L949,,,Henri Laaksonen,R,185,SUI,24.219,180,309,6-3 6-4,3,R16,83,1,1,80,54,41,8,10,9,11,1,2,53,33,20,9,9,5,9
2016-6757,Blois,Clay,32,C,,20160619,23,GC54,,,Scott Griekspoor,R,188,NED,25.44,315,152,PG69,,,Juan Pablo Paz,R,173,ARG,21.457,343,137,6-3 6-4,3,R16,,3,2,58,39,32,11,10,2,2,5,3,61,36,28,10,9,7,9
2016-6757,Blois,Clay,32,C,,20160619,24,V494,,,Antal Van Der Duim,R,185,NED,28.758,253,205,CC32,,,Guilherme Clezar,R,180,BRA,23.466,197,272,6-1 6-4,3,R16,74,10,1,66,42,32,13,9,5,5,3,0,57,34,23,8,8,6,9
2016-6757,Blois,Clay,32,C,,20160619,25,B884,2,,Carlos Berlocq,R,183,ARG,33.374,119,505,GC54,,,Scott Griekspoor,R,188,NED,25.44,315,152,6-3 6-4,3,QF,78,4,0,58,41,32,11,10,5,5,0,0,51,33,22,10,9,0,2
2016-6757,Blois,Clay,32,C,,20160619,26,D632,6,,Steve Darcis,R,175,BEL,32.268,123,491,BA86,,,Andreas Beck,L,191,GER,30.368,319,150,6-2 6-0,3,QF,61,7,0,42,28,24,7,7,1,1,0,3,50,22,14,9,7,6,11
2016-6757,Blois,Clay,32,C,,20160619,27,V494,,,Antal Van Der Duim,R,185,NED,28.758,253,205,Z272,8,,Ze Zhang,R,188,CHN,25.96,181,307,6-2 4-1 RET,3,QF,58,5,0,55,33,22,14,7,3,3,3,3,42,26,16,6,6,7,10
2016-6757,Blois,Clay,32,C,,20160619,28,BK24,,,Gregoire Barrere,R,183,FRA,22.338,216,250,Z246,,,Miljan Zekic,R,185,SRB,27.937,268,186,6-2 7-6(5),3,QF,89,1,2,74,50,35,12,10,5,6,6,2,77,49,30,13,10,8,11
2016-6757,Blois,Clay,32,C,,20160619,29,B884,2,,Carlos Berlocq,R,183,ARG,33.374,119,505,BK24,,,Gregoire Barrere,R,183,FRA,22.338,216,250,6-2 6-3,3,SF,81,0,1,61,45,28,10,8,5,6,1,4,58,35,15,11,9,5,10
2016-6757,Blois,Clay,32,C,,20160619,30,D632,6,,Steve Darcis,R,175,BEL,32.268,123,491,V494,,,Antal Van Der Duim,R,185,NED,28.758,253,205,7-5 7-6(1),3,SF,105,6,2,90,59,41,15,12,7,10,3,3,79,45,24,19,12,4,8
2016-6757,Blois,Clay,32,C,,20160619,31,B884,2,,Carlos Berlocq,R,183,ARG,33.374,119,505,D632,6,,Steve Darcis,R,175,BEL,32.268,123,491,6-2 6-0,3,F,63,2,3,47,32,24,9,7,1,1,2,1,42,30,13,3,7,2,7
2016-9001,Perugia,Clay,32,C,,20160619,1,SC73,1,,Rogerio Dutra Silva,R,178,BRA,32.37,82,688,DB63,,,Laslo Djere,R,188,SRB,21.049,239,219,6-4 6-3,3,R32,90,4,3,54,40,31,8,10,1,2,0,2,75,57,38,4,9,2,5
2016-9001,Perugia,Clay,32,C,,20160619,2,CF59,2,,Roberto Carballes Baena,R,183,ESP,23.242,111,534,ML57,,,Gianluca Mager,R,188,ITA,21.55,329,144,6-3 6-1,3,R32,64,4,0,41,31,25,7,8,0,0,2,2,59,36,23,6,8,6,10
2016-9001,Perugia,Clay,32,C,,20160619,3,BH08,,,Marco Bortolotti,R,173,ITA,25.41,385,119,F586,3,,Thomas Fabbiano,R,173,ITA,27.066,109,536,6-2 6-7(6) 7-6(5),3,R32,138,11,2,110,73,54,20,16,6,9,3,3,97,72,46,14,16,0,5
2016-9001,Perugia,Clay,32,C,,20160619,4,Y218,4,,Elias Ymer,R,185,SWE,20.192,151,367,V490,,,Matteo Viola,R,185,ITA,28.953,260,196,2-6 7-5 6-3,3,R32,136,1,5,96,51,34,17,15,5,11,0,2,98,64,35,17,14,12,18
2016-9001,Perugia,Clay,32,C,,20160619,5,CF01,5,,Marco Cecchinato,R,185,ITA,23.718,135,428,Z363,,,Marcelo Zormann,R,180,BRA,20.025,467,82,6-4 4-6 6-2,3,R32,108,7,2,83,61,42,11,14,5,7,1,4,86,60,41,10,14,6,10
2016-9001,Perugia,Clay,32,C,,20160619,6,RA51,,,Blaz Rola,L,193,SLO,25.706,213,252,G725,6,,Santiago Giraldo,R,188,COL,28.561,129,464,6-3 3-6 6-3,3,R32,145,4,4,104,68,44,20,14,11,13,4,1,104,75,49,12,13,9,12
2016-9001,Perugia,Clay,32,C,,20160619,7,A887,7,,Guido Andreozzi,R,183,ARG,24.873,141,400,SN54,,,Frederico Ferreira Silva,L,178,POR,21.257,241,217,6-2 6-7(5) 6-4,3,R32,150,6,2,89,50,41,23,15,1,2,3,1,101,51,38,23,15,4,8
2016-9001,Perugia,Clay,32,C,,20160619,8,KC29,8,,Nicolas Kicker,R,178,ARG,23.841,160,335,G983,,,Alessandro Giannessi,L,185,ITA,26.056,165,329,6-2 6-0,3,R32,65,2,0,46,26,20,12,7,1,1,2,1,43,33,15,2,7,2,7
2016-9001,Perugia,Clay,32,C,,20160619,9,A853,,,Marcelo Arevalo,R,191,ESA,25.673,227,237,V495,,,Luca Vanni,R,198,ITA,31.042,170,314,7-5 4-6 6-2,3,R32,163,5,4,87,49,38,20,15,4,6,17,5,126,72,54,19,15,18,22
2016-9001,Perugia,Clay,32,C,,20160619,10,LB07,,,Gonzalo Lama,R,180,CHI,23.146,163,332,PH64,,,Andrea Pellegrino,R,185,ITA,19.242,720,33,6-1 6-2,3,R32,59,5,0,46,35,27,8,8,3,3,1,2,50,32,18,6,7,5,9
2016-9001,Perugia,Clay,32,C,,20160619,11,LB84,,,Juan Ignacio Londero,R,180,ARG,22.845,293,167,CE25,,,Salvatore Caruso,R,185,ITA,23.51,244,215,7-6(6) 6-4,3,R32,114,3,1,74,41,33,20,11,4,4,6,0,79,58,43,11,11,4,5
2016-9001,Perugia,Clay,32,C,,20160619,12,LA93,,,Enrique Lopez Perez,R,180,ESP,25.046,218,246,U061,,,Adrian Ungur,R,178,ROU,31.406,190,289,6-2 5-7 6-4,3,R32,129,8,1,101,71,49,17,15,8,10,4,4,94,66,43,15,15,3,7
2016-9001,Perugia,Clay,32,C,,20160619,13,MH16,,,Yannick Maden,R,185,GER,26.642,424,99,BC76,,,Nicolas Barrientos,R,175,COL,29.155,309,155,6-2 6-1,3,R32,78,1,1,50,32,21,13,7,2,2,1,5,65,44,24,7,8,10,15
2016-9001,Perugia,Clay,32,C,,20160619,14,N679,,,Stefano Napolitano,R,196,ITA,21.191,387,118,GE33,,,Daniel Elahi Galan,R,191,COL,20.003,392,115,4-6 6-3 6-4,3,R32,135,6,2,102,63,43,22,15,13,16,6,2,96,56,35,21,14,5,9
2016-9001,Perugia,Clay,32,C,,20160619,15,SU87,,,Lorenzo Sonego,R,191,ITA,21.109,323,147,Q948,,,Gianluigi Quinzi,L,191,ITA,20.381,383,120,4-6 6-3 6-3,3,R32,139,3,0,97,73,49,13,14,9,11,4,1,85,53,34,17,14,3,7
2016-9001,Perugia,Clay,32,C,,20160619,16,V254,,,Filippo Volandri,R,183,ITA,34.787,185,298,A622,,,Andrea Arnaboldi,L,180,ITA,28.479,215,251,6-4 6-7(2) 6-4,3,R32,148,4,1,109,73,47,22,16,6,9,1,6,106,66,43,20,16,2,7
2016-9001,Perugia,Clay,32,C,,20160619,17,SC73,1,,Rogerio Dutra Silva,R,178,BRA,32.37,82,688,V254,,,Filippo Volandri,R,183,ITA,34.787,185,298,6-2 7-6(1),3,R16,83,1,3,55,30,21,14,10,0,3,0,0,56,44,22,5,10,3,8
2016-9001,Perugia,Clay,32,C,,20160619,18,CF59,2,,Roberto Carballes Baena,R,183,ESP,23.242,111,534,A853,,,Marcelo Arevalo,R,191,ESA,25.673,227,237,7-6(4) 6-3,3,R16,122,3,1,84,58,44,15,11,7,7,3,3,68,45,33,11,10,7,8
2016-9001,Perugia,Clay,32,C,,20160619,19,Y218,4,,Elias Ymer,R,185,SWE,20.192,151,367,LA93,,,Enrique Lopez Perez,R,180,ESP,25.046,218,246,7-5 6-7(5) 6-3,3,R16,161,6,3,111,86,57,17,17,6,7,10,6,116,81,58,16,16,8,11
2016-9001,Perugia,Clay,32,C,,20160619,20,CF01,5,,Marco Cecchinato,R,185,ITA,23.718,135,428,SU87,,,Lorenzo Sonego,R,191,ITA,21.109,323,147,4-6 6-2 7-5,3,R16,133,3,0,89,71,49,12,15,1,3,5,1,96,60,40,18,15,8,12
2016-9001,Perugia,Clay,32,C,,20160619,21,A887,7,,Guido Andreozzi,R,183,ARG,24.873,141,400,N679,,,Stefano Napolitano,R,196,ITA,21.191,387,118,6-4 6-4,3,R16,77,5,3,55,35,28,11,10,3,4,1,4,65,36,24,14,10,1,4
2016-9001,Perugia,Clay,32,C,,20160619,22,KC29,8,,Nicolas Kicker,R,178,ARG,23.841,160,335,LB07,,,Gonzalo Lama,R,180,CHI,23.146,163,332,6-4 6-3,3,R16,83,1,1,56,41,31,8,10,3,4,3,1,57,44,29,5,9,4,7
2016-9001,Perugia,Clay,32,C,,20160619,23,LB84,,,Juan Ignacio Londero,R,180,ARG,22.845,293,167,BH08,,,Marco Bortolotti,R,173,ITA,25.41,385,119,6-2 6-3,3,R16,90,5,0,61,41,28,12,9,6,7,1,2,66,36,20,13,8,2,6
2016-9001,Perugia,Clay,32,C,,20160619,24,RA51,,,Blaz Rola,L,193,SLO,25.706,213,252,MH16,,,Yannick Maden,R,185,GER,26.642,424,99,2-6 7-5 7-6(4),3,R16,156,4,3,92,68,44,10,16,4,11,6,7,125,81,48,21,16,8,14
2016-9001,Perugia,Clay,32,C,,20160619,25,RA51,,,Blaz Rola,L,193,SLO,25.706,213,252,SC73,1,,Rogerio Dutra Silva,R,178,BRA,32.37,82,688,7-6(4) 6-2,3,QF,91,3,2,65,47,34,8,10,1,3,3,1,65,39,23,14,10,4,8
2016-9001,Perugia,Clay,32,C,,20160619,26,KC29,8,,Nicolas Kicker,R,178,ARG,23.841,160,335,CF59,2,,Roberto Carballes Baena,R,183,ESP,23.242,111,534,4-6 6-2 7-5,3,QF,134,3,1,85,60,41,17,15,0,3,4,0,89,66,43,9,15,7,12
2016-9001,Perugia,Clay,32,C,,20160619,27,Y218,4,,Elias Ymer,R,185,SWE,20.192,151,367,CF01,5,,Marco Cecchinato,R,185,ITA,23.718,135,428,6-4 2-6 6-4,3,QF,126,2,2,91,53,39,18,14,4,7,4,0,91,66,39,16,14,2,5
2016-9001,Perugia,Clay,32,C,,20160619,28,LB84,,,Juan Ignacio Londero,R,180,ARG,22.845,293,167,A887,7,,Guido Andreozzi,R,183,ARG,24.873,141,400,6-3 6-7(5) 6-4,3,QF,151,3,2,112,69,47,23,16,6,9,8,3,101,68,47,12,15,7,12
2016-9001,Perugia,Clay,32,C,,20160619,29,KC29,8,,Nicolas Kicker,R,178,ARG,23.841,160,335,Y218,4,,Elias Ymer,R,185,SWE,20.192,151,367,6-4 5-6 RET,3,SF,118,1,2,86,58,33,17,10,10,12,2,0,68,47,28,12,11,2,5
2016-9001,Perugia,Clay,32,C,,20160619,30,RA51,,,Blaz Rola,L,193,SLO,25.706,213,252,LB84,,,Juan Ignacio Londero,R,180,ARG,22.845,293,167,4-6 6-3 6-2,3,SF,112,9,2,73,45,38,13,14,0,2,3,3,84,47,32,18,13,3,7
2016-9001,Perugia,Clay,32,C,,20160619,31,KC29,8,,Nicolas Kicker,R,178,ARG,23.841,160,335,RA51,,,Blaz Rola,L,193,SLO,25.706,213,252,2-6 6-3 6-0,3,F,109,2,1,65,44,28,11,11,2,5,3,3,80,52,31,10,12,10,16
2016-9005,Ilkley,Grass,32,C,,20160619,1,TC61,1,,Jordan Thompson,R,183,AUS,22.166,90,657,O474,,,Jonny O'Mara,R,183,GBR,21.3,613,46,7-6(5) 6-2,3,R32,76,10,2,67,42,34,16,10,3,3,4,6,66,34,26,16,10,3,5
2016-9005,Ilkley,Grass,32,C,,20160619,2,L575,2,,Yen-Hsun Lu,R,180,TPE,32.849,78,695,CA99,,,Marius Copil,R,191,ROU,25.673,174,311,7-6(4) 6-7(3) 6-4,3,R32,136,5,1,115,71,55,27,17,1,1,19,3,118,68,55,28,17,3,4
2016-9005,Ilkley,Grass,32,C,,20160619,3,F811,3,,Bjorn Fratangelo,R,183,USA,22.919,107,537,SI36,,,Eduardo Struvay,R,,COL,25.506,158,337,7-5 6-1,3,R32,58,4,0,47,33,25,8,9,2,4,1,3,58,30,16,9,10,1,7
2016-9005,Ilkley,Grass,32,C,,20160619,4,K964,,,Brydan Klein,R,188,GBR,26.467,275,181,SF36,4,,Igor Sijsling,R,191,NED,28.838,112,523,6-4 7-6(5),3,R32,81,9,3,74,39,30,18,11,6,8,5,1,73,48,33,11,11,6,9
2016-9005,Ilkley,Grass,32,C,,20160619,5,SF62,5,,Tim Smyczek,R,175,USA,28.471,122,491,SM09,,,Luke Saville,R,188,AUS,22.461,219,244,6-4 6-4,3,R32,68,9,1,51,27,25,17,10,2,2,0,1,66,43,30,13,10,4,6
2016-9005,Ilkley,Grass,32,C,,20160619,6,H940,,,Ryan Harrison,R,185,USA,24.118,152,366,BE67,6,,Mirza Basic,R,188,BIH,24.939,131,447,6-4 7-5,3,R32,60,10,2,54,34,28,13,11,0,1,2,4,60,30,23,14,11,5,8
2016-9005,Ilkley,Grass,32,C,,20160619,7,SF76,,,Franko Skugor,R,196,CRO,28.747,191,288,C582,7,,Marco Chiudinelli,R,185,SUI,34.773,137,419,6-4 6-4,3,R32,72,9,1,66,49,38,9,10,6,6,8,3,61,41,33,7,10,1,3
2016-9005,Ilkley,Grass,32,C,,20160619,8,N674,,,Dennis Novikov,R,193,USA,22.617,142,390,KA00,8,,Austin Krajicek,L,188,USA,26.01,134,438,6-0 6-4,3,R32,49,8,2,49,28,21,14,8,2,2,5,4,42,31,18,3,8,1,5
2016-9005,Ilkley,Grass,32,C,,20160619,9,F444,,,Alejandro Falla,L,185,COL,32.597,176,310,MB53,,,Adrian Menendez-Maceiras,R,183,ESP,30.642,224,240,6-2 7-5,3,R32,69,6,2,50,35,27,9,10,2,4,8,0,69,48,29,6,10,2,7
2016-9005,Ilkley,Grass,32,C,,20160619,10,HB64,,,Quentin Halys,R,191,FRA,19.647,143,389,BH98,,,Matthew Barton,R,191,AUS,24.504,251,206,6-4 6-3,3,R32,54,10,3,61,38,33,11,10,1,1,8,0,48,25,18,15,9,1,3
2016-9005,Ilkley,Grass,32,C,,20160619,11,MM58,,,Daniil Medvedev,R,198,RUS,20.353,231,226,Z254,,,Jurgen Zopp,R,191,EST,28.225,169,315,7-6(4) 6-3,3,R32,72,11,3,66,42,37,13,11,3,4,1,0,67,44,33,11,10,3,5
2016-9005,Ilkley,Grass,32,C,,20160619,12,ME31,,,Vincent Millot,L,173,FRA,30.385,146,382,SC47,,,Go Soeda,R,178,JPN,31.786,154,357,7-5 6-4,3,R32,96,5,1,73,44,26,20,11,2,4,8,2,85,45,32,15,11,10,14
2016-9005,Ilkley,Grass,32,C,,20160619,13,O376,,,Renzo Olivo,R,178,ARG,24.263,150,367,W571,,,Di Wu,R,173,CHN,24.764,156,342,6-3 6-1,3,R32,52,4,0,44,26,21,13,8,1,1,3,4,54,26,15,12,8,5,9
2016-9005,Ilkley,Grass,32,C,,20160619,14,P701,,,Michal Przysiezny,R,185,POL,32.339,365,125,GD08,,,Lloyd Glasspool,R,191,GBR,22.582,307,158,6-7(5) 6-3 6-3,3,R32,94,17,3,85,56,50,17,15,4,4,21,3,89,60,45,16,15,2,5
2016-9005,Ilkley,Grass,32,C,,20160619,15,SJ55,,,John-Patrick Smith,L,188,AUS,27.4,162,332,SL07,,,Alexander Sarkissian,R,191,USA,26.212,207,260,6-4 6-4,3,R32,55,5,1,56,41,33,10,10,0,0,1,0,54,36,26,10,10,1,3
2016-9005,Ilkley,Grass,32,C,,20160619,16,Z189,,,Grega Zemlja,R,183,SLO,29.722,155,357,BI23,,,Liam Broady,L,183,GBR,22.456,234,224,6-2 3-6 6-4,3,R32,90,11,6,83,44,36,18,13,9,11,2,1,79,60,36,11,14,3,7
2016-9005,Ilkley,Grass,32,C,,20160619,17,TC61,1,,Jordan Thompson,R,183,AUS,22.166,90,657,F444,,,Alejandro Falla,L,185,COL,32.597,176,310,6-4 6-1,3,R16,56,8,1,48,38,32,3,8,1,1,1,5,51,31,20,9,9,1,5
2016-9005,Ilkley,Grass,32,C,,20160619,18,L575,2,,Yen-Hsun Lu,R,180,TPE,32.849,78,695,SJ55,,,John-Patrick Smith,L,188,AUS,27.4,162,332,6-3 6-7(9) 6-3,3,R16,96,11,3,94,62,53,22,16,6,6,10,1,84,60,46,13,14,2,4
2016-9005,Ilkley,Grass,32,C,,20160619,19,P701,,,Michal Przysiezny,R,185,POL,32.339,365,125,F811,3,,Bjorn Fratangelo,R,183,USA,22.919,107,537,7-6(6) 6-4,3,R16,83,16,3,81,58,45,11,11,3,3,13,1,72,51,39,11,11,4,5
2016-9005,Ilkley,Grass,32,C,,20160619,20,HB64,,,Quentin Halys,R,191,FRA,19.647,143,389,SF62,5,,Tim Smyczek,R,175,USA,28.471,122,491,2-6 6-3 7-5,3,R16,114,8,6,118,74,49,22,15,13,16,6,8,90,50,41,16,14,5,8
2016-9005,Ilkley,Grass,32,C,,20160619,21,H940,,,Ryan Harrison,R,185,USA,24.118,152,366,MM58,,,Daniil Medvedev,R,198,RUS,20.353,231,226,6-7(4) 6-4 6-4,3,R16,116,7,4,101,59,49,22,16,4,5,6,5,105,75,53,16,16,6,9
2016-9005,Ilkley,Grass,32,C,,20160619,22,K964,,,Brydan Klein,R,188,GBR,26.467,275,181,Z189,,,Grega Zemlja,R,183,SLO,29.722,155,357,6-7(4) 6-2 6-3,3,R16,118,6,6,84,54,43,15,14,6,9,13,6,107,58,36,24,15,5,12
2016-9005,Ilkley,Grass,32,C,,20160619,23,ME31,,,Vincent Millot,L,173,FRA,30.385,146,382,N674,,,Dennis Novikov,R,193,USA,22.617,142,390,6-4 6-2,3,R16,63,4,0,49,32,28,11,9,1,1,6,2,59,35,20,14,9,4,7
2016-9005,Ilkley,Grass,32,C,,20160619,24,O376,,,Renzo Olivo,R,178,ARG,24.263,150,367,SF76,,,Franko Skugor,R,196,CRO,28.747,191,288,7-6(5) 6-7(2) 6-1,3,R16,113,6,5,103,62,49,28,16,5,5,11,1,92,71,55,12,15,3,5
2016-9005,Ilkley,Grass,32,C,,20160619,25,ME31,,,Vincent Millot,L,173,FRA,30.385,146,382,TC61,1,,Jordan Thompson,R,183,AUS,22.166,90,657,4-6 6-2 6-3,3,QF,108,2,3,90,53,40,19,13,7,8,5,3,80,47,35,13,14,3,7
2016-9005,Ilkley,Grass,32,C,,20160619,26,L575,2,,Yen-Hsun Lu,R,180,TPE,32.849,78,695,O376,,,Renzo Olivo,R,178,ARG,24.263,150,367,6-2 6-4,3,QF,86,3,3,61,37,29,14,9,6,6,6,4,74,47,29,12,9,3,6
2016-9005,Ilkley,Grass,32,C,,20160619,27,K964,,,Brydan Klein,R,188,GBR,26.467,275,181,H940,,,Ryan Harrison,R,185,USA,24.118,152,366,6-4 3-6 7-5,3,QF,121,6,5,108,69,51,19,15,7,8,18,3,85,58,45,17,16,4,6
2016-9005,Ilkley,Grass,32,C,,20160619,28,P701,,,Michal Przysiezny,R,185,POL,32.339,365,125,HB64,,,Quentin Halys,R,191,FRA,19.647,143,389,6-3 4-6 6-2,3,QF,100,13,5,89,52,39,20,13,6,7,11,6,83,51,33,17,14,1,5
2016-9005,Ilkley,Grass,32,C,,20160619,29,L575,2,,Yen-Hsun Lu,R,180,TPE,32.849,78,695,P701,,,Michal Przysiezny,R,185,POL,32.339,365,125,7-6(4) 6-1,3,SF,72,7,5,62,42,37,11,10,3,3,11,3,60,47,33,5,9,7,9
2016-9005,Ilkley,Grass,32,C,,20160619,30,ME31,,,Vincent Millot,L,173,FRA,30.385,146,382,K964,,,Brydan Klein,R,188,GBR,26.467,275,181,3-6 7-6(6) 6-4,3,SF,137,4,1,90,55,42,20,15,6,8,8,1,105,68,47,21,16,4,6
2016-9005,Ilkley,Grass,32,C,,20160619,31,L575,2,,Yen-Hsun Lu,R,180,TPE,32.849,78,695,ME31,,,Vincent Millot,L,173,FRA,30.385,146,382,7-6(4) 6-2,3,F,70,12,1,55,37,30,12,10,0,1,5,1,65,43,27,8,10,1,4
2016-3463,Milan,Clay,32,C,,20160626,1,SC73,1,,Rogerio Dutra Silva,R,178,BRA,32.389,84,690,BH80,,,Andrea Basso,L,185,ITA,22.716,657,39,6-0 6-2,3,R32,70,6,2,39,19,16,13,7,1,1,0,1,56,40,21,4,7,4,9
2016-3463,Milan,Clay,32,C,,20160626,2,E698,2,,Gastao Elias,R,180,POR,25.588,94,640,N561,,,Ivan Nedelko,R,185,RUS,30.125,267,187,6-0 7-5,3,R32,84,3,1,62,34,23,16,9,6,8,0,3,55,26,14,11,9,2,8
2016-3463,Milan,Clay,32,C,,20160626,3,E766,,,Edoardo Eremin,R,185,ITA,22.724,327,144,CF59,3,,Roberto Carballes Baena,R,183,ESP,23.261,116,534,6-2 6-2,3,R32,76,4,1,51,26,19,17,8,5,5,1,5,56,34,19,7,8,5,9
2016-3463,Milan,Clay,32,C,,20160626,4,B884,4,,Carlos Berlocq,R,183,ARG,33.394,101,595,Q948,,,Gianluigi Quinzi,L,191,ITA,20.4,379,120,7-5 6-2,3,R32,100,0,0,60,38,27,9,10,3,6,2,1,57,34,17,8,10,1,7
2016-3463,Milan,Clay,32,C,,20160626,5,CF01,5,,Marco Cecchinato,R,185,ITA,23.737,140,412,LB84,,,Juan Ignacio Londero,R,180,ARG,22.864,255,200,2-6 7-5 6-0,3,R32,125,5,5,99,63,43,17,13,9,11,1,4,73,42,27,14,13,2,6
2016-3463,Milan,Clay,32,C,,20160626,6,V490,,,Matteo Viola,R,185,ITA,28.972,335,141,G892,6,,Alejandro Gonzalez,R,191,COL,27.381,155,356,7-6(2) 6-3,3,R32,118,0,10,83,52,38,10,11,5,8,0,4,83,45,28,14,10,8,12
2016-3463,Milan,Clay,32,C,,20160626,7,Z246,,,Miljan Zekic,R,185,SRB,27.956,253,203,LB07,7,,Gonzalo Lama,R,180,CHI,23.165,160,339,6-3 6-7(1) 6-4,3,R32,137,12,3,109,53,33,34,16,4,7,1,3,85,62,36,14,15,0,5
2016-3463,Milan,Clay,32,C,,20160626,8,G676,8,,Daniel Gimeno-Traver,R,183,ESP,30.886,173,311,RA51,,,Blaz Rola,L,193,SLO,25.725,181,300,6-4 6-1,3,R32,75,2,3,46,27,20,9,8,4,6,0,4,60,36,16,12,9,4,10
2016-3463,Milan,Clay,32,C,,20160626,9,D981,,,Arthur De Greef,R,183,BEL,24.249,189,285,J551,,,Nicolas Jarry,R,201,CHI,20.709,590,51,7-5 6-3,3,R32,94,3,5,75,44,32,13,11,6,8,3,4,69,40,24,13,10,6,10
2016-3463,Milan,Clay,32,C,,20160626,10,DB63,,,Laslo Djere,R,188,SRB,21.068,240,219,SN77,,,Vaclav Safranek,R,183,CZE,22.103,383,118,6-2 7-5,3,R32,95,2,7,69,38,30,12,10,7,9,2,2,61,40,20,10,10,3,8
2016-3463,Milan,Clay,32,C,,20160626,11,DA67,,,Matteo Donati,R,185,ITA,21.325,199,267,CG33,,,Kimmer Coppejans,R,178,BEL,22.382,212,253,6-1 6-2,3,R32,57,3,2,43,24,17,11,7,1,2,1,6,47,28,16,2,8,2,8
2016-3463,Milan,Clay,32,C,,20160626,12,GA36,,,Emilio Gomez,R,185,ECU,24.578,291,169,T984,,,Bastian Trinker,R,188,AUT,26.127,258,200,7-5 6-2,3,R32,85,6,2,57,37,29,11,10,3,4,3,7,69,40,24,13,10,4,8
2016-3463,Milan,Clay,32,C,,20160626,13,KC56,,,Aslan Karatsev,R,185,RUS,22.809,254,202,MN13,,,Maximilian Marterer,L,188,GER,21.032,272,181,6-2 6-4,3,R32,86,0,1,57,28,20,20,9,4,5,3,1,72,45,26,12,9,5,9
2016-3463,Milan,Clay,32,C,,20160626,14,ML57,,,Gianluca Mager,R,188,ITA,21.569,338,140,V620,,,Agustin Velotti,R,,ARG,24.09,256,200,6-3 7-5,3,R32,97,7,4,58,32,25,18,11,2,3,4,7,81,38,25,19,10,4,7
2016-3463,Milan,Clay,32,C,,20160626,15,RA82,,,Yannik Reuter,R,,BEL,25.309,266,188,SO86,,,Robin Stanek,L,188,CZE,21.478,261,194,7-5 6-3,3,R32,88,1,1,59,41,27,10,10,2,4,5,2,70,39,26,10,11,4,9
2016-3463,Milan,Clay,32,C,,20160626,16,V254,,,Filippo Volandri,R,183,ITA,34.806,195,273,SU87,,,Lorenzo Sonego,R,191,ITA,21.128,307,155,6-3 6-3,3,R32,87,0,0,63,45,29,9,9,4,6,3,2,69,37,20,13,9,5,10
2016-3463,Milan,Clay,32,C,,20160626,17,D981,,,Arthur De Greef,R,183,BEL,24.249,189,285,SC73,1,,Rogerio Dutra Silva,R,178,BRA,32.389,84,690,6-7(3) 6-2 6-3,3,R16,138,2,6,101,65,43,19,15,6,9,7,5,94,56,34,17,14,2,8
2016-3463,Milan,Clay,32,C,,20160626,18,E698,2,,Gastao Elias,R,180,POR,25.588,94,640,KC56,,,Aslan Karatsev,R,185,RUS,22.809,254,202,6-2 3-6 6-2,3,R16,128,7,4,72,44,33,10,12,2,6,2,1,75,38,23,12,13,6,13
2016-3463,Milan,Clay,32,C,,20160626,19,B884,4,,Carlos Berlocq,R,183,ARG,33.394,101,595,RA82,,,Yannik Reuter,R,,BEL,25.309,266,188,6-4 6-0,3,R16,97,2,2,48,24,17,14,8,2,3,2,1,60,39,22,5,8,3,8
2016-3463,Milan,Clay,32,C,,20160626,20,CF01,5,,Marco Cecchinato,R,185,ITA,23.737,140,412,GA36,,,Emilio Gomez,R,185,ECU,24.578,291,169,6-2 6-3,3,R16,70,2,0,54,35,25,12,9,4,5,4,1,51,29,16,9,8,4,8
2016-3463,Milan,Clay,32,C,,20160626,21,G676,8,,Daniel Gimeno-Traver,R,183,ESP,30.886,173,311,V254,,,Filippo Volandri,R,183,ITA,34.806,195,273,6-2 2-6 6-0,3,R16,92,7,7,77,44,31,18,11,4,6,1,4,64,41,23,9,11,5,10
2016-3463,Milan,Clay,32,C,,20160626,22,DB63,,,Laslo Djere,R,188,SRB,21.068,240,219,V490,,,Matteo Viola,R,185,ITA,28.972,335,141,6-4 3-6 6-1,3,R16,130,2,2,74,40,32,19,13,3,5,0,5,98,60,36,19,13,8,12
2016-3463,Milan,Clay,32,C,,20160626,23,DA67,,,Matteo Donati,R,185,ITA,21.325,199,267,E766,,,Edoardo Eremin,R,185,ITA,22.724,327,144,6-4 6-2,3,R16,62,4,3,51,38,31,6,9,1,2,5,2,47,20,15,11,9,2,6
2016-3463,Milan,Clay,32,C,,20160626,24,Z246,,,Miljan Zekic,R,185,SRB,27.956,253,203,ML57,,,Gianluca Mager,R,188,ITA,21.569,338,140,4-6 6-3 6-4,3,R16,127,4,0,82,46,30,19,14,5,10,1,6,91,57,34,12,15,5,12
2016-3463,Milan,Clay,32,C,,20160626,25,G676,8,,Daniel Gimeno-Traver,R,183,ESP,30.886,173,311,E698,2,,Gastao Elias,R,180,POR,25.588,94,640,3-6 6-3 6-2,3,QF,131,5,6,80,48,35,18,13,11,13,3,4,92,51,33,20,13,8,12
2016-3463,Milan,Clay,32,C,,20160626,26,B884,4,,Carlos Berlocq,R,183,ARG,33.394,101,595,Z246,,,Miljan Zekic,R,185,SRB,27.956,253,203,7-6(3) 6-4,3,QF,129,1,1,61,48,35,9,11,0,2,4,4,83,46,30,18,11,4,7
2016-3463,Milan,Clay,32,C,,20160626,27,CF01,5,,Marco Cecchinato,R,185,ITA,23.737,140,412,D981,,,Arthur De Greef,R,183,BEL,24.249,189,285,6-3 6-2,3,QF,69,4,0,59,36,29,13,9,0,0,1,3,42,29,20,4,8,1,4
2016-3463,Milan,Clay,32,C,,20160626,28,DB63,,,Laslo Djere,R,188,SRB,21.068,240,219,DA67,,,Matteo Donati,R,185,ITA,21.325,199,267,6-2 7-6(8),3,QF,101,7,5,71,43,32,10,10,3,6,7,4,81,48,32,9,10,11,16
2016-3463,Milan,Clay,32,C,,20160626,29,CF01,5,,Marco Cecchinato,R,185,ITA,23.737,140,412,B884,4,,Carlos Berlocq,R,183,ARG,33.394,101,595,6-4 6-2,3,SF,96,3,0,60,43,26,8,9,1,4,1,4,54,36,18,5,9,4,10
2016-3463,Milan,Clay,32,C,,20160626,30,DB63,,,Laslo Djere,R,188,SRB,21.068,240,219,G676,8,,Daniel Gimeno-Traver,R,183,ESP,30.886,173,311,6-2 3-6 7-5,3,SF,154,2,8,101,68,36,13,15,3,10,2,6,99,44,28,19,14,6,14
2016-3463,Milan,Clay,32,C,,20160626,31,CF01,5,,Marco Cecchinato,R,185,ITA,23.737,140,412,DB63,,,Laslo Djere,R,188,SRB,21.068,240,219,6-2 6-2,3,F,72,3,0,52,38,28,10,8,6,6,1,3,48,30,17,7,8,4,8
2016-6156,Marburg,Clay,32,C,,20160627,1,Z168,,,Mischa Zverev,L,191,GER,28.849,152,369,BG23,2,,Nikoloz Basilashvili,R,185,GEO,24.342,104,563,6-2 4-6 7-6(6),3,R32,,4,4,107,62,41,23,15,8,12,3,4,119,64,37,29,15,12,17
2016-6156,Marburg,Clay,32,C,,20160627,2,MI43,3,,Gerald Melzer,L,188,AUT,25.958,106,551,F664,,,Sebastian Fanselow,R,,GER,24.493,456,84,6-4 6-2,3,R32,,11,2,58,45,31,10,9,1,1,4,3,51,24,19,11,9,1,4
2016-6156,Marburg,Clay,32,C,,20160627,3,D632,4,,Steve Darcis,R,175,BEL,32.29,109,546,L430,,,Giovanni Lapentti,R,193,ECU,33.421,319,148,6-2 7-6(4),3,R32,,6,2,65,45,36,11,10,3,4,1,2,56,40,31,5,10,1,4
2016-6156,Marburg,Clay,32,C,,20160627,4,A622,,,Andrea Arnaboldi,L,180,ITA,28.501,213,251,KC04,5,,Jozef Kovalik,R,183,SVK,23.644,128,467,6-3 6-3,3,R32,,2,2,59,30,20,20,9,1,1,4,4,80,50,30,14,9,7,10
2016-6156,Marburg,Clay,32,C,,20160627,5,BC72,6,,Daniel Brands,R,196,GER,28.947,131,444,N897,,,Sumit Nagal,R,178,IND,18.864,409,105,6-4 3-6 7-5,3,R32,,4,7,80,45,36,16,15,1,4,4,0,93,63,40,19,16,5,9
2016-6156,Marburg,Clay,32,C,,20160627,6,SK67,,,Jan Satral,R,185,CZE,25.927,272,184,K839,7,,Tobias Kamke,R,178,GER,30.103,134,425,6-2 3-6 6-2,3,R32,,7,3,74,40,32,18,12,5,6,1,2,91,53,34,19,13,12,16
2016-6156,Marburg,Clay,32,C,,20160627,7,RE44,,,Andrey Rublev,R,188,RUS,18.686,203,262,M915,8,,Daniel Munoz de la Nava,L,175,ESP,34.409,135,425,6-2 RET,3,R32,,6,0,23,16,14,3,4,0,0,1,0,33,22,12,5,4,4,6
2016-6156,Marburg,Clay,32,C,,20160627,8,KC29,9,,Nicolas Kicker,R,178,ARG,23.863,136,425,PJ32,,,Manuel Pena Lopez,R,180,ARG,18.376,1479,3,6-7(6) 6-3 6-3,3,R32,164,4,4,109,62,39,26,15,6,10,2,3,106,69,44,13,15,9,16
2016-6156,Marburg,Clay,32,C,,20160627,9,GB13,,,Germain Gigounon,R,178,BEL,27.187,346,133,PF36,,,David Perez Sanz,R,180,ESP,22.119,234,225,6-1 6-1,3,R32,,1,2,41,28,21,6,7,2,3,1,2,36,18,6,5,7,3,9
2016-6156,Marburg,Clay,32,C,,20160627,10,G676,,,Daniel Gimeno-Traver,R,183,ESP,30.888,159,340,L908,,,Nils Langer,R,193,GER,26.42,205,260,7-6(0) 5-7 6-1,3,R32,,6,4,108,68,43,21,16,5,9,3,2,104,71,49,10,15,7,12
2016-6156,Marburg,Clay,32,C,,20160627,11,GB93,,,Norbert Gombos,R,193,SVK,25.873,308,154,J400,,,Jeremy Jahn,R,178,GER,26.229,309,153,6-0 6-3,3,R32,46,4,1,39,25,21,9,8,1,2,2,2,49,31,17,3,7,4,9
2016-6156,Marburg,Clay,32,C,,20160627,12,KC33,,,Dimitar Kuzmanov,R,183,BUL,22.916,314,150,D981,,,Arthur De Greef,R,183,BEL,24.252,182,300,6-3 7-6(10),3,R32,,5,2,75,55,39,10,11,2,4,0,0,68,46,34,7,10,3,6
2016-6156,Marburg,Clay,32,C,,20160627,13,LA93,,,Enrique Lopez Perez,R,180,ESP,25.068,209,254,GB53,,,Federico Gaio,R,178,ITA,24.312,257,202,6-2 6-4,3,R32,,9,4,53,32,26,11,9,3,4,3,1,46,30,15,11,9,0,4
2016-6156,Marburg,Clay,32,C,,20160627,14,MI11,,,Axel Michon,L,,FRA,25.53,237,223,Z272,,,Ze Zhang,R,188,CHN,25.982,166,320,7-6(5) 7-6(3),3,R32,,3,5,86,61,39,9,12,2,6,12,4,90,45,31,19,12,5,9
2016-6156,Marburg,Clay,32,C,,20160627,15,RA82,,,Yannik Reuter,R,,BEL,25.311,264,194,LB51,,,Julian Lenz,R,188,GER,23.357,1233,5,6-4 6-3,3,R32,,8,0,47,24,22,13,9,1,2,3,2,64,33,18,18,10,3,7
2016-6156,Marburg,Clay,32,C,,20160627,16,TA29,,,Marco Trungelliti,R,178,ARG,26.404,150,377,SK47,,,Mohamed Safwat,R,180,EGY,25.771,227,235,4-6 6-3 6-4,3,R32,,3,6,95,48,39,25,14,5,6,5,2,81,49,38,16,15,0,3
2016-6156,Marburg,Clay,32,C,,20160627,17,RA82,,,Yannik Reuter,R,,BEL,25.311,264,194,MI43,3,,Gerald Melzer,L,188,AUT,25.958,106,551,3-6 6-1 6-4,3,R16,119,3,8,88,50,36,19,13,2,4,11,4,81,40,31,17,13,7,11
2016-6156,Marburg,Clay,32,C,,20160627,18,KC33,,,Dimitar Kuzmanov,R,183,BUL,22.916,314,150,D632,4,,Steve Darcis,R,175,BEL,32.29,109,546,6-3 RET,3,R16,45,0,1,40,28,20,8,5,4,4,0,1,25,11,7,8,4,2,3
2016-6156,Marburg,Clay,32,C,,20160627,19,BC72,6,,Daniel Brands,R,196,GER,28.947,131,444,GB93,,,Norbert Gombos,R,193,SVK,25.873,308,154,6-3 7-5,3,R16,73,9,1,54,36,32,10,10,2,2,4,8,71,42,32,11,11,6,9
2016-6156,Marburg,Clay,32,C,,20160627,20,KC29,9,,Nicolas Kicker,R,178,ARG,23.863,136,425,GB13,,,Germain Gigounon,R,178,BEL,27.187,346,133,6-3 3-6 6-2,3,R16,126,1,0,75,47,32,17,13,3,5,6,1,80,52,30,16,13,7,11
2016-6156,Marburg,Clay,32,C,,20160627,21,A622,,,Andrea Arnaboldi,L,180,ITA,28.501,213,251,LA93,,,Enrique Lopez Perez,R,180,ESP,25.068,209,254,6-3 1-6 7-6(5),3,R16,104,5,6,87,56,41,14,14,1,3,13,2,79,49,42,16,14,1,2
2016-6156,Marburg,Clay,32,C,,20160627,22,G676,,,Daniel Gimeno-Traver,R,183,ESP,30.888,159,340,RE44,,,Andrey Rublev,R,188,RUS,18.686,203,262,5-7 6-3 6-4,3,R16,134,1,1,88,54,38,18,16,2,5,4,4,112,65,43,21,15,11,15
2016-6156,Marburg,Clay,32,C,,20160627,23,SK67,,,Jan Satral,R,185,CZE,25.927,272,184,MI11,,,Axel Michon,L,,FRA,25.53,237,223,6-4 6-1,3,R16,72,6,1,46,27,24,8,9,0,2,0,4,49,28,16,7,8,4,9
2016-6156,Marburg,Clay,32,C,,20160627,24,TA29,,,Marco Trungelliti,R,178,ARG,26.404,150,377,Z168,,,Mischa Zverev,L,191,GER,28.849,152,369,6-4 6-3,3,R16,87,2,2,73,43,33,13,10,4,5,1,0,60,30,18,19,9,5,8
2016-6156,Marburg,Clay,32,C,,20160627,25,BC72,6,,Daniel Brands,R,196,GER,28.947,131,444,KC29,9,,Nicolas Kicker,R,178,ARG,23.863,136,425,6-4 6-7(1) 6-3,3,QF,129,19,2,94,50,45,22,16,1,1,4,3,102,74,51,16,15,4,6
2016-6156,Marburg,Clay,32,C,,20160627,26,RA82,,,Yannik Reuter,R,,BEL,25.311,264,194,A622,,,Andrea Arnaboldi,L,180,ITA,28.501,213,251,7-6(6) 6-1,3,QF,103,2,3,68,27,23,20,10,4,6,1,2,58,28,19,13,9,0,4
2016-6156,Marburg,Clay,32,C,,20160627,27,SK67,,,Jan Satral,R,185,CZE,25.927,272,184,KC33,,,Dimitar Kuzmanov,R,183,BUL,22.916,314,150,6-7(8) 6-1 6-2,3,QF,128,6,6,96,49,35,27,14,6,8,0,1,86,57,32,14,13,4,10
2016-6156,Marburg,Clay,32,C,,20160627,28,TA29,,,Marco Trungelliti,R,178,ARG,26.404,150,377,G676,,,Daniel Gimeno-Traver,R,183,ESP,30.888,159,340,6-3 6-4,3,QF,83,0,4,64,37,29,14,10,2,3,1,3,67,44,31,8,9,7,10
2016-6156,Marburg,Clay,32,C,,20160627,29,SK67,,,Jan Satral,R,185,CZE,25.927,272,184,BC72,6,,Daniel Brands,R,196,GER,28.947,131,444,6-1 6-3,3,SF,57,10,3,57,34,29,11,8,4,4,4,3,45,30,19,5,8,2,6
2016-6156,Marburg,Clay,32,C,,20160627,30,TA29,,,Marco Trungelliti,R,178,ARG,26.404,150,377,RA82,,,Yannik Reuter,R,,BEL,25.311,264,194,5-7 6-3 6-3,3,SF,156,7,5,108,58,38,26,15,9,12,5,2,114,70,43,21,15,7,12
2016-6156,Marburg,Clay,32,C,,20160627,31,SK67,,,Jan Satral,R,185,CZE,25.927,272,184,TA29,,,Marco Trungelliti,R,178,ARG,26.404,150,377,6-2 6-4,3,F,88,10,0,59,33,25,9,9,5,7,1,6,63,34,19,11,9,5,10
2016-228,Winnetka,Hard,32,C,,20160709,1,N732,1,,Yoshihito Nishioka,L,170,JPN,20.783,122,506,K834,,,Blaz Kavcic,R,188,SLO,29.347,322,147,6-0 6-4,3,R32,63,4,0,41,25,21,11,8,0,0,1,4,56,29,16,11,8,3,7
2016-228,Winnetka,Hard,32,C,,20160709,2,K737,,,Alex Kuznetsov,R,183,USA,29.424,366,123,SF62,2,,Tim Smyczek,R,175,USA,28.526,125,488,7-6(3) 6-4,3,R32,111,5,2,84,50,36,17,11,6,8,5,6,83,42,28,17,11,10,13
2016-228,Winnetka,Hard,32,C,,20160709,3,KA00,3,,Austin Krajicek,L,188,USA,26.064,132,438,N563,,,Dennis Nevolo,R,,USA,26.546,432,93,6-3 7-6(5),3,R32,110,8,1,83,52,37,14,10,5,7,0,5,81,47,30,14,11,4,8
2016-228,Winnetka,Hard,32,C,,20160709,4,C582,4,,Marco Chiudinelli,R,185,SUI,34.828,138,419,RG42,,,Alex Rybakov,L,185,USA,19.447,623,43,7-6(4) 6-3,3,R32,98,6,4,65,43,32,9,10,3,5,4,2,80,47,30,11,11,6,10
2016-228,Winnetka,Hard,32,C,,20160709,5,SC47,5,,Go Soeda,R,178,JPN,31.841,156,352,MK66,,,Mackenzie McDonald,R,178,USA,21.232,416,100,7-6(0) 6-4,3,R32,103,5,3,63,33,28,19,11,0,0,2,5,96,59,40,17,11,9,10
2016-228,Winnetka,Hard,32,C,,20160709,6,G967,6,,Peter Gojowczyk,R,188,GER,26.984,157,343,F974,,,Tom Fawcett,R,196,USA,20.726,1421,3,3-6 6-0 7-6(4),3,R32,114,8,6,91,39,34,24,14,3,6,3,12,95,49,29,22,13,9,13
2016-228,Winnetka,Hard,32,C,,20160709,7,SJ55,7,,John-Patrick Smith,L,188,AUS,27.455,160,339,D994,,,James Duckworth,R,183,AUS,24.465,173,313,6-4 6-7(2) 6-1,3,R32,106,12,4,83,50,43,19,15,0,1,9,6,91,39,28,25,14,5,9
2016-228,Winnetka,Hard,32,C,,20160709,8,TD51,8,,Frances Tiafoe,R,188,USA,18.467,167,317,J380,,,Jason Jung,R,180,TPE,27.066,289,170,6-3 1-6 7-5,3,R32,107,8,5,77,44,32,20,14,1,3,4,1,84,45,35,19,14,2,4
2016-228,Winnetka,Hard,32,C,,20160709,9,BH22,,,Sam Barry,R,191,IRL,24.449,276,179,SQ48,,,Ryan Shane,R,193,USA,22.234,688,36,7-6(7) 6-1,3,R32,88,6,2,68,44,36,15,10,1,1,7,12,66,31,25,17,9,2,4
2016-228,Winnetka,Hard,32,C,,20160709,10,D499,,,Frank Dancevic,R,185,CAN,31.784,265,193,BH98,,,Matthew Barton,R,191,AUS,24.559,248,212,6-4 6-4,3,R32,66,8,3,55,25,21,21,10,1,1,11,3,63,33,23,15,10,5,7
2016-228,Winnetka,Hard,32,C,,20160709,11,KE64,,,Stefan Kozlov,R,183,USA,18.434,176,310,BH02,,,Sekou Bangoura,R,183,USA,24.641,252,208,6-4 3-6 6-2,3,R32,128,6,9,89,38,29,29,13,5,6,2,3,83,36,25,28,14,4,7
2016-228,Winnetka,Hard,32,C,,20160709,12,KC12,,,Mitchell Krueger,R,188,USA,22.489,239,222,HB41,,,Jared Hiltzik,R,185,USA,22.004,596,49,7-6(4) 3-6 6-4,3,R32,137,5,6,104,62,49,24,16,8,10,7,0,111,78,54,18,15,9,10
2016-228,Winnetka,Hard,32,C,,20160709,13,MG84,,,Nicolas Meister,R,180,USA,27.151,268,191,G806,,,Andrey Golubev,R,180,KAZ,28.966,208,255,6-2 6-3,3,R32,70,3,6,45,16,14,18,9,0,1,1,2,52,30,19,7,8,3,7
2016-228,Winnetka,Hard,32,C,,20160709,14,MK40,,,Benjamin Mitchell,R,183,AUS,23.606,240,221,E873,,,Ernesto Escobedo,R,185,MEX,20.014,267,192,6-4 3-6 7-5,3,R32,127,5,5,97,65,44,17,15,6,9,9,4,97,53,41,17,16,4,8
2016-228,Winnetka,Hard,32,C,,20160709,15,N555,,,Daniel Nguyen,R,173,USA,25.73,223,239,BF27,,,Adrien Bossel,,,SUI,29.53,389,113,6-3 6-3,3,R32,90,5,11,81,34,24,21,9,5,7,3,2,61,28,14,15,9,4,9
2016-228,Winnetka,Hard,32,C,,20160709,16,SL07,,,Alexander Sarkissian,R,191,USA,26.267,214,250,W471,,,Amir Weintraub,R,185,ISR,29.812,215,250,6-7(5) 6-1 6-3,3,R32,112,6,8,94,50,37,23,14,3,4,5,4,95,60,42,11,14,4,9
2016-228,Winnetka,Hard,32,C,,20160709,17,N732,1,,Yoshihito Nishioka,L,170,JPN,20.783,122,506,N555,,,Daniel Nguyen,R,173,USA,25.73,223,239,6-3 6-3,3,R16,81,5,4,64,34,23,13,9,4,7,2,1,62,38,19,9,9,6,12
2016-228,Winnetka,Hard,32,C,,20160709,18,KC12,,,Mitchell Krueger,R,188,USA,22.489,239,222,KA00,3,,Austin Krajicek,L,188,USA,26.064,132,438,7-5 3-6 6-4,3,R16,126,9,4,92,57,40,19,16,2,6,13,3,87,52,36,19,15,3,7
2016-228,Winnetka,Hard,32,C,,20160709,19,D499,,,Frank Dancevic,R,185,CAN,31.784,265,193,C582,4,,Marco Chiudinelli,R,185,SUI,34.828,138,419,6-3 6-2,3,R16,79,8,2,47,26,22,13,8,2,2,2,3,69,37,19,17,9,8,12
2016-228,Winnetka,Hard,32,C,,20160709,20,SC47,5,,Go Soeda,R,178,JPN,31.841,156,352,KE64,,,Stefan Kozlov,R,183,USA,18.434,176,310,6-3 6-2,3,R16,83,4,4,52,30,23,12,8,3,4,2,5,58,18,15,13,9,3,8
2016-228,Winnetka,Hard,32,C,,20160709,21,G967,6,,Peter Gojowczyk,R,188,GER,26.984,157,343,BH22,,,Sam Barry,R,191,IRL,24.449,276,179,6-4 6-2,3,R16,73,5,4,58,25,20,17,9,4,5,5,5,54,36,21,7,9,1,5
2016-228,Winnetka,Hard,32,C,,20160709,22,SL07,,,Alexander Sarkissian,R,191,USA,26.267,214,250,SJ55,7,,John-Patrick Smith,L,188,AUS,27.455,160,339,7-6(6) 6-1,3,R16,91,7,5,71,43,34,14,10,6,7,2,4,75,36,27,13,9,3,6
2016-228,Winnetka,Hard,32,C,,20160709,23,TD51,8,,Frances Tiafoe,R,188,USA,18.467,167,317,MK40,,,Benjamin Mitchell,R,183,AUS,23.606,240,221,7-5 6-3,3,R16,77,6,3,55,27,16,14,10,4,8,2,7,69,42,21,10,11,3,10
2016-228,Winnetka,Hard,32,C,,20160709,24,K737,,,Alex Kuznetsov,R,183,USA,29.424,366,123,MG84,,,Nicolas Meister,R,180,USA,27.151,268,191,6-3 6-2,3,R16,87,6,1,60,40,29,11,9,4,5,1,4,54,20,12,16,8,3,7
2016-228,Winnetka,Hard,32,C,,20160709,25,N732,1,,Yoshihito Nishioka,L,170,JPN,20.783,122,506,SL07,,,Alexander Sarkissian,R,191,USA,26.267,214,250,6-2 6-4,3,QF,76,0,0,48,23,16,14,9,0,3,4,2,59,38,19,7,9,2,8
2016-228,Winnetka,Hard,32,C,,20160709,26,SC47,5,,Go Soeda,R,178,JPN,31.841,156,352,D499,,,Frank Dancevic,R,185,CAN,31.784,265,193,7-6(3) 6-2,3,QF,84,4,2,71,35,30,17,10,5,7,6,8,67,43,30,8,10,1,5
2016-228,Winnetka,Hard,32,C,,20160709,27,G967,6,,Peter Gojowczyk,R,188,GER,26.984,157,343,K737,,,Alex Kuznetsov,R,183,USA,29.424,366,123,6-3 6-4,3,QF,80,8,2,65,32,24,19,10,2,4,5,1,56,32,25,5,9,4,8
2016-228,Winnetka,Hard,32,C,,20160709,28,TD51,8,,Frances Tiafoe,R,188,USA,18.467,167,317,KC12,,,Mitchell Krueger,R,188,USA,22.489,239,222,6-3 6-2,3,QF,72,3,3,53,30,26,12,9,1,1,5,1,63,42,27,8,8,2,5
2016-228,Winnetka,Hard,32,C,,20160709,29,N732,1,,Yoshihito Nishioka,L,170,JPN,20.783,122,506,SC47,5,,Go Soeda,R,178,JPN,31.841,156,352,6-2 6-3,3,SF,63,1,0,51,33,23,14,8,2,2,3,3,51,26,16,10,9,2,6
2016-228,Winnetka,Hard,32,C,,20160709,30,TD51,8,,Frances Tiafoe,R,188,USA,18.467,167,317,G967,6,,Peter Gojowczyk,R,188,GER,26.984,157,343,6-4 7-6(5),3,SF,70,6,4,63,33,29,17,11,2,3,9,4,72,45,32,14,11,3,5
2016-228,Winnetka,Hard,32,C,,20160709,31,N732,1,,Yoshihito Nishioka,L,170,JPN,20.783,122,506,TD51,8,,Frances Tiafoe,R,188,USA,18.467,167,317,6-3 6-2,3,F,75,1,0,64,31,22,16,9,7,9,2,0,53,33,15,8,8,3,8
2016-526,Braunschweig,Clay,32,C,,20160709,1,BD20,1,,Thomaz Bellucci,L,188,BRA,28.526,62,790,BA86,,,Andreas Beck,L,191,GER,30.423,286,172,6-3 6-2,3,R32,,4,2,50,29,23,10,9,0,1,1,4,53,33,17,9,8,7,11
2016-526,Braunschweig,Clay,32,C,,20160709,2,CA33,2,,Inigo Cervantes,R,180,ESP,26.606,75,713,GB93,,,Norbert Gombos,R,193,SVK,25.906,308,154,6-4 6-4,3,R32,,5,3,56,24,19,15,10,1,4,3,8,61,33,22,8,10,3,8
2016-526,Braunschweig,Clay,32,C,,20160709,3,MB02,3,,Florian Mayer,R,191,GER,32.761,80,696,MF78,,,Marek Michalicka,R,183,CZE,29.544,242,217,6-0 5-7 7-6(2),3,R32,,7,3,109,58,41,17,15,9,15,4,10,102,49,28,21,15,9,17
2016-526,Braunschweig,Clay,32,C,,20160709,4,SL28,,,Jan-Lennard Struff,R,193,GER,26.207,86,661,GD91,,,Juan Ignacio Galarza,R,183,ARG,22.311,353,130,6-3 7-6(0),3,R32,,6,1,69,34,30,22,11,2,2,6,6,59,28,22,17,10,2,3
2016-526,Braunschweig,Clay,32,C,,20160709,5,L908,,,Nils Langer,R,193,GER,26.453,205,260,MD56,5,,Leonardo Mayer,R,191,ARG,29.153,90,650,6-4 6-4,3,R32,,3,1,62,42,31,12,10,1,1,4,2,53,32,24,12,10,2,4
2016-526,Braunschweig,Clay,32,C,,20160709,6,A829,,,Radu Albot,R,175,MDA,26.658,110,544,E698,6,,Gastao Elias,R,180,POR,25.624,92,647,6-3 6-2,3,R32,,0,3,69,50,35,9,9,5,6,1,3,53,26,12,12,8,4,8
2016-526,Braunschweig,Clay,32,C,,20160709,7,BF23,7,,Facundo Bagnis,L,183,ARG,26.363,96,622,MI43,,,Gerald Melzer,L,188,AUT,25.99,106,551,6-4 5-7 6-2,3,R32,,4,6,81,48,38,18,15,4,6,0,4,108,64,41,21,15,9,13
2016-526,Braunschweig,Clay,32,C,,20160709,8,KE29,8,,Karen Khachanov,R,198,RUS,20.134,100,607,ML57,,,Gianluca Mager,R,188,ITA,21.604,335,140,6-2 6-7(5) 6-0,3,R32,,9,1,79,38,33,29,13,2,2,3,8,128,76,48,23,13,16,21
2016-526,Braunschweig,Clay,32,C,,20160709,9,BG23,,,Nikoloz Basilashvili,R,185,GEO,24.375,104,563,SF36,,,Igor Sijsling,R,191,NED,28.893,118,523,1-6 6-2 6-1,3,R32,,3,4,58,34,24,13,11,2,5,0,1,52,26,13,14,11,3,8
2016-526,Braunschweig,Clay,32,C,,20160709,10,DA81,,,Taro Daniel,R,191,JPN,23.447,114,535,KC04,,,Jozef Kovalik,R,183,SVK,23.677,128,467,7-6(2) 0-6 6-4,3,R32,,0,6,116,74,43,15,14,9,16,4,0,96,49,30,25,14,9,14
2016-526,Braunschweig,Clay,32,C,,20160709,11,G681,,,Teymuraz Gabashvili,R,185,GEO,31.129,103,571,D750,,,Kenny De Schepper,L,203,FRA,29.114,139,412,7-5 4-6 6-1,3,R32,,4,5,91,56,43,18,15,1,3,6,3,82,61,36,13,14,5,9
2016-526,Braunschweig,Clay,32,C,,20160709,12,K839,,,Tobias Kamke,R,178,GER,30.136,134,425,MN20,,,Daniel Masur,R,183,GER,21.673,365,124,6-4 6-4,3,R32,,3,1,62,36,26,18,10,4,5,4,5,85,47,27,22,10,9,12
2016-526,Braunschweig,Clay,32,C,,20160709,13,MI11,,,Axel Michon,L,,FRA,25.563,237,223,K906,,,Michal Konecny,L,183,CZE,26.738,290,168,6-2 7-6(1),3,R32,,4,2,71,43,33,17,10,4,5,7,4,74,47,31,11,10,5,8
2016-526,Braunschweig,Clay,32,C,,20160709,14,PC78,,,Ante Pavic,R,196,CRO,27.34,399,109,B678,,,Michael Berrer,L,193,GER,36.022,119,520,6-3 7-6(3),3,R32,,11,1,70,43,33,20,11,3,3,8,4,78,55,39,10,10,5,6
2016-526,Braunschweig,Clay,32,C,,20160709,15,SK94,,,Cedrik-Marcel Stebe,L,180,GER,25.749,733,30,BC65,,,Matthias Bachinger,R,188,GER,29.27,472,78,6-1 7-5,3,R32,,3,0,66,39,24,18,10,6,8,1,6,78,40,26,11,9,7,12
2016-526,Braunschweig,Clay,32,C,,20160709,16,Z168,,,Mischa Zverev,L,191,GER,28.882,152,369,BC72,,,Daniel Brands,R,196,GER,28.98,131,444,6-2 6-3,3,R32,,5,1,45,28,25,11,9,0,0,0,2,59,40,25,6,8,7,10
2016-526,Braunschweig,Clay,32,C,,20160709,17,BD20,1,,Thomaz Bellucci,L,188,BRA,28.526,62,790,PC78,,,Ante Pavic,R,196,CRO,27.34,399,109,6-4 6-3,3,R16,,1,5,60,33,21,13,9,4,7,5,6,60,29,18,9,10,4,10
2016-526,Braunschweig,Clay,32,C,,20160709,18,CA33,2,,Inigo Cervantes,R,180,ESP,26.606,75,713,MI11,,,Axel Michon,L,,FRA,25.563,237,223,6-1 6-4,3,R16,,4,3,59,28,22,17,9,3,4,1,1,44,32,19,5,8,3,7
2016-526,Braunschweig,Clay,32,C,,20160709,19,K839,,,Tobias Kamke,R,178,GER,30.136,134,425,MB02,3,,Florian Mayer,R,191,GER,32.761,80,696,3-6 6-4 6-3,3,R16,,1,3,87,53,33,18,14,8,13,3,1,96,48,29,21,14,2,8
2016-526,Braunschweig,Clay,32,C,,20160709,20,DA81,,,Taro Daniel,R,191,JPN,23.447,114,535,SL28,,,Jan-Lennard Struff,R,193,GER,26.207,86,661,6-3 1-6 6-4,3,R16,,1,8,86,59,32,11,13,6,12,10,8,97,47,29,21,13,10,16
2016-526,Braunschweig,Clay,32,C,,20160709,21,Z168,,,Mischa Zverev,L,191,GER,28.882,152,369,BF23,7,,Facundo Bagnis,L,183,ARG,26.363,96,622,7-6(5) 2-6 6-4,3,R16,,6,1,90,60,46,17,15,2,5,0,4,107,63,45,23,15,10,12
2016-526,Braunschweig,Clay,32,C,,20160709,22,BG23,,,Nikoloz Basilashvili,R,185,GEO,24.375,104,563,KE29,8,,Karen Khachanov,R,198,RUS,20.134,100,607,6-2 4-6 6-4,3,R16,,0,7,78,47,40,10,14,7,11,3,5,113,58,32,27,14,13,19
2016-526,Braunschweig,Clay,32,C,,20160709,23,A829,,,Radu Albot,R,175,MDA,26.658,110,544,SK94,,,Cedrik-Marcel Stebe,L,180,GER,25.749,733,30,6-3 6-4,3,R16,,0,0,77,57,40,9,10,4,5,2,2,52,36,23,6,9,2,5
2016-526,Braunschweig,Clay,32,C,,20160709,24,G681,,,Teymuraz Gabashvili,R,185,GEO,31.129,103,571,L908,,,Nils Langer,R,193,GER,26.453,205,260,6-1 7-6(5),3,R16,,7,3,60,39,31,9,10,3,5,2,2,59,41,19,9,9,2,6
2016-526,Braunschweig,Clay,32,C,,20160709,25,BD20,1,,Thomaz Bellucci,L,188,BRA,28.526,62,790,BG23,,,Nikoloz Basilashvili,R,185,GEO,24.375,104,563,6-0 6-4,3,QF,67,4,1,46,23,16,15,8,2,3,1,4,58,33,18,8,8,8,13
2016-526,Braunschweig,Clay,32,C,,20160709,26,CA33,2,,Inigo Cervantes,R,180,ESP,26.606,75,713,Z168,,,Mischa Zverev,L,191,GER,28.882,152,369,6-4 6-4,3,QF,88,2,2,66,31,21,16,10,1,4,1,1,61,36,20,11,10,2,7
2016-526,Braunschweig,Clay,32,C,,20160709,27,G681,,,Teymuraz Gabashvili,R,185,GEO,31.129,103,571,DA81,,,Taro Daniel,R,191,JPN,23.447,114,535,7-6(5) 6-1,3,QF,120,7,4,91,50,36,19,9,9,10,1,5,67,46,25,12,10,6,10
2016-526,Braunschweig,Clay,32,C,,20160709,28,K839,,,Tobias Kamke,R,178,GER,30.136,134,425,A829,,,Radu Albot,R,175,MDA,26.658,110,544,7-6(5) 7-6(3),3,QF,127,1,3,84,54,34,16,12,5,9,3,3,85,52,30,17,12,4,8
2016-526,Braunschweig,Clay,32,C,,20160709,29,BD20,1,,Thomaz Bellucci,L,188,BRA,28.526,62,790,G681,,,Teymuraz Gabashvili,R,185,GEO,31.129,103,571,6-7(6) 6-4 6-4,3,SF,173,3,8,113,57,39,32,16,4,7,3,9,112,51,37,29,16,5,10
2016-526,Braunschweig,Clay,32,C,,20160709,30,CA33,2,,Inigo Cervantes,R,180,ESP,26.606,75,713,K839,,,Tobias Kamke,R,178,GER,30.136,134,425,7-5 6-3,3,SF,89,5,3,71,32,24,20,11,2,4,0,2,60,33,19,12,10,3,7
2016-526,Braunschweig,Clay,32,C,,20160709,31,BD20,1,,Thomaz Bellucci,L,188,BRA,28.526,62,790,CA33,2,,Inigo Cervantes,R,180,ESP,26.606,75,713,6-1 1-6 6-3,3,F,101,1,5,71,37,27,16,11,6,9,7,4,65,32,23,15,12,2,7
2016-7540,Bastad,Clay,32,C,,20160709,1,D864,1,,Evgeny Donskoy,R,185,RUS,26.168,78,705,SN54,,,Frederico Ferreira Silva,L,178,POR,21.311,249,211,6-4 6-3,3,R32,75,9,5,64,37,29,13,10,9,11,3,0,51,33,19,6,9,1,5
2016-7540,Bastad,Clay,32,C,,20160709,2,Z184,2,,Horacio Zeballos,L,188,ARG,31.201,83,686,Z272,,,Ze Zhang,R,188,CHN,26.015,166,320,6-4 6-2,3,R32,74,1,0,53,33,25,12,9,2,3,2,2,61,36,23,10,9,6,10
2016-7540,Bastad,Clay,32,C,,20160709,3,B884,3,,Carlos Berlocq,R,183,ARG,33.429,95,624,HB71,,,Hubert Hurkacz,R,196,POL,19.406,481,75,6-2 6-3,3,R32,78,3,0,47,28,22,13,8,3,3,3,3,61,36,24,8,9,1,5
2016-7540,Bastad,Clay,32,C,,20160709,4,F586,4,,Thomas Fabbiano,R,173,ITA,27.121,113,536,Y218,,,Elias Ymer,R,185,SWE,20.246,144,394,3-6 6-4 6-2,3,R32,112,2,1,90,71,46,8,14,12,16,4,4,84,47,29,17,13,10,15
2016-7540,Bastad,Clay,32,C,,20160709,5,CF59,5,,Roberto Carballes Baena,R,183,ESP,23.296,115,534,GC54,,,Scott Griekspoor,R,188,NED,25.495,282,174,6-2 6-4,3,R32,66,1,0,50,42,32,7,9,0,0,1,0,49,31,21,8,9,4,7
2016-7540,Bastad,Clay,32,C,,20160709,6,M824,6,,Albert Montanes,R,175,ESP,35.617,120,508,V620,,,Agustin Velotti,R,,ARG,24.126,259,200,6-2 7-5,3,R32,80,3,2,58,32,23,13,10,2,5,1,1,57,26,14,12,10,4,10
2016-7540,Bastad,Clay,32,C,,20160709,7,D551,,,Farrukh Dustov,R,193,UZB,30.133,222,240,M915,7,,Daniel Munoz de la Nava,L,175,ESP,34.442,135,425,4-6 6-2 6-2,3,R32,115,5,2,79,50,38,16,13,3,4,2,6,98,62,38,17,13,13,17
2016-7540,Bastad,Clay,32,C,,20160709,8,KC29,8,,Nicolas Kicker,R,178,ARG,23.896,136,425,DA02,,,Maxim Dubarenco,,,MDA,23.042,373,122,7-5 6-2,3,R32,84,1,0,58,33,25,16,10,3,4,4,2,55,34,23,11,10,2,6
2016-7540,Bastad,Clay,32,C,,20160709,9,AB12,,,Isak Arvidsson,R,188,SWE,23.923,524,65,J513,,,Miki Jankovic,R,180,SRB,21.785,262,196,6-2 7-6(7),3,R32,82,8,1,61,36,29,16,10,0,0,7,2,60,41,28,10,10,0,2
2016-7540,Bastad,Clay,32,C,,20160709,10,G676,,,Daniel Gimeno-Traver,R,183,ESP,30.921,159,340,Z254,,,Jurgen Zopp,R,191,EST,28.279,170,315,6-7(5) 6-4 6-1,3,R32,144,4,4,87,63,46,12,15,3,6,2,2,117,68,40,22,14,9,15
2016-7540,Bastad,Clay,32,C,,20160709,11,KC56,,,Aslan Karatsev,R,185,RUS,22.845,250,209,G602,,,Andre Ghem,R,193,BRA,34.114,199,266,6-4 6-4,3,R32,81,1,2,59,33,19,14,10,5,9,2,0,60,42,22,6,10,6,12
2016-7540,Bastad,Clay,32,C,,20160709,12,L949,,,Henri Laaksonen,R,185,SUI,24.274,172,314,E688,,,Markus Eriksson,R,188,SWE,26.609,461,83,6-3 2-6 6-3,3,R32,98,8,4,79,45,32,17,13,3,6,1,1,73,53,32,12,13,3,7
2016-7540,Bastad,Clay,32,C,,20160709,13,RE44,,,Andrey Rublev,R,188,RUS,18.719,203,262,GA94,,,Prajnesh Gunneswaran,L,188,IND,26.656,406,107,6-7(3) 7-5 7-6(3),3,R32,161,1,3,127,79,64,18,18,11,14,6,8,129,78,52,29,18,10,14
2016-7540,Bastad,Clay,32,C,,20160709,14,SX81,,,Carl Soderlund,R,188,SWE,19.099,611,46,LA94,,,Christian Lindell,R,193,SWE,24.635,316,150,7-5 6-2,3,R32,86,0,0,64,40,33,9,10,3,4,4,3,54,38,23,8,10,2,6
2016-7540,Bastad,Clay,32,C,,20160709,15,TC11,,,Marko Tepavac,R,193,SRB,22.261,189,284,DB63,,,Laslo Djere,R,188,SRB,21.103,216,249,6-3 6-0,3,R32,56,5,1,41,28,24,5,7,2,3,2,2,42,25,13,3,8,3,9
2016-7540,Bastad,Clay,32,C,,20160709,16,Z189,,,Grega Zemlja,R,183,SLO,29.777,155,354,V490,,,Matteo Viola,R,185,ITA,29.008,321,148,7-5 1-6 7-6(2),3,R32,129,9,5,105,58,41,20,16,11,17,1,6,108,74,47,16,15,7,11
2016-7540,Bastad,Clay,32,C,,20160709,17,L949,,,Henri Laaksonen,R,185,SUI,24.274,172,314,D864,1,,Evgeny Donskoy,R,185,RUS,26.168,78,705,6-2 6-4,3,R16,70,2,4,61,45,33,6,9,2,3,0,2,50,29,16,10,9,1,5
2016-7540,Bastad,Clay,32,C,,20160709,18,Z184,2,,Horacio Zeballos,L,188,ARG,31.201,83,686,KC56,,,Aslan Karatsev,R,185,RUS,22.845,250,209,6-2 6-1,3,R16,58,1,0,42,28,21,11,8,0,0,0,0,44,31,18,4,7,4,8
2016-7540,Bastad,Clay,32,C,,20160709,19,B884,3,,Carlos Berlocq,R,183,ARG,33.429,95,624,RE44,,,Andrey Rublev,R,188,RUS,18.719,203,262,6-3 6-7(5) 6-2,3,R16,156,4,5,102,79,59,11,15,4,5,0,7,90,67,45,8,14,1,5
2016-7540,Bastad,Clay,32,C,,20160709,20,SX81,,,Carl Soderlund,R,188,SWE,19.099,611,46,F586,4,,Thomas Fabbiano,R,173,ITA,27.121,113,536,6-4 7-6(4),3,R16,92,1,1,74,43,35,13,11,2,4,1,3,66,37,21,16,11,3,6
2016-7540,Bastad,Clay,32,C,,20160709,21,CF59,5,,Roberto Carballes Baena,R,183,ESP,23.296,115,534,AB12,,,Isak Arvidsson,R,188,SWE,23.923,524,65,6-4 6-4,3,R16,90,3,3,63,44,34,9,10,2,3,5,2,63,43,28,10,10,3,6
2016-7540,Bastad,Clay,32,C,,20160709,22,M824,6,,Albert Montanes,R,175,ESP,35.617,120,508,Z189,,,Grega Zemlja,R,183,SLO,29.777,155,354,6-2 6-3,3,R16,59,4,7,55,32,27,11,8,1,1,7,7,55,28,18,11,9,3,7
2016-7540,Bastad,Clay,32,C,,20160709,23,TC11,,,Marko Tepavac,R,193,SRB,22.261,189,284,KC29,8,,Nicolas Kicker,R,178,ARG,23.896,136,425,6-2 7-6(2),3,R16,91,7,3,60,34,24,16,10,0,1,2,3,76,47,28,14,10,8,11
2016-7540,Bastad,Clay,32,C,,20160709,24,G676,,,Daniel Gimeno-Traver,R,183,ESP,30.921,159,340,D551,,,Farrukh Dustov,R,193,UZB,30.133,222,240,6-2 6-2,3,R16,67,1,1,65,57,37,4,8,5,5,0,1,49,35,17,8,8,1,5
2016-7540,Bastad,Clay,32,C,,20160709,25,Z184,2,,Horacio Zeballos,L,188,ARG,31.201,83,686,TC11,,,Marko Tepavac,R,193,SRB,22.261,189,284,7-6(5) 6-4,3,QF,102,6,2,76,46,31,21,11,2,3,9,2,83,49,34,18,11,5,7
2016-7540,Bastad,Clay,32,C,,20160709,26,B884,3,,Carlos Berlocq,R,183,ARG,33.429,95,624,M824,6,,Albert Montanes,R,175,ESP,35.617,120,508,2-6 6-2 6-3,3,QF,109,1,1,86,69,47,5,13,5,9,3,3,73,45,24,15,12,4,9
2016-7540,Bastad,Clay,32,C,,20160709,27,CF59,5,,Roberto Carballes Baena,R,183,ESP,23.296,115,534,L949,,,Henri Laaksonen,R,185,SUI,24.274,172,314,6-3 6-3,3,QF,63,2,2,47,36,27,6,9,2,4,1,1,74,56,29,8,9,8,13
2016-7540,Bastad,Clay,32,C,,20160709,28,SX81,,,Carl Soderlund,R,188,SWE,19.099,611,46,G676,,,Daniel Gimeno-Traver,R,183,ESP,30.921,159,340,5-7 6-1 6-4,3,QF,113,2,2,90,55,39,19,15,6,8,0,10,96,68,46,11,14,7,11
2016-7540,Bastad,Clay,32,C,,20160709,29,Z184,2,,Horacio Zeballos,L,188,ARG,31.201,83,686,B884,3,,Carlos Berlocq,R,183,ARG,33.429,95,624,6-3 2-6 6-2,3,SF,130,7,4,86,59,43,10,13,3,6,3,3,80,48,31,17,12,4,8
2016-7540,Bastad,Clay,32,C,,20160709,30,CF59,5,,Roberto Carballes Baena,R,183,ESP,23.296,115,534,SX81,,,Carl Soderlund,R,188,SWE,19.099,611,46,6-4 6-0,3,SF,76,0,1,55,42,28,6,8,2,3,0,5,49,28,16,6,8,1,6
2016-7540,Bastad,Clay,32,C,,20160709,31,Z184,2,,Horacio Zeballos,L,188,ARG,31.201,83,686,CF59,5,,Roberto Carballes Baena,R,183,ESP,23.296,115,534,6-3 6-4,3,F,89,3,1,58,38,31,11,10,4,5,3,2,64,42,27,10,9,7,10
2016-3627,Todi,Clay,32,C,,20160710,1,MF35,1,,Andrej Martin,R,183,SVK,26.804,105,562,LB66,,,Constant Lestienne,R,180,FRA,24.131,210,253,6-3 5-7 6-3,3,R32,,1,3,97,68,41,14,15,7,12,3,9,99,61,32,18,15,7,14
2016-3627,Todi,Clay,32,C,,20160710,2,CF01,2,,Marco Cecchinato,R,185,ITA,23.775,130,463,BK19,,,Mathias Bourgue,R,188,FRA,22.475,184,293,6-2 6-3,3,R32,,2,0,59,42,28,11,9,3,4,2,1,49,29,19,7,8,1,5
2016-3627,Todi,Clay,32,C,,20160710,3,TA29,3,,Marco Trungelliti,R,178,ARG,26.439,150,377,BE68,,,Tomislav Brkic,R,185,BIH,26.338,379,118,6-3 2-6 7-5,3,R32,,6,1,89,56,37,17,15,6,11,2,2,96,60,34,18,14,6,11
2016-3627,Todi,Clay,32,C,,20160710,4,F724,4,,Marton Fucsovics,R,188,HUN,24.419,163,329,I306,,,Cem Ilkel,R,185,TUR,20.887,397,110,2-6 7-6(1) 6-1,3,R32,,5,5,110,56,39,24,13,13,17,5,3,88,37,24,26,14,3,8
2016-3627,Todi,Clay,32,C,,20160710,5,G983,5,,Alessandro Giannessi,L,185,ITA,26.114,164,325,D916,,,Steven Diez,R,175,CAN,25.317,197,271,5-7 7-5 6-1,3,R32,,4,3,89,58,41,18,16,1,4,1,9,88,56,39,11,15,6,11
2016-3627,Todi,Clay,32,C,,20160710,6,V495,6,,Luca Vanni,R,198,ITA,31.099,171,314,A622,,,Andrea Arnaboldi,L,180,ITA,28.537,213,251,6-4 6-4,3,R32,,3,4,55,21,18,23,10,0,0,0,4,74,41,29,16,10,6,8
2016-3627,Todi,Clay,32,C,,20160710,7,N679,,,Stefano Napolitano,R,196,ITA,21.248,363,126,A941,7,,Facundo Arguello,R,178,ARG,23.932,175,311,6-3 6-4,3,R32,,2,2,54,29,24,12,9,0,1,1,0,61,38,21,11,10,0,4
2016-3627,Todi,Clay,32,C,,20160710,8,Z246,,,Miljan Zekic,R,185,SRB,27.995,241,218,K771,8,,Marsel Ilhan,R,191,TUR,29.081,180,300,7-5 6-1,3,R32,,1,2,59,35,27,11,9,3,4,1,1,66,44,23,9,10,5,10
2016-3627,Todi,Clay,32,C,,20160710,9,D981,,,Arthur De Greef,R,183,BEL,24.287,182,300,BK24,,,Gregoire Barrere,R,183,FRA,22.396,192,281,6-3 5-7 6-4,3,R32,,3,4,93,61,40,16,15,5,10,6,8,105,58,39,14,16,6,13
2016-3627,Todi,Clay,32,C,,20160710,10,DA67,,,Matteo Donati,R,185,ITA,21.363,191,282,GB53,,,Federico Gaio,R,178,ITA,24.348,257,202,6-7(7) 7-6(5) 6-4,3,R32,,4,1,110,74,56,24,17,6,6,5,3,116,67,52,28,17,6,7
2016-3627,Todi,Clay,32,C,,20160710,11,MM58,,,Daniil Medvedev,R,198,RUS,20.411,228,233,U061,,,Adrian Ungur,R,178,ROU,31.463,187,289,1-6 6-3 6-2,3,R32,,7,6,85,41,28,20,12,6,10,0,6,66,32,23,13,12,1,6
2016-3627,Todi,Clay,32,C,,20160710,12,PG20,,,Dmitry Popko,R,191,KAZ,19.71,207,256,SH91,,,Jordi Samper-Montana,R,,ESP,26.264,206,258,7-5 6-3,3,R32,,3,3,68,43,28,13,11,2,5,1,4,60,38,24,6,10,6,11
2016-3627,Todi,Clay,32,C,,20160710,13,Q948,,,Gianluigi Quinzi,L,191,ITA,20.438,391,112,SK47,,,Mohamed Safwat,R,180,EGY,25.807,227,235,3-6 6-0 6-1,3,R32,,2,4,68,46,36,10,11,3,4,1,2,67,37,24,13,11,2,7
2016-3627,Todi,Clay,32,C,,20160710,14,RB56,,,Ramkumar Ramanathan,R,188,IND,21.67,231,230,LA93,,,Enrique Lopez Perez,R,180,ESP,25.103,209,254,6-3 6-4,3,R32,,8,4,61,34,28,12,10,3,4,0,1,50,32,20,10,9,1,4
2016-3627,Todi,Clay,32,C,,20160710,15,RA51,,,Blaz Rola,L,193,SLO,25.763,181,300,CE25,,,Salvatore Caruso,R,185,ITA,23.567,244,215,6-3 6-4,3,R32,,8,1,61,45,31,8,10,2,4,0,1,63,36,22,11,9,4,8
2016-3627,Todi,Clay,32,C,,20160710,16,SU87,,,Lorenzo Sonego,R,191,ITA,21.166,302,158,PF36,,,David Perez Sanz,R,180,ESP,22.155,234,225,1-6 6-3 6-0,3,R32,,1,0,62,47,30,11,11,0,2,2,4,80,49,32,12,11,11,15
2016-3627,Todi,Clay,32,C,,20160710,17,MF35,1,,Andrej Martin,R,183,SVK,26.804,105,562,Q948,,,Gianluigi Quinzi,L,191,ITA,20.438,391,112,7-5 2-6 6-1,3,R16,122,4,2,82,58,35,11,14,1,6,2,1,75,49,27,14,13,3,9
2016-3627,Todi,Clay,32,C,,20160710,18,CF01,2,,Marco Cecchinato,R,185,ITA,23.775,130,463,RB56,,,Ramkumar Ramanathan,R,188,IND,21.67,231,230,7-6(6) 6-4,3,R16,95,5,2,71,47,36,14,11,2,3,7,5,64,42,32,10,11,0,2
2016-3627,Todi,Clay,32,C,,20160710,19,TA29,3,,Marco Trungelliti,R,178,ARG,26.439,150,377,MM58,,,Daniil Medvedev,R,198,RUS,20.411,228,233,6-2 7-5,3,R16,86,2,4,61,37,28,11,10,3,5,2,5,71,37,26,10,10,7,12
2016-3627,Todi,Clay,32,C,,20160710,20,F724,4,,Marton Fucsovics,R,188,HUN,24.419,163,329,SU87,,,Lorenzo Sonego,R,191,ITA,21.166,302,158,6-7(5) 6-4 6-1,3,R16,158,1,3,108,54,41,32,15,4,5,6,6,93,60,46,10,14,4,8
2016-3627,Todi,Clay,32,C,,20160710,21,G983,5,,Alessandro Giannessi,L,185,ITA,26.114,164,325,D981,,,Arthur De Greef,R,183,BEL,24.287,182,300,4-6 6-0 6-1,3,R16,97,4,4,72,51,38,12,12,3,4,1,4,57,36,20,8,11,1,6
2016-3627,Todi,Clay,32,C,,20160710,22,V495,6,,Luca Vanni,R,198,ITA,31.099,171,314,DA67,,,Matteo Donati,R,185,ITA,21.363,191,282,0-6 7-5 6-4,3,R16,136,8,5,102,52,35,24,14,13,17,6,3,91,58,37,21,14,7,10
2016-3627,Todi,Clay,32,C,,20160710,23,N679,,,Stefano Napolitano,R,196,ITA,21.248,363,126,RA51,,,Blaz Rola,L,193,SLO,25.763,181,300,6-3 6-3,3,R16,78,3,0,48,25,21,10,9,0,2,1,3,58,33,16,11,9,2,7
2016-3627,Todi,Clay,32,C,,20160710,24,Z246,,,Miljan Zekic,R,185,SRB,27.995,241,218,PG20,,,Dmitry Popko,R,191,KAZ,19.71,207,256,6-2 6-4,3,R16,90,3,5,68,44,33,10,9,5,6,2,2,62,39,22,9,9,7,11
2016-3627,Todi,Clay,32,C,,20160710,25,Z246,,,Miljan Zekic,R,185,SRB,27.995,241,218,MF35,1,,Andrej Martin,R,183,SVK,26.804,105,562,6-3 7-6(7),3,QF,119,7,3,71,41,30,17,11,1,3,1,5,84,51,32,15,10,7,10
2016-3627,Todi,Clay,32,C,,20160710,26,CF01,2,,Marco Cecchinato,R,185,ITA,23.775,130,463,G983,5,,Alessandro Giannessi,L,185,ITA,26.114,164,325,6-4 2-6 6-3,3,QF,119,3,2,86,67,47,11,14,5,7,4,2,76,59,40,8,13,2,4
2016-3627,Todi,Clay,32,C,,20160710,27,TA29,3,,Marco Trungelliti,R,178,ARG,26.439,150,377,V495,6,,Luca Vanni,R,198,ITA,31.099,171,314,6-3 7-6(5),3,QF,119,2,4,76,42,32,18,11,2,4,8,3,82,52,36,11,10,5,8
2016-3627,Todi,Clay,32,C,,20160710,28,N679,,,Stefano Napolitano,R,196,ITA,21.248,363,126,F724,4,,Marton Fucsovics,R,188,HUN,24.419,163,329,6-1 5-7 6-4,3,QF,151,4,2,107,62,40,20,14,8,13,6,3,96,56,28,18,15,8,16
2016-3627,Todi,Clay,32,C,,20160710,29,N679,,,Stefano Napolitano,R,196,ITA,21.248,363,126,CF01,2,,Marco Cecchinato,R,185,ITA,23.775,130,463,6-4 6-2,3,SF,85,1,3,53,40,30,8,9,1,1,3,3,75,50,27,14,9,8,11
2016-3627,Todi,Clay,32,C,,20160710,30,Z246,,,Miljan Zekic,R,185,SRB,27.995,241,218,TA29,3,,Marco Trungelliti,R,178,ARG,26.439,150,377,6-2 6-2,3,SF,85,3,2,58,32,23,15,8,3,3,1,6,59,30,18,12,8,7,11
2016-3627,Todi,Clay,32,C,,20160710,31,Z246,,,Miljan Zekic,R,185,SRB,27.995,241,218,N679,,,Stefano Napolitano,R,196,ITA,21.248,363,126,6-7(6) 6-4 6-3,3,F,154,11,3,112,73,52,21,16,5,7,2,0,96,56,40,22,15,5,9
2016-3994,Cali,Clay,32,C,,20160710,1,E224,1,,Victor Estrella Burgos,R,170,DOM,35.937,77,707,MJ88,,,Felipe Mantilla,R,185,COL,23.168,558,58,6-3 6-2,3,R32,,4,3,55,38,24,8,9,1,3,1,2,52,26,14,11,8,5,10
2016-3994,Cali,Clay,32,C,,20160710,2,SQ80,,,Akira Santillan,R,180,AUS,19.135,370,122,G892,2,,Alejandro Gonzalez,R,191,COL,27.42,154,356,6-3 7-5,3,R32,,2,5,67,37,29,17,11,7,9,0,2,55,30,17,16,10,7,11
2016-3994,Cali,Clay,32,C,,20160710,3,Q941,,,Roberto Quiroz,L,193,ECU,24.378,551,59,LB07,3,,Gonzalo Lama,R,180,CHI,23.203,161,339,6-4 6-4,3,R32,,1,2,70,47,30,13,10,6,8,4,5,65,46,28,8,10,3,7
2016-3994,Cali,Clay,32,C,,20160710,4,SI36,4,,Eduardo Struvay,R,,COL,25.563,162,337,GE33,,,Daniel Elahi Galan,R,191,COL,20.06,380,117,6-3 4-6 6-1,3,R32,,4,0,70,53,40,9,13,3,5,3,4,93,53,36,16,13,13,18
2016-3994,Cali,Clay,32,C,,20160710,5,SG64,5,,Joao Souza,R,193,BRA,28.12,183,295,PB37,,,Hans Podlipnik-Castillo,R,183,CHI,28.501,266,193,6-2 6-2,3,R32,,1,0,38,18,16,16,8,0,0,1,2,55,26,17,11,8,4,8
2016-3994,Cali,Clay,32,C,,20160710,6,GA36,,,Emilio Gomez,R,185,ECU,24.616,277,176,A853,6,,Marcelo Arevalo,R,191,ESA,25.73,218,245,7-6(4) 6-3,3,R32,,3,3,68,40,31,17,11,1,3,2,1,63,43,31,7,10,4,7
2016-3994,Cali,Clay,32,C,,20160710,7,KC86,7,,Darian King,R,188,BAR,24.205,255,204,GB42,,,Alejandro Gomez,R,183,COL,24.906,455,84,6-4 6-0,3,R32,,2,3,49,34,27,7,8,6,7,2,4,47,23,13,7,8,4,9
2016-3994,Cali,Clay,32,C,,20160710,8,BC76,,,Nicolas Barrientos,R,175,COL,29.213,300,160,LB84,8,,Juan Ignacio Londero,R,180,ARG,22.902,258,200,1-6 6-0 6-4,3,R32,,2,3,66,45,32,5,11,2,6,2,4,82,50,30,11,12,5,11
2016-3994,Cali,Clay,32,C,,20160710,9,BS86,,,Tomas Barrios Vera,R,191,CHI,18.582,557,58,GB41,,,Juan Sebastian Gomez,,,COL,24.348,509,69,6-4 6-2,3,R32,,2,2,60,28,16,14,9,4,9,0,6,59,37,17,3,9,5,13
2016-3994,Cali,Clay,32,C,,20160710,10,CE77,,,Federico Coria,R,180,ARG,24.337,405,108,GC87,,,Lucas Gomez,L,178,MEX,20.914,515,67,3-6 7-5 7-5,3,R32,,3,9,106,64,41,19,16,7,12,3,7,99,50,35,21,17,5,11
2016-3994,Cali,Clay,32,C,,20160710,11,CA62,,,Erik Crepaldi,L,,ITA,26.185,408,106,SM38,,,Connor Smith,R,,USA,25.558,417,100,7-6(5) 6-2,3,R32,,5,3,61,37,28,14,10,1,3,8,5,83,48,32,13,10,8,12
2016-3994,Cali,Clay,32,C,,20160710,12,H896,,,Jose Hernandez-Fernandez,R,183,DOM,26.327,360,127,E708,,,Maximiliano Estevez,L,191,ARG,27.146,281,174,6-0 6-2,3,R32,,1,1,45,33,23,7,7,6,7,2,7,48,24,8,9,7,5,11
2016-3994,Cali,Clay,32,C,,20160710,13,J551,,,Nicolas Jarry,R,201,CHI,20.747,569,54,SG56,,,Daniel Dutra da Silva,L,,BRA,28.014,386,114,6-3 6-4,3,R32,,6,0,56,42,33,10,10,0,0,4,6,54,31,24,10,9,4,6
2016-3994,Cali,Clay,32,C,,20160710,14,L430,,,Giovanni Lapentti,R,193,ECU,33.457,319,148,D868,,,Christopher Diaz-Figueroa,R,175,GUA,26.324,466,82,7-5 7-6(4),3,R32,,2,6,89,48,33,24,12,3,5,6,10,88,38,31,23,12,5,8
2016-3994,Cali,Clay,32,C,,20160710,15,MJ98,,,Facundo Mena,R,183,ARG,23.797,369,123,SB28,,,Carlos Salamanca,L,196,COL,33.484,875,18,6-2 6-1,3,R32,,2,1,39,26,19,6,7,2,4,0,4,64,39,18,6,8,4,11
2016-3994,Cali,Clay,32,C,,20160710,16,R913,,,Cristian Rodriguez,R,180,COL,26.045,577,52,M0AW,,,Nicolas Mejia,R,183,COL,16.411,1707,1,6-4 6-3,3,R32,,,,,,,,,,,,,,,,,,,
2016-3994,Cali,Clay,32,C,,20160710,17,E224,1,,Victor Estrella Burgos,R,170,DOM,35.937,77,707,J551,,,Nicolas Jarry,R,201,CHI,20.747,569,54,6-4 6-4,3,R16,,5,2,56,35,28,15,10,3,3,6,2,60,35,29,11,10,2,4
2016-3994,Cali,Clay,32,C,,20160710,18,BS86,,,Tomas Barrios Vera,R,191,CHI,18.582,557,58,SI36,4,,Eduardo Struvay,R,,COL,25.563,162,337,7-5 6-4,3,R16,,0,2,76,43,30,18,11,8,10,7,1,55,34,24,9,11,3,7
2016-3994,Cali,Clay,32,C,,20160710,19,SG64,5,,Joao Souza,R,193,BRA,28.12,183,295,MJ98,,,Facundo Mena,R,183,ARG,23.797,369,123,6-4 6-2,3,R16,,3,1,54,39,25,9,9,0,2,2,2,55,31,20,8,9,3,8
2016-3994,Cali,Clay,32,C,,20160710,20,KC86,7,,Darian King,R,188,BAR,24.205,255,204,L430,,,Giovanni Lapentti,R,193,ECU,33.457,319,148,7-5 6-2,3,R16,,3,0,56,38,25,11,10,1,3,2,3,76,48,26,12,10,7,12
2016-3994,Cali,Clay,32,C,,20160710,21,BC76,,,Nicolas Barrientos,R,175,COL,29.213,300,160,CA62,,,Erik Crepaldi,L,,ITA,26.185,408,106,6-2 6-2,3,R16,,3,0,43,30,24,9,8,0,0,2,3,49,22,13,12,8,4,8
2016-3994,Cali,Clay,32,C,,20160710,22,CE77,,,Federico Coria,R,180,ARG,24.337,405,108,GA36,,,Emilio Gomez,R,185,ECU,24.616,277,176,1-6 6-3 7-6(10),3,R16,,3,3,109,76,44,15,14,6,12,0,1,89,46,31,19,14,4,9
2016-3994,Cali,Clay,32,C,,20160710,23,H896,,,Jose Hernandez-Fernandez,R,183,DOM,26.327,360,127,Q941,,,Roberto Quiroz,L,193,ECU,24.378,551,59,6-2 6-3,3,R16,,3,2,46,28,24,11,9,0,1,2,2,68,43,25,10,8,12,16
2016-3994,Cali,Clay,32,C,,20160710,24,R913,,,Cristian Rodriguez,R,180,COL,26.045,577,52,SQ80,,,Akira Santillan,R,180,AUS,19.135,370,122,6-4 6-3,3,R16,,4,0,62,39,31,11,10,3,4,5,5,60,30,21,13,9,7,10
2016-3994,Cali,Clay,32,C,,20160710,25,E224,1,,Victor Estrella Burgos,R,170,DOM,35.937,77,707,BC76,,,Nicolas Barrientos,R,175,COL,29.213,300,160,6-3 RET,3,QF,34,,,,,,,,,,,,,,,,,,
2016-3994,Cali,Clay,32,C,,20160710,26,H896,,,Jose Hernandez-Fernandez,R,183,DOM,26.327,360,127,SG64,5,,Joao Souza,R,193,BRA,28.12,183,295,6-4 3-6 7-6(4),3,QF,,,,,,,,,,,,,,,,,,,
2016-3994,Cali,Clay,32,C,,20160710,27,KC86,7,,Darian King,R,188,BAR,24.205,255,204,R913,,,Cristian Rodriguez,R,180,COL,26.045,577,52,6-4 5-7 6-1,3,QF,120,,,,,,,,,,,,,,,,,,
2016-3994,Cali,Clay,32,C,,20160710,28,CE77,,,Federico Coria,R,180,ARG,24.337,405,108,BS86,,,Tomas Barrios Vera,R,191,CHI,18.582,557,58,6-3 6-3,3,QF,78,,,,,,,,,,,,,,,,,,
2016-3994,Cali,Clay,32,C,,20160710,29,E224,1,,Victor Estrella Burgos,R,170,DOM,35.937,77,707,CE77,,,Federico Coria,R,180,ARG,24.337,405,108,6-3 6-2,3,SF,,,,,,,,,,,,,,,,,,,
2016-3994,Cali,Clay,32,C,,20160710,30,KC86,7,,Darian King,R,188,BAR,24.205,255,204,H896,,,Jose Hernandez-Fernandez,R,183,DOM,26.327,360,127,7-6(3) 6-3,3,SF,,,,,,,,,,,,,,,,,,,
2016-3994,Cali,Clay,32,C,,20160710,31,KC86,7,,Darian King,R,188,BAR,24.205,255,204,E224,1,,Victor Estrella Burgos,R,170,DOM,35.937,77,707,5-7 6-4 7-5,3,F,,,,,,,,,,,,,,,,,,,
2016-3945,San Benedetto,Clay,32,C,,20160717,1,G983,1,,Alessandro Giannessi,L,185,ITA,26.133,167,320,LC58,,,Tomas Lipovsek Puches,R,183,ARG,23.25,288,167,7-6(11) 2-6 6-3,3,R32,140,0,5,110,78,47,13,15,4,10,9,3,96,69,43,13,14,6,11
2016-3945,San Benedetto,Clay,32,C,,20160717,2,KB92,,,Kevin Krawietz,R,188,GER,24.479,436,92,V495,2,,Luca Vanni,R,198,ITA,31.118,178,305,6-4 7-6(0),3,R32,112,1,3,71,42,32,16,11,1,3,6,2,81,44,28,19,11,7,10
2016-3945,San Benedetto,Clay,32,C,,20160717,3,CE25,,,Salvatore Caruso,R,185,ITA,23.587,239,220,A941,3,,Facundo Arguello,R,178,ARG,23.951,174,310,6-2 6-3,3,R32,89,2,1,47,33,25,7,8,3,4,0,2,66,35,19,12,9,6,11
2016-3945,San Benedetto,Clay,32,C,,20160717,4,RA51,4,,Blaz Rola,L,193,SLO,25.782,180,298,L941,,,Michael Linzer,R,180,AUT,26.705,335,138,7-5 6-0,3,R32,107,4,3,71,42,31,12,9,6,7,1,2,56,23,13,13,9,4,9
2016-3945,San Benedetto,Clay,32,C,,20160717,5,D981,5,,Arthur De Greef,R,183,BEL,24.307,189,286,BH80,,,Andrea Basso,L,185,ITA,22.773,810,22,4-6 6-4 6-4,3,R32,158,0,4,85,59,38,12,15,8,14,4,5,115,63,40,20,15,11,18
2016-3945,San Benedetto,Clay,32,C,,20160717,6,ML57,,,Gianluca Mager,R,188,ITA,21.626,340,137,BK19,6,,Mathias Bourgue,R,188,FRA,22.494,184,291,6-4 5-7 6-1,3,R32,128,5,3,79,35,28,28,14,4,5,3,3,90,46,28,26,15,5,9
2016-3945,San Benedetto,Clay,32,C,,20160717,7,LB66,,,Constant Lestienne,R,180,FRA,24.151,205,265,DA67,7,,Matteo Donati,R,185,ITA,21.383,229,236,6-4 6-3,3,R32,74,1,2,59,31,17,15,10,1,4,4,1,52,31,14,11,9,3,8
2016-3945,San Benedetto,Clay,32,C,,20160717,8,E766,,,Edoardo Eremin,R,185,ITA,22.782,310,151,BK24,8,,Gregoire Barrere,R,183,FRA,22.415,187,289,6-3 6-2,3,R32,68,9,2,47,26,22,14,9,0,0,0,5,50,29,19,10,8,4,7
2016-3945,San Benedetto,Clay,32,C,,20160717,9,DB63,,,Laslo Djere,R,188,SRB,21.125,218,249,BA86,,,Andreas Beck,L,191,GER,30.445,331,140,5-7 7-5 6-4,3,R32,152,11,8,105,69,49,15,17,7,11,0,1,95,61,38,20,17,2,7
2016-3945,San Benedetto,Clay,32,C,,20160717,10,GB53,,,Federico Gaio,R,178,ITA,24.367,292,164,J513,,,Miki Jankovic,R,180,SRB,21.807,258,196,6-4 7-6(3),3,R32,89,10,1,67,42,36,13,11,0,1,0,2,63,39,24,17,11,1,3
2016-3945,San Benedetto,Clay,32,C,,20160717,11,H924,,,Patricio Heras,R,183,ARG,27.485,425,93,CD00,,,Maxime Chazal,R,175,FRA,23.231,295,163,7-6(5) 7-6(2),3,R32,141,7,2,105,74,50,19,12,10,11,3,4,84,52,39,17,12,6,7
2016-3945,San Benedetto,Clay,32,C,,20160717,12,LA93,,,Enrique Lopez Perez,R,180,ESP,25.123,201,270,V717,,,Alexey Vatutin,R,178,RUS,23.721,271,180,7-6(0) 6-4,3,R32,111,15,4,81,40,31,17,11,4,8,3,4,78,52,32,7,11,4,9
2016-3945,San Benedetto,Clay,32,C,,20160717,13,N679,,,Stefano Napolitano,R,196,ITA,21.268,269,181,MB53,,,Adrian Menendez-Maceiras,R,183,ESP,30.719,221,245,7-6(6) 6-2,3,R32,115,4,0,73,42,32,18,10,4,4,3,2,75,36,21,24,10,5,7
2016-3945,San Benedetto,Clay,32,C,,20160717,14,N561,,,Ivan Nedelko,R,185,RUS,30.182,282,171,L908,,,Nils Langer,R,193,GER,26.475,261,190,6-3 1-6 6-2,3,R32,111,2,1,72,35,22,22,12,6,9,9,4,78,50,34,13,12,4,8
2016-3945,San Benedetto,Clay,32,C,,20160717,15,PG20,,,Dmitry Popko,R,191,KAZ,19.729,212,254,RA82,,,Yannik Reuter,R,,BEL,25.366,247,212,2-6 7-5 2-0 RET,3,R32,135,8,5,67,34,23,15,11,1,5,1,2,85,43,26,19,11,7,11
2016-3945,San Benedetto,Clay,32,C,,20160717,16,Q948,,,Gianluigi Quinzi,L,191,ITA,20.457,374,120,CG07,,,Hernan Casanova,R,178,ARG,22.442,309,152,4-6 6-2 6-3,3,R32,112,3,1,89,60,34,18,14,8,13,0,3,67,47,22,8,13,2,9
2016-3945,San Benedetto,Clay,32,C,,20160717,17,GB53,,,Federico Gaio,R,178,ITA,24.367,292,164,G983,1,,Alessandro Giannessi,L,185,ITA,26.133,167,320,4-6 4-3 RET,3,R16,82,3,4,57,37,28,5,9,2,5,1,3,55,36,21,10,8,6,8
2016-3945,San Benedetto,Clay,32,C,,20160717,18,N679,,,Stefano Napolitano,R,196,ITA,21.268,269,181,RA51,4,,Blaz Rola,L,193,SLO,25.782,180,298,6-4 6-3,3,R16,87,0,1,54,31,18,13,9,4,7,4,6,73,45,22,13,10,3,9
2016-3945,San Benedetto,Clay,32,C,,20160717,19,D981,5,,Arthur De Greef,R,183,BEL,24.307,189,286,PG20,,,Dmitry Popko,R,191,KAZ,19.729,212,254,4-6 6-2 6-4,3,R16,112,5,0,77,52,34,16,14,2,5,6,4,91,51,32,21,14,5,10
2016-3945,San Benedetto,Clay,32,C,,20160717,20,DB63,,,Laslo Djere,R,188,SRB,21.125,218,249,E766,,,Edoardo Eremin,R,185,ITA,22.782,310,151,7-6(5) 6-7(4) 6-3,3,R16,174,7,6,119,71,51,26,16,6,8,3,2,120,58,40,35,17,6,10
2016-3945,San Benedetto,Clay,32,C,,20160717,21,KB92,,,Kevin Krawietz,R,188,GER,24.479,436,92,H924,,,Patricio Heras,R,183,ARG,27.485,425,93,7-6(4) 6-4,3,R16,113,3,4,77,46,25,19,11,7,11,1,2,65,39,20,10,11,1,6
2016-3945,San Benedetto,Clay,32,C,,20160717,22,LB66,,,Constant Lestienne,R,180,FRA,24.151,205,265,N561,,,Ivan Nedelko,R,185,RUS,30.182,282,171,6-7(1) 7-5 6-3,3,R16,142,6,2,87,61,42,16,17,0,4,4,3,108,60,34,28,16,9,15
2016-3945,San Benedetto,Clay,32,C,,20160717,23,ML57,,,Gianluca Mager,R,188,ITA,21.626,340,137,LA93,,,Enrique Lopez Perez,R,180,ESP,25.123,201,270,7-5 6-7(3) 7-6(2),3,R16,177,9,6,128,61,47,33,18,5,8,6,6,117,73,51,21,18,3,7
2016-3945,San Benedetto,Clay,32,C,,20160717,24,Q948,,,Gianluigi Quinzi,L,191,ITA,20.457,374,120,CE25,,,Salvatore Caruso,R,185,ITA,23.587,239,220,6-3 6-2,3,R16,83,1,4,62,40,29,12,9,4,5,1,1,44,26,14,8,8,2,6
2016-3945,San Benedetto,Clay,32,C,,20160717,25,D981,5,,Arthur De Greef,R,183,BEL,24.307,189,286,N679,,,Stefano Napolitano,R,196,ITA,21.268,269,181,5-7 6-2 6-1,3,QF,139,11,2,112,68,46,19,14,9,12,3,1,89,55,28,18,13,5,11
2016-3945,San Benedetto,Clay,32,C,,20160717,26,GB53,,,Federico Gaio,R,178,ITA,24.367,292,164,ML57,,,Gianluca Mager,R,188,ITA,21.626,340,137,6-4 6-3,3,QF,74,7,3,46,28,25,11,9,2,3,6,6,72,32,19,19,10,5,9
2016-3945,San Benedetto,Clay,32,C,,20160717,27,KB92,,,Kevin Krawietz,R,188,GER,24.479,436,92,DB63,,,Laslo Djere,R,188,SRB,21.125,218,249,2-6 6-3 7-6(7),3,QF,127,3,0,103,68,49,13,15,9,13,3,7,91,58,40,16,14,4,7
2016-3945,San Benedetto,Clay,32,C,,20160717,28,LB66,,,Constant Lestienne,R,180,FRA,24.151,205,265,Q948,,,Gianluigi Quinzi,L,191,ITA,20.457,374,120,7-6(4) 6-4,3,QF,101,9,5,80,54,44,6,11,3,4,7,1,77,48,34,13,11,5,7
2016-3945,San Benedetto,Clay,32,C,,20160717,29,GB53,,,Federico Gaio,R,178,ITA,24.367,292,164,D981,5,,Arthur De Greef,R,183,BEL,24.307,189,286,7-5 1-6 6-2,3,SF,129,7,5,100,54,38,23,13,6,9,2,4,85,59,38,11,14,4,8
2016-3945,San Benedetto,Clay,32,C,,20160717,30,LB66,,,Constant Lestienne,R,180,FRA,24.151,205,265,KB92,,,Kevin Krawietz,R,188,GER,24.479,436,92,6-1 4-6 6-1,3,SF,103,6,4,79,52,34,18,12,7,9,2,0,82,48,24,17,12,7,13
2016-3945,San Benedetto,Clay,32,C,,20160717,31,GB53,,,Federico Gaio,R,178,ITA,24.367,292,164,LB66,,,Constant Lestienne,R,180,FRA,24.151,205,265,6-2 1-6 6-3,3,F,94,6,1,71,43,31,16,12,2,4,2,3,78,51,35,12,12,6,9
2016-7542,Winnipeg,Hard,32,C,,20160717,1,F811,1,,Bjorn Fratangelo,R,183,USA,22.995,110,557,GD08,,,Lloyd Glasspool,R,191,GBR,22.658,302,158,6-2 7-6(6),3,R32,71,4,3,63,32,26,15,10,2,4,5,9,59,22,16,15,10,1,5
2016-7542,Winnipeg,Hard,32,C,,20160717,2,N732,2,,Yoshihito Nishioka,L,170,JPN,20.805,100,605,R977,,,Matt Reid,R,183,AUS,26.001,303,157,6-2 7-6(3),3,R32,79,1,2,63,43,35,12,10,5,5,16,4,74,41,31,12,10,3,5
2016-7542,Winnipeg,Hard,32,C,,20160717,3,SF62,3,,Tim Smyczek,R,175,USA,28.548,120,486,KE72,,,Kevin Kylar,R,,CAN,21.807,1622,2,6-1 6-1,3,R32,55,4,5,47,21,18,12,7,2,3,0,3,42,29,11,3,7,3,9
2016-7542,Winnipeg,Hard,32,C,,20160717,4,MK40,,,Benjamin Mitchell,R,183,AUS,23.628,238,220,ME31,4,,Vincent Millot,L,173,FRA,30.461,143,397,1-6 7-6(3) 6-4,3,R32,117,4,15,107,74,49,10,15,6,12,1,4,86,49,35,17,14,5,9
2016-7542,Winnipeg,Hard,32,C,,20160717,5,SC47,5,,Go Soeda,R,178,JPN,31.863,149,379,SL08,,,Tennys Sandgren,R,188,USA,24.988,328,141,4-6 6-4 7-6(6),3,R32,164,7,4,107,55,42,28,16,8,11,18,7,122,74,55,20,16,11,14
2016-7542,Winnipeg,Hard,32,C,,20160717,6,G967,6,,Peter Gojowczyk,R,188,GER,27.006,154,366,BH02,,,Sekou Bangoura,R,183,USA,24.663,251,206,7-5 7-6(3),3,R32,96,0,5,72,33,24,22,12,3,6,3,5,79,49,29,17,12,9,13
2016-7542,Winnipeg,Hard,32,C,,20160717,7,U134,,,Yasutaka Uchiyama,R,183,JPN,23.948,314,150,TD51,7,,Frances Tiafoe,R,188,USA,18.489,157,358,4-6 6-3 6-4,3,R32,113,11,2,87,53,38,19,15,3,5,3,4,88,52,33,18,14,7,10
2016-7542,Winnipeg,Hard,32,C,,20160717,8,PB22,,,Peter Polansky,R,183,CAN,28.088,260,191,G806,8,,Andrey Golubev,R,180,KAZ,28.988,211,255,6-2 6-3,3,R32,59,2,3,47,25,20,13,8,4,5,1,4,50,26,17,7,9,2,7
2016-7542,Winnipeg,Hard,32,C,,20160717,9,BC68,,,Philip Bester,R,188,CAN,27.778,359,127,SP24,,,Brayden Schnur,R,193,CAN,21.038,786,24,6-1 6-3,3,R32,56,1,0,47,32,23,10,8,3,4,1,7,45,22,11,9,8,1,6
2016-7542,Winnipeg,Hard,32,C,,20160717,10,K834,,,Blaz Kavcic,R,188,SLO,29.369,452,87,AG37,,,Felix Auger-Aliassime,R,193,CAN,15.94,595,48,4-6 6-2 7-6(8),3,R32,135,1,7,102,61,44,20,15,3,6,5,4,112,65,46,19,15,6,10
2016-7542,Winnipeg,Hard,32,C,,20160717,11,KA22,,,Dayne Kelly,R,,AUS,25.985,363,124,ME05,,,Marinko Matosevic,R,193,AUS,30.94,313,150,6-7(3) 7-6(5) 6-3,3,R32,160,9,9,120,63,41,24,17,11,18,8,13,109,56,37,19,16,5,13
2016-7542,Winnipeg,Hard,32,C,,20160717,12,KC12,,,Mitchell Krueger,R,188,USA,22.511,248,210,SX96,,,Benjamin Sigouin,R,191,CAN,17.123,,,6-0 6-4,3,R32,65,5,2,51,27,18,15,8,1,2,4,6,58,27,18,9,8,6,11
2016-7542,Winnipeg,Hard,32,C,,20160717,13,MG47,,,James McGee,R,183,IRL,29.103,365,123,MG84,,,Nicolas Meister,R,180,USA,27.173,273,178,6-2 6-2,3,R32,94,3,5,52,32,23,10,8,4,5,0,1,60,37,20,7,8,4,9
2016-7542,Winnipeg,Hard,32,C,,20160717,14,MI01,,,Hiroki Moriya,R,168,JPN,25.752,241,219,BH22,,,Sam Barry,R,191,IRL,24.471,268,182,6-4 7-6(5),3,R32,122,1,5,84,43,30,20,11,11,14,10,2,70,44,29,10,11,4,8
2016-7542,Winnipeg,Hard,32,C,,20160717,15,N555,,,Daniel Nguyen,R,173,USA,25.752,250,206,V832,,,Aleksandar Vukic,R,188,AUS,20.279,697,34,4-6 6-1 6-2,3,R32,107,6,3,77,45,32,17,13,2,5,1,3,77,32,18,22,12,6,12
2016-7542,Winnipeg,Hard,32,C,,20160717,16,SL07,,,Alexander Sarkissian,R,191,USA,26.289,204,265,N771,,,Cameron Norrie,L,188,GBR,20.901,422,95,4-6 6-2 6-4,3,R32,117,5,4,84,55,38,18,14,2,5,6,5,100,63,40,16,14,12,17
2016-7542,Winnipeg,Hard,32,C,,20160717,17,BC68,,,Philip Bester,R,188,CAN,27.778,359,127,F811,1,,Bjorn Fratangelo,R,183,USA,22.995,110,557,4-6 7-5 6-1,3,R16,114,3,2,97,58,40,26,15,9,11,5,5,87,53,36,16,14,4,8
2016-7542,Winnipeg,Hard,32,C,,20160717,18,N732,2,,Yoshihito Nishioka,L,170,JPN,20.805,100,605,KA22,,,Dayne Kelly,R,,AUS,25.985,363,124,6-3 6-3,3,R16,85,2,0,63,36,26,15,9,4,5,1,2,60,33,23,9,9,6,10
2016-7542,Winnipeg,Hard,32,C,,20160717,19,N555,,,Daniel Nguyen,R,173,USA,25.752,250,206,SF62,3,,Tim Smyczek,R,175,USA,28.548,120,486,6-2 6-3,3,R16,54,1,0,47,29,21,12,9,0,1,1,1,46,28,16,8,8,2,6
2016-7542,Winnipeg,Hard,32,C,,20160717,20,SC47,5,,Go Soeda,R,178,JPN,31.863,149,379,SL07,,,Alexander Sarkissian,R,191,USA,26.289,204,265,6-3 6-4,3,R16,82,3,6,63,29,24,15,10,2,4,4,2,63,39,20,12,9,4,8
2016-7542,Winnipeg,Hard,32,C,,20160717,21,G967,6,,Peter Gojowczyk,R,188,GER,27.006,154,366,KC12,,,Mitchell Krueger,R,188,USA,22.511,248,210,6-3 4-6 6-4,3,R16,118,12,1,98,55,42,22,15,2,4,2,3,93,60,41,15,14,8,11
2016-7542,Winnipeg,Hard,32,C,,20160717,22,K834,,,Blaz Kavcic,R,188,SLO,29.369,452,87,MK40,,,Benjamin Mitchell,R,183,AUS,23.628,238,220,6-2 6-1,3,R16,60,2,2,54,32,24,9,8,5,7,1,7,37,20,8,3,7,2,8
2016-7542,Winnipeg,Hard,32,C,,20160717,23,MI01,,,Hiroki Moriya,R,168,JPN,25.752,241,219,U134,,,Yasutaka Uchiyama,R,183,JPN,23.948,314,150,7-5 6-3,3,R16,90,0,0,56,28,21,23,11,0,0,4,4,62,31,21,18,10,4,6
2016-7542,Winnipeg,Hard,32,C,,20160717,24,PB22,,,Peter Polansky,R,183,CAN,28.088,260,191,MG47,,,James McGee,R,183,IRL,29.103,365,123,6-4 6-1,3,R16,57,2,1,50,33,25,9,9,0,1,4,5,45,29,16,6,8,1,5
2016-7542,Winnipeg,Hard,32,C,,20160717,25,N732,2,,Yoshihito Nishioka,L,170,JPN,20.805,100,605,PB22,,,Peter Polansky,R,183,CAN,28.088,260,191,7-6(5) 6-1,3,QF,92,3,4,66,44,25,14,9,3,5,5,3,76,44,20,17,10,7,12
2016-7542,Winnipeg,Hard,32,C,,20160717,26,SC47,5,,Go Soeda,R,178,JPN,31.863,149,379,N555,,,Daniel Nguyen,R,173,USA,25.752,250,206,6-4 6-3,3,QF,88,0,3,63,26,19,22,9,4,5,0,5,62,36,23,9,10,2,6
2016-7542,Winnipeg,Hard,32,C,,20160717,27,G967,6,,Peter Gojowczyk,R,188,GER,27.006,154,366,BC68,,,Philip Bester,R,188,CAN,27.778,359,127,7-5 6-3,3,QF,80,4,1,58,30,25,13,11,0,2,4,1,79,49,30,12,10,7,11
2016-7542,Winnipeg,Hard,32,C,,20160717,28,K834,,,Blaz Kavcic,R,188,SLO,29.369,452,87,MI01,,,Hiroki Moriya,R,168,JPN,25.752,241,219,6-1 6-4,3,QF,90,4,6,67,38,30,14,9,5,5,1,4,56,30,20,11,8,3,6
2016-7542,Winnipeg,Hard,32,C,,20160717,29,K834,,,Blaz Kavcic,R,188,SLO,29.369,452,87,N732,2,,Yoshihito Nishioka,L,170,JPN,20.805,100,605,6-3 3-2 RET,3,SF,62,6,0,41,29,18,8,7,8,10,0,3,42,25,16,4,7,1,5
2016-7542,Winnipeg,Hard,32,C,,20160717,30,SC47,5,,Go Soeda,R,178,JPN,31.863,149,379,G967,6,,Peter Gojowczyk,R,188,GER,27.006,154,366,2-6 6-4 6-0,3,SF,92,1,4,76,40,28,18,12,5,8,7,3,73,32,22,16,12,5,10
2016-7542,Winnipeg,Hard,32,C,,20160717,31,SC47,5,,Go Soeda,R,178,JPN,31.863,149,379,K834,,,Blaz Kavcic,R,188,SLO,29.369,452,87,6-7(4) 6-4 6-2,3,F,154,4,6,97,50,33,23,15,4,9,3,10,113,67,42,16,15,7,15
2016-786,Poznan,Clay,32,C,,20160717,1,A829,1,,Radu Albot,R,175,MDA,26.68,92,625,DG65,,,Michal Dembek,R,196,POL,18.943,1111,8,6-3 6-2,3,R32,68,0,1,52,29,22,16,9,0,0,4,1,58,33,21,10,8,6,9
2016-786,Poznan,Clay,32,C,,20160717,2,GF08,,,Clement Geens,R,178,BEL,20.35,344,136,K839,2,,Tobias Kamke,R,178,GER,30.157,126,470,6-1 6-4,3,R32,69,9,5,68,41,27,11,9,8,11,0,4,49,26,15,4,8,2,8
2016-786,Poznan,Clay,32,C,,20160717,3,N503,3,,Aleksandr Nedovyesov,R,188,KAZ,29.418,196,274,J620,,,Maxime Janvier,R,196,FRA,19.745,319,146,6-4 4-6 6-4,3,R32,123,0,1,88,70,46,8,15,3,8,3,4,97,54,31,22,15,3,9
2016-786,Poznan,Clay,32,C,,20160717,4,KD70,4,,Pedja Krstin,R,183,SRB,21.87,183,292,HB71,,,Hubert Hurkacz,R,196,POL,19.428,494,75,6-2 0-6 6-4,3,R32,99,2,6,76,42,32,12,12,5,9,6,6,68,38,32,10,12,3,7
2016-786,Poznan,Clay,32,C,,20160717,5,R750,5,,Pere Riba,R,183,ESP,28.277,194,278,SN54,,,Frederico Ferreira Silva,L,178,POR,21.333,253,204,6-1 7-6(4),3,R32,95,8,2,74,41,33,16,9,3,4,1,0,59,39,25,8,10,1,5
2016-786,Poznan,Clay,32,C,,20160717,6,SH91,6,,Jordi Samper-Montana,R,,ESP,26.283,186,289,SD78,,,Alexandre Sidorenko,R,185,FRA,28.411,233,226,6-2 2-6 6-4,3,R32,121,3,2,83,62,35,13,13,7,12,4,9,89,46,30,13,13,7,13
2016-786,Poznan,Clay,32,C,,20160717,7,CG33,7,,Kimmer Coppejans,R,178,BEL,22.439,214,253,BD82,,,Sergey Betov,R,185,,28.756,544,61,6-3 6-1,3,R32,63,3,2,46,27,20,11,8,0,1,0,1,41,26,11,5,8,1,6
2016-786,Poznan,Clay,32,C,,20160717,8,MM66,9,,Nikola Milojevic,R,188,SRB,21.079,231,232,DA86,,,Joris De Loore,R,191,BEL,23.239,228,237,6-4 6-1,3,R32,69,2,1,43,22,18,15,8,3,3,3,5,55,29,20,11,9,3,7
2016-786,Poznan,Clay,32,C,,20160717,9,GD64,,,Cristian Garin,R,185,CHI,20.131,277,175,W579,,,Alexander Ward,R,185,GBR,26.215,246,213,2-6 6-2 4-1 RET,3,R32,85,1,1,63,39,23,13,10,3,6,2,2,64,37,24,12,11,6,11
2016-786,Poznan,Clay,32,C,,20160717,10,MF78,,,Marek Michalicka,R,183,CZE,29.566,276,176,MQ75,,,Kamil Majchrzak,R,183,POL,20.509,304,155,7-5 6-0,3,R32,67,3,3,55,28,22,15,9,1,2,4,3,52,26,16,10,9,3,8
2016-786,Poznan,Clay,32,C,,20160717,11,PF36,,,David Perez Sanz,R,180,ESP,22.174,236,225,Z246,,,Miljan Zekic,R,185,SRB,28.014,188,287,4-2 RET,3,R32,23,1,1,20,10,7,7,3,2,2,1,1,19,10,8,2,3,1,2
2016-786,Poznan,Clay,32,C,,20160717,12,R383,,,Ruben Ramirez Hidalgo,R,183,ESP,38.527,243,217,W597,,,Tak Khunn Wang,R,175,FRA,24.761,476,80,6-0 6-2,3,R32,83,3,4,44,25,21,9,7,1,1,1,5,57,30,15,10,7,9,14
2016-786,Poznan,Clay,32,C,,20160717,13,RB60,,,Oriol Roca Batalla,R,175,ESP,23.214,245,213,G978,,,Marcin Gawron,,,POL,28.145,514,70,7-6(4) 6-2,3,R32,91,3,4,68,32,23,16,10,6,10,1,0,64,48,22,9,10,6,12
2016-786,Poznan,Clay,32,C,,20160717,14,S483,,,Pedro Sousa,R,180,POR,28.14,262,190,SJ22,,,Gleb Sakharov,R,185,FRA,28.101,285,168,7-5 6-1,3,R32,77,0,9,66,42,28,10,9,6,8,0,2,56,26,17,10,10,4,10
2016-786,Poznan,Clay,32,C,,20160717,15,SO86,,,Robin Stanek,L,188,CZE,21.536,264,185,CF25,,,Victor Cornea,L,196,ROU,22.812,1287,5,6-1 7-6(6),3,R32,93,5,5,68,37,29,17,10,1,2,1,2,70,41,25,14,9,5,8
2016-786,Poznan,Clay,32,C,,20160717,16,V620,,,Agustin Velotti,R,,ARG,24.148,257,200,MN23,,,Aleksandre Metreveli,R,183,GEO,22.935,305,155,7-6(2) 6-2,3,R32,103,3,3,73,41,30,13,10,5,8,0,4,63,36,17,14,10,1,6
2016-786,Poznan,Clay,32,C,,20160717,17,A829,1,,Radu Albot,R,175,MDA,26.68,92,625,S483,,,Pedro Sousa,R,180,POR,28.14,262,190,6-1 6-4,3,R16,66,0,0,65,43,29,12,9,1,2,0,3,47,36,23,1,8,3,7
2016-786,Poznan,Clay,32,C,,20160717,18,N503,3,,Aleksandr Nedovyesov,R,188,KAZ,29.418,196,274,RB60,,,Oriol Roca Batalla,R,175,ESP,23.214,245,213,6-2 6-4,3,R16,75,0,0,59,40,28,12,9,3,3,2,2,53,30,19,13,9,3,6
2016-786,Poznan,Clay,32,C,,20160717,19,R383,,,Ruben Ramirez Hidalgo,R,183,ESP,38.527,243,217,KD70,4,,Pedja Krstin,R,183,SRB,21.87,183,292,6-3 6-1,3,R16,78,8,1,58,32,23,14,8,4,5,1,4,52,24,14,9,8,4,9
2016-786,Poznan,Clay,32,C,,20160717,20,R750,5,,Pere Riba,R,183,ESP,28.277,194,278,MF78,,,Marek Michalicka,R,183,CZE,29.566,276,176,6-1 6-2,3,R16,62,3,1,41,22,19,11,7,0,0,1,2,53,27,14,8,8,7,12
2016-786,Poznan,Clay,32,C,,20160717,21,SH91,6,,Jordi Samper-Montana,R,,ESP,26.283,186,289,V620,,,Agustin Velotti,R,,ARG,24.148,257,200,2-6 6-1 6-4,3,R16,124,1,3,73,47,31,12,12,4,8,0,4,87,62,33,13,13,11,17
2016-786,Poznan,Clay,32,C,,20160717,22,CG33,7,,Kimmer Coppejans,R,178,BEL,22.439,214,253,SO86,,,Robin Stanek,L,188,CZE,21.536,264,185,6-1 6-0,3,R16,60,2,5,41,21,18,9,6,5,6,0,0,47,24,11,4,7,5,12
2016-786,Poznan,Clay,32,C,,20160717,23,MM66,9,,Nikola Milojevic,R,188,SRB,21.079,231,232,PF36,,,David Perez Sanz,R,180,ESP,22.174,236,225,6-4 7-6(4),3,R16,110,1,3,63,35,27,17,11,1,3,1,3,76,38,26,16,11,2,5
2016-786,Poznan,Clay,32,C,,20160717,24,GF08,,,Clement Geens,R,178,BEL,20.35,344,136,GD64,,,Cristian Garin,R,185,CHI,20.131,277,175,7-6(5) 6-4,3,R16,112,4,2,76,41,33,18,11,6,8,2,1,92,55,35,18,11,9,12
2016-786,Poznan,Clay,32,C,,20160717,25,A829,1,,Radu Albot,R,175,MDA,26.68,92,625,R750,5,,Pere Riba,R,183,ESP,28.277,194,278,5-7 7-5 7-6(7),3,QF,173,0,1,108,83,54,8,18,3,9,7,3,125,58,37,31,18,5,11
2016-786,Poznan,Clay,32,C,,20160717,26,N503,3,,Aleksandr Nedovyesov,R,188,KAZ,29.418,196,274,MM66,9,,Nikola Milojevic,R,188,SRB,21.079,231,232,5-7 6-2 6-3,3,QF,130,0,1,94,69,41,15,14,3,6,1,6,95,54,34,17,15,4,10
2016-786,Poznan,Clay,32,C,,20160717,27,GF08,,,Clement Geens,R,178,BEL,20.35,344,136,SH91,6,,Jordi Samper-Montana,R,,ESP,26.283,186,289,6-3 6-3,3,QF,87,6,4,66,40,30,13,9,5,6,1,1,59,39,20,10,9,1,5
2016-786,Poznan,Clay,32,C,,20160717,28,CG33,7,,Kimmer Coppejans,R,178,BEL,22.439,214,253,R383,,,Ruben Ramirez Hidalgo,R,183,ESP,38.527,243,217,6-4 6-1,3,QF,83,4,3,59,40,30,8,8,8,9,3,7,64,41,21,10,9,3,8
2016-786,Poznan,Clay,32,C,,20160717,29,A829,1,,Radu Albot,R,175,MDA,26.68,92,625,N503,3,,Aleksandr Nedovyesov,R,188,KAZ,29.418,196,274,6-1 6-2,3,SF,69,2,2,52,35,24,12,8,5,5,0,0,46,24,13,9,7,4,8
2016-786,Poznan,Clay,32,C,,20160717,30,GF08,,,Clement Geens,R,178,BEL,20.35,344,136,CG33,7,,Kimmer Coppejans,R,178,BEL,22.439,214,253,7-6(6) 6-0,3,SF,95,5,1,55,29,16,16,9,2,5,4,7,75,44,24,10,9,12,18
2016-786,Poznan,Clay,32,C,,20160717,31,A829,1,,Radu Albot,R,175,MDA,26.68,92,625,GF08,,,Clement Geens,R,178,BEL,20.35,344,136,6-2 6-4,3,F,92,3,1,68,48,30,14,9,4,5,2,2,65,36,19,15,9,3,7
2016-1743,Recanati,Hard,32,C,,20160724,1,D864,1,,Evgeny Donskoy,R,185,RUS,26.209,80,703,GB53,,,Federico Gaio,R,178,ITA,24.386,212,254,6-3 6-2,3,R32,66,6,3,51,30,23,10,8,5,6,5,2,49,21,11,13,9,1,6
2016-1743,Recanati,Hard,32,C,,20160724,2,ME89,2,,Illya Marchenko,R,185,UKR,28.876,84,679,J620,,,Maxime Janvier,R,196,FRA,19.765,329,144,6-1 6-7(6) 7-6(4),3,R32,156,2,3,88,53,41,26,15,1,2,9,6,114,66,48,22,16,6,10
2016-1743,Recanati,Hard,32,C,,20160724,3,F724,3,,Marton Fucsovics,R,188,HUN,24.457,166,330,V763,,,Filip Veger,,,CRO,21.591,576,53,6-2 5-7 6-3,3,R32,132,5,3,93,52,38,21,14,8,11,2,2,118,82,45,18,15,8,14
2016-1743,Recanati,Hard,32,C,,20160724,4,E766,,,Edoardo Eremin,R,185,ITA,22.801,304,158,SI36,4,,Eduardo Struvay,R,,COL,25.602,169,318,6-3 6-3,3,R32,67,6,2,52,30,25,14,9,3,3,5,1,61,42,27,8,9,7,10
2016-1743,Recanati,Hard,32,C,,20160724,5,BE54,5,,Ruben Bemelmans,L,183,BEL,28.526,177,305,BM43,,,Remi Boutillier,R,188,FRA,26.522,469,83,7-5 2-6 7-6(3),3,R32,119,6,3,95,65,50,18,16,2,4,8,2,106,76,56,14,16,4,5
2016-1743,Recanati,Hard,32,C,,20160724,6,V495,6,,Luca Vanni,R,198,ITA,31.138,179,305,P701,,,Michal Przysiezny,R,185,POL,32.435,302,161,6-7(5) 6-3 7-5,3,R32,145,11,1,90,53,45,23,17,1,2,5,0,103,65,47,20,16,9,12
2016-1743,Recanati,Hard,32,C,,20160724,7,RE44,,,Andrey Rublev,R,188,RUS,18.76,195,278,O340,,,Roberto Ortega-Olmedo,R,168,ESP,25.235,317,151,6-2 6-4,3,R32,66,5,3,51,27,20,13,9,5,7,1,6,68,43,28,4,9,7,12
2016-1743,Recanati,Hard,32,C,,20160724,8,SF41,8,,Aldin Setkic,R,191,BIH,28.591,206,268,GB61,,,Viktor Galovic,R,193,CRO,25.845,621,44,6-3 7-6(3),3,R32,86,4,1,71,49,37,13,11,2,3,8,2,59,38,30,11,10,2,4
2016-1743,Recanati,Hard,32,C,,20160724,9,BF98,,,Alessandro Bega,R,170,ITA,25.533,273,181,MN23,,,Aleksandre Metreveli,R,183,GEO,22.954,296,164,7-5 6-3,3,R32,79,2,3,56,30,23,11,10,1,4,0,3,66,41,21,11,11,3,9
2016-1743,Recanati,Hard,32,C,,20160724,10,BK92,,,Alexander Bublik,R,196,KAZ,19.102,442,91,SD78,,,Alexandre Sidorenko,R,185,FRA,28.43,237,226,7-6(1) 3-6 6-3,3,R32,99,11,1,78,42,35,23,15,2,5,7,6,94,50,36,24,15,4,7
2016-1743,Recanati,Hard,32,C,,20160724,11,DA89,,,Mate Delic,R,196,CRO,23.236,488,76,ML57,,,Gianluca Mager,R,188,ITA,21.645,310,154,7-6(5) 3-6 7-6(5),3,R32,123,14,0,95,68,56,17,16,2,3,23,5,118,67,59,25,17,2,2
2016-1743,Recanati,Hard,32,C,,20160724,12,D551,,,Farrukh Dustov,R,193,UZB,30.174,225,240,ML48,,,Antonio Massara,R,178,ITA,20.854,503,73,6-3 6-3,3,R32,69,2,2,51,32,23,11,9,0,1,1,3,49,25,17,10,9,4,8
2016-1743,Recanati,Hard,32,C,,20160724,13,I305,,,Ilya Ivashka,R,193,BLR,22.412,246,217,V490,,,Matteo Viola,R,185,ITA,29.049,332,143,6-3 6-1,3,R32,62,3,0,45,30,20,11,8,0,1,0,3,62,35,22,6,8,5,10
2016-1743,Recanati,Hard,32,C,,20160724,14,MB53,,,Adrian Menendez-Maceiras,R,183,ESP,30.738,220,245,MG08,,,Yannick Mertens,R,185,BEL,29.081,248,214,6-1 6-2,3,R32,53,3,1,44,28,24,9,8,0,0,1,2,42,31,17,4,7,0,4
2016-1743,Recanati,Hard,32,C,,20160724,15,O411,,,Albano Olivetti,R,203,FRA,24.665,552,59,BI47,,,Riccardo Bonadio,R,180,ITA,23.031,480,80,6-4 6-4,3,R32,79,8,7,59,34,32,12,10,1,1,5,2,66,41,30,12,10,2,4
2016-1743,Recanati,Hard,32,C,,20160724,16,Z248,,,Dzmitry Zhyrmont,R,188,BLR,27.398,336,138,VA08,,,Andrea Vavassori,R,193,ITA,21.221,706,34,6-7(5) 6-3 7-6(5),3,R32,146,7,1,108,65,46,24,16,3,5,6,11,113,70,47,21,17,3,7
2016-1743,Recanati,Hard,32,C,,20160724,17,D864,1,,Evgeny Donskoy,R,185,RUS,26.209,80,703,O411,,,Albano Olivetti,R,203,FRA,24.665,552,59,6-7(5) 7-6(5) 7-6(5),3,R16,151,16,3,111,63,58,32,18,1,1,26,9,127,84,72,18,18,0,0
2016-1743,Recanati,Hard,32,C,,20160724,18,ME89,2,,Illya Marchenko,R,185,UKR,28.876,84,679,D551,,,Farrukh Dustov,R,193,UZB,30.174,225,240,2-0 RET,3,R16,8,0,0,6,4,3,2,1,0,0,0,1,6,1,0,2,1,2,3
2016-1743,Recanati,Hard,32,C,,20160724,19,F724,3,,Marton Fucsovics,R,188,HUN,24.457,166,330,DA89,,,Mate Delic,R,196,CRO,23.236,488,76,6-1 7-5,3,R16,64,3,1,50,29,24,13,9,1,1,4,2,58,38,21,12,10,6,10
2016-1743,Recanati,Hard,32,C,,20160724,20,BE54,5,,Ruben Bemelmans,L,183,BEL,28.526,177,305,BK92,,,Alexander Bublik,R,196,KAZ,19.102,442,91,7-6(3) 7-5,3,R16,92,2,1,82,56,43,15,12,6,6,6,7,79,43,31,19,12,3,4
2016-1743,Recanati,Hard,32,C,,20160724,21,V495,6,,Luca Vanni,R,198,ITA,31.138,179,305,Z248,,,Dzmitry Zhyrmont,R,188,BLR,27.398,336,138,6-1 6-7(2) 6-3,3,R16,129,9,3,77,52,36,11,13,0,4,3,2,104,64,40,12,15,7,16
2016-1743,Recanati,Hard,32,C,,20160724,22,BF98,,,Alessandro Bega,R,170,ITA,25.533,273,181,RE44,,,Andrey Rublev,R,188,RUS,18.76,195,278,6-4 7-5,3,R16,84,2,3,72,43,35,15,11,3,3,6,2,62,36,27,14,11,1,3
2016-1743,Recanati,Hard,32,C,,20160724,23,I305,,,Ilya Ivashka,R,193,BLR,22.412,246,217,SF41,8,,Aldin Setkic,R,191,BIH,28.591,206,268,6-4 5-7 6-3,3,R16,151,13,3,124,79,60,20,16,14,15,8,5,93,58,43,18,15,3,5
2016-1743,Recanati,Hard,32,C,,20160724,24,MB53,,,Adrian Menendez-Maceiras,R,183,ESP,30.738,220,245,E766,,,Edoardo Eremin,R,185,ITA,22.801,304,158,7-6(4) 7-6(3),3,R16,118,2,0,77,51,44,17,12,4,4,18,5,92,51,40,23,12,6,6
2016-1743,Recanati,Hard,32,C,,20160724,25,D864,1,,Evgeny Donskoy,R,185,RUS,26.209,80,703,V495,6,,Luca Vanni,R,198,ITA,31.138,179,305,3-6 6-3 6-0,3,QF,101,7,6,80,45,40,13,12,2,3,11,1,70,37,26,15,12,1,5
2016-1743,Recanati,Hard,32,C,,20160724,26,ME89,2,,Illya Marchenko,R,185,UKR,28.876,84,679,BF98,,,Alessandro Bega,R,170,ITA,25.533,273,181,6-1 6-3,3,QF,61,9,0,45,28,25,9,8,2,2,1,2,49,35,18,6,8,5,9
2016-1743,Recanati,Hard,32,C,,20160724,27,F724,3,,Marton Fucsovics,R,188,HUN,24.457,166,330,BE54,5,,Ruben Bemelmans,L,183,BEL,28.526,177,305,7-6(12) 4-6 7-6(2),3,QF,167,15,7,122,69,52,33,17,6,8,3,0,130,84,61,25,17,8,9
2016-1743,Recanati,Hard,32,C,,20160724,28,I305,,,Ilya Ivashka,R,193,BLR,22.412,246,217,MB53,,,Adrian Menendez-Maceiras,R,183,ESP,30.738,220,245,7-6(2) 2-6 6-4,3,QF,143,6,2,84,54,35,16,15,0,5,6,2,94,63,42,12,15,4,8
2016-1743,Recanati,Hard,32,C,,20160724,29,I305,,,Ilya Ivashka,R,193,BLR,22.412,246,217,D864,1,,Evgeny Donskoy,R,185,RUS,26.209,80,703,5-7 7-6(8) 6-2,3,SF,134,8,4,110,67,52,17,16,4,7,5,2,93,52,44,19,16,2,6
2016-1743,Recanati,Hard,32,C,,20160724,30,ME89,2,,Illya Marchenko,R,185,UKR,28.876,84,679,F724,3,,Marton Fucsovics,R,188,HUN,24.457,166,330,6-3 6-2,3,SF,73,4,4,61,39,29,12,9,1,1,7,0,43,30,18,7,8,3,6
2016-1743,Recanati,Hard,32,C,,20160724,31,ME89,2,,Illya Marchenko,R,185,UKR,28.876,84,679,I305,,,Ilya Ivashka,R,193,BLR,22.412,246,217,6-4 6-4,3,F,94,3,5,62,37,27,12,10,6,8,4,1,59,36,20,13,10,7,11
2016-221,Tampere,Clay,32,C,,20160724,1,KC56,,,Aslan Karatsev,R,185,RUS,22.886,252,209,A941,1,,Facundo Arguello,R,178,ARG,23.97,173,310,0-6 6-2 6-4,3,R32,112,2,2,76,58,42,5,12,5,8,3,3,81,51,33,16,12,2,5
2016-221,Tampere,Clay,32,C,,20160724,2,HB71,,,Hubert Hurkacz,R,196,POL,19.447,492,75,Z254,2,,Jurgen Zopp,R,191,EST,28.32,175,307,3-6 6-2 6-4,3,R32,111,8,7,90,52,36,23,14,8,10,0,4,84,44,26,26,13,3,6
2016-221,Tampere,Clay,32,C,,20160724,3,SG64,3,,Joao Souza,R,193,BRA,28.159,184,292,HA28,,,Filip Horansky,R,191,SVK,23.543,312,153,6-4 7-6(6),3,R32,100,4,1,68,41,29,17,11,1,3,5,3,79,52,34,13,11,6,9
2016-221,Tampere,Clay,32,C,,20160724,4,N754,,,Patrik Niklas-Salminen,L,188,FIN,19.387,912,16,BK19,4,,Mathias Bourgue,R,188,FRA,22.513,185,289,6-3 2-6 6-3,3,R32,106,1,5,80,55,34,12,13,2,6,4,3,93,52,29,21,13,5,10
2016-221,Tampere,Clay,32,C,,20160724,5,N503,5,,Aleksandr Nedovyesov,R,188,KAZ,29.437,222,242,SJ15,,,Milos Sekulic,R,178,SWE,26.719,879,18,6-1 6-2,3,R32,64,5,1,45,39,30,2,7,3,3,1,3,66,37,21,11,8,8,13
2016-221,Tampere,Clay,32,C,,20160724,6,CG33,6,,Kimmer Coppejans,R,178,BEL,22.459,193,280,N561,,,Ivan Nedelko,R,185,RUS,30.201,277,177,6-3 6-0,3,R32,64,3,0,45,26,18,10,7,6,7,1,2,55,37,14,7,8,9,15
2016-221,Tampere,Clay,32,C,,20160724,7,DA86,7,,Joris De Loore,R,191,BEL,23.258,227,237,I067,,,Vladimir Ivanov,R,,EST,29.29,528,66,6-2 6-2,3,R32,70,4,1,43,28,23,8,8,0,1,1,2,48,30,16,5,8,0,5
2016-221,Tampere,Clay,32,C,,20160724,8,E688,,,Markus Eriksson,R,188,SWE,26.65,463,86,MM66,8,,Nikola Milojevic,R,188,SRB,21.098,217,247,3-6 7-6(8) 3-0 RET,3,R32,151,2,4,99,58,36,24,13,2,6,3,9,89,47,33,18,11,5,8
2016-221,Tampere,Clay,32,C,,20160724,9,SN54,,,Frederico Ferreira Silva,L,178,POR,21.352,257,204,GB93,,,Norbert Gombos,R,193,SVK,25.947,299,162,6-4 6-3,3,R32,92,2,3,77,45,28,21,9,4,4,2,3,56,33,21,14,10,3,6
2016-221,Tampere,Clay,32,C,,20160724,10,GF08,,,Clement Geens,R,178,BEL,20.37,264,194,V993,,,Eero Vasa,R,185,FIN,19.474,1112,8,6-2 6-2,3,R32,56,6,1,47,33,23,9,8,1,2,1,3,48,26,15,7,8,5,10
2016-221,Tampere,Clay,32,C,,20160724,11,GB13,,,Germain Gigounon,R,178,BEL,27.261,355,130,V850,,,Alexander Vasilenko,R,,RUS,21.407,571,54,6-1 6-7(5) 6-1,3,R32,140,1,4,104,77,50,13,14,9,12,0,3,81,45,25,17,12,4,11
2016-221,Tampere,Clay,32,C,,20160724,12,GA79,,,Lorenzo Giustino,R,180,ITA,24.871,245,218,HG86,,,Lloyd Harris,R,193,RSA,19.411,331,143,7-5 7-5,3,R32,93,6,3,68,39,32,17,12,1,2,8,2,88,51,34,16,12,7,10
2016-221,Tampere,Clay,32,C,,20160724,13,GC54,,,Scott Griekspoor,R,188,NED,25.536,323,148,K426,,,Lauri Kiiski,R,,FIN,35.786,1451,2,6-3 6-3,3,R32,66,1,3,45,32,28,8,9,0,0,5,5,54,27,15,17,9,1,4
2016-221,Tampere,Clay,32,C,,20160724,14,R383,,,Ruben Ramirez Hidalgo,R,183,ESP,38.546,231,234,RA82,,,Yannik Reuter,R,,BEL,25.385,250,212,7-6(8) 7-6(4),3,R32,123,7,2,77,47,33,16,12,0,3,2,4,79,42,30,19,12,1,4
2016-221,Tampere,Clay,32,C,,20160724,15,SJ22,,,Gleb Sakharov,R,185,FRA,28.12,291,167,LA77,,,Ristomatti Lanne,,,FIN,23.723,1811,1,6-1 6-3,3,R32,72,6,1,42,22,16,11,8,0,2,2,1,64,41,16,10,8,8,14
2016-221,Tampere,Clay,32,C,,20160724,16,S483,,,Pedro Sousa,R,180,POR,28.159,258,203,PF36,,,David Perez Sanz,R,180,ESP,22.193,236,227,7-6(6) 6-3,3,R32,110,0,6,84,64,43,5,11,9,13,0,3,74,50,30,8,10,5,10
2016-221,Tampere,Clay,32,C,,20160724,17,SG64,3,,Joao Souza,R,193,BRA,28.159,184,292,GB13,,,Germain Gigounon,R,178,BEL,27.261,355,130,6-2 6-2,3,R16,84,4,1,70,55,38,6,8,8,8,1,1,47,29,16,8,8,6,10
2016-221,Tampere,Clay,32,C,,20160724,18,S483,,,Pedro Sousa,R,180,POR,28.159,258,203,N503,5,,Aleksandr Nedovyesov,R,188,KAZ,29.437,222,242,7-5 6-3,3,R16,70,0,0,55,46,36,7,11,2,3,1,0,59,43,28,8,10,2,5
2016-221,Tampere,Clay,32,C,,20160724,19,CG33,6,,Kimmer Coppejans,R,178,BEL,22.459,193,280,GA79,,,Lorenzo Giustino,R,180,ITA,24.871,245,218,7-5 6-1,3,R16,82,3,1,63,39,26,15,10,2,3,1,3,55,33,19,10,9,4,8
2016-221,Tampere,Clay,32,C,,20160724,20,R383,,,Ruben Ramirez Hidalgo,R,183,ESP,38.546,231,234,DA86,7,,Joris De Loore,R,191,BEL,23.258,227,237,7-5 7-6(6),3,R16,117,5,2,73,47,38,9,12,0,3,10,3,89,51,43,8,12,8,12
2016-221,Tampere,Clay,32,C,,20160724,21,E688,,,Markus Eriksson,R,188,SWE,26.65,463,86,GC54,,,Scott Griekspoor,R,188,NED,25.536,323,148,7-6(4) 6-3,3,R16,88,2,1,65,43,33,14,10,3,3,4,2,67,38,24,17,11,0,2
2016-221,Tampere,Clay,32,C,,20160724,22,HB71,,,Hubert Hurkacz,R,196,POL,19.447,492,75,GF08,,,Clement Geens,R,178,BEL,20.37,264,194,6-3 6-1,3,R16,58,3,1,36,20,19,10,8,0,1,3,4,62,34,19,10,8,8,13
2016-221,Tampere,Clay,32,C,,20160724,23,KC56,,,Aslan Karatsev,R,185,RUS,22.886,252,209,SN54,,,Frederico Ferreira Silva,L,178,POR,21.352,257,204,6-3 6-7(9) 6-2,3,R16,168,5,3,101,73,51,15,15,3,5,0,2,110,64,44,15,14,10,15
2016-221,Tampere,Clay,32,C,,20160724,24,SJ22,,,Gleb Sakharov,R,185,FRA,28.12,291,167,N754,,,Patrik Niklas-Salminen,L,188,FIN,19.387,912,16,6-1 6-2,3,R16,58,5,1,48,28,19,16,8,1,1,4,0,40,29,16,4,7,1,5
2016-221,Tampere,Clay,32,C,,20160724,25,S483,,,Pedro Sousa,R,180,POR,28.159,258,203,SG64,3,,Joao Souza,R,193,BRA,28.159,184,292,6-4 7-6(6),3,QF,115,1,2,80,63,39,9,11,1,4,2,1,83,59,37,9,11,6,10
2016-221,Tampere,Clay,32,C,,20160724,26,CG33,6,,Kimmer Coppejans,R,178,BEL,22.459,193,280,HB71,,,Hubert Hurkacz,R,196,POL,19.447,492,75,6-1 6-3,3,QF,78,0,2,61,45,32,8,8,4,4,8,5,67,41,22,11,8,8,12
2016-221,Tampere,Clay,32,C,,20160724,27,KC56,,,Aslan Karatsev,R,185,RUS,22.886,252,209,E688,,,Markus Eriksson,R,188,SWE,26.65,463,86,6-2 4-6 6-0,3,QF,104,2,3,69,40,23,19,12,3,6,0,3,77,47,27,10,12,5,12
2016-221,Tampere,Clay,32,C,,20160724,28,R383,,,Ruben Ramirez Hidalgo,R,183,ESP,38.546,231,234,SJ22,,,Gleb Sakharov,R,185,FRA,28.12,291,167,6-1 6-1,3,QF,61,4,1,49,25,20,14,7,6,6,0,0,42,26,13,6,7,5,10
2016-221,Tampere,Clay,32,C,,20160724,29,CG33,6,,Kimmer Coppejans,R,178,BEL,22.459,193,280,S483,,,Pedro Sousa,R,180,POR,28.159,258,203,5-7 7-6(1) 6-2,3,SF,151,1,5,105,68,47,15,16,6,11,1,2,115,94,53,9,16,8,14
2016-221,Tampere,Clay,32,C,,20160724,30,KC56,,,Aslan Karatsev,R,185,RUS,22.886,252,209,R383,,,Ruben Ramirez Hidalgo,R,183,ESP,38.546,231,234,3-6 6-1 6-4,3,SF,131,7,1,79,59,42,10,13,2,4,3,5,99,58,37,20,13,9,13
2016-221,Tampere,Clay,32,C,,20160724,31,CG33,6,,Kimmer Coppejans,R,178,BEL,22.459,193,280,KC56,,,Aslan Karatsev,R,185,RUS,22.886,252,209,6-4 3-6 7-5,3,F,143,3,2,92,55,38,18,15,3,7,4,5,97,68,44,13,16,4,9
2016-670,Binghamton,Hard,32,C,,20160724,1,K964,,,Brydan Klein,R,188,GBR,26.563,260,200,HB64,1,,Quentin Halys,R,191,FRA,19.743,140,415,6-3 6-7(5) 6-3,3,R32,137,14,7,120,73,58,18,16,5,7,5,10,91,46,33,23,14,1,5
2016-670,Binghamton,Hard,32,C,,20160724,2,KE64,3,,Stefan Kozlov,R,183,USA,18.475,163,337,N563,,,Dennis Nevolo,R,,USA,26.587,460,87,3-6 7-5 6-0,3,R32,136,1,4,74,40,27,16,13,3,7,2,8,99,50,29,20,14,11,18
2016-670,Binghamton,Hard,32,C,,20160724,3,SJ55,4,,John-Patrick Smith,L,188,AUS,27.496,224,241,BI23,,,Liam Broady,L,183,GBR,22.552,274,179,6-7(4) 6-4 7-5,3,R32,166,6,8,119,67,47,27,17,9,13,2,11,124,62,44,29,17,15,21
2016-670,Binghamton,Hard,32,C,,20160724,4,GD08,,,Lloyd Glasspool,R,191,GBR,22.678,307,158,RC96,5,,Noah Rubin,R,175,USA,20.422,183,293,6-3 6-2,3,R32,62,8,2,53,36,29,9,9,1,1,2,6,64,36,24,12,8,7,10
2016-670,Binghamton,Hard,32,C,,20160724,5,KC86,6,,Darian King,R,188,BAR,24.244,199,274,TA04,,,Finn Tearney,R,183,NZL,25.823,367,123,6-4 3-6 6-0,3,R32,107,2,1,65,43,29,14,12,6,9,0,5,87,58,34,11,13,3,9
2016-670,Binghamton,Hard,32,C,,20160724,6,SF89,,,Rubin Statham,R,180,NZL,29.248,472,82,CC32,7,,Guilherme Clezar,R,180,BRA,23.562,200,274,6-7(2) 7-5 6-4,3,R32,149,16,1,112,75,57,17,17,6,8,11,5,110,69,51,19,17,6,10
2016-670,Binghamton,Hard,32,C,,20160724,7,BH02,,,Sekou Bangoura,R,183,USA,24.682,255,206,PL56,8,,Tommy Paul,R,185,USA,19.187,207,265,4-6 6-1 6-1,3,R32,101,4,4,72,47,32,11,12,4,8,3,6,92,52,30,11,12,8,16
2016-670,Binghamton,Hard,32,C,,20160724,8,G806,9,,Andrey Golubev,R,180,KAZ,29.008,211,255,KB37,,,Evan King,L,185,USA,24.331,360,127,7-6(5) 2-6 6-2,3,R32,120,3,1,96,56,36,22,14,8,11,2,4,93,67,40,17,14,6,9
2016-670,Binghamton,Hard,32,C,,20160724,9,CA62,,,Erik Crepaldi,L,,ITA,26.223,411,101,BH22,,,Sam Barry,R,191,IRL,24.49,272,182,7-6(5) 4-6 7-6(3),3,R32,184,1,1,108,77,50,20,17,6,10,9,5,111,62,46,28,17,4,7
2016-670,Binghamton,Hard,32,C,,20160724,10,KC12,,,Mitchell Krueger,R,188,USA,22.53,247,215,HB41,,,Jared Hiltzik,R,185,USA,22.045,641,42,6-3 6-3,3,R32,69,1,0,50,24,17,16,9,2,4,1,3,61,30,15,12,9,6,11
2016-670,Binghamton,Hard,32,C,,20160724,11,KD35,,,Thai-Son Kwiatkowski,R,188,USA,21.443,832,20,R977,,,Matt Reid,R,183,AUS,26.021,308,157,6-4 6-3,3,R32,73,5,4,59,31,29,14,10,2,2,1,4,58,32,20,14,9,5,7
2016-670,Binghamton,Hard,32,C,,20160724,12,MG84,,,Nicolas Meister,R,180,USA,27.192,275,178,MK40,,,Benjamin Mitchell,R,183,AUS,23.647,234,228,6-3 7-6(3),3,R32,108,3,2,75,40,25,20,11,4,7,5,3,67,36,20,15,10,4,8
2016-670,Binghamton,Hard,32,C,,20160724,13,MI01,,,Hiroki Moriya,R,168,JPN,25.771,229,236,KC51,,,Peter Kobelt,R,201,USA,25.684,366,123,6-0 4-1 RET,3,R32,,0,2,35,20,15,10,5,2,2,1,2,34,19,6,6,6,3,8
2016-670,Binghamton,Hard,32,C,,20160724,14,N555,,,Daniel Nguyen,R,173,USA,25.771,240,223,MP01,,,Michael Mmoh,R,188,USA,18.535,327,145,6-2 6-1,3,R32,51,4,0,38,25,21,9,8,0,1,2,8,49,28,16,4,7,5,10
2016-670,Binghamton,Hard,32,C,,20160724,15,RB56,,,Ramkumar Ramanathan,R,188,IND,21.708,214,250,U134,,,Yasutaka Uchiyama,R,183,JPN,23.967,305,158,6-3 6-4,3,R32,67,11,2,51,33,28,12,10,0,0,5,2,54,33,27,9,9,2,4
2016-670,Binghamton,Hard,32,C,,20160724,16,V832,,,Aleksandar Vukic,R,188,AUS,20.298,660,39,GA36,,,Emilio Gomez,R,185,ECU,24.654,321,148,6-3 6-4,3,R32,70,0,4,54,24,17,16,9,0,2,3,5,59,36,24,7,10,3,8
2016-670,Binghamton,Hard,32,C,,20160724,17,KE64,3,,Stefan Kozlov,R,183,USA,18.475,163,337,N555,,,Daniel Nguyen,R,173,USA,25.771,240,223,7-6(7) 6-4,3,R16,110,4,4,80,47,33,17,11,4,6,5,3,77,44,30,16,11,5,8
2016-670,Binghamton,Hard,32,C,,20160724,18,KC12,,,Mitchell Krueger,R,188,USA,22.53,247,215,SJ55,4,,John-Patrick Smith,L,188,AUS,27.496,224,241,7-5 7-6(5),3,R16,101,2,1,82,51,38,19,12,5,7,5,7,82,41,31,18,12,5,8
2016-670,Binghamton,Hard,32,C,,20160724,19,KC86,6,,Darian King,R,188,BAR,24.244,199,274,KD35,,,Thai-Son Kwiatkowski,R,188,USA,21.443,832,20,6-4 7-5,3,R16,90,1,2,78,50,34,15,11,7,9,5,6,67,37,29,10,11,4,8
2016-670,Binghamton,Hard,32,C,,20160724,20,G806,9,,Andrey Golubev,R,180,KAZ,29.008,211,255,CA62,,,Erik Crepaldi,L,,ITA,26.223,411,101,6-2 6-1,3,R16,58,7,2,44,28,22,10,7,3,3,0,2,49,34,14,7,8,3,8
2016-670,Binghamton,Hard,32,C,,20160724,21,GD08,,,Lloyd Glasspool,R,191,GBR,22.678,307,158,MG84,,,Nicolas Meister,R,180,USA,27.192,275,178,6-3 7-6(7),3,R16,90,8,3,79,43,32,23,11,3,3,0,3,58,29,20,21,10,0,1
2016-670,Binghamton,Hard,32,C,,20160724,22,K964,,,Brydan Klein,R,188,GBR,26.563,260,200,V832,,,Aleksandar Vukic,R,188,AUS,20.298,660,39,6-7(4) 6-3 6-1,3,R16,127,11,6,88,49,37,23,14,8,10,4,7,92,49,33,21,14,4,10
2016-670,Binghamton,Hard,32,C,,20160724,23,MI01,,,Hiroki Moriya,R,168,JPN,25.771,229,236,BH02,,,Sekou Bangoura,R,183,USA,24.682,255,206,6-4 6-4,3,R16,81,4,3,68,33,23,18,10,1,3,1,2,55,29,20,12,10,3,7
2016-670,Binghamton,Hard,32,C,,20160724,24,RB56,,,Ramkumar Ramanathan,R,188,IND,21.708,214,250,SF89,,,Rubin Statham,R,180,NZL,29.248,472,82,2-6 6-4 7-6(3),3,R16,142,17,6,97,51,39,22,15,6,10,1,6,99,67,48,14,15,2,5
2016-670,Binghamton,Hard,32,C,,20160724,25,KC86,6,,Darian King,R,188,BAR,24.244,199,274,KE64,3,,Stefan Kozlov,R,183,USA,18.475,163,337,6-2 4-1 RET,3,QF,82,2,2,56,40,28,7,6,6,6,3,1,57,33,17,10,7,4,8
2016-670,Binghamton,Hard,32,C,,20160724,26,G806,9,,Andrey Golubev,R,180,KAZ,29.008,211,255,GD08,,,Lloyd Glasspool,R,191,GBR,22.678,307,158,6-4 2-6 6-4,3,QF,107,5,3,86,56,40,18,14,3,5,12,2,85,58,44,13,14,2,4
2016-670,Binghamton,Hard,32,C,,20160724,27,KC12,,,Mitchell Krueger,R,188,USA,22.53,247,215,MI01,,,Hiroki Moriya,R,168,JPN,25.771,229,236,6-3 7-6(6),3,QF,110,1,5,85,52,38,17,11,6,7,2,5,76,43,29,18,10,6,8
2016-670,Binghamton,Hard,32,C,,20160724,28,RB56,,,Ramkumar Ramanathan,R,188,IND,21.708,214,250,K964,,,Brydan Klein,R,188,GBR,26.563,260,200,7-6(5) 6-7(3) 6-2,3,QF,156,16,1,98,58,48,24,16,5,6,9,6,115,59,42,31,16,12,15
2016-670,Binghamton,Hard,32,C,,20160724,29,KC86,6,,Darian King,R,188,BAR,24.244,199,274,G806,9,,Andrey Golubev,R,180,KAZ,29.008,211,255,1-6 6-1 6-3,3,SF,93,0,1,83,68,40,6,12,4,8,3,7,58,38,24,7,11,1,6
2016-670,Binghamton,Hard,32,C,,20160724,30,KC12,,,Mitchell Krueger,R,188,USA,22.53,247,215,RB56,,,Ramkumar Ramanathan,R,188,IND,21.708,214,250,6-2 6-4,3,SF,75,3,1,49,31,27,11,9,2,2,4,5,56,29,20,12,9,2,5
2016-670,Binghamton,Hard,32,C,,20160724,31,KC86,6,,Darian King,R,188,BAR,24.244,199,274,KC12,,,Mitchell Krueger,R,188,USA,22.53,247,215,6-2 6-3,3,F,72,1,1,53,40,29,9,9,2,2,2,0,52,34,21,8,8,3,6
2016-7011,Gimcheon,Hard,32,C,,20160724,1,Z272,1,,Ze Zhang,R,188,CHN,26.056,172,313,KF15,,,Young Seok Kim,L,,KOR,21.202,625,44,2-6 7-6(5) 6-4,3,R32,141,4,8,113,73,54,13,15,8,12,5,5,101,62,45,20,15,6,9
2016-7011,Gimcheon,Hard,32,C,,20160724,2,W571,2,,Di Wu,R,173,CHN,24.86,174,308,U120,,,Kaichi Uchida,R,180,JPN,21.919,390,112,6-1 6-2,3,R32,55,0,3,49,19,14,18,8,3,4,3,4,44,26,15,4,7,4,9
2016-7011,Gimcheon,Hard,32,C,,20160724,3,LD26,,,Edan Leshem,R,183,ISR,19.348,428,95,LE01,3,,Duckhee Lee,R,170,KOR,18.155,191,283,6-4 6-4,3,R32,95,5,5,65,35,23,17,10,4,6,6,2,78,48,27,14,10,4,8
2016-7011,Gimcheon,Hard,32,C,,20160724,4,PH71,,,Max Purcell,R,185,AUS,18.308,762,27,SM09,4,,Luke Saville,R,188,AUS,22.557,230,235,6-4 6-4,3,R32,88,1,1,56,33,23,16,10,3,4,7,8,69,32,21,19,10,3,6
2016-7011,Gimcheon,Hard,32,C,,20160724,5,C813,5,,Ti Chen,R,178,TPE,32.808,223,242,HA03,,,Liang-Chi Huang,,,TPE,24.378,531,66,7-6(5) 6-4,3,R32,94,6,0,66,48,39,12,11,2,2,2,4,77,40,31,20,11,2,3
2016-7011,Gimcheon,Hard,32,C,,20160724,6,W630,6,,Andrew Whittington,R,188,AUS,22.951,241,221,P0AV,,,Uisung Park,R,175,KOR,15.822,,,6-3 6-0,3,R32,68,4,3,55,33,27,8,8,3,4,0,2,38,19,11,5,7,3,8
2016-7011,Gimcheon,Hard,32,C,,20160724,7,L733,7,,Zhe Li,R,183,CHN,29.843,249,214,SJ47,,,Jae-Min Seol,R,193,KOR,26.522,1182,6,6-2 3-6 6-2,3,R32,100,8,2,71,43,31,15,12,4,6,9,3,75,35,21,18,13,1,6
2016-7011,Gimcheon,Hard,32,C,,20160724,8,T982,,,Tsung-Hua Yang,R,178,TPE,25.322,337,138,BC76,8,,Nicolas Barrientos,R,175,COL,29.251,276,177,3-6 6-3 6-3,3,R32,116,6,5,108,70,45,17,14,11,15,1,9,89,52,32,15,13,4,9
2016-7011,Gimcheon,Hard,32,C,,20160724,9,I286,,,Temur Ismailov,,,UZB,21.525,525,67,E768,,,Antoine Escoffier,R,185,FRA,24.4,490,76,6-4 6-3,3,R32,85,7,0,60,25,20,19,10,3,5,0,3,53,25,19,9,9,4,8
2016-7011,Gimcheon,Hard,32,C,,20160724,10,K863,,,Cheong-Eui Kim,,,KOR,26.338,457,88,S09P,,,Sanhui Shin,R,178,KOR,19.351,1327,4,5-7 6-2 1-0 RET,3,R32,107,0,4,68,42,25,14,10,3,6,0,2,82,51,28,14,11,6,11
2016-7011,Gimcheon,Hard,32,C,,20160724,11,KF17,,,Soonwoo Kwon,R,180,KOR,18.642,433,93,D808,,,Julien Dubail,R,193,BEL,28.441,389,113,6-4 3-6 6-3,3,R32,103,5,2,88,54,31,22,14,5,10,6,3,77,39,28,14,14,6,12
2016-7011,Gimcheon,Hard,32,C,,20160724,12,N598,,,Takuto Niki,R,183,JPN,28.783,572,54,N430,,,Hyun-Woo Nam,,,KOR,31.537,1106,8,6-4 6-0,3,R32,75,4,1,48,31,25,10,8,2,2,1,3,52,38,21,5,8,2,6
2016-7011,Gimcheon,Hard,32,C,,20160724,13,O664,,,Makoto Ochi,L,175,JPN,20.225,404,106,KA46,,,Yuya Kibi,R,180,JPN,30.004,375,119,6-3 6-1,3,R32,69,2,2,44,25,19,11,8,0,1,2,7,72,47,28,7,8,11,16
2016-7011,Gimcheon,Hard,32,C,,20160724,14,SL92,,,Shuichi Sekiguchi,R,168,JPN,25.027,381,115,RB86,,,Sidharth Rawat,R,175,IND,23.258,577,53,6-7(1) 6-4 6-2,3,R32,145,3,1,97,45,29,31,15,6,9,4,3,107,58,34,26,15,7,13
2016-7011,Gimcheon,Hard,32,C,,20160724,15,T885,,,Kento Takeuchi,L,,JPN,28.597,502,73,W614,,,Chuhan Wang,R,188,CHN,24.413,624,44,7-6(4) 3-0 RET,3,R32,95,1,2,55,30,19,9,8,2,5,1,6,68,43,22,11,7,4,8
2016-7011,Gimcheon,Hard,32,C,,20160724,16,Y114,,,Daniel Yoo,L,180,KOR,30.828,1255,5,W373,,,Jimmy Wang,R,180,TPE,31.455,349,133,6-7(1) 6-2 6-4,3,R32,145,13,11,108,48,40,29,15,7,9,3,4,91,45,29,27,15,8,13
2016-7011,Gimcheon,Hard,32,C,,20160724,17,N598,,,Takuto Niki,R,183,JPN,28.783,572,54,Z272,1,,Ze Zhang,R,188,CHN,26.056,172,313,6-4 6-2,3,R16,76,1,0,63,45,31,12,9,2,2,4,5,59,30,21,13,9,4,7
2016-7011,Gimcheon,Hard,32,C,,20160724,18,K863,,,Cheong-Eui Kim,,,KOR,26.338,457,88,W571,2,,Di Wu,R,173,CHN,24.86,174,308,6-4 7-6(5),3,R16,83,3,4,70,43,28,17,11,3,5,2,0,64,39,25,13,11,3,6
2016-7011,Gimcheon,Hard,32,C,,20160724,19,KF17,,,Soonwoo Kwon,R,180,KOR,18.642,433,93,C813,5,,Ti Chen,R,178,TPE,32.808,223,242,6-4 6-4,3,R16,94,5,3,68,38,27,14,10,9,12,1,3,68,44,23,13,10,5,10
2016-7011,Gimcheon,Hard,32,C,,20160724,20,W630,6,,Andrew Whittington,R,188,AUS,22.951,241,221,I286,,,Temur Ismailov,,,UZB,21.525,525,67,7-6(4) 2-0 RET,3,R16,104,0,4,58,32,20,16,7,3,5,1,3,57,29,16,16,7,5,8
2016-7011,Gimcheon,Hard,32,C,,20160724,21,L733,7,,Zhe Li,R,183,CHN,29.843,249,214,SL92,,,Shuichi Sekiguchi,R,168,JPN,25.027,381,115,6-3 6-1,3,R16,67,2,0,52,28,21,16,8,2,2,1,1,49,32,17,7,8,1,5
2016-7011,Gimcheon,Hard,32,C,,20160724,22,LD26,,,Edan Leshem,R,183,ISR,19.348,428,95,O664,,,Makoto Ochi,L,175,JPN,20.225,404,106,6-1 6-1,3,R16,60,4,2,55,32,22,15,7,6,6,0,1,39,21,8,8,7,1,6
2016-7011,Gimcheon,Hard,32,C,,20160724,23,PH71,,,Max Purcell,R,185,AUS,18.308,762,27,T885,,,Kento Takeuchi,L,,JPN,28.597,502,73,6-1 2-6 6-3,3,R16,116,6,3,76,49,35,13,12,6,8,0,1,83,45,26,20,12,8,12
2016-7011,Gimcheon,Hard,32,C,,20160724,24,T982,,,Tsung-Hua Yang,R,178,TPE,25.322,337,138,Y114,,,Daniel Yoo,L,180,KOR,30.828,1255,5,5-7 6-4 1-0 RET,3,R16,123,2,6,87,59,39,12,12,8,11,2,2,61,30,23,15,11,1,4
2016-7011,Gimcheon,Hard,32,C,,20160724,25,W630,6,,Andrew Whittington,R,188,AUS,22.951,241,221,N598,,,Takuto Niki,R,183,JPN,28.783,572,54,4-6 7-6(3) 7-5,3,QF,157,14,13,116,69,52,20,17,8,12,4,2,95,63,45,19,17,5,9
2016-7011,Gimcheon,Hard,32,C,,20160724,26,L733,7,,Zhe Li,R,183,CHN,29.843,249,214,LD26,,,Edan Leshem,R,183,ISR,19.348,428,95,6-3 6-1,3,QF,67,2,0,42,24,19,14,8,0,0,1,8,58,25,13,16,8,2,6
2016-7011,Gimcheon,Hard,32,C,,20160724,27,KF17,,,Soonwoo Kwon,R,180,KOR,18.642,433,93,K863,,,Cheong-Eui Kim,,,KOR,26.338,457,88,3-6 6-3 6-4,3,QF,111,1,3,78,42,28,26,14,0,2,5,11,96,56,43,16,14,9,12
2016-7011,Gimcheon,Hard,32,C,,20160724,28,PH71,,,Max Purcell,R,185,AUS,18.308,762,27,T982,,,Tsung-Hua Yang,R,178,TPE,25.322,337,138,7-6(8) 6-2,3,QF,98,4,3,71,40,31,12,10,3,6,1,2,84,53,33,10,10,11,16
2016-7011,Gimcheon,Hard,32,C,,20160724,29,W630,6,,Andrew Whittington,R,188,AUS,22.951,241,221,L733,7,,Zhe Li,R,183,CHN,29.843,249,214,6-1 7-6(3),3,SF,88,6,3,62,33,24,18,10,2,3,2,4,63,40,27,9,9,3,6
2016-7011,Gimcheon,Hard,32,C,,20160724,30,PH71,,,Max Purcell,R,185,AUS,18.308,762,27,KF17,,,Soonwoo Kwon,R,180,KOR,18.642,433,93,6-3 6-4,3,SF,68,7,2,62,32,24,16,10,4,6,2,2,55,32,20,9,9,1,5
2016-7011,Gimcheon,Hard,32,C,,20160724,31,PH71,,,Max Purcell,R,185,AUS,18.308,762,27,W630,6,,Andrew Whittington,R,188,AUS,22.951,241,221,3-6 7-6(6) 5-1 RET,3,F,148,4,2,86,51,39,21,13,5,6,5,7,103,55,41,23,14,10,12
2016-3618,Astana,Hard,32,C,,20160731,1,D864,1,,Evgeny Donskoy,R,185,RUS,26.229,78,719,E180,,,Mikhail Elgin,R,183,RUS,34.795,530,65,4-6 6-1 4-1 RET,3,R32,98,5,3,72,41,31,18,11,4,5,6,5,77,45,31,12,11,6,10
2016-3618,Astana,Hard,32,C,,20160731,2,I165,2,,Denis Istomin,R,185,UZB,29.897,108,571,C813,,,Ti Chen,R,178,TPE,32.827,229,241,6-3 6-2,3,R32,65,9,1,49,31,26,12,9,3,3,1,1,47,31,18,9,8,2,5
2016-3618,Astana,Hard,32,C,,20160731,3,G681,3,,Teymuraz Gabashvili,R,185,GEO,31.19,106,596,PF36,,,David Perez Sanz,R,180,ESP,22.212,239,227,6-2 6-1,3,R32,57,3,2,43,20,18,14,8,0,0,5,5,49,24,16,7,7,6,10
2016-3618,Astana,Hard,32,C,,20160731,4,K776,4,,Konstantin Kravchuk,R,191,RUS,31.433,103,598,BF98,,,Alessandro Bega,R,170,ITA,25.552,259,196,6-2 6-2,3,R32,55,8,1,38,26,23,9,8,0,0,0,1,49,33,19,7,8,3,7
2016-3618,Astana,Hard,32,C,,20160731,5,K596,5,,Alexander Kudryavtsev,R,183,RUS,30.762,166,331,KD32,,,Timur Khabibulin,R,185,KAZ,20.997,755,28,6-0 6-4,3,R32,52,6,2,46,19,16,15,8,0,1,0,7,56,39,23,5,8,5,10
2016-3618,Astana,Hard,32,C,,20160731,6,MM58,6,,Daniil Medvedev,R,198,RUS,20.468,174,313,J380,,,Jason Jung,R,180,TPE,27.127,272,182,7-6(5) 4-6 6-3,3,R32,131,10,1,104,56,42,19,16,7,11,2,6,96,60,42,17,15,7,11
2016-3618,Astana,Hard,32,C,,20160731,7,LE01,7,,Duckhee Lee,R,170,KOR,18.174,194,283,P701,,,Michal Przysiezny,R,185,POL,32.454,353,128,7-5 6-0,3,R32,68,5,4,59,27,20,19,9,2,3,5,7,53,28,20,7,9,1,6
2016-3618,Astana,Hard,32,C,,20160731,8,Z349,,,Anton Zaitcev,R,180,UKR,29.027,546,61,PG20,8,,Dmitry Popko,R,191,KAZ,19.767,211,256,4-6 6-2 6-1,3,R32,99,0,5,82,65,43,7,12,2,4,5,7,77,36,25,16,13,5,11
2016-3618,Astana,Hard,32,C,,20160731,9,BK92,,,Alexander Bublik,R,196,KAZ,19.121,407,104,BC76,,,Nicolas Barrientos,R,175,COL,29.27,276,177,7-6(3) 6-4,3,R32,74,16,3,58,28,23,19,11,0,2,0,5,79,47,31,15,11,9,12
2016-3618,Astana,Hard,32,C,,20160731,10,E766,,,Edoardo Eremin,R,185,ITA,22.82,302,158,MF71,,,Denys Molchanov,R,188,UKR,29.21,281,172,6-3 6-4,3,R32,65,7,1,56,29,25,18,10,4,4,0,2,54,34,24,12,9,1,3
2016-3618,Astana,Hard,32,C,,20160731,11,I305,,,Ilya Ivashka,R,193,BLR,22.431,202,272,DA02,,,Maxim Dubarenco,,,MDA,23.102,388,111,6-3 7-6(0),3,R32,116,1,0,75,52,35,16,11,7,9,2,5,84,46,25,20,10,7,10
2016-3618,Astana,Hard,32,C,,20160731,12,J513,,,Miki Jankovic,R,180,SRB,21.845,258,196,SL92,,,Shuichi Sekiguchi,R,168,JPN,25.046,381,115,6-1 6-2,3,R32,65,3,2,58,33,22,16,8,5,5,3,2,46,26,15,7,7,6,10
2016-3618,Astana,Hard,32,C,,20160731,13,K834,,,Blaz Kavcic,R,188,SLO,29.407,367,122,Z248,,,Dzmitry Zhyrmont,R,188,BLR,27.417,337,138,6-2 6-2,3,R32,67,1,5,59,38,26,12,8,5,6,3,6,50,25,15,7,8,4,9
2016-3618,Astana,Hard,32,C,,20160731,14,KA46,,,Yuya Kibi,R,180,JPN,30.023,361,125,Y171,,,Denis Yevseyev,R,188,KAZ,23.192,921,16,6-0 6-4,3,R32,51,2,4,47,26,23,10,8,2,3,0,3,58,44,21,5,8,5,10
2016-3618,Astana,Hard,32,C,,20160731,15,L733,,,Zhe Li,R,183,CHN,29.862,246,216,F786,,,Sanjar Fayziev,R,188,UZB,22.007,584,52,1-6 6-1 6-3,3,R32,106,6,3,78,44,30,16,11,9,12,4,4,69,39,24,13,12,4,9
2016-3618,Astana,Hard,32,C,,20160731,16,PC78,,,Ante Pavic,R,196,CRO,27.4,379,115,K407,,,Alexey Kedryuk,R,193,KAZ,35.978,1375,3,6-1 6-0,3,R32,39,9,1,32,24,23,5,7,0,0,4,5,39,21,11,5,6,7,12
2016-3618,Astana,Hard,32,C,,20160731,17,D864,1,,Evgeny Donskoy,R,185,RUS,26.229,78,719,E766,,,Edoardo Eremin,R,185,ITA,22.82,302,158,6-3 6-2,3,R16,72,3,1,52,32,22,13,8,4,5,9,5,70,34,22,12,9,9,14
2016-3618,Astana,Hard,32,C,,20160731,18,I165,2,,Denis Istomin,R,185,UZB,29.897,108,571,KA46,,,Yuya Kibi,R,180,JPN,30.023,361,125,7-6(3) 2-6 6-2,3,R16,125,9,3,96,56,40,21,14,3,7,1,9,123,59,38,29,14,16,20
2016-3618,Astana,Hard,32,C,,20160731,19,BK92,,,Alexander Bublik,R,196,KAZ,19.121,407,104,G681,3,,Teymuraz Gabashvili,R,185,GEO,31.19,106,596,4-6 7-5 6-4,3,R16,122,9,3,94,55,34,25,16,2,6,1,6,117,68,46,20,16,6,11
2016-3618,Astana,Hard,32,C,,20160731,20,K776,4,,Konstantin Kravchuk,R,191,RUS,31.433,103,598,K834,,,Blaz Kavcic,R,188,SLO,29.407,367,122,6-4 5-7 6-3,3,R16,150,6,5,89,50,34,22,15,3,7,0,6,102,73,48,9,16,7,13
2016-3618,Astana,Hard,32,C,,20160731,21,I305,,,Ilya Ivashka,R,193,BLR,22.431,202,272,K596,5,,Alexander Kudryavtsev,R,183,RUS,30.762,166,331,4-6 6-2 6-0,3,R16,99,3,2,81,56,38,13,12,2,3,1,1,77,43,26,16,12,6,11
2016-3618,Astana,Hard,32,C,,20160731,22,MM58,6,,Daniil Medvedev,R,198,RUS,20.468,174,313,L733,,,Zhe Li,R,183,CHN,29.862,246,216,7-6(1) 6-2,3,R16,91,10,2,64,38,29,17,10,1,2,0,4,72,40,23,14,10,5,8
2016-3618,Astana,Hard,32,C,,20160731,23,LE01,7,,Duckhee Lee,R,170,KOR,18.174,194,283,PC78,,,Ante Pavic,R,196,CRO,27.4,379,115,6-1 6-2,3,R16,64,2,1,48,24,19,16,8,2,2,5,3,67,37,23,9,7,10,14
2016-3618,Astana,Hard,32,C,,20160731,24,J513,,,Miki Jankovic,R,180,SRB,21.845,258,196,Z349,,,Anton Zaitcev,R,180,UKR,29.027,546,61,7-6(4) 7-6(7),3,R16,116,11,1,85,57,42,13,12,4,6,0,2,85,67,41,11,12,1,3
2016-3618,Astana,Hard,32,C,,20160731,25,D864,1,,Evgeny Donskoy,R,185,RUS,26.229,78,719,J513,,,Miki Jankovic,R,180,SRB,21.845,258,196,7-5 RET,3,QF,41,7,0,26,15,14,10,6,0,0,3,1,36,20,16,9,6,2,3
2016-3618,Astana,Hard,32,C,,20160731,26,I165,2,,Denis Istomin,R,185,UZB,29.897,108,571,MM58,6,,Daniil Medvedev,R,198,RUS,20.468,174,313,7-6(5) 7-6(5),3,QF,107,5,3,83,51,33,16,12,1,4,3,4,99,47,32,24,12,3,6
2016-3618,Astana,Hard,32,C,,20160731,27,K776,4,,Konstantin Kravchuk,R,191,RUS,31.433,103,598,LE01,7,,Duckhee Lee,R,170,KOR,18.174,194,283,6-4 7-6(5),3,QF,105,9,4,68,38,29,20,11,1,2,1,2,85,41,24,28,11,6,8
2016-3618,Astana,Hard,32,C,,20160731,28,I305,,,Ilya Ivashka,R,193,BLR,22.431,202,272,BK92,,,Alexander Bublik,R,196,KAZ,19.121,407,104,6-4 4-6 7-5,3,QF,127,3,4,97,60,42,17,16,2,6,5,7,105,56,38,20,16,7,12
2016-3618,Astana,Hard,32,C,,20160731,29,D864,1,,Evgeny Donskoy,R,185,RUS,26.229,78,719,I305,,,Ilya Ivashka,R,193,BLR,22.431,202,272,6-4 6-4,3,SF,68,5,2,48,25,22,18,10,0,0,4,2,57,38,28,10,10,4,6
2016-3618,Astana,Hard,32,C,,20160731,30,K776,4,,Konstantin Kravchuk,R,191,RUS,31.433,103,598,I165,2,,Denis Istomin,R,185,UZB,29.897,108,571,6-3 4-6 6-3,3,SF,139,7,4,95,56,41,22,14,6,7,4,3,105,61,40,23,14,7,10
2016-3618,Astana,Hard,32,C,,20160731,31,D864,1,,Evgeny Donskoy,R,185,RUS,26.229,78,719,K776,4,,Konstantin Kravchuk,R,191,RUS,31.433,103,598,6-3 6-3,3,F,62,3,1,46,25,18,16,9,3,4,3,3,50,27,15,12,9,2,6
2016-586,Lexington,,32,C,,20160731,1,ME82,1,,Adrian Mannarino,L,180,FRA,28.088,68,775,MI01,,,Hiroki Moriya,R,168,JPN,25.791,216,251,6-1 6-4,3,R32,,,,,,,,,,,,,,,,,,,
2016-586,Lexington,,32,C,,20160731,2,J267,2,,Malek Jaziri,R,185,TUN,32.528,62,812,BH02,,,Sekou Bangoura,R,183,USA,24.701,274,181,6-3 7-6(6),3,R32,,,,,,,,,,,,,,,,,,,
2016-586,Lexington,,32,C,,20160731,3,BA23,,,Brian Baker,R,191,USA,31.253,384,112,E687,3,,Daniel Evans,R,175,GBR,26.19,80,713,7-5 4-6 7-6(6),3,R32,,,,,,,,,,,,,,,,,,,
2016-586,Lexington,,32,C,,20160731,4,TC61,4,,Jordan Thompson,R,183,AUS,22.281,93,654,SQ48,,,Ryan Shane,R,193,USA,22.294,657,39,6-4 6-4,3,R32,,,,,,,,,,,,,,,,,,,
2016-586,Lexington,,32,C,,20160731,5,W630,,,Andrew Whittington,R,188,AUS,22.971,207,264,F811,5,,Bjorn Fratangelo,R,183,USA,23.034,115,529,6-3 6-2,3,R32,,,,,,,,,,,,,,,,,,,
2016-586,Lexington,,32,C,,20160731,6,MG84,,,Nicolas Meister,R,180,USA,27.211,290,167,HB64,6,,Quentin Halys,R,191,FRA,19.762,136,415,6-2 6-2,3,R32,,,,,,,,,,,,,,,,,,,
2016-586,Lexington,,32,C,,20160731,7,TD51,7,,Frances Tiafoe,R,188,USA,18.527,157,358,PL56,,,Tommy Paul,R,185,USA,19.206,210,258,6-3 6-1,3,R32,,,,,,,,,,,,,,,,,,,
2016-586,Lexington,,32,C,,20160731,8,KE64,8,,Stefan Kozlov,R,183,USA,18.494,159,351,G806,,,Andrey Golubev,R,180,KAZ,29.027,193,284,6-2 6-2,3,R32,,,,,,,,,,,,,,,,,,,
2016-586,Lexington,,32,C,,20160731,9,BI23,,,Liam Broady,L,183,GBR,22.571,275,179,BS17,,,William Bushamuka,R,185,USA,20.517,2022,1,6-2 6-2,3,R32,,,,,,,,,,,,,,,,,,,
2016-586,Lexington,,32,C,,20160731,10,E873,,,Ernesto Escobedo,R,185,MEX,20.074,264,189,CC32,,,Guilherme Clezar,R,180,BRA,23.581,200,274,6-3 7-6(4),3,R32,,,,,,,,,,,,,,,,,,,
2016-586,Lexington,,32,C,,20160731,11,GD08,,,Lloyd Glasspool,R,191,GBR,22.697,282,172,W503,,,James Ward,R,188,GBR,29.473,244,219,6-3 3-1 RET,3,R32,,,,,,,,,,,,,,,,,,,
2016-586,Lexington,,32,C,,20160731,12,K964,,,Brydan Klein,R,188,GBR,26.582,266,186,Q945,,,Eric Quigley,R,185,USA,27.499,431,97,6-3 6-4,3,R32,,,,,,,,,,,,,,,,,,,
2016-586,Lexington,,32,C,,20160731,13,KC12,,,Mitchell Krueger,R,188,USA,22.549,221,248,MK66,,,Mackenzie McDonald,R,178,USA,21.292,432,96,7-6(5) 6-2,3,R32,,,,,,,,,,,,,,,,,,,
2016-586,Lexington,,32,C,,20160731,14,K737,,,Alex Kuznetsov,R,183,USA,29.484,305,156,LB84,,,Juan Ignacio Londero,R,180,ARG,22.96,260,194,6-2 6-7(4) 6-4,3,R32,,,,,,,,,,,,,,,,,,,
2016-586,Lexington,,32,C,,20160731,15,N555,,,Daniel Nguyen,R,173,USA,25.791,235,230,W387,,,Jesse Witten,R,178,USA,33.793,1161,6,6-1 6-3,3,R32,,,,,,,,,,,,,,,,,,,
2016-586,Lexington,,32,C,,20160731,16,RB56,,,Ramkumar Ramanathan,R,188,IND,21.728,196,278,SM09,,,Luke Saville,R,188,AUS,22.576,238,227,4-6 6-2 6-1,3,R32,,,,,,,,,,,,,,,,,,,
2016-586,Lexington,,32,C,,20160731,17,KC12,,,Mitchell Krueger,R,188,USA,22.549,221,248,ME82,1,,Adrian Mannarino,L,180,FRA,28.088,68,775,6-2 1-6 6-4,3,R16,,,,,,,,,,,,,,,,,,,
2016-586,Lexington,,32,C,,20160731,18,N555,,,Daniel Nguyen,R,173,USA,25.791,235,230,J267,2,,Malek Jaziri,R,185,TUN,32.528,62,812,6-4 4-6 6-1,3,R16,,,,,,,,,,,,,,,,,,,
2016-586,Lexington,,32,C,,20160731,19,E873,,,Ernesto Escobedo,R,185,MEX,20.074,264,189,TC61,4,,Jordan Thompson,R,183,AUS,22.281,93,654,6-4 7-5,3,R16,,,,,,,,,,,,,,,,,,,
2016-586,Lexington,,32,C,,20160731,20,TD51,7,,Frances Tiafoe,R,188,USA,18.527,157,358,K964,,,Brydan Klein,R,188,GBR,26.582,266,186,6-4 3-6 6-4,3,R16,,,,,,,,,,,,,,,,,,,
2016-586,Lexington,,32,C,,20160731,21,K737,,,Alex Kuznetsov,R,183,USA,29.484,305,156,KE64,8,,Stefan Kozlov,R,183,USA,18.494,159,351,3-6 6-3 6-4,3,R16,,,,,,,,,,,,,,,,,,,
2016-586,Lexington,,32,C,,20160731,22,BA23,,,Brian Baker,R,191,USA,31.253,384,112,BI23,,,Liam Broady,L,183,GBR,22.571,275,179,6-4 6-3,3,R16,,,,,,,,,,,,,,,,,,,
2016-586,Lexington,,32,C,,20160731,23,GD08,,,Lloyd Glasspool,R,191,GBR,22.697,282,172,MG84,,,Nicolas Meister,R,180,USA,27.211,290,167,6-3 6-2,3,R16,,,,,,,,,,,,,,,,,,,
2016-586,Lexington,,32,C,,20160731,24,W630,,,Andrew Whittington,R,188,AUS,22.971,207,264,RB56,,,Ramkumar Ramanathan,R,188,IND,21.728,196,278,7-6(4) 4-6 6-4,3,R16,,,,,,,,,,,,,,,,,,,
2016-586,Lexington,,32,C,,20160731,25,TD51,7,,Frances Tiafoe,R,188,USA,18.527,157,358,KC12,,,Mitchell Krueger,R,188,USA,22.549,221,248,6-3 6-4,3,QF,,,,,,,,,,,,,,,,,,,
2016-586,Lexington,,32,C,,20160731,26,BA23,,,Brian Baker,R,191,USA,31.253,384,112,K737,,,Alex Kuznetsov,R,183,USA,29.484,305,156,6-4 6-7(7) 6-4,3,QF,,,,,,,,,,,,,,,,,,,
2016-586,Lexington,,32,C,,20160731,27,E873,,,Ernesto Escobedo,R,185,MEX,20.074,264,189,GD08,,,Lloyd Glasspool,R,191,GBR,22.697,282,172,6-7(7) 7-5 6-3,3,QF,,,,,,,,,,,,,,,,,,,
2016-586,Lexington,,32,C,,20160731,28,W630,,,Andrew Whittington,R,188,AUS,22.971,207,264,N555,,,Daniel Nguyen,R,173,USA,25.791,235,230,7-5 5-7 6-1,3,QF,,,,,,,,,,,,,,,,,,,
2016-586,Lexington,,32,C,,20160731,29,TD51,7,,Frances Tiafoe,R,188,USA,18.527,157,358,BA23,,,Brian Baker,R,191,USA,31.253,384,112,3-6 6-2 6-2,3,SF,,,,,,,,,,,,,,,,,,,
2016-586,Lexington,,32,C,,20160731,30,E873,,,Ernesto Escobedo,R,185,MEX,20.074,264,189,W630,,,Andrew Whittington,R,188,AUS,22.971,207,264,6-1 6-7(1) 6-1,3,SF,,,,,,,,,,,,,,,,,,,
2016-586,Lexington,,32,C,,20160731,31,E873,,,Ernesto Escobedo,R,185,MEX,20.074,264,189,TD51,7,,Frances Tiafoe,R,188,USA,18.527,157,358,6-2 6-7(6) 7-6(3),3,F,,,,,,,,,,,,,,,,,,,
2016-686,Scheveningen,Clay,32,C,,20160731,1,CA33,2,,Inigo Cervantes,R,180,ESP,26.667,81,713,V942,,,Tim van Rijthoven,R,188,NED,19.269,341,136,2-6 6-3 6-4,3,R32,105,7,4,89,44,30,22,14,4,8,4,3,73,40,31,12,13,4,8
2016-686,Scheveningen,Clay,32,C,,20160731,2,BF23,3,,Facundo Bagnis,L,183,ARG,26.423,91,657,V494,,,Antal Van Der Duim,R,185,NED,28.873,226,245,6-2 6-3,3,R32,65,5,1,53,31,25,15,9,3,3,1,1,51,37,20,8,8,5,8
2016-686,Scheveningen,Clay,32,C,,20160731,3,H756,4,,Robin Haase,R,191,NED,29.32,76,732,R750,,,Pere Riba,R,183,ESP,28.315,197,277,7-5 6-4,3,R32,91,5,3,59,35,29,15,11,2,3,4,2,84,39,30,17,11,8,11
2016-686,Scheveningen,Clay,32,C,,20160731,4,V717,,,Alexey Vatutin,R,178,RUS,23.759,280,173,O376,5,,Renzo Olivo,R,178,ARG,24.378,109,563,7-5 2-6 6-0,3,R32,115,1,3,88,54,36,16,13,5,9,2,0,84,60,34,11,13,3,9
2016-686,Scheveningen,Clay,32,C,,20160731,5,SJ22,,,Gleb Sakharov,R,185,FRA,28.14,268,184,SF36,6,,Igor Sijsling,R,191,NED,28.953,111,543,2-6 6-1 6-4,3,R32,95,1,3,85,45,30,20,13,5,8,7,3,79,44,29,16,12,8,12
2016-686,Scheveningen,Clay,32,C,,20160731,6,PG32,7,,Adam Pavlasek,R,185,CZE,21.812,113,539,GD91,,,Juan Ignacio Galarza,R,183,ARG,22.371,347,134,6-3 3-6 6-3,3,R32,96,5,2,79,44,33,15,14,1,4,7,3,80,48,32,15,13,2,6
2016-686,Scheveningen,Clay,32,C,,20160731,7,KD70,,,Pedja Krstin,R,183,SRB,21.908,199,274,M915,8,,Daniel Munoz de la Nava,L,175,ESP,34.502,134,426,7-5 6-3,3,R32,84,7,3,76,48,32,13,11,6,9,3,6,60,33,23,7,10,5,10
2016-686,Scheveningen,Clay,32,C,,20160731,8,LB66,9,,Constant Lestienne,R,180,FRA,24.189,175,310,SO86,,,Robin Stanek,L,188,CZE,21.574,261,191,3-6 6-4 6-0,3,R32,123,2,3,86,49,35,17,13,4,7,2,5,88,45,24,20,12,9,14
2016-686,Scheveningen,Clay,32,C,,20160731,9,GJ37,,,Tallon Griekspoor,R,188,NED,20.079,482,79,L430,,,Giovanni Lapentti,R,193,ECU,33.514,332,142,3-6 6-2 6-2,3,R32,123,7,4,78,50,36,14,12,4,6,3,5,101,58,34,21,13,10,15
2016-686,Scheveningen,Clay,32,C,,20160731,10,H704,,,Jesse Huta Galung,R,,NED,30.817,464,86,V620,,,Agustin Velotti,R,,ARG,24.186,251,210,6-3 6-4,3,R32,75,14,1,65,34,29,18,10,2,2,0,1,62,42,27,12,9,4,6
2016-686,Scheveningen,Clay,32,C,,20160731,11,MQ75,,,Kamil Majchrzak,R,183,POL,20.548,313,152,GC54,,,Scott Griekspoor,R,188,NED,25.555,320,147,6-2 7-5,3,R32,78,6,0,46,32,29,12,10,0,0,4,4,69,34,22,17,10,7,10
2016-686,Scheveningen,Clay,32,C,,20160731,12,RA82,,,Yannik Reuter,R,,BEL,25.405,248,212,HA71,,,Antoine Hoang,R,183,FRA,20.739,494,74,7-6(3) 7-5,3,R32,113,2,1,82,43,27,21,12,4,8,1,3,72,39,26,13,12,3,8
2016-686,Scheveningen,Clay,32,C,,20160731,13,S483,,,Pedro Sousa,R,180,POR,28.178,233,235,SH77,,,Artem Smirnov,L,188,UKR,28.493,295,163,6-2 6-1,3,R32,50,2,2,46,30,23,9,7,3,3,1,2,47,28,13,7,8,1,6
2016-686,Scheveningen,Clay,32,C,,20160731,14,T911,,,Peter Torebko,R,185,GER,28.471,422,100,V691,,,George Von Massow,R,198,GER,26.363,599,50,2-6 6-2 7-5,3,R32,118,7,3,89,53,36,13,14,2,8,3,4,97,59,34,16,14,6,13
2016-686,Scheveningen,Clay,32,C,,20160731,15,TE51,,,Stefanos Tsitsipas,R,193,GRE,17.969,339,137,D935,,,Gibril Diarra,R,196,AUT,26.182,742,29,7-6(4) 7-6(2),3,R32,104,8,4,70,35,30,23,12,1,2,1,0,81,49,34,17,12,5,6
2016-686,Scheveningen,Clay,32,C,,20160731,16,W483,,,Boy Westerhof,R,185,NED,30.768,1054,9,T984,,,Bastian Trinker,R,188,AUT,26.223,269,184,5-7 6-3 6-1,3,R32,103,7,4,84,41,33,26,14,4,5,9,4,99,73,46,11,14,7,11
2016-686,Scheveningen,Clay,32,C,,20160731,17,RA82,,,Yannik Reuter,R,,BEL,25.405,248,212,CA33,2,,Inigo Cervantes,R,180,ESP,26.667,81,713,7-6(4) 7-6(4),3,R16,120,3,4,78,34,30,25,12,4,6,14,2,96,51,37,22,12,4,6
2016-686,Scheveningen,Clay,32,C,,20160731,18,GJ37,,,Tallon Griekspoor,R,188,NED,20.079,482,79,BF23,3,,Facundo Bagnis,L,183,ARG,26.423,91,657,7-6(4) 6-4,3,R16,100,8,2,74,34,26,23,11,4,5,8,4,78,49,32,16,11,5,7
2016-686,Scheveningen,Clay,32,C,,20160731,19,H756,4,,Robin Haase,R,191,NED,29.32,76,732,TE51,,,Stefanos Tsitsipas,R,193,GRE,17.969,339,137,6-4 1-6 6-1,3,R16,85,2,4,63,31,22,19,12,2,5,6,2,74,38,25,20,12,4,8
2016-686,Scheveningen,Clay,32,C,,20160731,20,PG32,7,,Adam Pavlasek,R,185,CZE,21.812,113,539,T911,,,Peter Torebko,R,185,GER,28.471,422,100,6-3 6-2,3,R16,68,3,0,63,40,29,11,9,8,9,2,5,47,28,16,8,8,2,6
2016-686,Scheveningen,Clay,32,C,,20160731,21,LB66,9,,Constant Lestienne,R,180,FRA,24.189,175,310,H704,,,Jesse Huta Galung,R,,NED,30.817,464,86,6-2 6-1,3,R16,71,1,5,55,28,19,14,8,2,4,2,7,54,15,9,11,7,4,10
2016-686,Scheveningen,Clay,32,C,,20160731,22,S483,,,Pedro Sousa,R,180,POR,28.178,233,235,SJ22,,,Gleb Sakharov,R,185,FRA,28.14,268,184,2-6 6-4 6-4,3,R16,110,5,3,89,59,40,18,14,4,6,2,0,78,43,31,22,14,0,2
2016-686,Scheveningen,Clay,32,C,,20160731,23,V717,,,Alexey Vatutin,R,178,RUS,23.759,280,173,MQ75,,,Kamil Majchrzak,R,183,POL,20.548,313,152,5-7 7-6(5) 6-1,3,R16,141,2,6,96,64,40,18,15,4,8,6,1,110,59,40,20,16,5,11
2016-686,Scheveningen,Clay,32,C,,20160731,24,W483,,,Boy Westerhof,R,185,NED,30.768,1054,9,KD70,,,Pedja Krstin,R,183,SRB,21.908,199,274,6-3 6-4,3,R16,65,5,3,50,22,19,16,10,0,2,3,5,57,30,20,13,9,5,9
2016-686,Scheveningen,Clay,32,C,,20160731,25,H756,4,,Robin Haase,R,191,NED,29.32,76,732,V717,,,Alexey Vatutin,R,178,RUS,23.759,280,173,6-1 6-1,3,QF,42,9,1,39,25,22,8,7,0,0,0,2,38,22,11,5,7,0,5
2016-686,Scheveningen,Clay,32,C,,20160731,26,PG32,7,,Adam Pavlasek,R,185,CZE,21.812,113,539,GJ37,,,Tallon Griekspoor,R,188,NED,20.079,482,79,4-6 7-5 6-3,3,QF,126,6,3,109,57,46,23,16,8,11,2,8,102,59,41,23,15,5,9
2016-686,Scheveningen,Clay,32,C,,20160731,27,LB66,9,,Constant Lestienne,R,180,FRA,24.189,175,310,W483,,,Boy Westerhof,R,185,NED,30.768,1054,9,6-4 6-3,3,QF,66,2,5,74,45,32,12,10,7,9,6,1,49,26,21,5,9,2,6
2016-686,Scheveningen,Clay,32,C,,20160731,28,RA82,,,Yannik Reuter,R,,BEL,25.405,248,212,S483,,,Pedro Sousa,R,180,POR,28.178,233,235,2-6 6-4 6-4,3,QF,118,2,1,93,50,29,20,14,8,14,5,5,87,48,30,16,14,9,15
2016-686,Scheveningen,Clay,32,C,,20160731,29,H756,4,,Robin Haase,R,191,NED,29.32,76,732,LB66,9,,Constant Lestienne,R,180,FRA,24.189,175,310,6-3 6-3,3,SF,50,10,0,42,27,25,12,9,1,1,5,9,58,24,21,10,9,2,5
2016-686,Scheveningen,Clay,32,C,,20160731,30,PG32,7,,Adam Pavlasek,R,185,CZE,21.812,113,539,RA82,,,Yannik Reuter,R,,BEL,25.405,248,212,7-6(6) 6-4,3,SF,107,11,4,79,48,33,14,11,5,9,2,6,87,47,31,15,11,7,12
2016-686,Scheveningen,Clay,32,C,,20160731,31,H756,4,,Robin Haase,R,191,NED,29.32,76,732,PG32,7,,Adam Pavlasek,R,185,CZE,21.812,113,539,6-4 6-7(9) 6-2,3,F,125,5,6,100,58,45,24,15,3,4,6,8,121,64,47,28,15,7,11
2016-7085,Biella,Clay,32,C,,20160731,1,L503,,,Paolo Lorenzi,R,183,ITA,34.626,41,1145,V254,,,Filippo Volandri,R,183,ITA,34.902,215,251,6-0 3-6 6-1,3,R32,102,5,2,62,27,19,24,11,4,6,0,1,82,43,23,18,11,7,13
2016-7085,Biella,Clay,32,C,,20160731,2,BD20,2,,Thomaz Bellucci,L,188,BRA,28.586,52,905,CE25,,,Salvatore Caruso,R,185,ITA,23.625,286,171,3-2 RET,3,R32,14,3,0,12,8,5,4,2,2,2,0,0,15,5,3,6,3,1,2
2016-7085,Biella,Clay,32,C,,20160731,3,L987,3,,Dusan Lajovic,R,183,SRB,26.086,71,761,RE44,,,Andrey Rublev,R,188,RUS,18.779,191,286,6-4 7-6(7),3,R32,106,5,2,77,48,35,14,11,3,5,2,3,73,42,31,14,11,1,4
2016-7085,Biella,Clay,32,C,,20160731,4,B884,4,,Carlos Berlocq,R,183,ARG,33.489,74,741,CC66,,,Andrea Collarini,L,183,ARG,24.498,440,93,7-5 6-3,3,R32,105,8,4,63,39,28,13,11,2,5,0,4,64,30,18,16,10,5,10
2016-7085,Biella,Clay,32,C,,20160731,5,KE29,5,,Karen Khachanov,R,198,RUS,20.194,95,627,A622,,,Andrea Arnaboldi,L,180,ITA,28.594,204,268,3-6 6-3 6-1,3,R32,94,7,5,66,41,33,14,12,0,1,1,4,86,47,30,20,13,13,17
2016-7085,Biella,Clay,32,C,,20160731,6,MF35,6,,Andrej Martin,R,183,SVK,26.861,98,614,LA94,,,Christian Lindell,R,193,SWE,24.695,356,126,6-3 6-3,3,R32,87,1,2,55,38,26,10,9,4,5,8,6,71,32,22,13,9,12,16
2016-7085,Biella,Clay,32,C,,20160731,7,TA29,7,,Marco Trungelliti,R,178,ARG,26.497,126,461,BK68,,,Francisco Bahamonde,R,185,ITA,19.729,373,120,7-6(0) 6-3,3,R32,112,3,4,81,40,30,25,11,8,9,2,3,70,38,26,14,10,4,6
2016-7085,Biella,Clay,32,C,,20160731,8,KC56,,,Aslan Karatsev,R,185,RUS,22.905,208,264,BC72,8,,Daniel Brands,R,196,GER,29.04,143,408,6-1 6-7(9) 6-1,3,R32,144,7,5,107,71,56,17,14,9,9,7,3,94,66,44,11,12,8,12
2016-7085,Biella,Clay,32,C,,20160731,9,A887,,,Guido Andreozzi,R,183,ARG,24.988,142,409,G983,,,Alessandro Giannessi,L,185,ITA,26.171,222,246,6-3 6-1,3,R32,80,4,4,56,33,26,13,8,2,2,2,2,61,30,18,12,8,2,6
2016-7085,Biella,Clay,32,C,,20160731,10,BE68,,,Tomislav Brkic,R,185,BIH,26.396,366,123,Q948,,,Gianluigi Quinzi,L,191,ITA,20.496,338,137,6-3 2-6 6-1,3,R32,117,9,6,96,52,40,18,12,7,9,2,3,70,39,29,14,12,8,12
2016-7085,Biella,Clay,32,C,,20160731,11,DA67,,,Matteo Donati,R,185,ITA,21.421,265,189,PB37,,,Hans Podlipnik-Castillo,R,183,CHI,28.559,277,176,6-3 6-4,3,R32,66,4,1,60,49,35,6,10,6,7,3,3,58,30,23,9,9,4,7
2016-7085,Biella,Clay,32,C,,20160731,12,GB53,,,Federico Gaio,R,178,ITA,24.405,213,254,LB07,,,Gonzalo Lama,R,180,CHI,23.261,164,339,7-5 4-0 RET,3,R32,67,5,1,43,31,23,8,8,0,1,1,0,50,34,19,7,8,4,8
2016-7085,Biella,Clay,32,C,,20160731,13,GB61,,,Viktor Galovic,R,193,CRO,25.864,602,49,L941,,,Michael Linzer,R,180,AUT,26.743,331,142,4-6 6-3 6-2,3,R32,139,11,4,91,50,37,24,14,6,7,4,4,81,54,36,13,13,4,7
2016-7085,Biella,Clay,32,C,,20160731,14,LA93,,,Enrique Lopez Perez,R,180,ESP,25.161,188,289,KC29,,,Nicolas Kicker,R,178,ARG,23.956,135,425,7-6(6) 4-6 7-6(5),3,R32,153,11,7,118,69,49,24,17,2,5,3,1,102,74,52,19,17,0,2
2016-7085,Biella,Clay,32,C,,20160731,15,N679,,,Stefano Napolitano,R,196,ITA,21.306,256,198,Y218,,,Elias Ymer,R,185,SWE,20.307,146,402,6-4 6-4,3,R32,95,4,1,59,37,28,15,10,4,4,3,3,65,41,32,10,10,6,8
2016-7085,Biella,Clay,32,C,,20160731,16,SG64,,,Joao Souza,R,193,BRA,28.178,177,309,ML57,,,Gianluca Mager,R,188,ITA,21.665,315,151,7-5 6-7(5) 6-4,3,R32,181,7,1,101,65,49,20,17,3,5,9,8,131,70,49,31,17,7,11
2016-7085,Biella,Clay,32,C,,20160731,17,SG64,,,Joao Souza,R,193,BRA,28.178,177,309,L503,,,Paolo Lorenzi,R,183,ITA,34.626,41,1145,6-4 7-5,3,R16,91,4,1,58,40,27,10,11,1,4,3,3,56,29,17,12,11,2,7
2016-7085,Biella,Clay,32,C,,20160731,18,BD20,2,,Thomaz Bellucci,L,188,BRA,28.586,52,905,BE68,,,Tomislav Brkic,R,185,BIH,26.396,366,123,6-3 4-6 6-0,3,R16,102,3,4,75,46,35,15,12,6,8,1,6,69,42,23,12,13,1,7
2016-7085,Biella,Clay,32,C,,20160731,19,L987,3,,Dusan Lajovic,R,183,SRB,26.086,71,761,DA67,,,Matteo Donati,R,185,ITA,21.421,265,189,4-6 7-5 6-3,3,R16,130,4,2,96,64,45,22,16,4,5,2,2,101,63,42,23,15,5,7
2016-7085,Biella,Clay,32,C,,20160731,20,LA93,,,Enrique Lopez Perez,R,180,ESP,25.161,188,289,B884,4,,Carlos Berlocq,R,183,ARG,33.489,74,741,6-4 3-6 7-6(5),3,R16,178,4,5,117,69,46,27,15,15,17,7,2,95,58,41,21,16,3,5
2016-7085,Biella,Clay,32,C,,20160731,21,N679,,,Stefano Napolitano,R,196,ITA,21.306,256,198,KE29,5,,Karen Khachanov,R,198,RUS,20.194,95,627,7-5 3-6 6-2,3,R16,140,6,4,101,59,41,21,15,6,9,9,5,95,51,38,20,14,9,13
2016-7085,Biella,Clay,32,C,,20160731,22,MF35,6,,Andrej Martin,R,183,SVK,26.861,98,614,GB61,,,Viktor Galovic,R,193,CRO,25.864,602,49,3-6 6-1 6-4,3,R16,98,5,1,69,53,35,12,13,3,5,3,3,72,47,31,14,13,1,5
2016-7085,Biella,Clay,32,C,,20160731,23,GB53,,,Federico Gaio,R,178,ITA,24.405,213,254,TA29,7,,Marco Trungelliti,R,178,ARG,26.497,126,461,6-4 7-6(5),3,R16,113,3,6,90,56,42,16,11,13,14,3,6,80,43,33,15,11,4,6
2016-7085,Biella,Clay,32,C,,20160731,24,A887,,,Guido Andreozzi,R,183,ARG,24.988,142,409,KC56,,,Aslan Karatsev,R,185,RUS,22.905,208,264,6-2 6-2,3,R16,69,3,2,48,35,29,7,8,3,3,1,4,49,28,19,7,8,2,6
2016-7085,Biella,Clay,32,C,,20160731,25,BD20,2,,Thomaz Bellucci,L,188,BRA,28.586,52,905,A887,,,Guido Andreozzi,R,183,ARG,24.988,142,409,6-7(6) 6-3 6-3,3,QF,146,3,3,91,49,39,22,15,3,5,3,2,99,66,39,18,15,3,8
2016-7085,Biella,Clay,32,C,,20160731,26,N679,,,Stefano Napolitano,R,196,ITA,21.306,256,198,L987,3,,Dusan Lajovic,R,183,SRB,26.086,71,761,1-6 6-3 6-3,3,QF,105,1,5,76,43,26,20,12,6,9,3,1,79,45,32,17,13,2,6
2016-7085,Biella,Clay,32,C,,20160731,27,SG64,,,Joao Souza,R,193,BRA,28.178,177,309,MF35,6,,Andrej Martin,R,183,SVK,26.861,98,614,7-6(3) 6-1,3,QF,120,6,3,86,52,40,16,10,4,4,1,2,60,39,25,11,9,3,5
2016-7085,Biella,Clay,32,C,,20160731,28,GB53,,,Federico Gaio,R,178,ITA,24.405,213,254,LA93,,,Enrique Lopez Perez,R,180,ESP,25.161,188,289,5-7 7-6(6) 6-3,3,QF,155,8,2,107,60,40,30,17,6,9,3,8,104,62,43,22,16,7,10
2016-7085,Biella,Clay,32,C,,20160731,29,BD20,2,,Thomaz Bellucci,L,188,BRA,28.586,52,905,N679,,,Stefano Napolitano,R,196,ITA,21.306,256,198,3-6 6-3 6-3,3,SF,128,10,5,77,51,37,17,13,4,5,5,3,110,69,43,22,14,10,13
2016-7085,Biella,Clay,32,C,,20160731,30,GB53,,,Federico Gaio,R,178,ITA,24.405,213,254,SG64,,,Joao Souza,R,193,BRA,28.178,177,309,2-6 7-6(7) 6-4,3,SF,153,8,5,104,58,40,22,15,7,11,14,4,91,53,38,22,15,6,9
2016-7085,Biella,Clay,32,C,,20160731,31,GB53,,,Federico Gaio,R,178,ITA,24.405,213,254,BD20,2,,Thomaz Bellucci,L,188,BRA,28.586,52,905,7-6(5) 6-2,3,F,101,8,3,73,36,26,21,10,2,3,2,7,76,44,28,15,10,4,7
2016-783,Segovia,Hard,32,C,,20160731,1,A479,,,Nicolas Almagro,R,183,ESP,30.943,46,1004,J620,,,Maxime Janvier,R,196,FRA,19.784,357,126,6-3 6-2,3,R32,59,8,0,43,22,19,17,9,0,0,5,5,55,22,15,16,8,5,8
2016-783,Segovia,Hard,32,C,,20160731,2,R685,2,,Lukas Rosol,R,193,CZE,31.02,83,705,DC76,,,Viktor Durasovic,R,185,NOR,19.368,706,33,6-4 6-4,3,R32,68,3,4,64,38,26,18,10,3,3,6,5,62,36,28,10,10,3,5
2016-783,Segovia,Hard,32,C,,20160731,3,ME89,3,,Illya Marchenko,R,185,UKR,28.895,72,752,DH58,,,Alex de Minaur,R,183,AUS,17.451,668,38,6-4 6-4,3,R32,85,2,1,54,28,21,18,10,1,2,4,4,70,43,26,14,10,10,13
2016-783,Segovia,Hard,32,C,,20160731,4,SQ80,,,Akira Santillan,R,180,AUS,19.192,293,165,C582,4,,Marco Chiudinelli,R,185,SUI,34.888,125,463,4-6 6-4 6-3,3,R32,116,9,3,82,36,31,27,14,1,2,4,5,97,55,37,23,15,4,7
2016-783,Segovia,Hard,32,C,,20160731,5,BE67,5,,Mirza Basic,R,188,BIH,25.054,160,348,CB14,,,Daniel Cox,R,170,GBR,25.84,563,57,6-2 6-2,3,R32,60,3,2,42,26,22,8,8,0,1,2,6,54,26,14,11,8,3,8
2016-783,Segovia,Hard,32,C,,20160731,6,V495,,,Luca Vanni,R,198,ITA,31.157,170,322,J397,6,,Jerzy Janowicz,R,203,POL,25.714,154,366,2-6 7-6(3) 7-5,3,R32,149,17,7,111,64,53,21,16,5,8,11,9,108,60,47,22,16,7,9
2016-783,Segovia,Hard,32,C,,20160731,7,D750,7,,Kenny De Schepper,L,203,FRA,29.175,156,362,BM43,,,Remi Boutillier,R,188,FRA,26.541,470,83,6-3 6-3,3,R32,79,5,5,64,38,29,14,9,4,4,1,3,58,25,15,17,9,3,6
2016-783,Segovia,Hard,32,C,,20160731,8,F724,8,,Marton Fucsovics,R,188,HUN,24.476,167,330,SD78,,,Alexandre Sidorenko,R,185,FRA,28.449,240,226,7-6(1) 6-2,3,R32,66,2,6,65,29,22,23,10,7,8,1,8,55,29,20,11,10,1,4
2016-783,Segovia,Hard,32,C,,20160731,9,BE54,,,Ruben Bemelmans,L,183,BEL,28.545,169,323,PG13,,,Jaume Pla Malfeito,R,,ESP,21.161,550,61,6-0 6-3,3,R32,51,3,3,44,20,17,16,8,2,2,1,6,45,23,15,7,7,2,6
2016-783,Segovia,Hard,32,C,,20160731,10,H712,,,Jorge Hernando Ruano,R,183,ESP,29.161,756,28,SK47,,,Mohamed Safwat,R,180,EGY,25.864,220,248,6-2 6-3,3,R32,69,5,2,50,33,29,9,9,0,0,5,5,71,39,25,13,8,5,8
2016-783,Segovia,Hard,32,C,,20160731,11,K906,,,Michal Konecny,L,183,CZE,26.798,285,172,G753,,,David Guez,R,185,FRA,33.645,243,220,5-7 6-2 7-5,3,R32,136,8,12,106,59,39,23,16,11,15,2,4,105,62,35,24,16,4,10
2016-783,Segovia,Hard,32,C,,20160731,12,MB53,,,Adrian Menendez-Maceiras,R,183,ESP,30.757,228,242,SI36,,,Eduardo Struvay,R,,COL,25.621,172,318,6-7(3) 6-2 6-4,3,R32,126,6,1,94,63,48,21,15,5,5,16,2,92,50,37,25,15,3,6
2016-783,Segovia,Hard,32,C,,20160731,13,MG08,,,Yannick Mertens,R,185,BEL,29.101,253,207,V886,,,Pablo Vivero Gonzalez,R,193,ESP,21.265,287,170,6-4 6-2,3,R32,54,7,2,46,26,23,13,9,0,0,4,7,60,31,22,12,9,1,4
2016-783,Segovia,Hard,32,C,,20160731,14,O340,,,Roberto Ortega-Olmedo,R,168,ESP,25.254,316,151,HA28,,,Filip Horansky,R,191,SVK,23.562,311,153,6-1 6-3,3,R32,49,0,5,45,25,22,11,8,3,4,2,4,49,29,16,6,8,5,10
2016-783,Segovia,Hard,32,C,,20160731,15,SF41,,,Aldin Setkic,R,191,BIH,28.611,203,268,O411,,,Albano Olivetti,R,203,FRA,24.684,513,69,6-3 7-6(4),3,R32,101,3,3,77,55,40,12,11,2,3,14,13,65,26,24,16,10,1,3
2016-783,Segovia,Hard,32,C,,20160731,16,V426,,,Ricardo Villacorta-Alonso,,,ESP,31.269,972,13,MF09,,,Nikola Mektic,R,183,CRO,27.6,291,166,6-4 6-4,3,R32,88,5,0,63,46,32,12,10,3,3,9,2,73,45,30,14,10,7,9
2016-783,Segovia,Hard,32,C,,20160731,17,A479,,,Nicolas Almagro,R,183,ESP,30.943,46,1004,V426,,,Ricardo Villacorta-Alonso,,,ESP,31.269,972,13,7-5 6-4,3,R16,76,13,3,57,28,25,18,11,1,2,8,4,68,37,26,14,11,2,5
2016-783,Segovia,Hard,32,C,,20160731,18,MB53,,,Adrian Menendez-Maceiras,R,183,ESP,30.757,228,242,R685,2,,Lukas Rosol,R,193,CZE,31.02,83,705,6-3 6-7(3) 6-4,3,R16,137,6,0,99,66,53,17,15,3,3,17,6,105,63,48,20,16,4,7
2016-783,Segovia,Hard,32,C,,20160731,19,ME89,3,,Illya Marchenko,R,185,UKR,28.895,72,752,BE54,,,Ruben Bemelmans,L,183,BEL,28.545,169,323,6-3 6-4,3,R16,64,4,1,49,32,29,11,10,0,0,7,4,55,37,27,7,9,1,3
2016-783,Segovia,Hard,32,C,,20160731,20,BE67,5,,Mirza Basic,R,188,BIH,25.054,160,348,K906,,,Michal Konecny,L,183,CZE,26.798,285,172,6-4 6-3,3,R16,62,2,0,44,30,25,11,9,0,0,2,3,63,40,28,8,10,3,6
2016-783,Segovia,Hard,32,C,,20160731,21,D750,7,,Kenny De Schepper,L,203,FRA,29.175,156,362,O340,,,Roberto Ortega-Olmedo,R,168,ESP,25.254,316,151,6-3 6-3,3,R16,60,4,2,42,31,27,6,9,0,1,0,5,58,30,19,12,9,5,9
2016-783,Segovia,Hard,32,C,,20160731,22,F724,8,,Marton Fucsovics,R,188,HUN,24.476,167,330,SF41,,,Aldin Setkic,R,191,BIH,28.611,203,268,6-2 6-2,3,R16,54,10,3,42,24,23,9,8,0,0,1,1,50,33,17,9,8,1,5
2016-783,Segovia,Hard,32,C,,20160731,23,SQ80,,,Akira Santillan,R,180,AUS,19.192,293,165,H712,,,Jorge Hernando Ruano,R,183,ESP,29.161,756,28,6-4 6-0,3,R16,44,7,3,36,20,16,12,8,0,1,4,2,49,21,14,9,8,1,6
2016-783,Segovia,Hard,32,C,,20160731,24,V495,,,Luca Vanni,R,198,ITA,31.157,170,322,MG08,,,Yannick Mertens,R,185,BEL,29.101,253,207,6-7(4) 6-0 6-3,3,R16,108,11,4,90,63,48,15,14,3,4,3,2,83,58,37,10,13,2,7
2016-783,Segovia,Hard,32,C,,20160731,25,BE67,5,,Mirza Basic,R,188,BIH,25.054,160,348,A479,,,Nicolas Almagro,R,183,ESP,30.943,46,1004,5-7 7-6(5) 7-6(4),3,QF,112,6,3,119,70,54,29,18,3,5,31,5,101,60,56,23,18,2,3
2016-783,Segovia,Hard,32,C,,20160731,26,ME89,3,,Illya Marchenko,R,185,UKR,28.895,72,752,D750,7,,Kenny De Schepper,L,203,FRA,29.175,156,362,7-5 6-4,3,QF,87,2,2,60,30,22,19,11,2,4,6,4,68,43,27,14,11,4,8
2016-783,Segovia,Hard,32,C,,20160731,27,F724,8,,Marton Fucsovics,R,188,HUN,24.476,167,330,MB53,,,Adrian Menendez-Maceiras,R,183,ESP,30.757,228,242,6-4 6-7(7) 6-4,3,QF,153,14,5,101,58,46,23,16,8,10,5,4,115,78,54,17,16,10,14
2016-783,Segovia,Hard,32,C,,20160731,28,V495,,,Luca Vanni,R,198,ITA,31.157,170,322,SQ80,,,Akira Santillan,R,180,AUS,19.192,293,165,7-6(5) 6-3,3,QF,89,5,0,68,43,33,18,11,3,3,6,9,68,34,27,17,10,5,6
2016-783,Segovia,Hard,32,C,,20160731,29,ME89,3,,Illya Marchenko,R,185,UKR,28.895,72,752,F724,8,,Marton Fucsovics,R,188,HUN,24.476,167,330,6-3 6-4,3,SF,81,2,4,59,24,18,23,10,4,5,6,4,57,28,20,12,9,2,5
2016-783,Segovia,Hard,32,C,,20160731,30,V495,,,Luca Vanni,R,198,ITA,31.157,170,322,BE67,5,,Mirza Basic,R,188,BIH,25.054,160,348,6-4 6-3,3,SF,70,3,2,52,34,23,11,9,0,1,3,0,60,39,23,11,10,5,9
2016-783,Segovia,Hard,32,C,,20160731,31,V495,,,Luca Vanni,R,198,ITA,31.157,170,322,ME89,3,,Illya Marchenko,R,185,UKR,28.895,72,752,6-4 3-6 6-3,3,F,144,6,7,87,45,33,21,14,4,8,2,8,87,43,29,20,14,4,9
2016-6795,Liberec,Clay,32,C,,20160807,1,U061,,,Adrian Ungur,R,178,ROU,31.54,203,272,PG32,1,,Adam Pavlasek,R,185,CZE,21.832,104,594,4-6 6-4 3-0 RET,3,R32,101,1,3,63,43,23,13,11,0,4,10,2,93,56,35,11,12,11,17
2016-6795,Liberec,Clay,32,C,,20160807,2,D632,,,Steve Darcis,R,175,BEL,32.402,134,434,GB93,,,Norbert Gombos,R,193,SVK,25.985,313,152,6-3 3-6 6-3,3,R32,111,4,1,81,39,30,22,13,4,7,2,9,96,51,33,20,14,7,12
2016-6795,Liberec,Clay,32,C,,20160807,3,KC29,3,,Nicolas Kicker,R,178,ARG,23.975,153,385,E688,,,Markus Eriksson,R,188,SWE,26.689,412,103,6-2 6-4,3,R32,82,2,2,56,33,21,12,9,2,5,0,4,64,39,21,8,9,9,15
2016-6795,Liberec,Clay,32,C,,20160807,4,G725,4,,Santiago Giraldo,R,188,COL,28.695,135,429,MI11,,,Axel Michon,L,,FRA,25.643,233,237,6-2 6-4,3,R32,85,2,1,50,35,25,11,9,3,4,3,1,76,52,30,9,9,11,15
2016-6795,Liberec,Clay,32,C,,20160807,5,CG33,5,,Kimmer Coppejans,R,178,BEL,22.497,159,363,KH56,,,Zdenek Kolar,R,183,CZE,19.828,257,199,2-6 6-3 7-5,3,R32,124,2,9,105,71,43,10,14,10,17,4,5,84,43,24,14,15,2,10
2016-6795,Liberec,Clay,32,C,,20160807,6,L949,6,,Henri Laaksonen,R,185,SUI,24.353,162,353,MQ75,,,Kamil Majchrzak,R,183,POL,20.567,302,160,6-4 6-4,3,R32,80,1,4,61,38,27,12,10,2,4,3,3,70,34,20,16,10,3,7
2016-6795,Liberec,Clay,32,C,,20160807,7,D981,7,,Arthur De Greef,R,183,BEL,24.364,175,319,KE36,,,Dominik Kellovsky,R,183,CZE,20.038,591,51,7-6(6) 4-6 6-2,3,R32,125,7,3,90,57,44,19,15,0,2,8,6,104,54,40,24,15,6,9
2016-6795,Liberec,Clay,32,C,,20160807,8,DA86,,,Joris De Loore,R,191,BEL,23.296,235,234,LB66,8,,Constant Lestienne,R,180,FRA,24.208,165,343,4-6 6-4 7-6(2),3,R32,126,8,1,104,60,45,21,16,5,9,3,4,100,59,40,21,16,3,7
2016-6795,Liberec,Clay,32,C,,20160807,9,BH76,,,Riccardo Bellotti,R,,ITA,25.008,278,177,SO86,,,Robin Stanek,L,188,CZE,21.593,266,191,7-5 6-7(5) 6-4,3,R32,162,2,0,121,85,55,18,17,6,10,7,4,125,74,49,22,17,12,18
2016-6795,Liberec,Clay,32,C,,20160807,10,BK19,,,Mathias Bourgue,R,188,FRA,22.552,192,289,SX81,,,Carl Soderlund,R,188,SWE,19.179,423,99,4-6 6-2 7-6(6),3,R32,141,4,4,103,68,47,20,15,6,8,8,3,104,66,44,21,15,6,9
2016-6795,Liberec,Clay,32,C,,20160807,11,GB13,,,Germain Gigounon,R,178,BEL,27.299,327,144,SH91,,,Jordi Samper-Montana,R,,ESP,26.341,208,261,6-3 6-2,3,R32,83,1,0,61,49,30,6,9,4,6,0,1,55,24,15,10,8,9,14
2016-6795,Liberec,Clay,32,C,,20160807,12,M762,,,Jurgen Melzer,L,183,AUT,35.211,328,143,K771,,,Marsel Ilhan,R,191,TUR,29.158,234,235,3-6 6-3 6-2,3,R32,103,9,2,80,47,32,21,13,7,9,3,8,96,51,35,21,13,6,10
2016-6795,Liberec,Clay,32,C,,20160807,13,PG20,,,Dmitry Popko,R,191,KAZ,19.786,238,229,DB59,,,Dennis Novak,R,183,AUT,22.943,204,270,1-6 6-4 6-0,3,R32,76,2,5,71,43,29,13,12,4,8,1,1,67,44,25,10,11,5,10
2016-6795,Liberec,Clay,32,C,,20160807,14,SN77,,,Vaclav Safranek,R,183,CZE,22.218,344,136,J513,,,Miki Jankovic,R,180,SRB,21.864,256,204,4-6 6-2 6-3,3,R32,93,5,1,81,49,37,17,14,2,3,7,0,68,40,33,13,13,1,4
2016-6795,Liberec,Clay,32,C,,20160807,15,S483,,,Pedro Sousa,R,180,POR,28.197,224,245,G602,,,Andre Ghem,R,193,BRA,34.193,254,209,7-5 6-7(2) 7-6(4),3,R32,145,1,4,116,78,50,24,18,7,11,5,0,116,64,47,26,18,3,8
2016-6795,Liberec,Clay,32,C,,20160807,16,V717,,,Alexey Vatutin,R,178,RUS,23.778,270,187,Z246,,,Miljan Zekic,R,185,SRB,28.071,198,279,6-3 6-3,3,R32,82,0,3,63,39,26,13,9,3,4,3,3,59,32,20,11,9,7,11
2016-6795,Liberec,Clay,32,C,,20160807,17,D632,,,Steve Darcis,R,175,BEL,32.402,134,434,M762,,,Jurgen Melzer,L,183,AUT,35.211,328,143,6-3 6-2,3,R16,64,6,3,44,26,20,10,8,1,2,3,2,65,39,21,10,9,8,13
2016-6795,Liberec,Clay,32,C,,20160807,18,S483,,,Pedro Sousa,R,180,POR,28.197,224,245,KC29,3,,Nicolas Kicker,R,178,ARG,23.975,153,385,6-4 6-4,3,R16,74,4,4,70,40,32,12,10,5,6,1,1,55,37,26,8,10,1,4
2016-6795,Liberec,Clay,32,C,,20160807,19,GB13,,,Germain Gigounon,R,178,BEL,27.299,327,144,G725,4,,Santiago Giraldo,R,188,COL,28.695,135,429,6-4 6-3,3,R16,75,3,2,56,39,26,12,10,3,5,1,0,53,34,16,12,9,5,9
2016-6795,Liberec,Clay,32,C,,20160807,20,SN77,,,Vaclav Safranek,R,183,CZE,22.218,344,136,CG33,5,,Kimmer Coppejans,R,178,BEL,22.497,159,363,6-3 2-6 6-3,3,R16,118,1,2,89,57,35,20,13,6,8,3,6,88,43,31,21,13,6,9
2016-6795,Liberec,Clay,32,C,,20160807,21,BK19,,,Mathias Bourgue,R,188,FRA,22.552,192,289,L949,6,,Henri Laaksonen,R,185,SUI,24.353,162,353,6-3 3-6 6-3,3,R16,125,8,3,95,56,39,23,14,8,10,8,8,102,56,35,23,13,10,13
2016-6795,Liberec,Clay,32,C,,20160807,22,D981,7,,Arthur De Greef,R,183,BEL,24.364,175,319,V717,,,Alexey Vatutin,R,178,RUS,23.778,270,187,6-2 6-4,3,R16,87,5,0,86,49,33,17,9,7,8,1,0,48,33,22,6,9,4,8
2016-6795,Liberec,Clay,32,C,,20160807,23,BH76,,,Riccardo Bellotti,R,,ITA,25.008,278,177,U061,,,Adrian Ungur,R,178,ROU,31.54,203,272,2-6 7-5 6-3,3,R16,141,0,2,100,69,43,14,15,8,13,3,6,117,61,39,29,14,15,20
2016-6795,Liberec,Clay,32,C,,20160807,24,DA86,,,Joris De Loore,R,191,BEL,23.296,235,234,PG20,,,Dmitry Popko,R,191,KAZ,19.786,238,229,6-3 6-2,3,R16,76,8,1,54,31,26,11,9,1,2,0,1,55,33,20,8,8,6,10
2016-6795,Liberec,Clay,32,C,,20160807,25,D632,,,Steve Darcis,R,175,BEL,32.402,134,434,BK19,,,Mathias Bourgue,R,188,FRA,22.552,192,289,7-6(5) 7-6(3),3,QF,,3,4,104,55,36,27,12,11,14,3,2,76,40,29,17,12,0,3
2016-6795,Liberec,Clay,32,C,,20160807,26,D981,7,,Arthur De Greef,R,183,BEL,24.364,175,319,S483,,,Pedro Sousa,R,180,POR,28.197,224,245,W/O,3,QF,,,,,,,,,,,,,,,,,,,
2016-6795,Liberec,Clay,32,C,,20160807,27,DA86,,,Joris De Loore,R,191,BEL,23.296,235,234,BH76,,,Riccardo Bellotti,R,,ITA,25.008,278,177,6-1 7-6(1),3,QF,86,3,1,67,35,27,17,10,4,6,1,3,58,42,22,6,9,1,5
2016-6795,Liberec,Clay,32,C,,20160807,28,SN77,,,Vaclav Safranek,R,183,CZE,22.218,344,136,GB13,,,Germain Gigounon,R,178,BEL,27.299,327,144,5-7 6-4 6-4,3,QF,128,2,3,91,55,35,19,16,0,4,3,3,116,69,46,17,16,12,17
2016-6795,Liberec,Clay,32,C,,20160807,29,D632,,,Steve Darcis,R,175,BEL,32.402,134,434,SN77,,,Vaclav Safranek,R,183,CZE,22.218,344,136,7-6(4) 6-0,3,SF,74,2,1,58,33,25,14,9,0,1,0,1,58,37,21,8,9,3,7
2016-6795,Liberec,Clay,32,C,,20160807,30,D981,7,,Arthur De Greef,R,183,BEL,24.364,175,319,DA86,,,Joris De Loore,R,191,BEL,23.296,235,234,6-4 6-4,3,SF,75,7,1,57,32,23,13,10,2,5,4,5,60,34,20,11,10,5,10
2016-6795,Liberec,Clay,32,C,,20160807,31,D981,7,,Arthur De Greef,R,183,BEL,24.364,175,319,D632,,,Steve Darcis,R,175,BEL,32.402,134,434,7-6(4) 6-3,3,F,95,2,2,71,31,22,22,11,1,4,2,1,65,37,22,17,10,3,7
2016-7073,Cortina,Clay,32,C,,20160807,1,V254,,,Filippo Volandri,R,183,ITA,34.921,217,251,B884,1,,Carlos Berlocq,R,183,ARG,33.509,73,741,6-4 6-2,3,R32,77,0,1,51,35,29,9,9,0,0,2,1,62,41,27,9,9,1,4
2016-7073,Cortina,Clay,32,C,,20160807,2,SG64,,,Joao Souza,R,193,BRA,28.197,163,349,CA33,2,,Inigo Cervantes,R,180,ESP,26.686,79,713,7-6(3) 7-6(4),3,R32,114,8,4,81,49,38,16,12,2,4,8,4,78,37,29,22,12,2,4
2016-7073,Cortina,Clay,32,C,,20160807,3,BF23,3,,Facundo Bagnis,L,183,ARG,26.442,91,657,GD64,,,Cristian Garin,R,185,CHI,20.189,252,210,6-1 7-6(2),3,R32,82,7,1,61,44,36,8,10,2,3,2,4,71,34,21,18,9,3,6
2016-7073,Cortina,Clay,32,C,,20160807,4,KE29,,,Karen Khachanov,R,198,RUS,20.214,95,627,CE25,,,Salvatore Caruso,R,185,ITA,23.644,332,142,0-6 6-3 6-1,3,R32,85,3,3,61,31,20,14,11,2,6,0,2,66,35,24,12,11,5,10
2016-7073,Cortina,Clay,32,C,,20160807,5,CF59,5,,Roberto Carballes Baena,R,183,ESP,23.376,102,597,BC72,,,Daniel Brands,R,196,GER,29.06,146,408,6-3 6-4,3,R32,87,5,1,68,50,40,7,10,5,5,8,3,60,40,27,11,9,3,5
2016-7073,Cortina,Clay,32,C,,20160807,6,SU87,,,Lorenzo Sonego,R,191,ITA,21.243,303,158,O376,6,,Renzo Olivo,R,178,ARG,24.397,110,557,7-5 6-4,3,R32,94,3,2,59,38,32,10,11,3,4,1,4,69,42,29,14,11,5,8
2016-7073,Cortina,Clay,32,C,,20160807,7,KC56,,,Aslan Karatsev,R,185,RUS,22.924,202,273,CF01,7,,Marco Cecchinato,R,185,ITA,23.852,144,411,6-3 6-1,3,R32,67,1,2,48,25,16,14,8,4,6,3,3,59,28,16,9,8,3,9
2016-7073,Cortina,Clay,32,C,,20160807,8,A887,8,,Guido Andreozzi,R,183,ARG,25.008,137,422,BE68,,,Tomislav Brkic,R,185,BIH,26.415,370,122,6-4 5-7 6-2,3,R32,103,2,3,86,49,36,20,15,2,5,7,3,81,53,36,13,15,5,10
2016-7073,Cortina,Clay,32,C,,20160807,9,CC66,,,Andrea Collarini,L,183,ARG,24.517,430,98,Q948,,,Gianluigi Quinzi,L,191,ITA,20.515,339,137,7-6(6) 7-6(6),3,R32,131,4,1,97,65,46,16,12,4,7,9,3,91,58,36,22,12,5,8
2016-7073,Cortina,Clay,32,C,,20160807,10,DB63,,,Laslo Djere,R,188,SRB,21.183,212,259,LB07,,,Gonzalo Lama,R,180,CHI,23.28,166,339,6-2 3-6 6-1,3,R32,103,5,1,70,47,34,12,12,6,8,1,1,77,44,21,19,12,4,9
2016-7073,Cortina,Clay,32,C,,20160807,11,DA67,,,Matteo Donati,R,185,ITA,21.44,259,198,BK68,,,Francisco Bahamonde,R,185,ITA,19.748,359,127,6-0 6-2,3,R32,45,3,0,33,23,22,6,7,0,0,0,3,42,23,14,4,7,4,9
2016-7073,Cortina,Clay,32,C,,20160807,12,GB53,,,Federico Gaio,R,178,ITA,24.424,158,364,T984,,,Bastian Trinker,R,188,AUT,26.242,272,185,6-4 6-4,3,R32,75,3,2,51,29,25,12,10,0,1,1,2,73,50,30,10,10,6,9
2016-7073,Cortina,Clay,32,C,,20160807,13,GA79,,,Lorenzo Giustino,R,180,ITA,24.909,236,234,V620,,,Agustin Velotti,R,,ARG,24.205,255,205,6-3 7-6(4),3,R32,87,4,5,75,45,32,19,11,7,8,6,4,62,35,26,13,10,3,5
2016-7073,Cortina,Clay,32,C,,20160807,14,HB48,,,Calvin Hemery,R,191,FRA,21.525,336,140,A622,,,Andrea Arnaboldi,L,180,ITA,28.613,207,262,6-4 6-4,3,R32,77,8,4,57,29,22,19,10,2,3,2,3,63,29,22,16,10,2,5
2016-7073,Cortina,Clay,32,C,,20160807,15,RE44,,,Andrey Rublev,R,188,RUS,18.798,194,286,GB61,,,Viktor Galovic,R,193,CRO,25.884,543,63,7-6(4) 7-6(9),3,R32,110,6,5,99,59,43,20,12,6,8,16,1,93,64,44,15,12,8,10
2016-7073,Cortina,Clay,32,C,,20160807,16,SK47,,,Mohamed Safwat,R,180,EGY,25.884,221,248,ML57,,,Gianluca Mager,R,188,ITA,21.684,316,151,6-1 6-2,3,R32,56,4,0,50,27,18,18,8,4,4,3,2,40,24,11,8,7,4,8
2016-7073,Cortina,Clay,32,C,,20160807,17,BF23,3,,Facundo Bagnis,L,183,ARG,26.442,91,657,SK47,,,Mohamed Safwat,R,180,EGY,25.884,221,248,6-7(6) 6-4 7-6(0),3,R16,158,9,3,105,55,46,35,17,4,4,4,6,126,68,50,34,17,10,11
2016-7073,Cortina,Clay,32,C,,20160807,18,GA79,,,Lorenzo Giustino,R,180,ITA,24.909,236,234,KE29,,,Karen Khachanov,R,198,RUS,20.214,95,627,6-3 6-3,3,R16,74,3,2,59,36,27,14,9,1,1,6,4,54,26,19,12,9,4,7
2016-7073,Cortina,Clay,32,C,,20160807,19,CF59,5,,Roberto Carballes Baena,R,183,ESP,23.376,102,597,CC66,,,Andrea Collarini,L,183,ARG,24.517,430,98,6-3 7-6(5),3,R16,100,4,5,76,55,40,7,11,3,5,1,3,66,39,26,14,10,2,5
2016-7073,Cortina,Clay,32,C,,20160807,20,A887,8,,Guido Andreozzi,R,183,ARG,25.008,137,422,GB53,,,Federico Gaio,R,178,ITA,24.424,158,364,6-2 6-4,3,R16,73,6,2,46,29,25,11,9,0,0,4,2,59,34,23,9,9,3,6
2016-7073,Cortina,Clay,32,C,,20160807,21,DB63,,,Laslo Djere,R,188,SRB,21.183,212,259,V254,,,Filippo Volandri,R,183,ITA,34.921,217,251,7-5 6-4,3,R16,96,4,4,75,42,28,21,11,5,6,0,1,70,45,29,14,11,3,6
2016-7073,Cortina,Clay,32,C,,20160807,22,DA67,,,Matteo Donati,R,185,ITA,21.44,259,198,KC56,,,Aslan Karatsev,R,185,RUS,22.924,202,273,3-6 7-6(15) 6-4,3,R16,141,7,0,104,71,54,19,15,2,4,12,4,113,66,47,28,16,1,3
2016-7073,Cortina,Clay,32,C,,20160807,23,RE44,,,Andrey Rublev,R,188,RUS,18.798,194,286,SU87,,,Lorenzo Sonego,R,191,ITA,21.243,303,158,6-3 7-5,3,R16,76,1,3,71,35,22,23,11,7,9,7,3,55,32,22,9,10,1,5
2016-7073,Cortina,Clay,32,C,,20160807,24,SG64,,,Joao Souza,R,193,BRA,28.197,163,349,HB48,,,Calvin Hemery,R,191,FRA,21.525,336,140,6-2 7-6(4),3,R16,97,5,1,58,34,30,17,10,0,0,4,7,75,40,27,19,10,7,9
2016-7073,Cortina,Clay,32,C,,20160807,25,CF59,5,,Roberto Carballes Baena,R,183,ESP,23.376,102,597,BF23,3,,Facundo Bagnis,L,183,ARG,26.442,91,657,4-5 RET,3,QF,,0,2,26,13,9,7,4,2,3,1,1,34,20,14,8,5,4,5
2016-7073,Cortina,Clay,32,C,,20160807,26,A887,8,,Guido Andreozzi,R,183,ARG,25.008,137,422,GA79,,,Lorenzo Giustino,R,180,ITA,24.909,236,234,6-3 6-1,3,QF,60,2,0,43,23,18,15,8,0,0,3,0,42,29,18,6,8,1,5
2016-7073,Cortina,Clay,32,C,,20160807,27,DB63,,,Laslo Djere,R,188,SRB,21.183,212,259,RE44,,,Andrey Rublev,R,188,RUS,18.798,194,286,2-6 7-5 7-6(6),3,QF,155,4,3,104,73,47,21,16,5,9,5,4,138,79,57,27,16,15,18
2016-7073,Cortina,Clay,32,C,,20160807,28,SG64,,,Joao Souza,R,193,BRA,28.197,163,349,DA67,,,Matteo Donati,R,185,ITA,21.44,259,198,4-6 7-6(2) 6-4,3,QF,129,9,2,100,63,56,16,16,1,2,9,0,96,56,49,21,16,1,2
2016-7073,Cortina,Clay,32,C,,20160807,29,DB63,,,Laslo Djere,R,188,SRB,21.183,212,259,CF59,5,,Roberto Carballes Baena,R,183,ESP,23.376,102,597,7-6(3) 6-3,3,SF,98,8,0,59,38,29,10,10,1,3,4,4,89,52,33,15,11,6,10
2016-7073,Cortina,Clay,32,C,,20160807,30,SG64,,,Joao Souza,R,193,BRA,28.197,163,349,A887,8,,Guido Andreozzi,R,183,ARG,25.008,137,422,6-3 6-4,3,SF,86,5,2,70,54,43,6,10,11,11,1,2,49,30,20,13,9,3,5
2016-7073,Cortina,Clay,32,C,,20160807,31,SG64,,,Joao Souza,R,193,BRA,28.197,163,349,DB63,,,Laslo Djere,R,188,SRB,21.183,212,259,6-4 7-6(4),3,F,109,6,3,70,42,30,14,11,3,6,0,4,69,39,22,16,11,2,6
2016-7553,Chengdu,Hard,32,C,,20160807,1,K834,,,Blaz Kavcic,R,188,SLO,29.426,354,130,K776,1,,Konstantin Kravchuk,R,191,RUS,31.452,96,625,6-7(2) 7-6(2) 7-6(5),3,R32,197,12,9,112,63,51,29,18,3,5,21,0,150,93,66,30,18,11,13
2016-7553,Chengdu,Hard,32,C,,20160807,2,PC78,,,Ante Pavic,R,196,CRO,27.42,365,123,SC47,2,,Go Soeda,R,178,JPN,31.921,140,416,7-6(5) 4-6 6-4,3,R32,123,13,3,101,67,52,17,16,3,4,17,1,100,71,59,13,16,3,4
2016-7553,Chengdu,Hard,32,C,,20160807,3,L733,,,Zhe Li,R,183,CHN,29.881,261,197,K596,3,,Alexander Kudryavtsev,R,183,RUS,30.782,169,332,7-6(5) 6-7(5) 6-1,3,R32,149,10,1,118,76,54,26,16,3,5,14,1,100,51,41,22,15,4,8
2016-7553,Chengdu,Hard,32,C,,20160807,4,W571,4,,Di Wu,R,173,CHN,24.898,177,315,T982,,,Tsung-Hua Yang,R,178,TPE,25.361,323,145,1-1 RET,3,R32,12,0,0,5,2,2,2,1,0,0,1,1,18,8,5,5,1,4,4
2016-7553,Chengdu,Hard,32,C,,20160807,5,Z272,5,,Ze Zhang,R,188,CHN,26.094,187,298,T742,,,Janko Tipsarevic,R,180,SRB,32.126,408,103,7-5 6-3,3,R32,93,8,4,66,48,34,12,11,5,7,10,2,69,39,26,12,10,4,8
2016-7553,Chengdu,Hard,32,C,,20160807,6,LA93,6,,Enrique Lopez Perez,R,180,ESP,25.18,184,304,W373,,,Jimmy Wang,R,180,TPE,31.493,350,133,6-3 6-2,3,R32,59,7,2,50,30,22,11,8,4,5,4,1,54,30,17,10,9,5,10
2016-7553,Chengdu,Hard,32,C,,20160807,7,LE01,7,,Duckhee Lee,R,170,KOR,18.193,189,293,O427,,,Bowen Ouyang,L,185,CHN,24.219,615,46,6-3 6-4,3,R32,70,4,2,54,31,27,14,10,0,0,8,2,58,39,28,10,9,3,5
2016-7553,Chengdu,Hard,32,C,,20160807,8,KA46,,,Yuya Kibi,R,180,JPN,30.042,355,130,R750,8,,Pere Riba,R,183,ESP,28.334,201,277,3-6 6-3 7-6(6),3,R32,143,4,2,92,58,41,19,15,5,9,12,1,100,58,43,19,15,9,13
2016-7553,Chengdu,Hard,32,C,,20160807,9,BC76,,,Nicolas Barrientos,R,175,COL,29.29,279,177,HB59,,,Yecong He,R,180,CHN,22.475,557,60,6-3 6-4,3,R32,87,0,4,71,47,30,17,10,8,9,3,2,57,36,22,12,9,4,7
2016-7553,Chengdu,Hard,32,C,,20160807,10,BF98,,,Alessandro Bega,R,170,ITA,25.572,263,196,KD87,,,Evgeny Karlovskiy,R,191,RUS,22.001,475,80,6-4 6-7(4) 6-4,3,R32,167,9,3,119,81,59,20,16,9,10,8,4,103,72,56,14,16,4,7
2016-7553,Chengdu,Hard,32,C,,20160807,11,C813,,,Ti Chen,R,178,TPE,32.846,244,225,KF17,,,Soonwoo Kwon,R,180,KOR,18.68,335,140,6-1 4-6 6-4,3,R32,126,5,2,87,59,42,12,14,7,10,3,1,76,38,24,17,13,1,6
2016-7553,Chengdu,Hard,32,C,,20160807,12,J380,,,Jason Jung,R,180,TPE,27.146,269,187,U120,,,Kaichi Uchida,R,180,JPN,21.958,384,112,6-2 6-4,3,R32,66,10,0,45,35,30,7,9,0,0,4,1,57,38,27,8,9,6,9
2016-7553,Chengdu,Hard,32,C,,20160807,13,N598,,,Takuto Niki,R,183,JPN,28.821,509,71,GA94,,,Prajnesh Gunneswaran,L,188,IND,26.735,388,110,3-6 6-3 6-2,3,R32,77,6,3,65,47,38,11,13,0,1,17,2,74,53,37,10,13,8,11
2016-7553,Chengdu,Hard,32,C,,20160807,14,R383,,,Ruben Ramirez Hidalgo,R,183,ESP,38.585,206,267,PE02,,,Danilo Petrovic,R,203,SRB,24.537,352,132,6-7(4) 7-6(10) 6-0,3,R32,152,21,4,99,58,50,22,15,4,5,15,7,111,70,53,16,15,5,9
2016-7553,Chengdu,Hard,32,C,,20160807,15,SX90,,,Fajing Sun,R,178,CHN,19.844,800,24,SL92,,,Shuichi Sekiguchi,R,168,JPN,25.065,394,109,2-6 7-5 6-3,3,R32,142,5,6,115,63,43,23,15,9,14,2,2,84,50,27,22,14,7,12
2016-7553,Chengdu,Hard,32,C,,20160807,16,TG30,,,Rigele Te,R,188,CHN,18.828,949,14,SK02,,,Karunuday Singh,R,180,IND,25.717,1444,3,7-5 6-4,3,R32,91,4,2,59,35,27,13,11,1,4,6,4,70,31,21,17,11,6,11
2016-7553,Chengdu,Hard,32,C,,20160807,17,J380,,,Jason Jung,R,180,TPE,27.146,269,187,W571,4,,Di Wu,R,173,CHN,24.898,177,315,7-5 6-2,3,R16,80,7,5,54,30,24,13,10,0,2,3,1,70,38,24,12,10,3,8
2016-7553,Chengdu,Hard,32,C,,20160807,18,Z272,5,,Ze Zhang,R,188,CHN,26.094,187,298,BF98,,,Alessandro Bega,R,170,ITA,25.572,263,196,6-1 7-5,3,R16,74,2,0,46,30,26,10,9,0,0,2,1,65,40,21,13,10,1,5
2016-7553,Chengdu,Hard,32,C,,20160807,19,N598,,,Takuto Niki,R,183,JPN,28.821,509,71,LA93,6,,Enrique Lopez Perez,R,180,ESP,25.18,184,304,3-6 6-4 6-1,3,R16,114,11,1,91,65,49,9,13,7,10,7,4,75,51,34,9,13,4,9
2016-7553,Chengdu,Hard,32,C,,20160807,20,LE01,7,,Duckhee Lee,R,170,KOR,18.193,189,293,TG30,,,Rigele Te,R,188,CHN,18.828,949,14,6-4 2-6 7-5,3,R16,118,4,1,76,43,30,21,15,3,7,6,3,88,43,35,22,15,3,7
2016-7553,Chengdu,Hard,32,C,,20160807,21,KA46,,,Yuya Kibi,R,180,JPN,30.042,355,130,C813,,,Ti Chen,R,178,TPE,32.846,244,225,1-6 6-3 6-3,3,R16,124,4,2,91,60,41,12,12,9,12,2,1,87,62,37,14,13,7,11
2016-7553,Chengdu,Hard,32,C,,20160807,22,L733,,,Zhe Li,R,183,CHN,29.881,261,197,BC76,,,Nicolas Barrientos,R,175,COL,29.29,279,177,7-5 4-6 6-3,3,R16,122,7,0,97,64,48,16,16,3,5,4,5,84,52,37,17,15,3,6
2016-7553,Chengdu,Hard,32,C,,20160807,23,R383,,,Ruben Ramirez Hidalgo,R,183,ESP,38.585,206,267,PC78,,,Ante Pavic,R,196,CRO,27.42,365,123,3-6 6-3 7-5,3,R16,129,5,6,89,60,45,16,15,0,1,14,3,92,53,44,18,15,1,3
2016-7553,Chengdu,Hard,32,C,,20160807,24,SX90,,,Fajing Sun,R,178,CHN,19.844,800,24,K834,,,Blaz Kavcic,R,188,SLO,29.426,354,130,6-3 6-3,3,R16,76,3,4,54,29,24,15,9,0,0,2,4,47,31,20,8,9,2,5
2016-7553,Chengdu,Hard,32,C,,20160807,25,R383,,,Ruben Ramirez Hidalgo,R,183,ESP,38.585,206,267,Z272,5,,Ze Zhang,R,188,CHN,26.094,187,298,6-1 6-1,3,QF,51,8,3,39,24,20,11,7,1,1,0,3,40,24,9,8,7,5,10
2016-7553,Chengdu,Hard,32,C,,20160807,26,LE01,7,,Duckhee Lee,R,170,KOR,18.193,189,293,SX90,,,Fajing Sun,R,178,CHN,19.844,800,24,6-4 6-4,3,QF,88,3,0,72,47,31,13,10,4,6,3,4,62,35,24,10,10,1,5
2016-7553,Chengdu,Hard,32,C,,20160807,27,J380,,,Jason Jung,R,180,TPE,27.146,269,187,N598,,,Takuto Niki,R,183,JPN,28.821,509,71,6-4 6-2,3,QF,75,8,3,50,32,27,9,9,0,1,1,1,71,48,26,11,9,6,10
2016-7553,Chengdu,Hard,32,C,,20160807,28,KA46,,,Yuya Kibi,R,180,JPN,30.042,355,130,L733,,,Zhe Li,R,183,CHN,29.881,261,197,6-4 7-6(3),3,QF,90,5,0,76,46,34,16,11,5,6,5,2,58,29,23,16,11,0,2
2016-7553,Chengdu,Hard,32,C,,20160807,29,J380,,,Jason Jung,R,180,TPE,27.146,269,187,LE01,7,,Duckhee Lee,R,170,KOR,18.193,189,293,6-4 6-1,3,SF,72,9,2,47,28,25,10,9,0,1,4,2,64,37,17,15,8,6,10
2016-7553,Chengdu,Hard,32,C,,20160807,30,R383,,,Ruben Ramirez Hidalgo,R,183,ESP,38.585,206,267,KA46,,,Yuya Kibi,R,180,JPN,30.042,355,130,6-2 6-3,3,SF,62,5,1,50,32,24,10,9,1,2,2,3,44,20,13,9,8,3,7
2016-7553,Chengdu,Hard,32,C,,20160807,31,J380,,,Jason Jung,R,180,TPE,27.146,269,187,R383,,,Ruben Ramirez Hidalgo,R,183,ESP,38.585,206,267,6-4 6-2,3,F,72,9,1,46,29,26,9,9,1,2,6,2,59,37,21,11,9,7,11
2016-877,Granby,Hard,32,C,,20160807,1,A853,,,Marcelo Arevalo,R,191,ESA,25.807,216,253,R612,1,,Stephane Robert,R,185,FRA,36.225,58,844,6-1 6-3,3,R32,56,6,4,56,34,27,11,8,4,4,2,3,45,23,14,9,8,1,5
2016-877,Granby,Hard,32,C,,20160807,2,BC68,,,Philip Bester,R,188,CAN,27.836,360,127,HB64,2,,Quentin Halys,R,191,FRA,19.781,141,415,6-2 7-6(1),3,R32,77,4,1,72,42,35,17,10,5,5,4,2,61,33,23,16,10,2,4
2016-877,Granby,Hard,32,C,,20160807,3,G806,,,Andrey Golubev,R,180,KAZ,29.046,195,284,ME64,3,,Saketh Myneni,R,193,IND,28.802,150,393,6-1 6-3,3,R32,65,2,4,50,26,21,15,8,5,5,1,3,56,28,14,13,8,6,10
2016-877,Granby,Hard,32,C,,20160807,4,TD51,4,,Frances Tiafoe,R,188,USA,18.546,149,399,CA71,,,Edward Corrie,R,183,GBR,28.46,362,126,6-3 6-4,3,R32,67,8,1,51,32,29,12,10,1,1,5,1,64,42,26,11,9,3,5
2016-877,Granby,Hard,32,C,,20160807,5,W630,,,Andrew Whittington,R,188,AUS,22.99,188,293,G892,5,,Alejandro Gonzalez,R,191,COL,27.496,156,373,7-6(6) 6-2,3,R32,96,5,3,58,38,33,9,10,1,3,3,2,57,39,27,6,10,1,5
2016-877,Granby,Hard,32,C,,20160807,6,CC32,,,Guilherme Clezar,R,180,BRA,23.6,213,259,SI36,6,,Eduardo Struvay,R,,COL,25.64,176,318,4-6 6-0 2-0 RET,3,R32,77,2,3,54,38,32,7,9,4,5,3,4,67,35,24,11,9,5,9
2016-877,Granby,Hard,32,C,,20160807,7,ME31,7,,Vincent Millot,L,173,FRA,30.519,181,307,MK40,,,Benjamin Mitchell,R,183,AUS,23.685,240,228,6-3 6-2,3,R32,79,4,2,60,32,20,16,9,4,6,2,6,65,47,25,5,8,11,16
2016-877,Granby,Hard,32,C,,20160807,8,BK24,8,,Gregoire Barrere,R,183,FRA,22.472,193,289,K964,,,Brydan Klein,R,188,GBR,26.601,271,186,6-3 6-3,3,R32,74,5,5,62,32,25,12,9,4,7,4,8,54,23,15,10,9,5,11
2016-877,Granby,Hard,32,C,,20160807,9,BH02,,,Sekou Bangoura,R,183,USA,24.72,276,181,AG37,,,Felix Auger-Aliassime,R,193,CAN,15.997,779,25,4-6 6-4 6-3,3,R32,112,1,2,75,37,29,23,14,5,8,10,3,104,71,44,14,15,2,7
2016-877,Granby,Hard,32,C,,20160807,10,KC12,,,Mitchell Krueger,R,188,USA,22.568,237,234,SP24,,,Brayden Schnur,R,193,CAN,21.095,757,27,6-2 1-6 6-2,3,R32,105,6,2,74,46,32,9,11,10,14,8,10,84,50,28,14,12,5,11
2016-877,Granby,Hard,32,C,,20160807,11,MG47,,,James McGee,R,183,IRL,29.161,310,152,W471,,,Amir Weintraub,R,185,ISR,29.892,211,260,6-3 6-3,3,R32,64,7,4,56,36,29,11,9,4,4,2,3,57,35,23,9,9,2,5
2016-877,Granby,Hard,32,C,,20160807,12,MI01,,,Hiroki Moriya,R,168,JPN,25.81,229,243,GA36,,,Emilio Gomez,R,185,ECU,24.693,273,183,6-4 6-4,3,R32,83,4,2,54,32,24,15,10,1,2,3,5,69,39,31,9,10,6,9
2016-877,Granby,Hard,32,C,,20160807,13,PB22,,,Peter Polansky,R,183,CAN,28.145,209,260,LC11,,,Tristan Lamasine,R,183,FRA,23.425,231,238,6-4 6-2,3,R32,64,2,3,57,38,30,8,9,2,3,0,2,43,21,18,6,9,2,6
2016-877,Granby,Hard,32,C,,20160807,14,SU55,,,Denis Shapovalov,L,185,CAN,17.314,291,166,SM09,,,Luke Saville,R,188,AUS,22.595,247,220,7-6(2) 7-6(4),3,R32,98,10,7,88,46,41,18,12,5,6,0,6,86,52,37,19,12,5,6
2016-877,Granby,Hard,32,C,,20160807,15,U134,,,Yasutaka Uchiyama,R,183,JPN,24.005,446,92,D499,,,Frank Dancevic,R,185,CAN,31.863,243,225,4-6 6-3 6-3,3,R32,105,11,2,96,64,48,13,14,7,9,3,1,73,41,32,14,14,4,8
2016-877,Granby,Hard,32,C,,20160807,16,W503,,,James Ward,R,188,GBR,29.492,249,219,BI23,,,Liam Broady,L,183,GBR,22.59,277,179,6-4 7-6(5),3,R32,103,7,2,83,42,26,24,11,2,4,3,2,80,50,34,12,11,4,7
2016-877,Granby,Hard,32,C,,20160807,17,TD51,4,,Frances Tiafoe,R,188,USA,18.546,149,399,W503,,,James Ward,R,188,GBR,29.492,249,219,3-6 6-3 7-5,3,R16,101,6,1,87,46,30,25,15,7,10,15,5,90,52,36,21,15,8,12
2016-877,Granby,Hard,32,C,,20160807,18,MG47,,,James McGee,R,183,IRL,29.161,310,152,ME31,7,,Vincent Millot,L,173,FRA,30.519,181,307,3-6 6-1 6-4,3,R16,116,4,2,73,40,36,18,13,4,5,0,5,93,45,30,24,13,8,11
2016-877,Granby,Hard,32,C,,20160807,19,SU55,,,Denis Shapovalov,L,185,CAN,17.314,291,166,BK24,8,,Gregoire Barrere,R,183,FRA,22.472,193,289,6-4 6-1,3,R16,49,4,0,40,21,16,14,8,0,1,2,4,54,30,16,10,9,5,10
2016-877,Granby,Hard,32,C,,20160807,20,A853,,,Marcelo Arevalo,R,191,ESA,25.807,216,253,MI01,,,Hiroki Moriya,R,168,JPN,25.81,229,243,7-6(4) 6-4,3,R16,109,8,3,71,46,39,10,11,1,2,2,6,90,48,32,21,11,5,7
2016-877,Granby,Hard,32,C,,20160807,21,BH02,,,Sekou Bangoura,R,183,USA,24.72,276,181,G806,,,Andrey Golubev,R,180,KAZ,29.046,195,284,5-1 RET,3,R16,26,1,2,20,11,7,7,3,1,1,1,3,22,14,7,3,3,2,4
2016-877,Granby,Hard,32,C,,20160807,22,KC12,,,Mitchell Krueger,R,188,USA,22.568,237,234,CC32,,,Guilherme Clezar,R,180,BRA,23.6,213,259,6-4 7-6(3),3,R16,93,15,1,68,48,40,13,11,3,3,7,0,68,39,31,16,11,2,3
2016-877,Granby,Hard,32,C,,20160807,23,U134,,,Yasutaka Uchiyama,R,183,JPN,24.005,446,92,BC68,,,Philip Bester,R,188,CAN,27.836,360,127,6-4 7-5,3,R16,92,6,1,68,44,31,15,11,2,3,4,6,75,44,33,13,11,8,11
2016-877,Granby,Hard,32,C,,20160807,24,W630,,,Andrew Whittington,R,188,AUS,22.99,188,293,PB22,,,Peter Polansky,R,183,CAN,28.145,209,260,6-7(5) 6-2 6-4,3,R16,142,8,8,92,58,47,16,15,2,3,11,1,111,75,52,16,15,11,15
2016-877,Granby,Hard,32,C,,20160807,25,TD51,4,,Frances Tiafoe,R,188,USA,18.546,149,399,W630,,,Andrew Whittington,R,188,AUS,22.99,188,293,6-0 7-6(5),3,QF,82,3,1,65,39,25,16,9,4,5,4,3,56,41,24,4,9,4,8
2016-877,Granby,Hard,32,C,,20160807,26,A853,,,Marcelo Arevalo,R,191,ESA,25.807,216,253,KC12,,,Mitchell Krueger,R,188,USA,22.568,237,234,6-1 6-4,3,QF,93,6,1,61,30,23,16,9,1,2,1,2,57,34,23,5,8,5,9
2016-877,Granby,Hard,32,C,,20160807,27,BH02,,,Sekou Bangoura,R,183,USA,24.72,276,181,SU55,,,Denis Shapovalov,L,185,CAN,17.314,291,166,6-4 6-3,3,QF,74,0,5,63,38,30,10,9,2,3,4,9,72,38,24,15,10,3,7
2016-877,Granby,Hard,32,C,,20160807,28,U134,,,Yasutaka Uchiyama,R,183,JPN,24.005,446,92,MG47,,,James McGee,R,183,IRL,29.161,310,152,7-6(4) 6-1,3,QF,99,6,0,68,53,36,9,10,3,5,1,6,68,42,26,8,9,3,7
2016-877,Granby,Hard,32,C,,20160807,29,TD51,4,,Frances Tiafoe,R,188,USA,18.546,149,399,U134,,,Yasutaka Uchiyama,R,183,JPN,24.005,446,92,6-3 7-6(3),3,SF,86,8,1,65,41,34,16,11,0,0,5,1,68,41,30,15,10,2,3
2016-877,Granby,Hard,32,C,,20160807,30,A853,,,Marcelo Arevalo,R,191,ESA,25.807,216,253,BH02,,,Sekou Bangoura,R,183,USA,24.72,276,181,6-1 2-6 6-1,3,SF,102,7,3,79,50,33,14,11,8,11,0,2,70,44,19,14,11,4,10
2016-877,Granby,Hard,32,C,,20160807,31,TD51,4,,Frances Tiafoe,R,188,USA,18.546,149,399,A853,,,Marcelo Arevalo,R,191,ESA,25.807,216,253,6-1 6-1,3,F,47,2,0,38,27,22,8,7,0,0,0,2,41,17,9,9,7,3,8
2016-6787,Portoroz,Hard,32,C,,20160813,1,MB02,1,,Florian Mayer,R,191,GER,32.857,94,653,G753,,,David Guez,R,185,FRA,33.681,282,177,6-4 1-6 7-5,3,R32,113,4,2,84,47,34,13,14,4,10,0,4,93,53,34,18,15,5,11
2016-6787,Portoroz,Hard,32,C,,20160813,2,O376,2,,Renzo Olivo,R,178,ARG,24.413,113,540,L0AH,,,Sven Lah,R,,SVN,17.84,1799,1,6-2 6-3,3,R32,61,2,4,47,28,20,10,8,1,3,0,4,59,46,20,5,9,6,12
2016-6787,Portoroz,Hard,32,C,,20160813,3,KC04,3,,Jozef Kovalik,R,183,SVK,23.773,127,476,BF98,,,Alessandro Bega,R,170,ITA,25.588,270,187,6-1 6-1,3,R32,57,5,5,45,28,23,9,7,4,4,0,3,53,27,11,12,7,9,14
2016-6787,Portoroz,Hard,32,C,,20160813,4,Z189,4,,Grega Zemlja,R,183,SLO,29.873,139,415,SD78,,,Alexandre Sidorenko,R,185,FRA,28.485,256,206,6-1 4-1 RET,3,R32,46,6,3,39,24,18,6,6,3,4,3,7,39,18,8,5,6,6,11
2016-6787,Portoroz,Hard,32,C,,20160813,5,F724,6,,Marton Fucsovics,R,188,HUN,24.512,162,359,MH16,,,Yannick Maden,R,185,GER,26.793,366,122,4-6 6-3 6-3,3,R32,121,7,4,98,53,39,22,14,5,8,0,4,76,50,37,9,14,7,12
2016-6787,Portoroz,Hard,32,C,,20160813,6,K596,7,,Alexander Kudryavtsev,R,183,RUS,30.798,170,331,LD26,,,Edan Leshem,R,183,ISR,19.403,400,110,6-4 6-3,3,R32,74,4,3,60,32,27,13,9,7,8,1,4,57,23,15,16,10,4,8
2016-6787,Portoroz,Hard,32,C,,20160813,7,BE54,8,,Ruben Bemelmans,L,183,BEL,28.58,180,311,MA38,,,Jan Mertl,R,191,CZE,34.609,276,182,4-6 6-1 6-1,3,R32,83,2,7,78,42,36,18,12,3,4,3,4,62,34,21,16,12,2,7
2016-6787,Portoroz,Hard,32,C,,20160813,8,I305,,,Ilya Ivashka,R,193,BLR,22.467,186,304,SK47,,,Mohamed Safwat,R,180,EGY,25.9,222,249,6-3 6-4,3,R32,80,5,2,57,36,24,12,10,7,10,2,3,57,33,17,10,9,4,9
2016-6787,Portoroz,Hard,32,C,,20160813,9,K834,,,Blaz Kavcic,R,188,SLO,29.443,335,139,K906,,,Michal Konecny,L,183,CZE,26.834,303,162,6-4 6-1,3,R32,71,2,5,42,20,18,14,8,0,0,5,9,64,31,20,14,9,5,9
2016-6787,Portoroz,Hard,32,C,,20160813,10,MM58,,,Daniil Medvedev,R,198,RUS,20.504,171,325,I306,,,Cem Ilkel,R,185,TUR,20.98,407,108,6-3 6-0,3,R32,45,1,2,40,21,18,14,8,0,0,0,1,39,26,13,6,7,0,4
2016-6787,Portoroz,Hard,32,C,,20160813,11,MB53,,,Adrian Menendez-Maceiras,R,183,ESP,30.793,217,252,H986,,,Tom Kocevar-Desman,R,180,SLO,26.094,831,21,6-2 6-4,3,R32,78,2,1,56,38,24,12,9,3,5,3,4,53,29,15,11,9,3,8
2016-6787,Portoroz,Hard,32,C,,20160813,12,MG08,,,Yannick Mertens,R,185,BEL,29.136,278,181,U176,,,Vadym Ursu,R,183,UKR,19.614,660,41,6-0 6-2,3,R32,50,1,3,37,23,16,9,7,0,1,0,4,45,22,10,5,7,6,12
2016-6787,Portoroz,Hard,32,C,,20160813,13,RA51,,,Blaz Rola,L,193,SLO,25.856,191,298,K771,,,Marsel Ilhan,R,191,TUR,29.175,235,235,6-3 6-2,3,R32,65,4,0,53,44,35,4,9,2,2,2,4,63,34,23,11,8,4,7
2016-6787,Portoroz,Hard,32,C,,20160813,14,SF41,,,Aldin Setkic,R,191,BIH,28.646,216,258,PG20,,,Dmitry Popko,R,191,KAZ,19.803,237,231,3-6 6-2 7-6(3),3,R32,137,5,6,95,61,42,15,14,3,6,9,6,119,71,44,24,15,9,13
2016-6787,Portoroz,Hard,32,C,,20160813,15,TC11,,,Marko Tepavac,R,193,SRB,22.357,178,313,CB14,,,Daniel Cox,R,170,GBR,25.875,544,62,6-4 6-3,3,R32,70,4,1,47,34,27,8,10,1,3,0,5,61,31,18,15,9,9,13
2016-6787,Portoroz,Hard,32,C,,20160813,16,Z246,,,Miljan Zekic,R,185,SRB,28.088,202,279,O411,,,Albano Olivetti,R,203,FRA,24.72,513,69,6-3 6-4,3,R32,79,3,3,63,45,31,11,10,2,3,7,7,53,16,13,17,9,5,8
2016-6787,Portoroz,Hard,32,C,,20160813,17,MB02,1,,Florian Mayer,R,191,GER,32.857,94,653,SF41,,,Aldin Setkic,R,191,BIH,28.646,216,258,6-4 6-3,3,R16,72,3,1,52,31,22,10,9,2,4,2,3,67,39,24,10,10,3,8
2016-6787,Portoroz,Hard,32,C,,20160813,18,O376,2,,Renzo Olivo,R,178,ARG,24.413,113,540,RA51,,,Blaz Rola,L,193,SLO,25.856,191,298,6-7(2) 7-6(8) 7-6(4),3,R16,188,4,7,142,90,59,31,18,9,11,2,5,133,91,63,24,18,5,7
2016-6787,Portoroz,Hard,32,C,,20160813,19,MM58,,,Daniil Medvedev,R,198,RUS,20.504,171,325,KC04,3,,Jozef Kovalik,R,183,SVK,23.773,127,476,6-3 6-3,3,R16,60,4,0,50,33,25,10,9,2,3,1,1,52,37,23,4,9,2,6
2016-6787,Portoroz,Hard,32,C,,20160813,20,Z189,4,,Grega Zemlja,R,183,SLO,29.873,139,415,MG08,,,Yannick Mertens,R,185,BEL,29.136,278,181,6-4 6-2,3,R16,62,4,1,47,25,22,15,9,0,0,3,5,60,34,21,13,9,8,11
2016-6787,Portoroz,Hard,32,C,,20160813,21,F724,6,,Marton Fucsovics,R,188,HUN,24.512,162,359,K834,,,Blaz Kavcic,R,188,SLO,29.443,335,139,6-7(3) 7-5 6-4,3,R16,172,5,7,117,66,42,24,17,10,15,0,9,113,76,46,16,17,1,8
2016-6787,Portoroz,Hard,32,C,,20160813,22,K596,7,,Alexander Kudryavtsev,R,183,RUS,30.798,170,331,I305,,,Ilya Ivashka,R,193,BLR,22.467,186,304,6-3 6-3,3,R16,81,3,3,56,39,30,6,9,1,3,0,0,73,52,27,8,9,3,8
2016-6787,Portoroz,Hard,32,C,,20160813,23,TC11,,,Marko Tepavac,R,193,SRB,22.357,178,313,BE54,8,,Ruben Bemelmans,L,183,BEL,28.58,180,311,6-3 6-4,3,R16,71,8,3,61,43,31,7,10,3,6,3,2,55,37,21,6,9,4,9
2016-6787,Portoroz,Hard,32,C,,20160813,24,MB53,,,Adrian Menendez-Maceiras,R,183,ESP,30.793,217,252,Z246,,,Miljan Zekic,R,185,SRB,28.088,202,279,6-3 6-3,3,R16,77,1,2,61,43,27,7,9,6,10,3,5,53,32,15,4,9,3,10
2016-6787,Portoroz,Hard,32,C,,20160813,25,MB02,1,,Florian Mayer,R,191,GER,32.857,94,653,MB53,,,Adrian Menendez-Maceiras,R,183,ESP,30.793,217,252,6-0 6-3,3,QF,64,2,0,53,31,21,11,7,4,5,0,2,43,27,14,1,8,3,9
2016-6787,Portoroz,Hard,32,C,,20160813,26,K596,7,,Alexander Kudryavtsev,R,183,RUS,30.798,170,331,O376,2,,Renzo Olivo,R,178,ARG,24.413,113,540,6-2 6-4,3,QF,65,0,0,49,27,23,15,9,0,0,0,5,61,34,22,10,9,4,7
2016-6787,Portoroz,Hard,32,C,,20160813,27,Z189,4,,Grega Zemlja,R,183,SLO,29.873,139,415,TC11,,,Marko Tepavac,R,193,SRB,22.357,178,313,6-4 7-6(1),3,QF,84,6,0,68,37,30,17,11,1,3,13,2,66,50,39,2,11,3,6
2016-6787,Portoroz,Hard,32,C,,20160813,28,MM58,,,Daniil Medvedev,R,198,RUS,20.504,171,325,F724,6,,Marton Fucsovics,R,188,HUN,24.512,162,359,6-3 6-2,3,QF,62,5,1,54,37,24,8,8,3,5,1,1,52,19,10,14,9,1,7
2016-6787,Portoroz,Hard,32,C,,20160813,29,MB02,1,,Florian Mayer,R,191,GER,32.857,94,653,Z189,4,,Grega Zemlja,R,183,SLO,29.873,139,415,6-2 6-2,3,SF,55,4,0,43,30,25,9,8,2,2,3,2,50,28,21,6,8,3,7
2016-6787,Portoroz,Hard,32,C,,20160813,30,MM58,,,Daniil Medvedev,R,198,RUS,20.504,171,325,K596,7,,Alexander Kudryavtsev,R,183,RUS,30.798,170,331,6-7(4) 6-2 6-4,3,SF,119,2,7,96,55,38,17,15,5,10,5,6,101,59,37,15,15,5,13
2016-6787,Portoroz,Hard,32,C,,20160813,31,MB02,1,,Florian Mayer,R,191,GER,32.857,94,653,MM58,,,Daniil Medvedev,R,198,RUS,20.504,171,325,6-1 6-2,3,F,53,1,1,45,28,22,10,7,1,1,1,2,47,30,14,6,8,4,9
2016-3628,Trnava,Clay,32,C,,20160814,1,G602,,,Andre Ghem,R,193,BRA,34.212,254,209,CA33,1,,Inigo Cervantes,R,180,ESP,26.705,77,713,6-4 7-5,3,R32,94,1,1,71,40,31,18,11,6,7,7,1,77,46,29,14,11,7,10
2016-3628,Trnava,Clay,32,C,,20160814,2,MF78,,,Marek Michalicka,R,183,CZE,29.643,285,176,PG32,2,,Adam Pavlasek,R,185,CZE,21.851,106,577,2-6 6-3 6-2,3,R32,108,1,1,82,45,32,17,13,5,9,3,6,79,44,28,14,12,7,12
2016-3628,Trnava,Clay,32,C,,20160814,3,SF36,3,,Igor Sijsling,R,191,NED,28.991,112,543,DB63,,,Laslo Djere,R,188,SRB,21.202,184,307,4-6 6-2 7-5,3,R32,113,4,4,105,54,35,19,15,10,17,2,7,90,54,27,16,15,4,13
2016-3628,Trnava,Clay,32,C,,20160814,4,G676,4,,Daniel Gimeno-Traver,R,183,ESP,31.02,126,478,KC33,,,Dimitar Kuzmanov,R,183,BUL,23.047,293,167,6-4 6-4,3,R32,77,1,4,60,38,30,10,10,4,6,0,6,64,35,21,13,10,4,8
2016-3628,Trnava,Clay,32,C,,20160814,5,D632,5,,Steve Darcis,R,175,BEL,32.422,124,489,D815,,,Fabiano De Paula,R,178,BRA,27.71,915,16,6-1 6-4,3,R32,80,2,1,45,31,25,8,8,0,1,0,3,74,48,25,10,9,10,15
2016-3628,Trnava,Clay,32,C,,20160814,6,CG33,6,,Kimmer Coppejans,R,178,BEL,22.516,160,363,BH76,,,Riccardo Bellotti,R,,ITA,25.027,269,187,6-0 6-2,3,R32,61,0,3,43,27,20,9,7,1,2,0,3,50,35,19,1,7,4,10
2016-3628,Trnava,Clay,32,C,,20160814,7,LB66,7,,Constant Lestienne,R,180,FRA,24.227,168,335,V717,,,Alexey Vatutin,R,178,RUS,23.797,264,192,2-6 6-4 6-2,3,R32,128,3,11,98,47,32,20,13,8,13,0,3,81,50,27,17,13,2,8
2016-3628,Trnava,Clay,32,C,,20160814,8,D916,8,,Steven Diez,R,175,CAN,25.413,174,324,GF08,,,Clement Geens,R,178,BEL,20.427,261,196,6-3 7-5,3,R32,100,3,3,76,45,33,20,11,11,11,5,5,64,32,25,15,10,5,7
2016-3628,Trnava,Clay,32,C,,20160814,9,BU54,,,Geoffrey Blancaneaux,R,180,FRA,18.018,711,32,F775,,,Patrik Fabian,L,185,SVK,22.404,559,59,6-4 6-3,3,R32,82,0,1,56,42,29,9,10,1,3,1,3,73,44,24,13,9,6,10
2016-3628,Trnava,Clay,32,C,,20160814,10,GB93,,,Norbert Gombos,R,193,SVK,26.004,305,157,SJ22,,,Gleb Sakharov,R,185,FRA,28.178,263,192,6-2 6-2,3,R32,66,3,1,53,35,26,12,8,4,4,2,3,48,28,16,7,8,2,6
2016-3628,Trnava,Clay,32,C,,20160814,11,HB71,,,Hubert Hurkacz,R,196,POL,19.504,399,110,M762,,,Jurgen Melzer,L,183,AUT,35.231,350,131,4-6 6-1 6-2,3,R32,89,9,3,79,53,42,14,13,6,7,0,3,72,50,28,13,12,5,9
2016-3628,Trnava,Clay,32,C,,20160814,12,J321,,,Roman Jebavy,R,185,CZE,26.743,1927,1,SM51,,,Dominik Sproch,,,SVK,23.061,1617,2,6-3 6-1,3,R32,61,0,1,54,40,25,5,8,3,6,1,8,49,19,8,8,8,5,12
2016-3628,Trnava,Clay,32,C,,20160814,13,SH91,,,Jordi Samper-Montana,R,,ESP,26.36,211,261,RA82,,,Yannik Reuter,R,,BEL,25.443,230,242,6-3 4-6 6-3,3,R32,126,0,2,80,54,38,15,14,2,5,2,1,79,52,32,15,14,4,9
2016-3628,Trnava,Clay,32,C,,20160814,14,SQ80,,,Akira Santillan,R,180,AUS,19.231,274,183,DA86,,,Joris De Loore,R,191,BEL,23.316,210,262,4-6 7-6(6) 7-6(5),3,R32,161,1,11,107,68,42,17,17,3,11,4,6,119,60,38,27,17,3,10
2016-3628,Trnava,Clay,32,C,,20160814,15,SK67,,,Jan Satral,R,185,CZE,26.059,232,237,E688,,,Markus Eriksson,R,188,SWE,26.708,406,108,1-6 6-3 6-3,3,R32,111,6,9,79,39,28,16,12,4,8,2,6,78,55,35,10,13,3,8
2016-3628,Trnava,Clay,32,C,,20160814,16,SO86,,,Robin Stanek,L,188,CZE,21.613,266,191,BM96,,,Martin Blasko,R,183,SVK,20.602,776,26,6-3 6-2,3,R32,58,5,1,46,22,21,16,9,0,0,1,0,52,35,17,12,8,3,6
2016-3628,Trnava,Clay,32,C,,20160814,17,SF36,3,,Igor Sijsling,R,191,NED,28.991,112,543,BU54,,,Geoffrey Blancaneaux,R,180,FRA,18.018,711,32,6-3 6-4,3,R16,74,0,1,51,26,18,12,9,1,4,0,4,65,37,17,15,10,4,10
2016-3628,Trnava,Clay,32,C,,20160814,18,HB71,,,Hubert Hurkacz,R,196,POL,19.504,399,110,G676,4,,Daniel Gimeno-Traver,R,183,ESP,31.02,126,478,3-6 6-4 7-6(5),3,R16,119,0,7,101,59,41,14,16,4,11,2,8,95,66,41,11,15,7,13
2016-3628,Trnava,Clay,32,C,,20160814,19,D632,5,,Steve Darcis,R,175,BEL,32.422,124,489,SO86,,,Robin Stanek,L,188,CZE,21.613,266,191,6-4 6-1,3,R16,68,3,1,47,29,23,12,8,2,2,1,1,61,37,24,8,9,6,10
2016-3628,Trnava,Clay,32,C,,20160814,20,CG33,6,,Kimmer Coppejans,R,178,BEL,22.516,160,363,SK67,,,Jan Satral,R,185,CZE,26.059,232,237,6-1 6-1,3,R16,54,1,1,47,37,27,6,7,2,2,0,3,44,27,12,7,7,5,10
2016-3628,Trnava,Clay,32,C,,20160814,21,SQ80,,,Akira Santillan,R,180,AUS,19.231,274,183,LB66,7,,Constant Lestienne,R,180,FRA,24.227,168,335,6-2 6-0,3,R16,57,4,5,45,25,20,8,7,0,1,0,2,45,25,10,5,7,4,10
2016-3628,Trnava,Clay,32,C,,20160814,22,D916,8,,Steven Diez,R,175,CAN,25.413,174,324,GB93,,,Norbert Gombos,R,193,SVK,26.004,305,157,7-6(4) 3-6 7-6(5),3,R16,174,0,5,127,83,51,21,16,8,13,7,7,117,59,40,32,17,7,11
2016-3628,Trnava,Clay,32,C,,20160814,23,MF78,,,Marek Michalicka,R,183,CZE,29.643,285,176,J321,,,Roman Jebavy,R,185,CZE,26.743,1927,1,5-7 6-2 6-2,3,R16,119,1,3,83,56,37,14,14,3,7,1,3,98,63,33,15,14,6,13
2016-3628,Trnava,Clay,32,C,,20160814,24,SH91,,,Jordi Samper-Montana,R,,ESP,26.36,211,261,G602,,,Andre Ghem,R,193,BRA,34.212,254,209,6-4 6-3,3,R16,83,1,2,72,53,34,11,10,3,5,2,4,50,34,19,8,9,1,5
2016-3628,Trnava,Clay,32,C,,20160814,25,D632,5,,Steve Darcis,R,175,BEL,32.422,124,489,SF36,3,,Igor Sijsling,R,191,NED,28.991,112,543,6-1 6-4,3,QF,71,2,1,53,26,17,13,8,1,4,0,4,53,24,15,7,9,4,11
2016-3628,Trnava,Clay,32,C,,20160814,26,SH91,,,Jordi Samper-Montana,R,,ESP,26.36,211,261,CG33,6,,Kimmer Coppejans,R,178,BEL,22.516,160,363,6-0 7-6(6),3,QF,91,1,1,53,28,18,10,9,1,5,0,9,57,39,17,3,9,2,9
2016-3628,Trnava,Clay,32,C,,20160814,27,D916,8,,Steven Diez,R,175,CAN,25.413,174,324,MF78,,,Marek Michalicka,R,183,CZE,29.643,285,176,6-3 6-4,3,QF,78,0,1,55,35,27,12,10,2,4,0,1,51,29,17,10,9,2,6
2016-3628,Trnava,Clay,32,C,,20160814,28,SQ80,,,Akira Santillan,R,180,AUS,19.231,274,183,HB71,,,Hubert Hurkacz,R,196,POL,19.504,399,110,7-5 7-5,3,QF,92,2,0,74,48,36,17,12,5,6,5,4,78,49,32,15,12,7,10
2016-3628,Trnava,Clay,32,C,,20160814,29,D632,5,,Steve Darcis,R,175,BEL,32.422,124,489,D916,8,,Steven Diez,R,175,CAN,25.413,174,324,6-4 6-4,3,SF,100,2,0,65,37,27,14,10,2,4,0,2,69,45,25,12,10,5,9
2016-3628,Trnava,Clay,32,C,,20160814,30,SH91,,,Jordi Samper-Montana,R,,ESP,26.36,211,261,SQ80,,,Akira Santillan,R,180,AUS,19.231,274,183,7-5 6-7(5) 6-4,3,SF,173,0,1,108,84,52,12,17,4,9,3,7,141,95,51,25,17,13,20
2016-3628,Trnava,Clay,32,C,,20160814,31,D632,5,,Steve Darcis,R,175,BEL,32.422,124,489,SH91,,,Jordi Samper-Montana,R,,ESP,26.36,211,261,6-3 6-4,3,F,96,3,3,59,36,27,10,10,5,8,0,4,67,40,24,7,9,8,13
2016-467,Aptos,Hard,32,C,,20160814,1,E687,1,,Daniel Evans,R,175,GBR,26.229,80,705,F974,,,Tom Fawcett,R,196,USA,20.824,1311,4,6-2 6-2,3,R32,71,1,3,58,28,22,18,8,1,1,3,4,51,31,21,4,8,2,6
2016-467,Aptos,Hard,32,C,,20160814,2,KB37,,,Evan King,L,185,USA,24.389,417,103,N732,2,,Yoshihito Nishioka,L,170,JPN,20.882,85,688,6-4 7-5,3,R32,109,2,0,77,50,29,16,11,3,6,1,1,60,32,21,13,11,0,5
2016-467,Aptos,Hard,32,C,,20160814,3,F811,3,,Bjorn Fratangelo,R,183,USA,23.072,115,520,K737,,,Alex Kuznetsov,R,183,USA,29.522,290,171,6-2 7-6(4),3,R32,86,2,1,53,35,32,12,10,0,0,2,1,77,44,30,16,10,4,6
2016-467,Aptos,Hard,32,C,,20160814,4,MK66,,,Mackenzie McDonald,R,178,USA,21.331,425,99,KE64,4,,Stefan Kozlov,R,183,USA,18.533,163,356,6-1 6-4,3,R32,81,4,3,60,32,23,18,9,3,3,3,6,52,17,14,14,8,5,8
2016-467,Aptos,Hard,32,C,,20160814,5,N771,,,Cameron Norrie,L,188,GBR,20.977,423,100,RB56,5,,Ramkumar Ramanathan,R,188,IND,21.766,203,279,6-3 7-6(8),3,R32,91,2,4,76,46,31,17,11,2,5,2,0,63,34,23,14,10,1,5
2016-467,Aptos,Hard,32,C,,20160814,6,E873,6,,Ernesto Escobedo,R,185,MEX,20.112,207,269,U134,,,Yasutaka Uchiyama,R,183,JPN,24.025,349,132,6-3 6-4,3,R32,88,2,2,75,48,36,14,10,6,6,4,3,57,31,26,7,9,4,6
2016-467,Aptos,Hard,32,C,,20160814,7,ME05,,,Marinko Matosevic,R,193,AUS,31.017,338,138,D551,7,,Farrukh Dustov,R,193,UZB,30.231,224,248,6-1 6-0,3,R32,49,5,1,41,18,17,13,7,3,3,1,5,41,22,11,5,6,4,9
2016-467,Aptos,Hard,32,C,,20160814,8,KC12,9,,Mitchell Krueger,R,188,USA,22.587,223,249,BI23,,,Liam Broady,L,183,GBR,22.609,281,179,6-2 6-4,3,R32,71,4,2,51,27,22,12,9,3,5,1,5,52,31,14,9,9,2,7
2016-467,Aptos,Hard,32,C,,20160814,9,BH02,,,Sekou Bangoura,R,183,USA,24.739,250,213,SK41,,,Nicolaas Scholtz,R,,RSA,25.522,320,146,6-3 6-3,3,R32,73,4,2,69,43,30,16,9,3,3,5,1,44,29,22,6,9,1,4
2016-467,Aptos,Hard,32,C,,20160814,10,CA62,,,Erik Crepaldi,L,,ITA,26.281,418,103,HA47,,,Alexios Halebian,L,,USA,22.185,590,51,7-5 7-5,3,R32,90,1,1,70,44,32,16,12,1,2,12,2,68,49,35,8,12,2,5
2016-467,Aptos,Hard,32,C,,20160814,11,GA36,,,Emilio Gomez,R,185,ECU,24.712,268,188,R977,,,Matt Reid,R,183,AUS,26.078,385,115,6-3 6-4,3,R32,68,3,1,53,33,23,14,10,1,2,7,2,62,32,23,11,9,3,6
2016-467,Aptos,Hard,32,C,,20160814,12,MG47,,,James McGee,R,183,IRL,29.18,286,175,MG84,,,Nicolas Meister,R,180,USA,27.25,284,176,4-6 7-5 7-5,3,R32,163,2,3,116,72,46,25,17,7,11,0,3,107,72,44,19,17,6,11
2016-467,Aptos,Hard,32,C,,20160814,13,MK40,,,Benjamin Mitchell,R,183,AUS,23.704,239,228,KA22,,,Dayne Kelly,R,,AUS,26.062,344,135,6-3 6-1,3,R32,64,2,4,47,34,25,6,8,2,3,0,4,51,22,11,12,8,2,7
2016-467,Aptos,Hard,32,C,,20160814,14,Q945,,,Eric Quigley,R,185,USA,27.537,443,93,E865,,,Christopher Eubanks,R,201,USA,20.277,963,13,6-2 6-1,3,R32,58,6,4,54,31,24,11,8,1,2,5,5,53,30,17,6,7,3,8
2016-467,Aptos,Hard,32,C,,20160814,15,SL09,,,Raymond Sarmiento,R,178,USA,24.057,516,69,GD08,,,Lloyd Glasspool,R,191,GBR,22.735,288,175,6-3 6-2,3,R32,65,4,2,60,30,24,16,9,4,5,5,3,50,34,22,4,8,6,10
2016-467,Aptos,Hard,32,C,,20160814,16,TB84,,,Clay Thompson,R,198,USA,24.279,525,66,LB20,,,John Lamble,R,183,USA,24.372,877,18,6-3 6-4,3,R32,74,4,3,64,43,30,10,10,3,5,3,3,51,28,15,13,9,0,4
2016-467,Aptos,Hard,32,C,,20160814,17,E687,1,,Daniel Evans,R,175,GBR,26.229,80,705,GA36,,,Emilio Gomez,R,185,ECU,24.712,268,188,6-4 6-7(5) 6-1,3,R16,138,3,6,113,67,57,16,15,10,11,3,3,104,59,37,26,14,8,12
2016-467,Aptos,Hard,32,C,,20160814,18,F811,3,,Bjorn Fratangelo,R,183,USA,23.072,115,520,TB84,,,Clay Thompson,R,198,USA,24.279,525,66,6-3 7-5,3,R16,67,2,1,62,41,35,10,11,2,3,7,5,64,42,28,9,10,3,6
2016-467,Aptos,Hard,32,C,,20160814,19,SL09,,,Raymond Sarmiento,R,178,USA,24.057,516,69,E873,6,,Ernesto Escobedo,R,185,MEX,20.112,207,269,6-2 6-2,3,R16,51,6,0,43,31,27,7,8,1,1,1,0,46,31,19,4,8,3,7
2016-467,Aptos,Hard,32,C,,20160814,20,MG47,,,James McGee,R,183,IRL,29.18,286,175,KC12,9,,Mitchell Krueger,R,188,USA,22.587,223,249,6-3 6-1,3,R16,78,3,1,49,32,24,11,8,1,1,4,2,57,37,24,6,8,5,9
2016-467,Aptos,Hard,32,C,,20160814,21,KB37,,,Evan King,L,185,USA,24.389,417,103,CA62,,,Erik Crepaldi,L,,ITA,26.281,418,103,6-3 7-5,3,R16,87,4,2,50,34,26,9,10,3,5,2,3,76,54,31,9,11,5,10
2016-467,Aptos,Hard,32,C,,20160814,22,ME05,,,Marinko Matosevic,R,193,AUS,31.017,338,138,MK40,,,Benjamin Mitchell,R,183,AUS,23.704,239,228,6-2 6-1,3,R16,79,4,1,61,38,24,13,8,9,10,0,7,52,28,16,7,7,6,11
2016-467,Aptos,Hard,32,C,,20160814,23,N771,,,Cameron Norrie,L,188,GBR,20.977,423,100,BH02,,,Sekou Bangoura,R,183,USA,24.739,250,213,7-6(3) 7-6(4),3,R16,104,2,3,77,47,38,17,12,2,3,2,0,82,54,41,15,12,4,5
2016-467,Aptos,Hard,32,C,,20160814,24,Q945,,,Eric Quigley,R,185,USA,27.537,443,93,MK66,,,Mackenzie McDonald,R,178,USA,21.331,425,99,5-7 6-4 6-2,3,R16,130,7,5,108,55,41,25,15,10,13,1,8,110,59,40,23,15,5,10
2016-467,Aptos,Hard,32,C,,20160814,25,E687,1,,Daniel Evans,R,175,GBR,26.229,80,705,MG47,,,James McGee,R,183,IRL,29.18,286,175,6-3 6-4,3,QF,75,3,1,62,41,27,14,10,2,3,1,2,49,32,18,8,9,0,3
2016-467,Aptos,Hard,32,C,,20160814,26,F811,3,,Bjorn Fratangelo,R,183,USA,23.072,115,520,ME05,,,Marinko Matosevic,R,193,AUS,31.017,338,138,6-4 6-2,3,QF,79,3,0,58,38,28,12,9,2,2,4,3,67,36,26,12,9,9,12
2016-467,Aptos,Hard,32,C,,20160814,27,N771,,,Cameron Norrie,L,188,GBR,20.977,423,100,KB37,,,Evan King,L,185,USA,24.389,417,103,6-3 4-6 6-4,3,QF,133,10,7,94,53,37,21,14,5,8,3,2,120,91,52,13,15,7,12
2016-467,Aptos,Hard,32,C,,20160814,28,Q945,,,Eric Quigley,R,185,USA,27.537,443,93,SL09,,,Raymond Sarmiento,R,178,USA,24.057,516,69,7-5 6-2,3,QF,82,3,3,75,39,29,18,10,8,9,0,2,55,30,18,12,10,0,4
2016-467,Aptos,Hard,32,C,,20160814,29,E687,1,,Daniel Evans,R,175,GBR,26.229,80,705,F811,3,,Bjorn Fratangelo,R,183,USA,23.072,115,520,6-3 6-3,3,SF,62,3,2,48,31,25,11,9,0,0,4,2,54,30,24,8,9,2,5
2016-467,Aptos,Hard,32,C,,20160814,30,N771,,,Cameron Norrie,L,188,GBR,20.977,423,100,Q945,,,Eric Quigley,R,185,USA,27.537,443,93,3-6 6-2 6-4,3,SF,92,4,5,71,37,26,18,13,2,5,3,4,79,39,28,20,14,2,7
2016-467,Aptos,Hard,32,C,,20160814,31,E687,1,,Daniel Evans,R,175,GBR,26.229,80,705,N771,,,Cameron Norrie,L,188,GBR,20.977,423,100,6-3 6-4,3,F,76,2,3,53,30,22,10,10,1,4,4,2,68,44,23,9,9,4,9
2016-7555,Qingdao,Clay,32,C,,20160814,1,K776,1,,Konstantin Kravchuk,R,191,RUS,31.472,97,615,O427,,,Bowen Ouyang,L,185,CHN,24.238,617,46,6-1 6-1,3,R32,57,4,0,38,25,19,9,7,0,0,2,3,49,36,17,3,7,3,8
2016-7555,Qingdao,Clay,32,C,,20160814,2,W571,,,Di Wu,R,173,CHN,24.917,176,321,AB40,,,Albert Alcaraz Ivorra,R,191,ESP,21.251,472,81,6-2 7-6(4),3,R32,127,2,1,75,54,28,15,10,5,8,3,1,83,60,29,12,10,4,9
2016-7555,Qingdao,Clay,32,C,,20160814,3,LA93,3,,Enrique Lopez Perez,R,180,ESP,25.199,185,307,L0AW,,,Chengze Lyu,,,CHN,,,,6-2 6-2,3,R32,69,1,0,40,25,19,13,8,0,0,5,8,58,31,20,8,8,4,8
2016-7555,Qingdao,Clay,32,C,,20160814,4,Z272,4,,Ze Zhang,R,188,CHN,26.114,177,314,W373,,,Jimmy Wang,R,180,TPE,31.513,348,133,7-5 1-6 6-2,3,R32,108,10,2,78,57,34,10,13,4,9,1,2,83,52,26,16,14,8,14
2016-7555,Qingdao,Clay,32,C,,20160814,5,PE02,,,Danilo Petrovic,R,203,SRB,24.556,352,130,LE01,5,,Duckhee Lee,R,170,KOR,18.212,169,332,6-1 6-2,3,R32,63,5,2,41,25,22,10,8,0,0,2,0,47,29,16,7,7,3,7
2016-7555,Qingdao,Clay,32,C,,20160814,6,R750,6,,Pere Riba,R,183,ESP,28.353,205,277,U120,,,Kaichi Uchida,R,180,JPN,21.977,391,112,6-3 6-4,3,R32,83,9,1,59,34,28,16,10,3,3,0,0,56,37,27,10,9,6,8
2016-7555,Qingdao,Clay,32,C,,20160814,7,R383,7,,Ruben Ramirez Hidalgo,R,183,ESP,38.604,172,325,BC76,,,Nicolas Barrientos,R,175,COL,29.309,272,186,7-6(6) 6-2,3,R32,105,4,4,72,46,32,12,10,5,7,6,3,67,43,29,8,10,6,10
2016-7555,Qingdao,Clay,32,C,,20160814,8,J380,,,Jason Jung,R,180,TPE,27.165,192,297,L733,8,,Zhe Li,R,183,CHN,29.9,248,217,7-5 6-4,3,R32,105,12,1,58,36,25,18,11,0,1,8,1,78,47,34,13,11,2,5
2016-7555,Qingdao,Clay,32,C,,20160814,9,G820,,,Xin Gao,R,180,CHN,22.259,592,51,SK02,,,Karunuday Singh,R,180,IND,25.736,1458,3,6-2 6-3,3,R32,79,5,1,61,37,25,15,9,4,5,5,4,53,21,12,15,8,2,6
2016-7555,Qingdao,Clay,32,C,,20160814,10,GA94,,,Prajnesh Gunneswaran,L,188,IND,26.754,397,110,KD87,,,Evgeny Karlovskiy,R,191,RUS,22.021,466,85,2-6 6-4 6-2,3,R32,113,5,1,77,52,36,14,13,5,8,8,9,74,39,30,16,13,0,4
2016-7555,Qingdao,Clay,32,C,,20160814,11,KF17,,,Soonwoo Kwon,R,180,KOR,18.7,334,140,N480,,,Jeevan Nedunchezhiyan,L,173,IND,27.817,629,43,7-6(3) 6-4,3,R32,112,8,8,95,62,42,11,11,11,15,7,3,66,38,23,10,11,4,9
2016-7555,Qingdao,Clay,32,C,,20160814,12,T885,,,Kento Takeuchi,L,,JPN,28.654,485,76,SX90,,,Fajing Sun,R,178,CHN,19.863,600,49,7-5 6-0,3,R32,90,2,1,59,39,31,8,9,4,4,0,1,55,37,25,6,9,8,12
2016-7555,Qingdao,Clay,32,C,,20160814,13,TG30,,,Rigele Te,R,188,CHN,18.847,811,23,HB59,,,Yecong He,R,180,CHN,22.494,555,60,7-6(2) 7-5,3,R32,119,9,0,90,51,35,22,12,4,6,2,2,73,52,35,11,12,3,6
2016-7555,Qingdao,Clay,32,C,,20160814,14,T742,,,Janko Tipsarevic,R,180,SRB,32.145,413,103,WB32,,,Yibing Wu,R,183,CHN,16.835,1241,5,6-2 6-0,3,R32,54,8,0,42,22,20,10,7,1,1,0,1,37,21,9,4,7,0,5
2016-7555,Qingdao,Clay,32,C,,20160814,15,W597,,,Tak Khunn Wang,R,175,FRA,24.838,434,95,O664,,,Makoto Ochi,L,175,JPN,20.282,380,117,6-2 6-2,3,R32,73,1,0,40,25,19,12,8,0,1,2,1,49,27,14,9,8,3,8
2016-7555,Qingdao,Clay,32,C,,20160814,16,Y123,,,Chu-Huan Yi,L,178,TPE,28.956,934,15,Z378,,,Wei Qiang Zheng,L,175,CHN,20.145,1153,7,6-3 3-6 7-6(1),3,R32,148,13,8,107,62,47,24,15,6,8,10,4,91,47,37,24,15,5,7
2016-7555,Qingdao,Clay,32,C,,20160814,17,K776,1,,Konstantin Kravchuk,R,191,RUS,31.472,97,615,W597,,,Tak Khunn Wang,R,175,FRA,24.838,434,95,6-4 6-3,3,R16,85,11,0,53,35,31,11,10,3,3,1,1,59,41,28,7,9,5,7
2016-7555,Qingdao,Clay,32,C,,20160814,18,T742,,,Janko Tipsarevic,R,180,SRB,32.145,413,103,W571,,,Di Wu,R,173,CHN,24.917,176,321,6-2 6-2,3,R16,64,7,0,44,25,20,13,8,0,0,2,3,47,28,14,9,8,2,6
2016-7555,Qingdao,Clay,32,C,,20160814,19,LA93,3,,Enrique Lopez Perez,R,180,ESP,25.199,185,307,KF17,,,Soonwoo Kwon,R,180,KOR,18.7,334,140,6-1 3-6 4-0 RET,3,R16,92,2,1,62,45,31,10,10,3,5,1,3,56,38,22,8,10,2,7
2016-7555,Qingdao,Clay,32,C,,20160814,20,Z272,4,,Ze Zhang,R,188,CHN,26.114,177,314,T885,,,Kento Takeuchi,L,,JPN,28.654,485,76,6-2 6-2,3,R16,80,0,4,45,27,21,9,8,0,1,6,3,67,38,18,13,8,4,9
2016-7555,Qingdao,Clay,32,C,,20160814,21,R750,6,,Pere Riba,R,183,ESP,28.353,205,277,GA94,,,Prajnesh Gunneswaran,L,188,IND,26.754,397,110,4-6 6-0 6-2,3,R16,108,3,3,70,48,35,9,12,3,6,2,2,86,65,36,5,12,7,14
2016-7555,Qingdao,Clay,32,C,,20160814,22,R383,7,,Ruben Ramirez Hidalgo,R,183,ESP,38.604,172,325,Y123,,,Chu-Huan Yi,L,178,TPE,28.956,934,15,6-2 6-0,3,R16,56,5,2,34,22,20,8,7,0,0,1,5,44,16,9,10,7,1,6
2016-7555,Qingdao,Clay,32,C,,20160814,23,J380,,,Jason Jung,R,180,TPE,27.165,192,297,G820,,,Xin Gao,R,180,CHN,22.259,592,51,W/O,3,R16,,,,,,,,,,,,,,,,,,,
2016-7555,Qingdao,Clay,32,C,,20160814,24,PE02,,,Danilo Petrovic,R,203,SRB,24.556,352,130,TG30,,,Rigele Te,R,188,CHN,18.847,811,23,6-0 6-2,3,R16,55,5,0,35,25,21,7,7,0,0,4,1,51,30,18,5,7,3,8
2016-7555,Qingdao,Clay,32,C,,20160814,25,J380,,,Jason Jung,R,180,TPE,27.165,192,297,K776,1,,Konstantin Kravchuk,R,191,RUS,31.472,97,615,6-4 7-5,3,QF,92,6,1,63,38,25,15,11,0,2,2,1,65,34,21,16,11,2,6
2016-7555,Qingdao,Clay,32,C,,20160814,26,R383,7,,Ruben Ramirez Hidalgo,R,183,ESP,38.604,172,325,LA93,3,,Enrique Lopez Perez,R,180,ESP,25.199,185,307,7-5 6-4,3,QF,100,5,1,64,37,28,14,11,4,6,7,2,62,45,32,6,11,4,8
2016-7555,Qingdao,Clay,32,C,,20160814,27,R750,6,,Pere Riba,R,183,ESP,28.353,205,277,Z272,4,,Ze Zhang,R,188,CHN,26.114,177,314,6-3 6-4,3,QF,83,9,1,59,34,25,10,10,1,3,1,2,53,38,21,9,9,3,7
2016-7555,Qingdao,Clay,32,C,,20160814,28,T742,,,Janko Tipsarevic,R,180,SRB,32.145,413,103,PE02,,,Danilo Petrovic,R,203,SRB,24.556,352,130,6-4 6-3,3,QF,81,8,6,54,29,26,11,9,2,3,2,2,56,37,24,6,10,3,7
2016-7555,Qingdao,Clay,32,C,,20160814,29,T742,,,Janko Tipsarevic,R,180,SRB,32.145,413,103,R750,6,,Pere Riba,R,183,ESP,28.353,205,277,6-2 6-4,3,SF,81,8,1,51,27,26,13,9,1,1,5,4,64,44,30,5,9,4,7
2016-7555,Qingdao,Clay,32,C,,20160814,30,R383,7,,Ruben Ramirez Hidalgo,R,183,ESP,38.604,172,325,J380,,,Jason Jung,R,180,TPE,27.165,192,297,4-6 6-0 7-6(5),3,SF,148,10,5,104,55,38,28,14,5,7,9,3,84,49,33,18,14,2,6
2016-7555,Qingdao,Clay,32,C,,20160814,31,T742,,,Janko Tipsarevic,R,180,SRB,32.145,413,103,R383,7,,Ruben Ramirez Hidalgo,R,183,ESP,38.604,172,325,1-6 7-5 6-1,3,F,132,,,,,,,,,,,,,,,,,,
2016-7559,Fano,Clay,32,C,,20160814,1,PH64,,,Andrea Pellegrino,R,185,ITA,19.395,504,72,CF59,1,,Roberto Carballes Baena,R,183,ESP,23.395,98,611,6-2 7-5,3,R32,92,4,3,58,35,28,12,10,0,1,1,3,68,43,27,9,10,3,7
2016-7559,Fano,Clay,32,C,,20160814,2,MI11,,,Axel Michon,L,,FRA,25.662,234,237,CF01,2,,Marco Cecchinato,R,185,ITA,23.871,140,411,7-5 6-0,3,R32,82,0,0,54,41,31,7,9,3,4,3,5,58,39,21,6,9,4,9
2016-7559,Fano,Clay,32,C,,20160814,3,KC29,3,,Nicolas Kicker,R,178,ARG,23.995,154,385,Q948,,,Gianluigi Quinzi,L,191,ITA,20.534,333,140,7-5 2-6 7-6(1),3,R32,166,1,2,118,71,47,23,16,5,10,3,2,116,67,42,28,16,6,10
2016-7559,Fano,Clay,32,C,,20160814,4,SG64,4,,Joao Souza,R,193,BRA,28.216,133,429,V494,,,Antal Van Der Duim,R,185,NED,28.912,226,245,6-1 6-4,3,R32,64,4,1,45,24,18,15,9,0,1,3,5,63,40,21,11,8,7,11
2016-7559,Fano,Clay,32,C,,20160814,5,LB07,5,,Gonzalo Lama,R,180,CHI,23.299,166,337,BA08,,,Alberto Brizzi,R,,ITA,32.386,967,13,7-6(7) 6-3,3,R32,97,1,2,81,46,31,19,11,3,5,3,2,58,35,22,14,10,0,3
2016-7559,Fano,Clay,32,C,,20160814,6,D981,6,,Arthur De Greef,R,183,BEL,24.383,142,409,GD64,,,Cristian Garin,R,185,CHI,20.208,252,210,7-5 3-2 RET,3,R32,76,2,2,49,29,21,11,8,4,5,3,5,53,29,19,11,9,3,6
2016-7559,Fano,Clay,32,C,,20160814,7,BK68,,,Francisco Bahamonde,R,185,ITA,19.767,371,120,BK19,7,,Mathias Bourgue,R,188,FRA,22.571,189,298,6-1 6-2,3,R32,74,0,0,35,18,15,13,7,0,0,0,5,65,43,21,8,8,9,14
2016-7559,Fano,Clay,32,C,,20160814,8,T984,,,Bastian Trinker,R,188,AUT,26.261,275,183,A622,8,,Andrea Arnaboldi,L,180,ITA,28.632,236,233,6-4 4-3 RET,3,R32,89,5,9,52,27,22,10,8,3,4,2,6,70,41,25,14,9,4,7
2016-7559,Fano,Clay,32,C,,20160814,9,CE25,,,Salvatore Caruso,R,185,ITA,23.663,330,142,HB48,,,Calvin Hemery,R,191,FRA,21.544,316,150,6-3 6-7(3) 6-1,3,R32,138,0,4,91,52,31,21,15,5,10,7,14,105,58,35,15,13,8,16
2016-7559,Fano,Clay,32,C,,20160814,10,DA67,,,Matteo Donati,R,185,ITA,21.459,249,213,GA79,,,Lorenzo Giustino,R,180,ITA,24.928,245,222,6-4 7-6(6),3,R32,104,12,2,83,47,36,18,11,7,8,4,5,77,44,31,17,11,3,5
2016-7559,Fano,Clay,32,C,,20160814,11,GB13,,,Germain Gigounon,R,178,BEL,27.318,296,165,D917,,,Sadio Doumbia,R,183,FRA,25.922,357,128,6-3 6-2,3,R32,85,1,1,48,30,20,12,8,6,7,2,6,72,47,27,7,9,12,17
2016-7559,Fano,Clay,32,C,,20160814,12,G922,,,Gerard Granollers,R,183,ESP,27.537,383,116,SH77,,,Artem Smirnov,L,188,UKR,28.531,297,164,6-4 6-4,3,R32,75,5,8,61,31,28,17,10,4,4,3,6,61,34,26,12,10,3,5
2016-7559,Fano,Clay,32,C,,20160814,13,ML57,,,Gianluca Mager,R,188,ITA,21.703,343,136,PF36,,,David Perez Sanz,R,180,ESP,22.251,241,227,6-1 6-3,3,R32,58,0,1,43,22,17,12,8,1,3,0,1,42,22,8,7,8,1,7
2016-7559,Fano,Clay,32,C,,20160814,14,PC63,,,Alessandro Petrone,,,ITA,25.643,1927,1,MO55,,,Lucas Miedler,R,183,AUT,20.148,459,87,5-7 6-2 6-4,3,R32,146,5,4,107,80,49,13,15,12,17,0,8,104,67,36,16,15,10,17
2016-7559,Fano,Clay,32,C,,20160814,15,SU87,,,Lorenzo Sonego,R,191,ITA,21.262,295,165,HA28,,,Filip Horansky,R,191,SVK,23.6,359,126,6-0 6-1,3,R32,48,2,1,28,13,11,13,6,0,0,0,4,48,31,12,4,7,4,10
2016-7559,Fano,Clay,32,C,,20160814,16,V254,,,Filippo Volandri,R,183,ITA,34.94,215,258,E766,,,Edoardo Eremin,R,185,ITA,22.858,301,162,7-5 6-4,3,R32,98,0,4,74,49,31,11,11,6,10,2,6,70,35,21,14,11,6,12
2016-7559,Fano,Clay,32,C,,20160814,17,KC29,3,,Nicolas Kicker,R,178,ARG,23.995,154,385,SU87,,,Lorenzo Sonego,R,191,ITA,21.262,295,165,6-3 2-6 6-1,3,R16,115,0,2,83,63,43,11,12,5,7,4,4,76,42,27,16,12,5,9
2016-7559,Fano,Clay,32,C,,20160814,18,SG64,4,,Joao Souza,R,193,BRA,28.216,133,429,PC63,,,Alessandro Petrone,,,ITA,25.643,1927,1,6-4 7-5,3,R16,101,9,2,74,51,35,12,11,3,5,2,6,69,43,26,12,11,5,9
2016-7559,Fano,Clay,32,C,,20160814,19,LB07,5,,Gonzalo Lama,R,180,CHI,23.299,166,337,GB13,,,Germain Gigounon,R,178,BEL,27.318,296,165,4-6 6-4 6-1,3,R16,117,0,3,77,48,36,11,13,2,5,1,3,99,59,36,17,14,13,19
2016-7559,Fano,Clay,32,C,,20160814,20,DA67,,,Matteo Donati,R,185,ITA,21.459,249,213,D981,6,,Arthur De Greef,R,183,BEL,24.383,142,409,6-4 6-2,3,R16,72,2,1,53,31,23,9,9,1,3,1,3,59,33,16,14,9,4,9
2016-7559,Fano,Clay,32,C,,20160814,21,BK68,,,Francisco Bahamonde,R,185,ITA,19.767,371,120,G922,,,Gerard Granollers,R,183,ESP,27.537,383,116,2-6 6-4 6-0,3,R16,117,0,4,80,50,33,12,12,6,10,1,4,74,28,15,22,12,2,8
2016-7559,Fano,Clay,32,C,,20160814,22,CE25,,,Salvatore Caruso,R,185,ITA,23.663,330,142,PH64,,,Andrea Pellegrino,R,185,ITA,19.395,504,72,6-2 3-6 6-0,3,R16,99,0,2,64,31,23,21,11,4,5,3,3,78,46,30,13,12,5,10
2016-7559,Fano,Clay,32,C,,20160814,23,MI11,,,Axel Michon,L,,FRA,25.662,234,237,ML57,,,Gianluca Mager,R,188,ITA,21.703,343,136,1-6 7-6(8) 6-4,3,R16,150,0,3,111,85,55,9,14,11,15,13,4,105,64,43,23,15,9,12
2016-7559,Fano,Clay,32,C,,20160814,24,V254,,,Filippo Volandri,R,183,ITA,34.94,215,258,T984,,,Bastian Trinker,R,188,AUT,26.261,275,183,6-2 6-2,3,R16,58,0,0,43,29,24,8,8,0,0,1,2,51,29,19,6,8,3,7
2016-7559,Fano,Clay,32,C,,20160814,25,KC29,3,,Nicolas Kicker,R,178,ARG,23.995,154,385,V254,,,Filippo Volandri,R,183,ITA,34.94,215,258,6-2 6-1,3,QF,55,3,1,38,22,16,12,7,1,2,0,3,51,40,18,2,8,3,9
2016-7559,Fano,Clay,32,C,,20160814,26,SG64,4,,Joao Souza,R,193,BRA,28.216,133,429,LB07,5,,Gonzalo Lama,R,180,CHI,23.299,166,337,6-0 6-0,3,QF,48,3,0,33,22,19,7,6,0,0,0,3,33,24,7,2,6,4,10
2016-7559,Fano,Clay,32,C,,20160814,27,CE25,,,Salvatore Caruso,R,185,ITA,23.663,330,142,BK68,,,Francisco Bahamonde,R,185,ITA,19.767,371,120,7-5 6-4,3,QF,120,0,2,71,43,31,17,11,1,1,1,2,80,58,37,13,11,3,5
2016-7559,Fano,Clay,32,C,,20160814,28,MI11,,,Axel Michon,L,,FRA,25.662,234,237,DA67,,,Matteo Donati,R,185,ITA,21.459,249,213,6-4 6-3,3,QF,89,1,0,66,40,29,12,9,3,4,1,2,70,42,24,14,10,3,7
2016-7559,Fano,Clay,32,C,,20160814,29,KC29,3,,Nicolas Kicker,R,178,ARG,23.995,154,385,MI11,,,Axel Michon,L,,FRA,25.662,234,237,6-1 6-0,3,SF,59,3,3,50,23,18,16,7,5,5,1,0,35,25,10,3,6,2,7
2016-7559,Fano,Clay,32,C,,20160814,30,SG64,4,,Joao Souza,R,193,BRA,28.216,133,429,CE25,,,Salvatore Caruso,R,185,ITA,23.663,330,142,6-3 6-4,3,SF,91,5,1,53,27,23,19,10,2,2,1,2,53,27,18,16,9,3,5
2016-7559,Fano,Clay,32,C,,20160814,31,SG64,4,,Joao Souza,R,193,BRA,28.216,133,429,KC29,3,,Nicolas Kicker,R,178,ARG,23.995,154,385,6-4 6-7(12) 6-2,3,F,192,2,5,117,68,44,23,15,7,11,5,5,120,73,41,19,15,6,13
2016-2120,Cordenons,Clay,32,C,,20160821,1,L503,,,Paolo Lorenzi,R,183,ITA,34.683,40,1110,T868,,,Walter Trusendi,,,ITA,31.63,510,70,6-4 3-6 6-1,3,R32,150,0,6,99,54,36,18,13,5,9,3,1,91,51,28,21,13,10,16
2016-2120,Cordenons,Clay,32,C,,20160821,2,DA81,2,,Taro Daniel,R,191,JPN,23.565,120,507,D815,,,Fabiano De Paula,R,178,BRA,27.729,912,16,6-7(8) 6-3 6-3,3,R32,145,4,8,92,54,39,19,15,1,3,2,2,105,75,49,11,15,9,14
2016-2120,Cordenons,Clay,32,C,,20160821,3,MD56,3,,Leonardo Mayer,R,191,ARG,29.27,130,455,T984,,,Bastian Trinker,R,188,AUT,26.281,274,191,6-0 6-3,3,R32,60,3,3,43,29,24,7,7,0,0,1,1,56,36,19,7,8,4,9
2016-2120,Cordenons,Clay,32,C,,20160821,4,G676,4,,Daniel Gimeno-Traver,R,183,ESP,31.039,126,478,U061,,,Adrian Ungur,R,178,ROU,31.578,205,280,6-2 2-1 RET,3,R32,44,1,0,38,26,18,5,6,3,5,0,0,26,15,7,3,5,4,8
2016-2120,Cordenons,Clay,32,C,,20160821,5,TE16,,,Carlos Taberner,R,183,ESP,19.036,395,115,Z189,5,,Grega Zemlja,R,183,SLO,29.895,147,396,6-2 4-6 6-4,3,R32,122,3,6,85,57,39,12,14,5,10,3,9,85,35,23,18,14,7,14
2016-2120,Cordenons,Clay,32,C,,20160821,6,CF01,6,,Marco Cecchinato,R,185,ITA,23.89,140,411,D917,,,Sadio Doumbia,R,183,FRA,25.941,353,133,3-6 6-4 6-2,3,R32,122,11,3,94,61,40,17,14,1,4,2,4,95,68,42,11,13,6,10
2016-2120,Cordenons,Clay,32,C,,20160821,7,Y218,7,,Elias Ymer,R,185,SWE,20.364,148,394,KH56,,,Zdenek Kolar,R,183,CZE,19.866,262,199,5-7 6-2 7-6(5),3,R32,138,4,3,105,73,48,22,16,5,7,5,6,99,44,30,34,16,6,9
2016-2120,Cordenons,Clay,32,C,,20160821,8,KB05,8,,Filip Krajinovic,R,185,SRB,24.482,153,380,GD64,,,Cristian Garin,R,185,CHI,20.227,254,207,6-0 3-6 6-1,3,R32,92,6,2,65,41,29,13,11,0,2,2,5,76,38,21,14,11,3,9
2016-2120,Cordenons,Clay,32,C,,20160821,9,CC66,,,Andrea Collarini,L,183,ARG,24.556,413,108,KC33,,,Dimitar Kuzmanov,R,183,BUL,23.066,296,167,6-1 6-2,3,R32,69,1,1,32,22,20,8,7,0,0,0,5,59,34,18,11,8,8,13
2016-2120,Cordenons,Clay,32,C,,20160821,10,DA67,,,Matteo Donati,R,185,ITA,21.478,239,230,BH76,,,Riccardo Bellotti,R,,ITA,25.046,278,187,6-1 6-4,3,R32,81,1,5,58,29,20,13,8,0,3,0,6,71,51,25,5,9,5,12
2016-2120,Cordenons,Clay,32,C,,20160821,11,E766,,,Edoardo Eremin,R,185,ITA,22.877,305,159,SI06,,,Antonio Sancic,R,180,CRO,27.743,908,16,6-1 7-6(4),3,R32,86,3,3,63,25,19,18,10,0,3,2,2,57,22,14,15,9,0,5
2016-2120,Cordenons,Clay,32,C,,20160821,12,GA79,,,Lorenzo Giustino,R,180,ITA,24.947,244,222,CE25,,,Salvatore Caruso,R,185,ITA,23.682,313,153,6-2 6-4,3,R32,90,2,3,56,32,25,15,9,6,7,3,5,65,40,26,9,9,7,11
2016-2120,Cordenons,Clay,32,C,,20160821,13,MF09,,,Nikola Mektic,R,183,CRO,27.658,361,131,ML57,,,Gianluca Mager,R,188,ITA,21.722,332,144,4-6 6-1 6-4,3,R32,107,4,3,74,45,36,19,14,2,3,8,7,87,51,35,17,13,6,9
2016-2120,Cordenons,Clay,32,C,,20160821,14,MA38,,,Jan Mertl,R,191,CZE,34.631,279,182,SJ22,,,Gleb Sakharov,R,185,FRA,28.197,272,192,6-2 6-1,3,R32,80,1,5,55,33,22,14,8,4,5,3,5,47,24,15,5,7,7,12
2016-2120,Cordenons,Clay,32,C,,20160821,15,Q948,,,Gianluigi Quinzi,L,191,ITA,20.553,339,140,V886,,,Pablo Vivero Gonzalez,R,193,ESP,21.322,349,135,6-1 6-1,3,R32,56,1,5,40,22,20,6,7,1,2,1,4,42,30,10,5,7,4,10
2016-2120,Cordenons,Clay,32,C,,20160821,16,SU87,,,Lorenzo Sonego,R,191,ITA,21.281,290,172,SN54,,,Frederico Ferreira Silva,L,178,POR,21.429,252,212,6-4 6-1,3,R32,102,4,3,58,34,27,12,9,5,6,0,1,75,33,19,20,8,10,14
2016-2120,Cordenons,Clay,32,C,,20160821,17,L503,,,Paolo Lorenzi,R,183,ITA,34.683,40,1110,E766,,,Edoardo Eremin,R,185,ITA,22.877,305,159,4-6 6-1 6-1,3,R16,122,5,2,74,34,23,22,12,2,6,6,5,87,34,18,21,12,8,16
2016-2120,Cordenons,Clay,32,C,,20160821,18,DA81,2,,Taro Daniel,R,191,JPN,23.565,120,507,DA67,,,Matteo Donati,R,185,ITA,21.478,239,230,6-3 6-4,3,R16,82,1,1,62,41,32,12,10,3,3,6,0,57,36,25,10,9,2,4
2016-2120,Cordenons,Clay,32,C,,20160821,19,Q948,,,Gianluigi Quinzi,L,191,ITA,20.553,339,140,MD56,3,,Leonardo Mayer,R,191,ARG,29.27,130,455,6-4 2-6 6-4,3,R16,123,4,4,86,48,37,20,14,5,7,14,9,92,52,39,19,14,3,5
2016-2120,Cordenons,Clay,32,C,,20160821,20,G676,4,,Daniel Gimeno-Traver,R,183,ESP,31.039,126,478,CC66,,,Andrea Collarini,L,183,ARG,24.556,413,108,6-3 6-3,3,R16,70,2,3,57,43,30,7,9,3,4,3,1,50,33,19,8,9,5,9
2016-2120,Cordenons,Clay,32,C,,20160821,21,MA38,,,Jan Mertl,R,191,CZE,34.631,279,182,CF01,6,,Marco Cecchinato,R,185,ITA,23.89,140,411,W/O,3,R16,,,,,,,,,,,,,,,,,,,
2016-2120,Cordenons,Clay,32,C,,20160821,22,Y218,7,,Elias Ymer,R,185,SWE,20.364,148,394,GA79,,,Lorenzo Giustino,R,180,ITA,24.947,244,222,6-2 3-6 6-1,3,R16,109,1,1,74,46,32,18,12,5,7,2,5,72,37,26,13,12,3,8
2016-2120,Cordenons,Clay,32,C,,20160821,23,KB05,8,,Filip Krajinovic,R,185,SRB,24.482,153,380,MF09,,,Nikola Mektic,R,183,CRO,27.658,361,131,6-2 6-2,3,R16,61,4,1,42,25,19,11,8,0,1,1,0,52,36,18,5,8,2,7
2016-2120,Cordenons,Clay,32,C,,20160821,24,SU87,,,Lorenzo Sonego,R,191,ITA,21.281,290,172,TE16,,,Carlos Taberner,R,183,ESP,19.036,395,115,6-2 7-5,3,R16,119,3,2,75,42,24,19,10,5,8,0,5,64,41,22,8,10,4,10
2016-2120,Cordenons,Clay,32,C,,20160821,25,L503,,,Paolo Lorenzi,R,183,ITA,34.683,40,1110,KB05,8,,Filip Krajinovic,R,185,SRB,24.482,153,380,6-2 4-6 6-1,3,QF,129,1,1,69,36,21,23,12,2,5,1,1,92,52,23,22,13,6,13
2016-2120,Cordenons,Clay,32,C,,20160821,26,DA81,2,,Taro Daniel,R,191,JPN,23.565,120,507,SU87,,,Lorenzo Sonego,R,191,ITA,21.281,290,172,W/O,3,QF,,,,,,,,,,,,,,,,,,,
2016-2120,Cordenons,Clay,32,C,,20160821,27,G676,4,,Daniel Gimeno-Traver,R,183,ESP,31.039,126,478,MA38,,,Jan Mertl,R,191,CZE,34.631,279,182,6-1 6-4,3,QF,72,2,2,49,30,26,11,9,0,0,2,1,58,36,24,8,8,2,5
2016-2120,Cordenons,Clay,32,C,,20160821,28,Q948,,,Gianluigi Quinzi,L,191,ITA,20.553,339,140,Y218,7,,Elias Ymer,R,185,SWE,20.364,148,394,7-6(5) 3-6 7-5,3,QF,169,1,1,108,57,34,24,16,7,14,4,6,109,53,37,21,17,4,11
2016-2120,Cordenons,Clay,32,C,,20160821,29,G676,4,,Daniel Gimeno-Traver,R,183,ESP,31.039,126,478,L503,,,Paolo Lorenzi,R,183,ITA,34.683,40,1110,6-3 3-6 7-6(4),3,SF,160,3,6,125,84,53,20,15,12,16,2,0,98,70,46,14,15,4,8
2016-2120,Cordenons,Clay,32,C,,20160821,30,DA81,2,,Taro Daniel,R,191,JPN,23.565,120,507,Q948,,,Gianluigi Quinzi,L,191,ITA,20.553,339,140,7-5 6-3,3,SF,115,0,5,91,58,37,15,11,8,10,1,0,59,31,23,11,10,1,5
2016-2120,Cordenons,Clay,32,C,,20160821,31,DA81,2,,Taro Daniel,R,191,JPN,23.565,120,507,G676,4,,Daniel Gimeno-Traver,R,183,ESP,31.039,126,478,6-3 6-4,3,F,82,0,2,54,40,31,7,10,2,3,2,5,57,34,22,11,9,3,6
2016-6809,Meerbusch,Clay,32,C,,20160821,1,MB02,1,,Florian Mayer,R,191,GER,32.879,73,733,PJ02,,,Aliaksandr Prudnikau,,,BLR,20.835,1919,1,6-0 6-3,3,R32,49,0,2,38,21,17,10,7,2,3,0,5,46,32,14,3,8,1,7
2016-6809,Meerbusch,Clay,32,C,,20160821,2,CF59,2,,Roberto Carballes Baena,R,183,ESP,23.414,95,611,E180,,,Mikhail Elgin,R,183,RUS,34.853,509,70,6-0 6-3,3,R32,59,4,0,46,25,21,13,8,1,1,0,4,45,31,21,2,7,5,9
2016-6809,Meerbusch,Clay,32,C,,20160821,3,V613,,,Andrei Vasilevski,R,185,BLR,25.235,655,41,SF36,3,,Igor Sijsling,R,191,NED,29.01,111,554,W/O,3,R32,,,,,,,,,,,,,,,,,,,
2016-6809,Meerbusch,Clay,32,C,,20160821,4,D916,4,,Steven Diez,R,175,CAN,25.432,168,351,GH00,,,Marvin Greven,R,,GER,20.071,,,6-1 6-2,3,R32,66,2,1,38,24,16,11,7,0,1,0,1,58,31,15,9,8,5,11
2016-6809,Meerbusch,Clay,32,C,,20160821,5,J397,5,,Jerzy Janowicz,R,203,POL,25.771,185,311,HA28,,,Filip Horansky,R,191,SVK,23.619,371,126,6-1 6-2,3,R32,61,1,2,49,33,26,10,8,1,1,2,3,55,32,18,8,7,3,7
2016-6809,Meerbusch,Clay,32,C,,20160821,6,SH91,6,,Jordi Samper-Montana,R,,ESP,26.379,184,315,CB14,,,Daniel Cox,R,170,GBR,25.897,528,65,6-1 6-4,3,R32,81,0,4,73,57,34,11,9,6,7,1,2,45,24,15,8,8,1,5
2016-6809,Meerbusch,Clay,32,C,,20160821,7,MN13,,,Maximilian Marterer,L,188,GER,21.185,316,152,G602,7,,Andre Ghem,R,193,BRA,34.231,248,217,3-6 6-3 6-2,3,R32,105,7,3,73,49,35,17,13,2,3,5,2,91,49,33,22,13,8,11
2016-6809,Meerbusch,Clay,32,C,,20160821,8,SQ80,,,Akira Santillan,R,180,AUS,19.25,251,213,I236,8,,Uladzimir Ignatik,R,183,BLR,26.105,245,221,4-6 7-6(4) 6-3,3,R32,132,7,5,99,59,44,18,15,6,10,7,6,100,63,45,15,16,7,12
2016-6809,Meerbusch,Clay,32,C,,20160821,9,GF08,,,Clement Geens,R,178,BEL,20.446,266,196,J347,,,Yannick Jankovits,R,,FRA,29.624,293,170,6-4 6-2,3,R32,76,2,4,54,28,22,15,9,2,3,3,3,62,33,20,12,9,0,4
2016-6809,Meerbusch,Clay,32,C,,20160821,10,GB13,,,Germain Gigounon,R,178,BEL,27.337,297,166,L908,,,Nils Langer,R,193,GER,26.571,275,190,6-4 5-7 6-3,3,R32,123,1,0,80,51,36,18,15,1,4,4,7,98,50,38,21,16,8,13
2016-6809,Meerbusch,Clay,32,C,,20160821,11,J400,,,Jeremy Jahn,R,178,GER,26.379,310,155,O340,,,Roberto Ortega-Olmedo,R,168,ESP,25.311,314,153,5-7 6-3 6-3,3,R32,131,4,4,88,55,37,16,15,6,11,0,6,91,49,26,18,15,5,12
2016-6809,Meerbusch,Clay,32,C,,20160821,12,KI74,,,Nicola Kuhn,R,185,GER,16.422,1323,4,PG69,,,Juan Pablo Paz,R,173,ARG,21.629,320,151,6-4 2-6 6-2,3,R32,135,0,4,89,60,34,14,13,4,9,3,3,95,52,30,18,13,9,15
2016-6809,Meerbusch,Clay,32,C,,20160821,13,MN20,,,Daniel Masur,R,183,GER,21.791,307,158,O449,,,Oscar Otte,R,193,GER,23.099,600,50,6-3 6-0,3,R32,48,1,1,44,25,21,10,8,0,1,2,2,45,28,14,6,7,5,10
2016-6809,Meerbusch,Clay,32,C,,20160821,14,MG08,,,Yannick Mertens,R,185,BEL,29.158,258,203,V717,,,Alexey Vatutin,R,178,RUS,23.817,273,192,1-6 7-6(5) 6-3,3,R32,120,3,2,84,56,38,14,13,9,13,1,0,102,67,43,17,15,7,11
2016-6809,Meerbusch,Clay,32,C,,20160821,15,MN23,,,Aleksandre Metreveli,R,183,GEO,23.031,324,148,GB93,,,Norbert Gombos,R,193,SVK,26.023,347,136,6-1 2-6 7-6(4),3,R32,142,0,4,101,55,39,23,14,2,5,3,4,103,61,40,22,13,9,12
2016-6809,Meerbusch,Clay,32,C,,20160821,16,SH37,,,Marc Sieber,L,178,GER,28.479,302,162,MN08,,,Nico Matic,R,178,GER,24.638,578,53,6-0 6-0,3,R32,46,0,0,31,20,14,10,6,0,0,0,8,36,11,6,4,6,1,7
2016-6809,Meerbusch,Clay,32,C,,20160821,17,MB02,1,,Florian Mayer,R,191,GER,32.879,73,733,KI74,,,Nicola Kuhn,R,185,GER,16.422,1323,4,6-2 6-3,3,R16,65,2,2,49,29,21,12,8,2,3,1,1,50,34,16,7,9,2,7
2016-6809,Meerbusch,Clay,32,C,,20160821,18,CF59,2,,Roberto Carballes Baena,R,183,ESP,23.414,95,611,J400,,,Jeremy Jahn,R,178,GER,26.379,310,155,6-7(3) 3-3 RET,3,R16,110,1,2,79,56,35,12,9,5,7,0,2,71,55,37,7,9,7,9
2016-6809,Meerbusch,Clay,32,C,,20160821,19,GF08,,,Clement Geens,R,178,BEL,20.446,266,196,D916,4,,Steven Diez,R,175,CAN,25.432,168,351,7-6(4) 6-4,3,R16,116,10,3,80,48,37,12,11,3,5,2,1,75,44,26,16,11,2,5
2016-6809,Meerbusch,Clay,32,C,,20160821,20,J397,5,,Jerzy Janowicz,R,203,POL,25.771,185,311,GB13,,,Germain Gigounon,R,178,BEL,27.337,297,166,6-1 3-6 6-3,3,R16,118,4,6,88,51,36,22,13,4,5,3,1,72,50,34,11,12,4,7
2016-6809,Meerbusch,Clay,32,C,,20160821,21,SH37,,,Marc Sieber,L,178,GER,28.479,302,162,SH91,6,,Jordi Samper-Montana,R,,ESP,26.379,184,315,4-6 6-1 7-6(2),3,R16,152,2,1,99,80,51,12,14,7,10,2,1,100,67,42,15,15,5,10
2016-6809,Meerbusch,Clay,32,C,,20160821,22,MN13,,,Maximilian Marterer,L,188,GER,21.185,316,152,MG08,,,Yannick Mertens,R,185,BEL,29.158,258,203,6-2 6-4,3,R16,77,1,0,50,32,27,10,9,0,0,2,2,64,40,29,7,9,2,5
2016-6809,Meerbusch,Clay,32,C,,20160821,23,MN20,,,Daniel Masur,R,183,GER,21.791,307,158,V613,,,Andrei Vasilevski,R,185,BLR,25.235,655,41,6-2 6-1,3,R16,51,3,1,44,24,20,14,8,1,1,4,2,51,30,17,8,7,3,7
2016-6809,Meerbusch,Clay,32,C,,20160821,24,MN23,,,Aleksandre Metreveli,R,183,GEO,23.031,324,148,SQ80,,,Akira Santillan,R,180,AUS,19.25,251,213,2-6 6-4 6-0,3,R16,115,1,5,90,50,35,18,12,10,13,8,1,84,52,31,16,12,6,11
2016-6809,Meerbusch,Clay,32,C,,20160821,25,MB02,1,,Florian Mayer,R,191,GER,32.879,73,733,SH37,,,Marc Sieber,L,178,GER,28.479,302,162,6-4 7-5,3,QF,101,7,0,82,50,34,15,11,2,4,0,4,71,47,29,12,11,2,6
2016-6809,Meerbusch,Clay,32,C,,20160821,26,MN13,,,Maximilian Marterer,L,188,GER,21.185,316,152,CF59,2,,Roberto Carballes Baena,R,183,ESP,23.414,95,611,3-6 6-3 6-1,3,QF,123,4,3,72,40,30,15,12,2,5,1,4,95,57,34,15,13,8,14
2016-6809,Meerbusch,Clay,32,C,,20160821,27,GF08,,,Clement Geens,R,178,BEL,20.446,266,196,J397,5,,Jerzy Janowicz,R,203,POL,25.771,185,311,6-3 6-7(5) 6-3,3,QF,123,16,5,101,60,53,20,16,4,5,6,3,89,51,37,20,14,1,4
2016-6809,Meerbusch,Clay,32,C,,20160821,28,MN20,,,Daniel Masur,R,183,GER,21.791,307,158,MN23,,,Aleksandre Metreveli,R,183,GEO,23.031,324,148,7-6(4) 3-6 7-5,3,QF,160,3,2,133,79,52,23,16,16,21,1,6,107,69,45,19,17,3,8
2016-6809,Meerbusch,Clay,32,C,,20160821,29,MB02,1,,Florian Mayer,R,191,GER,32.879,73,733,MN20,,,Daniel Masur,R,183,GER,21.791,307,158,6-2 6-2,3,SF,63,9,1,43,26,22,11,8,2,2,4,4,69,40,23,11,8,5,9
2016-6809,Meerbusch,Clay,32,C,,20160821,30,MN13,,,Maximilian Marterer,L,188,GER,21.185,316,152,GF08,,,Clement Geens,R,178,BEL,20.446,266,196,6-0 6-4,3,SF,55,7,0,41,24,21,12,8,1,1,1,2,41,22,13,8,8,1,5
2016-6809,Meerbusch,Clay,32,C,,20160821,31,MB02,1,,Florian Mayer,R,191,GER,32.879,73,733,MN13,,,Maximilian Marterer,L,188,GER,21.185,316,152,7-6(4) 6-2,3,F,88,2,0,65,38,28,19,10,2,3,0,1,74,47,32,12,10,5,8
2016-9028,Manerbio,Clay,32,C,,20160828,1,MI43,1,,Gerald Melzer,L,188,AUT,26.127,91,659,PH64,,,Andrea Pellegrino,R,185,ITA,19.433,480,79,6-2 6-4,3,R32,71,5,0,48,38,24,7,9,3,5,2,2,57,38,23,4,9,6,11
2016-9028,Manerbio,Clay,32,C,,20160828,2,DA81,2,,Taro Daniel,R,191,JPN,23.584,104,589,MA38,,,Jan Mertl,R,191,CZE,34.65,266,199,7-6(10) 6-2,3,R32,109,0,3,67,46,31,13,10,0,1,6,3,75,35,22,22,10,4,7
2016-9028,Manerbio,Clay,32,C,,20160828,3,SU87,,,Lorenzo Sonego,R,191,ITA,21.3,277,187,MF35,3,,Andrej Martin,R,183,SVK,26.938,121,499,6-3 6-2,3,R32,93,2,2,58,33,25,11,8,6,7,0,3,52,35,20,7,9,3,8
2016-9028,Manerbio,Clay,32,C,,20160828,4,G676,4,,Daniel Gimeno-Traver,R,183,ESP,31.058,117,525,SN54,,,Frederico Ferreira Silva,L,178,POR,21.448,252,212,6-2 6-2,3,R32,77,3,2,50,32,25,9,8,1,2,2,2,52,25,12,11,8,6,11
2016-9028,Manerbio,Clay,32,C,,20160828,5,MD56,5,,Leonardo Mayer,R,191,ARG,29.29,131,453,GA71,,,Laurynas Grigelis,R,183,LTU,25.04,478,80,6-4 6-2,3,R32,84,7,2,54,38,26,9,9,5,7,2,4,63,33,21,9,9,4,9
2016-9028,Manerbio,Clay,32,C,,20160828,6,L908,,,Nils Langer,R,193,GER,26.59,275,190,CF01,6,,Marco Cecchinato,R,185,ITA,23.91,137,419,6-4 6-4,3,R32,71,6,3,57,31,27,13,10,0,1,2,1,47,29,19,12,10,2,5
2016-9028,Manerbio,Clay,32,C,,20160828,7,Y218,7,,Elias Ymer,R,185,SWE,20.383,141,411,E766,,,Edoardo Eremin,R,185,ITA,22.897,301,167,6-4 7-6(4),3,R32,111,2,1,75,42,24,20,11,8,12,3,5,65,22,17,16,11,3,8
2016-9028,Manerbio,Clay,32,C,,20160828,8,KB05,8,,Filip Krajinovic,R,185,SRB,24.501,183,307,SQ80,,,Akira Santillan,R,180,AUS,19.269,244,219,6-3 6-3,3,R32,79,0,1,59,36,22,11,9,2,5,2,3,61,30,14,13,9,4,10
2016-9028,Manerbio,Clay,32,C,,20160828,9,D815,,,Fabiano De Paula,R,178,BRA,27.748,911,16,TE51,,,Stefanos Tsitsipas,R,193,GRE,18.045,334,142,7-6(4) 6-7(3) 7-5,3,R32,152,2,1,119,100,71,9,18,3,5,11,3,116,72,55,21,18,2,5
2016-9028,Manerbio,Clay,32,C,,20160828,10,D750,,,Kenny De Schepper,L,203,FRA,29.251,164,345,CG04,,,Pedro Cachin,R,185,ARG,21.38,285,177,4-6 6-3 7-5,3,R32,146,2,1,101,77,55,13,16,4,5,7,7,102,58,42,23,15,7,9
2016-9028,Manerbio,Clay,32,C,,20160828,11,DA67,,,Matteo Donati,R,185,ITA,21.498,234,230,V254,,,Filippo Volandri,R,183,ITA,34.979,213,258,6-3 7-6(7),3,R32,88,4,1,75,42,33,17,11,4,6,0,2,72,45,32,12,10,5,8
2016-9028,Manerbio,Clay,32,C,,20160828,12,E678,,,Jonathan Eysseric,L,180,FRA,26.256,359,131,SJ22,,,Gleb Sakharov,R,185,FRA,28.216,274,192,2-6 6-1 6-1,3,R32,98,4,6,71,41,29,13,11,2,5,1,3,71,43,22,13,11,6,12
2016-9028,Manerbio,Clay,32,C,,20160828,13,MN13,,,Maximilian Marterer,L,188,GER,21.205,261,200,T984,,,Bastian Trinker,R,188,AUT,26.3,279,185,6-1 6-4,3,R32,64,2,2,51,31,20,13,8,1,2,0,5,53,23,11,14,9,1,6
2016-9028,Manerbio,Clay,32,C,,20160828,14,MF09,,,Nikola Mektic,R,183,CRO,27.677,349,134,J513,,,Miki Jankovic,R,180,SRB,21.922,258,204,4-6 6-3 6-2,3,R32,128,10,1,94,58,44,18,14,3,5,7,2,95,49,34,20,13,13,17
2016-9028,Manerbio,Clay,32,C,,20160828,15,T868,,,Walter Trusendi,,,ITA,31.65,489,75,GF08,,,Clement Geens,R,178,BEL,20.465,245,219,6-1 3-0 RET,3,R32,43,2,0,27,18,13,8,5,0,0,0,4,32,21,9,2,5,3,7
2016-9028,Manerbio,Clay,32,C,,20160828,16,U061,,,Adrian Ungur,R,178,ROU,31.598,237,225,GD64,,,Cristian Garin,R,185,CHI,20.246,262,200,6-1 6-1,3,R32,59,2,2,41,23,17,11,7,2,3,1,3,50,26,14,5,7,6,12
2016-9028,Manerbio,Clay,32,C,,20160828,17,MI43,1,,Gerald Melzer,L,188,AUT,26.127,91,659,T868,,,Walter Trusendi,,,ITA,31.65,489,75,6-2 6-2,3,R16,66,0,1,45,34,26,8,8,0,0,2,1,42,30,18,3,8,2,6
2016-9028,Manerbio,Clay,32,C,,20160828,18,DA81,2,,Taro Daniel,R,191,JPN,23.584,104,589,D815,,,Fabiano De Paula,R,178,BRA,27.748,911,16,6-1 6-3,3,R16,72,1,2,52,35,26,9,8,4,5,1,0,50,37,19,5,8,1,6
2016-9028,Manerbio,Clay,32,C,,20160828,19,DA67,,,Matteo Donati,R,185,ITA,21.498,234,230,G676,4,,Daniel Gimeno-Traver,R,183,ESP,31.058,117,525,7-6(5) 1-6 6-4,3,R16,129,3,2,98,67,46,15,14,8,11,7,3,114,78,55,17,15,12,14
2016-9028,Manerbio,Clay,32,C,,20160828,20,MD56,5,,Leonardo Mayer,R,191,ARG,29.29,131,453,MF09,,,Nikola Mektic,R,183,CRO,27.677,349,134,6-4 6-4,3,R16,96,10,7,67,40,31,13,10,6,7,4,2,69,32,22,17,10,6,9
2016-9028,Manerbio,Clay,32,C,,20160828,21,E678,,,Jonathan Eysseric,L,180,FRA,26.256,359,131,Y218,7,,Elias Ymer,R,185,SWE,20.383,141,411,6-2 6-4,3,R16,76,4,2,62,36,30,13,9,4,4,0,1,55,35,24,8,9,1,4
2016-9028,Manerbio,Clay,32,C,,20160828,22,KB05,8,,Filip Krajinovic,R,185,SRB,24.501,183,307,U061,,,Adrian Ungur,R,178,ROU,31.598,237,225,6-3 6-4,3,R16,69,4,0,57,39,30,13,10,2,2,3,3,51,32,22,11,9,2,4
2016-9028,Manerbio,Clay,32,C,,20160828,23,L908,,,Nils Langer,R,193,GER,26.59,275,190,D750,,,Kenny De Schepper,L,203,FRA,29.251,164,345,6-4 7-5,3,R16,85,3,2,67,44,35,14,11,3,3,5,0,59,46,34,8,11,5,7
2016-9028,Manerbio,Clay,32,C,,20160828,24,SU87,,,Lorenzo Sonego,R,191,ITA,21.3,277,187,MN13,,,Maximilian Marterer,L,188,GER,21.205,261,200,7-6(5) 7-5,3,R16,109,6,2,70,47,39,13,12,2,3,3,1,98,61,41,20,12,8,10
2016-9028,Manerbio,Clay,32,C,,20160828,25,MD56,5,,Leonardo Mayer,R,191,ARG,29.29,131,453,MI43,1,,Gerald Melzer,L,188,AUT,26.127,91,659,2-6 6-4 6-4,3,QF,135,14,7,98,62,48,15,14,5,7,4,3,79,52,40,15,14,5,7
2016-9028,Manerbio,Clay,32,C,,20160828,26,KB05,8,,Filip Krajinovic,R,185,SRB,24.501,183,307,DA81,2,,Taro Daniel,R,191,JPN,23.584,104,589,6-4 6-3,3,QF,86,4,0,58,38,30,11,9,3,3,3,1,59,44,31,4,10,3,6
2016-9028,Manerbio,Clay,32,C,,20160828,27,DA67,,,Matteo Donati,R,185,ITA,21.498,234,230,L908,,,Nils Langer,R,193,GER,26.59,275,190,6-7(2) 6-4 6-3,3,QF,145,12,0,95,58,46,21,15,2,2,9,4,136,82,59,24,16,13,16
2016-9028,Manerbio,Clay,32,C,,20160828,28,E678,,,Jonathan Eysseric,L,180,FRA,26.256,359,131,SU87,,,Lorenzo Sonego,R,191,ITA,21.3,277,187,4-6 6-3 7-5,3,QF,127,2,2,90,49,42,21,16,2,4,5,0,88,58,44,14,15,3,6
2016-9028,Manerbio,Clay,32,C,,20160828,29,MD56,5,,Leonardo Mayer,R,191,ARG,29.29,131,453,DA67,,,Matteo Donati,R,185,ITA,21.498,234,230,3-6 7-6(6) 6-4,3,SF,124,4,4,91,57,50,18,15,3,4,3,0,91,55,43,24,16,0,1
2016-9028,Manerbio,Clay,32,C,,20160828,30,KB05,8,,Filip Krajinovic,R,185,SRB,24.501,183,307,E678,,,Jonathan Eysseric,L,180,FRA,26.256,359,131,7-5 6-1,3,SF,82,1,0,58,44,33,9,10,4,5,3,6,69,36,23,13,9,12,16
2016-9028,Manerbio,Clay,32,C,,20160828,31,MD56,5,,Leonardo Mayer,R,191,ARG,29.29,131,453,KB05,8,,Filip Krajinovic,R,185,SRB,24.501,183,307,7-6(3) 7-5,3,F,93,6,2,68,42,33,18,12,1,2,2,0,72,50,37,12,12,6,8
2016-3473,Como,Clay,32,C,,20160829,1,MI43,1,,Gerald Melzer,L,188,AUT,26.13,88,669,SU87,,,Lorenzo Sonego,R,191,ITA,21.303,259,201,6-3 6-1,3,R32,64,1,1,41,32,26,5,8,0,1,3,4,56,37,21,5,8,4,9
2016-3473,Como,Clay,32,C,,20160829,2,U061,,,Adrian Ungur,R,178,ROU,31.6,229,233,CF59,2,,Roberto Carballes Baena,R,183,ESP,23.436,103,593,7-5 7-6(4),3,R32,118,4,7,78,44,28,12,12,2,8,0,3,81,56,32,6,12,4,11
2016-3473,Como,Clay,32,C,,20160829,3,DA81,3,,Taro Daniel,R,191,JPN,23.587,101,596,N679,,,Stefano Napolitano,R,196,ITA,21.385,227,234,6-4 6-1,3,R32,81,1,3,51,31,21,9,8,4,6,1,6,58,25,12,12,9,8,14
2016-3473,Como,Clay,32,C,,20160829,4,RE44,,,Andrey Rublev,R,188,RUS,18.858,186,301,MF35,4,,Andrej Martin,R,183,SVK,26.94,124,491,2-6 6-3 6-3,3,R32,122,1,3,92,52,35,21,13,9,12,2,2,76,52,34,13,13,9,13
2016-3473,Como,Clay,32,C,,20160829,5,TA29,5,,Marco Trungelliti,R,178,ARG,26.576,130,451,Q948,,,Gianluigi Quinzi,L,191,ITA,20.575,331,146,6-4 4-6 6-4,3,R32,126,2,4,88,58,35,17,15,4,8,3,0,99,50,28,27,15,8,13
2016-3473,Como,Clay,32,C,,20160829,6,MD56,6,,Leonardo Mayer,R,191,ARG,29.292,117,535,S483,,,Pedro Sousa,R,180,POR,28.257,210,260,6-2 7-6(2),3,R32,102,2,3,78,41,31,20,10,2,3,0,5,68,48,29,9,10,3,6
2016-3473,Como,Clay,32,C,,20160829,7,M824,7,,Albert Montanes,R,175,ESP,35.756,135,427,I236,,,Uladzimir Ignatik,R,183,BLR,26.127,236,221,6-4 6-2,3,R32,78,4,2,53,26,21,14,9,2,3,2,3,62,34,22,10,9,6,10
2016-3473,Como,Clay,32,C,,20160829,8,CF01,8,,Marco Cecchinato,R,185,ITA,23.912,140,414,V254,,,Filippo Volandri,R,183,ITA,34.982,233,225,6-2 6-7(4) 6-3,3,R32,122,6,3,105,64,39,24,14,12,15,0,1,87,72,37,10,15,4,11
2016-3473,Como,Clay,32,C,,20160829,9,A622,,,Andrea Arnaboldi,L,180,ITA,28.674,230,233,CG04,,,Pedro Cachin,R,185,ARG,21.383,296,170,6-4 6-4,3,R32,97,1,4,64,36,23,18,10,3,5,5,3,77,38,23,18,10,1,5
2016-3473,Como,Clay,32,C,,20160829,10,CC66,,,Andrea Collarini,L,183,ARG,24.578,388,116,DB59,,,Dennis Novak,R,183,AUT,23.003,218,250,7-5 6-1,3,R32,98,1,2,72,45,31,18,10,7,7,1,2,57,36,22,9,9,2,5
2016-3473,Como,Clay,32,C,,20160829,11,D750,,,Kenny De Schepper,L,203,FRA,29.254,165,336,RB56,,,Ramkumar Ramanathan,R,188,IND,21.807,202,277,6-2 6-2,3,R32,60,3,1,38,25,20,9,8,1,2,1,5,53,30,15,8,8,3,8
2016-3473,Como,Clay,32,C,,20160829,12,KB05,,,Filip Krajinovic,R,185,SRB,24.504,157,362,PH64,,,Andrea Pellegrino,R,185,ITA,19.436,479,79,6-4 6-3,3,R32,79,8,2,52,40,31,4,10,0,2,1,5,82,56,29,12,9,6,10
2016-3473,Como,Clay,32,C,,20160829,13,L908,,,Nils Langer,R,193,GER,26.593,252,207,ML57,,,Gianluca Mager,R,188,ITA,21.744,336,141,6-3 6-1,3,R32,63,5,3,44,22,19,11,8,1,2,4,7,55,24,15,11,8,6,11
2016-3473,Como,Clay,32,C,,20160829,14,MN13,,,Maximilian Marterer,L,188,GER,21.207,251,208,Y218,,,Elias Ymer,R,185,SWE,20.386,141,413,6-3 7-5,3,R32,84,4,3,62,27,23,19,10,5,6,4,7,74,42,25,17,11,4,8
2016-3473,Como,Clay,32,C,,20160829,15,SK47,,,Mohamed Safwat,R,180,EGY,25.944,221,249,VA08,,,Andrea Vavassori,R,193,ITA,21.32,638,43,6-3 6-3,3,R32,61,1,1,49,34,30,7,9,3,3,2,1,51,35,22,8,9,1,4
2016-3473,Como,Clay,32,C,,20160829,16,Y268,,,Mikael Ymer,R,185,SWE,17.971,726,31,PE02,,,Danilo Petrovic,R,203,SRB,24.597,316,153,0-6 6-4 6-4,3,R32,123,2,1,93,65,38,14,13,9,13,7,4,74,47,36,13,13,4,7
2016-3473,Como,Clay,32,C,,20160829,17,MI43,1,,Gerald Melzer,L,188,AUT,26.13,88,669,A622,,,Andrea Arnaboldi,L,180,ITA,28.674,230,233,3-6 6-3 7-6(5),3,R16,155,5,3,111,82,55,17,15,3,4,3,3,101,57,38,29,15,6,7
2016-3473,Como,Clay,32,C,,20160829,18,DA81,3,,Taro Daniel,R,191,JPN,23.587,101,596,SK47,,,Mohamed Safwat,R,180,EGY,25.944,221,249,7-5 3-6 6-2,3,R16,133,0,3,93,63,40,19,14,8,11,4,4,86,52,34,17,15,4,9
2016-3473,Como,Clay,32,C,,20160829,19,CC66,,,Andrea Collarini,L,183,ARG,24.578,388,116,TA29,5,,Marco Trungelliti,R,178,ARG,26.576,130,451,6-2 6-2,3,R16,68,2,1,46,32,22,12,8,2,2,1,4,52,31,18,6,8,4,8
2016-3473,Como,Clay,32,C,,20160829,20,MD56,6,,Leonardo Mayer,R,191,ARG,29.292,117,535,MN13,,,Maximilian Marterer,L,188,GER,21.207,251,208,6-7(4) 6-2 6-1,3,R16,124,7,5,92,55,41,20,14,5,6,1,6,92,50,29,21,13,10,15
2016-3473,Como,Clay,32,C,,20160829,21,L908,,,Nils Langer,R,193,GER,26.593,252,207,M824,7,,Albert Montanes,R,175,ESP,35.756,135,427,7-6(8) 6-4,3,R16,103,3,1,83,47,34,21,11,6,7,3,4,76,40,27,20,11,0,2
2016-3473,Como,Clay,32,C,,20160829,22,CF01,8,,Marco Cecchinato,R,185,ITA,23.912,140,414,Y268,,,Mikael Ymer,R,185,SWE,17.971,726,31,6-3 7-6(1),3,R16,109,1,1,68,43,33,12,11,4,6,0,3,77,51,34,9,10,4,7
2016-3473,Como,Clay,32,C,,20160829,23,D750,,,Kenny De Schepper,L,203,FRA,29.254,165,336,RE44,,,Andrey Rublev,R,188,RUS,18.858,186,301,7-5 4-6 7-6(5),3,R16,170,9,1,106,68,52,22,17,5,7,8,3,130,83,60,21,17,8,10
2016-3473,Como,Clay,32,C,,20160829,24,U061,,,Adrian Ungur,R,178,ROU,31.6,229,233,KB05,,,Filip Krajinovic,R,185,SRB,24.504,157,362,W/O,3,R16,,,,,,,,,,,,,,,,,,,
2016-3473,Como,Clay,32,C,,20160829,25,CF01,8,,Marco Cecchinato,R,185,ITA,23.912,140,414,MI43,1,,Gerald Melzer,L,188,AUT,26.13,88,669,7-6(4) 6-4,3,QF,99,8,0,79,55,40,12,11,1,2,0,2,70,50,32,12,11,3,5
2016-3473,Como,Clay,32,C,,20160829,26,DA81,3,,Taro Daniel,R,191,JPN,23.587,101,596,L908,,,Nils Langer,R,193,GER,26.593,252,207,6-1 6-4,3,QF,70,0,2,52,39,29,6,9,0,1,1,1,44,26,14,6,8,2,6
2016-3473,Como,Clay,32,C,,20160829,27,D750,,,Kenny De Schepper,L,203,FRA,29.254,165,336,MD56,6,,Leonardo Mayer,R,191,ARG,29.292,117,535,4-6 7-5 6-4,3,QF,154,4,5,100,63,51,17,16,5,7,0,3,102,64,42,21,16,6,9
2016-3473,Como,Clay,32,C,,20160829,28,U061,,,Adrian Ungur,R,178,ROU,31.6,229,233,CC66,,,Andrea Collarini,L,183,ARG,24.578,388,116,6-4 6-4,3,QF,109,1,4,70,32,24,20,10,5,7,2,1,71,47,28,10,10,6,10
2016-3473,Como,Clay,32,C,,20160829,29,CF01,8,,Marco Cecchinato,R,185,ITA,23.912,140,414,DA81,3,,Taro Daniel,R,191,JPN,23.587,101,596,6-3 1-6 7-6(1),3,SF,137,7,2,90,54,36,18,14,8,12,1,5,87,61,42,11,14,3,6
2016-3473,Como,Clay,32,C,,20160829,30,D750,,,Kenny De Schepper,L,203,FRA,29.254,165,336,U061,,,Adrian Ungur,R,178,ROU,31.6,229,233,6-4 7-5,3,SF,99,5,4,62,37,28,7,11,1,5,1,7,73,50,25,11,11,4,10
2016-3473,Como,Clay,32,C,,20160829,31,D750,,,Kenny De Schepper,L,203,FRA,29.254,165,336,CF01,8,,Marco Cecchinato,R,185,ITA,23.912,140,414,2-6 7-6(0) 7-5,3,F,166,4,9,111,70,47,20,16,8,13,1,5,105,70,47,15,16,4,8
2016-784,Seville,Clay,32,C,,20160910,1,CA33,1,,Inigo Cervantes,R,180,ESP,26.779,75,713,MM24,,,Bastian Malla,,,CHI,19.967,386,118,6-3 3-6 6-3,3,R32,137,5,3,88,45,35,19,14,5,9,1,2,83,60,36,11,13,4,9
2016-784,Seville,Clay,32,C,,20160910,2,MI43,2,,Gerald Melzer,L,188,AUT,26.163,88,669,A596,,,Pablo Andujar,R,180,ESP,30.631,649,40,6-1 6-2,3,R32,,3,0,41,31,22,7,7,2,3,1,2,47,36,14,4,8,4,10
2016-784,Seville,Clay,32,C,,20160910,3,DA81,3,,Taro Daniel,R,191,JPN,23.619,101,596,O340,,,Roberto Ortega-Olmedo,R,168,ESP,25.366,329,147,6-1 6-4,3,R32,75,0,2,62,46,31,8,9,3,4,4,4,48,26,15,10,8,2,6
2016-784,Seville,Clay,32,C,,20160910,4,RB60,,,Oriol Roca Batalla,R,175,ESP,23.365,299,169,G676,4,,Daniel Gimeno-Traver,R,183,ESP,31.094,118,525,4-6 7-6(1) RET,3,R32,107,3,3,67,44,27,9,11,1,6,0,1,67,45,23,12,11,2,6
2016-784,Seville,Clay,32,C,,20160910,5,MF35,5,,Andrej Martin,R,183,SVK,26.973,124,491,MA38,,,Jan Mertl,R,191,CZE,34.686,264,199,7-5 6-3,3,R32,87,2,0,60,44,31,11,11,2,3,0,2,63,45,30,8,10,5,8
2016-784,Seville,Clay,32,C,,20160910,6,D981,6,,Arthur De Greef,R,183,BEL,24.457,138,416,SQ80,,,Akira Santillan,R,180,AUS,19.305,240,219,7-6(2) 7-5,3,R32,,1,3,92,59,39,19,12,6,8,4,2,76,46,28,17,12,5,8
2016-784,Seville,Clay,32,C,,20160910,7,MQ75,,,Kamil Majchrzak,R,183,POL,20.66,305,165,R383,7,,Ruben Ramirez Hidalgo,R,183,ESP,38.678,148,390,6-0 4-0 RET,3,R32,54,4,0,28,17,12,9,5,2,2,3,5,39,25,12,1,5,4,9
2016-784,Seville,Clay,32,C,,20160910,8,LA93,8,,Enrique Lopez Perez,R,180,ESP,25.273,177,319,LC58,,,Tomas Lipovsek Puches,R,183,ARG,23.4,280,181,3-6 7-6(2) 6-0,3,R32,121,2,3,89,63,40,12,13,8,12,2,1,91,67,37,11,14,4,10
2016-784,Seville,Clay,32,C,,20160910,9,BH76,,,Riccardo Bellotti,R,,ITA,25.101,276,187,D815,,,Fabiano De Paula,R,178,BRA,27.784,801,24,6-1 1-0 RET,3,R32,38,1,0,21,19,16,1,4,0,0,0,0,28,20,6,5,4,1,4
2016-784,Seville,Clay,32,C,,20160910,10,CG04,,,Pedro Cachin,R,185,ARG,21.415,296,170,MO44,,,Pedro Martinez,R,185,ESP,19.376,383,119,6-2 7-6(9),3,R32,,4,4,60,30,25,17,10,0,2,0,4,77,59,38,5,10,2,6
2016-784,Seville,Clay,32,C,,20160910,11,GD64,,,Cristian Garin,R,185,CHI,20.282,275,187,GA79,,,Lorenzo Giustino,R,180,ITA,25.002,273,191,6-4 6-4,3,R32,,1,1,53,34,30,11,10,0,0,1,3,58,32,21,16,10,3,5
2016-784,Seville,Clay,32,C,,20160910,12,J400,,,Jeremy Jahn,R,178,GER,26.434,269,197,TC09,,,Pol Toledo Bague,R,178,ESP,21.719,501,72,7-6(2) 6-1,3,R32,103,4,5,62,38,30,13,9,1,2,0,2,76,56,32,7,10,8,12
2016-784,Seville,Clay,32,C,,20160910,13,MI11,,,Axel Michon,L,,FRA,25.736,254,205,TC11,,,Marko Tepavac,R,193,SRB,22.434,185,306,6-3 2-6 6-2,3,R32,106,3,3,79,55,33,15,13,2,6,8,3,72,47,32,9,12,7,12
2016-784,Seville,Clay,32,C,,20160910,14,RE44,,,Andrey Rublev,R,188,RUS,18.891,186,301,O483,,,Christopher O'Connell,R,183,AUS,22.272,347,135,6-3 7-5,3,R32,,6,3,77,46,33,18,11,5,5,2,1,69,55,35,7,10,2,4
2016-784,Seville,Clay,32,C,,20160910,15,RH16,,,Casper Ruud,R,183,NOR,17.719,450,90,PF36,,,David Perez Sanz,R,180,ESP,22.324,238,221,4-6 7-6(1) 6-4,3,R32,153,4,5,108,70,55,21,16,5,6,12,1,97,60,44,25,16,4,5
2016-784,Seville,Clay,32,C,,20160910,16,TE16,,,Carlos Taberner,R,183,ESP,19.091,363,127,O408,,,Ricardo Ojeda Lara,R,178,ESP,23.622,377,121,6-2 6-1,3,R32,,0,1,35,22,18,11,7,0,0,0,1,52,40,23,1,8,4,9
2016-784,Seville,Clay,32,C,,20160910,17,CA33,1,,Inigo Cervantes,R,180,ESP,26.779,75,713,GD64,,,Cristian Garin,R,185,CHI,20.282,275,187,6-7(4) 6-4 7-6(1),3,R16,165,20,4,112,67,48,24,17,9,12,4,2,117,67,53,19,17,9,13
2016-784,Seville,Clay,32,C,,20160910,18,MI43,2,,Gerald Melzer,L,188,AUT,26.163,88,669,J400,,,Jeremy Jahn,R,178,GER,26.434,269,197,6-0 6-4,3,R16,64,2,1,47,27,19,15,8,2,2,2,0,51,32,19,6,8,1,5
2016-784,Seville,Clay,32,C,,20160910,19,DA81,3,,Taro Daniel,R,191,JPN,23.619,101,596,BH76,,,Riccardo Bellotti,R,,ITA,25.101,276,187,6-2 6-1,3,R16,64,1,2,46,35,25,7,7,2,2,1,1,44,32,14,4,8,2,7
2016-784,Seville,Clay,32,C,,20160910,20,RH16,,,Casper Ruud,R,183,NOR,17.719,450,90,MF35,5,,Andrej Martin,R,183,SVK,26.973,124,491,6-3 6-3,3,R16,93,2,1,78,53,38,10,9,9,10,2,6,65,38,22,11,9,7,11
2016-784,Seville,Clay,32,C,,20160910,21,D981,6,,Arthur De Greef,R,183,BEL,24.457,138,416,TE16,,,Carlos Taberner,R,183,ESP,19.091,363,127,6-4 3-6 6-3,3,R16,148,6,1,85,55,37,16,14,4,7,2,2,88,63,40,13,14,6,10
2016-784,Seville,Clay,32,C,,20160910,22,RE44,,,Andrey Rublev,R,188,RUS,18.891,186,301,LA93,8,,Enrique Lopez Perez,R,180,ESP,25.273,177,319,7-6(5) 7-6(5),3,R16,125,6,4,96,61,45,17,12,6,7,9,0,78,57,37,16,12,1,2
2016-784,Seville,Clay,32,C,,20160910,23,CG04,,,Pedro Cachin,R,185,ARG,21.415,296,170,RB60,,,Oriol Roca Batalla,R,175,ESP,23.365,299,169,7-6(0) 6-0,3,R16,107,5,2,58,40,26,11,9,4,6,2,3,85,56,35,6,9,7,12
2016-784,Seville,Clay,32,C,,20160910,24,MQ75,,,Kamil Majchrzak,R,183,POL,20.66,305,165,MI11,,,Axel Michon,L,,FRA,25.736,254,205,7-5 2-6 6-3,3,R16,155,1,1,88,54,35,18,15,1,6,0,3,96,62,35,17,14,7,12
2016-784,Seville,Clay,32,C,,20160910,25,RH16,,,Casper Ruud,R,183,NOR,17.719,450,90,CA33,1,,Inigo Cervantes,R,180,ESP,26.779,75,713,3-6 6-1 6-4,3,QF,109,2,2,75,53,42,11,13,3,4,5,4,88,42,31,22,13,5,8
2016-784,Seville,Clay,32,C,,20160910,26,MQ75,,,Kamil Majchrzak,R,183,POL,20.66,305,165,MI43,2,,Gerald Melzer,L,188,AUT,26.163,88,669,6-3 6-1,3,QF,70,1,1,51,27,18,15,8,1,2,0,0,46,32,13,5,8,2,7
2016-784,Seville,Clay,32,C,,20160910,27,DA81,3,,Taro Daniel,R,191,JPN,23.619,101,596,RE44,,,Andrey Rublev,R,188,RUS,18.891,186,301,4-6 6-3 6-2,3,QF,125,1,1,92,71,43,11,14,6,10,4,1,74,37,21,18,13,3,9
2016-784,Seville,Clay,32,C,,20160910,28,CG04,,,Pedro Cachin,R,185,ARG,21.415,296,170,D981,6,,Arthur De Greef,R,183,BEL,24.457,138,416,3-6 6-3 7-5,3,QF,141,4,5,96,54,39,21,15,7,10,2,1,91,58,38,17,15,4,8
2016-784,Seville,Clay,32,C,,20160910,29,DA81,3,,Taro Daniel,R,191,JPN,23.619,101,596,MQ75,,,Kamil Majchrzak,R,183,POL,20.66,305,165,6-2 6-1,3,SF,78,0,0,53,38,27,10,8,5,5,1,0,41,26,14,6,7,1,5
2016-784,Seville,Clay,32,C,,20160910,30,RH16,,,Casper Ruud,R,183,NOR,17.719,450,90,CG04,,,Pedro Cachin,R,185,ARG,21.415,296,170,4-6 6-3 6-2,3,SF,111,2,1,77,51,36,17,14,0,2,4,0,78,38,26,20,13,7,11
2016-784,Seville,Clay,32,C,,20160910,31,RH16,,,Casper Ruud,R,183,NOR,17.719,450,90,DA81,3,,Taro Daniel,R,191,JPN,23.619,101,596,6-3 6-4,3,F,82,4,0,62,45,28,8,10,2,4,0,4,49,37,20,6,9,3,7
2016-1763,Genova,Clay,32,C,,20160911,1,A479,,,Nicolas Almagro,R,183,ESP,31.058,48,987,Q948,,,Gianluigi Quinzi,L,191,ITA,20.611,331,146,1-6 6-4 7-5,3,R32,143,9,5,118,60,49,25,15,16,19,6,5,85,53,40,17,14,3,5
2016-1763,Genova,Clay,32,C,,20160911,2,Z184,2,,Horacio Zeballos,L,188,ARG,31.376,71,736,N679,,,Stefano Napolitano,R,196,ITA,21.421,227,234,6-3 6-4,3,R32,80,5,0,60,31,24,20,10,1,1,3,2,50,30,26,5,9,0,2
2016-1763,Genova,Clay,32,C,,20160911,3,B884,3,,Carlos Berlocq,R,183,ARG,33.604,76,702,V717,,,Alexey Vatutin,R,178,RUS,23.874,303,166,6-3 2-6 6-0,3,R32,137,1,3,67,39,23,13,12,3,8,0,2,89,54,29,12,11,7,14
2016-1763,Genova,Clay,32,C,,20160911,4,CF59,4,,Roberto Carballes Baena,R,183,ESP,23.472,103,593,DA67,,,Matteo Donati,R,185,ITA,21.536,208,263,4-6 6-2 7-5,3,R32,143,3,5,99,63,38,22,15,5,9,4,7,112,69,45,15,15,7,13
2016-1763,Genova,Clay,32,C,,20160911,5,G681,5,,Teymuraz Gabashvili,R,185,GEO,31.305,105,571,R419,,,Tommy Robredo,R,180,ESP,34.366,187,300,7-6(3) 7-6(11),3,R32,127,4,3,92,60,45,20,12,7,8,3,2,94,59,37,23,12,5,6
2016-1763,Genova,Clay,32,C,,20160911,6,I165,,,Denis Istomin,R,185,UZB,30.012,107,560,RB56,,,Ramkumar Ramanathan,R,188,IND,21.843,202,277,6-3 6-4,3,R32,90,2,0,69,38,25,16,10,2,4,1,2,60,38,20,12,9,8,12
2016-1763,Genova,Clay,32,C,,20160911,7,PG32,7,,Adam Pavlasek,R,185,CZE,21.927,112,544,HB71,,,Hubert Hurkacz,R,196,POL,19.581,338,140,6-4 6-4,3,R32,81,3,2,64,37,21,19,10,2,3,1,9,70,42,28,13,10,8,11
2016-1763,Genova,Clay,32,C,,20160911,8,KC04,8,,Jozef Kovalik,R,183,SVK,23.852,126,476,M824,,,Albert Montanes,R,175,ESP,35.792,135,427,6-4 6-3,3,R32,80,3,2,53,36,29,10,10,1,2,2,5,56,25,16,14,9,1,4
2016-1763,Genova,Clay,32,C,,20160911,9,A622,,,Andrea Arnaboldi,L,180,ITA,28.709,230,233,GB53,,,Federico Gaio,R,178,ITA,24.52,178,316,2-6 6-4 6-1,3,R32,116,2,3,94,51,32,28,13,10,12,14,11,81,36,27,21,12,3,6
2016-1763,Genova,Clay,32,C,,20160911,10,CF01,,,Marco Cecchinato,R,185,ITA,23.948,140,414,D916,,,Steven Diez,R,175,CAN,25.489,163,351,6-4 7-6(5),3,R32,106,4,1,65,40,30,17,11,0,1,0,2,84,56,34,18,11,9,11
2016-1763,Genova,Clay,32,C,,20160911,11,D750,,,Kenny De Schepper,L,203,FRA,29.29,165,336,Y218,,,Elias Ymer,R,185,SWE,20.422,141,413,7-6(5) 3-6 6-1,3,R32,139,3,4,84,61,41,14,14,2,5,4,5,92,50,35,21,14,3,7
2016-1763,Genova,Clay,32,C,,20160911,12,DB63,,,Laslo Djere,R,188,SRB,21.279,184,307,Z246,,,Miljan Zekic,R,185,SRB,28.167,198,286,6-3 3-6 6-1,3,R32,112,2,1,71,45,34,14,13,2,4,1,0,71,37,25,17,12,6,10
2016-1763,Genova,Clay,32,C,,20160911,13,J397,,,Jerzy Janowicz,R,203,POL,25.829,247,216,SU87,,,Lorenzo Sonego,R,191,ITA,21.339,259,201,6-3 6-7(5) 7-5,3,R32,154,3,8,109,70,46,23,16,4,6,2,6,104,61,44,19,17,5,10
2016-1763,Genova,Clay,32,C,,20160911,14,ML57,,,Gianluca Mager,R,188,ITA,21.78,336,141,E766,,,Edoardo Eremin,R,185,ITA,22.935,300,167,1-6 6-4 6-3,3,R32,104,5,7,84,43,25,21,13,6,10,10,4,64,31,22,18,13,2,6
2016-1763,Genova,Clay,32,C,,20160911,15,PE02,,,Danilo Petrovic,R,203,SRB,24.632,316,153,V254,,,Filippo Volandri,R,183,ITA,35.017,233,225,7-5 3-0 RET,3,R32,59,1,1,41,25,18,8,8,0,2,1,4,46,25,7,13,7,2,6
2016-1763,Genova,Clay,32,C,,20160911,16,U061,,,Adrian Ungur,R,178,ROU,31.636,229,233,MH98,,,Dino Marcan,R,178,CRO,25.58,1748,1,6-2 6-4,3,R32,88,3,2,56,38,27,10,9,2,3,0,2,53,31,17,12,9,3,7
2016-1763,Genova,Clay,32,C,,20160911,17,A479,,,Nicolas Almagro,R,183,ESP,31.058,48,987,DB63,,,Laslo Djere,R,188,SRB,21.279,184,307,7-6(6) 5-7 6-4,3,R16,167,5,3,120,66,44,25,17,10,15,2,4,109,65,48,17,17,6,11
2016-1763,Genova,Clay,32,C,,20160911,18,J397,,,Jerzy Janowicz,R,203,POL,25.829,247,216,Z184,2,,Horacio Zeballos,L,188,ARG,31.376,71,736,7-5 6-4,3,R16,98,6,3,77,51,37,15,11,8,8,5,2,65,44,32,10,11,3,5
2016-1763,Genova,Clay,32,C,,20160911,19,B884,3,,Carlos Berlocq,R,183,ARG,33.604,76,702,U061,,,Adrian Ungur,R,178,ROU,31.636,229,233,7-5 6-0,3,R16,75,2,1,52,22,17,14,9,2,4,0,5,47,30,12,7,9,1,7
2016-1763,Genova,Clay,32,C,,20160911,20,D750,,,Kenny De Schepper,L,203,FRA,29.29,165,336,CF59,4,,Roberto Carballes Baena,R,183,ESP,23.472,103,593,6-4 6-4,3,R16,120,6,2,68,51,34,7,10,3,6,2,2,85,48,27,15,10,10,15
2016-1763,Genova,Clay,32,C,,20160911,21,ML57,,,Gianluca Mager,R,188,ITA,21.78,336,141,G681,5,,Teymuraz Gabashvili,R,185,GEO,31.305,105,571,6-4 6-3,3,R16,75,3,2,45,26,18,12,9,0,2,0,1,60,43,23,9,10,6,11
2016-1763,Genova,Clay,32,C,,20160911,22,I165,,,Denis Istomin,R,185,UZB,30.012,107,560,PE02,,,Danilo Petrovic,R,203,SRB,24.632,316,153,4-6 6-3 3-0 RET,3,R16,118,10,1,70,42,31,17,11,5,7,5,4,84,53,32,14,11,7,11
2016-1763,Genova,Clay,32,C,,20160911,23,PG32,7,,Adam Pavlasek,R,185,CZE,21.927,112,544,CF01,,,Marco Cecchinato,R,185,ITA,23.948,140,414,2-6 6-4 6-2,3,R16,97,5,5,80,42,33,19,13,3,5,2,4,75,44,34,15,13,1,4
2016-1763,Genova,Clay,32,C,,20160911,24,KC04,8,,Jozef Kovalik,R,183,SVK,23.852,126,476,A622,,,Andrea Arnaboldi,L,180,ITA,28.709,230,233,7-5 7-6(1),3,R16,116,5,3,79,42,28,22,12,1,3,2,3,77,45,28,18,12,4,7
2016-1763,Genova,Clay,32,C,,20160911,25,A479,,,Nicolas Almagro,R,183,ESP,31.058,48,987,I165,,,Denis Istomin,R,185,UZB,30.012,107,560,6-2 7-6(1),3,QF,82,0,0,58,43,33,11,10,0,1,3,2,64,42,22,14,10,1,4
2016-1763,Genova,Clay,32,C,,20160911,26,B884,3,,Carlos Berlocq,R,183,ARG,33.604,76,702,KC04,8,,Jozef Kovalik,R,183,SVK,23.852,126,476,6-3 4-6 7-6(6),3,QF,160,1,1,84,64,47,7,15,2,6,0,0,107,69,43,19,16,6,11
2016-1763,Genova,Clay,32,C,,20160911,27,PG32,7,,Adam Pavlasek,R,185,CZE,21.927,112,544,D750,,,Kenny De Schepper,L,203,FRA,29.29,165,336,2-6 6-4 6-4,3,QF,145,8,5,99,60,42,13,14,6,11,1,3,103,72,41,15,14,7,12
2016-1763,Genova,Clay,32,C,,20160911,28,J397,,,Jerzy Janowicz,R,203,POL,25.829,247,216,ML57,,,Gianluca Mager,R,188,ITA,21.78,336,141,6-4 6-3,3,QF,73,5,2,53,35,29,12,10,1,1,4,2,53,25,17,16,9,3,5
2016-1763,Genova,Clay,32,C,,20160911,29,A479,,,Nicolas Almagro,R,183,ESP,31.058,48,987,PG32,7,,Adam Pavlasek,R,185,CZE,21.927,112,544,6-0 2-6 6-4,3,SF,99,2,1,79,44,30,16,12,3,7,5,3,75,40,25,13,12,6,12
2016-1763,Genova,Clay,32,C,,20160911,30,J397,,,Jerzy Janowicz,R,203,POL,25.829,247,216,B884,3,,Carlos Berlocq,R,183,ARG,33.604,76,702,3-6 7-5 7-6(4),3,SF,167,4,2,110,74,43,21,16,4,9,3,6,117,85,53,13,17,6,11
2016-1763,Genova,Clay,32,C,,20160911,31,J397,,,Jerzy Janowicz,R,203,POL,25.829,247,216,A479,,,Nicolas Almagro,R,183,ESP,31.058,48,987,7-6(5) 6-4,3,F,107,6,2,72,50,39,10,11,3,5,9,2,74,38,28,16,11,2,5
2016-3626,Alphen,Clay,32,C,,20160911,1,H756,1,,Robin Haase,R,191,NED,29.435,62,798,K909,,,Andriej Kapas,R,188,POL,27.086,480,78,6-2 6-2,3,R32,44,3,0,40,28,26,6,8,0,0,1,3,44,21,11,9,8,1,5
2016-3626,Alphen,Clay,32,C,,20160911,2,D923,2,,Damir Dzumhur,R,175,BIH,24.312,72,720,T984,,,Bastian Trinker,R,188,AUT,26.338,278,185,6-1 6-0,3,R32,52,4,1,30,24,20,4,6,0,0,1,4,61,37,16,8,7,6,12
2016-3626,Alphen,Clay,32,C,,20160911,3,SL28,3,,Jan-Lennard Struff,R,193,GER,26.382,78,694,CD00,,,Maxime Chazal,R,175,FRA,23.384,306,165,6-7(2) 6-3 6-0,3,R32,113,8,2,82,50,40,16,14,1,2,3,5,78,37,22,24,13,4,9
2016-3626,Alphen,Clay,32,C,,20160911,4,Z189,4,,Grega Zemlja,R,183,SLO,29.952,149,383,W503,,,James Ward,R,188,GBR,29.588,232,227,6-2 6-1,3,R32,52,4,0,42,26,21,11,8,0,0,2,0,40,21,15,4,7,1,5
2016-3626,Alphen,Clay,32,C,,20160911,5,D776,5,,Thiemo de Bakker,R,193,NED,27.978,150,379,KC33,,,Dimitar Kuzmanov,R,183,BUL,23.124,323,149,6-4 6-3,3,R32,85,4,0,58,45,34,8,9,1,1,0,2,75,49,27,14,10,4,7
2016-3626,Alphen,Clay,32,C,,20160911,6,LB66,6,,Constant Lestienne,R,180,FRA,24.304,168,334,O449,,,Oscar Otte,R,193,GER,23.157,615,46,6-3 6-4,3,R32,78,2,3,74,36,25,22,10,5,6,3,2,53,33,24,8,9,3,6
2016-3626,Alphen,Clay,32,C,,20160911,7,SF76,7,,Franko Skugor,R,196,CRO,28.977,190,298,SK47,,,Mohamed Safwat,R,180,EGY,25.979,221,249,6-3 6-4,3,R32,75,2,0,58,34,24,16,10,0,1,1,1,51,29,21,8,9,0,3
2016-3626,Alphen,Clay,32,C,,20160911,8,MN20,,,Daniel Masur,R,183,GER,21.848,279,181,KD70,8,,Pedja Krstin,R,183,SRB,22.023,200,282,7-6(5) 1-6 6-4,3,R32,116,8,3,97,66,48,13,14,7,10,6,2,90,55,40,22,15,1,3
2016-3626,Alphen,Clay,32,C,,20160911,9,GB13,,,Germain Gigounon,R,178,BEL,27.395,293,172,MM66,,,Nikola Milojevic,R,188,SRB,21.232,214,254,3-6 7-5 6-0,3,R32,137,2,2,81,47,36,15,13,8,12,1,3,98,57,33,16,14,11,18
2016-3626,Alphen,Clay,32,C,,20160911,10,ML78,,,Lukas Mugevicius,R,188,LTU,21.763,531,65,GF08,,,Clement Geens,R,178,BEL,20.504,258,203,6-3 6-2,3,R32,61,4,3,48,23,17,14,9,0,2,1,4,49,28,15,7,8,3,8
2016-3626,Alphen,Clay,32,C,,20160911,11,DB59,,,Dennis Novak,R,183,AUT,23.039,218,250,SO20,,,Jelle Sels,R,188,NED,21.09,716,33,6-4 6-2,3,R32,62,1,0,49,35,27,8,9,0,1,1,3,52,26,16,13,9,4,8
2016-3626,Alphen,Clay,32,C,,20160911,12,RA82,,,Yannik Reuter,R,,BEL,25.52,237,221,V812,,,Botic van de Zandschulp,R,191,NED,20.939,722,32,6-2 6-7(1) 6-3,3,R32,128,3,1,106,65,45,22,15,8,10,7,8,88,48,36,14,14,7,12
2016-3626,Alphen,Clay,32,C,,20160911,13,R750,,,Pere Riba,R,183,ESP,28.43,206,267,DA13,,,Dragos Dima,R,180,ROU,24.238,301,166,4-6 6-1 6-2,3,R32,97,5,1,73,45,33,19,13,0,1,0,2,70,48,28,14,12,4,8
2016-3626,Alphen,Clay,32,C,,20160911,14,S483,,,Pedro Sousa,R,180,POR,28.293,210,260,GJ37,,,Tallon Griekspoor,R,188,NED,20.194,387,117,2-6 6-1 6-3,3,R32,79,5,3,59,39,32,9,12,2,4,4,4,70,46,30,12,12,2,6
2016-3626,Alphen,Clay,32,C,,20160911,15,SK94,,,Cedrik-Marcel Stebe,L,180,GER,25.925,572,55,LC11,,,Tristan Lamasine,R,183,FRA,23.521,222,246,6-2 6-2,3,R32,69,0,0,47,27,16,16,8,1,2,0,0,52,38,21,5,8,8,13
2016-3626,Alphen,Clay,32,C,,20160911,16,W483,,,Boy Westerhof,R,185,NED,30.883,897,17,I236,,,Uladzimir Ignatik,R,183,BLR,26.163,236,221,7-6(5) 6-7(5) 6-3,3,R32,168,12,3,118,58,41,36,17,7,10,8,1,127,76,50,25,16,9,13
2016-3626,Alphen,Clay,32,C,,20160911,17,H756,1,,Robin Haase,R,191,NED,29.435,62,798,GB13,,,Germain Gigounon,R,178,BEL,27.395,293,172,7-6(9) 6-4,3,R16,92,3,2,76,41,35,18,11,1,2,5,3,81,58,40,12,11,3,5
2016-3626,Alphen,Clay,32,C,,20160911,18,D923,2,,Damir Dzumhur,R,175,BIH,24.312,72,720,W483,,,Boy Westerhof,R,185,NED,30.883,897,17,6-7(9) 6-4 3-0 RET,3,R16,107,4,1,83,58,39,15,13,0,1,8,1,83,46,32,18,12,5,8
2016-3626,Alphen,Clay,32,C,,20160911,19,SL28,3,,Jan-Lennard Struff,R,193,GER,26.382,78,694,R750,,,Pere Riba,R,183,ESP,28.43,206,267,W/O,3,R16,,,,,,,,,,,,,,,,,,,
2016-3626,Alphen,Clay,32,C,,20160911,20,SK94,,,Cedrik-Marcel Stebe,L,180,GER,25.925,572,55,Z189,4,,Grega Zemlja,R,183,SLO,29.952,149,383,6-2 3-6 7-5,3,R16,145,5,1,82,49,33,18,14,4,8,4,3,96,53,34,19,15,9,15
2016-3626,Alphen,Clay,32,C,,20160911,21,D776,5,,Thiemo de Bakker,R,193,NED,27.978,150,379,RA82,,,Yannik Reuter,R,,BEL,25.52,237,221,6-4 7-6(4),3,R16,94,9,1,71,46,35,10,11,2,4,1,1,65,46,29,11,11,0,3
2016-3626,Alphen,Clay,32,C,,20160911,22,LB66,6,,Constant Lestienne,R,180,FRA,24.304,168,334,DB59,,,Dennis Novak,R,183,AUT,23.039,218,250,6-4 6-1,3,R16,57,1,0,56,35,20,17,9,1,3,0,3,39,28,14,2,8,0,5
2016-3626,Alphen,Clay,32,C,,20160911,23,SF76,7,,Franko Skugor,R,196,CRO,28.977,190,298,ML78,,,Lukas Mugevicius,R,188,LTU,21.763,531,65,7-5 6-4,3,R16,83,10,0,65,41,28,15,11,6,8,2,4,75,39,25,15,11,6,10
2016-3626,Alphen,Clay,32,C,,20160911,24,MN20,,,Daniel Masur,R,183,GER,21.848,279,181,S483,,,Pedro Sousa,R,180,POR,28.293,210,260,6-3 6-3,3,R16,60,2,0,44,34,21,7,9,0,2,1,3,61,32,20,10,9,4,9
2016-3626,Alphen,Clay,32,C,,20160911,25,H756,1,,Robin Haase,R,191,NED,29.435,62,798,LB66,6,,Constant Lestienne,R,180,FRA,24.304,168,334,6-1 6-4,3,QF,54,3,0,50,31,21,14,9,0,1,2,5,52,22,15,13,8,4,8
2016-3626,Alphen,Clay,32,C,,20160911,26,D923,2,,Damir Dzumhur,R,175,BIH,24.312,72,720,MN20,,,Daniel Masur,R,183,GER,21.848,279,181,6-2 6-2,3,QF,50,6,1,39,30,24,6,8,0,1,1,2,51,35,20,3,8,6,11
2016-3626,Alphen,Clay,32,C,,20160911,27,SL28,3,,Jan-Lennard Struff,R,193,GER,26.382,78,694,SF76,7,,Franko Skugor,R,196,CRO,28.977,190,298,6-1 6-4,3,QF,65,1,3,51,27,22,14,9,1,2,3,0,57,35,19,10,8,3,7
2016-3626,Alphen,Clay,32,C,,20160911,28,D776,5,,Thiemo de Bakker,R,193,NED,27.978,150,379,SK94,,,Cedrik-Marcel Stebe,L,180,GER,25.925,572,55,7-6(3) 3-6 6-4,3,QF,124,10,1,93,62,45,19,16,4,7,4,0,108,61,39,29,15,7,9
2016-3626,Alphen,Clay,32,C,,20160911,29,H756,1,,Robin Haase,R,191,NED,29.435,62,798,D776,5,,Thiemo de Bakker,R,193,NED,27.978,150,379,7-5 6-1,3,SF,66,8,1,55,36,31,9,10,1,2,3,0,54,30,19,7,9,3,7
2016-3626,Alphen,Clay,32,C,,20160911,30,SL28,3,,Jan-Lennard Struff,R,193,GER,26.382,78,694,D923,2,,Damir Dzumhur,R,175,BIH,24.312,72,720,6-1 4-6 4-0 RET,3,SF,82,6,1,60,36,27,14,11,2,4,0,2,67,43,27,6,10,4,9
2016-3626,Alphen,Clay,32,C,,20160911,31,SL28,3,,Jan-Lennard Struff,R,193,GER,26.382,78,694,H756,1,,Robin Haase,R,191,NED,29.435,62,798,6-4 6-1,3,F,64,3,0,53,33,26,13,9,2,2,5,0,56,33,22,9,8,3,6
2016-6014,St. Remy,Hard,32,C,,20160911,1,J620,,,Maxime Janvier,R,196,FRA,19.899,352,133,SC77,1,,Sergiy Stakhovsky,R,193,UKR,30.68,92,631,6-1 4-6 7-6(2),3,R32,123,5,1,86,55,40,21,15,4,6,0,6,105,73,47,14,14,11,14
2016-6014,St. Remy,Hard,32,C,,20160911,2,K776,2,,Konstantin Kravchuk,R,191,RUS,31.548,93,628,LC12,,,Laurent Lokoli,R,188,FRA,21.9,446,91,6-3 6-3,3,R32,78,2,1,56,30,24,15,9,1,1,3,3,56,38,26,8,9,4,7
2016-6014,St. Remy,Hard,32,C,,20160911,3,MD56,3,,Leonardo Mayer,R,191,ARG,29.328,117,535,GF95,,,Hugo Grenier,R,196,FRA,20.471,540,63,6-1 6-1,3,R32,59,0,0,47,26,20,12,7,3,4,1,2,38,20,8,3,7,3,9
2016-6014,St. Remy,Hard,32,C,,20160911,4,TA29,4,,Marco Trungelliti,R,178,ARG,26.612,130,451,J338,,,Romain Jouan,R,183,FRA,31.157,606,47,6-2 6-4,3,R32,69,8,5,59,34,25,13,9,3,4,1,3,64,34,23,11,9,3,7
2016-6014,St. Remy,Hard,32,C,,20160911,5,V490,,,Matteo Viola,R,185,ITA,29.183,339,140,K839,5,,Tobias Kamke,R,178,GER,30.311,136,420,6-1 5-7 6-1,3,R32,121,2,5,80,46,30,17,13,1,5,1,5,96,46,25,19,13,9,17
2016-6014,St. Remy,Hard,32,C,,20160911,6,HB64,6,,Quentin Halys,R,191,FRA,19.877,139,415,BH22,,,Sam Barry,R,191,IRL,24.624,295,171,6-3 6-3,3,R32,65,7,2,47,31,27,9,9,0,0,1,5,55,30,21,9,9,3,6
2016-6014,St. Remy,Hard,32,C,,20160911,7,O411,,,Albano Olivetti,R,203,FRA,24.799,507,69,G967,7,,Peter Gojowczyk,R,188,GER,27.159,151,374,7-6(5) 6-3,3,R32,90,17,8,82,43,35,17,11,6,7,5,5,63,33,24,15,10,4,6
2016-6014,St. Remy,Hard,32,C,,20160911,8,BE67,,,Mirza Basic,R,188,BIH,25.169,162,351,CG33,8,,Kimmer Coppejans,R,178,BEL,22.593,152,373,7-5 6-1,3,R32,64,3,0,47,31,27,11,10,1,2,1,2,52,37,24,5,9,2,6
2016-6014,St. Remy,Hard,32,C,,20160911,9,BE54,,,Ruben Bemelmans,L,183,BEL,28.66,181,310,CA99,,,Marius Copil,R,191,ROU,25.903,173,330,6-3 6-7(6) 6-3,3,R32,129,8,9,110,60,49,22,16,5,7,12,5,94,51,36,21,14,4,8
2016-6014,St. Remy,Hard,32,C,,20160911,10,BK19,,,Mathias Bourgue,R,188,FRA,22.648,189,298,SF41,,,Aldin Setkic,R,191,BIH,28.726,211,258,6-1 6-3,3,R32,63,5,1,49,33,26,9,8,3,3,4,6,49,29,18,7,8,5,9
2016-6014,St. Remy,Hard,32,C,,20160911,11,CA71,,,Edward Corrie,R,183,GBR,28.556,357,131,K906,,,Michal Konecny,L,183,CZE,26.913,309,162,6-4 6-7(4) 7-6(4),3,R32,169,7,8,115,55,40,29,17,5,9,1,12,127,71,49,25,17,14,19
2016-6014,St. Remy,Hard,32,C,,20160911,12,DA86,,,Joris De Loore,R,191,BEL,23.392,219,250,BK24,,,Gregoire Barrere,R,183,FRA,22.568,192,297,7-6(5) 7-5,3,R32,100,11,1,75,46,34,17,12,5,6,3,5,82,50,32,19,12,9,11
2016-6014,St. Remy,Hard,32,C,,20160911,13,H997,,,Yannick Hanfmann,R,193,GER,24.83,325,147,PC78,,,Ante Pavic,R,196,CRO,27.515,364,124,6-3 6-3,3,R32,81,1,6,66,37,23,18,9,2,3,3,3,67,39,24,11,9,4,8
2016-6014,St. Remy,Hard,32,C,,20160911,14,MM58,,,Daniil Medvedev,R,198,RUS,20.583,156,365,BC65,,,Matthias Bachinger,R,188,GER,29.446,510,68,6-2 6-3,3,R32,58,6,1,39,19,15,14,8,0,1,2,2,57,36,17,11,9,3,8
2016-6014,St. Remy,Hard,32,C,,20160911,15,MG08,,,Yannick Mertens,R,185,BEL,29.216,249,210,MB53,,,Adrian Menendez-Maceiras,R,183,ESP,30.872,207,267,6-4 5-7 6-4,3,R32,166,5,8,102,61,41,16,16,3,8,3,4,106,54,37,24,16,8,14
2016-6014,St. Remy,Hard,32,C,,20160911,16,MP20,,,Alexandre Muller,R,183,FRA,19.608,437,94,CA62,,,Erik Crepaldi,L,,ITA,26.357,418,103,6-0 5-7 6-3,3,R32,132,7,9,86,47,38,13,14,3,7,0,0,102,66,33,18,13,15,22
2016-6014,St. Remy,Hard,32,C,,20160911,17,K776,2,,Konstantin Kravchuk,R,191,RUS,31.548,93,628,BK19,,,Mathias Bourgue,R,188,FRA,22.648,189,298,6-4 6-2,3,R16,84,12,3,63,36,27,13,9,4,5,4,4,53,31,22,7,9,2,6
2016-6014,St. Remy,Hard,32,C,,20160911,18,DA86,,,Joris De Loore,R,191,BEL,23.392,219,250,MD56,3,,Leonardo Mayer,R,191,ARG,29.328,117,535,6-3 3-6 7-6(5),3,R16,125,15,3,78,53,46,12,15,0,2,6,1,96,63,44,19,15,2,4
2016-6014,St. Remy,Hard,32,C,,20160911,19,TA29,4,,Marco Trungelliti,R,178,ARG,26.612,130,451,MG08,,,Yannick Mertens,R,185,BEL,29.216,249,210,4-6 6-3 6-3,3,R16,116,4,3,96,56,34,22,14,6,10,4,8,92,58,35,15,14,4,10
2016-6014,St. Remy,Hard,32,C,,20160911,20,HB64,6,,Quentin Halys,R,191,FRA,19.877,139,415,CA71,,,Edward Corrie,R,183,GBR,28.556,357,131,7-5 7-6(4),3,R16,91,14,8,82,48,38,17,12,3,5,2,3,72,43,30,15,12,0,3
2016-6014,St. Remy,Hard,32,C,,20160911,21,BE67,,,Mirza Basic,R,188,BIH,25.169,162,351,H997,,,Yannick Hanfmann,R,193,GER,24.83,325,147,6-3 6-3,3,R16,68,3,2,65,36,28,15,9,5,5,1,1,47,34,22,7,9,1,4
2016-6014,St. Remy,Hard,32,C,,20160911,22,MM58,,,Daniil Medvedev,R,198,RUS,20.583,156,365,J620,,,Maxime Janvier,R,196,FRA,19.899,352,133,6-4 7-5,3,R16,82,7,2,62,34,29,18,11,4,4,2,1,63,37,24,17,11,5,7
2016-6014,St. Remy,Hard,32,C,,20160911,23,MP20,,,Alexandre Muller,R,183,FRA,19.608,437,94,V490,,,Matteo Viola,R,185,ITA,29.183,339,140,1-6 6-3 7-6(5),3,R16,125,2,5,92,50,33,21,14,8,12,2,4,94,53,35,24,14,5,8
2016-6014,St. Remy,Hard,32,C,,20160911,24,O411,,,Albano Olivetti,R,203,FRA,24.799,507,69,BE54,,,Ruben Bemelmans,L,183,BEL,28.66,181,310,6-4 3-6 6-3,3,R16,114,17,8,91,45,41,20,14,6,7,9,5,80,47,34,22,14,2,4
2016-6014,St. Remy,Hard,32,C,,20160911,25,K776,2,,Konstantin Kravchuk,R,191,RUS,31.548,93,628,O411,,,Albano Olivetti,R,203,FRA,24.799,507,69,7-6(2) 6-3,3,QF,91,8,1,59,40,35,8,11,0,2,10,13,73,28,24,16,10,6,9
2016-6014,St. Remy,Hard,32,C,,20160911,26,BE67,,,Mirza Basic,R,188,BIH,25.169,162,351,TA29,4,,Marco Trungelliti,R,178,ARG,26.612,130,451,1-6 6-3 6-4,3,QF,94,3,4,73,47,26,16,13,4,8,10,6,86,50,34,16,13,4,8
2016-6014,St. Remy,Hard,32,C,,20160911,27,DA86,,,Joris De Loore,R,191,BEL,23.392,219,250,HB64,6,,Quentin Halys,R,191,FRA,19.877,139,415,7-6(4) 7-5,3,QF,96,8,1,78,42,36,16,12,2,3,11,6,74,39,29,18,12,2,4
2016-6014,St. Remy,Hard,32,C,,20160911,28,MM58,,,Daniil Medvedev,R,198,RUS,20.583,156,365,MP20,,,Alexandre Muller,R,183,FRA,19.608,437,94,6-0 6-0,3,QF,48,2,1,36,15,13,13,6,0,0,0,3,33,18,4,3,6,2,8
2016-6014,St. Remy,Hard,32,C,,20160911,29,DA86,,,Joris De Loore,R,191,BEL,23.392,219,250,K776,2,,Konstantin Kravchuk,R,191,RUS,31.548,93,628,7-6(3) 3-6 6-0,3,SF,118,7,4,89,44,34,25,13,2,3,5,2,77,43,28,22,14,2,5
2016-6014,St. Remy,Hard,32,C,,20160911,30,MM58,,,Daniil Medvedev,R,198,RUS,20.583,156,365,BE67,,,Mirza Basic,R,188,BIH,25.169,162,351,3-6 7-5 7-6(4),3,SF,132,12,7,109,56,41,25,16,4,9,8,2,107,65,50,14,17,6,11
2016-6014,St. Remy,Hard,32,C,,20160911,31,MM58,,,Daniil Medvedev,R,198,RUS,20.583,156,365,DA86,,,Joris De Loore,R,191,BEL,23.392,219,250,6-3 6-3,3,F,64,5,1,45,31,29,8,9,1,1,5,0,60,31,22,12,9,7,10
2016-6250,Barranquilla,Clay,32,C,,20160911,1,SM37,1,,Diego Schwartzman,R,170,ARG,24.071,69,746,LB84,,,Juan Ignacio Londero,R,180,ARG,23.075,274,187,6-2 6-4,3,R32,82,5,1,55,24,16,14,9,1,5,1,5,54,23,12,9,9,5,12
2016-6250,Barranquilla,Clay,32,C,,20160911,2,E224,,,Victor Estrella Burgos,R,170,DOM,36.11,83,682,Z198,,,Caio Zampieri,R,183,BRA,30.294,371,122,6-5 RET,3,R32,54,2,2,51,30,19,8,6,6,8,1,2,29,20,12,4,5,0,2
2016-6250,Barranquilla,Clay,32,C,,20160911,3,SC73,3,,Rogerio Dutra Silva,R,178,BRA,32.6,108,557,SL85,,,Juan Carlos Saez,,,CHI,25.103,463,85,6-0 6-4,3,R32,74,1,2,49,29,16,13,8,0,2,0,5,53,31,14,7,8,5,11
2016-6250,Barranquilla,Clay,32,C,,20160911,4,G725,,,Santiago Giraldo,R,188,COL,28.791,132,441,H693,,,Ricardo Hocevar,R,180,BRA,31.343,528,65,6-0 6-2,3,R32,67,7,2,44,18,12,17,7,0,1,2,1,50,28,13,6,7,3,9
2016-6250,Barranquilla,Clay,32,C,,20160911,5,G585,5,,Maximo Gonzalez,R,173,ARG,33.147,146,401,SI36,,,Eduardo Struvay,R,,COL,25.736,196,288,7-6(3) 3-6 RET,3,R32,123,1,3,81,46,26,16,11,9,14,5,11,76,39,28,14,10,7,10
2016-6250,Barranquilla,Clay,32,C,,20160911,6,G892,6,,Alejandro Gonzalez,R,191,COL,27.592,158,357,MJ89,,,Gianni Mina,R,188,FRA,24.589,633,43,6-2 6-1,3,R32,82,3,0,35,18,13,15,7,0,0,1,1,57,34,14,13,8,8,13
2016-6250,Barranquilla,Clay,32,C,,20160911,7,Q941,,,Roberto Quiroz,L,193,ECU,24.55,379,120,KC86,7,,Darian King,R,188,BAR,24.378,166,336,0-6 6-3 6-2,3,R32,99,0,2,60,37,29,14,12,0,3,1,2,73,49,31,13,11,4,7
2016-6250,Barranquilla,Clay,32,C,,20160911,8,A853,8,,Marcelo Arevalo,R,191,ESA,25.903,176,319,BE44,,,Jose Daniel Bendeck,R,183,COL,25.717,1109,8,6-1 6-2,3,R32,75,3,3,51,25,21,11,7,5,6,2,8,67,27,12,16,8,13,19
2016-6250,Barranquilla,Clay,32,C,,20160911,9,E708,,,Maximiliano Estevez,L,191,ARG,27.318,291,174,E720,,,Adam El Mihdawy,,,USA,27.091,361,127,6-1 1-0 RET,3,R32,36,2,1,20,14,9,5,4,1,2,1,6,28,9,6,3,4,1,5
2016-6250,Barranquilla,Clay,32,C,,20160911,10,F444,,,Alejandro Falla,L,185,COL,32.827,262,199,CG84,,,Gregorio Cordonnier,R,198,COL,20.608,1045,10,6-4 6-1,3,R32,87,0,4,55,30,23,12,8,4,5,0,6,65,25,12,18,9,4,9
2016-6250,Barranquilla,Clay,32,C,,20160911,11,GB41,,,Juan Sebastian Gomez,,,COL,24.52,593,50,A941,,,Facundo Arguello,R,178,ARG,24.104,197,287,3-6 6-4 6-4,3,R32,134,2,8,101,62,42,16,14,6,10,2,9,88,44,33,20,15,5,10
2016-6250,Barranquilla,Clay,32,C,,20160911,12,H896,,,Jose Hernandez-Fernandez,R,183,DOM,26.5,257,203,SN44,,,Bruno Santanna,R,178,BRA,23.168,596,50,7-5 6-2,3,R32,77,3,0,59,43,33,7,10,3,5,3,3,61,42,24,5,10,3,8
2016-6250,Barranquilla,Clay,32,C,,20160911,13,MJ98,,,Facundo Mena,R,183,ARG,23.97,399,110,E661,,,Gonzalo Escobar,L,178,ECU,27.641,401,109,6-4 7-5,3,R32,101,6,3,62,35,26,14,11,3,6,0,3,59,42,26,6,11,3,8
2016-6250,Barranquilla,Clay,32,C,,20160911,14,R913,,,Cristian Rodriguez,R,180,COL,26.218,499,73,SG56,,,Daniel Dutra da Silva,L,,BRA,28.186,427,98,6-1 6-0,3,R32,50,4,4,37,21,18,11,7,2,2,1,3,31,17,6,3,6,2,7
2016-6250,Barranquilla,Clay,32,C,,20160911,15,R960,,,Fernando Romboli,R,180,BRA,27.685,585,52,Z363,,,Marcelo Zormann,R,180,BRA,20.255,481,78,6-3 6-1,3,R32,71,4,2,43,25,21,10,8,0,1,1,5,58,25,14,13,8,5,10
2016-6250,Barranquilla,Clay,32,C,,20160911,16,V620,,,Agustin Velotti,R,,ARG,24.301,256,204,SK69,,,Joao Pedro Sorgi,R,188,BRA,22.899,541,63,6-1 6-3,3,R32,68,8,1,40,20,18,11,8,0,1,3,4,55,37,21,4,8,6,11
2016-6250,Barranquilla,Clay,32,C,,20160911,17,SM37,1,,Diego Schwartzman,R,170,ARG,24.071,69,746,GB41,,,Juan Sebastian Gomez,,,COL,24.52,593,50,6-3 6-2,3,R16,78,2,1,60,23,16,18,9,6,9,0,6,56,31,12,10,8,6,12
2016-6250,Barranquilla,Clay,32,C,,20160911,18,E224,,,Victor Estrella Burgos,R,170,DOM,36.11,83,682,R960,,,Fernando Romboli,R,180,BRA,27.685,585,52,4-6 6-2 6-2,3,R16,124,6,3,79,45,31,20,13,3,5,1,3,88,62,32,16,13,4,9
2016-6250,Barranquilla,Clay,32,C,,20160911,19,SC73,3,,Rogerio Dutra Silva,R,178,BRA,32.6,108,557,E708,,,Maximiliano Estevez,L,191,ARG,27.318,291,174,6-1 6-0,3,R16,68,4,2,36,16,12,14,6,2,2,0,1,52,29,13,8,7,9,15
2016-6250,Barranquilla,Clay,32,C,,20160911,20,G725,,,Santiago Giraldo,R,188,COL,28.791,132,441,F444,,,Alejandro Falla,L,185,COL,32.827,262,199,6-2 3-6 7-5,3,R16,137,4,5,104,49,29,26,15,9,15,1,5,85,50,30,13,14,4,11
2016-6250,Barranquilla,Clay,32,C,,20160911,21,G585,5,,Maximo Gonzalez,R,173,ARG,33.147,146,401,MJ98,,,Facundo Mena,R,183,ARG,23.97,399,110,6-1 6-2,3,R16,58,1,1,38,16,13,15,7,0,1,0,1,45,29,12,5,8,3,9
2016-6250,Barranquilla,Clay,32,C,,20160911,22,G892,6,,Alejandro Gonzalez,R,191,COL,27.592,158,357,R913,,,Cristian Rodriguez,R,180,COL,26.218,499,73,1-6 6-1 6-2,3,R16,103,1,5,75,52,34,9,11,5,9,4,7,60,32,21,8,11,1,7
2016-6250,Barranquilla,Clay,32,C,,20160911,23,V620,,,Agustin Velotti,R,,ARG,24.301,256,204,A853,8,,Marcelo Arevalo,R,191,ESA,25.903,176,319,6-4 6-2,3,R16,87,1,2,60,32,19,18,9,4,6,3,2,64,38,21,11,9,8,13
2016-6250,Barranquilla,Clay,32,C,,20160911,24,H896,,,Jose Hernandez-Fernandez,R,183,DOM,26.5,257,203,Q941,,,Roberto Quiroz,L,193,ECU,24.55,379,120,7-6(3) 4-6 6-2,3,R16,144,1,0,87,69,46,9,15,2,6,6,5,108,68,44,16,15,5,10
2016-6250,Barranquilla,Clay,32,C,,20160911,25,SM37,1,,Diego Schwartzman,R,170,ARG,24.071,69,746,H896,,,Jose Hernandez-Fernandez,R,183,DOM,26.5,257,203,6-1 6-0,3,QF,56,2,0,35,20,17,11,7,0,0,0,3,45,31,13,4,6,5,10
2016-6250,Barranquilla,Clay,32,C,,20160911,26,G585,5,,Maximo Gonzalez,R,173,ARG,33.147,146,401,E224,,,Victor Estrella Burgos,R,170,DOM,36.11,83,682,4-6 6-3 6-4,3,QF,150,8,4,83,51,35,20,15,1,4,1,2,103,58,32,27,14,6,10
2016-6250,Barranquilla,Clay,32,C,,20160911,27,SC73,3,,Rogerio Dutra Silva,R,178,BRA,32.6,108,557,G892,6,,Alejandro Gonzalez,R,191,COL,27.592,158,357,6-4 6-4,3,QF,109,2,4,62,31,22,15,10,3,6,1,2,71,43,25,10,10,5,10
2016-6250,Barranquilla,Clay,32,C,,20160911,28,G725,,,Santiago Giraldo,R,188,COL,28.791,132,441,V620,,,Agustin Velotti,R,,ARG,24.301,256,204,6-0 6-4,3,QF,86,2,2,48,23,18,14,8,2,3,2,4,72,41,23,12,8,7,12
2016-6250,Barranquilla,Clay,32,C,,20160911,29,SM37,1,,Diego Schwartzman,R,170,ARG,24.071,69,746,G725,,,Santiago Giraldo,R,188,COL,28.791,132,441,7-5 6-2,3,SF,98,1,4,62,32,19,10,10,4,9,3,6,78,40,18,14,10,8,16
2016-6250,Barranquilla,Clay,32,C,,20160911,30,SC73,3,,Rogerio Dutra Silva,R,178,BRA,32.6,108,557,G585,5,,Maximo Gonzalez,R,173,ARG,33.147,146,401,6-3 6-1,3,SF,94,4,1,53,32,25,11,8,2,2,1,1,55,32,18,11,8,5,9
2016-6250,Barranquilla,Clay,32,C,,20160911,31,SM37,1,,Diego Schwartzman,R,170,ARG,24.071,69,746,SC73,3,,Rogerio Dutra Silva,R,178,BRA,32.6,108,557,6-4 6-1,3,F,80,3,2,51,31,19,13,8,5,7,2,9,62,28,17,12,9,3,9
2016-6313,Shanghai,Hard,32,C,,20160912,1,TC61,1,,Jordan Thompson,R,183,AUS,22.398,93,628,C813,,,Ti Chen,R,178,TPE,32.945,251,208,6-2 6-7(2) 7-6(4),3,R32,186,15,2,117,63,43,31,16,4,6,4,3,115,76,50,20,16,7,11
2016-6313,Shanghai,Hard,32,C,,20160912,2,W471,,,Amir Weintraub,R,185,ISR,29.99,214,259,I230,2,,Tatsuma Ito,R,180,JPN,28.32,134,459,4-6 6-1 6-0,3,R32,107,6,0,95,60,43,16,12,11,12,8,7,75,45,30,9,11,4,9
2016-6313,Shanghai,Hard,32,C,,20160912,3,SC47,3,,Go Soeda,R,178,JPN,32.019,133,460,MM79,,,Blake Mott,R,180,AUS,20.394,311,160,3-6 6-1 6-4,3,R32,122,6,2,86,46,32,18,13,5,9,8,10,90,61,40,6,13,6,12
2016-6313,Shanghai,Hard,32,C,,20160912,4,L949,4,,Henri Laaksonen,R,185,SUI,24.452,138,433,X015,,,Zihao Xia,R,,CHN,19.617,1114,8,6-4 6-4,3,R32,80,4,0,59,35,24,13,10,4,6,1,4,63,42,26,7,10,6,10
2016-6313,Shanghai,Hard,32,C,,20160912,5,G820,,,Xin Gao,R,180,CHN,22.338,486,76,V495,5,,Luca Vanni,R,198,ITA,31.274,168,334,4-6 6-3 6-4,3,R32,117,8,0,89,58,44,17,15,6,8,13,2,76,47,38,12,14,5,8
2016-6313,Shanghai,Hard,32,C,,20160912,6,J380,6,,Jason Jung,R,180,TPE,27.244,153,377,MF71,,,Denys Molchanov,R,188,UKR,29.328,411,104,6-2 6-3,3,R32,55,2,1,40,21,18,15,8,1,1,7,8,63,32,21,11,9,3,7
2016-6313,Shanghai,Hard,32,C,,20160912,7,K596,7,,Alexander Kudryavtsev,R,183,RUS,30.88,169,330,Z254,,,Jurgen Zopp,R,191,EST,28.457,207,264,6-3 6-0,3,R32,59,2,0,40,19,16,14,7,1,1,2,4,51,27,17,6,8,2,7
2016-6313,Shanghai,Hard,32,C,,20160912,8,PH42,,,Matija Pecotic,L,185,CRO,27.195,335,141,Z272,8,,Ze Zhang,R,188,CHN,26.193,184,307,6-3 3-6 7-6(8),3,R32,138,3,6,104,58,44,24,15,2,3,9,3,100,61,45,21,15,4,5
2016-6313,Shanghai,Hard,32,C,,20160912,9,KC56,,,Aslan Karatsev,R,185,RUS,23.023,209,264,MI01,,,Hiroki Moriya,R,168,JPN,25.908,220,251,6-2 6-4,3,R32,83,8,3,56,32,24,11,9,5,7,1,1,57,34,19,9,9,4,9
2016-6313,Shanghai,Hard,32,C,,20160912,10,K834,,,Blaz Kavcic,R,188,SLO,29.525,223,249,SL92,,,Shuichi Sekiguchi,R,168,JPN,25.164,406,105,7-5 6-3,3,R32,110,5,2,73,44,32,16,11,8,9,2,1,64,41,29,10,10,1,4
2016-6313,Shanghai,Hard,32,C,,20160912,11,KA46,,,Yuya Kibi,R,180,JPN,30.141,259,196,Q949,,,Zhuoyang Qiu,R,185,CHN,20.222,1451,3,6-0 6-2,3,R32,49,0,0,34,21,17,11,7,0,0,1,4,59,32,18,8,7,6,11
2016-6313,Shanghai,Hard,32,C,,20160912,12,KF17,,,Soonwoo Kwon,R,180,KOR,18.779,304,162,BC76,,,Nicolas Barrientos,R,175,COL,29.388,331,144,6-1 6-3,3,R32,60,3,0,51,35,23,13,8,3,3,4,2,47,35,18,4,8,4,8
2016-6313,Shanghai,Hard,32,C,,20160912,13,L733,,,Zhe Li,R,183,CHN,29.979,230,228,W571,,,Di Wu,R,173,CHN,24.997,194,290,6-4 6-2,3,R32,61,1,0,48,33,28,10,9,3,3,1,2,50,29,21,9,9,3,6
2016-6313,Shanghai,Hard,32,C,,20160912,14,ME05,,,Marinko Matosevic,R,193,AUS,31.097,266,192,Z371,,,Zhizhen Zhang,R,193,CHN,19.907,523,66,6-4 6-2,3,R32,71,4,3,56,35,28,12,9,3,3,6,1,51,30,22,10,9,2,5
2016-6313,Shanghai,Hard,32,C,,20160912,15,SL07,,,Alexander Sarkissian,R,191,USA,26.445,204,267,SX90,,,Fajing Sun,R,178,CHN,19.943,554,59,6-0 6-3,3,R32,58,4,3,35,17,15,10,7,1,2,1,2,56,29,15,9,8,5,11
2016-6313,Shanghai,Hard,32,C,,20160912,16,U134,,,Yasutaka Uchiyama,R,183,JPN,24.104,312,157,GB93,,,Norbert Gombos,R,193,SVK,26.084,334,142,6-7(6) 6-3 6-4,3,R32,142,8,4,124,83,54,24,16,5,7,10,9,92,50,38,21,15,2,6
2016-6313,Shanghai,Hard,32,C,,20160912,17,TC61,1,,Jordan Thompson,R,183,AUS,22.398,93,628,ME05,,,Marinko Matosevic,R,193,AUS,31.097,266,192,6-3 7-6(6),3,R16,104,11,3,84,49,38,15,11,5,6,2,2,65,42,30,10,10,1,3
2016-6313,Shanghai,Hard,32,C,,20160912,18,SC47,3,,Go Soeda,R,178,JPN,32.019,133,460,KC56,,,Aslan Karatsev,R,185,RUS,23.023,209,264,7-5 6-4,3,R16,103,4,0,76,40,28,24,11,3,3,4,6,74,48,36,9,11,3,5
2016-6313,Shanghai,Hard,32,C,,20160912,19,L949,4,,Henri Laaksonen,R,185,SUI,24.452,138,433,L733,,,Zhe Li,R,183,CHN,29.979,230,228,6-1 6-4,3,R16,72,6,2,65,39,30,14,9,1,1,1,4,47,30,20,7,8,3,6
2016-6313,Shanghai,Hard,32,C,,20160912,20,J380,6,,Jason Jung,R,180,TPE,27.244,153,377,KA46,,,Yuya Kibi,R,180,JPN,30.141,259,196,6-7(4) 6-4 6-3,3,R16,153,8,10,118,58,43,29,16,6,9,5,8,123,67,39,33,15,11,16
2016-6313,Shanghai,Hard,32,C,,20160912,21,K834,,,Blaz Kavcic,R,188,SLO,29.525,223,249,K596,7,,Alexander Kudryavtsev,R,183,RUS,30.88,169,330,6-3 7-5,3,R16,108,3,3,66,32,26,19,11,2,3,8,5,89,40,32,18,10,8,11
2016-6313,Shanghai,Hard,32,C,,20160912,22,KF17,,,Soonwoo Kwon,R,180,KOR,18.779,304,162,PH42,,,Matija Pecotic,L,185,CRO,27.195,335,141,7-5 6-4,3,R16,82,3,1,66,36,28,16,11,4,6,6,3,61,31,21,15,11,2,6
2016-6313,Shanghai,Hard,32,C,,20160912,23,SL07,,,Alexander Sarkissian,R,191,USA,26.445,204,267,G820,,,Xin Gao,R,180,CHN,22.338,486,76,6-0 6-1,3,R16,53,9,0,35,20,15,13,7,0,0,1,1,43,25,10,8,6,4,9
2016-6313,Shanghai,Hard,32,C,,20160912,24,U134,,,Yasutaka Uchiyama,R,183,JPN,24.104,312,157,W471,,,Amir Weintraub,R,185,ISR,29.99,214,259,6-2 7-5,3,R16,70,8,2,52,33,23,14,10,2,3,6,1,62,38,26,7,10,2,6
2016-6313,Shanghai,Hard,32,C,,20160912,25,TC61,1,,Jordan Thompson,R,183,AUS,22.398,93,628,KF17,,,Soonwoo Kwon,R,180,KOR,18.779,304,162,6-4 6-4,3,QF,94,2,1,52,32,24,14,10,0,1,4,2,70,44,31,10,10,3,6
2016-6313,Shanghai,Hard,32,C,,20160912,26,J380,6,,Jason Jung,R,180,TPE,27.244,153,377,SC47,3,,Go Soeda,R,178,JPN,32.019,133,460,6-2 7-5,3,QF,69,4,0,51,33,27,15,10,1,1,2,1,53,34,23,10,10,0,3
2016-6313,Shanghai,Hard,32,C,,20160912,27,L949,4,,Henri Laaksonen,R,185,SUI,24.452,138,433,SL07,,,Alexander Sarkissian,R,191,USA,26.445,204,267,6-2 6-2,3,QF,65,5,5,42,29,22,6,8,0,1,2,5,58,23,14,12,8,3,8
2016-6313,Shanghai,Hard,32,C,,20160912,28,U134,,,Yasutaka Uchiyama,R,183,JPN,24.104,312,157,K834,,,Blaz Kavcic,R,188,SLO,29.525,223,249,7-5 6-3,3,QF,90,8,1,73,41,28,19,11,1,2,7,4,58,36,25,11,10,0,3
2016-6313,Shanghai,Hard,32,C,,20160912,29,J380,6,,Jason Jung,R,180,TPE,27.244,153,377,TC61,1,,Jordan Thompson,R,183,AUS,22.398,93,628,6-4 6-4,3,SF,94,2,1,58,31,22,20,10,0,0,9,0,76,46,31,16,10,6,8
2016-6313,Shanghai,Hard,32,C,,20160912,30,L949,4,,Henri Laaksonen,R,185,SUI,24.452,138,433,U134,,,Yasutaka Uchiyama,R,183,JPN,24.104,312,157,6-3 7-5,3,SF,86,4,4,75,49,38,11,11,3,4,3,2,58,31,23,11,10,2,5
2016-6313,Shanghai,Hard,32,C,,20160912,31,L949,4,,Henri Laaksonen,R,185,SUI,24.452,138,433,J380,6,,Jason Jung,R,180,TPE,27.244,153,377,6-3 6-3,3,F,72,2,5,60,37,28,15,9,6,6,2,1,58,37,24,9,9,1,4
2016-7027,Nanchang,Hard,32,C,,20160917,1,L575,1,,Yen-Hsun Lu,R,180,TPE,33.095,71,720,C813,,,Ti Chen,R,178,TPE,32.958,251,208,3-6 6-4 6-3,3,R32,128,11,5,87,54,39,18,14,6,8,0,2,93,72,48,10,14,3,6
2016-7027,Nanchang,Hard,32,C,,20160917,2,TC61,2,,Jordan Thompson,R,183,AUS,22.412,93,628,TG30,,,Rigele Te,R,188,CHN,18.94,694,35,6-4 6-3,3,R32,71,4,1,59,43,32,11,10,1,1,3,2,61,37,22,14,9,3,5
2016-7027,Nanchang,Hard,32,C,,20160917,3,I230,3,,Tatsuma Ito,R,180,JPN,28.334,134,459,SL92,,,Shuichi Sekiguchi,R,168,JPN,25.177,406,105,6-3 1-6 7-6(6),3,R32,146,5,1,94,60,37,17,14,1,5,8,1,98,60,40,19,14,10,13
2016-7027,Nanchang,Hard,32,C,,20160917,4,CH27,4,,Hyeon Chung,R,188,KOR,20.331,145,401,BD82,,,Sergey Betov,R,185,,28.925,518,67,6-0 6-2,3,R32,56,1,2,34,24,23,6,7,1,1,1,3,43,28,16,3,7,3,8
2016-7027,Nanchang,Hard,32,C,,20160917,5,V495,5,,Luca Vanni,R,198,ITA,31.288,168,334,MF71,,,Denys Molchanov,R,188,UKR,29.342,411,104,6-0 0-1 RET,3,R32,25,3,0,15,10,9,3,3,0,0,3,1,29,18,6,5,4,1,4
2016-7027,Nanchang,Hard,32,C,,20160917,6,J380,6,,Jason Jung,R,180,TPE,27.258,153,377,HB59,,,Yecong He,R,180,CHN,22.587,543,63,6-2 6-3,3,R32,85,5,1,57,37,26,14,9,2,2,1,2,58,34,19,12,8,4,7
2016-7027,Nanchang,Hard,32,C,,20160917,7,K596,7,,Alexander Kudryavtsev,R,183,RUS,30.894,169,330,SX90,,,Fajing Sun,R,178,CHN,19.956,554,59,3-6 6-3 6-4,3,R32,126,9,4,86,49,31,23,14,3,6,3,3,100,59,38,21,14,10,14
2016-7027,Nanchang,Hard,32,C,,20160917,8,Z272,8,,Ze Zhang,R,188,CHN,26.207,184,307,W571,,,Di Wu,R,173,CHN,25.01,194,290,3-6 6-2 6-3,3,R32,110,10,2,97,55,44,19,13,4,5,1,2,75,42,31,18,13,4,7
2016-7027,Nanchang,Hard,32,C,,20160917,9,KC56,,,Aslan Karatsev,R,185,RUS,23.036,209,264,KA46,,,Yuya Kibi,R,180,JPN,30.155,259,196,6-3 7-6(4),3,R32,97,5,5,69,34,27,20,11,3,5,1,1,71,44,28,15,10,5,8
2016-7027,Nanchang,Hard,32,C,,20160917,10,K834,,,Blaz Kavcic,R,188,SLO,29.539,223,249,W471,,,Amir Weintraub,R,185,ISR,30.004,214,259,6-4 6-3,3,R32,81,5,2,55,35,30,9,9,3,3,4,1,59,42,26,10,10,4,7
2016-7027,Nanchang,Hard,32,C,,20160917,11,ME05,,,Marinko Matosevic,R,193,AUS,31.11,266,192,BC76,,,Nicolas Barrientos,R,175,COL,29.402,331,144,6-4 6-4,3,R32,69,2,1,48,29,24,14,10,1,2,1,6,64,37,24,15,10,6,9
2016-7027,Nanchang,Hard,32,C,,20160917,12,MI01,,,Hiroki Moriya,R,168,JPN,25.922,220,251,PH42,,,Matija Pecotic,L,185,CRO,27.209,335,141,6-4 6-4,3,R32,78,3,2,62,42,30,15,10,5,5,3,2,48,24,21,14,10,1,3
2016-7027,Nanchang,Hard,32,C,,20160917,13,SL07,,,Alexander Sarkissian,R,191,USA,26.459,204,267,Z254,,,Jurgen Zopp,R,191,EST,28.471,207,264,6-3 6-1,3,R32,54,7,1,40,24,20,12,8,0,0,0,0,46,28,15,7,8,1,5
2016-7027,Nanchang,Hard,32,C,,20160917,14,U134,,,Yasutaka Uchiyama,R,183,JPN,24.118,312,157,L733,,,Zhe Li,R,183,CHN,29.993,230,228,6-4 7-5,3,R32,78,10,1,60,43,38,9,11,1,1,3,1,54,38,28,11,11,1,3
2016-7027,Nanchang,Hard,32,C,,20160917,15,X015,,,Zihao Xia,R,,CHN,19.63,1114,8,LE01,,,Duckhee Lee,R,170,KOR,18.305,186,306,1-6 7-5 6-3,3,R32,116,7,0,88,58,35,19,14,3,6,9,2,88,48,36,19,14,6,9
2016-7027,Nanchang,Hard,32,C,,20160917,16,Z371,,,Zhizhen Zhang,R,193,CHN,19.921,523,66,MM79,,,Blake Mott,R,180,AUS,20.408,311,160,7-5 3-6 6-1,3,R32,107,8,0,76,48,36,18,14,5,7,4,3,82,67,44,5,14,2,6
2016-7027,Nanchang,Hard,32,C,,20160917,17,ME05,,,Marinko Matosevic,R,193,AUS,31.11,266,192,L575,1,,Yen-Hsun Lu,R,180,TPE,33.095,71,720,7-5 0-6 6-4,3,R16,126,6,4,97,62,42,14,14,5,9,3,1,76,44,33,17,14,2,5
2016-7027,Nanchang,Hard,32,C,,20160917,18,TC61,2,,Jordan Thompson,R,183,AUS,22.412,93,628,Z371,,,Zhizhen Zhang,R,193,CHN,19.921,523,66,6-1 6-4,3,R16,70,6,0,47,28,22,11,9,1,2,4,4,54,33,20,6,8,4,8
2016-7027,Nanchang,Hard,32,C,,20160917,19,MI01,,,Hiroki Moriya,R,168,JPN,25.922,220,251,I230,3,,Tatsuma Ito,R,180,JPN,28.334,134,459,6-4 6-0,3,R16,79,0,5,59,30,22,13,8,2,3,3,0,42,28,11,7,8,2,7
2016-7027,Nanchang,Hard,32,C,,20160917,20,CH27,4,,Hyeon Chung,R,188,KOR,20.331,145,401,KC56,,,Aslan Karatsev,R,185,RUS,23.036,209,264,6-3 6-3,3,R16,74,4,3,51,31,28,9,9,0,0,2,5,53,28,19,11,9,3,6
2016-7027,Nanchang,Hard,32,C,,20160917,21,K834,,,Blaz Kavcic,R,188,SLO,29.539,223,249,V495,5,,Luca Vanni,R,198,ITA,31.288,168,334,7-5 6-2,3,R16,88,0,2,56,38,28,8,10,1,3,5,4,52,31,19,10,10,1,6
2016-7027,Nanchang,Hard,32,C,,20160917,22,J380,6,,Jason Jung,R,180,TPE,27.258,153,377,U134,,,Yasutaka Uchiyama,R,183,JPN,24.118,312,157,6-3 7-6(3),3,R16,97,7,2,82,53,38,16,11,4,5,8,0,62,41,29,12,10,3,5
2016-7027,Nanchang,Hard,32,C,,20160917,23,SL07,,,Alexander Sarkissian,R,191,USA,26.459,204,267,K596,7,,Alexander Kudryavtsev,R,183,RUS,30.894,169,330,6-3 7-6(6),3,R16,94,4,4,86,53,40,17,11,8,9,3,0,65,35,21,21,10,6,8
2016-7027,Nanchang,Hard,32,C,,20160917,24,Z272,8,,Ze Zhang,R,188,CHN,26.207,184,307,X015,,,Zihao Xia,R,,CHN,19.63,1114,8,6-2 6-3,3,R16,54,9,2,37,22,19,11,8,0,1,4,2,60,41,24,5,9,3,8
2016-7027,Nanchang,Hard,32,C,,20160917,25,J380,6,,Jason Jung,R,180,TPE,27.258,153,377,TC61,2,,Jordan Thompson,R,183,AUS,22.412,93,628,7-6(4) 6-3,3,QF,135,2,2,65,43,37,14,11,5,5,4,3,79,45,32,18,10,7,8
2016-7027,Nanchang,Hard,32,C,,20160917,26,CH27,4,,Hyeon Chung,R,188,KOR,20.331,145,401,K834,,,Blaz Kavcic,R,188,SLO,29.539,223,249,4-6 6-3 6-4,3,QF,167,4,2,89,60,46,17,15,4,5,2,3,88,49,34,22,14,3,5
2016-7027,Nanchang,Hard,32,C,,20160917,27,ME05,,,Marinko Matosevic,R,193,AUS,31.11,266,192,Z272,8,,Ze Zhang,R,188,CHN,26.207,184,307,7-6(4) 4-6 6-4,3,QF,152,8,2,101,72,53,12,16,3,6,3,7,114,64,43,26,16,5,8
2016-7027,Nanchang,Hard,32,C,,20160917,28,MI01,,,Hiroki Moriya,R,168,JPN,25.922,220,251,SL07,,,Alexander Sarkissian,R,191,USA,26.459,204,267,6-1 7-5,3,QF,87,3,1,55,38,30,10,9,4,4,6,3,73,45,32,7,10,8,12
2016-7027,Nanchang,Hard,32,C,,20160917,29,CH27,4,,Hyeon Chung,R,188,KOR,20.331,145,401,J380,6,,Jason Jung,R,180,TPE,27.258,153,377,6-3 6-4,3,SF,79,8,0,55,44,29,7,10,3,5,4,1,63,37,23,9,9,3,7
2016-7027,Nanchang,Hard,32,C,,20160917,30,MI01,,,Hiroki Moriya,R,168,JPN,25.922,220,251,ME05,,,Marinko Matosevic,R,193,AUS,31.11,266,192,6-1 7-6(5),3,SF,81,0,3,56,30,19,17,9,1,3,3,0,62,36,20,13,10,3,8
2016-7027,Nanchang,Hard,32,C,,20160917,31,MI01,,,Hiroki Moriya,R,168,JPN,25.922,220,251,CH27,4,,Hyeon Chung,R,188,KOR,20.331,145,401,4-6 6-1 6-4,3,F,119,4,4,97,59,43,21,14,9,11,7,1,66,43,31,12,13,3,7
2016-7093,Meknes,Clay,32,C,,20160917,1,V682,,,Lennert Van Der Linden,R,188,NED,27.138,464,81,CF59,1,,Roberto Carballes Baena,R,183,ESP,23.488,108,560,2-6 7-6(2) 7-6(4),3,R32,162,1,6,112,69,38,17,16,3,11,1,3,103,76,43,13,16,2,8
2016-7093,Meknes,Clay,32,C,,20160917,2,D981,2,,Arthur De Greef,R,183,BEL,24.476,139,431,GD32,,,Sander Gille,R,185,BEL,25.673,588,52,6-1 6-3,3,R32,67,2,3,50,30,22,10,8,1,2,1,1,55,24,11,14,8,5,10
2016-7093,Meknes,Clay,32,C,,20160917,3,D916,3,,Steven Diez,R,175,CAN,25.506,162,349,GF08,,,Clement Geens,R,178,BEL,20.52,279,181,6-2 6-0,3,R32,51,2,0,34,28,24,4,7,0,0,2,5,33,19,10,2,7,3,8
2016-7093,Meknes,Clay,32,C,,20160917,4,SK47,4,,Mohamed Safwat,R,180,EGY,25.996,221,250,TC09,,,Pol Toledo Bague,R,178,ESP,21.739,484,76,6-3 6-0,3,R32,61,8,2,50,26,19,16,8,4,4,0,1,43,30,13,6,7,3,7
2016-7093,Meknes,Clay,32,C,,20160917,5,I236,5,,Uladzimir Ignatik,R,183,BLR,26.179,246,213,MM24,,,Bastian Malla,,,CHI,19.986,407,105,6-3 6-2,3,R32,78,4,3,46,33,29,5,8,3,3,0,3,70,52,30,5,9,9,13
2016-7093,Meknes,Clay,32,C,,20160917,6,RA82,6,,Yannik Reuter,R,,BEL,25.536,240,218,LC58,,,Tomas Lipovsek Puches,R,183,ARG,23.42,300,165,6-1 6-3,3,R32,67,1,0,46,31,21,11,8,3,4,0,5,63,46,24,4,8,10,15
2016-7093,Meknes,Clay,32,C,,20160917,7,BA08,,,Alberto Brizzi,R,,ITA,32.479,708,33,PF36,7,,David Perez Sanz,R,180,ESP,22.344,270,190,3-6 6-3 6-2,3,R32,116,2,4,72,46,35,15,13,3,5,2,2,80,34,26,19,13,7,11
2016-7093,Meknes,Clay,32,C,,20160917,8,MN13,8,,Maximilian Marterer,L,188,GER,21.259,250,208,CG04,,,Pedro Cachin,R,185,ARG,21.435,450,87,6-2 6-0,3,R32,48,4,2,36,24,21,7,7,0,0,1,5,40,22,10,6,7,4,9
2016-7093,Meknes,Clay,32,C,,20160917,9,CE77,,,Federico Coria,R,180,ARG,24.526,317,153,GB13,,,Germain Gigounon,R,178,BEL,27.411,289,171,5-7 7-5 6-3,3,R32,157,2,6,102,64,38,23,16,8,13,4,6,107,68,41,12,17,5,12
2016-7093,Meknes,Clay,32,C,,20160917,10,J400,,,Jeremy Jahn,R,178,GER,26.453,256,199,V824,,,Mario Vilella Martinez,R,178,ESP,21.21,488,75,7-6(6) 6-4,3,R32,95,0,3,62,42,32,9,11,1,3,7,7,80,50,35,14,11,5,8
2016-7093,Meknes,Clay,32,C,,20160917,11,J620,,,Maxime Janvier,R,196,FRA,19.915,354,130,CD00,,,Maxime Chazal,R,175,FRA,23.4,307,161,7-6(4) 6-4,3,R32,122,6,3,79,49,38,13,11,6,8,0,1,78,52,35,11,11,6,9
2016-7093,Meknes,Clay,32,C,,20160917,12,L908,,,Nils Langer,R,193,GER,26.645,296,166,Z301,,,Alexander Zhurbin,L,178,RUS,24.676,659,39,6-4 6-3,3,R32,87,3,6,67,36,27,16,10,8,9,4,1,65,45,27,9,9,6,9
2016-7093,Meknes,Clay,32,C,,20160917,13,MO44,,,Pedro Martinez,R,185,ESP,19.395,375,120,I201,,,Yassine Idmbarek,,,MAR,29.78,990,12,6-2 6-1,3,R32,66,1,1,50,36,25,10,8,2,2,0,2,50,33,16,9,7,6,10
2016-7093,Meknes,Clay,32,C,,20160917,14,N561,,,Ivan Nedelko,R,185,RUS,30.352,308,161,D935,,,Gibril Diarra,R,196,AUT,26.313,658,39,7-6(3) 3-6 6-4,3,R32,162,3,6,112,78,53,22,15,6,8,7,2,104,64,42,28,16,3,5
2016-7093,Meknes,Clay,32,C,,20160917,15,RB60,,,Oriol Roca Batalla,R,175,ESP,23.384,282,176,J399,,,Mehdi Jdi,,,MAR,27.762,1249,5,6-1 4-6 6-2,3,R32,103,1,2,73,45,29,16,13,1,5,3,4,101,64,35,12,12,11,18
2016-7093,Meknes,Clay,32,C,,20160917,16,SS61,,,Omar Salman,R,180,BEL,20.405,542,63,CG73,,,Ayoub Chakrouni,,,MAR,25.273,1109,8,6-1 6-1,3,R32,47,3,2,36,21,17,9,7,1,2,0,5,42,17,7,9,7,4,10
2016-7093,Meknes,Clay,32,C,,20160917,17,D981,2,,Arthur De Greef,R,183,BEL,24.476,139,431,J620,,,Maxime Janvier,R,196,FRA,19.915,354,130,3-6 7-6(5) 6-2,3,R16,150,7,5,103,56,38,23,15,9,13,5,1,106,62,38,23,14,9,13
2016-7093,Meknes,Clay,32,C,,20160917,18,RB60,,,Oriol Roca Batalla,R,175,ESP,23.384,282,176,D916,3,,Steven Diez,R,175,CAN,25.506,162,349,6-4 7-6(4),3,R16,110,2,0,68,49,33,11,11,2,5,0,2,81,53,31,13,11,8,12
2016-7093,Meknes,Clay,32,C,,20160917,19,SK47,4,,Mohamed Safwat,R,180,EGY,25.996,221,250,SS61,,,Omar Salman,R,180,BEL,20.405,542,63,6-3 6-3,3,R16,56,3,0,44,26,23,13,9,0,0,2,2,48,35,23,6,9,1,4
2016-7093,Meknes,Clay,32,C,,20160917,20,I236,5,,Uladzimir Ignatik,R,183,BLR,26.179,246,213,CE77,,,Federico Coria,R,180,ARG,24.526,317,153,6-2 6-3,3,R16,58,5,2,48,36,31,6,9,0,0,0,0,40,27,15,9,8,2,5
2016-7093,Meknes,Clay,32,C,,20160917,21,L908,,,Nils Langer,R,193,GER,26.645,296,166,RA82,6,,Yannik Reuter,R,,BEL,25.536,240,218,6-4 6-4,3,R16,87,7,3,62,31,26,20,10,0,0,4,2,67,41,27,13,10,0,2
2016-7093,Meknes,Clay,32,C,,20160917,22,MN13,8,,Maximilian Marterer,L,188,GER,21.259,250,208,N561,,,Ivan Nedelko,R,185,RUS,30.352,308,161,6-2 6-4,3,R16,88,7,2,70,35,27,19,9,10,10,3,0,65,33,22,14,9,7,10
2016-7093,Meknes,Clay,32,C,,20160917,23,J400,,,Jeremy Jahn,R,178,GER,26.453,256,199,V682,,,Lennert Van Der Linden,R,188,NED,27.138,464,81,7-6(2) 7-6(5),3,R16,132,2,4,96,61,37,18,12,5,10,0,1,100,70,41,13,12,9,14
2016-7093,Meknes,Clay,32,C,,20160917,24,MO44,,,Pedro Martinez,R,185,ESP,19.395,375,120,BA08,,,Alberto Brizzi,R,,ITA,32.479,708,33,4-6 6-3 6-1,3,R16,134,3,4,100,67,43,19,13,8,9,1,2,75,49,29,16,13,1,5
2016-7093,Meknes,Clay,32,C,,20160917,25,I236,5,,Uladzimir Ignatik,R,183,BLR,26.179,246,213,D981,2,,Arthur De Greef,R,183,BEL,24.476,139,431,6-2 3-6 6-2,3,QF,110,10,1,71,48,36,11,12,1,3,0,3,88,52,33,16,13,0,5
2016-7093,Meknes,Clay,32,C,,20160917,26,MO44,,,Pedro Martinez,R,185,ESP,19.395,375,120,SK47,4,,Mohamed Safwat,R,180,EGY,25.996,221,250,6-4 4-6 6-4,3,QF,118,0,2,75,52,40,16,15,1,3,9,2,77,49,37,15,15,1,4
2016-7093,Meknes,Clay,32,C,,20160917,27,MN13,8,,Maximilian Marterer,L,188,GER,21.259,250,208,J400,,,Jeremy Jahn,R,178,GER,26.453,256,199,6-4 6-4,3,QF,90,4,2,87,51,37,16,10,10,11,2,4,52,31,20,11,10,3,6
2016-7093,Meknes,Clay,32,C,,20160917,28,RB60,,,Oriol Roca Batalla,R,175,ESP,23.384,282,176,L908,,,Nils Langer,R,193,GER,26.645,296,166,W/O,3,QF,,,,,,,,,,,,,,,,,,,
2016-7093,Meknes,Clay,32,C,,20160917,29,I236,5,,Uladzimir Ignatik,R,183,BLR,26.179,246,213,RB60,,,Oriol Roca Batalla,R,175,ESP,23.384,282,176,3-6 6-3 6-3,3,SF,115,7,3,71,41,36,15,13,3,5,6,2,78,42,30,21,14,5,9
2016-7093,Meknes,Clay,32,C,,20160917,30,MN13,8,,Maximilian Marterer,L,188,GER,21.259,250,208,MO44,,,Pedro Martinez,R,185,ESP,19.395,375,120,6-2 6-1,3,SF,60,2,1,43,24,22,11,8,2,2,2,2,47,31,15,8,7,0,4
2016-7093,Meknes,Clay,32,C,,20160917,31,MN13,8,,Maximilian Marterer,L,188,GER,21.259,250,208,I236,5,,Uladzimir Ignatik,R,183,BLR,26.179,246,213,7-6(3) 6-3,3,F,90,9,2,65,40,31,15,10,0,0,1,1,70,42,31,14,11,2,4
2016-1607,Banja Luka,Clay,32,C,,20160918,1,Z184,1,,Horacio Zeballos,L,188,ARG,31.395,66,764,T984,,,Bastian Trinker,R,188,AUT,26.357,301,165,6-2 4-1 RET,3,R32,58,5,0,27,17,14,10,6,0,0,2,2,53,34,17,8,7,8,12
2016-1607,Banja Luka,Clay,32,C,,20160918,2,B884,2,,Carlos Berlocq,R,183,ARG,33.624,72,719,A622,,,Andrea Arnaboldi,L,180,ITA,28.728,232,227,6-2 6-3,3,R32,83,4,3,52,37,29,9,8,1,1,1,2,49,31,18,8,9,3,7
2016-1607,Banja Luka,Clay,32,C,,20160918,3,BH09,3,,Aljaz Bedene,R,183,SLO,27.17,85,660,LC11,,,Tristan Lamasine,R,183,FRA,23.54,242,217,7-6(6) 6-3,3,R32,106,5,1,73,39,29,15,11,1,4,0,2,69,49,28,11,10,4,8
2016-1607,Banja Luka,Clay,32,C,,20160918,4,PG32,4,,Adam Pavlasek,R,185,CZE,21.947,106,579,MF09,,,Nikola Mektic,R,183,CRO,27.734,327,147,3-6 6-4 6-3,3,R32,120,5,2,72,44,28,20,14,0,3,1,2,92,57,35,20,14,4,8
2016-1607,Banja Luka,Clay,32,C,,20160918,5,R383,5,,Ruben Ramirez Hidalgo,R,183,ESP,38.7,148,389,SI06,,,Antonio Sancic,R,180,CRO,27.819,914,16,6-4 7-6(2),3,R32,113,4,8,80,41,32,16,11,6,9,4,8,81,37,25,16,11,9,13
2016-1607,Banja Luka,Clay,32,C,,20160918,6,SK67,,,Jan Satral,R,185,CZE,26.155,182,307,F724,6,,Marton Fucsovics,R,188,HUN,24.611,147,393,7-6(5) 6-2,3,R32,101,2,5,63,34,27,12,10,1,3,1,2,74,46,23,14,10,4,8
2016-1607,Banja Luka,Clay,32,C,,20160918,7,DB63,7,,Laslo Djere,R,188,SRB,21.298,171,325,O483,,,Christopher O'Connell,R,183,AUS,22.294,338,140,6-2 6-2,3,R32,74,4,5,63,33,24,11,8,7,9,1,4,45,27,12,4,8,6,12
2016-1607,Banja Luka,Clay,32,C,,20160918,8,BH76,,,Riccardo Bellotti,R,,ITA,25.123,273,186,TC11,8,,Marko Tepavac,R,193,SRB,22.456,181,312,7-6(3) 6-2,3,R32,78,4,1,50,40,33,7,10,0,1,7,3,74,50,34,9,10,4,7
2016-1607,Banja Luka,Clay,32,C,,20160918,9,A596,,,Pablo Andujar,R,180,ESP,30.653,726,30,DA13,,,Dragos Dima,R,180,ROU,24.257,309,160,6-3 6-3,3,R32,103,0,5,61,40,28,9,9,4,6,0,7,82,48,28,12,9,12,17
2016-1607,Banja Luka,Clay,32,C,,20160918,10,HC99,,,Lenny Hampel,R,188,AUT,19.734,534,65,N663,,,Maximilian Neuchrist,R,,AUT,25.161,544,62,3-6 6-4 7-5,3,R32,152,3,5,105,59,43,24,15,9,11,0,4,99,57,42,21,16,2,5
2016-1607,Banja Luka,Clay,32,C,,20160918,11,KD70,,,Pedja Krstin,R,183,SRB,22.042,197,288,V490,,,Matteo Viola,R,185,ITA,29.202,351,132,7-5 7-5,3,R32,105,0,9,78,42,28,22,12,1,3,2,4,70,44,28,12,12,5,9
2016-1607,Banja Luka,Clay,32,C,,20160918,12,DB59,,,Dennis Novak,R,183,AUT,23.058,235,224,CC54,,,Nikola Cacic,R,183,SRB,25.782,529,65,6-4 6-4,3,R32,85,2,5,71,53,39,9,10,8,8,3,1,68,47,31,11,10,2,4
2016-1607,Banja Luka,Clay,32,C,,20160918,13,PE02,,,Danilo Petrovic,R,203,SRB,24.652,299,165,J513,,,Miki Jankovic,R,180,SRB,21.979,276,185,6-1 7-5,3,R32,69,10,4,59,40,33,8,10,3,4,3,1,55,37,21,8,9,5,9
2016-1607,Banja Luka,Clay,32,C,,20160918,14,SN77,,,Vaclav Safranek,R,183,CZE,22.333,303,163,DC76,,,Viktor Durasovic,R,185,NOR,19.502,577,54,6-4 6-3,3,R32,68,2,2,47,28,25,8,9,1,2,1,2,67,37,20,15,10,3,7
2016-1607,Banja Luka,Clay,32,C,,20160918,15,U061,,,Adrian Ungur,R,178,ROU,31.655,206,265,O513,,,Sebastian Ofner,R,191,AUT,20.353,402,107,6-3 7-6(5),3,R32,109,0,0,67,37,27,19,10,1,2,2,5,73,37,25,16,11,3,6
2016-1607,Banja Luka,Clay,32,C,,20160918,16,Z246,,,Miljan Zekic,R,185,SRB,28.186,202,277,V763,,,Filip Veger,,,CRO,21.744,640,41,6-4 6-1,3,R32,65,7,1,39,28,25,7,8,0,0,2,3,57,35,24,7,9,1,5
2016-1607,Banja Luka,Clay,32,C,,20160918,17,Z184,1,,Horacio Zeballos,L,188,ARG,31.395,66,764,PE02,,,Danilo Petrovic,R,203,SRB,24.652,299,165,6-4 4-6 7-5,3,R16,143,3,7,108,58,39,27,16,6,10,9,5,86,51,36,17,16,2,7
2016-1607,Banja Luka,Clay,32,C,,20160918,18,B884,2,,Carlos Berlocq,R,183,ARG,33.624,72,719,KD70,,,Pedja Krstin,R,183,SRB,22.042,197,288,6-2 6-2,3,R16,75,4,1,44,37,22,4,8,4,7,0,4,54,26,13,6,8,0,7
2016-1607,Banja Luka,Clay,32,C,,20160918,19,BH09,3,,Aljaz Bedene,R,183,SLO,27.17,85,660,DB59,,,Dennis Novak,R,183,AUT,23.058,235,224,6-4 6-2,3,R16,94,2,4,71,30,23,20,9,10,11,3,2,59,43,23,9,9,6,10
2016-1607,Banja Luka,Clay,32,C,,20160918,20,PG32,4,,Adam Pavlasek,R,185,CZE,21.947,106,579,HC99,,,Lenny Hampel,R,188,AUT,19.734,534,65,6-3 6-7(4) 6-2,3,R16,134,3,5,97,53,42,23,14,8,9,3,12,109,48,31,31,15,5,10
2016-1607,Banja Luka,Clay,32,C,,20160918,21,SN77,,,Vaclav Safranek,R,183,CZE,22.333,303,163,R383,5,,Ruben Ramirez Hidalgo,R,183,ESP,38.7,148,389,7-6(5) 6-4,3,R16,122,5,4,90,54,41,14,11,9,11,3,3,79,47,34,15,11,3,6
2016-1607,Banja Luka,Clay,32,C,,20160918,22,Z246,,,Miljan Zekic,R,185,SRB,28.186,202,277,DB63,7,,Laslo Djere,R,188,SRB,21.298,171,325,6-2 5-7 6-3,3,R16,151,3,2,98,62,43,16,15,8,11,1,6,92,63,36,14,14,5,10
2016-1607,Banja Luka,Clay,32,C,,20160918,23,A596,,,Pablo Andujar,R,180,ESP,30.653,726,30,BH76,,,Riccardo Bellotti,R,,ITA,25.123,273,186,2-6 6-0 7-6(8),3,R16,162,0,4,93,54,35,20,13,10,14,0,3,107,76,44,15,13,8,13
2016-1607,Banja Luka,Clay,32,C,,20160918,24,SK67,,,Jan Satral,R,185,CZE,26.155,182,307,U061,,,Adrian Ungur,R,178,ROU,31.655,206,265,6-4 6-4,3,R16,94,8,5,77,41,32,14,10,5,7,2,2,59,33,22,12,10,0,4
2016-1607,Banja Luka,Clay,32,C,,20160918,25,Z246,,,Miljan Zekic,R,185,SRB,28.186,202,277,Z184,1,,Horacio Zeballos,L,188,ARG,31.395,66,764,6-7(2) 6-4 7-6(4),3,QF,182,17,2,106,64,47,21,17,3,6,8,4,115,67,47,23,17,4,8
2016-1607,Banja Luka,Clay,32,C,,20160918,26,A596,,,Pablo Andujar,R,180,ESP,30.653,726,30,B884,2,,Carlos Berlocq,R,183,ARG,33.624,72,719,W/O,3,QF,,,,,,,,,,,,,,,,,,,
2016-1607,Banja Luka,Clay,32,C,,20160918,27,BH09,3,,Aljaz Bedene,R,183,SLO,27.17,85,660,SN77,,,Vaclav Safranek,R,183,CZE,22.333,303,163,6-1 6-1,3,QF,59,3,2,40,22,19,11,7,1,1,0,1,53,37,17,7,7,6,11
2016-1607,Banja Luka,Clay,32,C,,20160918,28,PG32,4,,Adam Pavlasek,R,185,CZE,21.947,106,579,SK67,,,Jan Satral,R,185,CZE,26.155,182,307,6-4 6-4,3,QF,106,1,6,89,47,28,20,10,9,12,3,6,68,37,24,11,10,5,10
2016-1607,Banja Luka,Clay,32,C,,20160918,29,Z246,,,Miljan Zekic,R,185,SRB,28.186,202,277,BH09,3,,Aljaz Bedene,R,183,SLO,27.17,85,660,7-6(2) 6-4,3,SF,109,2,2,75,51,37,17,11,4,4,2,2,71,36,29,17,11,4,5
2016-1607,Banja Luka,Clay,32,C,,20160918,30,PG32,4,,Adam Pavlasek,R,185,CZE,21.947,106,579,A596,,,Pablo Andujar,R,180,ESP,30.653,726,30,3-6 6-3 7-6(3),3,SF,157,6,4,119,74,46,18,15,13,19,2,7,119,68,44,19,15,9,15
2016-1607,Banja Luka,Clay,32,C,,20160918,31,PG32,4,,Adam Pavlasek,R,185,CZE,21.947,106,579,Z246,,,Miljan Zekic,R,185,SRB,28.186,202,277,3-6 6-1 6-4,3,F,114,5,1,74,43,30,20,13,2,4,2,4,80,46,28,17,13,3,7
2016-448,Szczecin,Clay,32,C,,20160918,1,E678,,,Jonathan Eysseric,L,180,FRA,26.313,281,177,G710,,,Marcel Granollers,R,191,ESP,30.437,45,1011,3-6 6-4 2-0 RET,3,R32,128,1,4,82,50,36,14,10,7,9,0,0,61,43,26,11,11,0,3
2016-448,Szczecin,Clay,32,C,,20160918,2,CA33,2,,Inigo Cervantes,R,180,ESP,26.801,76,690,GB53,,,Federico Gaio,R,178,ITA,24.539,179,316,7-6(6) 1-6 7-5,3,R32,155,11,4,110,44,33,31,15,6,11,4,5,103,43,31,33,16,5,9
2016-448,Szczecin,Clay,32,C,,20160918,3,BA65,3,,Dustin Brown,R,196,JAM,31.778,82,678,I067,,,Vladimir Ivanov,R,,EST,29.443,710,33,6-3 6-7(5) 6-2,3,R32,114,11,3,102,66,51,16,15,1,2,2,4,95,51,37,22,14,10,14
2016-448,Szczecin,Clay,32,C,,20160918,4,G983,,,Alessandro Giannessi,L,185,ITA,26.305,198,287,A829,4,,Radu Albot,R,175,MDA,26.853,100,608,6-3 6-4,3,R32,79,2,0,49,28,22,15,9,0,0,1,2,61,40,26,10,10,4,7
2016-448,Szczecin,Clay,32,C,,20160918,5,J397,,,Jerzy Janowicz,R,203,POL,25.848,166,341,BG23,5,,Nikoloz Basilashvili,R,185,GEO,24.569,109,558,7-5 7-6(5),3,R32,98,10,5,80,52,40,15,12,2,3,4,7,79,38,29,22,12,4,6
2016-448,Szczecin,Clay,32,C,,20160918,6,KH56,,,Zdenek Kolar,R,183,CZE,19.943,262,194,G681,6,,Teymuraz Gabashvili,R,185,GEO,31.324,117,536,6-1 3-6 6-3,3,R32,103,11,4,80,45,38,12,13,6,9,5,4,71,35,20,19,12,5,10
2016-448,Szczecin,Clay,32,C,,20160918,7,M824,7,,Albert Montanes,R,175,ESP,35.811,140,420,CF60,,,Pawel Juszczak,R,178,POL,22.571,490,75,3-6 7-6(3) 6-2,3,R32,134,3,5,88,51,39,18,14,2,4,7,1,96,43,32,26,15,2,5
2016-448,Szczecin,Clay,32,C,,20160918,8,CF01,8,,Marco Cecchinato,R,185,ITA,23.967,149,387,W483,,,Boy Westerhof,R,185,NED,30.902,698,34,6-4 6-1,3,R32,52,4,0,47,32,26,12,9,2,2,2,3,47,27,20,6,8,4,7
2016-448,Szczecin,Clay,32,C,,20160918,9,BK19,,,Mathias Bourgue,R,188,FRA,22.667,201,282,R782,,,Julian Reister,R,188,GER,30.464,650,39,7-6(1) 6-0,3,R32,110,4,5,76,43,31,13,9,3,6,0,2,76,64,28,6,9,6,12
2016-448,Szczecin,Clay,32,C,,20160918,10,CE25,,,Salvatore Caruso,R,185,ITA,23.759,401,107,T911,,,Peter Torebko,R,185,GER,28.605,339,139,5-7 6-4 6-4,3,R32,157,2,3,102,50,37,26,16,5,9,6,6,98,51,36,22,16,7,12
2016-448,Szczecin,Clay,32,C,,20160918,11,LB66,,,Constant Lestienne,R,180,FRA,24.323,183,307,MI11,,,Axel Michon,L,,FRA,25.758,261,194,6-4 7-5,3,R32,98,9,4,70,39,30,15,11,3,5,0,1,68,42,22,16,11,4,8
2016-448,Szczecin,Clay,32,C,,20160918,12,MI33,,,Petr Michnev,R,188,CZE,27.127,416,101,SJ22,,,Gleb Sakharov,R,185,FRA,28.274,275,185,7-5 3-0 RET,3,R32,79,5,2,53,25,20,14,8,4,5,1,2,54,34,21,7,7,4,7
2016-448,Szczecin,Clay,32,C,,20160918,13,N679,,,Stefano Napolitano,R,196,ITA,21.44,227,232,MA38,,,Jan Mertl,R,191,CZE,34.708,269,191,4-6 6-3 6-2,3,R32,159,1,3,114,62,40,30,14,13,15,5,4,97,52,37,18,13,8,12
2016-448,Szczecin,Clay,32,C,,20160918,14,RH16,,,Casper Ruud,R,183,NOR,17.741,274,185,E766,,,Edoardo Eremin,R,185,ITA,22.954,333,142,6-3 6-4,3,R32,82,2,1,71,46,32,17,10,6,6,5,4,58,21,17,20,9,4,6
2016-448,Szczecin,Clay,32,C,,20160918,15,SQ80,,,Akira Santillan,R,180,AUS,19.326,239,219,SU87,,,Lorenzo Sonego,R,191,ITA,21.358,263,194,4-6 6-1 6-2,3,R32,119,0,1,68,36,29,20,13,0,1,1,8,88,46,28,21,12,8,12
2016-448,Szczecin,Clay,32,C,,20160918,16,V717,,,Alexey Vatutin,R,178,RUS,23.893,318,151,P701,,,Michal Przysiezny,R,185,POL,32.589,358,128,6-4 6-1,3,R32,72,2,0,43,27,22,11,8,0,0,5,6,71,37,22,14,9,8,12
2016-448,Szczecin,Clay,32,C,,20160918,17,LB66,,,Constant Lestienne,R,180,FRA,24.323,183,307,CA33,2,,Inigo Cervantes,R,180,ESP,26.801,76,690,6-4 7-6(5),3,R16,86,4,2,63,31,25,21,11,0,1,10,2,68,31,26,16,11,0,2
2016-448,Szczecin,Clay,32,C,,20160918,18,BA65,3,,Dustin Brown,R,196,JAM,31.778,82,678,BK19,,,Mathias Bourgue,R,188,FRA,22.667,201,282,6-1 6-1,3,R16,61,5,2,55,29,22,13,7,2,2,2,0,51,28,16,6,7,7,12
2016-448,Szczecin,Clay,32,C,,20160918,19,M824,7,,Albert Montanes,R,175,ESP,35.811,140,420,V717,,,Alexey Vatutin,R,178,RUS,23.893,318,151,0-6 7-5 6-4,3,R16,141,2,4,86,51,28,13,14,6,14,0,3,88,58,32,11,14,4,11
2016-448,Szczecin,Clay,32,C,,20160918,20,CF01,8,,Marco Cecchinato,R,185,ITA,23.967,149,387,RH16,,,Casper Ruud,R,183,NOR,17.741,274,185,5-7 6-1 6-2,3,R16,99,2,2,75,47,35,18,13,4,5,1,2,79,45,27,18,14,3,8
2016-448,Szczecin,Clay,32,C,,20160918,21,CE25,,,Salvatore Caruso,R,185,ITA,23.759,401,107,KH56,,,Zdenek Kolar,R,183,CZE,19.943,262,194,6-4 6-3,3,R16,81,0,0,54,31,21,16,9,2,3,3,3,74,40,24,17,10,11,15
2016-448,Szczecin,Clay,32,C,,20160918,22,E678,,,Jonathan Eysseric,L,180,FRA,26.313,281,177,MI33,,,Petr Michnev,R,188,CZE,27.127,416,101,3-6 6-2 6-2,3,R16,105,1,0,67,44,30,13,12,0,2,2,3,108,60,36,21,13,10,15
2016-448,Szczecin,Clay,32,C,,20160918,23,G983,,,Alessandro Giannessi,L,185,ITA,26.305,198,287,SQ80,,,Akira Santillan,R,180,AUS,19.326,239,219,6-3 6-3,3,R16,73,1,0,56,37,31,9,9,3,3,2,1,53,35,27,4,9,2,5
2016-448,Szczecin,Clay,32,C,,20160918,24,N679,,,Stefano Napolitano,R,196,ITA,21.44,227,232,J397,,,Jerzy Janowicz,R,203,POL,25.848,166,341,3-6 7-6(2) 6-4,3,R16,126,4,4,93,56,36,22,15,0,4,11,7,92,59,42,15,16,6,10
2016-448,Szczecin,Clay,32,C,,20160918,25,BA65,3,,Dustin Brown,R,196,JAM,31.778,82,678,CE25,,,Salvatore Caruso,R,185,ITA,23.759,401,107,4-6 6-3 6-3,3,QF,122,2,2,88,53,36,15,14,8,13,2,1,114,68,37,20,14,13,20
2016-448,Szczecin,Clay,32,C,,20160918,26,LB66,,,Constant Lestienne,R,180,FRA,24.323,183,307,M824,7,,Albert Montanes,R,175,ESP,35.811,140,420,6-3 6-7(7) 5-4 RET,3,QF,135,7,13,107,69,49,15,16,5,9,4,6,87,41,25,27,14,5,10
2016-448,Szczecin,Clay,32,C,,20160918,27,E678,,,Jonathan Eysseric,L,180,FRA,26.313,281,177,CF01,8,,Marco Cecchinato,R,185,ITA,23.967,149,387,6-4 6-1,3,QF,83,1,2,51,33,23,12,8,2,2,3,2,82,57,33,9,9,13,17
2016-448,Szczecin,Clay,32,C,,20160918,28,G983,,,Alessandro Giannessi,L,185,ITA,26.305,198,287,N679,,,Stefano Napolitano,R,196,ITA,21.44,227,232,6-3 7-6(10),3,QF,141,1,4,90,56,36,20,10,5,7,5,3,91,54,37,17,11,7,11
2016-448,Szczecin,Clay,32,C,,20160918,29,BA65,3,,Dustin Brown,R,196,JAM,31.778,82,678,E678,,,Jonathan Eysseric,L,180,FRA,26.313,281,177,6-4 6-4,3,SF,69,3,4,62,41,34,9,10,5,5,10,3,65,41,28,14,10,5,7
2016-448,Szczecin,Clay,32,C,,20160918,30,G983,,,Alessandro Giannessi,L,185,ITA,26.305,198,287,LB66,,,Constant Lestienne,R,180,FRA,24.323,183,307,6-3 6-3,3,SF,74,3,0,57,35,23,17,9,4,4,3,6,55,23,16,16,9,1,4
2016-448,Szczecin,Clay,32,C,,20160918,31,G983,,,Alessandro Giannessi,L,185,ITA,26.305,198,287,BA65,3,,Dustin Brown,R,196,JAM,31.778,82,678,6-2 6-3,3,F,60,4,2,61,37,28,13,8,5,5,7,3,49,31,21,6,9,3,7
2016-7083,Istanbul,Hard,32,C,,20160918,1,J267,1,,Malek Jaziri,R,185,TUN,32.663,70,749,KC33,,,Dimitar Kuzmanov,R,183,BUL,23.143,346,133,6-4 7-6(3),3,R32,87,1,2,54,29,23,19,11,0,2,1,7,73,35,24,19,11,6,9
2016-7083,Istanbul,Hard,32,C,,20160918,2,SC56,2,,Dudi Sela,R,175,ISR,31.458,74,691,GJ37,,,Tallon Griekspoor,R,188,NED,20.214,389,111,6-2 7-5,3,R32,78,2,5,58,29,18,19,10,2,4,2,10,71,35,24,13,10,6,11
2016-7083,Istanbul,Hard,32,C,,20160918,3,K839,3,,Tobias Kamke,R,178,GER,30.33,141,419,GC54,,,Scott Griekspoor,R,188,NED,25.689,336,141,6-4 6-3,3,R32,87,6,3,49,33,27,10,9,1,2,3,6,82,47,28,14,10,5,9
2016-7083,Istanbul,Hard,32,C,,20160918,4,C582,4,,Marco Chiudinelli,R,185,SUI,35.023,132,462,KE19,,,Vitaly Kozyukov,R,188,RUS,22.297,696,35,7-5 6-0,3,R32,94,2,2,52,27,20,17,9,4,5,4,11,80,40,28,12,9,8,13
2016-7083,Istanbul,Hard,32,C,,20160918,5,CA99,5,,Marius Copil,R,191,ROU,25.922,176,322,H997,,,Yannick Hanfmann,R,193,GER,24.849,314,154,7-6(3) 4-6 6-1,3,R32,113,10,1,95,52,40,22,15,4,7,5,0,86,58,38,13,14,4,8
2016-7083,Istanbul,Hard,32,C,,20160918,6,MB53,6,,Adrian Menendez-Maceiras,R,183,ESP,30.891,213,259,GB71,,,Marc Giner,R,183,ESP,25.254,410,104,7-6(4) 6-1,3,R32,72,4,4,55,32,26,17,9,0,0,5,3,61,38,28,11,10,2,5
2016-7083,Istanbul,Hard,32,C,,20160918,7,SH37,,,Marc Sieber,L,178,GER,28.556,286,172,SF41,7,,Aldin Setkic,R,191,BIH,28.745,216,256,5-7 7-6(3) 6-2,3,R32,161,1,7,109,68,46,17,16,7,13,8,5,96,57,31,19,16,5,12
2016-7083,Istanbul,Hard,32,C,,20160918,8,K771,,,Marsel Ilhan,R,191,TUR,29.273,283,174,MM66,8,,Nikola Milojevic,R,188,SRB,21.251,224,248,6-7(5) 7-6(5) 6-1,3,R32,163,9,6,113,75,60,16,16,5,7,3,5,117,65,41,26,15,11,15
2016-7083,Istanbul,Hard,32,C,,20160918,9,CH05,,,Altug Celikbilek,R,183,TUR,20.03,590,52,HA28,,,Filip Horansky,R,191,SVK,23.696,378,119,7-5 6-4,3,R32,64,4,2,55,37,30,11,11,0,1,2,4,65,37,26,15,11,4,7
2016-7083,Istanbul,Hard,32,C,,20160918,10,D917,,,Sadio Doumbia,R,183,FRA,26.018,396,108,BF98,,,Alessandro Bega,R,170,ITA,25.687,291,169,7-6(2) 6-2,3,R32,90,6,6,73,52,38,8,10,3,5,2,9,80,48,32,10,10,9,13
2016-7083,Istanbul,Hard,32,C,,20160918,11,GE33,,,Daniel Elahi Galan,R,191,COL,20.252,592,51,MM54,,,Vladyslav Manafov,L,,UKR,23.409,435,92,6-3 7-6(1),3,R32,83,5,2,68,36,27,18,10,3,4,5,5,66,34,23,17,11,4,7
2016-7083,Istanbul,Hard,32,C,,20160918,12,HB28,,,Muhammet Haylaz,,,TUR,20.898,982,13,HB48,,,Calvin Hemery,R,191,FRA,21.64,342,136,6-4 4-6 6-1,3,R32,114,7,12,98,56,42,21,14,8,10,7,5,85,48,36,15,13,7,11
2016-7083,Istanbul,Hard,32,C,,20160918,13,K906,,,Michal Konecny,L,183,CZE,26.932,320,150,I306,,,Cem Ilkel,R,185,TUR,21.079,444,88,6-3 7-5,3,R32,84,8,2,64,43,35,11,11,1,1,2,2,67,42,26,13,10,6,8
2016-7083,Istanbul,Hard,32,C,,20160918,14,MG08,,,Yannick Mertens,R,185,BEL,29.235,244,217,Y180,,,Barkin Yalcinkale,R,,TUR,25.235,978,13,6-0 6-0,3,R32,48,2,6,45,19,13,16,6,4,4,0,3,43,25,10,4,6,5,11
2016-7083,Istanbul,Hard,32,C,,20160918,15,PC78,,,Ante Pavic,R,196,CRO,27.535,365,124,MC18,,,Denis Matsukevich,R,191,RUS,30.478,820,22,6-1 6-2,3,R32,48,4,3,43,22,20,14,8,1,1,0,13,50,26,20,6,7,5,9
2016-7083,Istanbul,Hard,32,C,,20160918,16,Y152,,,Anil Yuksel,L,,TUR,26.335,527,66,V846,,,Jose Fco. Vidal Azorin,R,178,ESP,23.269,787,25,6-2 7-6(2),3,R32,89,5,0,57,27,22,20,10,3,4,3,1,76,48,29,10,10,4,7
2016-7083,Istanbul,Hard,32,C,,20160918,17,J267,1,,Malek Jaziri,R,185,TUN,32.663,70,749,HB28,,,Muhammet Haylaz,,,TUR,20.898,982,13,3-6 6-3 6-2,3,R16,97,3,2,75,35,27,23,13,6,9,4,6,76,33,21,21,13,3,8
2016-7083,Istanbul,Hard,32,C,,20160918,18,SC56,2,,Dudi Sela,R,175,ISR,31.458,74,691,D917,,,Sadio Doumbia,R,183,FRA,26.018,396,108,6-2 6-1,3,R16,53,0,1,35,18,16,12,7,0,0,0,0,48,29,14,9,8,4,9
2016-7083,Istanbul,Hard,32,C,,20160918,19,K839,3,,Tobias Kamke,R,178,GER,30.33,141,419,GE33,,,Daniel Elahi Galan,R,191,COL,20.252,592,51,6-3 6-2,3,R16,79,1,1,44,24,21,14,9,1,2,3,3,81,39,21,19,8,2,6
2016-7083,Istanbul,Hard,32,C,,20160918,20,C582,4,,Marco Chiudinelli,R,185,SUI,35.023,132,462,PC78,,,Ante Pavic,R,196,CRO,27.535,365,124,6-1 6-2,3,R16,59,1,1,41,22,18,14,8,0,0,5,5,54,30,19,8,7,6,10
2016-7083,Istanbul,Hard,32,C,,20160918,21,CA99,5,,Marius Copil,R,191,ROU,25.922,176,322,Y152,,,Anil Yuksel,L,,TUR,26.335,527,66,3-6 7-6(2) 6-4,3,R16,115,8,5,92,51,43,22,15,6,7,4,4,102,64,46,22,16,2,3
2016-7083,Istanbul,Hard,32,C,,20160918,22,K906,,,Michal Konecny,L,183,CZE,26.932,320,150,MB53,6,,Adrian Menendez-Maceiras,R,183,ESP,30.891,213,259,4-6 6-1 6-4,3,R16,130,0,3,96,54,37,24,14,6,8,2,1,83,46,27,21,13,7,11
2016-7083,Istanbul,Hard,32,C,,20160918,23,K771,,,Marsel Ilhan,R,191,TUR,29.273,283,174,MG08,,,Yannick Mertens,R,185,BEL,29.235,244,217,6-3 6-4,3,R16,66,6,4,70,34,23,18,10,5,8,3,8,49,22,15,8,9,2,7
2016-7083,Istanbul,Hard,32,C,,20160918,24,SH37,,,Marc Sieber,L,178,GER,28.556,286,172,CH05,,,Altug Celikbilek,R,183,TUR,20.03,590,52,4-6 6-1 6-4,3,R16,112,2,2,81,54,31,12,13,3,9,2,5,100,50,27,17,14,5,14
2016-7083,Istanbul,Hard,32,C,,20160918,25,J267,1,,Malek Jaziri,R,185,TUN,32.663,70,749,SH37,,,Marc Sieber,L,178,GER,28.556,286,172,6-4 6-0,3,QF,61,3,0,47,26,18,15,8,3,4,0,2,46,33,17,4,8,2,7
2016-7083,Istanbul,Hard,32,C,,20160918,26,SC56,2,,Dudi Sela,R,175,ISR,31.458,74,691,K906,,,Michal Konecny,L,183,CZE,26.932,320,150,6-1 7-5,3,QF,79,0,5,59,34,22,15,9,3,5,0,5,70,34,19,14,10,3,9
2016-7083,Istanbul,Hard,32,C,,20160918,27,K839,3,,Tobias Kamke,R,178,GER,30.33,141,419,CA99,5,,Marius Copil,R,191,ROU,25.922,176,322,6-2 6-4,3,QF,73,0,1,60,44,31,10,9,4,4,5,1,58,39,25,9,9,7,10
2016-7083,Istanbul,Hard,32,C,,20160918,28,C582,4,,Marco Chiudinelli,R,185,SUI,35.023,132,462,K771,,,Marsel Ilhan,R,191,TUR,29.273,283,174,6-4 6-2,3,QF,72,6,2,57,33,25,13,9,3,4,2,0,48,25,18,8,9,1,5
2016-7083,Istanbul,Hard,32,C,,20160918,29,J267,1,,Malek Jaziri,R,185,TUN,32.663,70,749,K839,3,,Tobias Kamke,R,178,GER,30.33,141,419,6-3 6-4,3,SF,73,3,3,55,28,23,14,10,0,1,0,3,60,32,20,15,9,5,8
2016-7083,Istanbul,Hard,32,C,,20160918,30,SC56,2,,Dudi Sela,R,175,ISR,31.458,74,691,C582,4,,Marco Chiudinelli,R,185,SUI,35.023,132,462,6-3 6-3,3,SF,68,4,4,48,23,19,14,9,1,2,0,4,54,23,15,14,9,2,6
2016-7083,Istanbul,Hard,32,C,,20160918,31,J267,1,,Malek Jaziri,R,185,TUN,32.663,70,749,SC56,2,,Dudi Sela,R,175,ISR,31.458,74,691,1-6 6-1 6-0,3,F,71,5,3,55,29,21,16,10,2,4,3,3,73,39,20,17,10,12,17
2016-7316,Cary,Hard,32,C,,20160918,1,N674,1,,Dennis Novikov,R,193,USA,22.867,126,508,LB50,,,Mikelis Libietis,R,193,LAT,24.194,398,108,7-6(6) 6-4,3,R32,95,12,5,86,51,37,19,11,4,5,13,3,81,49,35,17,11,7,9
2016-7316,Cary,Hard,32,C,,20160918,2,TD51,2,,Frances Tiafoe,R,188,USA,18.661,128,484,H624,,,Ryan Haviland,R,188,USA,35.767,766,26,3-6 6-3 7-6(2),3,R32,151,8,4,92,60,44,17,15,3,6,9,11,120,57,47,23,15,11,14
2016-7316,Cary,Hard,32,C,,20160918,3,SP24,,,Brayden Schnur,R,193,CAN,21.21,673,37,KA00,3,,Austin Krajicek,L,188,USA,26.259,151,379,7-6(4) 7-5,3,R32,98,10,4,77,46,36,17,12,2,3,6,4,69,40,29,19,12,4,6
2016-7316,Cary,Hard,32,C,,20160918,4,KE64,4,,Stefan Kozlov,R,183,USA,18.628,156,369,CA62,,,Erik Crepaldi,L,,ITA,26.376,409,105,3-6 6-4 6-2,3,R32,115,9,5,90,55,43,16,14,6,9,5,0,72,47,29,15,13,5,9
2016-7316,Cary,Hard,32,C,,20160918,5,PB22,5,,Peter Polansky,R,183,CAN,28.26,159,355,KC12,,,Mitchell Krueger,R,188,USA,22.683,222,250,6-3 6-2,3,R32,84,2,2,71,38,28,18,9,7,7,4,1,51,34,21,8,8,3,6
2016-7316,Cary,Hard,32,C,,20160918,6,KC86,6,,Darian King,R,188,BAR,24.397,165,344,SK41,,,Nicolaas Scholtz,R,,RSA,25.618,383,113,6-4 6-4,3,R32,70,4,1,51,36,28,11,10,0,1,4,1,54,39,27,8,10,2,5
2016-7316,Cary,Hard,32,C,,20160918,7,N771,,,Cameron Norrie,L,188,GBR,21.073,297,165,A853,7,,Marcelo Arevalo,R,191,ESA,25.922,178,319,6-4 6-3,3,R32,70,4,3,44,29,24,9,9,3,4,5,4,71,44,28,12,10,3,7
2016-7316,Cary,Hard,32,C,,20160918,8,E873,8,,Ernesto Escobedo,R,185,MEX,20.208,175,322,HB86,,,Nicholas Horton,R,,AUS,21.506,1088,8,6-2 6-2,3,R32,51,3,0,36,26,23,9,8,0,0,1,3,50,27,17,8,8,2,6
2016-7316,Cary,Hard,32,C,,20160918,9,BC68,,,Philip Bester,R,188,CAN,27.951,325,148,MG84,,,Nicolas Meister,R,180,USA,27.346,295,167,7-5 6-3,3,R32,106,5,2,66,28,23,24,11,1,2,4,1,65,38,27,10,10,5,8
2016-7316,Cary,Hard,32,C,,20160918,10,GA36,,,Emilio Gomez,R,185,ECU,24.808,254,200,S0DD,,,Nick Stachowiak,,,USA,,,,6-1 6-3,3,R32,58,0,2,49,26,19,16,8,2,2,2,5,43,21,16,6,8,4,8
2016-7316,Cary,Hard,32,C,,20160918,11,K964,,,Brydan Klein,R,188,GBR,26.716,310,160,BH02,,,Sekou Bangoura,R,183,USA,24.835,228,231,1-6 7-5 6-2,3,R32,130,4,8,100,48,30,23,14,9,14,2,2,83,52,34,13,13,2,7
2016-7316,Cary,Hard,32,C,,20160918,12,MG47,,,James McGee,R,183,IRL,29.276,257,198,KB37,,,Evan King,L,185,USA,24.485,361,127,7-5 7-6(3),3,R32,105,3,4,66,37,29,17,12,1,3,2,1,74,44,26,18,12,2,5
2016-7316,Cary,Hard,32,C,,20160918,13,MP01,,,Michael Mmoh,R,188,USA,18.689,379,118,PL56,,,Tommy Paul,R,185,USA,19.34,238,220,5-7 6-2 6-4,3,R32,118,5,7,87,62,42,11,15,0,4,5,2,93,67,40,12,15,7,13
2016-7316,Cary,Hard,32,C,,20160918,14,Q945,,,Eric Quigley,R,185,USA,27.633,348,133,Q941,,,Roberto Quiroz,L,193,ECU,24.569,341,136,7-5 6-3,3,R32,79,7,3,69,42,32,19,11,3,3,2,1,62,37,26,13,10,3,5
2016-7316,Cary,Hard,32,C,,20160918,15,SL08,,,Tennys Sandgren,R,188,USA,25.161,268,191,MK66,,,Mackenzie McDonald,R,178,USA,21.426,399,107,6-4 6-3,3,R32,83,6,2,58,32,27,12,9,6,7,2,2,69,36,21,16,10,4,8
2016-7316,Cary,Hard,32,C,,20160918,16,SQ48,,,Ryan Shane,R,193,USA,22.428,601,48,E720,,,Adam El Mihdawy,,,USA,27.11,360,127,6-2 7-6(5),3,R32,80,9,11,64,37,31,9,10,2,4,4,9,77,40,28,12,10,5,9
2016-7316,Cary,Hard,32,C,,20160918,17,N674,1,,Dennis Novikov,R,193,USA,22.867,126,508,K964,,,Brydan Klein,R,188,GBR,26.716,310,160,6-4 6-4,3,R16,73,10,1,68,44,35,12,10,6,6,7,4,58,40,29,8,10,3,5
2016-7316,Cary,Hard,32,C,,20160918,18,TD51,2,,Frances Tiafoe,R,188,USA,18.661,128,484,MP01,,,Michael Mmoh,R,188,USA,18.689,379,118,5-7 6-4 6-4,3,R16,111,4,1,87,53,38,20,16,6,10,6,3,84,60,42,12,16,4,9
2016-7316,Cary,Hard,32,C,,20160918,19,KE64,4,,Stefan Kozlov,R,183,USA,18.628,156,369,BC68,,,Philip Bester,R,188,CAN,27.951,325,148,6-4 6-1,3,R16,73,3,2,51,30,23,14,8,4,4,4,4,51,32,22,6,9,0,4
2016-7316,Cary,Hard,32,C,,20160918,20,PB22,5,,Peter Polansky,R,183,CAN,28.26,159,355,GA36,,,Emilio Gomez,R,185,ECU,24.808,254,200,6-0 6-3,3,R16,59,4,0,39,24,18,10,8,0,1,2,3,53,30,16,7,7,3,8
2016-7316,Cary,Hard,32,C,,20160918,21,MG47,,,James McGee,R,183,IRL,29.276,257,198,KC86,6,,Darian King,R,188,BAR,24.397,165,344,6-1 6-3,3,R16,82,4,2,55,31,23,10,8,5,7,0,1,49,33,15,5,8,3,9
2016-7316,Cary,Hard,32,C,,20160918,22,E873,8,,Ernesto Escobedo,R,185,MEX,20.208,175,322,SQ48,,,Ryan Shane,R,193,USA,22.428,601,48,6-3 5-7 6-1,3,R16,103,2,3,85,57,43,12,14,3,5,11,11,90,52,37,13,14,2,7
2016-7316,Cary,Hard,32,C,,20160918,23,SL08,,,Tennys Sandgren,R,188,USA,25.161,268,191,N771,,,Cameron Norrie,L,188,GBR,21.073,297,165,7-6(4) 6-3,3,R16,81,6,0,69,44,32,15,11,2,3,5,1,61,38,28,10,10,3,5
2016-7316,Cary,Hard,32,C,,20160918,24,SP24,,,Brayden Schnur,R,193,CAN,21.21,673,37,Q945,,,Eric Quigley,R,185,USA,27.633,348,133,7-6(1) 6-1,3,R16,78,7,3,60,36,32,15,10,0,0,2,9,73,37,22,18,9,7,9
2016-7316,Cary,Hard,32,C,,20160918,25,N674,1,,Dennis Novikov,R,193,USA,22.867,126,508,PB22,5,,Peter Polansky,R,183,CAN,28.26,159,355,6-3 2-6 6-4,3,QF,85,14,2,80,50,36,18,14,1,3,5,2,80,51,35,15,13,2,4
2016-7316,Cary,Hard,32,C,,20160918,26,TD51,2,,Frances Tiafoe,R,188,USA,18.661,128,484,SL08,,,Tennys Sandgren,R,188,USA,25.161,268,191,6-4 1-6 7-6(5),3,QF,125,7,3,98,61,45,17,14,6,9,18,2,100,61,47,21,15,5,7
2016-7316,Cary,Hard,32,C,,20160918,27,E873,8,,Ernesto Escobedo,R,185,MEX,20.208,175,322,KE64,4,,Stefan Kozlov,R,183,USA,18.628,156,369,3-6 6-1 6-2,3,QF,100,7,2,65,33,27,22,12,2,3,5,5,75,48,34,10,12,6,10
2016-7316,Cary,Hard,32,C,,20160918,28,MG47,,,James McGee,R,183,IRL,29.276,257,198,SP24,,,Brayden Schnur,R,193,CAN,21.21,673,37,6-2 6-4,3,QF,71,4,0,48,23,20,16,9,1,2,4,5,62,41,25,9,9,6,10
2016-7316,Cary,Hard,32,C,,20160918,29,MG47,,,James McGee,R,183,IRL,29.276,257,198,N674,1,,Dennis Novikov,R,193,USA,22.867,126,508,3-6 6-3 6-3,3,SF,100,6,4,81,58,44,7,13,4,7,4,3,90,51,33,19,14,5,10
2016-7316,Cary,Hard,32,C,,20160918,30,E873,8,,Ernesto Escobedo,R,185,MEX,20.208,175,322,TD51,2,,Frances Tiafoe,R,188,USA,18.661,128,484,6-3 6-7(5) 7-6(2),3,SF,137,18,4,111,64,51,28,17,4,6,11,3,116,75,51,23,16,7,10
2016-7316,Cary,Hard,32,C,,20160918,31,MG47,,,James McGee,R,183,IRL,29.276,257,198,E873,8,,Ernesto Escobedo,R,185,MEX,20.208,175,322,1-6 6-1 6-4,3,F,96,,,,,,,,,,,,,,,,,,
2016-7095,Kenitra,Clay,32,C,,20160924,1,CF59,1,,Roberto Carballes Baena,R,183,ESP,23.507,126,490,GF08,,,Clement Geens,R,178,BEL,20.539,277,181,6-1 2-0 RET,3,R32,44,1,1,25,14,9,7,4,1,2,2,6,37,17,9,4,5,4,9
2016-7095,Kenitra,Clay,32,C,,20160924,2,MN20,,,Daniel Masur,R,183,GER,21.884,278,180,G676,2,,Daniel Gimeno-Traver,R,183,ESP,31.132,118,523,6-3 6-4,3,R32,75,1,4,59,31,25,14,10,0,2,4,5,61,31,19,11,9,6,10
2016-7095,Kenitra,Clay,32,C,,20160924,3,D981,3,,Arthur De Greef,R,183,BEL,24.496,139,441,KB92,,,Kevin Krawietz,R,188,GER,24.668,387,112,6-3 6-1,3,R32,68,3,0,59,36,29,9,8,4,4,2,1,55,29,15,13,8,7,11
2016-7095,Kenitra,Clay,32,C,,20160924,4,R383,4,,Ruben Ramirez Hidalgo,R,183,ESP,38.716,148,397,SS61,,,Omar Salman,R,180,BEL,20.424,516,69,6-2 6-2,3,R32,74,2,2,60,31,24,12,8,7,8,4,5,49,29,19,4,8,4,9
2016-7095,Kenitra,Clay,32,C,,20160924,5,D916,5,,Steven Diez,R,175,CAN,25.525,166,349,MO44,,,Pedro Martinez,R,185,ESP,19.414,324,148,7-5 6-2,3,R32,104,0,3,70,47,27,11,10,7,11,2,5,70,40,21,8,10,5,12
2016-7095,Kenitra,Clay,32,C,,20160924,6,S483,6,,Pedro Sousa,R,180,POR,28.329,206,264,AF32,,,Amine Ahouda,R,185,MAR,19.036,724,31,7-5 6-4,3,R32,80,0,6,66,48,34,6,11,2,4,0,0,62,36,18,14,11,3,7
2016-7095,Kenitra,Clay,32,C,,20160924,7,SK47,7,,Mohamed Safwat,R,180,EGY,26.015,217,255,CD00,,,Maxime Chazal,R,175,FRA,23.42,326,147,7-5 7-6(6),3,R32,116,7,1,72,48,35,15,12,1,3,0,4,77,43,30,20,12,3,6
2016-7095,Kenitra,Clay,32,C,,20160924,8,J400,,,Jeremy Jahn,R,178,GER,26.472,258,196,RA82,8,,Yannik Reuter,R,,BEL,25.555,248,215,6-4 6-7(8) 6-3,3,R32,139,3,8,104,58,41,23,15,9,13,0,4,101,62,38,19,16,5,12
2016-7095,Kenitra,Clay,32,C,,20160924,9,A596,,,Pablo Andujar,R,180,ESP,30.669,525,65,I201,,,Yassine Idmbarek,,,MAR,29.799,983,12,6-1 6-0,3,R32,40,1,2,35,23,17,8,6,0,0,1,4,36,27,8,3,7,1,7
2016-7095,Kenitra,Clay,32,C,,20160924,10,CE77,,,Federico Coria,R,180,ARG,24.545,316,154,L908,,,Nils Langer,R,193,GER,26.664,286,173,6-1 6-4,3,R32,64,1,1,50,37,27,9,9,3,4,0,5,45,24,15,9,8,2,6
2016-7095,Kenitra,Clay,32,C,,20160924,11,GB13,,,Germain Gigounon,R,178,BEL,27.431,299,165,MI33,,,Petr Michnev,R,188,CZE,27.143,376,115,6-4 6-2,3,R32,66,2,0,51,32,26,11,9,0,0,3,0,54,34,23,8,9,1,4
2016-7095,Kenitra,Clay,32,C,,20160924,12,I236,,,Uladzimir Ignatik,R,183,BLR,26.198,210,261,V824,,,Mario Vilella Martinez,R,178,ESP,21.229,469,78,7-5 7-5,3,R32,109,4,1,76,56,42,10,12,4,5,3,4,72,46,32,14,12,1,4
2016-7095,Kenitra,Clay,32,C,,20160924,13,L941,,,Michael Linzer,R,180,AUT,26.894,312,156,O207,,,Lamine Ouahab,R,185,MAR,31.756,415,102,6-1 6-4,3,R32,76,0,1,46,31,21,8,9,3,6,0,3,58,30,16,8,8,5,11
2016-7095,Kenitra,Clay,32,C,,20160924,14,LC58,,,Tomas Lipovsek Puches,R,183,ARG,23.439,301,165,J399,,,Mehdi Jdi,,,MAR,27.781,1247,5,6-4 6-2,3,R32,72,0,0,47,37,25,5,9,1,4,0,4,66,36,16,13,9,6,12
2016-7095,Kenitra,Clay,32,C,,20160924,15,MN13,,,Maximilian Marterer,L,188,GER,21.279,211,259,TC09,,,Pol Toledo Bague,R,178,ESP,21.758,491,74,1-6 7-5 6-2,3,R32,122,4,1,88,56,40,13,13,12,15,3,7,91,54,34,20,14,5,9
2016-7095,Kenitra,Clay,32,C,,20160924,16,RB60,,,Oriol Roca Batalla,R,175,ESP,23.403,322,149,Z301,,,Alexander Zhurbin,L,178,RUS,24.695,636,42,6-2 6-3,3,R32,78,0,1,54,32,21,15,9,2,3,3,2,54,27,17,10,8,4,8
2016-7095,Kenitra,Clay,32,C,,20160924,17,MN13,,,Maximilian Marterer,L,188,GER,21.279,211,259,CF59,1,,Roberto Carballes Baena,R,183,ESP,23.507,126,490,3-6 7-5 4-0 RET,3,R16,114,4,3,80,55,30,12,13,9,14,4,4,76,40,23,13,12,3,9
2016-7095,Kenitra,Clay,32,C,,20160924,18,A596,,,Pablo Andujar,R,180,ESP,30.669,525,65,D981,3,,Arthur De Greef,R,183,BEL,24.496,139,441,6-4 6-3,3,R16,95,1,3,63,43,28,7,9,3,6,0,4,68,44,24,7,10,4,10
2016-7095,Kenitra,Clay,32,C,,20160924,19,R383,4,,Ruben Ramirez Hidalgo,R,183,ESP,38.716,148,397,L941,,,Michael Linzer,R,180,AUT,26.894,312,156,7-5 6-3,3,R16,112,5,1,66,42,33,10,11,4,7,1,2,70,44,21,13,10,3,8
2016-7095,Kenitra,Clay,32,C,,20160924,20,D916,5,,Steven Diez,R,175,CAN,25.525,166,349,GB13,,,Germain Gigounon,R,178,BEL,27.431,299,165,6-3 7-6(4),3,R16,107,2,1,73,39,28,21,11,2,4,2,2,72,43,22,21,10,2,5
2016-7095,Kenitra,Clay,32,C,,20160924,21,I236,,,Uladzimir Ignatik,R,183,BLR,26.198,210,261,S483,6,,Pedro Sousa,R,180,POR,28.329,206,264,6-2 6-4,3,R16,86,8,1,58,31,26,14,9,1,1,1,5,66,42,25,12,9,3,6
2016-7095,Kenitra,Clay,32,C,,20160924,22,SK47,7,,Mohamed Safwat,R,180,EGY,26.015,217,255,RB60,,,Oriol Roca Batalla,R,175,ESP,23.403,322,149,6-0 1-0 RET,3,R16,21,4,0,12,9,9,3,3,0,0,0,1,22,13,4,2,4,3,7
2016-7095,Kenitra,Clay,32,C,,20160924,23,J400,,,Jeremy Jahn,R,178,GER,26.472,258,196,LC58,,,Tomas Lipovsek Puches,R,183,ARG,23.439,301,165,6-0 6-3,3,R16,58,0,5,44,26,18,11,7,1,2,1,1,52,37,17,5,8,3,9
2016-7095,Kenitra,Clay,32,C,,20160924,24,MN20,,,Daniel Masur,R,183,GER,21.884,278,180,CE77,,,Federico Coria,R,180,ARG,24.545,316,154,6-3 6-4,3,R16,90,2,2,90,62,38,14,10,12,14,1,5,52,34,18,8,9,5,9
2016-7095,Kenitra,Clay,32,C,,20160924,25,J400,,,Jeremy Jahn,R,178,GER,26.472,258,196,R383,4,,Ruben Ramirez Hidalgo,R,183,ESP,38.716,148,397,6-2 6-4,3,QF,80,2,0,50,34,27,8,9,0,1,3,5,59,32,21,10,9,5,9
2016-7095,Kenitra,Clay,32,C,,20160924,26,MN13,,,Maximilian Marterer,L,188,GER,21.279,211,259,D916,5,,Steven Diez,R,175,CAN,25.525,166,349,6-1 6-2,3,QF,63,9,0,40,23,19,10,8,0,1,0,3,52,30,13,8,7,2,7
2016-7095,Kenitra,Clay,32,C,,20160924,27,SK47,7,,Mohamed Safwat,R,180,EGY,26.015,217,255,MN20,,,Daniel Masur,R,183,GER,21.884,278,180,6-4 7-5,3,QF,110,7,3,82,52,38,14,11,5,6,3,2,84,52,35,14,11,9,12
2016-7095,Kenitra,Clay,32,C,,20160924,28,A596,,,Pablo Andujar,R,180,ESP,30.669,525,65,I236,,,Uladzimir Ignatik,R,183,BLR,26.198,210,261,2-6 7-6(5) 6-4,3,QF,148,1,1,86,58,42,15,15,4,8,5,2,114,76,55,16,15,9,12
2016-7095,Kenitra,Clay,32,C,,20160924,29,SK47,7,,Mohamed Safwat,R,180,EGY,26.015,217,255,J400,,,Jeremy Jahn,R,178,GER,26.472,258,196,6-1 6-2,3,SF,66,3,0,50,34,25,8,8,0,1,1,0,53,27,16,6,7,6,11
2016-7095,Kenitra,Clay,32,C,,20160924,30,MN13,,,Maximilian Marterer,L,188,GER,21.279,211,259,A596,,,Pablo Andujar,R,180,ESP,30.669,525,65,6-1 6-1,3,SF,60,5,1,45,21,17,14,7,3,3,0,2,45,28,14,5,7,2,7
2016-7095,Kenitra,Clay,32,C,,20160924,31,MN13,,,Maximilian Marterer,L,188,GER,21.279,211,259,SK47,7,,Mohamed Safwat,R,180,EGY,26.015,217,255,6-2 6-4,3,F,77,3,3,67,38,28,16,9,4,5,2,2,55,30,19,10,9,2,6
2016-3834,Izmir,Hard,32,C,,20160925,1,L797,1,,Lukas Lacko,R,188,SVK,28.895,100,606,H997,,,Yannick Hanfmann,R,193,GER,24.868,315,154,6-3 6-2,3,R32,68,7,1,50,29,23,15,9,1,1,2,1,65,40,25,12,8,7,10
2016-3834,Izmir,Hard,32,C,,20160925,2,K771,,,Marsel Ilhan,R,191,TUR,29.292,265,191,C582,2,,Marco Chiudinelli,R,185,SUI,35.042,125,495,7-6(3) 6-4,3,R32,111,6,1,71,50,39,9,11,1,3,4,1,86,47,29,21,11,5,8
2016-3834,Izmir,Hard,32,C,,20160925,3,BE67,3,,Mirza Basic,R,188,BIH,25.207,161,355,MM66,,,Nikola Milojevic,R,188,SRB,21.27,223,248,5-7 6-4 7-5,3,R32,145,5,1,100,73,48,15,17,2,7,5,6,97,60,40,16,17,4,10
2016-3834,Izmir,Hard,32,C,,20160925,4,CG33,4,,Kimmer Coppejans,R,178,BEL,22.631,158,364,HB28,,,Muhammet Haylaz,,,TUR,20.917,846,21,6-2 6-2,3,R32,52,1,1,43,31,21,8,8,0,1,0,3,44,24,10,7,8,3,8
2016-3834,Izmir,Hard,32,C,,20160925,5,I305,5,,Ilya Ivashka,R,193,BLR,22.585,170,334,SH37,,,Marc Sieber,L,178,GER,28.575,270,188,6-7(3) 6-3 6-4,3,R32,153,8,4,117,72,53,18,15,6,9,4,1,111,86,51,12,16,3,9
2016-3834,Izmir,Hard,32,C,,20160925,6,CA99,6,,Marius Copil,R,191,ROU,25.941,179,322,CH05,,,Altug Celikbilek,R,183,TUR,20.049,554,60,7-5 6-4,3,R32,86,3,3,80,53,35,11,11,8,11,2,5,61,29,18,16,11,4,9
2016-3834,Izmir,Hard,32,C,,20160925,7,GJ37,,,Tallon Griekspoor,R,188,NED,20.233,396,111,MB53,7,,Adrian Menendez-Maceiras,R,183,ESP,30.91,212,259,7-6(3) 4-6 6-3,3,R32,146,6,4,92,63,46,12,15,3,6,0,2,98,69,43,14,16,5,9
2016-3834,Izmir,Hard,32,C,,20160925,8,N503,8,,Aleksandr Nedovyesov,R,188,KAZ,29.61,214,256,MM54,,,Vladyslav Manafov,L,,UKR,23.428,447,87,7-6(5) 7-5,3,R32,102,5,1,67,49,34,11,12,0,2,3,7,85,44,32,19,12,2,5
2016-3834,Izmir,Hard,32,C,,20160925,9,GB93,,,Norbert Gombos,R,193,SVK,26.119,333,142,K906,,,Michal Konecny,L,183,CZE,26.951,300,165,4-6 6-2 6-2,3,R32,119,10,5,80,47,38,12,13,3,5,5,2,85,48,31,16,13,7,12
2016-3834,Izmir,Hard,32,C,,20160925,10,GC53,,,Kevin Griekspoor,R,193,NED,25.708,962,13,BE68,,,Tomislav Brkic,R,185,BIH,26.549,406,107,7-6(7) 6-3,3,R32,89,7,2,82,52,38,17,11,6,7,2,3,63,38,28,16,10,2,4
2016-3834,Izmir,Hard,32,C,,20160925,11,HB48,,,Calvin Hemery,R,191,FRA,21.659,343,136,PG20,,,Dmitry Popko,R,191,KAZ,19.921,244,218,3-6 7-5 6-3,3,R32,124,7,5,91,55,42,17,15,3,5,3,1,85,56,42,13,15,1,4
2016-3834,Izmir,Hard,32,C,,20160925,12,HA28,,,Filip Horansky,R,191,SVK,23.715,379,114,Y152,,,Anil Yuksel,L,,TUR,26.355,499,73,7-6(7) 6-0,3,R32,75,5,2,57,36,25,16,9,1,2,1,5,78,46,28,13,9,3,7
2016-3834,Izmir,Hard,32,C,,20160925,13,I306,,,Cem Ilkel,R,185,TUR,21.098,434,93,BF98,,,Alessandro Bega,R,170,ITA,25.706,287,173,6-1 6-2,3,R32,55,4,0,44,27,21,10,8,2,3,1,1,47,37,15,5,7,5,10
2016-3834,Izmir,Hard,32,C,,20160925,14,KE19,,,Vitaly Kozyukov,R,188,RUS,22.316,646,40,D917,,,Sadio Doumbia,R,183,FRA,26.037,389,111,7-6(5) 6-4,3,R32,96,4,1,65,49,37,6,11,1,4,1,5,80,53,32,12,11,1,5
2016-3834,Izmir,Hard,32,C,,20160925,15,SF41,,,Aldin Setkic,R,191,BIH,28.764,215,256,MG54,,,Yann Marti,R,170,SUI,28.301,392,111,6-1 6-2,3,R32,49,7,1,35,24,23,9,8,0,0,0,3,49,30,17,7,7,2,6
2016-3834,Izmir,Hard,32,C,,20160925,16,TE51,,,Stefanos Tsitsipas,R,193,GRE,18.122,321,149,K834,,,Blaz Kavcic,R,188,SLO,29.561,205,267,6-4 7-6(5),3,R32,,6,2,76,50,36,13,11,1,3,0,3,79,50,30,17,11,6,9
2016-3834,Izmir,Hard,32,C,,20160925,17,L797,1,,Lukas Lacko,R,188,SVK,28.895,100,606,HA28,,,Filip Horansky,R,191,SVK,23.715,379,114,6-3 6-1,3,R16,46,4,0,42,31,27,4,8,3,4,2,1,49,36,17,5,8,2,7
2016-3834,Izmir,Hard,32,C,,20160925,18,BE67,3,,Mirza Basic,R,188,BIH,25.207,161,355,GC53,,,Kevin Griekspoor,R,193,NED,25.708,962,13,6-3 6-1,3,R16,57,10,3,46,32,27,7,8,3,3,13,3,52,33,22,4,8,3,7
2016-3834,Izmir,Hard,32,C,,20160925,19,CG33,4,,Kimmer Coppejans,R,178,BEL,22.631,158,364,TE51,,,Stefanos Tsitsipas,R,193,GRE,18.122,321,149,3-6 7-5 7-6(5),3,R16,139,0,3,113,81,56,14,16,12,15,5,3,106,74,53,15,17,3,6
2016-3834,Izmir,Hard,32,C,,20160925,20,I305,5,,Ilya Ivashka,R,193,BLR,22.585,170,334,HB48,,,Calvin Hemery,R,191,FRA,21.659,343,136,6-3 0-6 7-6(4),3,R16,105,5,1,83,53,38,16,14,1,6,7,2,78,52,37,16,13,2,5
2016-3834,Izmir,Hard,32,C,,20160925,21,CA99,6,,Marius Copil,R,191,ROU,25.941,179,322,SF41,,,Aldin Setkic,R,191,BIH,28.764,215,256,6-4 6-3,3,R16,77,9,1,63,44,30,14,9,3,3,2,6,62,46,33,5,10,2,5
2016-3834,Izmir,Hard,32,C,,20160925,22,I306,,,Cem Ilkel,R,185,TUR,21.098,434,93,N503,8,,Aleksandr Nedovyesov,R,188,KAZ,29.61,214,256,6-2 2-0 RET,3,R16,38,2,0,35,23,16,6,5,2,3,1,3,31,20,11,2,5,3,7
2016-3834,Izmir,Hard,32,C,,20160925,23,GB93,,,Norbert Gombos,R,193,SVK,26.119,333,142,GJ37,,,Tallon Griekspoor,R,188,NED,20.233,396,111,6-4 6-7(3) 6-4,3,R16,109,13,6,100,74,58,13,16,4,4,12,2,90,63,50,16,16,2,4
2016-3834,Izmir,Hard,32,C,,20160925,24,K771,,,Marsel Ilhan,R,191,TUR,29.292,265,191,KE19,,,Vitaly Kozyukov,R,188,RUS,22.316,646,40,6-2 6-2,3,R16,63,2,1,40,29,26,6,8,0,0,3,0,58,40,21,8,8,3,7
2016-3834,Izmir,Hard,32,C,,20160925,25,I306,,,Cem Ilkel,R,185,TUR,21.098,434,93,L797,1,,Lukas Lacko,R,188,SVK,28.895,100,606,6-4 6-3,3,QF,88,4,0,52,31,25,15,9,1,1,6,0,85,51,33,16,10,13,16
2016-3834,Izmir,Hard,32,C,,20160925,26,BE67,3,,Mirza Basic,R,188,BIH,25.207,161,355,I305,5,,Ilya Ivashka,R,193,BLR,22.585,170,334,3-6 6-1 7-5,3,QF,129,7,2,100,66,40,19,14,5,9,3,2,90,61,34,12,14,9,15
2016-3834,Izmir,Hard,32,C,,20160925,27,GB93,,,Norbert Gombos,R,193,SVK,26.119,333,142,CG33,4,,Kimmer Coppejans,R,178,BEL,22.631,158,364,6-4 6-3,3,QF,78,8,4,62,40,30,8,9,2,4,1,4,69,41,24,12,10,7,12
2016-3834,Izmir,Hard,32,C,,20160925,28,K771,,,Marsel Ilhan,R,191,TUR,29.292,265,191,CA99,6,,Marius Copil,R,191,ROU,25.941,179,322,6-4 4-6 7-6(5),3,QF,153,3,2,103,73,49,20,16,3,4,20,4,126,83,56,22,16,6,7
2016-3834,Izmir,Hard,32,C,,20160925,29,K771,,,Marsel Ilhan,R,191,TUR,29.292,265,191,BE67,3,,Mirza Basic,R,188,BIH,25.207,161,355,6-4 7-5,3,SF,83,10,0,65,44,35,10,11,3,4,2,0,67,46,31,11,11,2,5
2016-3834,Izmir,Hard,32,C,,20160925,30,I306,,,Cem Ilkel,R,185,TUR,21.098,434,93,GB93,,,Norbert Gombos,R,193,SVK,26.119,333,142,2-6 6-3 6-1,3,SF,94,6,3,78,53,35,9,12,2,6,8,8,88,52,31,14,12,7,13
2016-3834,Izmir,Hard,32,C,,20160925,31,K771,,,Marsel Ilhan,R,191,TUR,29.292,265,191,I306,,,Cem Ilkel,R,185,TUR,21.098,434,93,6-2 6-4,3,F,84,7,4,57,31,27,10,9,8,10,3,4,69,37,25,8,9,3,8
2016-6256,Santos,Clay,32,C,,20160925,1,BF23,1,,Facundo Bagnis,L,183,ARG,26.576,86,654,E708,,,Maximiliano Estevez,L,191,ARG,27.357,289,172,6-2 6-2,3,R32,69,1,4,48,22,15,17,8,1,2,0,3,51,31,14,9,8,5,10
2016-6256,Santos,Clay,32,C,,20160925,2,MJ08,2,,Thiago Monteiro,L,183,BRA,22.322,99,608,J552,,,Osni Junior,,,BRA,20.252,2077,1,6-2 7-6(3),3,R32,106,0,1,80,48,35,14,10,5,7,1,3,74,38,23,15,10,5,9
2016-6256,Santos,Clay,32,C,,20160925,3,SC73,3,,Rogerio Dutra Silva,R,178,BRA,32.638,107,557,MM24,,,Bastian Malla,,,CHI,20.008,411,105,6-4 4-6 6-1,3,R32,119,1,3,70,36,30,20,14,3,6,3,2,85,53,33,12,13,6,11
2016-6256,Santos,Clay,32,C,,20160925,4,O376,4,,Renzo Olivo,R,178,ARG,24.531,120,513,SK48,,,Caio Silva,R,180,BRA,24.947,972,13,6-1 5-7 6-2,3,R32,117,1,3,78,43,27,18,13,5,9,2,5,86,59,33,8,14,3,11
2016-6256,Santos,Clay,32,C,,20160925,5,V620,,,Agustin Velotti,R,,ARG,24.339,184,307,SG64,5,,Joao Souza,R,193,BRA,28.331,123,509,5-7 6-2 7-6(6),3,R32,192,4,3,120,71,50,25,16,9,13,8,2,113,60,43,23,16,6,11
2016-6256,Santos,Clay,32,C,,20160925,6,A887,6,,Guido Andreozzi,R,183,ARG,25.142,132,464,SK30,,,Carlos Eduardo Severino,R,183,BRA,25.807,524,66,6-2 6-1,3,R32,61,5,0,40,20,16,13,7,0,0,1,2,55,26,12,12,8,3,8
2016-6256,Santos,Clay,32,C,,20160925,7,KC29,7,,Nicolas Kicker,R,178,ARG,24.11,136,457,MW75,,,Felipe Meligeni Alves,R,185,BRA,18.598,1985,1,6-2 6-1,3,R32,56,0,0,36,18,16,13,7,0,0,1,2,53,32,15,11,8,3,8
2016-6256,Santos,Clay,32,C,,20160925,8,G585,8,,Maximo Gonzalez,R,173,ARG,33.185,146,409,GC17,,,Oscar Jose Gutierrez,R,170,ESP,23.42,733,30,6-1 6-3,3,R32,67,3,0,48,35,22,8,8,1,3,0,3,47,31,16,3,8,2,8
2016-6256,Santos,Clay,32,C,,20160925,9,D815,,,Fabiano De Paula,R,178,BRA,27.825,791,24,D915,,,Eduardo Dischinger,R,,BRA,24.356,937,15,6-0 6-2,3,R32,81,0,0,45,30,22,10,7,3,3,2,3,63,35,19,9,7,9,14
2016-6256,Santos,Clay,32,C,,20160925,10,E661,,,Gonzalo Escobar,L,178,ECU,27.68,476,76,S0CE,,,Marvin Bernardo Spiering,R,191,BRA,19.047,1748,1,6-3 6-2,3,R32,87,1,2,73,46,28,14,9,7,9,1,7,67,40,22,11,8,5,10
2016-6256,Santos,Clay,32,C,,20160925,11,G602,,,Andre Ghem,R,193,BRA,34.327,207,264,LA54,,,Wilson Leite,R,178,BRA,24.887,802,24,7-5 6-2,3,R32,71,5,3,57,31,25,15,10,1,2,0,1,50,29,17,12,10,4,8
2016-6256,Santos,Clay,32,C,,20160925,12,LB84,,,Juan Ignacio Londero,R,180,ARG,23.113,291,171,LA94,,,Christian Lindell,R,193,SWE,24.849,380,114,6-1 4-6 6-2,3,R32,137,5,9,100,41,31,27,12,8,11,5,5,81,39,24,16,13,4,11
2016-6256,Santos,Clay,32,C,,20160925,13,MJ98,,,Facundo Mena,R,183,ARG,24.008,400,110,A941,,,Facundo Arguello,R,178,ARG,24.142,213,257,2-6 6-3 6-3,3,R32,114,1,6,88,44,27,18,13,8,14,0,4,83,36,22,20,13,7,14
2016-6256,Santos,Clay,32,C,,20160925,14,N532,,,Fabricio Neis,L,183,BRA,26.281,892,17,MD50,,,Andre Miele,R,,BRA,29.457,758,28,6-1 6-1,3,R32,61,4,3,46,27,22,8,7,5,6,0,2,41,26,11,3,7,3,9
2016-6256,Santos,Clay,32,C,,20160925,15,SL94,,,Pedro Sakamoto,R,178,BRA,23.242,558,58,MO41,,,Rafael Matos,L,183,BRA,20.72,1022,10,6-4 6-1,3,R32,63,1,0,50,32,23,11,9,0,1,1,1,46,32,15,7,8,4,8
2016-6256,Santos,Clay,32,C,,20160925,16,SK69,,,Joao Pedro Sorgi,R,188,BRA,22.938,547,62,SX91,,,Thiago Seyboth Wild,R,185,BRA,16.545,,,6-2 7-5,3,R32,100,3,2,54,34,25,14,10,0,1,1,3,72,34,21,18,10,2,6
2016-6256,Santos,Clay,32,C,,20160925,17,BF23,1,,Facundo Bagnis,L,183,ARG,26.576,86,654,G602,,,Andre Ghem,R,193,BRA,34.327,207,264,6-2 2-6 6-4,3,R16,120,3,4,68,37,28,15,13,3,7,0,3,103,60,37,20,13,11,16
2016-6256,Santos,Clay,32,C,,20160925,18,MJ08,2,,Thiago Monteiro,L,183,BRA,22.322,99,608,SL94,,,Pedro Sakamoto,R,178,BRA,23.242,558,58,6-3 6-3,3,R16,81,2,3,52,30,25,11,9,0,1,0,1,73,47,25,13,9,8,12
2016-6256,Santos,Clay,32,C,,20160925,19,SC73,3,,Rogerio Dutra Silva,R,178,BRA,32.638,107,557,SK69,,,Joao Pedro Sorgi,R,188,BRA,22.938,547,62,7-5 6-3,3,R16,106,0,2,63,34,22,21,11,3,4,3,2,71,38,25,16,10,4,7
2016-6256,Santos,Clay,32,C,,20160925,20,O376,4,,Renzo Olivo,R,178,ARG,24.531,120,513,D815,,,Fabiano De Paula,R,178,BRA,27.825,791,24,6-3 7-5,3,R16,112,3,5,85,46,37,17,11,8,9,0,1,65,50,30,9,10,7,10
2016-6256,Santos,Clay,32,C,,20160925,21,A887,6,,Guido Andreozzi,R,183,ARG,25.142,132,464,MJ98,,,Facundo Mena,R,183,ARG,24.008,400,110,6-2 6-2,3,R16,71,1,2,49,23,12,16,8,3,6,1,1,58,34,17,4,8,8,15
2016-6256,Santos,Clay,32,C,,20160925,22,KC29,7,,Nicolas Kicker,R,178,ARG,24.11,136,457,N532,,,Fabricio Neis,L,183,BRA,26.281,892,17,6-3 6-4,3,R16,74,0,2,49,35,25,7,9,5,7,2,7,59,26,17,13,10,3,8
2016-6256,Santos,Clay,32,C,,20160925,23,G585,8,,Maximo Gonzalez,R,173,ARG,33.185,146,409,LB84,,,Juan Ignacio Londero,R,180,ARG,23.113,291,171,6-2 3-6 6-4,3,R16,111,3,2,77,59,39,9,13,6,10,4,3,76,42,29,12,14,2,8
2016-6256,Santos,Clay,32,C,,20160925,24,V620,,,Agustin Velotti,R,,ARG,24.339,184,307,E661,,,Gonzalo Escobar,L,178,ECU,27.68,476,76,7-6(6) 6-2,3,R16,96,3,3,67,36,25,21,10,3,4,5,2,63,44,30,10,10,3,6
2016-6256,Santos,Clay,32,C,,20160925,25,V620,,,Agustin Velotti,R,,ARG,24.339,184,307,BF23,1,,Facundo Bagnis,L,183,ARG,26.576,86,654,6-1 4-6 6-4,3,QF,109,2,1,69,32,23,23,13,1,4,2,5,80,52,30,14,14,5,11
2016-6256,Santos,Clay,32,C,,20160925,26,MJ08,2,,Thiago Monteiro,L,183,BRA,22.322,99,608,KC29,7,,Nicolas Kicker,R,178,ARG,24.11,136,457,4-6 6-3 7-6(4),3,QF,156,2,4,126,85,58,22,16,14,17,3,2,90,58,43,17,15,4,7
2016-6256,Santos,Clay,32,C,,20160925,27,G585,8,,Maximo Gonzalez,R,173,ARG,33.185,146,409,SC73,3,,Rogerio Dutra Silva,R,178,BRA,32.638,107,557,6-2 6-2,3,QF,74,0,2,46,29,18,12,8,1,3,3,3,50,26,14,7,8,5,11
2016-6256,Santos,Clay,32,C,,20160925,28,O376,4,,Renzo Olivo,R,178,ARG,24.531,120,513,A887,6,,Guido Andreozzi,R,183,ARG,25.142,132,464,2-6 7-6(3) 6-3,3,QF,138,3,5,95,56,36,20,15,6,11,2,6,90,47,34,20,14,3,7
2016-6256,Santos,Clay,32,C,,20160925,29,MJ08,2,,Thiago Monteiro,L,183,BRA,22.322,99,608,G585,8,,Maximo Gonzalez,R,173,ARG,33.185,146,409,7-6(7) 7-5,3,SF,136,4,2,98,71,53,13,12,8,8,3,0,77,54,40,14,12,7,8
2016-6256,Santos,Clay,32,C,,20160925,30,O376,4,,Renzo Olivo,R,178,ARG,24.531,120,513,V620,,,Agustin Velotti,R,,ARG,24.339,184,307,6-4 5-7 6-1,3,SF,154,4,9,107,57,36,27,15,12,16,5,2,89,49,30,20,14,4,10
2016-6256,Santos,Clay,32,C,,20160925,31,O376,4,,Renzo Olivo,R,178,ARG,24.531,120,513,MJ08,2,,Thiago Monteiro,L,183,BRA,22.322,99,608,6-4 7-6(5),3,F,118,3,1,65,51,34,10,11,1,3,3,1,82,53,36,13,11,6,9
2016-6490,Kaohsiung,Hard,32,C,,20160925,1,MH30,1,,John Millman,R,183,AUS,27.283,67,760,W373,,,Jimmy Wang,R,180,TPE,31.628,347,133,6-3 6-2,3,R32,74,6,0,48,28,24,14,9,2,2,3,4,59,30,23,10,8,4,7
2016-6490,Kaohsiung,Hard,32,C,,20160925,2,L575,2,,Yen-Hsun Lu,R,180,TPE,33.117,71,728,Z272,,,Ze Zhang,R,188,CHN,26.229,176,325,7-5 6-2,3,R32,78,10,3,56,32,28,14,10,4,5,4,7,70,39,23,15,10,6,10
2016-6490,Kaohsiung,Hard,32,C,,20160925,3,SC56,3,,Dudi Sela,R,175,ISR,31.477,70,746,SC47,,,Go Soeda,R,178,JPN,32.055,135,460,6-4 6-4,3,R32,78,4,3,56,37,30,10,10,2,3,1,2,60,35,23,14,10,2,5
2016-6490,Kaohsiung,Hard,32,C,,20160925,4,TC61,4,,Jordan Thompson,R,183,AUS,22.434,95,613,SQ80,,,Akira Santillan,R,180,AUS,19.346,233,228,6-1 6-3,3,R32,64,6,2,45,29,22,12,8,1,1,3,1,52,35,22,6,8,2,6
2016-6490,Kaohsiung,Hard,32,C,,20160925,5,J380,,,Jason Jung,R,180,TPE,27.28,147,407,N732,5,,Yoshihito Nishioka,L,170,JPN,20.997,94,618,6-4 6-3,3,R32,86,6,4,71,40,29,16,10,6,7,1,2,52,30,19,13,9,4,7
2016-6490,Kaohsiung,Hard,32,C,,20160925,6,SE73,6,,Yuichi Sugita,R,175,JPN,28.019,98,609,SL07,,,Alexander Sarkissian,R,191,USA,26.48,204,268,6-4 7-5,3,R32,92,6,4,77,46,29,19,11,4,5,5,3,65,30,23,17,11,1,4
2016-6490,Kaohsiung,Hard,32,C,,20160925,7,N598,,,Takuto Niki,R,183,JPN,28.956,429,94,KC04,7,,Jozef Kovalik,R,183,SVK,23.89,124,502,1-6 6-2 6-1,3,R32,92,10,3,72,46,33,12,11,3,5,5,4,65,38,26,13,11,6,10
2016-6490,Kaohsiung,Hard,32,C,,20160925,8,W857,,,Tung-Lin Wu,R,188,TPE,18.374,1748,1,KB09,8,,Denis Kudla,R,180,USA,24.107,131,464,7-5 7-6(8),3,R32,112,4,2,77,48,35,17,12,2,4,9,3,87,59,40,13,12,2,5
2016-6490,Kaohsiung,Hard,32,C,,20160925,9,CH27,,,Hyeon Chung,R,188,KOR,20.353,134,461,T982,,,Tsung-Hua Yang,R,178,TPE,25.495,466,79,6-0 6-4,3,R32,60,3,3,41,25,23,10,8,1,1,4,3,50,30,20,4,8,4,8
2016-6490,Kaohsiung,Hard,32,C,,20160925,10,E690,,,Matthew Ebden,R,188,AUS,28.832,297,165,LH70,,,Kuan-Yi Lee,R,178,TPE,20.044,502,72,6-3 6-2,3,R32,66,7,4,57,31,27,11,9,3,4,2,0,42,31,19,5,8,5,9
2016-6490,Kaohsiung,Hard,32,C,,20160925,11,KA46,,,Yuya Kibi,R,180,JPN,30.177,259,196,W630,,,Andrew Whittington,R,188,AUS,23.124,193,295,7-6(4) 6-2,3,R32,92,1,4,78,51,37,16,10,3,3,3,2,66,39,28,14,10,3,5
2016-6490,Kaohsiung,Hard,32,C,,20160925,12,LE01,,,Duckhee Lee,R,170,KOR,18.327,186,306,MI01,,,Hiroki Moriya,R,168,JPN,25.944,165,351,7-6(6) 6-4,3,R32,101,9,7,76,45,32,17,11,5,7,2,2,70,36,23,19,11,3,6
2016-6490,Kaohsiung,Hard,32,C,,20160925,13,PH42,,,Matija Pecotic,L,185,CRO,27.231,363,123,KC56,,,Aslan Karatsev,R,185,RUS,23.058,216,255,7-6(2) 5-4 RET,3,R32,110,6,4,63,34,24,15,10,3,6,7,13,79,36,22,18,11,6,10
2016-6490,Kaohsiung,Hard,32,C,,20160925,14,U134,,,Yasutaka Uchiyama,R,183,JPN,24.14,298,165,L949,,,Henri Laaksonen,R,185,SUI,24.487,142,433,6-4 RET,3,R32,47,5,0,25,16,12,8,5,0,0,4,5,53,29,21,10,5,7,8
2016-6490,Kaohsiung,Hard,32,C,,20160925,15,V495,,,Luca Vanni,R,198,ITA,31.31,171,334,C813,,,Ti Chen,R,178,TPE,32.98,253,208,6-2 6-4,3,R32,96,10,0,64,34,30,14,9,7,7,1,2,69,50,29,9,9,7,10
2016-6490,Kaohsiung,Hard,32,C,,20160925,16,W471,,,Amir Weintraub,R,185,ISR,30.026,250,211,R862,,,Christopher Rungkat,R,175,INA,26.697,462,81,4-6 7-6(2) 7-6(3),3,R32,150,15,2,119,78,51,23,17,4,9,5,4,114,66,43,25,17,10,14
2016-6490,Kaohsiung,Hard,32,C,,20160925,17,U134,,,Yasutaka Uchiyama,R,183,JPN,24.14,298,165,MH30,1,,John Millman,R,183,AUS,27.283,67,760,7-5 3-6 7-6(4),3,R16,139,14,1,100,71,54,14,16,4,6,6,3,92,64,50,18,17,3,5
2016-6490,Kaohsiung,Hard,32,C,,20160925,18,L575,2,,Yen-Hsun Lu,R,180,TPE,33.117,71,728,V495,,,Luca Vanni,R,198,ITA,31.31,171,334,6-3 6-2,3,R16,77,6,1,56,36,28,12,9,2,2,11,7,67,39,33,3,8,6,9
2016-6490,Kaohsiung,Hard,32,C,,20160925,19,PH42,,,Matija Pecotic,L,185,CRO,27.231,363,123,SC56,3,,Dudi Sela,R,175,ISR,31.477,70,746,6-4 4-6 6-1,3,R16,121,3,1,99,61,40,23,14,4,6,3,5,91,42,29,22,13,2,6
2016-6490,Kaohsiung,Hard,32,C,,20160925,20,CH27,,,Hyeon Chung,R,188,KOR,20.353,134,461,TC61,4,,Jordan Thompson,R,183,AUS,22.434,95,613,6-7(9) 6-4 7-6(5),3,R16,175,11,6,115,74,53,19,17,1,5,7,5,117,64,40,31,17,9,14
2016-6490,Kaohsiung,Hard,32,C,,20160925,21,SE73,6,,Yuichi Sugita,R,175,JPN,28.019,98,609,E690,,,Matthew Ebden,R,188,AUS,28.832,297,165,7-6(4) 6-3,3,R16,98,3,0,63,39,31,17,11,2,3,5,5,77,41,31,18,10,4,6
2016-6490,Kaohsiung,Hard,32,C,,20160925,22,KA46,,,Yuya Kibi,R,180,JPN,30.177,259,196,W857,,,Tung-Lin Wu,R,188,TPE,18.374,1748,1,6-3 6-4,3,R16,71,4,3,52,34,25,12,10,0,1,4,1,69,44,27,10,9,5,8
2016-6490,Kaohsiung,Hard,32,C,,20160925,23,LE01,,,Duckhee Lee,R,170,KOR,18.327,186,306,N598,,,Takuto Niki,R,183,JPN,28.956,429,94,6-4 6-3,3,R16,85,6,2,64,41,27,13,10,4,6,4,1,59,40,24,7,9,2,6
2016-6490,Kaohsiung,Hard,32,C,,20160925,24,W471,,,Amir Weintraub,R,185,ISR,30.026,250,211,J380,,,Jason Jung,R,180,TPE,27.28,147,407,6-3 6-4,3,R16,72,7,1,54,39,34,9,10,3,3,5,6,68,36,22,19,9,9,11
2016-6490,Kaohsiung,Hard,32,C,,20160925,25,L575,2,,Yen-Hsun Lu,R,180,TPE,33.117,71,728,KA46,,,Yuya Kibi,R,180,JPN,30.177,259,196,6-1 6-2,3,QF,59,10,0,46,24,21,15,8,4,4,1,0,49,31,17,7,7,6,10
2016-6490,Kaohsiung,Hard,32,C,,20160925,26,SE73,6,,Yuichi Sugita,R,175,JPN,28.019,98,609,PH42,,,Matija Pecotic,L,185,CRO,27.231,363,123,4-6 7-6(3) 6-3,3,QF,148,4,2,117,69,45,22,16,6,11,11,6,96,56,36,20,15,2,7
2016-6490,Kaohsiung,Hard,32,C,,20160925,27,CH27,,,Hyeon Chung,R,188,KOR,20.353,134,461,W471,,,Amir Weintraub,R,185,ISR,30.026,250,211,6-4 6-4,3,QF,68,9,1,55,31,24,17,10,2,3,4,1,66,46,32,8,10,5,8
2016-6490,Kaohsiung,Hard,32,C,,20160925,28,LE01,,,Duckhee Lee,R,170,KOR,18.327,186,306,U134,,,Yasutaka Uchiyama,R,183,JPN,24.14,298,165,6-4 6-4,3,QF,88,3,3,72,46,38,11,10,3,3,7,2,59,40,32,8,10,4,6
2016-6490,Kaohsiung,Hard,32,C,,20160925,29,CH27,,,Hyeon Chung,R,188,KOR,20.353,134,461,L575,2,,Yen-Hsun Lu,R,180,TPE,33.117,71,728,6-2 3-6 7-6(2),3,SF,117,7,2,89,52,37,20,14,7,10,6,5,94,54,43,13,15,8,12
2016-6490,Kaohsiung,Hard,32,C,,20160925,30,LE01,,,Duckhee Lee,R,170,KOR,18.327,186,306,SE73,6,,Yuichi Sugita,R,175,JPN,28.019,98,609,6-2 6-3,3,SF,72,1,3,63,36,25,12,9,4,6,4,2,54,32,16,8,8,2,7
2016-6490,Kaohsiung,Hard,32,C,,20160925,31,CH27,,,Hyeon Chung,R,188,KOR,20.353,134,461,LE01,,,Duckhee Lee,R,170,KOR,18.327,186,306,6-4 6-2,3,F,75,7,2,53,31,25,13,9,1,1,3,3,58,36,23,10,9,3,6
2016-6590,Sibiu,Clay,32,C,,20160925,1,H756,1,,Robin Haase,R,191,NED,29.473,65,766,MI11,,,Axel Michon,L,,FRA,25.777,275,181,6-2 6-4,3,R32,87,1,2,61,35,19,14,9,6,9,0,3,73,45,25,8,9,10,16
2016-6590,Sibiu,Clay,32,C,,20160925,2,O483,,,Christopher O'Connell,R,183,AUS,22.313,337,140,MI43,2,,Gerald Melzer,L,188,AUT,26.204,84,665,6-4 6-4,3,R32,83,3,4,62,32,25,16,10,3,4,3,2,66,44,34,5,10,3,6
2016-6590,Sibiu,Clay,32,C,,20160925,3,MQ75,,,Kamil Majchrzak,R,183,POL,20.701,274,181,F724,3,,Marton Fucsovics,R,188,HUN,24.63,150,393,7-5 4-1 RET,3,R32,66,0,2,50,26,20,13,8,5,7,1,1,52,30,18,8,9,4,9
2016-6590,Sibiu,Clay,32,C,,20160925,4,GB53,4,,Federico Gaio,R,178,ITA,24.559,185,306,KC33,,,Dimitar Kuzmanov,R,183,BUL,23.162,348,133,6-4 6-2,3,R32,72,2,5,52,29,19,16,9,1,2,1,4,61,31,16,14,9,3,7
2016-6590,Sibiu,Clay,32,C,,20160925,5,SK67,5,,Jan Satral,R,185,CZE,26.174,175,325,HC99,,,Lenny Hampel,R,188,AUT,19.754,474,77,6-2 6-3,3,R32,70,5,0,44,23,20,14,8,2,2,2,3,58,28,17,15,9,2,6
2016-6590,Sibiu,Clay,32,C,,20160925,6,DB59,,,Dennis Novak,R,183,AUT,23.077,230,232,KD70,6,,Pedja Krstin,R,183,SRB,22.062,198,288,6-3 6-3,3,R32,75,5,2,55,34,26,11,9,1,2,1,3,53,30,19,9,9,1,5
2016-6590,Sibiu,Clay,32,C,,20160925,7,DG65,,,Michal Dembek,R,196,POL,19.135,1106,8,Z246,7,,Miljan Zekic,R,185,SRB,28.205,188,302,6-4 3-6 7-5,3,R32,151,3,4,93,42,25,24,15,2,9,7,10,128,77,50,16,16,15,23
2016-6590,Sibiu,Clay,32,C,,20160925,8,U061,8,,Adrian Ungur,R,178,ROU,31.674,229,238,E678,,,Jonathan Eysseric,L,180,FRA,26.333,242,222,7-6(3) 6-3,3,R32,84,0,1,54,29,17,20,10,0,2,3,0,63,40,21,13,11,2,6
2016-6590,Sibiu,Clay,32,C,,20160925,9,BL78,,,Bogdan Borza,L,185,ROU,19.474,835,21,MJ40,,,Andreas Mies,R,188,GER,26.097,1399,3,6-2 1-6 6-3,3,R32,109,1,5,87,58,39,16,12,3,5,0,2,83,57,36,10,12,6,9
2016-6590,Sibiu,Clay,32,C,,20160925,10,GA79,,,Lorenzo Giustino,R,180,ITA,25.043,257,200,DA13,,,Dragos Dima,R,180,ROU,24.277,307,160,4-6 7-6(6) 6-1,3,R32,157,2,4,93,62,43,17,14,3,7,1,7,112,58,36,26,15,13,19
2016-6590,Sibiu,Clay,32,C,,20160925,11,LC11,,,Tristan Lamasine,R,183,FRA,23.559,245,217,KH56,,,Zdenek Kolar,R,183,CZE,19.962,256,202,6-4 1-6 6-3,3,R32,109,3,6,93,50,35,25,13,5,7,8,2,87,50,33,22,13,4,6
2016-6590,Sibiu,Clay,32,C,,20160925,12,L993,,,Jonas Luetjen,R,188,GER,26.119,576,54,CF25,,,Victor Cornea,L,196,ROU,23.003,1162,7,6-1 6-1,3,R32,57,4,1,48,29,20,11,7,4,5,0,4,36,16,5,6,7,3,9
2016-6590,Sibiu,Clay,32,C,,20160925,13,MH16,,,Yannick Maden,R,185,GER,26.91,314,155,BH76,,,Riccardo Bellotti,R,,ITA,25.142,283,176,2-6 6-2 6-2,3,R32,106,2,2,86,53,32,20,12,8,11,0,3,79,48,32,10,12,10,15
2016-6590,Sibiu,Clay,32,C,,20160925,14,MF09,,,Nikola Mektic,R,183,CRO,27.754,325,147,A633,,,Victor-Mugurel Anagnastopol,,0,ROU,30.511,1791,1,7-5 6-2,3,R32,71,5,1,54,30,28,12,10,0,1,5,9,74,47,33,7,10,8,12
2016-6590,Sibiu,Clay,32,C,,20160925,15,PC68,,,Tim Puetz,R,185,GER,28.851,929,15,ML57,,,Gianluca Mager,R,188,ITA,21.818,292,170,6-4 6-2,3,R32,73,5,2,51,28,21,17,9,0,0,2,4,59,34,17,16,9,6,9
2016-6590,Sibiu,Clay,32,C,,20160925,16,SN77,,,Vaclav Safranek,R,183,CZE,22.352,280,179,PE02,,,Danilo Petrovic,R,203,SRB,24.671,313,155,6-2 7-6(4),3,R32,97,6,1,71,49,35,12,10,2,4,5,3,76,43,26,15,10,4,8
2016-6590,Sibiu,Clay,32,C,,20160925,17,H756,1,,Robin Haase,R,191,NED,29.473,65,766,MF09,,,Nikola Mektic,R,183,CRO,27.754,325,147,6-4 2-6 6-0,3,R16,100,9,3,92,47,31,21,12,5,9,3,3,74,36,19,17,12,4,10
2016-6590,Sibiu,Clay,32,C,,20160925,18,PC68,,,Tim Puetz,R,185,GER,28.851,929,15,GB53,4,,Federico Gaio,R,178,ITA,24.559,185,306,7-6(5) 2-6 6-1,3,R16,131,7,4,109,53,35,30,14,16,19,6,2,79,49,35,16,13,3,6
2016-6590,Sibiu,Clay,32,C,,20160925,19,SK67,5,,Jan Satral,R,185,CZE,26.174,175,325,L993,,,Jonas Luetjen,R,188,GER,26.119,576,54,6-1 5-7 6-2,3,R16,117,0,4,92,49,35,26,14,6,8,2,5,88,59,35,14,13,6,11
2016-6590,Sibiu,Clay,32,C,,20160925,20,U061,8,,Adrian Ungur,R,178,ROU,31.674,229,238,BL78,,,Bogdan Borza,L,185,ROU,19.474,835,21,6-1 6-3,3,R16,73,1,4,49,27,20,12,8,4,5,0,0,49,22,12,11,8,4,9
2016-6590,Sibiu,Clay,32,C,,20160925,21,GA79,,,Lorenzo Giustino,R,180,ITA,25.043,257,200,MQ75,,,Kamil Majchrzak,R,183,POL,20.701,274,181,6-3 1-0 RET,3,R16,44,0,1,29,15,15,7,5,1,1,0,4,30,18,12,5,5,3,5
2016-6590,Sibiu,Clay,32,C,,20160925,22,DB59,,,Dennis Novak,R,183,AUT,23.077,230,232,MH16,,,Yannick Maden,R,185,GER,26.91,314,155,2-6 6-4 6-3,3,R16,100,9,6,81,51,38,8,14,6,12,1,1,90,57,31,15,13,10,16
2016-6590,Sibiu,Clay,32,C,,20160925,23,O483,,,Christopher O'Connell,R,183,AUS,22.313,337,140,LC11,,,Tristan Lamasine,R,183,FRA,23.559,245,217,6-1 6-2,3,R16,60,3,2,40,24,16,11,7,1,2,1,2,53,34,15,8,8,5,11
2016-6590,Sibiu,Clay,32,C,,20160925,24,SN77,,,Vaclav Safranek,R,183,CZE,22.352,280,179,DG65,,,Michal Dembek,R,196,POL,19.135,1106,8,3-6 6-3 6-2,3,R16,88,4,2,77,43,28,21,13,3,6,3,2,73,38,21,20,13,3,8
2016-6590,Sibiu,Clay,32,C,,20160925,25,H756,1,,Robin Haase,R,191,NED,29.473,65,766,DB59,,,Dennis Novak,R,183,AUT,23.077,230,232,7-5 6-2,3,QF,74,2,4,67,35,27,17,10,4,5,5,5,66,39,24,14,10,5,9
2016-6590,Sibiu,Clay,32,C,,20160925,26,GA79,,,Lorenzo Giustino,R,180,ITA,25.043,257,200,SK67,5,,Jan Satral,R,185,CZE,26.174,175,325,6-4 3-6 6-3,3,QF,117,4,2,72,39,26,16,14,0,5,0,5,95,56,37,14,14,4,10
2016-6590,Sibiu,Clay,32,C,,20160925,27,PC68,,,Tim Puetz,R,185,GER,28.851,929,15,U061,8,,Adrian Ungur,R,178,ROU,31.674,229,238,7-6(4) 7-5,3,QF,110,6,4,79,46,35,14,12,6,8,3,4,81,50,27,20,12,5,8
2016-6590,Sibiu,Clay,32,C,,20160925,28,O483,,,Christopher O'Connell,R,183,AUS,22.313,337,140,SN77,,,Vaclav Safranek,R,183,CZE,22.352,280,179,6-7(5) 6-1 6-1,3,QF,125,7,3,90,58,40,18,13,5,6,3,5,115,73,40,19,13,13,19
2016-6590,Sibiu,Clay,32,C,,20160925,29,H756,1,,Robin Haase,R,191,NED,29.473,65,766,PC68,,,Tim Puetz,R,185,GER,28.851,929,15,3-6 6-1 7-6(2),3,SF,122,9,5,95,55,45,19,14,7,8,9,8,101,52,40,23,14,9,11
2016-6590,Sibiu,Clay,32,C,,20160925,30,GA79,,,Lorenzo Giustino,R,180,ITA,25.043,257,200,O483,,,Christopher O'Connell,R,183,AUS,22.313,337,140,6-7(0) 6-4 7-5,3,SF,175,3,6,122,67,42,27,17,11,16,2,6,118,74,46,19,17,15,22
2016-6590,Sibiu,Clay,32,C,,20160925,31,H756,1,,Robin Haase,R,191,NED,29.473,65,766,GA79,,,Lorenzo Giustino,R,180,ITA,25.043,257,200,7-6(2) 6-2,3,F,93,2,4,60,28,22,19,10,1,3,1,5,78,45,26,15,10,10,14
2016-7318,Columbus,Hard,32,C,,20160925,1,B896,1,,Benjamin Becker,R,178,GER,35.277,97,610,Q945,,,Eric Quigley,R,185,USA,27.652,338,140,7-5 6-4,3,R32,90,8,2,62,36,31,18,11,5,5,7,1,79,48,34,14,11,4,6
2016-7318,Columbus,Hard,32,C,,20160925,2,KB37,,,Evan King,L,185,USA,24.504,373,118,N674,2,,Dennis Novikov,R,193,USA,22.886,133,461,6-4 6-7(5) 7-6(2),3,R32,142,6,3,100,67,56,20,17,1,2,11,3,107,68,50,23,17,4,6
2016-7318,Columbus,Hard,32,C,,20160925,3,BH02,,,Sekou Bangoura,R,183,USA,24.854,231,231,KA00,3,,Austin Krajicek,L,188,USA,26.278,155,370,6-2 6-3,3,R32,70,5,1,43,28,24,8,8,0,1,0,3,59,39,21,7,9,10,15
2016-7318,Columbus,Hard,32,C,,20160925,4,PB22,4,,Peter Polansky,R,183,CAN,28.279,160,357,GA36,,,Emilio Gomez,R,185,ECU,24.827,254,206,7-5 6-4,3,R32,107,4,0,68,39,29,18,11,5,6,0,3,88,58,35,13,11,9,12
2016-7318,Columbus,Hard,32,C,,20160925,5,N771,,,Cameron Norrie,L,188,GBR,21.092,285,173,E873,5,,Ernesto Escobedo,R,185,MEX,20.227,153,377,7-6(4) 1-0 RET,3,R32,68,7,0,48,35,26,7,7,2,3,3,2,55,37,24,7,6,8,9
2016-7318,Columbus,Hard,32,C,,20160925,6,SJ55,,,John-Patrick Smith,L,188,AUS,27.669,311,156,A853,,,Marcelo Arevalo,R,191,ESA,25.941,181,319,6-1 6-1,3,R32,64,2,2,43,30,21,9,7,1,1,1,2,39,26,14,3,7,2,7
2016-7318,Columbus,Hard,32,C,,20160925,7,RA51,7,,Blaz Rola,L,193,SLO,25.974,203,276,SK41,,,Nicolaas Scholtz,R,,RSA,25.637,383,113,6-3 6-2,3,R32,65,6,0,56,45,34,6,9,3,3,9,2,48,34,23,6,8,5,8
2016-7318,Columbus,Hard,32,C,,20160925,8,D499,,,Frank Dancevic,R,185,CAN,31.997,240,223,CC32,8,,Guilherme Clezar,R,180,BRA,23.734,192,295,6-2 6-4,3,R32,63,11,0,45,28,23,13,9,0,0,5,1,49,35,21,10,9,1,4
2016-7318,Columbus,Hard,32,C,,20160925,9,AB25,,,Gonzales Austin,L,180,USA,23.888,641,41,J607,,,Martin Joyce,R,191,USA,19.956,,,6-4 6-2,3,R32,67,4,1,54,31,22,14,9,1,2,3,3,50,31,19,9,9,1,5
2016-7318,Columbus,Hard,32,C,,20160925,10,G940,,,Sam Groth,R,193,AUS,28.936,269,188,HB41,,,Jared Hiltzik,R,185,USA,22.218,654,39,6-3 7-6(6),3,R32,94,19,4,71,40,32,21,11,1,1,7,3,72,43,35,15,10,0,1
2016-7318,Columbus,Hard,32,C,,20160925,11,HB71,,,Hubert Hurkacz,R,196,POL,19.619,374,117,GD08,,,Lloyd Glasspool,R,191,GBR,22.85,293,168,6-4 7-5,3,R32,88,8,6,68,41,31,12,11,7,9,6,2,64,46,32,5,11,4,8
2016-7318,Columbus,Hard,32,C,,20160925,12,LB50,,,Mikelis Libietis,R,193,LAT,24.214,404,108,W09G,,,J.J. Wolf,R,183,USA,17.763,,,6-3 7-6(4),3,R32,98,7,4,67,43,37,13,11,0,0,1,2,62,34,27,16,10,1,2
2016-7318,Columbus,Hard,32,C,,20160925,13,PL56,,,Tommy Paul,R,185,USA,19.359,243,220,MW84,,,John McNally,R,183,USA,17.938,1748,1,6-3 6-3,3,R32,80,5,5,63,32,24,19,9,1,1,4,1,49,26,18,13,9,2,5
2016-7318,Columbus,Hard,32,C,,20160925,14,Q941,,,Roberto Quiroz,L,193,ECU,24.589,342,136,K964,,,Brydan Klein,R,188,GBR,26.735,339,139,6-4 6-2,3,R32,90,5,1,60,42,32,11,9,4,4,3,4,62,37,24,11,9,3,6
2016-7318,Columbus,Hard,32,C,,20160925,15,SL08,,,Tennys Sandgren,R,188,USA,25.18,263,193,BC68,,,Philip Bester,R,188,CAN,27.97,310,157,6-4 6-4,3,R32,83,9,0,54,33,29,14,10,2,2,6,2,61,34,27,12,10,4,6
2016-7318,Columbus,Hard,32,C,,20160925,16,TC12,,,Mikael Torpegaard,R,193,DEN,22.385,642,40,MG84,,,Nicolas Meister,R,180,USA,27.365,319,151,6-4 6-3,3,R32,89,2,3,46,31,25,9,9,0,1,1,3,69,50,31,5,10,5,9
2016-7318,Columbus,Hard,32,C,,20160925,17,B896,1,,Benjamin Becker,R,178,GER,35.277,97,610,G940,,,Sam Groth,R,193,AUS,28.936,269,188,6-3 6-2,3,R16,63,3,3,46,29,27,9,9,0,0,6,1,44,30,18,5,8,3,6
2016-7318,Columbus,Hard,32,C,,20160925,18,TC12,,,Mikael Torpegaard,R,193,DEN,22.385,642,40,PB22,4,,Peter Polansky,R,183,CAN,28.279,160,357,6-4 6-7(2) 6-4,3,R16,152,14,5,111,67,50,21,16,8,11,2,4,110,62,38,27,16,5,10
2016-7318,Columbus,Hard,32,C,,20160925,19,SL08,,,Tennys Sandgren,R,188,USA,25.18,263,193,RA51,7,,Blaz Rola,L,193,SLO,25.974,203,276,7-6(3) 6-3,3,R16,101,11,0,67,45,42,11,11,1,1,9,1,73,49,38,10,10,4,5
2016-7318,Columbus,Hard,32,C,,20160925,20,AB25,,,Gonzales Austin,L,180,USA,23.888,641,41,D499,,,Frank Dancevic,R,185,CAN,31.997,240,223,7-6(4) 6-3,3,R16,85,4,1,61,39,33,12,10,1,2,5,0,72,56,35,8,11,2,5
2016-7318,Columbus,Hard,32,C,,20160925,21,BH02,,,Sekou Bangoura,R,183,USA,24.854,231,231,PL56,,,Tommy Paul,R,185,USA,19.359,243,220,6-3 6-3,3,R16,81,2,3,53,30,22,13,9,4,5,2,2,57,28,18,13,9,2,6
2016-7318,Columbus,Hard,32,C,,20160925,22,LB50,,,Mikelis Libietis,R,193,LAT,24.214,404,108,N771,,,Cameron Norrie,L,188,GBR,21.092,285,173,6-4 7-6(5),3,R16,106,5,2,70,34,24,17,11,3,7,5,5,78,53,32,9,11,5,10
2016-7318,Columbus,Hard,32,C,,20160925,23,Q941,,,Roberto Quiroz,L,193,ECU,24.589,342,136,KB37,,,Evan King,L,185,USA,24.504,373,118,6-4 6-4,3,R16,88,3,1,60,40,31,9,10,4,5,2,2,56,37,26,8,10,3,6
2016-7318,Columbus,Hard,32,C,,20160925,24,SJ55,,,John-Patrick Smith,L,188,AUS,27.669,311,156,HB71,,,Hubert Hurkacz,R,196,POL,19.619,374,117,6-2 6-3,3,R16,77,1,0,46,32,25,8,8,1,2,3,2,64,39,21,11,9,8,13
2016-7318,Columbus,Hard,32,C,,20160925,25,B896,1,,Benjamin Becker,R,178,GER,35.277,97,610,LB50,,,Mikelis Libietis,R,193,LAT,24.214,404,108,4-6 6-1 7-6(4),3,QF,136,9,2,90,62,48,15,15,6,8,18,3,111,70,46,21,14,5,8
2016-7318,Columbus,Hard,32,C,,20160925,26,SL08,,,Tennys Sandgren,R,188,USA,25.18,263,193,Q941,,,Roberto Quiroz,L,193,ECU,24.589,342,136,6-0 7-6(3),3,QF,87,6,1,53,35,24,12,9,2,4,2,1,60,39,21,6,9,4,9
2016-7318,Columbus,Hard,32,C,,20160925,27,SJ55,,,John-Patrick Smith,L,188,AUS,27.669,311,156,BH02,,,Sekou Bangoura,R,183,USA,24.854,231,231,6-3 3-6 6-3,3,QF,130,5,4,88,59,45,16,14,4,5,5,2,83,60,40,14,13,2,4
2016-7318,Columbus,Hard,32,C,,20160925,28,TC12,,,Mikael Torpegaard,R,193,DEN,22.385,642,40,AB25,,,Gonzales Austin,L,180,USA,23.888,641,41,6-2 7-5,3,QF,78,3,3,56,36,26,14,10,3,4,4,3,68,45,27,9,10,5,9
2016-7318,Columbus,Hard,32,C,,20160925,29,B896,1,,Benjamin Becker,R,178,GER,35.277,97,610,SJ55,,,John-Patrick Smith,L,188,AUS,27.669,311,156,6-4 1-6 7-5,3,SF,105,6,5,75,40,29,16,14,3,7,4,3,90,71,50,6,15,7,11
2016-7318,Columbus,Hard,32,C,,20160925,30,TC12,,,Mikael Torpegaard,R,193,DEN,22.385,642,40,SL08,,,Tennys Sandgren,R,188,USA,25.18,263,193,7-5 7-6(5),3,SF,94,4,2,78,46,37,18,12,0,0,10,2,75,50,40,14,12,2,3
2016-7318,Columbus,Hard,32,C,,20160925,31,TC12,,,Mikael Torpegaard,R,193,DEN,22.385,642,40,B896,1,,Benjamin Becker,R,178,GER,35.277,97,610,6-4 1-6 6-2,3,F,93,4,4,79,50,39,9,12,5,7,6,7,87,60,43,11,13,5,8
2016-1768,Tiburon,Hard,32,C,,20160926,1,B896,1,,Benjamin Becker,R,178,GER,35.28,91,638,PL56,,,Tommy Paul,R,185,USA,19.362,235,227,7-6(1) 6-2,3,R32,79,2,3,62,35,24,17,10,2,4,4,4,72,41,25,14,10,4,8
2016-1768,Tiburon,Hard,32,C,,20160926,2,F811,2,,Bjorn Fratangelo,R,183,USA,23.19,109,533,RC96,,,Noah Rubin,R,175,USA,20.597,185,300,6-7(5) 7-5 6-3,3,R32,136,11,1,100,60,46,15,16,2,5,9,5,113,71,46,14,17,5,11
2016-1768,Tiburon,Hard,32,C,,20160926,3,SF62,3,,Tim Smyczek,R,175,USA,28.742,118,512,K964,,,Brydan Klein,R,188,GBR,26.738,349,132,6-4 2-1 RET,3,R32,60,4,0,43,27,21,10,6,3,3,3,1,43,25,17,10,7,2,4
2016-1768,Tiburon,Hard,32,C,,20160926,4,TD51,4,,Frances Tiafoe,R,188,USA,18.683,121,509,SL07,,,Alexander Sarkissian,R,191,USA,26.483,208,268,6-4 3-6 7-5,3,R32,121,5,7,100,66,45,12,15,6,10,9,6,110,65,41,23,16,5,10
2016-1768,Tiburon,Hard,32,C,,20160926,5,N674,5,,Dennis Novikov,R,193,USA,22.888,148,388,BV11,,,Robbie C. Bellamy,,,USA,21.667,2022,1,6-3 6-2,3,R32,57,11,4,48,31,25,11,9,3,4,3,1,57,34,18,10,8,7,11
2016-1768,Tiburon,Hard,32,C,,20160926,6,KE64,6,,Stefan Kozlov,R,183,USA,18.65,152,380,CC32,,,Guilherme Clezar,R,180,BRA,23.737,196,287,6-2 6-2,3,R32,78,9,4,54,30,25,13,8,5,5,3,3,69,40,23,13,8,5,9
2016-1768,Tiburon,Hard,32,C,,20160926,7,CE25,,,Salvatore Caruso,R,185,ITA,23.781,350,132,E873,7,,Ernesto Escobedo,R,185,MEX,20.23,154,375,6-3 2-6 6-3,3,R32,111,6,5,86,46,31,24,13,7,9,8,2,82,48,33,18,13,2,5
2016-1768,Tiburon,Hard,32,C,,20160926,8,HB64,8,,Quentin Halys,R,191,FRA,19.918,160,364,RA51,,,Blaz Rola,L,193,SLO,25.977,204,277,5-7 7-6(5) 6-1,3,R32,119,19,14,108,54,47,19,16,8,13,4,1,91,62,39,13,15,5,11
2016-1768,Tiburon,Hard,32,C,,20160926,9,BA23,,,Brian Baker,R,191,USA,31.409,295,167,KA00,,,Austin Krajicek,L,188,USA,26.281,157,370,6-4 6-3,3,R32,87,7,1,58,30,23,17,10,3,4,1,3,58,38,26,7,9,7,10
2016-1768,Tiburon,Hard,32,C,,20160926,10,DA86,,,Joris De Loore,R,191,BEL,23.433,188,298,GD08,,,Lloyd Glasspool,R,191,GBR,22.853,293,168,6-2 7-6(8),3,R32,98,9,1,71,36,29,18,10,0,1,5,4,78,38,28,17,10,4,7
2016-1768,Tiburon,Hard,32,C,,20160926,11,G940,,,Sam Groth,R,193,AUS,28.939,257,195,N555,,,Daniel Nguyen,R,173,USA,25.947,241,224,6-4 6-4,3,R32,73,10,5,54,33,27,14,10,2,3,1,5,65,43,28,9,10,6,9
2016-1768,Tiburon,Hard,32,C,,20160926,12,KC86,,,Darian King,R,188,BAR,24.419,165,352,BF55,,,Yuki Bhambri,R,185,IND,24.23,282,176,6-2 3-6 6-3,3,R32,123,2,0,85,55,33,19,13,3,6,0,6,78,44,24,16,13,5,10
2016-1768,Tiburon,Hard,32,C,,20160926,13,KC12,,,Mitchell Krueger,R,188,USA,22.705,218,250,Z189,,,Grega Zemlja,R,183,SLO,29.993,162,361,6-1 6-4,3,R32,61,5,0,43,28,23,8,8,2,3,3,5,59,26,15,12,9,7,12
2016-1768,Tiburon,Hard,32,C,,20160926,14,MK66,,,Mackenzie McDonald,R,178,USA,21.448,420,102,PB22,,,Peter Polansky,R,183,CAN,28.282,161,364,6-3 6-4,3,R32,70,4,7,56,27,23,16,10,2,3,2,1,62,36,22,14,9,2,5
2016-1768,Tiburon,Hard,32,C,,20160926,15,MP01,,,Michael Mmoh,R,188,USA,18.71,356,126,SL08,,,Tennys Sandgren,R,188,USA,25.183,243,222,4-6 7-6(5) 2-0 RET,3,R32,130,7,4,81,57,37,13,12,7,11,10,6,89,53,37,13,12,7,11
2016-1768,Tiburon,Hard,32,C,,20160926,16,SJ55,,,John-Patrick Smith,L,188,AUS,27.671,280,178,A853,,,Marcelo Arevalo,R,191,ESA,25.944,183,312,6-3 3-6 6-3,3,R32,116,5,2,90,57,40,19,14,7,9,3,4,81,52,34,19,13,5,8
2016-1768,Tiburon,Hard,32,C,,20160926,17,KC86,,,Darian King,R,188,BAR,24.419,165,352,B896,1,,Benjamin Becker,R,178,GER,35.28,91,638,6-7(3) 6-2 4-2 RET,3,R16,131,1,6,105,66,43,19,13,8,10,6,5,88,54,35,15,13,6,11
2016-1768,Tiburon,Hard,32,C,,20160926,18,F811,2,,Bjorn Fratangelo,R,183,USA,23.19,109,533,DA86,,,Joris De Loore,R,191,BEL,23.433,188,298,6-2 7-5,3,R16,67,3,1,49,30,26,12,10,0,1,4,4,54,28,19,11,10,0,4
2016-1768,Tiburon,Hard,32,C,,20160926,19,SF62,3,,Tim Smyczek,R,175,USA,28.742,118,512,G940,,,Sam Groth,R,193,AUS,28.939,257,195,7-5 7-6(11),3,R16,101,3,1,75,43,36,21,12,1,1,12,4,80,49,40,14,12,1,2
2016-1768,Tiburon,Hard,32,C,,20160926,20,TD51,4,,Frances Tiafoe,R,188,USA,18.683,121,509,SJ55,,,John-Patrick Smith,L,188,AUS,27.671,280,178,6-3 6-3,3,R16,64,1,1,51,33,25,13,9,2,2,5,1,53,39,25,7,9,6,9
2016-1768,Tiburon,Hard,32,C,,20160926,21,N674,5,,Dennis Novikov,R,193,USA,22.888,148,388,BA23,,,Brian Baker,R,191,USA,31.409,295,167,6-4 3-6 6-1,3,R16,94,5,8,76,43,36,17,13,0,1,9,3,87,60,46,8,13,2,5
2016-1768,Tiburon,Hard,32,C,,20160926,22,MP01,,,Michael Mmoh,R,188,USA,18.71,356,126,KE64,6,,Stefan Kozlov,R,183,USA,18.65,152,380,7-5 6-4,3,R16,106,2,2,65,36,26,17,11,2,4,2,4,70,37,22,15,11,10,14
2016-1768,Tiburon,Hard,32,C,,20160926,23,KC12,,,Mitchell Krueger,R,188,USA,22.705,218,250,HB64,8,,Quentin Halys,R,191,FRA,19.918,160,364,6-4 6-4,3,R16,75,2,4,63,39,30,14,10,2,2,4,7,62,24,21,19,10,5,7
2016-1768,Tiburon,Hard,32,C,,20160926,24,MK66,,,Mackenzie McDonald,R,178,USA,21.448,420,102,CE25,,,Salvatore Caruso,R,185,ITA,23.781,350,132,7-6(3) 6-2,3,R16,93,2,2,66,42,30,12,10,2,5,3,2,79,48,28,12,10,4,9
2016-1768,Tiburon,Hard,32,C,,20160926,25,MP01,,,Michael Mmoh,R,188,USA,18.71,356,126,F811,2,,Bjorn Fratangelo,R,183,USA,23.19,109,533,6-0 7-5,3,QF,85,1,3,59,32,24,12,9,4,6,2,1,67,39,20,11,9,9,15
2016-1768,Tiburon,Hard,32,C,,20160926,26,SF62,3,,Tim Smyczek,R,175,USA,28.742,118,512,KC12,,,Mitchell Krueger,R,188,USA,22.705,218,250,6-2 6-4,3,QF,75,6,2,50,29,24,11,9,1,2,2,3,59,36,25,6,9,2,6
2016-1768,Tiburon,Hard,32,C,,20160926,27,MK66,,,Mackenzie McDonald,R,178,USA,21.448,420,102,TD51,4,,Frances Tiafoe,R,188,USA,18.683,121,509,3-6 7-6(5) 7-5,3,QF,141,3,4,114,68,52,19,16,2,6,4,1,112,66,44,24,17,3,7
2016-1768,Tiburon,Hard,32,C,,20160926,28,KC86,,,Darian King,R,188,BAR,24.419,165,352,N674,5,,Dennis Novikov,R,193,USA,22.888,148,388,7-5 6-2,3,QF,81,3,2,72,50,30,13,10,4,6,2,4,60,40,26,6,10,2,7
2016-1768,Tiburon,Hard,32,C,,20160926,29,MP01,,,Michael Mmoh,R,188,USA,18.71,356,126,SF62,3,,Tim Smyczek,R,175,USA,28.742,118,512,2-6 6-3 7-6(6),3,SF,123,3,8,90,48,33,24,15,0,4,5,5,101,53,35,25,14,6,9
2016-1768,Tiburon,Hard,32,C,,20160926,30,KC86,,,Darian King,R,188,BAR,24.419,165,352,MK66,,,Mackenzie McDonald,R,178,USA,21.448,420,102,4-6 7-5 7-5,3,SF,132,2,4,100,58,34,24,17,5,11,4,3,99,59,38,19,17,5,12
2016-1768,Tiburon,Hard,32,C,,20160926,31,KC86,,,Darian King,R,188,BAR,24.419,165,352,MP01,,,Michael Mmoh,R,188,USA,18.71,356,126,7-6(2) 6-2,3,F,98,2,1,65,50,34,10,10,3,5,0,2,63,43,23,10,10,8,12
2016-2273,Orleans,Hard,32,C,,20160926,1,BE54,,,Ruben Bemelmans,L,183,BEL,28.701,234,227,ME89,1,,Illya Marchenko,R,185,UKR,29.051,49,905,6-0 6-4,3,R32,69,4,1,45,25,20,11,8,1,2,3,4,52,32,17,7,8,2,7
2016-2273,Orleans,Hard,32,C,,20160926,2,BA65,2,,Dustin Brown,R,196,JAM,31.8,67,753,B747,,,Julien Benneteau,R,185,FRA,34.768,206,269,7-6(4) 6-4,3,R32,91,11,5,80,49,38,15,11,6,6,5,0,72,38,29,18,11,6,7
2016-2273,Orleans,Hard,32,C,,20160926,3,M850,3,,Paul-Henri Mathieu,R,185,FRA,34.705,68,751,MF09,,,Nikola Mektic,R,183,CRO,27.756,312,155,7-5 1-6 6-2,3,R32,113,6,4,76,29,22,24,14,1,6,8,3,87,47,32,19,13,4,9
2016-2273,Orleans,Hard,32,C,,20160926,4,MM58,,,Daniil Medvedev,R,198,RUS,20.624,136,442,SL28,4,,Jan-Lennard Struff,R,193,GER,26.423,84,659,6-4 6-2,3,R32,64,3,0,50,24,17,14,9,1,3,5,4,60,35,22,7,9,4,9
2016-2273,Orleans,Hard,32,C,,20160926,5,RE44,,,Andrey Rublev,R,188,RUS,18.935,189,297,L797,5,,Lukas Lacko,R,188,SVK,28.898,110,533,6-7(9) 6-4 6-3,3,R32,137,9,5,125,73,56,23,15,9,10,9,7,116,64,48,25,16,6,10
2016-2273,Orleans,Hard,32,C,,20160926,6,GB93,,,Norbert Gombos,R,193,SVK,26.122,284,175,A829,6,,Radu Albot,R,175,MDA,26.875,100,606,7-6(1) 6-2,3,R32,93,4,3,65,34,25,18,10,4,6,0,0,72,49,25,11,10,6,10
2016-2273,Orleans,Hard,32,C,,20160926,7,H996,7,,Pierre-Hugues Herbert,R,188,FRA,25.528,107,550,SD78,,,Alexandre Sidorenko,R,185,FRA,28.605,238,225,6-3 6-4,3,R32,74,9,3,59,30,24,18,10,0,0,1,2,68,37,28,15,9,6,8
2016-2273,Orleans,Hard,32,C,,20160926,8,BC72,,,Daniel Brands,R,196,GER,29.196,168,342,I165,8,,Denis Istomin,R,185,UZB,30.053,124,500,6-2 7-6(7),3,R32,79,7,2,63,38,33,14,10,0,1,7,1,68,38,28,14,10,1,4
2016-2273,Orleans,Hard,32,C,,20160926,9,C582,,,Marco Chiudinelli,R,185,SUI,35.044,125,495,R613,,,Edouard Roger-Vasselin,R,185,FRA,32.83,192,292,6-1 6-4,3,R32,66,4,0,46,28,20,14,9,3,4,4,0,52,29,18,9,8,0,4
2016-2273,Orleans,Hard,32,C,,20160926,10,D632,,,Steve Darcis,R,175,BEL,32.539,117,517,SC77,,,Sergiy Stakhovsky,R,193,UKR,30.721,112,531,7-6(3) 6-1,3,R32,83,3,1,76,57,43,10,10,4,4,7,2,60,33,25,13,9,3,5
2016-2273,Orleans,Hard,32,C,,20160926,11,G967,,,Peter Gojowczyk,R,188,GER,27.201,201,283,D750,,,Kenny De Schepper,L,203,FRA,29.331,139,435,7-6(3) 5-7 7-6(1),3,R32,163,9,4,111,67,48,23,18,0,5,8,13,154,94,61,31,18,16,20
2016-2273,Orleans,Hard,32,C,,20160926,12,K839,,,Tobias Kamke,R,178,GER,30.352,135,446,M762,,,Jurgen Melzer,L,183,AUT,35.348,541,61,6-1 6-1,3,R32,62,3,1,44,29,22,7,7,2,3,3,4,60,32,18,6,7,6,12
2016-2273,Orleans,Hard,32,C,,20160926,13,ME31,,,Vincent Millot,L,173,FRA,30.656,155,375,HA71,,,Antoine Hoang,R,183,FRA,20.895,460,82,3-6 6-3 6-4,3,R32,120,2,6,83,50,32,17,14,2,6,3,2,96,62,38,14,14,9,14
2016-2273,Orleans,Hard,32,C,,20160926,14,N670,,,Hugo Nys,R,183,MON,25.61,396,111,BE67,,,Mirza Basic,R,188,BIH,25.21,164,355,3-6 5-2 RET,3,R32,64,3,4,46,21,13,9,8,2,6,2,4,52,35,21,5,8,4,8
2016-2273,Orleans,Hard,32,C,,20160926,15,PC78,,,Ante Pavic,R,196,CRO,27.556,339,138,BU54,,,Geoffrey Blancaneaux,R,180,FRA,18.136,634,43,6-2 6-2,3,R32,67,6,2,42,29,26,8,8,3,3,3,6,62,28,19,12,8,6,10
2016-2273,Orleans,Hard,32,C,,20160926,16,R419,,,Tommy Robredo,R,180,ESP,34.407,297,165,J397,,,Jerzy Janowicz,R,203,POL,25.87,177,326,3-6 6-3 7-5,3,R32,117,5,3,87,54,37,22,15,5,7,7,6,90,48,38,19,15,3,6
2016-2273,Orleans,Hard,32,C,,20160926,17,BA65,2,,Dustin Brown,R,196,JAM,31.8,67,753,PC78,,,Ante Pavic,R,196,CRO,27.556,339,138,6-2 6-4,3,R16,53,8,2,45,28,23,14,9,1,1,5,1,54,32,22,9,9,2,5
2016-2273,Orleans,Hard,32,C,,20160926,18,C582,,,Marco Chiudinelli,R,185,SUI,35.044,125,495,M850,3,,Paul-Henri Mathieu,R,185,FRA,34.705,68,751,6-1 6-4,3,R16,68,9,4,55,35,28,9,9,1,2,1,4,48,18,11,14,8,2,6
2016-2273,Orleans,Hard,32,C,,20160926,19,H996,7,,Pierre-Hugues Herbert,R,188,FRA,25.528,107,550,R419,,,Tommy Robredo,R,180,ESP,34.407,297,165,4-6 7-6(5) 6-4,3,R16,136,9,3,90,44,38,25,16,2,5,3,5,126,73,55,21,16,6,9
2016-2273,Orleans,Hard,32,C,,20160926,20,BE54,,,Ruben Bemelmans,L,183,BEL,28.701,234,227,ME31,,,Vincent Millot,L,173,FRA,30.656,155,375,6-4 6-4,3,R16,79,4,1,57,31,22,16,10,2,4,0,5,60,35,24,10,10,1,5
2016-2273,Orleans,Hard,32,C,,20160926,21,BC72,,,Daniel Brands,R,196,GER,29.196,168,342,G967,,,Peter Gojowczyk,R,188,GER,27.201,201,283,5-7 6-4 7-6(2),3,R16,140,19,5,126,85,65,17,17,14,16,12,4,110,51,37,34,17,3,5
2016-2273,Orleans,Hard,32,C,,20160926,22,GB93,,,Norbert Gombos,R,193,SVK,26.122,284,175,N670,,,Hugo Nys,R,183,MON,25.61,396,111,6-4 3-6 6-3,3,R16,102,3,10,83,49,38,16,14,3,6,5,2,89,53,40,12,14,5,9
2016-2273,Orleans,Hard,32,C,,20160926,23,MM58,,,Daniil Medvedev,R,198,RUS,20.624,136,442,D632,,,Steve Darcis,R,175,BEL,32.539,117,517,6-1 7-5,3,R16,88,3,3,57,31,21,15,9,3,5,2,3,70,43,25,9,10,5,11
2016-2273,Orleans,Hard,32,C,,20160926,24,RE44,,,Andrey Rublev,R,188,RUS,18.935,189,297,K839,,,Tobias Kamke,R,178,GER,30.352,135,446,6-3 1-6 6-0,3,R16,86,10,4,77,41,29,13,11,5,9,1,4,64,35,19,14,11,5,11
2016-2273,Orleans,Hard,32,C,,20160926,25,GB93,,,Norbert Gombos,R,193,SVK,26.122,284,175,BA65,2,,Dustin Brown,R,196,JAM,31.8,67,753,6-2 6-0,3,QF,45,5,1,43,31,24,6,7,0,0,2,3,47,25,13,7,7,5,10
2016-2273,Orleans,Hard,32,C,,20160926,26,H996,7,,Pierre-Hugues Herbert,R,188,FRA,25.528,107,550,BE54,,,Ruben Bemelmans,L,183,BEL,28.701,234,227,7-6(3) 7-6(10),3,QF,123,14,6,96,51,41,28,12,4,4,3,4,95,58,44,23,12,8,8
2016-2273,Orleans,Hard,32,C,,20160926,27,BC72,,,Daniel Brands,R,196,GER,29.196,168,342,MM58,,,Daniil Medvedev,R,198,RUS,20.624,136,442,6-2 3-6 6-4,3,QF,101,3,5,82,49,35,18,13,5,7,6,6,87,47,35,19,14,5,9
2016-2273,Orleans,Hard,32,C,,20160926,28,RE44,,,Andrey Rublev,R,188,RUS,18.935,189,297,C582,,,Marco Chiudinelli,R,185,SUI,35.044,125,495,3-6 6-2 6-3,3,QF,106,8,2,78,42,31,22,13,4,6,8,3,78,47,32,14,13,2,6
2016-2273,Orleans,Hard,32,C,,20160926,29,H996,7,,Pierre-Hugues Herbert,R,188,FRA,25.528,107,550,BC72,,,Daniel Brands,R,196,GER,29.196,168,342,7-6(1) 6-1,3,SF,71,14,2,52,33,29,11,9,1,2,4,7,66,39,29,6,10,0,4
2016-2273,Orleans,Hard,32,C,,20160926,30,GB93,,,Norbert Gombos,R,193,SVK,26.122,284,175,RE44,,,Andrey Rublev,R,188,RUS,18.935,189,297,6-4 6-2,3,SF,64,3,2,49,28,24,12,9,2,3,2,4,59,22,13,19,9,4,8
2016-2273,Orleans,Hard,32,C,,20160926,31,H996,7,,Pierre-Hugues Herbert,R,188,FRA,25.528,107,550,GB93,,,Norbert Gombos,R,193,SVK,26.122,284,175,7-5 4-6 6-3,3,F,127,17,7,105,55,44,27,16,8,9,15,1,96,66,49,15,15,7,9
2016-252,Medellin,Clay,32,C,,20160926,1,F444,,,Alejandro Falla,L,185,COL,32.868,262,191,E224,1,,Victor Estrella Burgos,R,170,DOM,36.151,76,689,7-6(5) 7-6(7),3,R32,111,4,6,93,54,36,22,12,5,8,6,5,86,53,34,18,12,2,5
2016-252,Medellin,Clay,32,C,,20160926,2,BF23,2,,Facundo Bagnis,L,183,ARG,26.579,92,636,E661,,,Gonzalo Escobar,L,178,ECU,27.682,459,82,3-6 6-3 6-2,3,R32,99,5,5,72,46,35,16,13,2,4,2,1,69,48,29,14,13,2,6
2016-252,Medellin,Clay,32,C,,20160926,3,SC73,3,,Rogerio Dutra Silva,R,178,BRA,32.641,106,562,SN44,,,Bruno Santanna,R,178,BRA,23.209,534,63,6-4 6-1,3,R32,69,2,2,44,30,21,9,8,0,1,2,1,54,26,16,11,9,2,7
2016-252,Medellin,Clay,32,C,,20160926,4,O376,4,,Renzo Olivo,R,178,ARG,24.534,102,593,LF26,,,Orlando Luz,R,180,BRA,18.631,599,50,6-4 4-6 6-3,3,R32,111,6,11,93,56,42,19,15,5,7,7,5,77,37,28,23,14,4,7
2016-252,Medellin,Clay,32,C,,20160926,5,SG64,5,,Joao Souza,R,193,BRA,28.334,122,509,CG84,,,Gregorio Cordonnier,R,198,COL,20.649,1030,10,6-7(5) 6-3 6-2,3,R32,123,8,3,87,57,51,17,15,3,3,9,6,90,43,33,26,14,4,7
2016-252,Medellin,Clay,32,C,,20160926,6,G725,6,,Santiago Giraldo,R,188,COL,28.832,129,475,MJ88,,,Felipe Mantilla,R,185,COL,23.381,644,41,6-1 6-2,3,R32,52,3,1,36,21,19,9,7,0,0,1,2,52,33,20,4,8,4,9
2016-252,Medellin,Clay,32,C,,20160926,7,KC29,7,,Nicolas Kicker,R,178,ARG,24.112,134,455,R960,,,Fernando Romboli,R,180,BRA,27.726,560,58,3-6 7-6(5) 7-6(7),3,R32,128,4,2,92,60,48,21,16,0,1,16,3,110,75,57,20,17,0,0
2016-252,Medellin,Clay,32,C,,20160926,8,G892,8,,Alejandro Gonzalez,R,191,COL,27.633,167,347,BC76,,,Nicolas Barrientos,R,175,COL,29.426,358,126,6-2 6-2,3,R32,72,5,2,55,35,25,11,8,9,10,0,6,54,35,19,5,8,7,12
2016-252,Medellin,Clay,32,C,,20160926,9,E720,,,Adam El Mihdawy,,,USA,27.132,355,127,GE33,,,Daniel Elahi Galan,R,191,COL,20.274,531,64,6-4 6-3,3,R32,71,6,4,63,37,29,14,10,1,2,2,2,56,34,24,8,9,2,5
2016-252,Medellin,Clay,32,C,,20160926,10,G602,,,Andre Ghem,R,193,BRA,34.33,227,237,MM24,,,Bastian Malla,,,CHI,20.011,415,105,6-2 6-3,3,R32,58,5,1,44,38,32,2,8,0,0,1,3,71,41,25,11,9,6,10
2016-252,Medellin,Clay,32,C,,20160926,11,H896,,,Jose Hernandez-Fernandez,R,183,DOM,26.541,250,212,LB07,,,Gonzalo Lama,R,180,CHI,23.417,181,321,W/O,3,R32,,,,,,,,,,,,,,,,,,,
2016-252,Medellin,Clay,32,C,,20160926,12,MJ98,,,Facundo Mena,R,183,ARG,24.011,379,116,LB84,,,Juan Ignacio Londero,R,180,ARG,23.116,304,160,3-6 7-6(9) 7-5,3,R32,149,17,7,107,51,45,29,16,5,7,6,6,125,73,50,32,17,11,13
2016-252,Medellin,Clay,32,C,,20160926,13,SG29,,,Nicolas Santos,R,183,BRA,28.726,941,14,HH08,,,Sergio Luis Hernandez Ramirez,R,175,COL,17.081,1753,1,4-6 6-2 6-1,3,R32,111,1,9,92,57,36,21,13,9,11,2,2,71,42,24,14,12,2,7
2016-252,Medellin,Clay,32,C,,20160926,14,SI36,,,Eduardo Struvay,R,,COL,25.777,194,288,PC09,,,Jose Pereira,R,180,BRA,25.667,425,100,6-3 6-4,3,R32,57,12,0,47,36,31,9,10,0,0,4,3,52,26,19,13,9,3,5
2016-252,Medellin,Clay,32,C,,20160926,15,Z198,,,Caio Zampieri,R,183,BRA,30.335,352,130,LA94,,,Christian Lindell,R,193,SWE,24.851,385,114,6-3 6-3,3,R32,59,5,3,49,35,32,6,9,4,4,6,4,61,33,21,13,9,2,5
2016-252,Medellin,Clay,32,C,,20160926,16,Z363,,,Marcelo Zormann,R,180,BRA,20.296,596,51,CC66,,,Andrea Collarini,L,183,ARG,24.654,353,128,6-3 2-6 6-4,3,R32,116,3,5,81,49,39,17,14,6,8,3,9,81,42,34,19,13,2,4
2016-252,Medellin,Clay,32,C,,20160926,17,BF23,2,,Facundo Bagnis,L,183,ARG,26.579,92,636,Z363,,,Marcelo Zormann,R,180,BRA,20.296,596,51,6-3 6-4,3,R16,70,9,4,49,29,25,15,10,0,0,4,3,56,31,22,15,9,4,6
2016-252,Medellin,Clay,32,C,,20160926,18,SC73,3,,Rogerio Dutra Silva,R,178,BRA,32.641,106,562,MJ98,,,Facundo Mena,R,183,ARG,24.011,379,116,7-6(4) 4-6 6-2,3,R16,129,7,3,94,56,42,25,15,3,4,15,0,90,44,34,24,15,2,4
2016-252,Medellin,Clay,32,C,,20160926,19,H896,,,Jose Hernandez-Fernandez,R,183,DOM,26.541,250,212,O376,4,,Renzo Olivo,R,178,ARG,24.534,102,593,6-4 4-6 6-4,3,R16,124,2,6,101,61,40,17,15,11,16,2,4,84,47,29,18,15,2,8
2016-252,Medellin,Clay,32,C,,20160926,20,SG64,5,,Joao Souza,R,193,BRA,28.334,122,509,E720,,,Adam El Mihdawy,,,USA,27.132,355,127,6-2 6-3,3,R16,58,4,1,46,25,24,12,9,0,0,8,4,43,20,15,8,8,2,5
2016-252,Medellin,Clay,32,C,,20160926,21,G725,6,,Santiago Giraldo,R,188,COL,28.832,129,475,SG29,,,Nicolas Santos,R,183,BRA,28.726,941,14,6-3 6-3,3,R16,75,7,2,51,26,21,15,9,2,3,0,4,51,36,24,3,9,3,7
2016-252,Medellin,Clay,32,C,,20160926,22,SI36,,,Eduardo Struvay,R,,COL,25.777,194,288,KC29,7,,Nicolas Kicker,R,178,ARG,24.112,134,455,6-4 7-6(5),3,R16,91,22,2,69,41,36,17,11,1,1,0,2,76,49,36,15,11,4,5
2016-252,Medellin,Clay,32,C,,20160926,23,Z198,,,Caio Zampieri,R,183,BRA,30.335,352,130,G892,8,,Alejandro Gonzalez,R,191,COL,27.633,167,347,7-5 6-4,3,R16,93,3,2,64,41,30,12,11,2,4,3,2,81,45,26,19,11,6,10
2016-252,Medellin,Clay,32,C,,20160926,24,F444,,,Alejandro Falla,L,185,COL,32.868,262,191,G602,,,Andre Ghem,R,193,BRA,34.33,227,237,6-3 7-6(3),3,R16,87,2,2,79,46,32,23,11,1,1,4,5,64,32,29,16,10,3,4
2016-252,Medellin,Clay,32,C,,20160926,25,BF23,2,,Facundo Bagnis,L,183,ARG,26.579,92,636,G725,6,,Santiago Giraldo,R,188,COL,28.832,129,475,6-3 2-6 6-4,3,QF,98,4,5,79,44,33,18,14,4,7,5,2,65,33,25,22,13,2,5
2016-252,Medellin,Clay,32,C,,20160926,26,SC73,3,,Rogerio Dutra Silva,R,178,BRA,32.641,106,562,SI36,,,Eduardo Struvay,R,,COL,25.777,194,288,6-7(8) 6-3 6-2,3,QF,140,8,3,101,71,54,19,15,5,5,9,3,102,54,37,26,14,3,6
2016-252,Medellin,Clay,32,C,,20160926,27,SG64,5,,Joao Souza,R,193,BRA,28.334,122,509,H896,,,Jose Hernandez-Fernandez,R,183,DOM,26.541,250,212,6-0 7-5,3,QF,82,4,2,54,33,29,11,9,3,3,1,3,63,48,27,5,9,5,9
2016-252,Medellin,Clay,32,C,,20160926,28,Z198,,,Caio Zampieri,R,183,BRA,30.335,352,130,F444,,,Alejandro Falla,L,185,COL,32.868,262,191,7-6(3) 6-7(2) 6-2,3,QF,137,9,0,105,68,46,22,16,5,8,2,6,120,67,46,25,16,10,15
2016-252,Medellin,Clay,32,C,,20160926,29,BF23,2,,Facundo Bagnis,L,183,ARG,26.579,92,636,SG64,5,,Joao Souza,R,193,BRA,28.334,122,509,5-7 6-2 6-2,3,SF,120,7,6,82,48,36,23,14,3,4,6,2,78,46,30,19,14,2,6
2016-252,Medellin,Clay,32,C,,20160926,30,Z198,,,Caio Zampieri,R,183,BRA,30.335,352,130,SC73,3,,Rogerio Dutra Silva,R,178,BRA,32.641,106,562,3-6 7-6(8) 6-2,3,SF,122,2,2,90,62,41,16,14,2,5,3,8,85,44,37,17,15,2,6
2016-252,Medellin,Clay,32,C,,20160926,31,BF23,2,,Facundo Bagnis,L,183,ARG,26.579,92,636,Z198,,,Caio Zampieri,R,183,BRA,30.335,352,130,6-7(3) 7-5 6-2,3,F,135,3,6,85,39,31,31,16,0,1,7,3,110,69,47,19,16,8,12
2016-7025,Mohammedia,Clay,32,C,,20161008,1,D923,1,,Damir Dzumhur,R,175,BIH,24.386,77,704,SO86,,,Robin Stanek,L,188,CZE,21.763,269,187,6-1 6-3,3,R32,69,2,0,39,27,19,10,8,0,1,0,2,70,51,25,8,8,8,13
2016-7025,Mohammedia,Clay,32,C,,20161008,2,MI43,2,,Gerald Melzer,L,188,AUT,26.24,87,655,GD64,,,Cristian Garin,R,185,CHI,20.359,260,195,6-2 6-1,3,R32,63,4,1,51,31,22,13,7,3,3,3,3,52,30,18,7,8,3,8
2016-7025,Mohammedia,Clay,32,C,,20161008,3,G676,3,,Daniel Gimeno-Traver,R,183,ESP,31.17,116,523,AF32,,,Amine Ahouda,R,185,MAR,19.075,728,31,6-0 6-1,3,R32,55,0,2,44,29,20,11,7,1,1,1,4,50,31,13,6,6,6,11
2016-7025,Mohammedia,Clay,32,C,,20161008,4,CF59,4,,Roberto Carballes Baena,R,183,ESP,23.546,126,490,I201,,,Yassine Idmbarek,,,MAR,29.837,978,12,6-0 RET,3,R32,23,2,0,17,10,8,4,3,0,0,0,1,21,15,5,1,3,1,4
2016-7025,Mohammedia,Clay,32,C,,20161008,5,MF35,5,,Andrej Martin,R,183,SVK,27.05,121,501,N679,,,Stefano Napolitano,R,196,ITA,21.495,224,244,7-6(2) 6-2,3,R32,100,1,8,77,49,31,11,10,4,8,2,0,62,37,24,5,10,5,11
2016-7025,Mohammedia,Clay,32,C,,20161008,6,DB63,,,Laslo Djere,R,188,SRB,21.352,174,333,D981,6,,Arthur De Greef,R,183,BEL,24.534,138,421,6-0 6-4,3,R32,67,2,2,54,26,18,17,8,7,8,0,2,47,24,14,7,8,3,8
2016-7025,Mohammedia,Clay,32,C,,20161008,7,D776,7,,Thiemo de Bakker,R,193,NED,28.052,148,399,DB59,,,Dennis Novak,R,183,AUT,23.113,230,232,3-6 6-4 7-6(8),3,R32,121,11,5,108,57,44,22,15,6,10,3,10,107,61,40,22,16,3,7
2016-7025,Mohammedia,Clay,32,C,,20161008,8,R383,8,,Ruben Ramirez Hidalgo,R,183,ESP,38.754,140,420,J400,,,Jeremy Jahn,R,178,GER,26.511,252,205,6-2 6-2,3,R32,61,4,3,40,22,18,12,8,2,3,0,1,50,28,15,9,8,3,8
2016-7025,Mohammedia,Clay,32,C,,20161008,9,I236,,,Uladzimir Ignatik,R,183,BLR,26.237,205,268,D916,,,Steven Diez,R,175,CAN,25.563,163,356,6-4 7-5,3,R32,109,11,2,70,41,33,15,11,12,13,1,2,77,45,29,18,11,4,7
2016-7025,Mohammedia,Clay,32,C,,20161008,10,MQ75,,,Kamil Majchrzak,R,183,POL,20.736,276,181,KD70,,,Pedja Krstin,R,183,SRB,22.097,193,288,6-3 7-6(1),3,R32,112,2,2,71,34,20,17,10,3,8,2,7,77,36,21,14,11,2,9
2016-7025,Mohammedia,Clay,32,C,,20161008,11,PG20,,,Dmitry Popko,R,191,KAZ,19.956,246,218,Z246,,,Miljan Zekic,R,185,SRB,28.241,203,269,6-3 6-2,3,R32,71,1,3,57,29,22,18,9,1,1,4,2,50,26,19,10,8,2,5
2016-7025,Mohammedia,Clay,32,C,,20161008,12,RB60,,,Oriol Roca Batalla,R,175,ESP,23.441,308,154,J620,,,Maxime Janvier,R,196,FRA,19.973,363,124,6-4 6-1,3,R32,65,2,1,53,31,27,11,9,3,3,2,3,53,37,24,6,8,3,6
2016-7025,Mohammedia,Clay,32,C,,20161008,13,RH16,,,Casper Ruud,R,183,NOR,17.796,259,195,O449,,,Oscar Otte,R,193,GER,23.231,491,73,6-2 6-1,3,R32,53,1,3,48,23,17,17,8,0,0,2,2,46,27,14,7,7,3,7
2016-7025,Mohammedia,Clay,32,C,,20161008,14,TE51,,,Stefanos Tsitsipas,R,193,GRE,18.157,313,152,SK47,,,Mohamed Safwat,R,180,EGY,26.053,200,276,7-6(3) 6-7(4) 6-4,3,R32,147,7,1,114,61,48,35,17,4,4,3,4,114,75,55,24,17,4,5
2016-7025,Mohammedia,Clay,32,C,,20161008,15,Y218,,,Elias Ymer,R,185,SWE,20.496,154,384,J399,,,Mehdi Jdi,,,MAR,27.819,1242,5,6-3 6-2,3,R32,61,5,4,52,24,21,15,9,1,2,1,3,46,27,16,7,8,3,7
2016-7025,Mohammedia,Clay,32,C,,20161008,16,Y268,,,Mikael Ymer,R,185,SWE,18.081,506,68,SH91,,,Jordi Samper-Montana,R,,ESP,26.511,197,279,1-6 6-1 6-2,3,R32,97,2,3,61,37,28,7,11,4,8,2,1,67,44,23,9,11,3,9
2016-7025,Mohammedia,Clay,32,C,,20161008,17,D923,1,,Damir Dzumhur,R,175,BIH,24.386,77,704,Y268,,,Mikael Ymer,R,185,SWE,18.081,506,68,6-3 6-3,3,R16,63,0,0,49,32,23,10,9,1,3,1,3,48,33,16,5,9,2,7
2016-7025,Mohammedia,Clay,32,C,,20161008,18,MI43,2,,Gerald Melzer,L,188,AUT,26.24,87,655,RH16,,,Casper Ruud,R,183,NOR,17.796,259,195,6-1 6-0,3,R16,55,2,3,40,31,26,2,6,3,3,0,6,48,22,11,6,7,3,9
2016-7025,Mohammedia,Clay,32,C,,20161008,19,G676,3,,Daniel Gimeno-Traver,R,183,ESP,31.17,116,523,PG20,,,Dmitry Popko,R,191,KAZ,19.956,246,218,6-4 6-2,3,R16,73,4,2,51,35,26,7,9,1,3,0,7,60,29,15,13,9,4,9
2016-7025,Mohammedia,Clay,32,C,,20161008,20,CF59,4,,Roberto Carballes Baena,R,183,ESP,23.546,126,490,Y218,,,Elias Ymer,R,185,SWE,20.496,154,384,6-2 6-1,3,R16,73,3,0,54,37,25,12,8,5,5,1,7,45,22,12,9,7,6,10
2016-7025,Mohammedia,Clay,32,C,,20161008,21,MF35,5,,Andrej Martin,R,183,SVK,27.05,121,501,RB60,,,Oriol Roca Batalla,R,175,ESP,23.441,308,154,6-4 6-3,3,R16,97,2,1,61,40,30,8,9,4,6,1,1,66,39,21,12,10,2,7
2016-7025,Mohammedia,Clay,32,C,,20161008,22,MQ75,,,Kamil Majchrzak,R,183,POL,20.736,276,181,D776,7,,Thiemo de Bakker,R,193,NED,28.052,148,399,6-3 3-6 6-3,3,R16,99,8,7,88,54,39,16,14,4,7,5,2,79,38,28,17,13,4,8
2016-7025,Mohammedia,Clay,32,C,,20161008,23,TE51,,,Stefanos Tsitsipas,R,193,GRE,18.157,313,152,R383,8,,Ruben Ramirez Hidalgo,R,183,ESP,38.754,140,420,2-6 6-3 6-2,3,R16,110,11,2,81,42,31,19,13,2,5,2,3,79,49,28,16,12,3,7
2016-7025,Mohammedia,Clay,32,C,,20161008,24,I236,,,Uladzimir Ignatik,R,183,BLR,26.237,205,268,DB63,,,Laslo Djere,R,188,SRB,21.352,174,333,6-3 6-2,3,R16,70,2,0,41,28,21,9,8,0,1,0,0,50,31,18,4,9,1,6
2016-7025,Mohammedia,Clay,32,C,,20161008,25,MQ75,,,Kamil Majchrzak,R,183,POL,20.736,276,181,D923,1,,Damir Dzumhur,R,175,BIH,24.386,77,704,6-4 3-6 6-1,3,QF,126,3,3,101,60,39,21,13,9,12,6,1,90,57,32,19,13,5,10
2016-7025,Mohammedia,Clay,32,C,,20161008,26,MI43,2,,Gerald Melzer,L,188,AUT,26.24,87,655,MF35,5,,Andrej Martin,R,183,SVK,27.05,121,501,6-3 6-1,3,QF,66,1,0,55,45,31,7,8,5,5,3,2,41,29,14,6,8,1,5
2016-7025,Mohammedia,Clay,32,C,,20161008,27,TE51,,,Stefanos Tsitsipas,R,193,GRE,18.157,313,152,G676,3,,Daniel Gimeno-Traver,R,183,ESP,31.17,116,523,4-6 5-3 RET,3,QF,70,7,3,60,37,26,15,9,5,6,1,2,52,40,28,6,9,0,1
2016-7025,Mohammedia,Clay,32,C,,20161008,28,I236,,,Uladzimir Ignatik,R,183,BLR,26.237,205,268,CF59,4,,Roberto Carballes Baena,R,183,ESP,23.546,126,490,6-1 6-4,3,QF,69,10,1,53,33,27,10,9,1,2,0,0,43,24,15,8,8,1,5
2016-7025,Mohammedia,Clay,32,C,,20161008,29,MI43,2,,Gerald Melzer,L,188,AUT,26.24,87,655,I236,,,Uladzimir Ignatik,R,183,BLR,26.237,205,268,6-2 7-5,3,SF,92,3,2,65,42,28,16,10,2,3,5,3,77,54,31,11,10,5,9
2016-7025,Mohammedia,Clay,32,C,,20161008,30,TE51,,,Stefanos Tsitsipas,R,193,GRE,18.157,313,152,MQ75,,,Kamil Majchrzak,R,183,POL,20.736,276,181,7-6(4) 6-4,3,SF,96,6,2,84,48,34,19,11,3,5,1,3,68,35,23,19,11,1,4
2016-7025,Mohammedia,Clay,32,C,,20161008,31,MI43,2,,Gerald Melzer,L,188,AUT,26.24,87,655,TE51,,,Stefanos Tsitsipas,R,193,GRE,18.157,313,152,3-6 6-3 6-2,3,F,104,3,3,73,50,41,13,13,3,4,9,1,82,47,35,13,13,5,8
2016-3350,Mons,Hard,32,C,,20161009,1,ME89,,,Illya Marchenko,R,185,UKR,29.087,49,880,I165,,,Denis Istomin,R,185,UZB,30.089,123,500,7-6(7) 6-3,3,R32,104,7,2,72,41,33,14,11,3,5,4,1,74,57,36,7,10,5,8
2016-3350,Mons,Hard,32,C,,20161009,2,M762,,,Jurgen Melzer,L,183,AUT,35.384,540,61,BA65,2,,Dustin Brown,R,196,JAM,31.836,65,778,3-6 6-2 7-6(4),3,R32,99,2,2,84,61,45,13,14,2,4,12,6,105,58,39,26,15,11,14
2016-3350,Mons,Hard,32,C,,20161009,3,M850,3,,Paul-Henri Mathieu,R,185,FRA,34.741,71,736,A789,,,Maxime Authom,R,,BEL,29.533,359,124,1-6 6-3 6-3,3,R32,101,4,5,86,39,25,21,13,3,8,9,0,71,47,32,7,12,6,11
2016-3350,Mons,Hard,32,C,,20161009,4,CA12,4,,Jeremy Chardy,R,188,FRA,29.656,78,690,K839,,,Tobias Kamke,R,178,GER,30.387,133,450,6-3 6-4,3,R32,68,10,4,58,32,28,13,10,1,2,1,4,50,32,22,6,9,3,6
2016-3350,Mons,Hard,32,C,,20161009,5,BE90,5,,Ricardas Berankis,R,175,LTU,26.303,80,685,F724,,,Marton Fucsovics,R,188,HUN,24.668,149,391,7-6(13) 6-2,3,R32,95,4,1,78,53,39,10,10,7,9,10,5,76,45,27,15,10,6,10
2016-3350,Mons,Hard,32,C,,20161009,6,SL28,6,,Jan-Lennard Struff,R,193,GER,26.459,109,544,BK24,,,Gregoire Barrere,R,183,FRA,22.645,215,254,6-3 3-6 6-2,3,R32,87,11,5,73,35,31,20,13,2,3,4,1,92,58,40,14,13,6,9
2016-3350,Mons,Hard,32,C,,20161009,7,GB93,,,Norbert Gombos,R,193,SVK,26.157,218,250,D646,7,,Ivan Dodig,R,183,CRO,31.767,93,642,6-3 7-5,3,R32,89,6,0,56,43,32,8,10,1,2,8,3,74,44,26,16,11,8,12
2016-3350,Mons,Hard,32,C,,20161009,8,A829,8,,Radu Albot,R,175,MDA,26.91,101,592,BE54,,,Ruben Bemelmans,L,183,BEL,28.736,226,235,6-4 7-5,3,R32,87,2,2,55,36,28,10,11,1,3,5,3,75,47,34,9,11,7,11
2016-3350,Mons,Hard,32,C,,20161009,9,BC72,,,Daniel Brands,R,196,GER,29.232,152,387,CG33,,,Kimmer Coppejans,R,178,BEL,22.669,159,374,6-3 6-2,3,R32,64,9,3,62,45,35,8,9,5,5,3,3,51,32,22,6,8,3,6
2016-3350,Mons,Hard,32,C,,20161009,10,C582,,,Marco Chiudinelli,R,185,SUI,35.08,124,495,D632,,,Steve Darcis,R,175,BEL,32.575,115,527,6-3 6-4,3,R32,81,3,0,58,27,22,19,10,1,2,7,2,56,36,25,7,9,0,3
2016-3350,Mons,Hard,32,C,,20161009,11,D750,,,Kenny De Schepper,L,203,FRA,29.366,150,390,I305,,,Ilya Ivashka,R,193,BLR,22.623,169,338,7-6(5) 3-6 6-4,3,R32,141,7,3,92,65,44,14,15,2,5,9,7,111,68,48,18,16,2,5
2016-3350,Mons,Hard,32,C,,20161009,12,J397,,,Jerzy Janowicz,R,203,POL,25.906,216,251,L797,,,Lukas Lacko,R,188,SVK,28.934,114,529,6-4 6-4,3,R32,62,8,2,57,43,35,5,10,1,2,3,1,48,26,21,11,10,0,3
2016-3350,Mons,Hard,32,C,,20161009,13,MG54,,,Yann Marti,R,170,SUI,28.339,426,98,D917,,,Sadio Doumbia,R,183,FRA,26.075,390,111,6-1 6-2,3,R32,55,1,0,39,23,15,11,7,1,2,1,3,44,31,15,3,8,0,6
2016-3350,Mons,Hard,32,C,,20161009,14,MM58,,,Daniil Medvedev,R,198,RUS,20.66,130,461,GF08,,,Clement Geens,R,178,BEL,20.58,278,181,6-4 6-1,3,R32,66,6,1,43,25,20,14,8,1,1,3,7,75,46,29,11,9,9,13
2016-3350,Mons,Hard,32,C,,20161009,15,ME31,,,Vincent Millot,L,173,FRA,30.691,158,375,TB20,,,Maxime Tabatruong,R,180,FRA,27.042,591,52,6-4 6-7(6) 6-3,3,R32,135,2,5,109,62,40,28,16,5,7,7,4,88,49,32,21,15,5,9
2016-3350,Mons,Hard,32,C,,20161009,16,RE44,,,Andrey Rublev,R,188,RUS,18.971,172,334,RA82,,,Yannik Reuter,R,,BEL,25.596,250,215,6-4 7-5,3,R32,73,9,2,64,37,28,12,11,3,5,5,3,60,30,24,14,11,0,4
2016-3350,Mons,Hard,32,C,,20161009,17,ME31,,,Vincent Millot,L,173,FRA,30.691,158,375,ME89,,,Illya Marchenko,R,185,UKR,29.087,49,880,2-6 6-2 7-6(0),3,R16,131,4,3,90,44,30,29,14,0,3,8,4,96,64,42,15,14,5,8
2016-3350,Mons,Hard,32,C,,20161009,18,M850,3,,Paul-Henri Mathieu,R,185,FRA,34.741,71,736,MG54,,,Yann Marti,R,170,SUI,28.339,426,98,6-2 6-3,3,R16,76,0,1,70,35,26,20,9,5,5,5,3,49,28,15,13,8,3,6
2016-3350,Mons,Hard,32,C,,20161009,19,RE44,,,Andrey Rublev,R,188,RUS,18.971,172,334,CA12,4,,Jeremy Chardy,R,188,FRA,29.656,78,690,6-4 2-6 6-4,3,R16,95,10,4,79,51,41,14,14,1,3,16,3,85,57,43,14,14,4,6
2016-3350,Mons,Hard,32,C,,20161009,20,BE90,5,,Ricardas Berankis,R,175,LTU,26.303,80,685,J397,,,Jerzy Janowicz,R,203,POL,25.906,216,251,7-5 7-6(4),3,R16,110,9,3,90,62,46,13,12,8,10,9,2,91,62,44,10,12,9,12
2016-3350,Mons,Hard,32,C,,20161009,21,SL28,6,,Jan-Lennard Struff,R,193,GER,26.459,109,544,C582,,,Marco Chiudinelli,R,185,SUI,35.08,124,495,6-7(8) 6-4 6-3,3,R16,151,11,3,112,50,43,33,15,6,7,11,1,119,81,51,20,16,9,13
2016-3350,Mons,Hard,32,C,,20161009,22,BC72,,,Daniel Brands,R,196,GER,29.232,152,387,A829,8,,Radu Albot,R,175,MDA,26.91,101,592,6-4 6-4,3,R16,73,7,3,62,41,30,11,10,1,2,2,2,55,32,21,12,10,3,6
2016-3350,Mons,Hard,32,C,,20161009,23,MM58,,,Daniil Medvedev,R,198,RUS,20.66,130,461,GB93,,,Norbert Gombos,R,193,SVK,26.157,218,250,6-3 7-6(8),3,R16,96,4,5,76,45,34,21,11,3,3,6,3,91,60,44,14,10,7,8
2016-3350,Mons,Hard,32,C,,20161009,24,M762,,,Jurgen Melzer,L,183,AUT,35.384,540,61,D750,,,Kenny De Schepper,L,203,FRA,29.366,150,390,6-2 7-6(3),3,R16,81,3,0,70,58,40,7,10,4,5,7,4,66,42,27,11,10,5,8
2016-3350,Mons,Hard,32,C,,20161009,25,SL28,6,,Jan-Lennard Struff,R,193,GER,26.459,109,544,M850,3,,Paul-Henri Mathieu,R,185,FRA,34.741,71,736,7-5 6-4,3,QF,76,10,3,63,30,24,20,11,1,3,4,4,64,27,22,12,11,3,7
2016-3350,Mons,Hard,32,C,,20161009,26,ME31,,,Vincent Millot,L,173,FRA,30.691,158,375,BE90,5,,Ricardas Berankis,R,175,LTU,26.303,80,685,6-4 6-4,3,QF,85,4,2,69,41,32,13,10,6,7,3,3,69,46,33,7,10,5,8
2016-3350,Mons,Hard,32,C,,20161009,27,BC72,,,Daniel Brands,R,196,GER,29.232,152,387,RE44,,,Andrey Rublev,R,188,RUS,18.971,172,334,7-6(9) 6-3,3,QF,81,4,5,69,43,36,15,11,0,1,12,6,67,35,29,18,10,3,5
2016-3350,Mons,Hard,32,C,,20161009,28,MM58,,,Daniil Medvedev,R,198,RUS,20.66,130,461,M762,,,Jurgen Melzer,L,183,AUT,35.384,540,61,6-1 6-0,3,QF,57,5,1,40,27,20,5,6,5,6,1,1,43,23,9,3,7,3,10
2016-3350,Mons,Hard,32,C,,20161009,29,SL28,6,,Jan-Lennard Struff,R,193,GER,26.459,109,544,MM58,,,Daniil Medvedev,R,198,RUS,20.66,130,461,7-6(2) 7-6(5),3,SF,89,11,2,75,46,39,13,12,1,3,3,1,79,47,32,17,12,2,4
2016-3350,Mons,Hard,32,C,,20161009,30,ME31,,,Vincent Millot,L,173,FRA,30.691,158,375,BC72,,,Daniel Brands,R,196,GER,29.232,152,387,6-4 6-4,3,SF,68,2,1,55,34,28,14,10,0,0,7,2,55,38,27,11,10,1,3
2016-3350,Mons,Hard,32,C,,20161009,31,SL28,6,,Jan-Lennard Struff,R,193,GER,26.459,109,544,ME31,,,Vincent Millot,L,173,FRA,30.691,158,375,6-2 6-0,3,F,48,7,1,37,18,15,14,7,1,1,0,2,52,35,18,4,7,6,11
2016-3351,Stockton,Hard,32,C,,20161009,1,DA86,,,Joris De Loore,R,191,BEL,23.469,187,301,F811,1,,Bjorn Fratangelo,R,183,USA,23.225,112,533,3-6 6-3 7-5,3,R32,131,5,7,99,63,42,14,15,5,9,5,0,91,60,39,14,15,6,11
2016-3351,Stockton,Hard,32,C,,20161009,2,SF62,2,,Tim Smyczek,R,175,USA,28.778,134,447,Z189,,,Grega Zemlja,R,183,SLO,30.029,162,361,6-4 3-6 6-1,3,R32,100,8,4,79,41,37,18,13,3,4,6,3,76,44,30,16,13,2,5
2016-3351,Stockton,Hard,32,C,,20161009,3,TD51,3,,Frances Tiafoe,R,188,USA,18.719,117,519,RA51,,,Blaz Rola,L,193,SLO,26.012,208,265,3-6 7-5 6-3,3,R32,128,9,4,112,80,55,15,15,8,10,5,3,99,61,40,20,15,3,6
2016-3351,Stockton,Hard,32,C,,20161009,4,A853,,,Marcelo Arevalo,R,191,ESA,25.979,198,279,G725,4,,Santiago Giraldo,R,188,COL,28.868,127,484,6-3 2-6 6-4,3,R32,115,2,5,96,59,37,19,14,9,13,1,2,72,45,29,15,13,1,5
2016-3351,Stockton,Hard,32,C,,20161009,5,KB09,5,,Denis Kudla,R,180,USA,24.145,141,416,MG84,,,Nicolas Meister,R,180,USA,27.403,323,147,7-6(7) 6-2,3,R32,117,14,6,78,44,34,14,10,4,6,0,1,65,44,24,9,10,1,5
2016-3351,Stockton,Hard,32,C,,20161009,6,G983,6,,Alessandro Giannessi,L,185,ITA,26.363,144,407,CF08,,,Jose Chamba Gomez,,,ECU,20.923,1859,1,6-1 6-4,3,R32,59,3,2,46,37,31,5,9,0,0,3,3,53,32,21,9,8,4,7
2016-3351,Stockton,Hard,32,C,,20161009,7,CE25,,,Salvatore Caruso,R,185,ITA,23.817,326,145,N674,7,,Dennis Novikov,R,193,USA,22.924,147,399,6-2 6-3,3,R32,62,1,3,44,28,19,10,8,1,3,1,4,58,39,22,5,9,3,9
2016-3351,Stockton,Hard,32,C,,20161009,8,K964,,,Brydan Klein,R,188,GBR,26.773,349,129,HB64,8,,Quentin Halys,R,191,FRA,19.953,170,337,2-6 6-4 6-1,3,R32,102,3,2,75,49,31,16,12,3,5,4,4,87,48,32,20,13,3,7
2016-3351,Stockton,Hard,32,C,,20161009,9,BA23,,,Brian Baker,R,191,USA,31.444,284,175,PB22,,,Peter Polansky,R,183,CAN,28.318,161,364,7-6(3) 3-6 7-5,3,R32,155,8,2,95,63,43,17,16,2,6,7,0,120,68,47,24,17,3,7
2016-3351,Stockton,Hard,32,C,,20161009,10,D499,,,Frank Dancevic,R,185,CAN,32.036,267,189,PL56,,,Tommy Paul,R,185,USA,19.398,237,227,6-2 6-2,3,R32,55,5,3,49,27,24,9,8,2,3,1,2,49,34,19,4,8,4,9
2016-3351,Stockton,Hard,32,C,,20161009,11,KC86,,,Darian King,R,188,BAR,24.454,135,447,BH02,,,Sekou Bangoura,R,183,USA,24.893,243,221,6-0 6-3,3,R32,68,0,1,55,36,24,11,8,6,7,0,2,46,29,14,4,7,4,9
2016-3351,Stockton,Hard,32,C,,20161009,12,MK66,,,Mackenzie McDonald,R,178,USA,21.484,371,119,V09L,,,Sem Verbeek,L,193,NED,22.494,,,6-2 6-2,3,R32,65,2,2,49,36,27,8,8,1,1,2,4,60,33,21,9,8,3,7
2016-3351,Stockton,Hard,32,C,,20161009,13,MP01,,,Michael Mmoh,R,188,USA,18.746,264,191,G892,,,Alejandro Gonzalez,R,191,COL,27.669,189,300,6-3 6-1,3,R32,70,3,2,52,29,24,11,8,3,4,0,2,47,29,14,7,8,4,9
2016-3351,Stockton,Hard,32,C,,20161009,14,N563,,,Dennis Nevolo,R,,USA,26.798,549,60,N390,,,Frederik Nielsen,R,188,DEN,33.12,420,100,6-4 6-2,3,R32,89,2,4,56,25,18,17,9,2,4,1,3,74,36,20,16,9,11,16
2016-3351,Stockton,Hard,32,C,,20161009,15,N555,,,Daniel Nguyen,R,173,USA,25.982,245,218,BF55,,,Yuki Bhambri,R,185,IND,24.266,283,176,2-6 6-4 6-3,3,R32,137,1,5,94,57,29,16,13,6,13,0,6,89,58,32,14,13,5,12
2016-3351,Stockton,Hard,32,C,,20161009,16,RC96,,,Noah Rubin,R,175,USA,20.632,192,292,CC32,,,Guilherme Clezar,R,180,BRA,23.773,201,270,2-6 6-3 6-3,3,R32,99,3,2,73,48,34,14,13,2,5,3,6,79,53,32,14,13,4,8
2016-3351,Stockton,Hard,32,C,,20161009,17,MK66,,,Mackenzie McDonald,R,178,USA,21.484,371,119,SF62,2,,Tim Smyczek,R,175,USA,28.778,134,447,6-4 6-4,3,R16,78,0,2,64,37,29,11,10,3,5,2,2,55,25,16,15,10,3,7
2016-3351,Stockton,Hard,32,C,,20161009,18,TD51,3,,Frances Tiafoe,R,188,USA,18.719,117,519,N563,,,Dennis Nevolo,R,,USA,26.798,549,60,7-6(6) 6-3,3,R16,101,1,2,78,43,34,17,10,4,5,7,3,79,40,32,17,11,4,7
2016-3351,Stockton,Hard,32,C,,20161009,19,KB09,5,,Denis Kudla,R,180,USA,24.145,141,416,BA23,,,Brian Baker,R,191,USA,31.444,284,175,5-7 6-4 7-5,3,R16,160,5,8,119,65,42,25,17,13,19,7,6,122,89,52,13,17,8,15
2016-3351,Stockton,Hard,32,C,,20161009,20,G983,6,,Alessandro Giannessi,L,185,ITA,26.363,144,407,N555,,,Daniel Nguyen,R,173,USA,25.982,245,218,4-6 7-5 7-5,3,R16,174,7,8,129,72,42,32,17,11,16,4,4,132,75,47,24,17,7,13
2016-3351,Stockton,Hard,32,C,,20161009,21,D499,,,Frank Dancevic,R,185,CAN,32.036,267,189,K964,,,Brydan Klein,R,188,GBR,26.773,349,129,6-4 6-4,3,R16,76,4,1,67,41,32,16,10,3,3,4,2,64,43,29,12,10,2,4
2016-3351,Stockton,Hard,32,C,,20161009,22,KC86,,,Darian King,R,188,BAR,24.454,135,447,A853,,,Marcelo Arevalo,R,191,ESA,25.979,198,279,2-6 6-3 6-3,3,R16,122,1,2,102,75,46,13,13,12,16,2,4,89,52,31,17,13,7,12
2016-3351,Stockton,Hard,32,C,,20161009,23,MP01,,,Michael Mmoh,R,188,USA,18.746,264,191,CE25,,,Salvatore Caruso,R,185,ITA,23.817,326,145,6-3 6-2,3,R16,86,4,3,61,31,20,16,9,5,7,1,1,48,21,13,9,8,3,8
2016-3351,Stockton,Hard,32,C,,20161009,24,RC96,,,Noah Rubin,R,175,USA,20.632,192,292,DA86,,,Joris De Loore,R,191,BEL,23.469,187,301,7-5 3-6 6-1,3,R16,98,5,6,78,47,40,14,14,1,3,11,3,76,44,33,12,14,4,8
2016-3351,Stockton,Hard,32,C,,20161009,25,TD51,3,,Frances Tiafoe,R,188,USA,18.719,117,519,G983,6,,Alessandro Giannessi,L,185,ITA,26.363,144,407,7-6(5) 6-3,3,QF,92,5,3,68,47,35,12,11,4,5,8,1,72,40,27,18,10,4,6
2016-3351,Stockton,Hard,32,C,,20161009,26,MK66,,,Mackenzie McDonald,R,178,USA,21.484,371,119,KB09,5,,Denis Kudla,R,180,USA,24.145,141,416,3-6 7-6(1) 6-4,3,QF,132,4,5,93,56,42,18,15,2,6,10,6,109,54,41,24,16,12,16
2016-3351,Stockton,Hard,32,C,,20161009,27,MP01,,,Michael Mmoh,R,188,USA,18.746,264,191,KC86,,,Darian King,R,188,BAR,24.454,135,447,6-4 6-4,3,QF,69,7,3,52,34,29,10,10,0,1,1,0,56,38,25,9,10,4,7
2016-3351,Stockton,Hard,32,C,,20161009,28,RC96,,,Noah Rubin,R,175,USA,20.632,192,292,D499,,,Frank Dancevic,R,185,CAN,32.036,267,189,4-6 6-2 6-3,3,QF,91,8,2,72,36,33,20,14,0,2,9,2,87,48,37,16,13,8,12
2016-3351,Stockton,Hard,32,C,,20161009,29,TD51,3,,Frances Tiafoe,R,188,USA,18.719,117,519,MK66,,,Mackenzie McDonald,R,178,USA,21.484,371,119,7-6(4) 6-3,3,SF,89,7,5,69,43,35,12,11,3,4,4,3,79,36,24,23,10,5,7
2016-3351,Stockton,Hard,32,C,,20161009,30,RC96,,,Noah Rubin,R,175,USA,20.632,192,292,MP01,,,Michael Mmoh,R,188,USA,18.746,264,191,6-2 6-3,3,SF,65,4,1,40,25,20,10,8,0,1,1,4,59,37,25,5,9,4,9
2016-3351,Stockton,Hard,32,C,,20161009,31,TD51,3,,Frances Tiafoe,R,188,USA,18.719,117,519,RC96,,,Noah Rubin,R,175,USA,20.632,192,292,6-4 6-2,3,F,68,4,3,56,30,23,17,9,0,0,5,4,59,30,20,13,9,4,7
2016-6307,Campinas,Clay,32,C,,20161009,1,B884,1,,Carlos Berlocq,R,183,ARG,33.681,75,708,SL94,,,Pedro Sakamoto,R,178,BRA,23.28,603,50,6-4 6-1,3,R32,92,2,2,58,40,31,11,9,4,4,1,2,59,31,20,13,8,7,10
2016-6307,Campinas,Clay,32,C,,20161009,2,MJ08,2,,Thiago Monteiro,L,183,BRA,22.36,90,649,G602,,,Andre Ghem,R,193,BRA,34.366,233,230,6-2 6-1,3,R32,77,4,3,63,39,30,10,8,5,5,3,1,47,16,8,14,7,1,5
2016-6307,Campinas,Clay,32,C,,20161009,3,BF23,3,,Facundo Bagnis,L,183,ARG,26.615,74,711,Z363,,,Marcelo Zormann,R,180,BRA,20.331,529,64,6-0 6-4,3,R32,72,4,4,48,23,15,16,8,3,4,1,5,59,31,16,12,8,5,10
2016-6307,Campinas,Clay,32,C,,20161009,4,CE77,,,Federico Coria,R,180,ARG,24.586,328,144,O376,4,,Renzo Olivo,R,178,ARG,24.569,100,595,2-6 6-3 7-6(4),3,R32,136,6,7,102,62,43,16,15,7,13,1,2,97,51,34,21,14,3,8
2016-6307,Campinas,Clay,32,C,,20161009,5,SC73,5,,Rogerio Dutra Silva,R,178,BRA,32.676,104,566,PG69,,,Juan Pablo Paz,R,173,ARG,21.763,334,141,7-5 6-3,3,R32,90,0,3,55,33,19,11,10,4,8,4,7,68,43,24,6,11,6,13
2016-6307,Campinas,Clay,32,C,,20161009,6,SG64,6,,Joao Souza,R,193,BRA,28.37,118,509,PC09,,,Jose Pereira,R,180,BRA,25.703,421,100,6-4 2-0 RET,3,R32,66,1,0,45,33,17,7,6,4,7,0,0,37,23,8,6,6,4,9
2016-6307,Campinas,Clay,32,C,,20161009,7,A887,7,,Guido Andreozzi,R,183,ARG,25.18,129,471,H896,,,Jose Hernandez-Fernandez,R,183,DOM,26.576,239,223,7-5 6-7(3) 6-0,3,R32,142,2,8,96,45,29,28,15,5,8,4,8,100,66,39,13,15,3,10
2016-6307,Campinas,Clay,32,C,,20161009,8,KC29,8,,Nicolas Kicker,R,178,ARG,24.148,132,455,MW75,,,Felipe Meligeni Alves,R,185,BRA,18.637,1985,1,6-3 6-2,3,R32,55,3,1,50,35,30,7,9,0,0,5,6,38,20,16,7,8,1,4
2016-6307,Campinas,Clay,32,C,,20161009,9,CC66,,,Andrea Collarini,L,183,ARG,24.69,352,128,SN44,,,Bruno Santanna,R,178,BRA,23.244,534,63,6-3 6-2,3,R32,60,4,2,50,36,30,7,9,0,0,2,4,39,14,8,13,8,0,3
2016-6307,Campinas,Clay,32,C,,20161009,10,G585,,,Maximo Gonzalez,R,173,ARG,33.224,137,423,D815,,,Fabiano De Paula,R,178,BRA,27.863,733,30,2-6 7-6(6) 6-0,3,R32,134,2,4,73,45,31,13,13,1,5,1,3,101,63,37,16,13,9,14
2016-6307,Campinas,Clay,32,C,,20161009,11,LC58,,,Tomas Lipovsek Puches,R,183,ARG,23.48,309,154,LF26,,,Orlando Luz,R,180,BRA,18.667,571,55,3-6 6-1 7-5,3,R32,115,2,6,93,56,31,21,14,9,14,2,5,75,34,20,19,14,0,7
2016-6307,Campinas,Clay,32,C,,20161009,12,LB84,,,Juan Ignacio Londero,R,180,ARG,23.151,314,152,E708,,,Maximiliano Estevez,L,191,ARG,27.395,304,155,6-4 6-4,3,R32,97,3,4,82,43,29,19,10,14,16,1,6,64,44,28,6,10,4,8
2016-6307,Campinas,Clay,32,C,,20161009,13,SK69,,,Joao Pedro Sorgi,R,188,BRA,22.976,558,58,LA94,,,Christian Lindell,R,193,SWE,24.887,400,108,3-6 7-6(8) 7-5,3,R32,144,2,0,88,67,53,15,16,0,1,8,8,117,58,42,37,17,8,9
2016-6307,Campinas,Clay,32,C,,20161009,14,S483,,,Pedro Sousa,R,180,POR,28.37,207,265,Y223,,,Fernando Yamacita,R,185,BRA,19.023,1096,8,7-5 6-1,3,R32,70,1,4,53,33,27,11,10,1,2,0,0,49,29,16,9,9,1,5
2016-6307,Campinas,Clay,32,C,,20161009,15,V620,,,Agustin Velotti,R,,ARG,24.378,178,327,SK30,,,Carlos Eduardo Severino,R,183,BRA,25.845,557,58,6-2 6-3,3,R32,62,6,0,49,21,18,20,9,0,0,1,4,62,33,21,13,8,8,11
2016-6307,Campinas,Clay,32,C,,20161009,16,Z198,,,Caio Zampieri,R,183,BRA,30.371,272,185,SG56,,,Daniel Dutra da Silva,L,,BRA,28.263,445,88,6-3 1-6 6-4,3,R32,110,2,3,77,45,34,10,13,4,9,8,5,90,51,35,15,13,4,9
2016-6307,Campinas,Clay,32,C,,20161009,17,B884,1,,Carlos Berlocq,R,183,ARG,33.681,75,708,V620,,,Agustin Velotti,R,,ARG,24.378,178,327,6-1 2-6 6-4,3,R16,145,2,4,73,45,29,18,13,4,7,2,6,105,51,30,26,12,11,15
2016-6307,Campinas,Clay,32,C,,20161009,18,MJ08,2,,Thiago Monteiro,L,183,BRA,22.36,90,649,CC66,,,Andrea Collarini,L,183,ARG,24.69,352,128,7-6(7) 6-4,3,R16,101,3,2,78,51,34,15,11,1,2,4,4,65,33,21,21,11,0,2
2016-6307,Campinas,Clay,32,C,,20161009,19,BF23,3,,Facundo Bagnis,L,183,ARG,26.615,74,711,SK69,,,Joao Pedro Sorgi,R,188,BRA,22.976,558,58,6-3 6-4,3,R16,84,1,5,61,35,30,8,10,3,5,0,3,62,45,26,7,9,4,8
2016-6307,Campinas,Clay,32,C,,20161009,20,SC73,5,,Rogerio Dutra Silva,R,178,BRA,32.676,104,566,Z198,,,Caio Zampieri,R,183,BRA,30.371,272,185,7-5 6-3,3,R16,81,6,0,57,27,20,18,10,2,4,0,0,63,44,29,7,11,8,13
2016-6307,Campinas,Clay,32,C,,20161009,21,LC58,,,Tomas Lipovsek Puches,R,183,ARG,23.48,309,154,SG64,6,,Joao Souza,R,193,BRA,28.37,118,509,6-1 4-6 6-3,3,R16,102,0,2,66,49,38,9,13,0,2,7,5,79,44,30,14,13,6,11
2016-6307,Campinas,Clay,32,C,,20161009,22,A887,7,,Guido Andreozzi,R,183,ARG,25.18,129,471,G585,,,Maximo Gonzalez,R,173,ARG,33.224,137,423,2-6 6-3 6-2,3,R16,122,4,7,87,48,36,19,13,9,11,3,3,75,47,32,14,12,3,6
2016-6307,Campinas,Clay,32,C,,20161009,23,S483,,,Pedro Sousa,R,180,POR,28.37,207,265,KC29,8,,Nicolas Kicker,R,178,ARG,24.148,132,455,6-1 5-7 6-4,3,R16,131,4,2,102,78,46,14,15,10,14,3,9,100,48,31,22,14,9,15
2016-6307,Campinas,Clay,32,C,,20161009,24,LB84,,,Juan Ignacio Londero,R,180,ARG,23.151,314,152,CE77,,,Federico Coria,R,180,ARG,24.586,328,144,1-6 6-2 7-6(8),3,R16,149,1,5,126,78,49,22,14,10,14,9,1,91,54,34,19,13,4,7
2016-6307,Campinas,Clay,32,C,,20161009,25,B884,1,,Carlos Berlocq,R,183,ARG,33.681,75,708,LC58,,,Tomas Lipovsek Puches,R,183,ARG,23.48,309,154,6-1 6-0,3,QF,66,2,0,47,29,19,11,7,4,5,0,1,41,26,8,6,6,3,9
2016-6307,Campinas,Clay,32,C,,20161009,26,SC73,5,,Rogerio Dutra Silva,R,178,BRA,32.676,104,566,MJ08,2,,Thiago Monteiro,L,183,BRA,22.36,90,649,6-3 4-6 6-1,3,QF,113,1,1,74,44,34,16,13,5,7,3,3,78,46,31,12,13,8,13
2016-6307,Campinas,Clay,32,C,,20161009,27,BF23,3,,Facundo Bagnis,L,183,ARG,26.615,74,711,A887,7,,Guido Andreozzi,R,183,ARG,25.18,129,471,2-6 6-3 6-2,3,QF,137,8,6,88,49,34,20,13,7,10,5,10,105,56,39,19,12,14,18
2016-6307,Campinas,Clay,32,C,,20161009,28,S483,,,Pedro Sousa,R,180,POR,28.37,207,265,LB84,,,Juan Ignacio Londero,R,180,ARG,23.151,314,152,7-5 7-6(6),3,QF,94,2,5,76,49,34,16,12,2,4,1,1,74,42,32,14,12,2,5
2016-6307,Campinas,Clay,32,C,,20161009,29,B884,1,,Carlos Berlocq,R,183,ARG,33.681,75,708,S483,,,Pedro Sousa,R,180,POR,28.37,207,265,6-0 6-4,3,SF,71,4,2,46,28,21,10,8,1,2,0,5,48,29,14,6,8,2,7
2016-6307,Campinas,Clay,32,C,,20161009,30,BF23,3,,Facundo Bagnis,L,183,ARG,26.615,74,711,SC73,5,,Rogerio Dutra Silva,R,178,BRA,32.676,104,566,4-6 6-1 7-5,3,SF,130,7,5,94,51,39,23,15,4,7,4,4,83,57,37,10,14,4,9
2016-6307,Campinas,Clay,32,C,,20161009,31,BF23,3,,Facundo Bagnis,L,183,ARG,26.615,74,711,B884,1,,Carlos Berlocq,R,183,ARG,33.681,75,708,5-7 6-2 3-0 RET,3,F,127,9,5,86,54,37,17,11,11,12,4,9,86,53,34,14,12,8,12
2016-4012,Tashkent,Hard,32,C,,20161015,1,V708,1,,Jiri Vesely,L,198,CZE,23.266,52,863,V505,,,Vishnu Vardhan,R,188,IND,29.221,421,99,3-6 6-3 6-4,3,R32,109,19,9,84,50,36,21,14,4,5,15,3,91,51,37,20,14,5,7
2016-4012,Tashkent,Hard,32,C,,20161015,2,CA12,2,,Jeremy Chardy,R,188,FRA,29.673,80,690,TD47,,,Evgenii Tiurnev,R,191,RUS,19.521,384,114,6-4 6-2,3,R32,63,7,3,60,32,26,13,9,3,4,8,7,52,19,15,12,9,2,6
2016-4012,Tashkent,Hard,32,C,,20161015,3,BE90,3,,Ricardas Berankis,R,175,LTU,26.319,76,710,K906,,,Michal Konecny,L,183,CZE,27.006,314,152,6-2 6-4,3,R32,78,2,3,55,33,23,13,9,0,1,2,4,71,50,26,10,9,6,10
2016-4012,Tashkent,Hard,32,C,,20161015,4,F786,,,Sanjar Fayziev,R,188,UZB,22.215,521,66,D864,4,,Evgeny Donskoy,R,185,RUS,26.437,97,623,4-6 6-3 7-6(5),3,R32,165,9,2,132,82,54,26,16,5,7,13,2,104,68,48,19,15,6,8
2016-4012,Tashkent,Hard,32,C,,20161015,5,K776,5,,Konstantin Kravchuk,R,191,RUS,31.641,102,592,E180,,,Mikhail Elgin,R,183,RUS,35.003,758,27,6-4 6-4,3,R32,77,5,2,55,34,28,12,10,1,2,4,3,59,37,25,11,10,1,4
2016-4012,Tashkent,Hard,32,C,,20161015,6,L797,6,,Lukas Lacko,R,188,SVK,28.95,116,525,SR81,,,Khumoyun Sultanov,R,180,UZB,17.969,742,29,6-4 6-3,3,R32,68,6,0,52,28,21,14,9,0,1,0,5,64,36,21,14,10,3,7
2016-4012,Tashkent,Hard,32,C,,20161015,7,I165,7,,Denis Istomin,R,185,UZB,30.105,125,480,SJ22,,,Gleb Sakharov,R,185,FRA,28.348,285,175,6-3 6-3,3,R32,71,3,1,47,32,26,10,9,0,0,2,3,70,37,25,14,9,10,13
2016-4012,Tashkent,Hard,32,C,,20161015,8,BE67,8,,Mirza Basic,R,188,BIH,25.262,174,328,KG72,,,Jurabek Karimov,R,191,UZB,18.366,687,34,6-4 6-3,3,R32,71,5,0,49,27,23,14,9,1,1,6,1,72,50,31,12,10,5,8
2016-4012,Tashkent,Hard,32,C,,20161015,9,BK92,,,Alexander Bublik,R,196,KAZ,19.329,328,142,Z349,,,Anton Zaitcev,R,180,UKR,29.235,563,57,2-6 6-3 6-4,3,R32,92,10,6,83,50,39,17,14,5,7,0,3,83,48,31,23,13,3,5
2016-4012,Tashkent,Hard,32,C,,20161015,10,D646,,,Ivan Dodig,R,183,CRO,31.784,92,642,SF41,,,Aldin Setkic,R,191,BIH,28.819,210,256,6-4 6-4,3,R32,80,5,7,59,31,27,15,10,2,3,5,4,53,35,26,8,10,0,3
2016-4012,Tashkent,Hard,32,C,,20161015,11,I305,,,Ilya Ivashka,R,193,BLR,22.639,169,338,GC89,,,Egor Gerasimov,R,196,BLR,23.926,218,248,4-6 7-6(2) 6-1,3,R32,102,7,2,77,50,39,17,14,1,3,3,6,99,63,43,17,15,4,8
2016-4012,Tashkent,Hard,32,C,,20161015,12,K834,,,Blaz Kavcic,R,188,SLO,29.615,208,259,N561,,,Ivan Nedelko,R,185,RUS,30.428,331,142,6-1 3-0 RET,3,R32,36,4,1,29,19,14,7,5,1,1,0,3,26,17,8,1,5,0,4
2016-4012,Tashkent,Hard,32,C,,20161015,13,MG08,,,Yannick Mertens,R,185,BEL,29.309,258,205,SL44,,,Shonigmatjon Shofayziyev,R,203,UZB,23.294,1450,3,6-4 6-2,3,R32,91,0,1,52,44,32,6,9,3,4,6,1,86,51,28,16,9,8,12
2016-4012,Tashkent,Hard,32,C,,20161015,14,MF71,,,Denys Molchanov,R,188,UKR,29.418,492,73,V850,,,Alexander Vasilenko,R,,RUS,21.634,667,38,7-6(1) 7-6(5),3,R32,106,4,3,75,45,34,20,12,2,3,4,3,72,48,36,17,12,1,2
2016-4012,Tashkent,Hard,32,C,,20161015,15,N503,,,Aleksandr Nedovyesov,R,188,KAZ,29.665,204,264,K596,,,Alexander Kudryavtsev,R,183,RUS,30.971,173,330,6-2 6-3,3,R32,56,7,2,57,32,26,12,9,7,8,2,2,42,21,14,7,8,2,6
2016-4012,Tashkent,Hard,32,C,,20161015,16,W471,,,Amir Weintraub,R,185,ISR,30.081,232,229,GB53,,,Federico Gaio,R,178,ITA,24.613,180,314,6-1 6-2,3,R32,45,3,2,48,32,25,10,8,2,2,8,4,38,22,16,4,7,4,8
2016-4012,Tashkent,Hard,32,C,,20161015,17,BK92,,,Alexander Bublik,R,196,KAZ,19.329,328,142,V708,1,,Jiri Vesely,L,198,CZE,23.266,52,863,6-7(5) 3-0 RET,3,R16,75,7,7,54,35,29,5,7,6,7,2,5,67,40,25,11,8,6,9
2016-4012,Tashkent,Hard,32,C,,20161015,18,CA12,2,,Jeremy Chardy,R,188,FRA,29.673,80,690,W471,,,Amir Weintraub,R,185,ISR,30.081,232,229,W/O,3,R16,,,,,,,,,,,,,,,,,,,
2016-4012,Tashkent,Hard,32,C,,20161015,19,D646,,,Ivan Dodig,R,183,CRO,31.784,92,642,BE90,3,,Ricardas Berankis,R,175,LTU,26.319,76,710,2-1 RET,3,R16,15,2,1,5,3,3,1,1,0,0,0,1,18,8,4,5,2,3,4
2016-4012,Tashkent,Hard,32,C,,20161015,20,K776,5,,Konstantin Kravchuk,R,191,RUS,31.641,102,592,MG08,,,Yannick Mertens,R,185,BEL,29.309,258,205,6-2 6-4,3,R16,77,4,1,49,31,24,12,9,0,0,0,1,77,45,26,15,9,6,9
2016-4012,Tashkent,Hard,32,C,,20161015,21,L797,6,,Lukas Lacko,R,188,SVK,28.95,116,525,I305,,,Ilya Ivashka,R,193,BLR,22.639,169,338,6-1 6-3,3,R16,61,8,2,50,34,25,9,8,5,6,2,4,54,29,14,10,8,4,9
2016-4012,Tashkent,Hard,32,C,,20161015,22,I165,7,,Denis Istomin,R,185,UZB,30.105,125,480,MF71,,,Denys Molchanov,R,188,UKR,29.418,492,73,4-6 6-3 6-2,3,R16,85,4,0,67,43,33,14,14,0,3,1,0,75,42,24,20,13,1,6
2016-4012,Tashkent,Hard,32,C,,20161015,23,BE67,8,,Mirza Basic,R,188,BIH,25.262,174,328,K834,,,Blaz Kavcic,R,188,SLO,29.615,208,259,7-5 RET,3,R16,68,4,3,37,17,12,9,6,3,5,1,1,58,35,19,9,6,6,9
2016-4012,Tashkent,Hard,32,C,,20161015,24,F786,,,Sanjar Fayziev,R,188,UZB,22.215,521,66,N503,,,Aleksandr Nedovyesov,R,188,KAZ,29.665,204,264,0-6 7-6(5) 6-3,3,R16,117,4,2,81,53,41,10,13,3,7,12,2,96,64,44,19,14,1,4
2016-4012,Tashkent,Hard,32,C,,20161015,25,L797,6,,Lukas Lacko,R,188,SVK,28.95,116,525,CA12,2,,Jeremy Chardy,R,188,FRA,29.673,80,690,4-6 7-6(3) 6-4,3,QF,144,10,2,113,56,41,31,16,6,8,11,4,102,54,45,21,16,7,9
2016-4012,Tashkent,Hard,32,C,,20161015,26,K776,5,,Konstantin Kravchuk,R,191,RUS,31.641,102,592,F786,,,Sanjar Fayziev,R,188,UZB,22.215,521,66,6-4 7-5,3,QF,87,8,2,54,37,33,12,11,1,1,5,1,73,53,36,12,11,6,8
2016-4012,Tashkent,Hard,32,C,,20161015,27,I165,7,,Denis Istomin,R,185,UZB,30.105,125,480,D646,,,Ivan Dodig,R,183,CRO,31.784,92,642,6-4 7-6(13),3,QF,136,6,4,100,66,51,15,11,6,7,3,3,77,41,33,17,11,2,4
2016-4012,Tashkent,Hard,32,C,,20161015,28,BE67,8,,Mirza Basic,R,188,BIH,25.262,174,328,BK92,,,Alexander Bublik,R,196,KAZ,19.329,328,142,6-0 6-1,3,QF,53,1,1,49,27,18,15,7,3,3,1,2,41,23,11,5,6,3,8
2016-4012,Tashkent,Hard,32,C,,20161015,29,K776,5,,Konstantin Kravchuk,R,191,RUS,31.641,102,592,BE67,8,,Mirza Basic,R,188,BIH,25.262,174,328,7-5 6-3,3,SF,81,3,0,77,54,40,13,11,11,11,6,3,58,31,22,16,10,4,6
2016-4012,Tashkent,Hard,32,C,,20161015,30,I165,7,,Denis Istomin,R,185,UZB,30.105,125,480,L797,6,,Lukas Lacko,R,188,SVK,28.95,116,525,6-4 6-4,3,SF,71,1,0,55,31,25,17,10,2,2,5,1,54,33,23,13,10,2,4
2016-4012,Tashkent,Hard,32,C,,20161015,31,K776,5,,Konstantin Kravchuk,R,191,RUS,31.641,102,592,I165,7,,Denis Istomin,R,185,UZB,30.105,125,480,7-5 6-4,3,F,86,5,0,64,43,36,12,11,2,2,1,3,57,41,30,9,11,3,5
2016-7335,Casablanca,Clay,32,C,,20161015,1,D923,1,,Damir Dzumhur,R,175,BIH,24.405,77,709,KC56,,,Aslan Karatsev,R,185,RUS,23.113,219,247,6-2 6-4,3,R32,77,1,0,67,48,31,12,9,7,8,4,4,56,29,19,9,9,2,6
2016-7335,Casablanca,Clay,32,C,,20161015,2,DB59,,,Dennis Novak,R,183,AUT,23.132,254,207,MI43,2,,Gerald Melzer,L,188,AUT,26.259,72,728,7-6(4) 6-4,3,R32,83,9,2,60,38,35,13,11,1,2,3,1,70,52,37,9,11,1,3
2016-7335,Casablanca,Clay,32,C,,20161015,3,MF35,,,Andrej Martin,R,183,SVK,27.069,117,516,SH91,,,Jordi Samper-Montana,R,,ESP,26.53,220,246,7-5 6-1,3,R32,98,0,4,64,54,39,1,10,3,5,1,2,80,52,29,10,9,17,22
2016-7335,Casablanca,Clay,32,C,,20161015,4,CF59,5,,Roberto Carballes Baena,R,183,ESP,23.565,137,425,GA79,,,Lorenzo Giustino,R,180,ITA,25.098,198,277,7-6(1) 6-1,3,R32,82,4,0,60,36,27,17,10,3,4,0,1,50,23,13,17,9,1,4
2016-7335,Casablanca,Clay,32,C,,20161015,5,D981,6,,Arthur De Greef,R,183,BEL,24.553,145,408,SH37,,,Marc Sieber,L,178,GER,28.63,280,179,6-3 6-4,3,R32,83,7,0,70,41,32,17,10,4,4,0,1,57,39,24,12,9,4,6
2016-7335,Casablanca,Clay,32,C,,20161015,6,DB63,7,,Laslo Djere,R,188,SRB,21.372,171,337,J400,,,Jeremy Jahn,R,178,GER,26.53,257,205,7-5 6-2,3,R32,94,2,1,68,51,37,8,10,5,6,1,2,64,36,22,14,10,4,8
2016-7335,Casablanca,Clay,32,C,,20161015,7,SO86,,,Robin Stanek,L,188,CZE,21.782,313,152,KD70,8,,Pedja Krstin,R,183,SRB,22.116,190,288,6-3 3-6 6-3,3,R32,130,12,2,92,62,47,15,14,8,10,1,6,100,65,45,17,13,7,10
2016-7335,Casablanca,Clay,32,C,,20161015,8,I236,,,Uladzimir Ignatik,R,183,BLR,26.256,185,297,AB52,,,Khalid Allouch,R,,MAR,25.369,1614,2,6-1 6-0,3,R32,49,4,1,29,18,17,7,6,0,0,1,2,52,37,15,5,7,5,11
2016-7335,Casablanca,Clay,32,C,,20161015,9,J620,,,Maxime Janvier,R,196,FRA,19.992,355,127,PG20,,,Dmitry Popko,R,191,KAZ,19.975,239,219,6-3 7-6(5),3,R32,91,1,0,55,33,26,18,10,0,0,3,3,73,51,33,13,11,4,6
2016-7335,Casablanca,Clay,32,C,,20161015,10,ML57,,,Gianluca Mager,R,188,ITA,21.873,321,148,SK47,,,Mohamed Safwat,R,180,EGY,26.073,199,276,6-4 1-0 RET,3,R32,44,1,0,28,14,12,10,5,0,0,4,1,29,20,12,5,6,0,2
2016-7335,Casablanca,Clay,32,C,,20161015,11,MQ75,,,Kamil Majchrzak,R,183,POL,20.756,302,159,U061,,,Adrian Ungur,R,178,ROU,31.729,292,165,7-5 6-3,3,R32,75,7,1,66,41,33,15,11,6,7,0,3,54,33,21,13,10,3,6
2016-7335,Casablanca,Clay,32,C,,20161015,12,MB53,,,Adrian Menendez-Maceiras,R,183,ESP,30.965,209,259,RA82,,,Yannik Reuter,R,,BEL,25.613,246,215,4-6 6-1 6-3,3,R32,140,6,0,83,56,39,18,13,1,2,0,5,107,65,44,17,13,10,14
2016-7335,Casablanca,Clay,32,C,,20161015,13,PE02,,,Danilo Petrovic,R,203,SRB,24.726,375,119,AF32,,,Amine Ahouda,R,185,MAR,19.094,727,31,6-2 6-0,3,R32,47,3,2,34,22,19,9,7,0,0,0,8,37,18,10,5,7,2,7
2016-7335,Casablanca,Clay,32,C,,20161015,14,SN77,,,Vaclav Safranek,R,183,CZE,22.407,282,178,TE16,,,Carlos Taberner,R,183,ESP,19.187,348,133,4-6 6-3 6-2,3,R32,117,7,2,77,44,34,19,14,3,5,1,0,84,66,40,10,13,4,8
2016-7335,Casablanca,Clay,32,C,,20161015,15,TE51,,,Stefanos Tsitsipas,R,193,GRE,18.177,241,217,K980,,,Reda Karakhi,,,MAR,25.147,2124,1,6-2 6-4,3,R32,72,3,1,56,35,30,11,9,0,0,2,0,57,23,18,14,9,3,6
2016-7335,Casablanca,Clay,32,C,,20161015,16,Z419,,,Bernabe Zapata Miralles,R,183,ESP,19.756,400,108,GF08,,,Clement Geens,R,178,BEL,20.597,277,181,6-2 4-6 6-2,3,R32,116,1,2,89,60,40,12,13,6,10,2,4,96,53,28,19,13,4,11
2016-7335,Casablanca,Clay,32,C,,20161015,17,ML57,,,Gianluca Mager,R,188,ITA,21.873,321,148,D923,1,,Damir Dzumhur,R,175,BIH,24.405,77,709,6-4 4-0 RET,3,R16,56,0,0,49,31,20,11,7,5,6,0,0,41,31,17,3,7,1,5
2016-7335,Casablanca,Clay,32,C,,20161015,18,TE51,,,Stefanos Tsitsipas,R,193,GRE,18.177,241,217,MF35,,,Andrej Martin,R,183,SVK,27.069,117,516,6-3 4-6 6-4,3,R16,118,2,0,93,62,35,16,15,6,12,0,4,89,68,40,6,14,4,11
2016-7335,Casablanca,Clay,32,C,,20161015,19,PE02,,,Danilo Petrovic,R,203,SRB,24.726,375,119,CF59,5,,Roberto Carballes Baena,R,183,ESP,23.565,137,425,7-5 6-4,3,R16,76,6,2,64,39,33,13,11,2,3,2,3,56,32,25,12,11,1,4
2016-7335,Casablanca,Clay,32,C,,20161015,20,D981,6,,Arthur De Greef,R,183,BEL,24.553,145,408,I236,,,Uladzimir Ignatik,R,183,BLR,26.256,185,297,6-3 7-6(2),3,R16,88,3,2,54,29,27,17,10,0,0,6,1,70,46,29,12,11,2,4
2016-7335,Casablanca,Clay,32,C,,20161015,21,DB63,7,,Laslo Djere,R,188,SRB,21.372,171,337,SN77,,,Vaclav Safranek,R,183,CZE,22.407,282,178,6-3 6-4,3,R16,81,4,1,65,42,30,18,10,5,5,3,3,69,38,27,14,9,10,12
2016-7335,Casablanca,Clay,32,C,,20161015,22,J620,,,Maxime Janvier,R,196,FRA,19.992,355,127,DB59,,,Dennis Novak,R,183,AUT,23.132,254,207,6-4 6-2,3,R16,59,2,1,51,27,24,13,9,0,0,1,4,48,28,18,9,9,2,5
2016-7335,Casablanca,Clay,32,C,,20161015,23,MQ75,,,Kamil Majchrzak,R,183,POL,20.756,302,159,SO86,,,Robin Stanek,L,188,CZE,21.782,313,152,6-4 6-2,3,R16,66,1,1,49,34,27,9,9,3,4,5,1,56,37,23,7,9,6,10
2016-7335,Casablanca,Clay,32,C,,20161015,24,Z419,,,Bernabe Zapata Miralles,R,183,ESP,19.756,400,108,MB53,,,Adrian Menendez-Maceiras,R,183,ESP,30.965,209,259,6-2 7-5,3,R16,96,2,1,68,52,32,9,10,8,10,3,0,63,37,24,9,10,4,9
2016-7335,Casablanca,Clay,32,C,,20161015,25,D981,6,,Arthur De Greef,R,183,BEL,24.553,145,408,Z419,,,Bernabe Zapata Miralles,R,183,ESP,19.756,400,108,7-6(3) 6-3,3,QF,100,5,1,63,34,27,21,11,2,3,1,1,81,55,32,17,10,4,6
2016-7335,Casablanca,Clay,32,C,,20161015,26,TE51,,,Stefanos Tsitsipas,R,193,GRE,18.177,241,217,DB63,7,,Laslo Djere,R,188,SRB,21.372,171,337,2-6 7-5 7-5,3,QF,135,4,1,99,69,49,14,16,7,10,1,5,92,58,41,18,16,1,4
2016-7335,Casablanca,Clay,32,C,,20161015,27,J620,,,Maxime Janvier,R,196,FRA,19.992,355,127,PE02,,,Danilo Petrovic,R,203,SRB,24.726,375,119,6-3 6-7(4) 6-2,3,QF,148,3,0,95,68,51,16,14,5,5,4,4,109,74,48,17,15,1,5
2016-7335,Casablanca,Clay,32,C,,20161015,28,MQ75,,,Kamil Majchrzak,R,183,POL,20.756,302,159,ML57,,,Gianluca Mager,R,188,ITA,21.873,321,148,6-4 7-5,3,QF,80,1,2,59,36,31,11,11,1,2,0,3,70,44,31,12,11,4,7
2016-7335,Casablanca,Clay,32,C,,20161015,29,J620,,,Maxime Janvier,R,196,FRA,19.992,355,127,D981,6,,Arthur De Greef,R,183,BEL,24.553,145,408,6-4 6-3,3,SF,83,7,1,62,45,34,11,10,0,0,2,2,63,39,24,15,9,3,5
2016-7335,Casablanca,Clay,32,C,,20161015,30,TE51,,,Stefanos Tsitsipas,R,193,GRE,18.177,241,217,MQ75,,,Kamil Majchrzak,R,183,POL,20.756,302,159,4-6 7-6(1) 6-4,3,SF,135,11,4,103,63,44,24,16,3,5,2,2,115,74,47,23,16,5,7
2016-7335,Casablanca,Clay,32,C,,20161015,31,J620,,,Maxime Janvier,R,196,FRA,19.992,355,127,TE51,,,Stefanos Tsitsipas,R,193,GRE,18.177,241,217,6-4 6-0,3,F,59,2,1,39,31,28,4,8,0,0,2,0,56,30,14,14,8,3,7
2016-7351,Monterrey,Hard,32,C,,20161015,1,E224,1,,Victor Estrella Burgos,R,170,DOM,36.203,83,679,GC87,,,Lucas Gomez,L,178,MEX,21.18,486,75,6-4 6-4,3,R32,83,5,2,56,35,25,14,10,1,2,2,3,64,43,27,12,10,4,7
2016-7351,Monterrey,Hard,32,C,,20161015,2,B896,2,,Benjamin Becker,R,178,GER,35.332,123,495,BH22,,,Sam Barry,R,191,IRL,24.717,284,176,3-0 RET,3,R32,5,2,0,8,6,6,2,2,0,0,0,1,5,4,1,0,1,0,1
2016-7351,Monterrey,Hard,32,C,,20161015,3,KB09,3,,Denis Kudla,R,180,USA,24.162,147,399,KB37,,,Evan King,L,185,USA,24.559,362,124,7-6(3) 6-1,3,R32,77,5,3,54,29,28,14,9,0,0,5,2,72,46,32,11,10,7,10
2016-7351,Monterrey,Hard,32,C,,20161015,4,TA29,,,Marco Trungelliti,R,178,ARG,26.705,152,386,E661,,,Gonzalo Escobar,L,178,ECU,27.734,525,65,6-3 7-6(4),3,R32,102,7,0,85,48,32,21,11,9,11,1,1,64,49,29,7,10,1,4
2016-7351,Monterrey,Hard,32,C,,20161015,5,E873,5,,Ernesto Escobedo,R,185,MEX,20.282,160,364,V600,,,Tucker Vorster,R,196,RSA,28.115,506,69,6-3 1-6 6-4,3,R32,103,13,1,77,42,37,16,13,3,5,8,3,76,48,35,16,13,2,4
2016-7351,Monterrey,Hard,32,C,,20161015,6,PB22,6,,Peter Polansky,R,183,CAN,28.334,159,364,Z198,,,Caio Zampieri,R,183,BRA,30.387,265,191,7-5 6-2,3,R32,73,7,4,70,41,32,17,10,6,6,1,1,51,34,24,9,10,4,7
2016-7351,Monterrey,Hard,32,C,,20161015,7,BF98,,,Alessandro Bega,R,170,ITA,25.76,291,168,SI36,7,,Eduardo Struvay,R,,COL,25.829,189,288,7-5 7-6(5),3,R32,97,7,5,77,50,39,11,12,6,9,11,6,101,57,43,13,12,8,12
2016-7351,Monterrey,Hard,32,C,,20161015,8,A853,,,Marcelo Arevalo,R,191,ESA,25.996,191,287,G892,8,,Alejandro Gonzalez,R,191,COL,27.685,195,283,6-2 6-1,3,R32,64,3,1,46,33,24,5,7,3,4,0,4,54,33,18,5,8,8,14
2016-7351,Monterrey,Hard,32,C,,20161015,9,BC68,,,Philip Bester,R,188,CAN,28.025,305,157,E720,,,Adam El Mihdawy,,,USA,27.184,300,160,6-4 6-4,3,R32,77,5,7,55,32,28,11,10,0,1,5,1,71,37,27,14,10,6,9
2016-7351,Monterrey,Hard,32,C,,20161015,10,F444,,,Alejandro Falla,L,185,COL,32.92,261,200,SK41,,,Nicolaas Scholtz,R,,RSA,25.692,444,89,6-3 6-4,3,R32,70,2,5,62,36,30,14,10,2,2,6,6,56,39,29,6,9,5,7
2016-7351,Monterrey,Hard,32,C,,20161015,11,GA36,,,Emilio Gomez,R,185,ECU,24.882,272,183,G714,,,Daniel Garza,R,,MEX,31.521,1064,9,6-4 6-4,3,R32,69,13,4,54,32,27,14,10,0,0,0,2,62,32,18,19,10,5,7
2016-7351,Monterrey,Hard,32,C,,20161015,12,G810,,,Ruben Gonzales,R,,PHI,31.094,1401,3,CC32,,,Guilherme Clezar,R,180,BRA,23.789,214,253,6-3 3-6 7-6(6),3,R32,134,12,9,119,84,58,16,15,11,14,10,4,94,49,38,26,15,5,8
2016-7351,Monterrey,Hard,32,C,,20161015,13,G940,,,Sam Groth,R,193,AUS,28.991,259,203,SL07,,,Alexander Sarkissian,R,191,USA,26.535,202,268,7-6(3) 7-6(5),3,R32,87,22,4,72,46,40,18,12,0,0,14,4,67,39,36,18,12,0,0
2016-7351,Monterrey,Hard,32,C,,20161015,14,O340,,,Roberto Ortega-Olmedo,R,168,ESP,25.462,323,147,L996,,,Juan Lizariturry,,,ESP,25.489,870,18,6-3 6-1,3,R32,59,4,5,40,22,19,11,8,1,2,0,5,62,34,18,11,8,5,10
2016-7351,Monterrey,Hard,32,C,,20161015,15,Q941,,,Roberto Quiroz,L,193,ECU,24.643,307,154,U120,,,Kaichi Uchida,R,180,JPN,22.146,412,103,7-6(3) 6-4,3,R32,88,15,3,76,50,38,13,11,2,2,3,4,76,49,35,14,11,6,7
2016-7351,Monterrey,Hard,32,C,,20161015,16,SJ55,,,John-Patrick Smith,L,188,AUS,27.723,270,186,A803,,,Mauricio Astorga,L,0,MEX,25.325,1144,7,6-3 6-2,3,R32,69,2,1,55,37,27,12,9,3,3,3,1,55,21,15,13,8,8,11
2016-7351,Monterrey,Hard,32,C,,20161015,17,F444,,,Alejandro Falla,L,185,COL,32.92,261,200,E224,1,,Victor Estrella Burgos,R,170,DOM,36.203,83,679,6-2 5-7 7-6(1),3,R16,145,2,3,117,61,39,31,16,10,15,5,10,88,54,34,14,16,0,6
2016-7351,Monterrey,Hard,32,C,,20161015,18,B896,2,,Benjamin Becker,R,178,GER,35.332,123,495,GA36,,,Emilio Gomez,R,185,ECU,24.882,272,183,6-3 7-6(0),3,R16,81,7,1,62,29,24,20,11,1,3,4,3,65,40,28,8,10,4,7
2016-7351,Monterrey,Hard,32,C,,20161015,19,KB09,3,,Denis Kudla,R,180,USA,24.162,147,399,O340,,,Roberto Ortega-Olmedo,R,168,ESP,25.462,323,147,6-3 6-3,3,R16,69,3,1,56,31,27,11,9,4,5,4,3,54,30,19,10,9,1,5
2016-7351,Monterrey,Hard,32,C,,20161015,20,G940,,,Sam Groth,R,193,AUS,28.991,259,203,TA29,,,Marco Trungelliti,R,178,ARG,26.705,152,386,6-3 6-3,3,R16,69,17,0,50,37,30,9,9,1,1,7,5,70,42,30,10,9,11,14
2016-7351,Monterrey,Hard,32,C,,20161015,21,E873,5,,Ernesto Escobedo,R,185,MEX,20.282,160,364,G810,,,Ruben Gonzales,R,,PHI,31.094,1401,3,7-6(9) 6-4,3,R16,84,11,2,73,42,36,20,11,1,1,8,2,66,49,39,11,11,0,1
2016-7351,Monterrey,Hard,32,C,,20161015,22,PB22,6,,Peter Polansky,R,183,CAN,28.334,159,364,Q941,,,Roberto Quiroz,L,193,ECU,24.643,307,154,7-6(5) 6-4,3,R16,86,9,0,64,41,34,14,11,2,3,9,3,81,46,40,12,11,8,10
2016-7351,Monterrey,Hard,32,C,,20161015,23,A853,,,Marcelo Arevalo,R,191,ESA,25.996,191,287,BC68,,,Philip Bester,R,188,CAN,28.025,305,157,6-3 4-1 RET,3,R16,57,3,0,36,23,18,10,7,0,0,0,3,54,32,21,7,7,1,4
2016-7351,Monterrey,Hard,32,C,,20161015,24,SJ55,,,John-Patrick Smith,L,188,AUS,27.723,270,186,BF98,,,Alessandro Bega,R,170,ITA,25.76,291,168,6-2 3-6 6-0,3,R16,77,9,1,68,52,39,8,11,2,3,0,5,67,46,30,9,12,4,9
2016-7351,Monterrey,Hard,32,C,,20161015,25,B896,2,,Benjamin Becker,R,178,GER,35.332,123,495,SJ55,,,John-Patrick Smith,L,188,AUS,27.723,270,186,6-4 6-3,3,QF,67,4,2,60,37,28,15,10,3,3,1,3,63,41,29,9,9,3,5
2016-7351,Monterrey,Hard,32,C,,20161015,26,KB09,3,,Denis Kudla,R,180,USA,24.162,147,399,A853,,,Marcelo Arevalo,R,191,ESA,25.996,191,287,6-1 6-1,3,QF,57,3,6,39,21,18,11,7,0,0,4,3,60,37,23,4,7,6,11
2016-7351,Monterrey,Hard,32,C,,20161015,27,E873,5,,Ernesto Escobedo,R,185,MEX,20.282,160,364,G940,,,Sam Groth,R,193,AUS,28.991,259,203,7-6(6) 6-7(4) 7-6(2),3,QF,150,11,3,123,78,63,30,18,2,2,31,5,109,65,58,27,18,2,2
2016-7351,Monterrey,Hard,32,C,,20161015,28,PB22,6,,Peter Polansky,R,183,CAN,28.334,159,364,F444,,,Alejandro Falla,L,185,COL,32.92,261,200,6-4 6-1,3,QF,60,3,4,55,29,19,16,9,2,4,1,5,51,29,16,8,8,3,8
2016-7351,Monterrey,Hard,32,C,,20161015,29,E873,5,,Ernesto Escobedo,R,185,MEX,20.282,160,364,B896,2,,Benjamin Becker,R,178,GER,35.332,123,495,6-2 2-6 6-3,3,SF,84,10,3,71,46,37,11,12,2,4,9,7,77,51,37,9,13,3,7
2016-7351,Monterrey,Hard,32,C,,20161015,30,KB09,3,,Denis Kudla,R,180,USA,24.162,147,399,PB22,6,,Peter Polansky,R,183,CAN,28.334,159,364,6-2 6-2,3,SF,66,6,1,46,26,21,13,8,3,3,1,4,62,39,22,9,8,6,10
2016-7351,Monterrey,Hard,32,C,,20161015,31,E873,5,,Ernesto Escobedo,R,185,MEX,20.282,160,364,KB09,3,,Denis Kudla,R,180,USA,24.162,147,399,6-4 6-4,3,F,72,10,2,57,35,29,13,10,1,1,9,6,61,33,20,18,10,2,4
2016-7333,Ho Chi Minh City,Hard,32,C,,20161016,1,U134,,,Yasutaka Uchiyama,R,183,JPN,24.197,273,183,J267,1,,Malek Jaziri,R,185,TUN,32.739,49,913,6-1 3-6 7-6(3),3,R32,117,13,0,78,57,41,10,14,2,6,2,2,75,34,25,20,14,1,6
2016-7333,Ho Chi Minh City,Hard,32,C,,20161016,2,SC56,2,,Dudi Sela,R,175,ISR,31.535,68,746,MN20,,,Daniel Masur,R,183,GER,21.944,275,182,0-6 6-2 6-3,3,R32,101,7,2,93,63,40,9,12,11,16,2,9,66,34,27,9,11,6,11
2016-7333,Ho Chi Minh City,Hard,32,C,,20161016,3,DA81,3,,Taro Daniel,R,191,JPN,23.718,90,647,KE64,,,Stefan Kozlov,R,183,USA,18.705,156,381,6-4 6-3,3,R32,90,2,6,60,37,25,15,9,6,7,4,4,61,28,17,16,10,2,6
2016-7333,Ho Chi Minh City,Hard,32,C,,20161016,4,TC61,4,,Jordan Thompson,R,183,AUS,22.491,99,613,R822,,,Laurent Rochette,R,180,FRA,28.695,465,81,6-2 6-3,3,R32,69,3,1,52,37,30,9,9,1,1,0,1,51,28,13,14,8,3,6
2016-7333,Ho Chi Minh City,Hard,32,C,,20161016,5,SC77,5,,Sergiy Stakhovsky,R,193,UKR,30.776,119,506,H997,,,Yannick Hanfmann,R,193,GER,24.925,325,144,6-3 6-4,3,R32,66,4,0,51,34,31,10,10,0,0,3,2,62,43,28,9,9,3,5
2016-7333,Ho Chi Minh City,Hard,32,C,,20161016,6,SC47,6,,Go Soeda,R,178,JPN,32.112,129,470,R862,,,Christopher Rungkat,R,175,INA,26.754,453,86,5-7 6-3 6-1,3,R32,100,9,2,76,39,32,23,14,3,5,7,6,89,55,36,14,14,3,8
2016-7333,Ho Chi Minh City,Hard,32,C,,20161016,7,L949,7,,Henri Laaksonen,R,185,SUI,24.545,139,421,KC12,,,Mitchell Krueger,R,188,USA,22.76,217,250,6-4 6-1,3,R32,71,8,6,62,43,33,9,9,4,4,2,3,46,28,20,7,8,1,4
2016-7333,Ho Chi Minh City,Hard,32,C,,20161016,8,I230,8,,Tatsuma Ito,R,180,JPN,28.413,162,357,PA97,,,Vijay Sundar Prashanth,R,178,IND,29.971,555,59,6-3 6-7(3) 6-1,3,R32,155,13,4,90,55,39,19,13,6,7,11,6,115,67,42,20,15,10,16
2016-7333,Ho Chi Minh City,Hard,32,C,,20161016,9,G967,,,Peter Gojowczyk,R,188,GER,27.255,187,293,RB56,,,Ramkumar Ramanathan,R,188,IND,21.938,228,235,6-4 7-6(1),3,R32,86,14,3,69,41,35,17,11,4,4,6,2,73,49,35,12,11,3,4
2016-7333,Ho Chi Minh City,Hard,32,C,,20161016,10,GA94,,,Prajnesh Gunneswaran,L,188,IND,26.927,344,135,A622,,,Andrea Arnaboldi,L,180,ITA,28.805,252,210,7-6(1) 3-2 RET,3,R32,93,6,1,70,46,37,9,9,8,9,5,3,70,43,29,13,8,4,5
2016-7333,Ho Chi Minh City,Hard,32,C,,20161016,11,LD22,,,Nam Hoang Ly,R,175,VIE,19.639,683,35,TB20,,,Maxime Tabatruong,R,180,FRA,27.061,638,43,6-4 6-4,3,R32,84,0,3,58,45,30,7,10,1,3,4,6,66,35,22,14,10,6,10
2016-7333,Ho Chi Minh City,Hard,32,C,,20161016,12,ME05,,,Marinko Matosevic,R,193,AUS,31.19,229,233,W373,,,Jimmy Wang,R,180,TPE,31.685,398,108,6-2 6-2,3,R32,56,9,2,45,30,23,10,8,0,0,0,5,45,27,14,8,8,2,6
2016-7333,Ho Chi Minh City,Hard,32,C,,20161016,13,ME64,,,Saketh Myneni,R,193,IND,28.994,154,383,W630,,,Andrew Whittington,R,188,AUS,23.181,175,327,6-2 6-4,3,R32,88,9,1,63,37,27,14,9,3,4,4,8,73,45,29,9,9,9,13
2016-7333,Ho Chi Minh City,Hard,32,C,,20161016,14,SQ80,,,Akira Santillan,R,180,AUS,19.403,226,237,MI01,,,Hiroki Moriya,R,168,JPN,26.001,186,296,6-4 6-0,3,R32,78,11,0,56,35,30,6,8,4,5,0,3,54,32,17,7,8,4,9
2016-7333,Ho Chi Minh City,Hard,32,C,,20161016,15,SL92,,,Shuichi Sekiguchi,R,168,JPN,25.257,395,110,N744,,,Thien Nguyen Hoang,R,,VIE,21.599,2002,1,6-1 6-3,3,R32,56,3,0,45,26,19,15,8,1,1,2,4,40,17,10,12,8,2,6
2016-7333,Ho Chi Minh City,Hard,32,C,,20161016,16,SG33,,,Sanam Singh,R,175,IND,28.764,559,58,KA46,,,Yuya Kibi,R,180,JPN,30.234,235,225,6-4 6-4,3,R32,72,1,7,72,33,25,22,10,3,3,3,1,53,27,19,16,10,1,3
2016-7333,Ho Chi Minh City,Hard,32,C,,20161016,17,G967,,,Peter Gojowczyk,R,188,GER,27.255,187,293,SC56,2,,Dudi Sela,R,175,ISR,31.535,68,746,6-1 7-6(3),3,R16,63,8,2,58,25,19,21,10,0,1,8,4,59,37,25,8,9,3,6
2016-7333,Ho Chi Minh City,Hard,32,C,,20161016,18,DA81,3,,Taro Daniel,R,191,JPN,23.718,90,647,ME64,,,Saketh Myneni,R,193,IND,28.994,154,383,6-1 RET,3,R16,36,1,1,23,16,10,5,3,3,3,0,2,22,12,6,2,4,0,3
2016-7333,Ho Chi Minh City,Hard,32,C,,20161016,19,TC61,4,,Jordan Thompson,R,183,AUS,22.491,99,613,SL92,,,Shuichi Sekiguchi,R,168,JPN,25.257,395,110,6-3 6-3,3,R16,67,4,0,40,29,27,6,9,0,1,1,2,52,31,16,12,9,7,11
2016-7333,Ho Chi Minh City,Hard,32,C,,20161016,20,SC77,5,,Sergiy Stakhovsky,R,193,UKR,30.776,119,506,SG33,,,Sanam Singh,R,175,IND,28.764,559,58,6-1 7-5,3,R16,65,10,2,61,41,36,9,10,4,4,1,3,56,37,26,7,9,1,4
2016-7333,Ho Chi Minh City,Hard,32,C,,20161016,21,SC47,6,,Go Soeda,R,178,JPN,32.112,129,470,GA94,,,Prajnesh Gunneswaran,L,188,IND,26.927,344,135,4-6 6-3 6-2,3,R16,104,4,0,78,53,39,14,14,3,5,4,2,84,57,34,16,13,4,8
2016-7333,Ho Chi Minh City,Hard,32,C,,20161016,22,L949,7,,Henri Laaksonen,R,185,SUI,24.545,139,421,ME05,,,Marinko Matosevic,R,193,AUS,31.19,229,233,2-6 6-4 6-3,3,R16,132,4,7,73,41,27,14,13,0,5,5,3,93,50,25,24,14,9,15
2016-7333,Ho Chi Minh City,Hard,32,C,,20161016,23,I230,8,,Tatsuma Ito,R,180,JPN,28.413,162,357,LD22,,,Nam Hoang Ly,R,175,VIE,19.639,683,35,6-2 6-1,3,R16,74,6,0,48,31,24,7,7,3,4,1,3,64,38,19,8,8,3,9
2016-7333,Ho Chi Minh City,Hard,32,C,,20161016,24,U134,,,Yasutaka Uchiyama,R,183,JPN,24.197,273,183,SQ80,,,Akira Santillan,R,180,AUS,19.403,226,237,6-2 6-4,3,R16,73,1,1,48,32,22,12,9,0,1,2,1,45,24,15,9,9,0,4
2016-7333,Ho Chi Minh City,Hard,32,C,,20161016,25,SC47,6,,Go Soeda,R,178,JPN,32.112,129,470,DA81,3,,Taro Daniel,R,191,JPN,23.718,90,647,6-3 6-2,3,QF,67,3,0,46,24,19,12,9,1,3,1,1,46,33,14,5,8,4,9
2016-7333,Ho Chi Minh City,Hard,32,C,,20161016,26,TC61,4,,Jordan Thompson,R,183,AUS,22.491,99,613,SC77,5,,Sergiy Stakhovsky,R,193,UKR,30.776,119,506,6-4 6-7(4) 6-2,3,QF,160,6,0,103,58,42,24,15,5,7,3,5,97,64,39,16,15,7,12
2016-7333,Ho Chi Minh City,Hard,32,C,,20161016,27,L949,7,,Henri Laaksonen,R,185,SUI,24.545,139,421,G967,,,Peter Gojowczyk,R,188,GER,27.255,187,293,7-6(8) 7-5,3,QF,88,3,2,70,41,28,18,12,0,3,2,3,81,34,24,24,12,2,6
2016-7333,Ho Chi Minh City,Hard,32,C,,20161016,28,U134,,,Yasutaka Uchiyama,R,183,JPN,24.197,273,183,I230,8,,Tatsuma Ito,R,180,JPN,28.413,162,357,6-3 6-4,3,QF,79,11,0,66,38,31,15,10,7,7,3,3,49,33,24,8,9,0,2
2016-7333,Ho Chi Minh City,Hard,32,C,,20161016,29,TC61,4,,Jordan Thompson,R,183,AUS,22.491,99,613,L949,7,,Henri Laaksonen,R,185,SUI,24.545,139,421,6-2 4-6 6-4,3,SF,135,7,3,98,60,40,24,14,4,5,4,4,78,42,32,21,14,3,6
2016-7333,Ho Chi Minh City,Hard,32,C,,20161016,30,SC47,6,,Go Soeda,R,178,JPN,32.112,129,470,U134,,,Yasutaka Uchiyama,R,183,JPN,24.197,273,183,6-4 6-3,3,SF,86,3,4,65,36,28,15,9,4,4,4,1,62,44,31,6,10,1,4
2016-7333,Ho Chi Minh City,Hard,32,C,,20161016,31,TC61,4,,Jordan Thompson,R,183,AUS,22.491,99,613,SC47,6,,Go Soeda,R,178,JPN,32.112,129,470,5-7 7-5 6-1,3,F,151,5,4,105,73,51,13,16,8,11,4,2,95,51,34,22,15,7,12
2016-7339,Fairfield,Hard,32,C,,20161017,1,TD51,1,,Frances Tiafoe,R,188,USA,18.741,104,590,RA51,,,Blaz Rola,L,193,SLO,26.034,230,233,7-6(6) 6-3,3,R32,85,3,0,65,39,33,16,11,1,2,4,1,88,56,34,20,10,7,9
2016-7339,Fairfield,Hard,32,C,,20161017,2,G725,2,,Santiago Giraldo,R,188,COL,28.89,108,574,MP01,,,Michael Mmoh,R,188,USA,18.768,241,218,6-3 7-5,3,R32,83,3,2,50,28,20,13,10,2,4,2,4,72,38,18,19,11,3,8
2016-7339,Fairfield,Hard,32,C,,20161017,3,SF62,3,,Tim Smyczek,R,175,USA,28.799,133,448,SU55,,,Denis Shapovalov,L,185,CAN,17.509,242,216,6-2 6-4,3,R32,58,5,2,48,34,28,7,9,0,1,1,7,61,23,17,15,9,3,7
2016-7339,Fairfield,Hard,32,C,,20161017,4,BE54,,,Ruben Bemelmans,L,183,BEL,28.758,218,243,KC86,4,,Darian King,R,188,BAR,24.476,134,447,5-7 7-5 7-6(4),3,R32,164,2,6,116,70,48,21,18,11,17,1,1,135,93,54,22,18,9,15
2016-7339,Fairfield,Hard,32,C,,20161017,5,G983,5,,Alessandro Giannessi,L,185,ITA,26.385,138,428,MG47,,,James McGee,R,183,IRL,29.355,193,286,6-7(2) 7-6(6) 6-3,3,R32,157,2,4,126,79,57,22,16,10,12,9,8,109,64,49,19,17,2,6
2016-7339,Fairfield,Hard,32,C,,20161017,6,PL56,,,Tommy Paul,R,185,USA,19.42,233,225,N674,6,,Dennis Novikov,R,193,USA,22.946,147,399,6-4 6-4,3,R32,66,6,1,54,29,24,11,10,0,2,3,1,67,43,26,12,10,5,9
2016-7339,Fairfield,Hard,32,C,,20161017,7,Z189,7,,Grega Zemlja,R,183,SLO,30.051,157,379,RC96,,,Noah Rubin,R,175,USA,20.654,168,350,7-6(2) 7-6(4),3,R32,97,16,3,82,51,41,12,12,1,3,5,7,89,49,35,18,12,6,8
2016-7339,Fairfield,Hard,32,C,,20161017,8,MN13,8,,Maximilian Marterer,L,188,GER,21.342,173,329,BI23,,,Liam Broady,L,183,GBR,22.784,308,155,7-5 6-4,3,R32,86,3,4,83,53,38,9,11,5,9,6,8,61,32,21,7,11,1,7
2016-7339,Fairfield,Hard,32,C,,20161017,9,BA23,,,Brian Baker,R,191,USA,31.466,268,191,MK66,,,Mackenzie McDonald,R,178,USA,21.506,342,136,6-3 6-4,3,R32,73,2,4,61,38,29,10,10,2,4,3,4,56,34,23,8,9,3,7
2016-7339,Fairfield,Hard,32,C,,20161017,10,DA86,,,Joris De Loore,R,191,BEL,23.491,174,328,S0DQ,,,Keegan Smith,R,201,USA,18.319,1752,1,7-6(2) 6-3,3,R32,83,11,2,65,42,32,15,11,1,2,2,1,68,46,30,11,10,2,4
2016-7339,Fairfield,Hard,32,C,,20161017,11,HB64,,,Quentin Halys,R,191,FRA,19.975,149,397,N555,,,Daniel Nguyen,R,173,USA,26.004,251,209,5-7 6-4 6-2,3,R32,121,12,10,100,48,33,21,15,10,15,0,5,102,63,35,16,15,8,15
2016-7339,Fairfield,Hard,32,C,,20161017,12,K964,,,Brydan Klein,R,188,GBR,26.795,278,182,SL08,,,Tennys Sandgren,R,188,USA,25.24,246,214,4-6 7-5 7-5,3,R32,135,9,4,94,64,52,15,17,2,4,8,1,100,65,45,23,17,3,6
2016-7339,Fairfield,Hard,32,C,,20161017,13,N563,,,Dennis Nevolo,R,,USA,26.82,457,86,BH02,,,Sekou Bangoura,R,183,USA,24.914,248,214,6-4 7-6(5),3,R32,104,2,1,81,47,31,19,11,3,5,4,2,69,44,30,9,11,3,6
2016-7339,Fairfield,Hard,32,C,,20161017,14,N771,,,Cameron Norrie,L,188,GBR,21.153,297,166,F974,,,Tom Fawcett,R,196,USA,20.999,1236,5,6-4 6-1,3,R32,70,0,1,46,22,14,17,9,0,2,2,7,60,31,15,13,8,3,8
2016-7339,Fairfield,Hard,32,C,,20161017,15,O522,,,Reilly Opelka,R,211,USA,19.138,282,180,PB37,,,Hans Podlipnik-Castillo,R,183,CHI,28.772,359,126,6-3 6-1,3,R32,52,13,0,38,15,13,19,8,0,0,1,1,44,22,14,9,8,0,4
2016-7339,Fairfield,Hard,32,C,,20161017,16,SU87,,,Lorenzo Sonego,R,191,ITA,21.437,285,178,D499,,,Frank Dancevic,R,185,CAN,32.057,263,200,6-3 6-0,3,R32,52,5,2,56,33,28,10,8,1,1,2,2,40,25,12,7,7,3,7
2016-7339,Fairfield,Hard,32,C,,20161017,17,HB64,,,Quentin Halys,R,191,FRA,19.975,149,397,TD51,1,,Frances Tiafoe,R,188,USA,18.741,104,590,6-2 4-6 7-5,3,R16,115,12,8,109,60,40,28,15,12,14,5,2,95,65,45,13,15,6,10
2016-7339,Fairfield,Hard,32,C,,20161017,18,G725,2,,Santiago Giraldo,R,188,COL,28.89,108,574,BA23,,,Brian Baker,R,191,USA,31.466,268,191,6-4 5-7 6-4,3,R16,130,5,1,94,65,49,15,16,5,8,7,5,102,65,42,17,16,2,6
2016-7339,Fairfield,Hard,32,C,,20161017,19,DA86,,,Joris De Loore,R,191,BEL,23.491,174,328,SF62,3,,Tim Smyczek,R,175,USA,28.799,133,448,6-4 7-6(5),3,R16,91,13,1,67,48,41,9,11,5,6,7,4,73,38,27,20,11,2,4
2016-7339,Fairfield,Hard,32,C,,20161017,20,G983,5,,Alessandro Giannessi,L,185,ITA,26.385,138,428,SU87,,,Lorenzo Sonego,R,191,ITA,21.437,285,178,6-2 6-4,3,R16,68,0,0,46,31,24,10,9,1,2,6,4,55,33,22,9,9,4,8
2016-7339,Fairfield,Hard,32,C,,20161017,21,Z189,7,,Grega Zemlja,R,183,SLO,30.051,157,379,N563,,,Dennis Nevolo,R,,USA,26.82,457,86,6-2 6-3,3,R16,61,6,3,59,30,23,15,9,3,4,1,0,46,23,15,10,8,5,9
2016-7339,Fairfield,Hard,32,C,,20161017,22,MN13,8,,Maximilian Marterer,L,188,GER,21.342,173,329,O522,,,Reilly Opelka,R,211,USA,19.138,282,180,3-6 7-6(4) 7-5,3,R16,118,6,5,96,68,53,14,16,5,7,20,3,99,54,45,24,17,5,7
2016-7339,Fairfield,Hard,32,C,,20161017,23,K964,,,Brydan Klein,R,188,GBR,26.795,278,182,BE54,,,Ruben Bemelmans,L,183,BEL,28.758,218,243,6-3 5-7 7-6(4),3,R16,132,11,1,114,74,53,22,17,6,8,4,1,88,61,51,12,16,1,3
2016-7339,Fairfield,Hard,32,C,,20161017,24,PL56,,,Tommy Paul,R,185,USA,19.42,233,225,N771,,,Cameron Norrie,L,188,GBR,21.153,297,166,1-6 6-3 6-4,3,R16,106,2,3,86,48,30,17,13,5,9,4,3,89,53,34,19,13,7,11
2016-7339,Fairfield,Hard,32,C,,20161017,25,G725,2,,Santiago Giraldo,R,188,COL,28.89,108,574,Z189,7,,Grega Zemlja,R,183,SLO,30.051,157,379,6-1 6-4,3,QF,71,3,0,50,28,23,11,9,0,1,11,3,65,36,25,7,8,7,11
2016-7339,Fairfield,Hard,32,C,,20161017,26,DA86,,,Joris De Loore,R,191,BEL,23.491,174,328,G983,5,,Alessandro Giannessi,L,185,ITA,26.385,138,428,6-4 6-1,3,QF,72,3,1,50,30,24,13,9,4,5,1,6,55,34,19,9,8,5,9
2016-7339,Fairfield,Hard,32,C,,20161017,27,HB64,,,Quentin Halys,R,191,FRA,19.975,149,397,MN13,8,,Maximilian Marterer,L,188,GER,21.342,173,329,6-0 RET,3,QF,19,0,0,17,11,9,3,3,0,0,0,0,17,12,5,0,3,1,4
2016-7339,Fairfield,Hard,32,C,,20161017,28,K964,,,Brydan Klein,R,188,GBR,26.795,278,182,PL56,,,Tommy Paul,R,185,USA,19.42,233,225,7-6(5) 3-6 6-1,3,QF,108,6,2,88,54,39,19,14,3,5,6,5,80,45,35,18,14,1,4
2016-7339,Fairfield,Hard,32,C,,20161017,29,G725,2,,Santiago Giraldo,R,188,COL,28.89,108,574,DA86,,,Joris De Loore,R,191,BEL,23.491,174,328,6-3 6-4,3,SF,74,4,0,51,31,27,15,10,1,1,8,3,69,34,21,21,9,3,5
2016-7339,Fairfield,Hard,32,C,,20161017,30,HB64,,,Quentin Halys,R,191,FRA,19.975,149,397,K964,,,Brydan Klein,R,188,GBR,26.795,278,182,6-2 6-4,3,SF,72,11,1,45,34,26,8,9,2,3,2,3,59,43,29,3,9,7,11
2016-7339,Fairfield,Hard,32,C,,20161017,31,G725,2,,Santiago Giraldo,R,188,COL,28.89,108,574,HB64,,,Quentin Halys,R,191,FRA,19.975,149,397,4-6 6-4 6-2,3,F,97,1,0,72,45,37,16,14,0,2,7,7,83,39,28,22,14,5,9
2016-7343,Ningbo,Hard,32,C,,20161023,1,MH30,1,,John Millman,R,183,AUS,27.359,75,715,KC12,,,Mitchell Krueger,R,188,USA,22.779,213,250,6-1 6-2,3,R32,65,2,0,44,28,18,12,8,1,2,2,2,45,22,10,8,7,7,12
2016-7343,Ningbo,Hard,32,C,,20161023,2,L575,2,,Yen-Hsun Lu,R,180,TPE,33.194,81,684,E678,,,Jonathan Eysseric,L,180,FRA,26.409,252,209,6-2 7-6(3),3,R32,92,1,2,60,37,30,17,10,2,2,3,3,72,44,30,13,10,6,8
2016-7343,Ningbo,Hard,32,C,,20161023,3,U134,,,Yasutaka Uchiyama,R,183,JPN,24.216,254,208,SC77,4,,Sergiy Stakhovsky,R,193,UKR,30.795,117,523,6-4 6-3,3,R32,82,2,0,63,46,34,9,10,6,7,8,0,51,37,26,6,9,2,5
2016-7343,Ningbo,Hard,32,C,,20161023,4,SC47,5,,Go Soeda,R,178,JPN,32.131,125,490,A622,,,Andrea Arnaboldi,L,180,ITA,28.824,250,210,6-4 3-6 6-2,3,R32,109,6,0,70,59,43,7,13,1,3,3,4,82,53,39,10,14,1,5
2016-7343,Ningbo,Hard,32,C,,20161023,5,CH27,6,,Hyeon Chung,R,188,KOR,20.43,146,400,Z272,,,Ze Zhang,R,188,CHN,26.305,196,280,7-6(5) 6-4,3,R32,118,4,4,77,43,31,16,11,2,5,4,2,83,51,34,12,11,3,7
2016-7343,Ningbo,Hard,32,C,,20161023,6,KE64,7,,Stefan Kozlov,R,183,USA,18.724,155,381,W373,,,Jimmy Wang,R,180,TPE,31.704,398,108,6-2 6-4,3,R32,71,9,0,54,27,22,17,9,3,3,1,2,49,30,18,12,9,2,5
2016-7343,Ningbo,Hard,32,C,,20161023,7,LE01,8,,Duckhee Lee,R,170,KOR,18.404,156,380,H997,,,Yannick Hanfmann,R,193,GER,24.945,326,144,6-2 6-4,3,R32,74,1,1,56,34,23,12,9,4,6,5,2,68,45,25,8,9,8,13
2016-7343,Ningbo,Hard,32,C,,20161023,8,D917,,,Sadio Doumbia,R,183,FRA,26.114,378,116,W614,,,Chuhan Wang,R,188,CHN,24.663,584,53,6-2 7-5,3,R32,102,5,10,80,43,30,17,10,13,16,1,4,65,35,18,12,10,9,15
2016-7343,Ningbo,Hard,32,C,,20161023,9,G967,,,Peter Gojowczyk,R,188,GER,27.274,183,310,SQ80,,,Akira Santillan,R,180,AUS,19.422,219,242,6-2 7-6(3),3,R32,73,4,1,58,33,26,16,10,2,4,1,3,71,43,26,10,10,6,10
2016-7343,Ningbo,Hard,32,C,,20161023,10,K863,,,Cheong-Eui Kim,,,KOR,26.587,413,101,ME05,,,Marinko Matosevic,R,193,AUS,31.209,220,241,6-3 7-6(5),3,R32,92,0,1,66,41,26,16,11,4,6,2,1,75,44,30,12,10,4,7
2016-7343,Ningbo,Hard,32,C,,20161023,11,K596,,,Alexander Kudryavtsev,R,183,RUS,30.992,177,326,KA46,,,Yuya Kibi,R,180,JPN,30.253,235,225,7-6(0) 4-6 6-3,3,R32,117,11,2,100,61,43,19,16,4,9,3,2,108,72,39,22,15,8,13
2016-7343,Ningbo,Hard,32,C,,20161023,12,MN20,,,Daniel Masur,R,183,GER,21.963,287,177,C813,,,Ti Chen,R,178,TPE,33.057,243,216,6-4 6-4,3,R32,81,9,0,55,32,26,13,10,1,2,5,3,61,34,26,11,10,5,8
2016-7343,Ningbo,Hard,32,C,,20161023,13,MI01,,,Hiroki Moriya,R,168,JPN,26.021,189,296,W630,,,Andrew Whittington,R,188,AUS,23.201,175,327,7-6(4) 7-5,3,R32,115,1,0,85,60,42,15,12,4,6,4,2,75,53,37,10,12,5,8
2016-7343,Ningbo,Hard,32,C,,20161023,14,SL92,,,Shuichi Sekiguchi,R,168,JPN,25.276,366,123,SX90,,,Fajing Sun,R,178,CHN,20.055,585,53,6-3 7-5,3,R32,109,0,1,66,41,28,14,10,9,11,2,9,86,57,35,8,11,11,16
2016-7343,Ningbo,Hard,32,C,,20161023,15,W571,,,Di Wu,R,173,CHN,25.109,163,355,R750,,,Pere Riba,R,183,ESP,28.545,249,211,6-3 6-4,3,R32,79,0,2,56,30,22,15,10,1,3,2,3,50,32,20,5,9,0,4
2016-7343,Ningbo,Hard,32,C,,20161023,16,WB32,,,Yibing Wu,R,183,CHN,17.027,1234,5,KF17,,,Soonwoo Kwon,R,180,KOR,18.891,302,161,6-7(0) 7-6(10) 6-4,3,R32,165,5,5,140,81,55,29,17,10,13,7,3,112,63,45,26,17,6,10
2016-7343,Ningbo,Hard,32,C,,20161023,17,MH30,1,,John Millman,R,183,AUS,27.359,75,715,G967,,,Peter Gojowczyk,R,188,GER,27.274,183,310,7-6(6) 6-2,3,R16,93,2,4,75,41,28,19,10,4,6,0,3,67,40,21,13,10,3,7
2016-7343,Ningbo,Hard,32,C,,20161023,18,L575,2,,Yen-Hsun Lu,R,180,TPE,33.194,81,684,K596,,,Alexander Kudryavtsev,R,183,RUS,30.992,177,326,7-5 6-4,3,R16,85,3,1,67,43,30,15,11,1,2,6,0,72,48,32,11,11,6,9
2016-7343,Ningbo,Hard,32,C,,20161023,19,SC47,5,,Go Soeda,R,178,JPN,32.131,125,490,SL92,,,Shuichi Sekiguchi,R,168,JPN,25.276,366,123,6-3 6-0,3,R16,76,0,0,49,21,14,19,8,4,5,1,1,42,24,9,9,7,2,7
2016-7343,Ningbo,Hard,32,C,,20161023,20,CH27,6,,Hyeon Chung,R,188,KOR,20.43,146,400,WB32,,,Yibing Wu,R,183,CHN,17.027,1234,5,6-1 6-1,3,R16,47,3,2,37,25,23,6,7,0,0,0,3,45,30,14,6,7,3,8
2016-7343,Ningbo,Hard,32,C,,20161023,21,KE64,7,,Stefan Kozlov,R,183,USA,18.724,155,381,W571,,,Di Wu,R,173,CHN,25.109,163,355,7-6(4) 6-3,3,R16,122,0,6,93,54,36,19,11,4,7,2,4,75,50,32,9,10,5,9
2016-7343,Ningbo,Hard,32,C,,20161023,22,LE01,8,,Duckhee Lee,R,170,KOR,18.404,156,380,MN20,,,Daniel Masur,R,183,GER,21.963,287,177,6-3 6-1,3,R16,61,5,0,45,30,24,9,8,0,0,2,4,55,37,22,5,8,3,7
2016-7343,Ningbo,Hard,32,C,,20161023,23,K863,,,Cheong-Eui Kim,,,KOR,26.587,413,101,D917,,,Sadio Doumbia,R,183,FRA,26.114,378,116,6-4 6-4,3,R16,72,4,0,54,39,30,11,10,1,1,3,4,58,38,24,14,10,4,6
2016-7343,Ningbo,Hard,32,C,,20161023,24,MI01,,,Hiroki Moriya,R,168,JPN,26.021,189,296,U134,,,Yasutaka Uchiyama,R,183,JPN,24.216,254,208,2-6 6-4 6-4,3,R16,129,2,4,77,40,28,23,14,1,4,0,1,85,64,45,10,14,5,8
2016-7343,Ningbo,Hard,32,C,,20161023,25,MH30,1,,John Millman,R,183,AUS,27.359,75,715,SC47,5,,Go Soeda,R,178,JPN,32.131,125,490,6-3 6-4,3,QF,72,4,0,52,32,24,12,10,0,2,4,1,66,44,23,12,9,5,9
2016-7343,Ningbo,Hard,32,C,,20161023,26,L575,2,,Yen-Hsun Lu,R,180,TPE,33.194,81,684,KE64,7,,Stefan Kozlov,R,183,USA,18.724,155,381,3-6 6-4 6-4,3,QF,112,6,7,90,54,39,19,14,8,11,9,3,82,43,29,23,15,4,8
2016-7343,Ningbo,Hard,32,C,,20161023,27,CH27,6,,Hyeon Chung,R,188,KOR,20.43,146,400,K863,,,Cheong-Eui Kim,,,KOR,26.587,413,101,6-3 6-4,3,QF,79,3,2,51,32,28,14,10,2,2,3,0,70,42,28,12,9,6,8
2016-7343,Ningbo,Hard,32,C,,20161023,28,MI01,,,Hiroki Moriya,R,168,JPN,26.021,189,296,LE01,8,,Duckhee Lee,R,170,KOR,18.404,156,380,6-2 6-2,3,QF,61,1,0,42,20,18,16,8,1,1,1,0,52,29,16,10,8,3,7
2016-7343,Ningbo,Hard,32,C,,20161023,29,MI01,,,Hiroki Moriya,R,168,JPN,26.021,189,296,MH30,1,,John Millman,R,183,AUS,27.359,75,715,6-2 4-3 RET,3,SF,61,2,0,50,28,19,14,7,6,7,7,1,47,28,15,9,8,3,7
2016-7343,Ningbo,Hard,32,C,,20161023,30,L575,2,,Yen-Hsun Lu,R,180,TPE,33.194,81,684,CH27,6,,Hyeon Chung,R,188,KOR,20.43,146,400,6-7(3) 7-6(7) 6-2,3,SF,155,11,8,113,63,49,23,16,5,8,11,3,118,82,58,15,16,12,17
2016-7343,Ningbo,Hard,32,C,,20161023,31,L575,2,,Yen-Hsun Lu,R,180,TPE,33.194,81,684,MI01,,,Hiroki Moriya,R,168,JPN,26.021,189,296,6-3 6-1,3,F,82,4,0,42,26,19,11,8,1,2,1,1,69,40,19,14,8,12,17
2016-7345,Las Vegas,Hard,32,C,,20161023,1,Z189,,,Grega Zemlja,R,183,SLO,30.067,157,379,E224,1,,Victor Estrella Burgos,R,170,DOM,36.225,94,643,6-3 6-1,3,R32,50,12,3,40,24,22,11,8,3,3,2,4,50,32,18,8,8,3,7
2016-7345,Las Vegas,Hard,32,C,,20161023,2,K964,,,Brydan Klein,R,188,GBR,26.812,278,182,TD51,2,,Frances Tiafoe,R,188,USA,18.757,104,590,2-6 7-5 6-3,3,R32,109,10,6,97,63,43,16,15,10,14,7,4,82,51,35,13,14,3,7
2016-7345,Las Vegas,Hard,32,C,,20161023,3,F811,3,,Bjorn Fratangelo,R,183,USA,23.264,112,533,BI23,,,Liam Broady,L,183,GBR,22.801,308,155,1-6 6-3 6-3,3,R32,105,3,3,75,49,32,13,12,6,9,9,4,87,58,39,12,13,8,12
2016-7345,Las Vegas,Hard,32,C,,20161023,4,G725,4,,Santiago Giraldo,R,188,COL,28.906,108,574,O340,,,Roberto Ortega-Olmedo,R,168,ESP,25.484,340,138,6-3 6-2,3,R32,71,3,1,54,36,28,10,9,0,1,3,4,66,36,21,12,8,10,14
2016-7345,Las Vegas,Hard,32,C,,20161023,5,KC86,5,,Darian King,R,188,BAR,24.493,134,447,SI36,,,Eduardo Struvay,R,,COL,25.851,190,288,6-7(5) 7-5 RET,3,R32,,4,0,66,48,35,10,12,0,2,14,3,96,55,40,18,12,10,13
2016-7345,Las Vegas,Hard,32,C,,20161023,6,TC12,,,Mikael Torpegaard,R,193,DEN,22.461,371,120,KB09,6,,Denis Kudla,R,180,USA,24.183,131,454,6-3 6-2,3,R32,66,5,3,46,31,23,7,8,2,3,4,4,63,33,19,10,9,2,7
2016-7345,Las Vegas,Hard,32,C,,20161023,7,N674,7,,Dennis Novikov,R,193,USA,22.962,147,399,MG47,,,James McGee,R,183,IRL,29.372,193,286,6-4 6-1,3,R32,63,4,3,55,37,27,11,8,6,6,4,4,56,33,20,9,9,2,6
2016-7345,Las Vegas,Hard,32,C,,20161023,8,TA29,8,,Marco Trungelliti,R,178,ARG,26.727,153,388,CC32,,,Guilherme Clezar,R,180,BRA,23.811,212,253,3-6 6-4 6-4,3,R32,107,3,4,83,57,39,15,15,1,4,3,4,85,51,36,18,14,1,4
2016-7345,Las Vegas,Hard,32,C,,20161023,9,BH02,,,Sekou Bangoura,R,183,USA,24.931,248,214,SL07,,,Alexander Sarkissian,R,191,USA,26.557,203,268,7-6(2) RET,3,R32,51,4,0,50,33,24,10,6,5,5,4,1,32,19,16,10,6,0,0
2016-7345,Las Vegas,Hard,32,C,,20161023,10,CE25,,,Salvatore Caruso,R,185,ITA,23.855,314,151,A853,,,Marcelo Arevalo,R,191,ESA,26.018,184,307,6-2 6-4,3,R32,87,3,0,67,41,28,15,9,7,8,3,4,61,33,22,11,9,6,10
2016-7345,Las Vegas,Hard,32,C,,20161023,11,E873,,,Ernesto Escobedo,R,185,MEX,20.304,129,474,F444,,,Alejandro Falla,L,185,COL,32.942,239,220,6-4 6-3,3,R32,72,0,4,56,39,29,7,9,2,3,6,3,79,46,28,14,10,8,12
2016-7345,Las Vegas,Hard,32,C,,20161023,12,G940,,,Sam Groth,R,193,AUS,29.013,237,223,GD08,,,Lloyd Glasspool,R,191,GBR,22.927,292,173,7-5 6-3,3,R32,74,14,3,55,40,33,9,10,0,0,0,1,80,50,31,16,11,7,10
2016-7345,Las Vegas,Hard,32,C,,20161023,13,KA00,,,Austin Krajicek,L,188,USA,26.355,236,224,PL56,,,Tommy Paul,R,185,USA,19.436,233,225,7-6(5) 2-1 RET,3,R32,59,3,1,39,29,25,6,7,0,0,3,1,62,53,34,6,8,5,6
2016-7345,Las Vegas,Hard,32,C,,20161023,14,L733,,,Zhe Li,R,183,CHN,30.092,259,203,A0AA,,,Jakob Amilon,,,SWE,22.398,,,6-1 7-6(5),3,R32,96,4,4,52,32,27,14,9,0,0,2,3,84,57,36,11,10,6,9
2016-7345,Las Vegas,Hard,32,C,,20161023,15,PB22,,,Peter Polansky,R,183,CAN,28.356,150,394,V600,,,Tucker Vorster,R,196,RSA,28.137,487,74,6-4 7-6(5),3,R32,71,7,2,54,33,31,19,11,0,0,5,2,65,46,37,9,11,0,1
2016-7345,Las Vegas,Hard,32,C,,20161023,16,SL08,,,Tennys Sandgren,R,188,USA,25.257,246,214,SP05,,,Evan Song,L,178,USA,24.378,722,31,6-4 6-4,3,R32,84,4,2,67,37,24,19,10,2,3,2,1,61,41,25,12,10,3,6
2016-7345,Las Vegas,Hard,32,C,,20161023,17,G940,,,Sam Groth,R,193,AUS,29.013,237,223,F811,3,,Bjorn Fratangelo,R,183,USA,23.264,112,533,7-6(3) 7-5,3,R16,89,20,3,66,41,38,15,12,0,0,3,4,81,53,38,16,12,5,6
2016-7345,Las Vegas,Hard,32,C,,20161023,18,G725,4,,Santiago Giraldo,R,188,COL,28.906,108,574,PB22,,,Peter Polansky,R,183,CAN,28.356,150,394,W/O,3,R16,,,,,,,,,,,,,,,,,,,
2016-7345,Las Vegas,Hard,32,C,,20161023,19,SL08,,,Tennys Sandgren,R,188,USA,25.257,246,214,KC86,5,,Darian King,R,188,BAR,24.493,134,447,6-4 6-4,3,R16,74,5,1,61,40,29,12,10,2,3,4,1,61,47,29,8,10,6,9
2016-7345,Las Vegas,Hard,32,C,,20161023,20,BH02,,,Sekou Bangoura,R,183,USA,24.931,248,214,N674,7,,Dennis Novikov,R,193,USA,22.962,147,399,7-6(6) 6-4,3,R16,109,9,1,97,56,38,23,11,5,6,9,4,80,45,34,17,11,3,5
2016-7345,Las Vegas,Hard,32,C,,20161023,21,TA29,8,,Marco Trungelliti,R,178,ARG,26.727,153,388,E873,,,Ernesto Escobedo,R,185,MEX,20.304,129,474,7-5 6-0,3,R16,61,5,3,55,33,22,12,9,2,4,5,6,58,39,23,3,9,2,8
2016-7345,Las Vegas,Hard,32,C,,20161023,22,K964,,,Brydan Klein,R,188,GBR,26.812,278,182,L733,,,Zhe Li,R,183,CHN,30.092,259,203,6-1 1-6 6-3,3,R16,98,4,1,57,41,32,10,12,0,2,5,2,73,49,31,12,11,3,6
2016-7345,Las Vegas,Hard,32,C,,20161023,23,TC12,,,Mikael Torpegaard,R,193,DEN,22.461,371,120,KA00,,,Austin Krajicek,L,188,USA,26.355,236,224,7-6(6) 6-3,3,R16,74,14,3,70,45,36,17,11,1,1,8,1,60,50,40,4,10,2,3
2016-7345,Las Vegas,Hard,32,C,,20161023,24,Z189,,,Grega Zemlja,R,183,SLO,30.067,157,379,CE25,,,Salvatore Caruso,R,185,ITA,23.855,314,151,6-3 6-4,3,R16,67,9,4,56,37,30,10,10,2,3,6,1,58,37,23,10,9,6,9
2016-7345,Las Vegas,Hard,32,C,,20161023,25,G725,4,,Santiago Giraldo,R,188,COL,28.906,108,574,TC12,,,Mikael Torpegaard,R,193,DEN,22.461,371,120,6-7(4) 6-3 6-2,3,QF,121,3,2,88,48,39,22,15,1,3,5,7,97,47,36,21,14,11,16
2016-7345,Las Vegas,Hard,32,C,,20161023,26,TA29,8,,Marco Trungelliti,R,178,ARG,26.727,153,388,Z189,,,Grega Zemlja,R,183,SLO,30.067,157,379,7-6(3) 7-6(5),3,QF,102,7,2,83,54,43,12,12,0,2,12,5,82,40,32,22,12,0,2
2016-7345,Las Vegas,Hard,32,C,,20161023,27,BH02,,,Sekou Bangoura,R,183,USA,24.931,248,214,K964,,,Brydan Klein,R,188,GBR,26.812,278,182,6-4 3-6 6-4,3,QF,141,9,5,95,54,39,21,14,7,9,7,6,94,58,38,19,15,6,9
2016-7345,Las Vegas,Hard,32,C,,20161023,28,G940,,,Sam Groth,R,193,AUS,29.013,237,223,SL08,,,Tennys Sandgren,R,188,USA,25.257,246,214,7-6(2) 7-5,3,QF,81,10,2,67,43,37,17,12,0,0,5,1,73,48,34,16,12,1,2
2016-7345,Las Vegas,Hard,32,C,,20161023,29,G725,4,,Santiago Giraldo,R,188,COL,28.906,108,574,TA29,8,,Marco Trungelliti,R,178,ARG,26.727,153,388,7-5 6-7(2) 7-6(5),3,SF,173,4,6,122,73,45,24,18,8,14,6,13,124,74,56,17,18,7,14
2016-7345,Las Vegas,Hard,32,C,,20161023,30,G940,,,Sam Groth,R,193,AUS,29.013,237,223,BH02,,,Sekou Bangoura,R,183,USA,24.931,248,214,7-6(5) 6-4,3,SF,79,21,6,68,45,40,10,11,0,0,3,2,69,38,28,21,11,1,2
2016-7345,Las Vegas,Hard,32,C,,20161023,31,G940,,,Sam Groth,R,193,AUS,29.013,237,223,G725,4,,Santiago Giraldo,R,188,COL,28.906,108,574,6-7(4) 6-4 7-5,3,F,114,30,1,100,60,53,25,17,4,4,3,2,97,80,62,8,17,1,3
2016-7100,Pune,Hard,32,C,,20161029,1,D864,1,,Evgeny Donskoy,R,185,RUS,26.475,108,538,J465,,,Mohit Mayur Jayaprakash,R,178,IND,23.124,748,27,6-4 6-2,3,R32,69,8,1,54,38,30,9,9,0,0,5,1,66,42,26,12,9,10,13
2016-7100,Pune,Hard,32,C,,20161029,2,LE01,2,,Duckhee Lee,R,170,KOR,18.42,152,394,N670,,,Hugo Nys,R,183,MON,25.7,349,129,6-3 6-7(4) 6-1,3,R32,109,5,7,102,60,46,23,15,5,6,7,8,87,46,33,19,13,5,9
2016-7100,Pune,Hard,32,C,,20161029,3,ME64,3,,Saketh Myneni,R,193,IND,29.029,203,272,PE02,,,Danilo Petrovic,R,203,SRB,24.764,342,134,1-6 6-3 7-6(3),3,R32,87,10,0,86,60,43,17,14,3,5,11,7,74,46,39,17,14,0,1
2016-7100,Pune,Hard,32,C,,20161029,4,MB53,,,Adrian Menendez-Maceiras,R,183,ESP,31.003,248,210,DA30,,,Shalva Dzhanashiya,L,178,RUS,24.175,1309,4,6-2 6-2,3,R32,57,9,4,40,23,18,11,8,1,2,0,4,51,40,22,2,8,2,7
2016-7100,Pune,Hard,32,C,,20161029,5,RB56,5,,Ramkumar Ramanathan,R,188,IND,21.974,229,229,Z301,,,Alexander Zhurbin,L,178,RUS,24.791,621,46,6-2 3-6 6-3,3,R32,98,13,3,87,59,43,12,13,6,8,3,1,83,47,30,18,13,3,7
2016-7100,Pune,Hard,32,C,,20161029,6,MM66,6,,Nikola Milojevic,R,188,SRB,21.363,220,240,N558,,,N.Sriram Balaji,R,180,IND,26.617,442,90,7-5 7-6(2),3,R32,131,6,6,82,44,35,19,12,4,5,12,4,87,51,39,12,12,6,8
2016-7100,Pune,Hard,32,C,,20161029,7,PG20,7,,Dmitry Popko,R,191,KAZ,20.014,265,198,SG33,,,Sanam Singh,R,175,IND,28.799,608,48,3-6 7-6(6) 7-6(5),3,R32,149,6,7,124,69,54,22,17,9,14,8,6,110,63,44,27,16,7,10
2016-7100,Pune,Hard,32,C,,20161029,8,GA94,8,,Prajnesh Gunneswaran,L,188,IND,26.962,346,133,BK35,,,Haadin Salim Bava,R,170,IND,21.906,907,16,7-5 2-6 6-4,3,R32,120,5,3,82,55,43,13,15,1,3,3,2,86,42,29,28,15,4,6
2016-7100,Pune,Hard,32,C,,20161029,9,D917,,,Sadio Doumbia,R,183,FRA,26.13,359,125,MP13,,,Mukund Sasikumar,R,185,IND,19.789,516,68,4-6 6-4 6-4,3,R32,124,9,4,98,67,48,16,15,2,4,2,2,93,61,39,18,15,6,9
2016-7100,Pune,Hard,32,C,,20161029,10,MJ69,,,Luca Margaroli,R,183,SUI,24.704,1269,5,BM28,,,Anvit Bendre,R,175,IND,21.67,1624,2,6-3 6-3,3,R32,53,8,0,46,38,30,6,9,0,0,4,4,62,30,23,13,9,6,9
2016-7100,Pune,Hard,32,C,,20161029,11,N897,,,Sumit Nagal,R,178,IND,19.203,352,127,GB71,,,Marc Giner,R,183,ESP,25.366,440,90,7-5 6-3,3,R32,74,6,3,57,35,29,13,10,6,7,4,5,65,38,24,13,11,1,5
2016-7100,Pune,Hard,32,C,,20161029,12,PA97,,,Vijay Sundar Prashanth,R,178,IND,30.007,551,59,PM27,,,Jayesh Pungliya,R,178,IND,20.101,1038,10,6-2 6-4,3,R32,61,6,1,55,32,22,15,9,1,2,2,2,55,43,26,3,9,4,8
2016-7100,Pune,Hard,32,C,,20161029,13,RB86,,,Sidharth Rawat,R,175,IND,23.524,644,41,V502,,,Ranjeet Virali-Murugesan,,,IND,31.08,853,19,7-5 6-7(3) 6-2,3,R32,147,7,2,105,55,38,25,16,5,9,0,2,96,57,30,23,16,2,9
2016-7100,Pune,Hard,32,C,,20161029,14,RE45,,,Fabien Reboul,R,185,FRA,21.139,649,40,DB64,,,Marat Deviatiarov,R,188,UKR,22.53,668,38,7-6(4) 5-7 6-4,3,R32,157,1,7,104,71,50,15,17,2,6,5,7,111,66,47,19,17,3,7
2016-7100,Pune,Hard,32,C,,20161029,15,S0DK,,,Dhruv Sunish,R,170,IND,16.945,1640,1,VA48,,,Siddharth Vishwakarma,L,191,IND,22.062,1241,5,6-4 2-6 6-3,3,R32,109,2,3,84,47,29,23,14,3,7,4,2,81,52,35,11,13,3,7
2016-7100,Pune,Hard,32,C,,20161029,16,V505,,,Vishnu Vardhan,R,188,IND,29.259,415,99,SM71,,,Vinayak Sharma Kaza,R,180,IND,25.591,1071,9,7-6(2) 6-4,3,R32,79,15,5,64,35,30,16,11,0,2,6,0,61,49,33,6,11,0,3
2016-7100,Pune,Hard,32,C,,20161029,17,D864,1,,Evgeny Donskoy,R,185,RUS,26.475,108,538,S0DK,,,Dhruv Sunish,R,170,IND,16.945,1640,1,6-3 6-2,3,R16,59,3,1,44,27,24,12,9,0,0,3,2,44,20,11,12,8,3,6
2016-7100,Pune,Hard,32,C,,20161029,18,LE01,2,,Duckhee Lee,R,170,KOR,18.42,152,394,MJ69,,,Luca Margaroli,R,183,SUI,24.704,1269,5,7-6(3) 6-3,3,R16,69,4,1,57,26,21,24,11,1,2,6,2,62,43,28,11,10,3,5
2016-7100,Pune,Hard,32,C,,20161029,19,ME64,3,,Saketh Myneni,R,193,IND,29.029,203,272,RB86,,,Sidharth Rawat,R,175,IND,23.524,644,41,6-0 2-6 6-1,3,R16,71,4,1,73,49,32,14,11,7,9,3,1,52,29,17,9,10,3,8
2016-7100,Pune,Hard,32,C,,20161029,20,MB53,,,Adrian Menendez-Maceiras,R,183,ESP,31.003,248,210,N897,,,Sumit Nagal,R,178,IND,19.203,352,127,6-7(2) 7-6(6) 6-4,3,R16,195,13,5,119,74,50,24,17,1,4,3,6,122,66,48,28,17,9,13
2016-7100,Pune,Hard,32,C,,20161029,21,D917,,,Sadio Doumbia,R,183,FRA,26.13,359,125,RB56,5,,Ramkumar Ramanathan,R,188,IND,21.974,229,229,6-2 7-5,3,R16,87,0,1,71,55,36,10,10,7,8,9,4,67,35,23,13,10,1,5
2016-7100,Pune,Hard,32,C,,20161029,22,MM66,6,,Nikola Milojevic,R,188,SRB,21.363,220,240,RE45,,,Fabien Reboul,R,185,FRA,21.139,649,40,6-1 7-6(3),3,R16,89,2,2,72,39,32,17,10,4,5,3,1,61,33,20,14,9,2,5
2016-7100,Pune,Hard,32,C,,20161029,23,PG20,7,,Dmitry Popko,R,191,KAZ,20.014,265,198,V505,,,Vishnu Vardhan,R,188,IND,29.259,415,99,6-4 6-4,3,R16,69,8,1,59,37,30,13,10,0,0,12,3,51,31,25,11,10,0,2
2016-7100,Pune,Hard,32,C,,20161029,24,GA94,8,,Prajnesh Gunneswaran,L,188,IND,26.962,346,133,PA97,,,Vijay Sundar Prashanth,R,178,IND,30.007,551,59,6-4 6-2,3,R16,74,6,2,63,45,30,12,9,3,4,0,5,66,43,30,6,9,5,9
2016-7100,Pune,Hard,32,C,,20161029,25,D917,,,Sadio Doumbia,R,183,FRA,26.13,359,125,D864,1,,Evgeny Donskoy,R,185,RUS,26.475,108,538,3-6 6-4 6-4,3,QF,117,9,8,106,65,42,21,15,11,16,4,3,64,33,24,17,14,1,6
2016-7100,Pune,Hard,32,C,,20161029,26,LE01,2,,Duckhee Lee,R,170,KOR,18.42,152,394,PG20,7,,Dmitry Popko,R,191,KAZ,20.014,265,198,6-3 6-4,3,QF,66,8,3,58,35,26,15,10,1,2,4,1,64,35,23,12,9,4,7
2016-7100,Pune,Hard,32,C,,20161029,27,GA94,8,,Prajnesh Gunneswaran,L,188,IND,26.962,346,133,ME64,3,,Saketh Myneni,R,193,IND,29.029,203,272,6-7(5) 6-2 6-0,3,QF,92,3,4,76,48,36,16,13,0,1,0,2,85,57,35,10,13,4,10
2016-7100,Pune,Hard,32,C,,20161029,28,MM66,6,,Nikola Milojevic,R,188,SRB,21.363,220,240,MB53,,,Adrian Menendez-Maceiras,R,183,ESP,31.003,248,210,6-4 7-6(3),3,QF,117,6,3,83,57,42,15,11,3,3,5,0,71,45,34,16,11,3,4
2016-7100,Pune,Hard,32,C,,20161029,29,GA94,8,,Prajnesh Gunneswaran,L,188,IND,26.962,346,133,LE01,2,,Duckhee Lee,R,170,KOR,18.42,152,394,6-2 7-5,3,SF,63,3,3,48,34,28,8,10,0,1,0,2,59,36,19,13,10,1,5
2016-7100,Pune,Hard,32,C,,20161029,30,D917,,,Sadio Doumbia,R,183,FRA,26.13,359,125,MM66,6,,Nikola Milojevic,R,188,SRB,21.363,220,240,5-7 6-3 6-2,3,SF,115,4,5,83,58,47,13,15,7,8,6,3,82,52,34,18,14,5,8
2016-7100,Pune,Hard,32,C,,20161029,31,D917,,,Sadio Doumbia,R,183,FRA,26.13,359,125,GA94,8,,Prajnesh Gunneswaran,L,188,IND,26.962,346,133,4-6 6-4 6-3,3,F,128,4,13,115,74,49,17,15,11,15,5,4,92,57,34,17,14,10,15
2016-6579,Lima,Clay,32,C,,20161030,1,G602,,,Andre Ghem,R,193,BRA,34.423,251,208,E698,,,Gastao Elias,R,180,POR,25.933,57,831,6-2 6-4,3,R32,83,2,1,53,31,23,12,9,1,2,0,3,61,30,19,14,9,4,8
2016-6579,Lima,Clay,32,C,,20161030,2,BF23,2,,Facundo Bagnis,L,183,ARG,26.672,67,745,V620,,,Agustin Velotti,R,,ARG,24.435,179,325,6-2 6-4,3,R32,92,7,1,60,40,32,8,9,6,7,1,1,72,41,23,15,9,5,9
2016-6579,Lima,Clay,32,C,,20161030,3,A887,,,Guido Andreozzi,R,183,ARG,25.238,127,479,Z184,3,,Horacio Zeballos,L,188,ARG,31.51,78,711,6-2 4-3 RET,3,R32,61,2,0,38,22,18,11,7,0,0,4,2,51,25,16,11,8,3,6
2016-6579,Lima,Clay,32,C,,20161030,4,B884,4,,Carlos Berlocq,R,183,ARG,33.739,89,656,SK69,,,Joao Pedro Sorgi,R,188,BRA,23.034,490,75,6-1 6-1,3,R32,72,2,1,43,24,19,11,7,0,0,0,3,46,32,15,6,7,3,8
2016-6579,Lima,Clay,32,C,,20161030,5,O376,5,,Renzo Olivo,R,178,ARG,24.627,86,670,AC58,,,Nicolas Alvarez,R,185,PER,20.394,1731,1,6-4 3-6 6-1,3,R32,111,1,4,72,46,33,11,13,1,4,0,5,85,52,26,18,13,6,11
2016-6579,Lima,Clay,32,C,,20161030,6,SC73,7,,Rogerio Dutra Silva,R,178,BRA,32.734,105,559,KC29,,,Nicolas Kicker,R,178,ARG,24.205,130,455,6-2 6-7(3) 6-3,3,R32,167,1,0,108,57,36,27,15,14,17,1,2,115,68,41,22,14,13,19
2016-6579,Lima,Clay,32,C,,20161030,7,MD56,8,,Leonardo Mayer,R,191,ARG,29.462,129,476,SH91,,,Jordi Samper-Montana,R,,ESP,26.571,213,246,6-3 6-4,3,R32,89,1,1,55,33,26,13,10,1,2,0,3,67,46,25,12,9,9,12
2016-6579,Lima,Clay,32,C,,20161030,8,BK19,,,Mathias Bourgue,R,188,FRA,22.782,190,301,MJ98,,,Facundo Mena,R,183,ARG,24.104,380,117,6-2 6-3,3,R32,73,0,1,49,32,24,10,9,0,1,2,4,63,39,24,7,8,5,9
2016-6579,Lima,Clay,32,C,,20161030,9,CC32,,,Guilherme Clezar,R,180,BRA,23.83,209,253,GA36,,,Emilio Gomez,R,185,ECU,24.923,266,192,6-4 7-6(5),3,R32,113,4,1,66,43,32,16,11,1,2,5,4,91,57,39,16,11,8,10
2016-6579,Lima,Clay,32,C,,20161030,10,CC66,,,Andrea Collarini,L,183,ARG,24.747,321,145,S483,,,Pedro Sousa,R,180,POR,28.427,188,304,4-6 6-4 RET,3,R32,94,0,3,65,35,25,15,10,2,4,0,4,62,39,29,10,10,3,5
2016-6579,Lima,Clay,32,C,,20161030,11,D981,,,Arthur De Greef,R,183,BEL,24.594,151,397,Z198,,,Caio Zampieri,R,183,BRA,30.428,270,191,7-5 6-1,3,R32,78,1,0,52,35,27,8,9,0,1,3,1,66,53,28,5,10,3,8
2016-6579,Lima,Clay,32,C,,20161030,12,GD64,,,Cristian Garin,R,185,CHI,20.419,274,188,V836,,,Juan Pablo Varillas,R,185,PER,21.068,793,23,6-3 6-4,3,R32,86,3,1,64,42,33,11,10,5,6,2,1,61,28,17,17,9,4,7
2016-6579,Lima,Clay,32,C,,20161030,13,G585,,,Maximo Gonzalez,R,173,ARG,33.281,142,412,J551,,,Nicolas Jarry,R,201,CHI,21.054,419,98,6-4 6-1,3,R32,72,0,1,58,39,27,11,9,2,3,3,0,54,40,21,6,8,4,8
2016-6579,Lima,Clay,32,C,,20161030,14,L941,,,Michael Linzer,R,180,AUT,26.992,313,152,MQ75,,,Kamil Majchrzak,R,183,POL,20.797,278,181,7-5 6-4,3,R32,104,2,1,70,42,31,15,11,5,6,1,0,69,39,25,17,11,2,5
2016-6579,Lima,Clay,32,C,,20161030,15,PB37,,,Hans Podlipnik-Castillo,R,183,CHI,28.808,390,111,LB07,,,Gonzalo Lama,R,180,CHI,23.51,219,241,6-2 6-2,3,R32,57,2,0,44,35,27,5,8,0,0,1,0,37,27,14,3,8,0,4
2016-6579,Lima,Clay,32,C,,20161030,16,RH16,,,Casper Ruud,R,183,NOR,17.856,241,216,LB84,,,Juan Ignacio Londero,R,180,ARG,23.209,315,150,6-2 6-1,3,R32,59,6,0,46,37,28,6,8,4,4,1,0,47,34,18,5,7,3,7
2016-6579,Lima,Clay,32,C,,20161030,17,BF23,2,,Facundo Bagnis,L,183,ARG,26.672,67,745,BK19,,,Mathias Bourgue,R,188,FRA,22.782,190,301,7-6(6) 6-1,3,R16,109,6,6,73,42,35,16,10,5,5,6,4,77,41,26,18,9,9,11
2016-6579,Lima,Clay,32,C,,20161030,18,B884,4,,Carlos Berlocq,R,183,ARG,33.739,89,656,PB37,,,Hans Podlipnik-Castillo,R,183,CHI,28.808,390,111,6-3 6-7(6) 7-6(4),3,R16,222,1,0,118,86,56,22,17,6,7,5,5,127,84,60,17,16,4,6
2016-6579,Lima,Clay,32,C,,20161030,19,CC32,,,Guilherme Clezar,R,180,BRA,23.83,209,253,O376,5,,Renzo Olivo,R,178,ARG,24.627,86,670,7-5 4-6 6-4,3,R16,144,2,3,106,68,46,14,16,6,11,6,4,97,61,36,18,16,3,9
2016-6579,Lima,Clay,32,C,,20161030,20,SC73,7,,Rogerio Dutra Silva,R,178,BRA,32.734,105,559,CC66,,,Andrea Collarini,L,183,ARG,24.747,321,145,6-2 6-2,3,R16,67,1,0,38,30,25,7,8,0,0,0,3,57,28,17,11,8,6,10
2016-6579,Lima,Clay,32,C,,20161030,21,MD56,8,,Leonardo Mayer,R,191,ARG,29.462,129,476,D981,,,Arthur De Greef,R,183,BEL,24.594,151,397,6-3 6-4,3,R16,82,1,3,59,36,28,15,10,3,3,0,1,61,37,23,14,9,7,9
2016-6579,Lima,Clay,32,C,,20161030,22,A887,,,Guido Andreozzi,R,183,ARG,25.238,127,479,RH16,,,Casper Ruud,R,183,NOR,17.856,241,216,6-2 3-6 6-2,3,R16,127,2,1,86,56,38,15,12,7,10,3,3,102,72,40,13,13,10,16
2016-6579,Lima,Clay,32,C,,20161030,23,GD64,,,Cristian Garin,R,185,CHI,20.419,274,188,L941,,,Michael Linzer,R,180,AUT,26.992,313,152,6-4 6-3,3,R16,79,1,2,44,28,24,12,9,0,0,2,2,64,38,25,14,10,6,9
2016-6579,Lima,Clay,32,C,,20161030,24,G585,,,Maximo Gonzalez,R,173,ARG,33.281,142,412,G602,,,Andre Ghem,R,193,BRA,34.423,251,208,6-2 6-3,3,R16,94,0,0,58,41,26,13,9,3,4,1,1,72,40,23,14,8,13,17
2016-6579,Lima,Clay,32,C,,20161030,25,CC32,,,Guilherme Clezar,R,180,BRA,23.83,209,253,BF23,2,,Facundo Bagnis,L,183,ARG,26.672,67,745,7-6(0) 7-6(5),3,QF,113,7,1,87,55,41,19,12,4,5,6,3,81,54,39,13,12,4,5
2016-6579,Lima,Clay,32,C,,20161030,26,GD64,,,Cristian Garin,R,185,CHI,20.419,274,188,B884,4,,Carlos Berlocq,R,183,ARG,33.739,89,656,W/O,3,QF,,,,,,,,,,,,,,,,,,,
2016-6579,Lima,Clay,32,C,,20161030,27,SC73,7,,Rogerio Dutra Silva,R,178,BRA,32.734,105,559,G585,,,Maximo Gonzalez,R,173,ARG,33.281,142,412,6-7(4) 7-6(6) 6-4,3,QF,200,3,3,136,96,64,20,17,12,15,3,0,120,91,53,22,17,7,11
2016-6579,Lima,Clay,32,C,,20161030,28,A887,,,Guido Andreozzi,R,183,ARG,25.238,127,479,MD56,8,,Leonardo Mayer,R,191,ARG,29.462,129,476,6-1 6-4,3,QF,73,2,2,51,33,27,9,8,2,2,2,2,50,33,21,7,9,2,6
2016-6579,Lima,Clay,32,C,,20161030,29,A887,,,Guido Andreozzi,R,183,ARG,25.238,127,479,SC73,7,,Rogerio Dutra Silva,R,178,BRA,32.734,105,559,3-6 6-4 6-4,3,SF,144,3,2,89,51,33,18,15,5,10,8,2,100,67,42,11,14,10,15
2016-6579,Lima,Clay,32,C,,20161030,30,GD64,,,Cristian Garin,R,185,CHI,20.419,274,188,CC32,,,Guilherme Clezar,R,180,BRA,23.83,209,253,6-1 6-3,3,SF,73,5,1,41,28,24,8,8,0,0,1,2,70,43,21,15,8,5,9
2016-6579,Lima,Clay,32,C,,20161030,31,GD64,,,Cristian Garin,R,185,CHI,20.419,274,188,A887,,,Guido Andreozzi,R,183,ARG,25.238,127,479,3-6 7-5 7-6(3),3,F,146,3,3,94,61,45,20,16,1,3,3,3,102,60,46,22,17,4,6
2016-6865,Traralgon,Hard,32,C,,20161030,1,TC61,1,,Jordan Thompson,R,183,AUS,22.53,95,643,DB34,,,Steven De Waard,R,180,AUS,25.489,817,21,6-2 7-6(4),3,R32,82,1,2,60,41,30,8,10,4,7,2,9,77,50,29,7,10,3,8
2016-6865,Traralgon,Hard,32,C,,20161030,2,N732,,,Yoshihito Nishioka,L,170,JPN,21.092,99,618,FA50,,,Thomas Fancutt,R,188,AUS,21.678,638,43,6-3 6-3,3,R32,67,0,0,50,32,26,14,9,0,0,6,4,59,31,24,10,9,4,7
2016-6865,Traralgon,Hard,32,C,,20161030,3,TA29,3,,Marco Trungelliti,R,178,ARG,26.746,139,421,W738,,,Brandon Walkin,R,188,GBR,22.207,1223,5,7-6(4) 6-3,3,R32,89,1,5,79,54,34,14,11,7,10,5,4,78,47,31,11,10,3,7
2016-6865,Traralgon,Hard,32,C,,20161030,4,Z189,4,,Grega Zemlja,R,183,SLO,30.086,169,348,O483,,,Christopher O'Connell,R,183,AUS,22.409,264,198,6-2 3-6 6-4,3,R32,128,7,3,96,51,38,19,13,7,10,3,6,101,60,39,16,14,5,10
2016-6865,Traralgon,Hard,32,C,,20161030,5,D994,5,,James Duckworth,R,183,AUS,24.775,164,358,TA04,,,Finn Tearney,R,183,NZL,26.092,462,84,6-2 6-4,3,R32,74,7,3,63,33,24,14,9,5,7,0,4,58,28,11,15,9,3,8
2016-6865,Traralgon,Hard,32,C,,20161030,6,BH98,6,,Matthew Barton,R,191,AUS,24.868,189,303,PG86,,,Darren K. Polkinghorne,R,170,AUS,23.674,1029,10,7-6(5) 6-4,3,R32,83,17,4,83,46,39,14,11,3,4,5,5,74,39,26,20,11,5,7
2016-6865,Traralgon,Hard,32,C,,20161030,7,SJ55,7,,John-Patrick Smith,L,188,AUS,27.765,255,206,N763,,,Daniel Nolan,R,175,AUS,19.636,692,34,6-4 6-2,3,R32,69,3,1,46,28,23,13,9,0,0,0,2,50,34,24,6,9,0,3
2016-6865,Traralgon,Hard,32,C,,20161030,8,BH87,,,Maverick Banes,R,,AUS,24.556,438,91,PG94,8,,Marc Polmans,R,188,AUS,19.496,262,198,6-1 6-3,3,R32,59,1,0,45,33,28,6,8,0,0,1,4,47,30,17,7,8,2,6
2016-6865,Traralgon,Hard,32,C,,20161030,9,AD23,,,Oliver Anderson,R,169,AUS,18.502,704,31,LE15,,,Harrison Lombe,,,AUS,21.793,1624,2,4-6 6-0 6-2,3,R32,85,1,3,76,37,28,21,12,3,5,2,7,91,65,36,10,12,13,19
2016-6865,Traralgon,Hard,32,C,,20161030,10,E690,,,Matthew Ebden,R,188,AUS,28.928,310,153,BJ05,,,Harry Bourchier,R,185,AUS,20.767,1025,10,4-6 6-2 6-1,3,R32,107,2,12,79,37,29,20,13,2,5,3,7,85,52,28,14,12,7,13
2016-6865,Traralgon,Hard,32,C,,20161030,11,J553,,,Omar Jasika,L,183,AUS,19.452,408,103,AD06,,,Aaron Addison,R,193,AUS,20.966,1037,10,6-3 6-3,3,R32,70,0,3,47,22,19,15,9,2,3,4,7,70,35,23,13,9,6,10
2016-6865,Traralgon,Hard,32,C,,20161030,12,KA22,,,Dayne Kelly,R,,AUS,26.272,328,141,MM79,,,Blake Mott,R,180,AUS,20.526,275,188,6-2 6-1,3,R32,72,2,1,42,23,19,11,7,1,1,4,2,63,44,24,6,8,5,10
2016-6865,Traralgon,Hard,32,C,,20161030,13,PE00,,,Nathan Pasha,R,191,USA,24.293,1066,9,DC38,,,Jake Delaney,R,185,AUS,19.463,929,14,6-4 6-3,3,R32,61,9,0,45,37,31,5,9,0,0,5,2,62,40,26,10,10,3,6
2016-6865,Traralgon,Hard,32,C,,20161030,14,R977,,,Matt Reid,R,183,AUS,26.289,510,69,J361,,,Greg Jones,R,193,AUS,27.745,600,50,6-4 6-4,3,R32,85,8,5,68,38,34,13,10,5,5,4,3,76,49,33,13,10,8,10
2016-6865,Traralgon,Hard,32,C,,20161030,15,SM09,,,Luke Saville,R,188,AUS,22.825,273,189,PE39,,,Scott Puodziunas,R,198,AUS,26.973,1328,4,6-2 6-1,3,R32,51,3,3,41,26,21,12,8,1,1,1,5,40,23,11,6,7,0,4
2016-6865,Traralgon,Hard,32,C,,20161030,16,V784,,,Gavin Van Peperzeel,R,180,AUS,24.589,432,94,J393,,,Jarmere Jenkins,R,183,USA,25.93,421,97,6-2 7-6(3),3,R32,71,9,5,71,45,36,13,10,9,10,3,1,58,39,23,11,10,0,3
2016-6865,Traralgon,Hard,32,C,,20161030,17,TC61,1,,Jordan Thompson,R,183,AUS,22.53,95,643,KA22,,,Dayne Kelly,R,,AUS,26.272,328,141,3-6 6-4 7-5,3,R16,157,6,5,101,72,49,9,16,7,12,5,3,117,64,43,22,15,11,16
2016-6865,Traralgon,Hard,32,C,,20161030,18,SM09,,,Luke Saville,R,188,AUS,22.825,273,189,N732,,,Yoshihito Nishioka,L,170,JPN,21.092,99,618,2-6 6-3 6-4,3,R16,116,4,9,102,49,36,23,14,13,17,0,0,63,46,30,9,13,0,4
2016-6865,Traralgon,Hard,32,C,,20161030,19,TA29,3,,Marco Trungelliti,R,178,ARG,26.746,139,421,E690,,,Matthew Ebden,R,188,AUS,28.928,310,153,7-6(8) 6-2,3,R16,96,1,1,70,48,31,14,10,4,5,2,5,76,52,33,9,10,3,6
2016-6865,Traralgon,Hard,32,C,,20161030,20,Z189,4,,Grega Zemlja,R,183,SLO,30.086,169,348,PE00,,,Nathan Pasha,R,191,USA,24.293,1066,9,6-2 3-6 7-6(3),3,R16,91,6,2,81,52,39,21,14,1,2,9,8,94,59,42,19,15,4,6
2016-6865,Traralgon,Hard,32,C,,20161030,21,D994,5,,James Duckworth,R,183,AUS,24.775,164,358,J553,,,Omar Jasika,L,183,AUS,19.452,408,103,6-1 6-3,3,R16,50,8,0,40,30,25,8,8,1,1,1,7,59,34,19,10,8,7,11
2016-6865,Traralgon,Hard,32,C,,20161030,22,BH98,6,,Matthew Barton,R,191,AUS,24.868,189,303,R977,,,Matt Reid,R,183,AUS,26.289,510,69,7-6(4) 3-6 7-5,3,R16,108,20,4,100,61,47,25,16,4,5,17,3,117,78,53,23,17,4,5
2016-6865,Traralgon,Hard,32,C,,20161030,23,SJ55,7,,John-Patrick Smith,L,188,AUS,27.765,255,206,AD23,,,Oliver Anderson,R,169,AUS,18.502,704,31,6-2 6-1,3,R16,63,4,1,49,35,24,9,7,2,2,0,2,56,34,21,3,8,5,10
2016-6865,Traralgon,Hard,32,C,,20161030,24,V784,,,Gavin Van Peperzeel,R,180,AUS,24.589,432,94,BH87,,,Maverick Banes,R,,AUS,24.556,438,91,6-3 6-7(4) 7-5,3,R16,154,7,0,111,65,50,24,17,4,6,1,2,124,89,50,21,16,11,15
2016-6865,Traralgon,Hard,32,C,,20161030,25,TC61,1,,Jordan Thompson,R,183,AUS,22.53,95,643,BH98,6,,Matthew Barton,R,191,AUS,24.868,189,303,6-1 6-2,3,QF,63,6,1,52,36,26,11,8,7,7,3,2,54,37,20,5,7,8,12
2016-6865,Traralgon,Hard,32,C,,20161030,26,TA29,3,,Marco Trungelliti,R,178,ARG,26.746,139,421,V784,,,Gavin Van Peperzeel,R,180,AUS,24.589,432,94,2-6 6-2 6-2,3,QF,99,6,1,69,50,32,12,12,2,5,0,2,81,51,31,11,12,3,8
2016-6865,Traralgon,Hard,32,C,,20161030,27,Z189,4,,Grega Zemlja,R,183,SLO,30.086,169,348,D994,5,,James Duckworth,R,183,AUS,24.775,164,358,6-4 3-6 6-3,3,QF,105,13,1,88,59,47,13,14,3,4,9,3,81,41,31,24,14,5,7
2016-6865,Traralgon,Hard,32,C,,20161030,28,SM09,,,Luke Saville,R,188,AUS,22.825,273,189,SJ55,7,,John-Patrick Smith,L,188,AUS,27.765,255,206,6-4 7-5,3,QF,87,4,3,72,54,38,7,11,7,10,3,1,64,42,25,8,11,4,9
2016-6865,Traralgon,Hard,32,C,,20161030,29,TC61,1,,Jordan Thompson,R,183,AUS,22.53,95,643,TA29,3,,Marco Trungelliti,R,178,ARG,26.746,139,421,6-4 6-3,3,SF,85,1,0,61,41,28,10,10,4,6,0,1,66,45,27,7,9,5,9
2016-6865,Traralgon,Hard,32,C,,20161030,30,Z189,4,,Grega Zemlja,R,183,SLO,30.086,169,348,SM09,,,Luke Saville,R,188,AUS,22.825,273,189,6-2 6-4,3,SF,65,3,0,42,23,20,14,9,0,1,0,5,60,35,20,13,9,5,9
2016-6865,Traralgon,Hard,32,C,,20161030,31,TC61,1,,Jordan Thompson,R,183,AUS,22.53,95,643,Z189,4,,Grega Zemlja,R,183,SLO,30.086,169,348,6-1 6-2,3,F,64,7,0,38,26,21,8,8,0,1,2,1,59,27,18,8,7,10,15
2016-7353,Suzhou,Hard,32,C,,20161030,1,L575,1,,Yen-Hsun Lu,R,180,TPE,33.213,82,684,MN20,,,Daniel Masur,R,183,GER,21.982,300,161,6-4 6-3,3,R32,72,3,1,54,37,28,10,9,4,5,1,2,65,41,22,14,10,4,8
2016-7353,Suzhou,Hard,32,C,,20161030,2,K596,,,Alexander Kudryavtsev,R,183,RUS,31.012,176,328,DA81,2,,Taro Daniel,R,191,JPN,23.756,96,635,7-6(3) 6-3,3,R32,93,3,5,82,46,35,19,11,8,9,5,2,68,46,30,12,10,6,8
2016-7353,Suzhou,Hard,32,C,,20161030,3,SC77,3,,Sergiy Stakhovsky,R,193,UKR,30.815,128,478,O427,,,Bowen Ouyang,L,185,CHN,24.449,669,38,6-4 6-3,3,R32,70,9,2,59,39,32,10,10,4,5,1,1,68,37,23,15,9,4,7
2016-7353,Suzhou,Hard,32,C,,20161030,4,CH27,4,,Hyeon Chung,R,188,KOR,20.449,135,440,Q976,,,Xi Qi,R,180,CHN,20.225,1259,5,6-1 6-1,3,R32,56,6,2,38,28,22,4,7,1,2,1,3,59,41,18,5,7,9,15
2016-7353,Suzhou,Hard,32,C,,20161030,5,KE64,5,,Stefan Kozlov,R,183,USA,18.743,155,386,HB59,,,Yecong He,R,180,CHN,22.705,623,46,5-7 6-0 6-4,3,R32,145,1,1,107,50,27,32,14,6,11,1,0,98,67,34,13,14,10,18
2016-7353,Suzhou,Hard,32,C,,20161030,6,R750,,,Pere Riba,R,183,ESP,28.564,260,199,I230,6,,Tatsuma Ito,R,180,JPN,28.452,163,362,6-1 6-4,3,R32,77,5,2,54,38,25,10,9,0,1,1,0,52,37,20,7,8,4,8
2016-7353,Suzhou,Hard,32,C,,20161030,7,W571,7,,Di Wu,R,173,CHN,25.128,161,364,CG42,,,Zhaoyi Cao,R,185,CHN,22.902,1124,7,6-1 6-1,3,R32,62,1,0,43,25,21,11,7,2,2,2,5,59,32,19,7,7,2,7
2016-7353,Suzhou,Hard,32,C,,20161030,8,W630,8,,Andrew Whittington,R,188,AUS,23.22,178,327,TG30,,,Rigele Te,R,188,CHN,19.058,691,34,6-0 6-3,3,R32,56,2,1,52,34,23,13,8,1,1,2,2,35,17,9,6,7,0,4
2016-7353,Suzhou,Hard,32,C,,20161030,9,A622,,,Andrea Arnaboldi,L,180,ITA,28.843,276,185,SQ80,,,Akira Santillan,R,180,AUS,19.441,221,240,7-6(3) 6-4,3,R32,102,2,6,97,60,41,20,11,8,9,4,1,67,35,28,16,11,3,5
2016-7353,Suzhou,Hard,32,C,,20161030,10,E678,,,Jonathan Eysseric,L,180,FRA,26.428,250,209,C813,,,Ti Chen,R,178,TPE,33.076,243,215,6-4 6-2,3,R32,70,10,0,54,40,27,10,9,6,7,0,1,48,29,16,10,9,1,5
2016-7353,Suzhou,Hard,32,C,,20161030,11,G820,,,Xin Gao,R,180,CHN,22.47,464,84,N691,,,Yuqing Ning,R,178,CHN,22.478,1274,5,6-1 6-4,3,R32,69,3,0,53,35,32,6,9,1,1,0,0,48,32,19,7,8,4,7
2016-7353,Suzhou,Hard,32,C,,20161030,12,K863,,,Cheong-Eui Kim,,,KOR,26.606,369,121,E180,,,Mikhail Elgin,R,183,RUS,35.044,752,26,6-2 2-6 6-3,3,R32,101,2,0,68,38,30,17,13,4,7,4,3,89,62,42,8,12,10,14
2016-7353,Suzhou,Hard,32,C,,20161030,13,KC12,,,Mitchell Krueger,R,188,USA,22.798,211,250,L733,,,Zhe Li,R,183,CHN,30.111,252,208,7-5 6-3,3,R32,98,3,2,61,32,21,19,11,3,5,0,4,83,57,34,10,10,7,11
2016-7353,Suzhou,Hard,32,C,,20161030,14,KF17,,,Soonwoo Kwon,R,180,KOR,18.91,298,161,H997,,,Yannick Hanfmann,R,193,GER,24.964,316,149,6-4 6-1,3,R32,62,0,1,54,36,26,8,8,4,5,1,0,50,33,19,6,9,2,7
2016-7353,Suzhou,Hard,32,C,,20161030,15,R862,,,Christopher Rungkat,R,175,INA,26.793,455,86,KA46,,,Yuya Kibi,R,180,JPN,30.272,233,225,6-4 6-3,3,R32,64,0,0,50,33,23,10,9,2,4,1,2,58,39,20,9,10,5,10
2016-7353,Suzhou,Hard,32,C,,20161030,16,X015,,,Zihao Xia,R,,CHN,19.748,818,21,W636,,,Ruikai Wang,L,178,CHN,24.233,2195,1,6-3 6-3,3,R32,70,2,0,59,38,25,16,9,3,3,5,5,66,40,25,12,9,6,9
2016-7353,Suzhou,Hard,32,C,,20161030,17,L575,1,,Yen-Hsun Lu,R,180,TPE,33.213,82,684,R862,,,Christopher Rungkat,R,175,INA,26.793,455,86,7-5 6-1,3,R16,60,7,2,49,29,22,12,10,1,3,1,1,59,39,17,11,9,3,8
2016-7353,Suzhou,Hard,32,C,,20161030,18,SC77,3,,Sergiy Stakhovsky,R,193,UKR,30.815,128,478,KC12,,,Mitchell Krueger,R,188,USA,22.798,211,250,4-6 6-1 6-4,3,R16,96,12,3,72,48,43,14,14,0,1,5,0,82,56,32,15,13,4,7
2016-7353,Suzhou,Hard,32,C,,20161030,19,CH27,4,,Hyeon Chung,R,188,KOR,20.449,135,440,E678,,,Jonathan Eysseric,L,180,FRA,26.428,250,209,6-2 3-6 7-5,3,R16,102,5,0,76,59,36,12,14,2,6,7,2,89,58,37,11,15,3,9
2016-7353,Suzhou,Hard,32,C,,20161030,20,KE64,5,,Stefan Kozlov,R,183,USA,18.743,155,386,K863,,,Cheong-Eui Kim,,,KOR,26.606,369,121,6-4 6-3,3,R16,71,6,6,64,39,28,9,10,5,8,1,1,52,37,22,4,9,4,9
2016-7353,Suzhou,Hard,32,C,,20161030,21,W571,7,,Di Wu,R,173,CHN,25.128,161,364,X015,,,Zihao Xia,R,,CHN,19.748,818,21,6-1 6-1,3,R16,61,3,2,48,23,18,15,7,3,3,1,0,57,35,15,10,7,8,13
2016-7353,Suzhou,Hard,32,C,,20161030,22,A622,,,Andrea Arnaboldi,L,180,ITA,28.843,276,185,W630,8,,Andrew Whittington,R,188,AUS,23.22,178,327,6-4 7-6(8),3,R16,102,3,2,78,43,31,23,11,4,4,8,3,65,38,31,15,11,1,2
2016-7353,Suzhou,Hard,32,C,,20161030,23,K596,,,Alexander Kudryavtsev,R,183,RUS,31.012,176,328,G820,,,Xin Gao,R,180,CHN,22.47,464,84,6-4 6-2,3,R16,89,3,0,57,32,26,15,9,3,3,2,3,69,38,26,13,9,3,6
2016-7353,Suzhou,Hard,32,C,,20161030,24,R750,,,Pere Riba,R,183,ESP,28.564,260,199,KF17,,,Soonwoo Kwon,R,180,KOR,18.91,298,161,7-6(5) 7-6(5),3,R16,117,12,1,80,53,42,12,12,0,2,1,1,97,60,39,21,12,9,11
2016-7353,Suzhou,Hard,32,C,,20161030,25,L575,1,,Yen-Hsun Lu,R,180,TPE,33.213,82,684,A622,,,Andrea Arnaboldi,L,180,ITA,28.843,276,185,6-7(2) 6-4 6-3,3,QF,132,4,1,102,60,39,21,16,1,5,2,3,105,60,38,22,15,6,12
2016-7353,Suzhou,Hard,32,C,,20161030,26,KE64,5,,Stefan Kozlov,R,183,USA,18.743,155,386,SC77,3,,Sergiy Stakhovsky,R,193,UKR,30.815,128,478,3-6 6-2 7-5,3,QF,127,1,8,96,46,33,27,15,9,12,3,4,97,46,35,22,14,8,12
2016-7353,Suzhou,Hard,32,C,,20161030,27,CH27,4,,Hyeon Chung,R,188,KOR,20.449,135,440,R750,,,Pere Riba,R,183,ESP,28.564,260,199,6-2 6-4,3,QF,89,2,2,56,28,21,19,9,5,5,4,0,71,41,28,11,9,11,14
2016-7353,Suzhou,Hard,32,C,,20161030,28,K596,,,Alexander Kudryavtsev,R,183,RUS,31.012,176,328,W571,7,,Di Wu,R,173,CHN,25.128,161,364,7-6(5) 7-6(6),3,QF,102,5,2,96,53,42,21,12,9,10,5,4,91,58,44,13,12,6,7
2016-7353,Suzhou,Hard,32,C,,20161030,29,L575,1,,Yen-Hsun Lu,R,180,TPE,33.213,82,684,CH27,4,,Hyeon Chung,R,188,KOR,20.449,135,440,6-2 6-2,3,SF,69,5,0,45,27,22,12,8,2,2,1,3,59,30,17,13,8,8,12
2016-7353,Suzhou,Hard,32,C,,20161030,30,KE64,5,,Stefan Kozlov,R,183,USA,18.743,155,386,K596,,,Alexander Kudryavtsev,R,183,RUS,31.012,176,328,6-3 0-1 RET,3,SF,40,2,2,30,12,12,12,5,2,2,1,2,35,17,13,8,5,4,5
2016-7353,Suzhou,Hard,32,C,,20161030,31,L575,1,,Yen-Hsun Lu,R,180,TPE,33.213,82,684,KE64,5,,Stefan Kozlov,R,183,USA,18.743,155,386,6-0 6-1,3,F,51,5,2,41,31,23,7,7,1,1,1,1,34,21,8,4,6,1,6
2016-7584,Budapest,Hard,32,C,,20161030,1,H996,1,,Pierre-Hugues Herbert,R,188,FRA,25.621,90,655,KD70,,,Pedja Krstin,R,183,SRB,22.157,191,298,6-3 5-7 7-5,3,R32,131,18,8,95,49,44,19,17,4,7,5,12,124,68,49,23,16,17,21
2016-7584,Budapest,Hard,32,C,,20161030,2,P701,,,Michal Przysiezny,R,185,POL,32.704,476,80,MF35,2,,Andrej Martin,R,183,SVK,27.11,114,523,4-6 7-6(9) 6-4,3,R32,165,3,7,115,54,42,33,16,3,5,9,4,105,58,42,29,16,2,4
2016-7584,Budapest,Hard,32,C,,20161030,3,F586,3,,Thomas Fabbiano,R,173,ITA,27.431,120,509,V495,,,Luca Vanni,R,198,ITA,31.406,192,295,6-3 1-6 6-4,3,R32,114,1,2,79,53,36,12,13,5,9,10,5,100,51,36,20,13,8,12
2016-7584,Budapest,Hard,32,C,,20161030,4,D632,4,,Steve Darcis,R,175,BEL,32.632,115,518,K771,,,Marsel Ilhan,R,191,TUR,29.388,244,214,6-4 6-2,3,R32,69,3,1,41,26,23,7,9,0,2,3,0,60,36,20,7,9,5,10
2016-7584,Budapest,Hard,32,C,,20161030,5,MM58,,,Daniil Medvedev,R,198,RUS,20.717,106,546,LA93,,,Enrique Lopez Perez,R,180,ESP,25.41,172,335,6-3 6-4,3,R32,65,11,3,57,36,30,12,10,0,0,4,2,53,34,26,7,9,2,4
2016-7584,Budapest,Hard,32,C,,20161030,6,L797,6,,Lukas Lacko,R,188,SVK,28.991,117,514,I305,,,Ilya Ivashka,R,193,BLR,22.68,171,336,3-6 6-3 6-2,3,R32,98,3,5,75,45,35,18,13,4,5,10,4,78,46,35,16,13,8,11
2016-7584,Budapest,Hard,32,C,,20161030,7,I165,7,,Denis Istomin,R,185,UZB,30.146,144,410,BC72,,,Daniel Brands,R,196,GER,29.29,147,405,6-2 6-3,3,R32,61,4,2,48,28,24,13,9,3,3,5,5,49,31,18,9,8,2,5
2016-7584,Budapest,Hard,32,C,,20161030,8,ME31,8,,Vincent Millot,L,173,FRA,30.749,137,428,I306,,,Cem Ilkel,R,185,TUR,21.194,322,145,6-3 6-4,3,R32,67,2,1,57,30,23,15,10,5,7,3,3,57,34,21,10,9,2,6
2016-7584,Budapest,Hard,32,C,,20161030,9,CA99,,,Marius Copil,R,191,ROU,26.037,175,332,TC11,,,Marko Tepavac,R,193,SRB,22.571,174,334,6-2 6-4,3,R32,64,9,1,53,33,26,14,9,1,1,6,3,49,33,22,8,9,4,7
2016-7584,Budapest,Hard,32,C,,20161030,10,D750,,,Kenny De Schepper,L,203,FRA,29.424,170,341,PC78,,,Ante Pavic,R,196,CRO,27.65,325,141,7-6(5) 6-1,3,R32,69,4,2,55,40,32,6,9,0,1,4,5,64,34,24,13,10,2,6
2016-7584,Budapest,Hard,32,C,,20161030,11,DB63,,,Laslo Djere,R,188,SRB,21.413,173,334,GB53,,,Federico Gaio,R,178,ITA,24.654,184,314,7-5 6-3,3,R32,96,1,2,83,51,34,15,11,5,7,2,3,63,34,18,16,10,6,10
2016-7584,Budapest,Hard,32,C,,20161030,12,F724,,,Marton Fucsovics,R,188,HUN,24.726,153,391,BE67,,,Mirza Basic,R,188,BIH,25.303,156,379,6-3 6-1,3,R32,61,2,2,47,21,19,15,8,2,2,2,2,45,24,15,8,8,2,6
2016-7584,Budapest,Hard,32,C,,20161030,13,GB93,,,Norbert Gombos,R,193,SVK,26.215,159,366,N729,,,Peter Nagy,R,180,HUN,24.621,420,98,6-7(3) 6-2 6-4,3,R32,131,8,7,93,57,43,17,15,3,5,0,1,96,62,39,17,15,4,9
2016-7584,Budapest,Hard,32,C,,20161030,14,HB64,,,Quentin Halys,R,191,FRA,20.011,149,397,LC11,,,Tristan Lamasine,R,183,FRA,23.655,225,233,6-4 6-1,3,R32,73,4,3,62,29,22,17,9,2,3,0,0,51,35,17,9,8,2,6
2016-7584,Budapest,Hard,32,C,,20161030,15,R419,,,Tommy Robredo,R,180,ESP,34.5,487,75,D916,,,Steven Diez,R,175,CAN,25.624,162,363,7-6(6) 6-7(5) 7-5,3,R32,182,15,5,135,86,59,21,18,6,12,4,3,127,71,45,27,18,7,14
2016-7584,Budapest,Hard,32,C,,20161030,16,RE44,,,Andrey Rublev,R,188,RUS,19.028,167,351,SK94,,,Cedrik-Marcel Stebe,L,180,GER,26.059,488,75,7-5 5-7 6-4,3,R32,137,2,3,112,71,48,21,17,6,9,3,4,108,66,49,19,17,5,9
2016-7584,Budapest,Hard,32,C,,20161030,17,R419,,,Tommy Robredo,R,180,ESP,34.5,487,75,H996,1,,Pierre-Hugues Herbert,R,188,FRA,25.621,90,655,6-2 6-7(5) 6-3,3,R16,114,5,1,89,58,42,20,15,0,1,10,7,89,38,31,20,14,1,5
2016-7584,Budapest,Hard,32,C,,20161030,18,F724,,,Marton Fucsovics,R,188,HUN,24.726,153,391,F586,3,,Thomas Fabbiano,R,173,ITA,27.431,120,509,4-6 6-2 6-1,3,R16,119,8,2,82,46,37,15,12,6,8,2,3,98,67,36,16,13,10,16
2016-7584,Budapest,Hard,32,C,,20161030,19,D632,4,,Steve Darcis,R,175,BEL,32.632,115,518,DB63,,,Laslo Djere,R,188,SRB,21.413,173,334,6-3 7-5,3,R16,105,3,3,65,34,27,16,11,3,6,3,3,77,39,28,12,10,5,10
2016-7584,Budapest,Hard,32,C,,20161030,20,MM58,,,Daniil Medvedev,R,198,RUS,20.717,106,546,RE44,,,Andrey Rublev,R,188,RUS,19.028,167,351,6-3 6-2,3,R16,63,4,3,46,30,25,11,9,0,0,2,6,69,42,25,11,8,9,12
2016-7584,Budapest,Hard,32,C,,20161030,21,L797,6,,Lukas Lacko,R,188,SVK,28.991,117,514,HB64,,,Quentin Halys,R,191,FRA,20.011,149,397,6-2 6-2,3,R16,49,3,1,39,23,23,10,8,0,0,1,2,43,21,13,10,8,1,5
2016-7584,Budapest,Hard,32,C,,20161030,22,I165,7,,Denis Istomin,R,185,UZB,30.146,144,410,GB93,,,Norbert Gombos,R,193,SVK,26.215,159,366,6-3 6-4,3,R16,65,2,2,54,33,27,15,10,2,2,2,1,48,28,18,13,9,1,3
2016-7584,Budapest,Hard,32,C,,20161030,23,CA99,,,Marius Copil,R,191,ROU,26.037,175,332,ME31,8,,Vincent Millot,L,173,FRA,30.749,137,428,7-6(6) 6-1,3,R16,72,14,0,55,35,30,12,10,0,1,3,6,69,45,30,9,9,3,6
2016-7584,Budapest,Hard,32,C,,20161030,24,D750,,,Kenny De Schepper,L,203,FRA,29.424,170,341,P701,,,Michal Przysiezny,R,185,POL,32.704,476,80,6-3 3-6 6-2,3,R16,115,3,1,65,47,38,9,13,1,3,5,5,97,55,38,18,13,7,11
2016-7584,Budapest,Hard,32,C,,20161030,25,D632,4,,Steve Darcis,R,175,BEL,32.632,115,518,I165,7,,Denis Istomin,R,185,UZB,30.146,144,410,6-2 RET,3,QF,35,4,1,25,15,12,6,4,1,1,0,2,27,12,8,6,4,1,3
2016-7584,Budapest,Hard,32,C,,20161030,26,MM58,,,Daniil Medvedev,R,198,RUS,20.717,106,546,R419,,,Tommy Robredo,R,180,ESP,34.5,487,75,7-5 6-2,3,QF,87,1,1,70,37,25,17,10,4,6,0,3,58,35,19,12,10,3,8
2016-7584,Budapest,Hard,32,C,,20161030,27,D750,,,Kenny De Schepper,L,203,FRA,29.424,170,341,L797,6,,Lukas Lacko,R,188,SVK,28.991,117,514,6-4 3-6 7-5,3,QF,117,11,6,90,58,41,17,15,5,8,7,2,87,51,37,20,16,5,9
2016-7584,Budapest,Hard,32,C,,20161030,28,CA99,,,Marius Copil,R,191,ROU,26.037,175,332,F724,,,Marton Fucsovics,R,188,HUN,24.726,153,391,7-5 6-3,3,QF,79,4,3,61,32,25,17,11,1,2,1,4,62,37,25,11,10,3,6
2016-7584,Budapest,Hard,32,C,,20161030,29,D632,4,,Steve Darcis,R,175,BEL,32.632,115,518,D750,,,Kenny De Schepper,L,203,FRA,29.424,170,341,2-6 6-4 6-3,3,SF,127,4,1,85,49,32,21,13,5,8,10,1,94,67,45,12,14,7,11
2016-7584,Budapest,Hard,32,C,,20161030,30,CA99,,,Marius Copil,R,191,ROU,26.037,175,332,MM58,,,Daniil Medvedev,R,198,RUS,20.717,106,546,7-5 6-4,3,SF,83,6,2,70,46,33,14,11,5,6,6,6,65,38,29,13,11,2,5
2016-7584,Budapest,Hard,32,C,,20161030,31,CA99,,,Marius Copil,R,191,ROU,26.037,175,332,D632,4,,Steve Darcis,R,175,BEL,32.632,115,518,6-4 6-2,3,F,72,6,1,62,32,25,18,9,7,7,2,3,48,24,15,14,9,1,4
2016-6055,Charlottesville,Hard,32,C,,20161031,1,TD51,1,,Frances Tiafoe,R,188,USA,18.779,102,590,SQ48,,,Ryan Shane,R,193,USA,22.546,666,38,6-3 2-6 6-4,3,R32,99,0,5,96,63,39,13,13,7,12,9,6,79,47,30,13,14,4,10
2016-6055,Charlottesville,Hard,32,C,,20161031,2,DC58,2,,Jared Donaldson,R,188,USA,20.06,109,533,RC04,,,Alexander Ritschard,R,193,SUI,22.606,1089,8,6-2 3-6 6-3,3,R32,104,4,1,74,36,29,23,13,4,5,6,4,80,49,36,14,13,2,5
2016-6055,Charlottesville,Hard,32,C,,20161031,3,F811,3,,Bjorn Fratangelo,R,183,USA,23.285,110,533,DA86,,,Joris De Loore,R,191,BEL,23.529,177,328,7-6(3) 6-2,3,R32,91,3,3,68,34,24,21,10,3,4,7,6,71,34,27,14,10,3,6
2016-6055,Charlottesville,Hard,32,C,,20161031,4,KB09,4,,Denis Kudla,R,180,USA,24.205,130,454,PL56,,,Tommy Paul,R,185,USA,19.458,229,225,6-1 6-2,3,R32,56,5,3,45,25,22,11,8,0,0,2,3,47,17,8,14,7,5,9
2016-6055,Charlottesville,Hard,32,C,,20161031,5,SF62,5,,Tim Smyczek,R,175,USA,28.838,133,447,KD35,,,Thai-Son Kwiatkowski,R,188,USA,21.714,687,35,6-4 2-6 6-3,3,R32,119,3,3,98,51,37,22,13,8,10,9,9,98,54,43,17,14,4,7
2016-6055,Charlottesville,Hard,32,C,,20161031,6,L949,6,,Henri Laaksonen,R,185,SUI,24.586,134,446,BF55,,,Yuki Bhambri,R,185,IND,24.326,552,59,6-3 7-6(3),3,R32,96,2,4,73,40,27,13,10,1,5,1,3,74,48,27,6,11,5,11
2016-6055,Charlottesville,Hard,32,C,,20161031,7,PB22,7,,Peter Polansky,R,183,CAN,28.378,153,399,RC96,,,Noah Rubin,R,175,USA,20.693,169,350,6-3 6-2,3,R32,61,6,4,49,27,22,10,9,1,3,2,6,52,28,15,8,8,2,7
2016-6055,Charlottesville,Hard,32,C,,20161031,8,MP01,,,Michael Mmoh,R,188,USA,18.806,281,176,N674,8,,Dennis Novikov,R,193,USA,22.984,163,365,6-3 6-2,3,R32,60,3,4,50,27,25,10,8,2,2,1,2,49,36,21,5,9,2,6
2016-6055,Charlottesville,Hard,32,C,,20161031,9,BA23,,,Brian Baker,R,191,USA,31.504,266,191,V942,,,Tim van Rijthoven,R,188,NED,19.521,332,141,6-4 6-2,3,R32,63,1,3,50,28,21,15,9,4,5,2,2,55,33,21,10,9,4,8
2016-6055,Charlottesville,Hard,32,C,,20161031,10,BE54,,,Ruben Bemelmans,L,183,BEL,28.797,216,241,BH22,,,Sam Barry,R,191,IRL,24.761,291,169,6-1 6-2,3,R32,58,4,2,47,28,20,15,8,4,4,3,1,38,28,14,6,7,1,5
2016-6055,Charlottesville,Hard,32,C,,20161031,11,BI23,,,Liam Broady,L,183,GBR,22.823,301,160,AB71,,,JC Aragone,R,178,USA,21.344,,,6-1 3-6 6-3,3,R32,113,3,4,88,45,37,16,13,7,10,4,2,80,46,29,15,12,5,10
2016-6055,Charlottesville,Hard,32,C,,20161031,12,KA00,,,Austin Krajicek,L,188,USA,26.376,249,208,CA71,,,Edward Corrie,R,183,GBR,28.693,280,177,7-6(3) 6-4,3,R32,98,3,5,82,48,34,19,11,3,5,9,4,64,37,27,14,11,3,6
2016-6055,Charlottesville,Hard,32,C,,20161031,13,MK66,,,Mackenzie McDonald,R,178,USA,21.544,342,136,AB25,,,Gonzales Austin,L,180,USA,23.986,596,52,7-6(0) 7-6(2),3,R32,95,4,2,78,51,40,14,12,0,1,2,0,81,52,33,18,12,3,4
2016-6055,Charlottesville,Hard,32,C,,20161031,14,O522,,,Reilly Opelka,R,211,USA,19.176,276,180,BH02,,,Sekou Bangoura,R,183,USA,24.953,213,245,5-7 7-5 6-4,3,R32,126,22,6,104,55,46,25,17,2,3,5,2,90,48,39,27,17,1,3
2016-6055,Charlottesville,Hard,32,C,,20161031,15,SL08,,,Tennys Sandgren,R,188,USA,25.279,224,231,K964,,,Brydan Klein,R,188,GBR,26.834,289,170,6-4 6-7(6) 6-1,3,R32,119,10,1,80,51,42,21,15,0,0,6,3,87,50,40,16,14,2,5
2016-6055,Charlottesville,Hard,32,C,,20161031,16,SX81,,,Carl Soderlund,R,188,SWE,19.411,411,98,G940,,,Sam Groth,R,193,AUS,29.035,185,313,7-6(1) 4-6 6-2,3,R32,125,3,7,103,65,47,17,15,10,13,6,8,95,44,28,27,15,4,8
2016-6055,Charlottesville,Hard,32,C,,20161031,17,MK66,,,Mackenzie McDonald,R,178,USA,21.544,342,136,TD51,1,,Frances Tiafoe,R,188,USA,18.779,102,590,6-0 6-3,3,R16,65,3,2,44,31,27,6,8,1,1,3,1,54,28,16,11,7,5,9
2016-6055,Charlottesville,Hard,32,C,,20161031,18,DC58,2,,Jared Donaldson,R,188,USA,20.06,109,533,BI23,,,Liam Broady,L,183,GBR,22.823,301,160,6-4 7-6(3),3,R16,108,5,4,79,36,27,23,11,3,6,3,3,70,33,21,19,11,4,8
2016-6055,Charlottesville,Hard,32,C,,20161031,19,BE54,,,Ruben Bemelmans,L,183,BEL,28.797,216,241,F811,3,,Bjorn Fratangelo,R,183,USA,23.285,110,533,6-7(5) 6-4 6-2,3,R16,108,9,2,77,50,40,16,15,1,3,3,2,97,56,36,19,15,8,13
2016-6055,Charlottesville,Hard,32,C,,20161031,20,KB09,4,,Denis Kudla,R,180,USA,24.205,130,454,SX81,,,Carl Soderlund,R,188,SWE,19.411,411,98,6-4 6-1,3,R16,64,2,1,45,27,22,9,8,0,1,3,5,64,37,21,9,9,5,10
2016-6055,Charlottesville,Hard,32,C,,20161031,21,SF62,5,,Tim Smyczek,R,175,USA,28.838,133,447,BA23,,,Brian Baker,R,191,USA,31.504,266,191,7-5 6-4,3,R16,92,3,1,73,35,27,20,11,1,2,2,2,69,35,26,15,11,1,4
2016-6055,Charlottesville,Hard,32,C,,20161031,22,L949,6,,Henri Laaksonen,R,185,SUI,24.586,134,446,SL08,,,Tennys Sandgren,R,188,USA,25.279,224,231,6-1 7-6(6),3,R16,89,7,3,65,46,35,10,9,4,4,1,2,83,48,31,16,10,5,8
2016-6055,Charlottesville,Hard,32,C,,20161031,23,PB22,7,,Peter Polansky,R,183,CAN,28.378,153,399,KA00,,,Austin Krajicek,L,188,USA,26.376,249,208,6-2 6-4,3,R16,71,0,2,61,28,22,20,9,5,5,4,1,48,31,21,8,9,0,3
2016-6055,Charlottesville,Hard,32,C,,20161031,24,O522,,,Reilly Opelka,R,211,USA,19.176,276,180,MP01,,,Michael Mmoh,R,188,USA,18.806,281,176,6-4 6-7(5) 6-3,3,R16,123,18,5,97,59,51,21,16,2,2,6,6,89,46,36,27,15,1,3
2016-6055,Charlottesville,Hard,32,C,,20161031,25,L949,6,,Henri Laaksonen,R,185,SUI,24.586,134,446,DC58,2,,Jared Donaldson,R,188,USA,20.06,109,533,6-3 7-5,3,QF,99,2,6,104,66,39,19,11,10,13,1,1,50,24,14,10,10,0,5
2016-6055,Charlottesville,Hard,32,C,,20161031,26,O522,,,Reilly Opelka,R,211,USA,19.176,276,180,KB09,4,,Denis Kudla,R,180,USA,24.205,130,454,6-3 7-6(7),3,QF,87,26,8,73,44,38,15,11,1,1,1,1,72,53,36,13,10,6,7
2016-6055,Charlottesville,Hard,32,C,,20161031,27,BE54,,,Ruben Bemelmans,L,183,BEL,28.797,216,241,SF62,5,,Tim Smyczek,R,175,USA,28.838,133,447,6-2 6-4,3,QF,66,7,3,59,39,30,10,9,4,4,6,1,54,27,20,12,9,1,4
2016-6055,Charlottesville,Hard,32,C,,20161031,28,MK66,,,Mackenzie McDonald,R,178,USA,21.544,342,136,PB22,7,,Peter Polansky,R,183,CAN,28.378,153,399,7-5 6-4,3,QF,88,2,2,73,45,30,16,11,3,5,3,2,68,37,28,12,11,9,13
2016-6055,Charlottesville,Hard,32,C,,20161031,29,BE54,,,Ruben Bemelmans,L,183,BEL,28.797,216,241,L949,6,,Henri Laaksonen,R,185,SUI,24.586,134,446,4-6 6-4 7-6(3),3,SF,116,1,10,107,64,47,16,16,3,8,5,9,92,56,37,17,16,1,6
2016-6055,Charlottesville,Hard,32,C,,20161031,30,O522,,,Reilly Opelka,R,211,USA,19.176,276,180,MK66,,,Mackenzie McDonald,R,178,USA,21.544,342,136,6-3 6-4,3,SF,57,14,1,54,33,28,13,10,0,0,4,4,49,34,27,5,9,0,2
2016-6055,Charlottesville,Hard,32,C,,20161031,31,O522,,,Reilly Opelka,R,211,USA,19.176,276,180,BE54,,,Ruben Bemelmans,L,183,BEL,28.797,216,241,6-4 2-6 7-6(5),3,F,106,28,3,100,70,54,14,15,5,7,5,0,85,60,48,17,15,4,5
2016-7391,Guayaquil,Clay,32,C,,20161031,1,CC32,,,Guilherme Clezar,R,180,BRA,23.833,198,278,E698,1,,Gastao Elias,R,180,POR,25.936,66,756,6-2 3-6 6-3,3,R32,113,3,2,77,45,31,16,13,3,6,5,6,73,38,25,16,13,1,6
2016-7391,Guayaquil,Clay,32,C,,20161031,2,BF23,2,,Facundo Bagnis,L,183,ARG,26.675,68,750,H896,,,Jose Hernandez-Fernandez,R,183,DOM,26.637,241,216,5-7 7-6(4) 6-4,3,R32,152,12,5,106,68,46,19,17,8,13,2,4,116,82,49,17,17,8,13
2016-7391,Guayaquil,Clay,32,C,,20161031,3,G602,,,Andre Ghem,R,193,BRA,34.426,243,216,B884,4,,Carlos Berlocq,R,183,ARG,33.741,92,656,6-1 4-6 5-3 RET,3,R32,132,0,6,71,35,25,19,12,6,9,5,4,78,45,31,12,13,5,11
2016-7391,Guayaquil,Clay,32,C,,20161031,4,SK69,,,Joao Pedro Sorgi,R,188,BRA,23.036,478,80,E224,5,,Victor Estrella Burgos,R,170,DOM,36.246,103,586,6-3 6-7(5) 7-6(7),3,R32,165,6,1,121,87,62,19,17,4,6,0,4,107,73,53,19,16,4,7
2016-7391,Guayaquil,Clay,32,C,,20161031,5,GE33,,,Daniel Elahi Galan,R,191,COL,20.37,428,94,G725,6,,Santiago Giraldo,R,188,COL,28.928,98,613,7-5 3-6 6-3,3,R32,127,11,4,86,45,31,22,15,5,10,6,4,92,52,34,15,15,2,8
2016-7391,Guayaquil,Clay,32,C,,20161031,6,E701,,,Ivan Endara,R,,ECU,28.66,563,57,SC73,7,,Rogerio Dutra Silva,R,178,BRA,32.736,107,575,7-6(6) 6-2,3,R32,105,5,2,82,48,34,18,10,9,10,6,2,72,48,31,13,10,4,7
2016-7391,Guayaquil,Clay,32,C,,20161031,7,BK19,,,Mathias Bourgue,R,188,FRA,22.784,187,303,SG64,8,,Joao Souza,R,193,BRA,28.43,122,500,4-6 6-0 6-2,3,R32,95,4,2,72,52,39,13,12,4,5,2,1,66,45,26,10,12,3,8
2016-7391,Guayaquil,Clay,32,C,,20161031,8,E873,9,,Ernesto Escobedo,R,185,MEX,20.326,135,442,V620,,,Agustin Velotti,R,,ARG,24.438,178,325,6-2 6-3,3,R32,59,5,2,49,29,22,11,9,0,1,5,2,47,25,16,9,8,4,8
2016-7391,Guayaquil,Clay,32,C,,20161031,9,A887,,,Guido Andreozzi,R,183,ARG,25.24,114,526,GA36,,,Emilio Gomez,R,185,ECU,24.925,283,175,6-3 6-7(4) 6-3,3,R32,137,2,7,112,69,48,19,16,9,13,4,3,73,39,23,16,14,2,8
2016-7391,Guayaquil,Clay,32,C,,20161031,10,A853,,,Marcelo Arevalo,R,191,ESA,26.04,189,298,F444,,,Alejandro Falla,L,185,COL,32.964,235,220,4-6 7-5 6-3,3,R32,163,10,6,124,78,48,26,16,8,11,2,3,118,80,51,18,15,10,14
2016-7391,Guayaquil,Clay,32,C,,20161031,11,D981,,,Arthur De Greef,R,183,BEL,24.597,151,403,S483,,,Pedro Sousa,R,180,POR,28.43,186,304,3-1 RET,3,R32,11,1,1,13,10,7,1,2,1,2,0,3,10,3,1,1,2,0,2
2016-7391,Guayaquil,Clay,32,C,,20161031,12,KC29,,,Nicolas Kicker,R,178,ARG,24.208,129,455,E661,,,Gonzalo Escobar,L,178,ECU,27.778,548,60,6-1 6-1,3,R32,62,3,4,51,28,24,10,7,2,2,1,4,47,30,14,6,7,1,6
2016-7391,Guayaquil,Clay,32,C,,20161031,13,L941,,,Michael Linzer,R,180,AUT,26.995,311,155,MM24,,,Bastian Malla,,,CHI,20.107,455,85,6-2 5-2 RET,3,R32,90,0,0,57,37,23,14,8,7,8,0,0,38,29,14,4,7,0,4
2016-7391,Guayaquil,Clay,32,C,,20161031,14,MD56,,,Leonardo Mayer,R,191,ARG,29.465,124,485,Q941,,,Roberto Quiroz,L,193,ECU,24.687,296,163,6-2 6-2,3,R32,70,2,0,50,32,23,12,8,3,3,1,4,59,33,18,12,8,10,14
2016-7391,Guayaquil,Clay,32,C,,20161031,15,ME56,,,Andres Molteni,R,180,ARG,28.63,1231,5,GD64,,,Cristian Garin,R,185,CHI,20.422,201,273,6-4 6-3,3,R32,87,0,2,61,38,23,13,9,2,5,3,2,66,40,21,9,10,5,11
2016-7391,Guayaquil,Clay,32,C,,20161031,16,Z198,,,Caio Zampieri,R,183,BRA,30.431,269,191,SI36,,,Eduardo Struvay,R,,COL,25.873,206,265,6-2 RET,3,R32,33,0,0,22,19,12,2,4,0,1,0,1,31,18,7,7,4,3,6
2016-7391,Guayaquil,Clay,32,C,,20161031,17,BF23,2,,Facundo Bagnis,L,183,ARG,26.675,68,750,A853,,,Marcelo Arevalo,R,191,ESA,26.04,189,298,6-2 4-6 6-4,3,R16,120,9,7,80,42,33,17,14,4,7,5,7,98,62,38,16,14,4,9
2016-7391,Guayaquil,Clay,32,C,,20161031,18,KC29,,,Nicolas Kicker,R,178,ARG,24.208,129,455,E873,9,,Ernesto Escobedo,R,185,MEX,20.326,135,442,3-6 6-2 6-1,3,R16,102,2,2,66,46,31,9,12,2,5,2,8,84,50,28,12,12,5,11
2016-7391,Guayaquil,Clay,32,C,,20161031,19,A887,,,Guido Andreozzi,R,183,ARG,25.24,114,526,E701,,,Ivan Endara,R,,ECU,28.66,563,57,7-5 6-2,3,R16,89,1,4,63,43,32,9,10,5,7,1,3,68,51,28,6,10,4,9
2016-7391,Guayaquil,Clay,32,C,,20161031,20,BK19,,,Mathias Bourgue,R,188,FRA,22.784,187,303,Z198,,,Caio Zampieri,R,183,BRA,30.431,269,191,6-3 6-1,3,R16,66,1,0,49,30,23,13,8,2,2,0,1,43,31,14,7,8,1,5
2016-7391,Guayaquil,Clay,32,C,,20161031,21,D981,,,Arthur De Greef,R,183,BEL,24.597,151,403,CC32,,,Guilherme Clezar,R,180,BRA,23.833,198,278,4-6 6-2 6-3,3,R16,107,5,1,108,76,52,13,14,10,13,2,4,73,44,29,12,13,7,12
2016-7391,Guayaquil,Clay,32,C,,20161031,22,G602,,,Andre Ghem,R,193,BRA,34.426,243,216,L941,,,Michael Linzer,R,180,AUT,26.995,311,155,6-3 6-2,3,R16,66,6,1,43,32,26,7,9,0,1,2,2,53,39,21,5,8,6,10
2016-7391,Guayaquil,Clay,32,C,,20161031,23,ME56,,,Andres Molteni,R,180,ARG,28.63,1231,5,GE33,,,Daniel Elahi Galan,R,191,COL,20.37,428,94,7-5 6-3,3,R16,89,2,2,59,36,29,14,11,3,4,6,1,65,40,26,12,10,4,7
2016-7391,Guayaquil,Clay,32,C,,20161031,24,SK69,,,Joao Pedro Sorgi,R,188,BRA,23.036,478,80,MD56,,,Leonardo Mayer,R,191,ARG,29.465,124,485,6-3 1-6 6-1,3,R16,88,5,2,67,40,27,17,12,0,2,5,0,63,38,28,13,11,6,9
2016-7391,Guayaquil,Clay,32,C,,20161031,25,SK69,,,Joao Pedro Sorgi,R,188,BRA,23.036,478,80,BF23,2,,Facundo Bagnis,L,183,ARG,26.675,68,750,4-6 6-4 6-4,3,QF,143,6,10,124,69,44,32,15,13,15,4,7,86,44,34,20,15,1,4
2016-7391,Guayaquil,Clay,32,C,,20161031,26,A887,,,Guido Andreozzi,R,183,ARG,25.24,114,526,G602,,,Andre Ghem,R,193,BRA,34.426,243,216,6-4 6-4,3,QF,98,1,3,67,38,28,17,10,1,2,2,1,70,39,25,15,10,1,4
2016-7391,Guayaquil,Clay,32,C,,20161031,27,D981,,,Arthur De Greef,R,183,BEL,24.597,151,403,BK19,,,Mathias Bourgue,R,188,FRA,22.784,187,303,6-4 6-2,3,QF,62,0,0,45,35,26,4,9,0,2,2,2,51,30,18,5,9,0,5
2016-7391,Guayaquil,Clay,32,C,,20161031,28,KC29,,,Nicolas Kicker,R,178,ARG,24.208,129,455,ME56,,,Andres Molteni,R,180,ARG,28.63,1231,5,6-3 3-0 RET,3,QF,63,2,1,34,21,18,8,6,2,2,3,1,50,26,14,11,6,4,7
2016-7391,Guayaquil,Clay,32,C,,20161031,29,D981,,,Arthur De Greef,R,183,BEL,24.597,151,403,A887,,,Guido Andreozzi,R,183,ARG,25.24,114,526,7-5 7-5,3,SF,111,2,3,89,66,40,9,12,12,16,3,2,69,46,25,11,12,4,10
2016-7391,Guayaquil,Clay,32,C,,20161031,30,KC29,,,Nicolas Kicker,R,178,ARG,24.208,129,455,SK69,,,Joao Pedro Sorgi,R,188,BRA,23.036,478,80,6-3 6-1,3,SF,71,2,2,59,33,24,15,8,5,5,3,3,45,23,13,10,8,5,9
2016-7391,Guayaquil,Clay,32,C,,20161031,31,KC29,,,Nicolas Kicker,R,178,ARG,24.208,129,455,D981,,,Arthur De Greef,R,183,BEL,24.597,151,403,6-3 6-2,3,F,78,1,0,56,35,23,9,8,4,6,1,2,61,48,24,4,9,3,9
2016-7586,Canberra 2,Hard,32,C,,20161031,1,TC61,1,,Jordan Thompson,R,183,AUS,22.533,85,675,R977,,,Matt Reid,R,183,AUS,26.292,512,69,6-1 7-5,3,R32,67,5,0,61,45,33,11,10,2,2,3,0,58,28,16,17,9,6,9
2016-7586,Canberra 2,Hard,32,C,,20161031,2,MN20,,,Daniel Masur,R,183,GER,21.985,298,161,TA29,4,,Marco Trungelliti,R,178,ARG,26.749,131,450,6-3 3-6 6-4,3,R32,137,1,7,104,61,43,18,14,7,10,6,1,97,69,42,16,14,9,13
2016-7586,Canberra 2,Hard,32,C,,20161031,3,D994,5,,James Duckworth,R,183,AUS,24.778,160,373,V784,,,Gavin Van Peperzeel,R,180,AUS,24.591,456,85,6-7(5) 6-3 6-4,3,R32,110,9,3,93,57,45,25,16,0,0,15,4,93,49,40,25,15,5,7
2016-7586,Canberra 2,Hard,32,C,,20161031,4,Z189,6,,Grega Zemlja,R,183,SLO,30.089,155,396,TA04,,,Finn Tearney,R,183,NZL,26.094,458,84,6-3 6-4,3,R32,95,5,5,85,47,35,17,10,8,9,1,5,63,44,29,5,9,5,8
2016-7586,Canberra 2,Hard,32,C,,20161031,5,N763,,,Daniel Nolan,R,175,AUS,19.639,696,34,BH98,7,,Matthew Barton,R,191,AUS,24.871,192,289,6-3 6-4,3,R32,70,1,5,62,40,30,9,10,4,6,2,1,57,35,21,11,9,2,6
2016-7586,Canberra 2,Hard,32,C,,20161031,6,SJ55,8,,John-Patrick Smith,L,188,AUS,27.767,234,221,MM79,,,Blake Mott,R,180,AUS,20.528,279,180,6-4 6-7(5) 6-2,3,R32,125,5,1,98,73,51,14,15,3,5,3,3,96,67,45,10,15,4,9
2016-7586,Canberra 2,Hard,32,C,,20161031,7,PG94,9,,Marc Polmans,R,188,AUS,19.499,262,198,N558,,,N.Sriram Balaji,R,180,IND,26.623,442,90,6-2 6-4,3,R32,73,0,4,55,33,29,12,9,2,2,7,2,60,41,26,8,9,2,5
2016-7586,Canberra 2,Hard,32,C,,20161031,8,BH87,,,Maverick Banes,R,,AUS,24.559,436,91,GA94,,,Prajnesh Gunneswaran,L,188,IND,26.968,287,171,6-3 7-5,3,R32,78,3,1,56,34,27,15,11,2,3,0,1,63,45,30,7,10,4,7
2016-7586,Canberra 2,Hard,32,C,,20161031,9,DB34,,,Steven De Waard,R,180,AUS,25.492,814,21,FA50,,,Thomas Fancutt,R,188,AUS,21.681,654,40,6-4 6-1,3,R32,73,3,4,58,42,32,8,9,3,3,4,4,61,42,25,11,8,7,10
2016-7586,Canberra 2,Hard,32,C,,20161031,10,E690,,,Matthew Ebden,R,188,AUS,28.931,475,80,PE00,,,Nathan Pasha,R,191,USA,24.296,902,16,6-3 1-6 6-2,3,R32,82,6,5,66,37,31,15,12,4,6,2,4,79,44,32,15,12,6,9
2016-7586,Canberra 2,Hard,32,C,,20161031,11,J553,,,Omar Jasika,L,183,AUS,19.455,390,110,O483,,,Christopher O'Connell,R,183,AUS,22.412,270,191,6-4 6-4,3,R32,74,2,1,47,28,23,15,10,1,2,4,2,68,43,28,11,10,6,9
2016-7586,Canberra 2,Hard,32,C,,20161031,12,J361,,,Greg Jones,R,193,AUS,27.748,604,50,PG86,,,Darren K. Polkinghorne,R,170,AUS,23.677,1042,10,6-1 7-6(5),3,R32,77,12,1,55,36,29,9,10,1,3,1,3,68,36,21,15,9,1,5
2016-7586,Canberra 2,Hard,32,C,,20161031,13,N897,,,Sumit Nagal,R,178,IND,19.209,358,127,KA22,,,Dayne Kelly,R,,AUS,26.275,336,138,6-4 1-6 6-2,3,R32,98,2,3,65,38,29,16,12,2,4,7,4,73,48,33,17,13,6,9
2016-7586,Canberra 2,Hard,32,C,,20161031,14,PA97,,,Vijay Sundar Prashanth,R,178,IND,30.012,598,51,SM09,,,Luke Saville,R,188,AUS,22.828,254,203,6-4 6-2,3,R32,69,1,1,51,38,30,8,9,1,1,6,6,61,35,27,7,9,4,7
2016-7586,Canberra 2,Hard,32,C,,20161031,15,PH71,,,Max Purcell,R,185,AUS,18.579,360,125,BJ05,,,Harry Bourchier,R,185,AUS,20.769,1038,10,6-4 7-6(1),3,R32,72,3,2,61,41,34,14,11,0,0,3,5,82,49,31,19,11,3,4
2016-7586,Canberra 2,Hard,32,C,,20161031,16,SL92,,,Shuichi Sekiguchi,R,168,JPN,25.298,340,137,J393,,,Jarmere Jenkins,R,183,USA,25.933,417,97,2-6 6-3 6-0,3,R32,89,4,2,80,50,36,14,12,8,10,7,2,69,49,29,10,11,2,6
2016-7586,Canberra 2,Hard,32,C,,20161031,17,TC61,1,,Jordan Thompson,R,183,AUS,22.533,85,675,E690,,,Matthew Ebden,R,188,AUS,28.931,475,80,6-0 6-2,3,R16,49,2,0,32,21,21,8,7,1,1,2,11,45,24,13,6,7,2,7
2016-7586,Canberra 2,Hard,32,C,,20161031,18,D994,5,,James Duckworth,R,183,AUS,24.778,160,373,N897,,,Sumit Nagal,R,178,IND,19.209,358,127,6-3 6-3,3,R16,73,9,1,58,32,27,15,9,5,5,1,1,59,28,15,17,9,4,7
2016-7586,Canberra 2,Hard,32,C,,20161031,19,J553,,,Omar Jasika,L,183,AUS,19.455,390,110,Z189,6,,Grega Zemlja,R,183,SLO,30.089,155,396,6-1 6-4,3,R16,55,3,4,51,29,24,11,9,0,1,2,2,42,27,15,9,8,2,6
2016-7586,Canberra 2,Hard,32,C,,20161031,20,SJ55,8,,John-Patrick Smith,L,188,AUS,27.767,234,221,PA97,,,Vijay Sundar Prashanth,R,178,IND,30.012,598,51,6-1 6-2,3,R16,58,3,1,52,37,28,8,8,3,3,0,0,42,23,12,8,7,3,7
2016-7586,Canberra 2,Hard,32,C,,20161031,21,PG94,9,,Marc Polmans,R,188,AUS,19.499,262,198,SL92,,,Shuichi Sekiguchi,R,168,JPN,25.298,340,137,6-1 6-2,3,R16,65,2,2,45,34,28,5,8,2,2,0,4,57,36,20,7,7,11,15
2016-7586,Canberra 2,Hard,32,C,,20161031,22,J361,,,Greg Jones,R,193,AUS,27.748,604,50,PH71,,,Max Purcell,R,185,AUS,18.579,360,125,6-3 7-6(3),3,R16,83,10,2,67,44,36,15,11,4,4,2,4,63,38,32,11,10,3,4
2016-7586,Canberra 2,Hard,32,C,,20161031,23,MN20,,,Daniel Masur,R,183,GER,21.985,298,161,BH87,,,Maverick Banes,R,,AUS,24.559,436,91,7-6(2) 6-3,3,R16,105,2,4,80,49,37,17,11,4,5,2,3,68,39,25,17,10,2,4
2016-7586,Canberra 2,Hard,32,C,,20161031,24,N763,,,Daniel Nolan,R,175,AUS,19.639,696,34,DB34,,,Steven De Waard,R,180,AUS,25.492,814,21,6-2 6-2,3,R16,56,0,2,51,33,23,12,8,0,0,1,0,46,32,20,4,8,4,8
2016-7586,Canberra 2,Hard,32,C,,20161031,25,TC61,1,,Jordan Thompson,R,183,AUS,22.533,85,675,SJ55,8,,John-Patrick Smith,L,188,AUS,27.767,234,221,6-1 7-6(5),3,QF,75,5,3,66,48,35,8,10,1,2,0,1,66,51,31,5,9,6,9
2016-7586,Canberra 2,Hard,32,C,,20161031,26,D994,5,,James Duckworth,R,183,AUS,24.778,160,373,MN20,,,Daniel Masur,R,183,GER,21.985,298,161,6-1 6-4,3,QF,65,5,2,42,21,17,14,8,1,2,1,5,67,38,21,12,9,10,15
2016-7586,Canberra 2,Hard,32,C,,20161031,27,PG94,9,,Marc Polmans,R,188,AUS,19.499,262,198,N763,,,Daniel Nolan,R,175,AUS,19.639,696,34,6-2 7-5,3,QF,94,0,3,57,36,26,10,10,3,5,5,2,79,56,29,10,10,9,14
2016-7586,Canberra 2,Hard,32,C,,20161031,28,J553,,,Omar Jasika,L,183,AUS,19.455,390,110,J361,,,Greg Jones,R,193,AUS,27.748,604,50,6-3 6-1,3,QF,74,2,5,56,34,27,11,8,4,4,2,2,53,32,18,9,8,6,10
2016-7586,Canberra 2,Hard,32,C,,20161031,29,D994,5,,James Duckworth,R,183,AUS,24.778,160,373,TC61,1,,Jordan Thompson,R,183,AUS,22.533,85,675,6-3 6-4,3,SF,81,2,0,59,32,25,17,10,2,3,1,1,59,38,23,11,9,4,7
2016-7586,Canberra 2,Hard,32,C,,20161031,30,PG94,9,,Marc Polmans,R,188,AUS,19.499,262,198,J553,,,Omar Jasika,L,183,AUS,19.455,390,110,5-7 6-3 7-6(4),3,SF,129,3,4,92,62,42,20,16,1,4,2,9,115,75,50,18,17,5,9
2016-7586,Canberra 2,Hard,32,C,,20161031,31,D994,5,,James Duckworth,R,183,AUS,24.778,160,373,PG94,9,,Marc Polmans,R,188,AUS,19.499,262,198,7-5 6-3,3,F,76,7,2,60,37,29,13,11,2,3,3,3,58,41,29,7,10,2,5
2016-83,Eckental,Hard,32,C,,20161031,1,MB02,,,Florian Mayer,R,191,GER,33.073,52,888,SF41,,,Aldin Setkic,R,191,BIH,28.862,199,275,6-4 7-6(4),3,R32,79,11,5,67,35,32,16,11,2,3,12,7,72,48,39,7,11,5,7
2016-83,Eckental,Hard,32,C,,20161031,2,MM58,2,,Daniil Medvedev,R,198,RUS,20.72,108,573,I305,,,Ilya Ivashka,R,193,BLR,22.683,180,321,4-6 6-3 7-5,3,R32,118,7,6,107,71,45,18,15,10,14,5,4,92,46,33,18,16,3,9
2016-83,Eckental,Hard,32,C,,20161031,3,BC65,,,Matthias Bachinger,R,188,GER,29.582,545,61,MF35,4,,Andrej Martin,R,183,SVK,27.113,128,468,6-3 6-4,3,R32,73,8,3,59,35,30,13,10,2,2,2,10,64,32,25,13,9,8,10
2016-83,Eckental,Hard,32,C,,20161031,4,D632,5,,Steve Darcis,R,175,BEL,32.635,105,578,DB63,,,Laslo Djere,R,188,SRB,21.415,171,342,6-2 6-3,3,R32,71,2,0,44,26,21,15,9,0,0,1,2,66,38,22,11,8,3,6
2016-83,Eckental,Hard,32,C,,20161031,5,KB92,,,Kevin Krawietz,R,188,GER,24.769,391,110,L797,6,,Lukas Lacko,R,188,SVK,28.994,113,526,5-7 7-5 6-4,3,R32,103,12,3,99,66,53,14,17,3,6,10,7,100,48,35,28,17,2,6
2016-83,Eckental,Hard,32,C,,20161031,6,PI95,,,David Pichler,R,178,AUT,20.698,631,45,G681,7,,Teymuraz Gabashvili,R,185,GEO,31.441,126,474,7-5 6-3,3,R32,89,5,3,72,35,26,21,11,4,5,5,5,80,51,31,12,10,8,11
2016-83,Eckental,Hard,32,C,,20161031,7,K839,8,,Tobias Kamke,R,178,GER,30.448,121,501,T742,,,Janko Tipsarevic,R,180,SRB,32.359,141,423,6-4 6-3,3,R32,92,0,5,61,30,18,17,9,2,6,1,6,77,33,22,12,10,7,14
2016-83,Eckental,Hard,32,C,,20161031,8,CA99,,,Marius Copil,R,191,ROU,26.04,137,432,PC68,,,Tim Puetz,R,185,GER,28.95,699,33,7-6(5) 4-6 6-4,3,R32,152,23,7,114,54,46,31,16,7,9,10,8,127,58,45,36,16,8,10
2016-83,Eckental,Hard,32,C,,20161031,9,DH58,,,Alex de Minaur,R,183,AUS,17.703,546,61,D750,,,Kenny De Schepper,L,203,FRA,29.426,159,376,6-3 7-5,3,R32,74,2,2,63,43,32,11,11,1,2,5,4,60,38,30,5,10,4,7
2016-83,Eckental,Hard,32,C,,20161031,10,GB53,,,Federico Gaio,R,178,ITA,24.657,184,314,O449,,,Oscar Otte,R,193,GER,23.294,519,67,6-4 6-2,3,R32,51,8,1,46,29,25,11,9,0,0,6,6,54,33,23,8,9,3,6
2016-83,Eckental,Hard,32,C,,20161031,11,H997,,,Yannick Hanfmann,R,193,GER,24.966,319,149,SC77,,,Sergiy Stakhovsky,R,193,UKR,30.817,123,495,5-7 6-4 6-4,3,R32,112,4,7,98,54,44,20,16,3,5,13,12,99,55,40,24,16,8,11
2016-83,Eckental,Hard,32,C,,20161031,12,MN13,,,Maximilian Marterer,L,188,GER,21.38,182,317,I236,,,Uladzimir Ignatik,R,183,BLR,26.3,191,295,6-4 6-2,3,R32,56,10,4,52,26,22,16,9,1,1,1,3,48,28,19,8,9,0,3
2016-83,Eckental,Hard,32,C,,20161031,13,M762,,,Jurgen Melzer,L,183,AUT,35.444,329,143,BE67,,,Mirza Basic,R,188,BIH,25.306,158,379,6-4 6-0,3,R32,52,0,4,47,24,19,14,8,0,1,1,4,45,20,11,10,8,5,10
2016-83,Eckental,Hard,32,C,,20161031,14,SK47,,,Mohamed Safwat,R,180,EGY,26.116,204,269,O411,,,Albano Olivetti,R,203,FRA,24.936,335,138,7-6(9) 6-2,3,R32,80,12,2,66,32,27,21,10,3,3,13,13,69,30,27,18,10,2,4
2016-83,Eckental,Hard,32,C,,20161031,15,SF76,,,Franko Skugor,R,196,CRO,29.114,244,215,G967,,,Peter Gojowczyk,R,188,GER,27.296,197,279,6-3 6-3,3,R32,68,5,5,54,35,30,6,9,2,3,4,4,66,31,20,15,9,7,11
2016-83,Eckental,Hard,32,C,,20161031,16,V717,,,Alexey Vatutin,R,178,RUS,24.011,286,172,TC11,,,Marko Tepavac,R,193,SRB,22.574,175,334,6-4 7-6(4),3,R32,81,7,3,63,33,28,19,11,2,2,18,6,77,44,33,15,11,2,3
2016-83,Eckental,Hard,32,C,,20161031,17,MB02,,,Florian Mayer,R,191,GER,33.073,52,888,H997,,,Yannick Hanfmann,R,193,GER,24.966,319,149,6-3 1-6 6-3,3,R16,86,7,3,80,39,30,23,13,4,6,5,6,69,35,27,18,12,4,6
2016-83,Eckental,Hard,32,C,,20161031,18,MM58,2,,Daniil Medvedev,R,198,RUS,20.72,108,573,V717,,,Alexey Vatutin,R,178,RUS,24.011,286,172,7-6(6) 6-2,3,R16,84,6,1,61,33,27,16,10,0,1,1,3,76,34,22,22,10,2,5
2016-83,Eckental,Hard,32,C,,20161031,19,D632,5,,Steve Darcis,R,175,BEL,32.635,105,578,MN13,,,Maximilian Marterer,L,188,GER,21.38,182,317,6-7(5) 6-4 6-4,3,R16,130,7,3,90,54,46,22,16,3,3,12,4,118,65,43,32,16,5,7
2016-83,Eckental,Hard,32,C,,20161031,20,M762,,,Jurgen Melzer,L,183,AUT,35.444,329,143,K839,8,,Tobias Kamke,R,178,GER,30.448,121,501,6-3 7-6(6),3,R16,93,8,5,81,49,35,16,11,2,4,1,6,79,45,25,21,10,4,7
2016-83,Eckental,Hard,32,C,,20161031,21,BC65,,,Matthias Bachinger,R,188,GER,29.582,545,61,SK47,,,Mohamed Safwat,R,180,EGY,26.116,204,269,6-4 6-0,3,R16,66,5,2,54,27,19,17,8,1,1,1,3,57,30,19,9,8,5,9
2016-83,Eckental,Hard,32,C,,20161031,22,DH58,,,Alex de Minaur,R,183,AUS,17.703,546,61,GB53,,,Federico Gaio,R,178,ITA,24.657,184,314,6-3 6-3,3,R16,80,2,1,55,37,28,9,9,1,2,3,4,83,48,30,13,9,8,12
2016-83,Eckental,Hard,32,C,,20161031,23,KB92,,,Kevin Krawietz,R,188,GER,24.769,391,110,CA99,,,Marius Copil,R,191,ROU,26.04,137,432,4-2 RET,3,R16,18,6,0,17,13,10,2,3,0,0,1,0,18,8,4,6,3,1,2
2016-83,Eckental,Hard,32,C,,20161031,24,SF76,,,Franko Skugor,R,196,CRO,29.114,244,215,PI95,,,David Pichler,R,178,AUT,20.698,631,45,6-1 7-5,3,R16,77,6,0,58,38,29,12,9,3,3,4,4,57,27,20,12,10,1,5
2016-83,Eckental,Hard,32,C,,20161031,25,SF76,,,Franko Skugor,R,196,CRO,29.114,244,215,MB02,,,Florian Mayer,R,191,GER,33.073,52,888,6-2 2-6 6-3,3,QF,96,10,5,84,48,38,16,13,6,8,5,2,64,29,25,16,12,0,3
2016-83,Eckental,Hard,32,C,,20161031,26,KB92,,,Kevin Krawietz,R,188,GER,24.769,391,110,MM58,2,,Daniil Medvedev,R,198,RUS,20.72,108,573,3-6 6-3 6-4,3,QF,101,7,7,86,44,35,23,14,7,9,7,9,92,56,40,16,14,11,14
2016-83,Eckental,Hard,32,C,,20161031,27,D632,5,,Steve Darcis,R,175,BEL,32.635,105,578,BC65,,,Matthias Bachinger,R,188,GER,29.582,545,61,6-4 6-2,3,QF,64,10,1,56,39,31,10,9,2,2,6,4,62,36,26,10,9,4,7
2016-83,Eckental,Hard,32,C,,20161031,28,DH58,,,Alex de Minaur,R,183,AUS,17.703,546,61,M762,,,Jurgen Melzer,L,183,AUT,35.444,329,143,4-6 7-6(3) 6-4,3,QF,118,1,8,93,50,36,18,16,1,7,1,9,96,51,35,17,16,5,11
2016-83,Eckental,Hard,32,C,,20161031,29,D632,5,,Steve Darcis,R,175,BEL,32.635,105,578,KB92,,,Kevin Krawietz,R,188,GER,24.769,391,110,6-3 6-1,3,SF,63,7,2,43,20,18,14,8,0,0,2,4,72,35,21,15,8,4,8
2016-83,Eckental,Hard,32,C,,20161031,30,DH58,,,Alex de Minaur,R,183,AUS,17.703,546,61,SF76,,,Franko Skugor,R,196,CRO,29.114,244,215,7-6(5) 7-6(1),3,SF,101,3,2,80,55,41,12,12,3,5,4,6,82,44,30,18,12,4,6
2016-83,Eckental,Hard,32,C,,20161031,31,D632,5,,Steve Darcis,R,175,BEL,32.635,105,578,DH58,,,Alex de Minaur,R,183,AUS,17.703,546,61,6-4 6-2,3,F,70,1,1,55,32,27,10,9,0,1,2,3,65,39,22,13,9,3,7
2016-7389,Bogota,Clay,32,C,,20161112,1,BF23,1,,Facundo Bagnis,L,183,ARG,26.708,66,750,E720,,,Adam El Mihdawy,,,USA,27.261,315,153,6-3 6-2,3,R32,69,5,7,64,28,24,17,9,4,5,2,7,43,9,9,13,8,4,8
2016-7389,Bogota,Clay,32,C,,20161112,2,Z184,2,,Horacio Zeballos,L,188,ARG,31.546,81,695,J620,,,Maxime Janvier,R,196,FRA,20.068,248,209,6-4 6-4,3,R32,89,9,5,52,30,28,13,10,1,1,5,1,82,44,31,18,10,5,7
2016-7389,Bogota,Clay,32,C,,20161112,3,CA33,3,,Inigo Cervantes,R,180,ESP,26.951,83,685,F444,,,Alejandro Falla,L,185,COL,32.997,267,187,6-4 6-1,3,R32,65,5,3,58,27,20,20,9,4,5,1,2,47,29,15,9,8,1,5
2016-7389,Bogota,Clay,32,C,,20161112,4,G725,4,,Santiago Giraldo,R,188,COL,28.961,98,613,MJ98,,,Facundo Mena,R,183,ARG,24.14,380,114,6-2 6-0,3,R32,56,3,3,43,22,19,11,7,1,1,1,1,41,17,9,9,7,1,6
2016-7389,Bogota,Clay,32,C,,20161112,5,E224,5,,Victor Estrella Burgos,R,170,DOM,36.279,103,586,GA36,,,Emilio Gomez,R,185,ECU,24.958,281,175,3-6 6-3 6-3,3,R32,104,2,4,78,48,35,14,13,5,8,5,9,79,43,30,14,14,1,6
2016-7389,Bogota,Clay,32,C,,20161112,6,SG64,6,,Joao Souza,R,193,BRA,28.463,125,483,E933,,,Andrew Ely,,,USA,22.007,,,6-0 6-3,3,R32,44,10,1,37,29,28,5,8,1,1,0,9,42,15,10,10,7,5,9
2016-7389,Bogota,Clay,32,C,,20161112,7,D981,7,,Arthur De Greef,R,183,BEL,24.63,131,453,Q941,,,Roberto Quiroz,L,193,ECU,24.72,285,172,7-6(2) 6-7(3) 6-1,3,R32,128,2,8,118,80,51,21,16,7,10,3,5,105,66,42,17,15,7,12
2016-7389,Bogota,Clay,32,C,,20161112,8,V620,8,,Agustin Velotti,R,,ARG,24.471,181,319,MQ75,,,Kamil Majchrzak,R,183,POL,20.832,271,181,6-4 4-6 6-3,3,R32,142,5,1,92,40,32,28,15,6,9,4,5,110,50,35,28,14,9,13
2016-7389,Bogota,Clay,32,C,,20161112,9,A853,,,Marcelo Arevalo,R,191,ESA,26.073,187,298,SB28,,,Carlos Salamanca,L,196,COL,33.826,875,18,6-4 7-6(4),3,R32,83,1,3,65,45,36,11,11,3,5,4,3,77,41,25,21,11,2,5
2016-7389,Bogota,Clay,32,C,,20161112,10,E661,,,Gonzalo Escobar,L,178,ECU,27.811,553,60,BS86,,,Tomas Barrios Vera,R,191,CHI,18.924,403,103,7-5 6-4,3,R32,85,6,4,60,36,28,13,11,1,3,3,8,80,38,30,15,11,5,9
2016-7389,Bogota,Clay,32,C,,20161112,11,GE33,,,Daniel Elahi Galan,R,191,COL,20.402,475,80,L941,,,Michael Linzer,R,180,AUT,27.028,324,150,4-6 6-3 6-1,3,R32,119,10,5,80,35,25,29,13,3,5,3,9,89,53,34,15,13,7,12
2016-7389,Bogota,Clay,32,C,,20161112,12,G602,,,Andre Ghem,R,193,BRA,34.459,232,225,D815,,,Fabiano De Paula,R,178,BRA,27.956,721,30,6-4 7-6(0),3,R32,92,6,5,67,33,25,19,11,1,3,0,5,77,46,30,13,11,6,9
2016-7389,Bogota,Clay,32,C,,20161112,13,GB42,,,Alejandro Gomez,R,183,COL,25.248,497,74,LB84,,,Juan Ignacio Londero,R,180,ARG,23.244,343,137,6-3 3-6 7-6(7),3,R32,132,18,12,106,56,49,24,15,6,7,3,7,107,52,37,34,15,6,7
2016-7389,Bogota,Clay,32,C,,20161112,14,R960,,,Fernando Romboli,R,180,BRA,27.855,571,55,KH79,,,Lucas Koelle,,,BRA,18.45,,,3-6 7-5 6-3,3,R32,118,6,3,88,63,50,12,15,1,2,9,12,102,47,38,27,15,6,8
2016-7389,Bogota,Clay,32,C,,20161112,15,SI36,,,Eduardo Struvay,R,,COL,25.906,282,175,N561,,,Ivan Nedelko,R,185,RUS,30.505,382,114,6-4 6-2,3,R32,59,6,3,44,22,19,17,9,0,0,1,7,52,22,14,16,9,1,4
2016-7389,Bogota,Clay,32,C,,20161112,16,Z198,,,Caio Zampieri,R,183,BRA,30.464,263,191,J551,,,Nicolas Jarry,R,201,CHI,21.09,415,98,6-3 4-6 7-6(3),3,R32,115,3,10,96,54,38,23,16,5,9,10,6,86,54,41,14,15,3,7
2016-7389,Bogota,Clay,32,C,,20161112,17,BF23,1,,Facundo Bagnis,L,183,ARG,26.708,66,750,SI36,,,Eduardo Struvay,R,,COL,25.906,282,175,5-7 6-2 6-3,3,R16,125,7,14,104,57,44,24,15,12,14,8,11,78,36,30,18,14,0,4
2016-7389,Bogota,Clay,32,C,,20161112,18,Z184,2,,Horacio Zeballos,L,188,ARG,31.546,81,695,E661,,,Gonzalo Escobar,L,178,ECU,27.811,553,60,7-6(6) 3-6 6-1,3,R16,150,13,9,109,52,42,27,14,6,8,2,6,101,62,40,21,14,2,5
2016-7389,Bogota,Clay,32,C,,20161112,19,CA33,3,,Inigo Cervantes,R,180,ESP,26.951,83,685,R960,,,Fernando Romboli,R,180,BRA,27.855,571,55,6-3 7-6(4),3,R16,86,5,4,64,29,25,15,11,0,2,3,4,73,49,27,13,10,7,10
2016-7389,Bogota,Clay,32,C,,20161112,20,G725,4,,Santiago Giraldo,R,188,COL,28.961,98,613,Z198,,,Caio Zampieri,R,183,BRA,30.464,263,191,7-5 6-3,3,R16,94,7,0,67,32,27,21,11,4,4,4,5,80,52,35,11,10,7,9
2016-7389,Bogota,Clay,32,C,,20161112,21,A853,,,Marcelo Arevalo,R,191,ESA,26.073,187,298,E224,5,,Victor Estrella Burgos,R,170,DOM,36.279,103,586,6-3 6-4,3,R16,77,5,0,63,43,30,15,10,3,3,5,4,61,44,32,7,9,4,6
2016-7389,Bogota,Clay,32,C,,20161112,22,G602,,,Andre Ghem,R,193,BRA,34.459,232,225,SG64,6,,Joao Souza,R,193,BRA,28.463,125,483,6-3 2-6 7-6(2),3,R16,138,6,7,90,46,36,24,15,3,6,10,12,102,59,46,16,14,3,5
2016-7389,Bogota,Clay,32,C,,20161112,23,GB42,,,Alejandro Gomez,R,183,COL,25.248,497,74,D981,7,,Arthur De Greef,R,183,BEL,24.63,131,453,6-4 4-1 RET,3,R16,49,4,2,37,18,15,15,7,4,4,3,4,51,27,18,10,8,1,4
2016-7389,Bogota,Clay,32,C,,20161112,24,GE33,,,Daniel Elahi Galan,R,191,COL,20.402,475,80,V620,8,,Agustin Velotti,R,,ARG,24.471,181,319,6-7(5) 7-5 4-1 RET,3,R16,147,13,4,89,46,37,25,14,7,9,2,6,116,51,35,33,15,6,11
2016-7389,Bogota,Clay,32,C,,20161112,25,BF23,1,,Facundo Bagnis,L,183,ARG,26.708,66,750,GB42,,,Alejandro Gomez,R,183,COL,25.248,497,74,7-6(4) 6-3,3,QF,101,10,4,69,33,26,28,11,2,2,7,10,82,38,27,26,10,4,5
2016-7389,Bogota,Clay,32,C,,20161112,26,Z184,2,,Horacio Zeballos,L,188,ARG,31.546,81,695,A853,,,Marcelo Arevalo,R,191,ESA,26.073,187,298,6-2 7-6(4),3,QF,80,6,3,58,31,27,18,10,0,0,6,5,55,29,21,16,10,1,3
2016-7389,Bogota,Clay,32,C,,20161112,27,CA33,3,,Inigo Cervantes,R,180,ESP,26.951,83,685,GE33,,,Daniel Elahi Galan,R,191,COL,20.402,475,80,6-3 6-4,3,QF,90,7,7,76,36,32,16,10,5,6,3,3,55,29,22,11,9,0,3
2016-7389,Bogota,Clay,32,C,,20161112,28,G725,4,,Santiago Giraldo,R,188,COL,28.961,98,613,G602,,,Andre Ghem,R,193,BRA,34.459,232,225,7-6(5) 6-2,3,QF,96,9,1,60,36,30,14,10,1,2,1,10,87,40,29,19,10,8,11
2016-7389,Bogota,Clay,32,C,,20161112,29,BF23,1,,Facundo Bagnis,L,183,ARG,26.708,66,750,CA33,3,,Inigo Cervantes,R,180,ESP,26.951,83,685,6-1 7-6(3),3,SF,87,6,2,55,24,21,20,9,3,4,2,6,72,28,21,18,10,4,8
2016-7389,Bogota,Clay,32,C,,20161112,30,Z184,2,,Horacio Zeballos,L,188,ARG,31.546,81,695,G725,4,,Santiago Giraldo,R,188,COL,28.961,98,613,5-7 7-5 6-4,3,SF,134,11,8,103,52,41,27,17,10,13,5,2,90,59,45,16,17,6,10
2016-7389,Bogota,Clay,32,C,,20161112,31,BF23,1,,Facundo Bagnis,L,183,ARG,26.708,66,750,Z184,2,,Horacio Zeballos,L,188,ARG,31.546,81,695,3-6 6-3 7-6(4),3,F,156,9,13,102,52,44,26,15,7,8,8,7,106,62,46,23,15,6,7
2016-363,Knoxville,Hard,32,C,,20161113,1,E687,1,,Daniel Evans,R,175,GBR,26.478,57,816,KC12,,,Mitchell Krueger,R,188,USA,22.836,210,251,6-2 6-3,3,R32,71,3,1,47,28,20,13,9,0,1,4,0,58,37,20,9,8,6,10
2016-363,Knoxville,Hard,32,C,,20161113,2,TD51,2,,Frances Tiafoe,R,188,USA,18.815,102,590,K964,,,Brydan Klein,R,188,GBR,26.869,296,163,3-6 7-5 6-1,3,R32,139,7,5,93,56,41,17,14,12,15,11,4,112,61,46,14,14,14,19
2016-363,Knoxville,Hard,32,C,,20161113,3,DC58,3,,Jared Donaldson,R,188,USA,20.096,108,541,LB50,,,Mikelis Libietis,R,193,LAT,24.348,363,126,6-2 6-4,3,R32,63,3,0,48,33,24,10,9,1,2,3,3,44,18,11,12,9,0,4
2016-363,Knoxville,Hard,32,C,,20161113,4,G940,,,Sam Groth,R,193,AUS,29.07,184,313,F811,4,,Bjorn Fratangelo,R,183,USA,23.321,111,526,7-5 4-6 6-2,3,R32,96,17,5,73,46,40,15,15,0,2,7,5,87,49,32,21,15,5,9
2016-363,Knoxville,Hard,32,C,,20161113,5,N674,,,Dennis Novikov,R,193,USA,23.02,162,365,KB09,5,,Denis Kudla,R,180,USA,24.241,129,457,6-4 3-6 6-4,3,R32,109,6,4,97,50,35,23,15,3,7,5,3,85,53,36,15,14,6,10
2016-363,Knoxville,Hard,32,C,,20161113,6,SF62,6,,Tim Smyczek,R,175,USA,28.873,134,447,V942,,,Tim van Rijthoven,R,188,NED,19.556,334,141,7-6(2) 6-4,3,R32,90,6,3,84,52,35,21,11,11,12,6,2,62,38,31,11,11,1,3
2016-363,Knoxville,Hard,32,C,,20161113,7,RC96,,,Noah Rubin,R,175,USA,20.728,203,267,L949,7,,Henri Laaksonen,R,185,SUI,24.621,135,446,6-3 6-3,3,R32,80,2,3,67,40,23,19,9,4,5,5,3,69,36,24,12,9,2,6
2016-363,Knoxville,Hard,32,C,,20161113,8,KE64,8,,Stefan Kozlov,R,183,USA,18.782,152,403,BH22,,,Sam Barry,R,191,IRL,24.797,269,183,6-4 7-5,3,R32,99,14,5,79,46,37,16,11,5,6,6,1,74,51,36,8,11,8,11
2016-363,Knoxville,Hard,32,C,,20161113,9,BE54,,,Ruben Bemelmans,L,183,BEL,28.832,190,287,DA86,,,Joris De Loore,R,191,BEL,23.565,174,328,5-7 7-6(3) 6-4,3,R32,138,9,1,99,71,54,16,17,5,7,15,4,113,72,52,23,17,5,7
2016-363,Knoxville,Hard,32,C,,20161113,10,CA71,,,Edward Corrie,R,183,GBR,28.728,278,177,SL09,,,Raymond Sarmiento,R,178,USA,24.307,359,128,7-6(5) 2-6 6-4,3,R32,126,15,4,100,54,39,21,15,5,9,2,5,87,49,33,23,15,2,5
2016-363,Knoxville,Hard,32,C,,20161113,11,KA00,,,Austin Krajicek,L,188,USA,26.412,242,215,BA23,,,Brian Baker,R,191,USA,31.54,258,198,4-6 6-2 7-6(4),3,R32,127,15,3,98,68,51,13,15,3,5,5,6,98,73,45,14,15,1,4
2016-363,Knoxville,Hard,32,C,,20161113,12,MK66,,,Mackenzie McDonald,R,178,USA,21.58,293,165,CB14,,,Daniel Cox,R,170,GBR,26.127,632,44,6-2 6-2,3,R32,52,5,0,41,27,21,12,8,1,1,1,4,43,15,11,10,8,1,5
2016-363,Knoxville,Hard,32,C,,20161113,13,MP01,,,Michael Mmoh,R,188,USA,18.842,268,183,BF55,,,Yuki Bhambri,R,185,IND,24.361,546,62,6-4 7-6(8),3,R32,104,5,3,71,46,30,14,11,0,2,1,2,74,45,29,13,11,3,6
2016-363,Knoxville,Hard,32,C,,20161113,14,PB22,,,Peter Polansky,R,183,CAN,28.413,148,411,BI23,,,Liam Broady,L,183,GBR,22.858,290,167,6-3 6-4,3,R32,77,4,2,57,30,26,17,10,0,0,6,3,62,33,24,14,9,4,6
2016-363,Knoxville,Hard,32,C,,20161113,15,SL08,,,Tennys Sandgren,R,188,USA,25.314,223,237,HB41,,,Jared Hiltzik,R,185,USA,22.352,678,37,6-4 6-3,3,R32,72,10,2,54,32,28,14,10,0,0,10,1,70,41,31,11,9,5,7
2016-363,Knoxville,Hard,32,C,,20161113,16,W522,,,Rhyne Williams,R,185,USA,25.648,585,53,BH02,,,Sekou Bangoura,R,183,USA,24.988,220,240,6-3 2-6 6-4,3,R32,118,4,5,86,46,36,19,14,3,6,3,5,77,43,31,16,13,4,7
2016-363,Knoxville,Hard,32,C,,20161113,17,PB22,,,Peter Polansky,R,183,CAN,28.413,148,411,E687,1,,Daniel Evans,R,175,GBR,26.478,57,816,1-6 7-6(5) 6-2,3,R16,128,7,2,84,46,34,18,13,3,6,5,9,107,62,46,18,14,9,12
2016-363,Knoxville,Hard,32,C,,20161113,18,KA00,,,Austin Krajicek,L,188,USA,26.412,242,215,TD51,2,,Frances Tiafoe,R,188,USA,18.815,102,590,6-3 3-6 6-3,3,R16,115,14,2,92,55,44,18,14,9,10,3,9,90,61,46,14,13,9,11
2016-363,Knoxville,Hard,32,C,,20161113,19,DC58,3,,Jared Donaldson,R,188,USA,20.096,108,541,W522,,,Rhyne Williams,R,185,USA,25.648,585,53,6-4 7-5,3,R16,114,4,1,71,42,33,12,11,5,7,10,3,86,46,30,16,11,10,14
2016-363,Knoxville,Hard,32,C,,20161113,20,MP01,,,Michael Mmoh,R,188,USA,18.842,268,183,SF62,6,,Tim Smyczek,R,175,USA,28.873,134,447,6-3 6-2,3,R16,63,3,0,44,28,23,11,9,1,2,3,4,58,31,20,10,8,7,11
2016-363,Knoxville,Hard,32,C,,20161113,21,KE64,8,,Stefan Kozlov,R,183,USA,18.782,152,403,SL08,,,Tennys Sandgren,R,188,USA,25.314,223,237,6-2 6-4,3,R16,72,3,6,51,27,25,12,9,0,1,3,0,57,29,16,15,9,6,10
2016-363,Knoxville,Hard,32,C,,20161113,22,BE54,,,Ruben Bemelmans,L,183,BEL,28.832,190,287,RC96,,,Noah Rubin,R,175,USA,20.728,203,267,6-4 6-4,3,R16,80,7,1,52,34,29,13,10,3,3,4,3,85,48,27,21,10,9,11
2016-363,Knoxville,Hard,32,C,,20161113,23,CA71,,,Edward Corrie,R,183,GBR,28.728,278,177,G940,,,Sam Groth,R,193,AUS,29.07,184,313,3-6 6-3 7-6(3),3,R16,112,12,4,90,59,47,15,15,4,6,17,3,91,57,41,20,15,3,5
2016-363,Knoxville,Hard,32,C,,20161113,24,MK66,,,Mackenzie McDonald,R,178,USA,21.58,293,165,N674,,,Dennis Novikov,R,193,USA,23.02,162,365,6-4 6-1,3,R16,64,4,3,56,30,22,12,9,3,5,4,1,45,21,13,8,8,2,7
2016-363,Knoxville,Hard,32,C,,20161113,25,DC58,3,,Jared Donaldson,R,188,USA,20.096,108,541,BE54,,,Ruben Bemelmans,L,183,BEL,28.832,190,287,6-3 5-7 6-4,3,QF,133,2,3,98,55,41,27,16,8,9,4,4,104,69,48,19,15,12,14
2016-363,Knoxville,Hard,32,C,,20161113,26,KE64,8,,Stefan Kozlov,R,183,USA,18.782,152,403,CA71,,,Edward Corrie,R,183,GBR,28.728,278,177,6-4 6-3,3,QF,78,5,5,66,35,26,16,10,6,7,3,1,45,19,15,12,9,2,5
2016-363,Knoxville,Hard,32,C,,20161113,27,MP01,,,Michael Mmoh,R,188,USA,18.842,268,183,KA00,,,Austin Krajicek,L,188,USA,26.412,242,215,6-4 6-4,3,QF,81,4,2,67,43,34,13,10,5,5,7,1,54,30,24,13,10,4,6
2016-363,Knoxville,Hard,32,C,,20161113,28,PB22,,,Peter Polansky,R,183,CAN,28.413,148,411,MK66,,,Mackenzie McDonald,R,178,USA,21.58,293,165,6-7(8) 6-4 5-1 RET,3,QF,125,4,2,101,75,53,14,14,8,10,0,3,100,50,28,29,14,5,10
2016-363,Knoxville,Hard,32,C,,20161113,29,PB22,,,Peter Polansky,R,183,CAN,28.413,148,411,DC58,3,,Jared Donaldson,R,188,USA,20.096,108,541,6-2 6-4,3,SF,73,1,0,63,44,32,8,9,1,2,7,5,52,26,20,9,9,4,8
2016-363,Knoxville,Hard,32,C,,20161113,30,MP01,,,Michael Mmoh,R,188,USA,18.842,268,183,KE64,8,,Stefan Kozlov,R,183,USA,18.782,152,403,6-0 6-3,3,SF,61,2,2,48,32,23,6,8,2,4,1,1,40,25,9,5,7,2,8
2016-363,Knoxville,Hard,32,C,,20161113,31,MP01,,,Michael Mmoh,R,188,USA,18.842,268,183,PB22,,,Peter Polansky,R,183,CAN,28.413,148,411,7-5 2-6 6-1,3,F,123,7,3,87,51,35,20,14,6,9,3,3,82,50,33,16,13,2,6
2016-6204,Ortisei,Hard,32,C,,20161113,1,B896,1,,Benjamin Becker,R,178,GER,35.411,122,497,D808,,,Julien Dubail,R,193,BEL,28.747,402,105,6-4 6-1,3,R32,68,8,5,57,34,27,9,8,6,7,5,6,65,37,24,10,9,4,9
2016-6204,Ortisei,Hard,32,C,,20161113,2,D864,2,,Evgeny Donskoy,R,185,RUS,26.516,118,505,K909,,,Andriej Kapas,R,188,POL,27.258,500,73,6-7(3) 7-5 7-6(2),3,R32,164,7,10,120,73,56,22,18,5,8,10,10,141,68,46,37,18,12,16
2016-6204,Ortisei,Hard,32,C,,20161113,3,G983,3,,Alessandro Giannessi,L,185,ITA,26.459,140,428,BK92,,,Alexander Bublik,R,196,KAZ,19.409,211,248,7-5 4-6 7-6(7),3,R32,124,9,4,103,62,48,24,17,0,2,25,9,132,80,64,21,17,7,9
2016-6204,Ortisei,Hard,32,C,,20161113,4,BE67,4,,Mirza Basic,R,188,BIH,25.342,158,373,P701,,,Michal Przysiezny,R,185,POL,32.742,471,81,7-6(5) 4-6 6-4,3,R32,118,11,6,86,47,39,25,16,0,1,14,4,99,53,42,27,16,1,2
2016-6204,Ortisei,Hard,32,C,,20161113,5,O411,,,Albano Olivetti,R,203,FRA,24.972,338,138,DB63,5,,Laslo Djere,R,188,SRB,21.451,170,342,6-3 6-3,3,R32,66,14,2,42,28,27,9,9,0,0,5,6,69,34,21,17,9,8,11
2016-6204,Ortisei,Hard,32,C,,20161113,6,J400,,,Jeremy Jahn,R,178,GER,26.609,247,209,TC11,6,,Marko Tepavac,R,193,SRB,22.609,175,326,6-3 6-4,3,R32,54,4,3,56,34,30,13,10,0,0,5,4,51,30,21,11,9,2,4
2016-6204,Ortisei,Hard,32,C,,20161113,7,GB53,7,,Federico Gaio,R,178,ITA,24.693,185,312,PB98,,,Patrick Prader,,,ITA,30.442,1687,1,6-3 6-4,3,R32,71,8,2,50,27,25,15,10,0,0,3,2,73,42,26,16,9,5,7
2016-6204,Ortisei,Hard,32,C,,20161113,8,KD70,8,,Pedja Krstin,R,183,SRB,22.196,200,271,SP80,,,Nino Serdarusic,R,191,CRO,19.918,499,74,7-6(2) 6-1,3,R32,69,3,4,60,29,23,19,9,1,2,7,4,59,35,24,7,10,2,6
2016-6204,Ortisei,Hard,32,C,,20161113,9,CE25,,,Salvatore Caruso,R,185,ITA,23.912,294,164,ML57,,,Gianluca Mager,R,188,ITA,21.952,335,141,6-4 6-4,3,R32,64,1,3,49,27,24,16,10,0,0,12,5,63,43,32,9,10,3,5
2016-6204,Ortisei,Hard,32,C,,20161113,10,J347,,,Yannick Jankovits,R,,FRA,29.854,352,133,SH37,,,Marc Sieber,L,178,GER,28.709,274,179,6-2 7-6(4),3,R32,76,3,2,62,37,27,16,10,2,4,2,6,66,35,22,14,10,6,10
2016-6204,Ortisei,Hard,32,C,,20161113,11,K834,,,Blaz Kavcic,R,188,SLO,29.695,229,225,D499,,,Frank Dancevic,R,185,CAN,32.131,256,200,1-6 6-4 6-4,3,R32,98,4,5,88,60,40,13,14,4,9,6,5,85,48,30,20,13,2,6
2016-6204,Ortisei,Hard,32,C,,20161113,12,KB92,,,Kevin Krawietz,R,188,GER,24.805,349,133,RB56,,,Ramkumar Ramanathan,R,188,IND,22.015,228,229,6-4 6-4,3,R32,76,7,3,73,44,33,14,10,8,9,7,3,70,47,32,8,10,3,6
2016-6204,Ortisei,Hard,32,C,,20161113,13,MB53,,,Adrian Menendez-Maceiras,R,183,ESP,31.044,246,210,BK40,,,Matteo Berrettini,R,196,ITA,20.589,726,29,6-2 6-4,3,R32,63,2,1,46,28,22,15,9,1,1,3,1,56,34,22,9,9,3,6
2016-6204,Ortisei,Hard,32,C,,20161113,14,MM66,,,Nikola Milojevic,R,188,SRB,21.405,207,262,KH56,,,Zdenek Kolar,R,183,CZE,20.096,257,199,6-2 6-2,3,R32,66,3,7,67,31,23,18,8,2,3,4,3,52,23,14,11,8,5,10
2016-6204,Ortisei,Hard,32,C,,20161113,15,N679,,,Stefano Napolitano,R,196,ITA,21.593,217,241,A622,,,Andrea Arnaboldi,L,180,ITA,28.882,253,202,6-3 6-3,3,R32,70,9,2,51,28,26,13,9,2,2,2,9,63,33,24,10,9,4,7
2016-6204,Ortisei,Hard,32,C,,20161113,16,SU87,,,Lorenzo Sonego,R,191,ITA,21.511,323,150,V495,,,Luca Vanni,R,198,ITA,31.444,195,280,6-3 7-6(1),3,R32,86,6,1,68,40,32,19,11,3,4,4,6,68,38,28,13,10,4,6
2016-6204,Ortisei,Hard,32,C,,20161113,17,SU87,,,Lorenzo Sonego,R,191,ITA,21.511,323,150,B896,1,,Benjamin Becker,R,178,GER,35.411,122,497,6-1 7-6(3),3,R16,66,9,2,55,29,29,16,10,0,0,1,4,67,44,29,12,9,4,6
2016-6204,Ortisei,Hard,32,C,,20161113,18,KB92,,,Kevin Krawietz,R,188,GER,24.805,349,133,D864,2,,Evgeny Donskoy,R,185,RUS,26.516,118,505,3-6 6-4 7-6(2),3,R16,118,10,4,99,63,43,22,15,3,5,9,6,111,78,56,15,16,12,14
2016-6204,Ortisei,Hard,32,C,,20161113,19,G983,3,,Alessandro Giannessi,L,185,ITA,26.459,140,428,MB53,,,Adrian Menendez-Maceiras,R,183,ESP,31.044,246,210,7-6(6) 6-7(2) 6-1,3,R16,125,10,7,94,54,46,25,16,0,1,7,1,98,55,43,22,15,3,6
2016-6204,Ortisei,Hard,32,C,,20161113,20,BE67,4,,Mirza Basic,R,188,BIH,25.342,158,373,J347,,,Yannick Jankovits,R,,FRA,29.854,352,133,2-6 6-1 6-3,3,R16,79,7,5,67,38,27,16,12,2,5,3,3,73,49,30,10,12,1,6
2016-6204,Ortisei,Hard,32,C,,20161113,21,GB53,7,,Federico Gaio,R,178,ITA,24.693,185,312,MM66,,,Nikola Milojevic,R,188,SRB,21.405,207,262,6-3 6-4,3,R16,74,3,2,55,21,17,19,10,3,5,2,10,70,39,22,14,9,9,13
2016-6204,Ortisei,Hard,32,C,,20161113,22,K834,,,Blaz Kavcic,R,188,SLO,29.695,229,225,KD70,8,,Pedja Krstin,R,183,SRB,22.196,200,271,5-7 6-2 6-1,3,R16,121,16,4,97,65,45,15,14,5,8,9,11,94,46,31,16,13,5,11
2016-6204,Ortisei,Hard,32,C,,20161113,23,CE25,,,Salvatore Caruso,R,185,ITA,23.912,294,164,J400,,,Jeremy Jahn,R,178,GER,26.609,247,209,6-2 4-6 7-6(3),3,R16,119,4,4,96,63,43,18,15,4,7,11,4,89,50,35,21,15,5,9
2016-6204,Ortisei,Hard,32,C,,20161113,24,N679,,,Stefano Napolitano,R,196,ITA,21.593,217,241,O411,,,Albano Olivetti,R,203,FRA,24.972,338,138,7-6(4) 6-3,3,R16,80,7,4,70,44,35,17,11,2,2,12,8,58,26,24,18,10,2,3
2016-6204,Ortisei,Hard,32,C,,20161113,25,G983,3,,Alessandro Giannessi,L,185,ITA,26.459,140,428,CE25,,,Salvatore Caruso,R,185,ITA,23.912,294,164,6-1 7-6(3),3,QF,80,8,2,66,47,37,10,10,4,5,4,2,70,46,26,10,9,6,9
2016-6204,Ortisei,Hard,32,C,,20161113,26,N679,,,Stefano Napolitano,R,196,ITA,21.593,217,241,BE67,4,,Mirza Basic,R,188,BIH,25.342,158,373,6-4 6-4,3,QF,84,9,3,61,39,33,12,10,2,2,6,2,77,45,32,15,10,3,5
2016-6204,Ortisei,Hard,32,C,,20161113,27,SU87,,,Lorenzo Sonego,R,191,ITA,21.511,323,150,GB53,7,,Federico Gaio,R,178,ITA,24.693,185,312,7-6(6) 6-7(7) 6-4,3,QF,168,10,5,130,80,55,32,17,8,9,5,7,114,50,42,35,17,4,6
2016-6204,Ortisei,Hard,32,C,,20161113,28,KB92,,,Kevin Krawietz,R,188,GER,24.805,349,133,K834,,,Blaz Kavcic,R,188,SLO,29.695,229,225,6-0 6-4,3,QF,65,3,2,58,31,20,15,8,3,4,2,3,57,30,15,12,8,7,12
2016-6204,Ortisei,Hard,32,C,,20161113,29,G983,3,,Alessandro Giannessi,L,185,ITA,26.459,140,428,SU87,,,Lorenzo Sonego,R,191,ITA,21.511,323,150,3-6 7-5 6-4,3,SF,129,3,8,101,65,45,18,16,1,4,7,5,97,59,44,17,15,2,5
2016-6204,Ortisei,Hard,32,C,,20161113,30,N679,,,Stefano Napolitano,R,196,ITA,21.593,217,241,KB92,,,Kevin Krawietz,R,188,GER,24.805,349,133,7-5 6-4,3,SF,71,9,2,62,37,32,14,11,2,2,8,5,66,42,35,10,11,1,3
2016-6204,Ortisei,Hard,32,C,,20161113,31,N679,,,Stefano Napolitano,R,196,ITA,21.593,217,241,G983,3,,Alessandro Giannessi,L,185,ITA,26.459,140,428,6-4 6-1,3,F,64,6,3,49,29,23,12,8,4,4,4,4,65,34,20,12,9,3,7
2016-6857,Mouilleron Le Captif,Hard,32,C,,20161113,1,PD31,,,Benoit Paire,R,196,FRA,27.518,47,970,E678,,,Jonathan Eysseric,L,180,FRA,26.467,241,216,6-4 6-3,3,R32,63,8,2,84,42,27,21,10,8,10,4,4,46,27,17,8,9,2,6
2016-6857,Mouilleron Le Captif,Hard,32,C,,20161113,2,B747,,,Julien Benneteau,R,185,FRA,34.899,168,349,Y061,,,Mikhail Youzhny,R,183,RUS,34.387,55,826,6-4 6-7(4) 7-6(4),3,R32,147,15,4,114,74,54,21,17,6,8,7,2,126,75,55,21,17,7,10
2016-6857,Mouilleron Le Captif,Hard,32,C,,20161113,3,LC11,,,Tristan Lamasine,R,183,FRA,23.693,225,230,M850,3,,Paul-Henri Mathieu,R,185,FRA,34.836,72,735,6-4 1-6 7-6(6),3,R32,118,9,0,86,47,35,22,14,4,6,4,3,95,53,39,26,15,4,5
2016-6857,Mouilleron Le Captif,Hard,32,C,,20161113,4,K776,4,,Konstantin Kravchuk,R,191,RUS,31.721,78,707,HB64,,,Quentin Halys,R,191,FRA,20.049,153,399,6-4 7-5,3,R32,78,11,1,58,44,39,6,11,0,0,15,4,73,37,31,18,11,9,11
2016-6857,Mouilleron Le Captif,Hard,32,C,,20161113,5,A829,5,,Radu Albot,R,175,MDA,27.006,97,620,HA71,,,Antoine Hoang,R,183,FRA,21.027,438,90,6-3 6-3,3,R32,68,4,4,57,29,21,16,9,2,3,3,1,51,39,23,5,9,1,5
2016-6857,Mouilleron Le Captif,Hard,32,C,,20161113,6,HB48,,,Calvin Hemery,R,191,FRA,21.793,311,154,BG23,6,,Nikoloz Basilashvili,R,185,GEO,24.723,96,626,6-2 6-4,3,R32,62,8,4,55,34,25,10,9,2,3,1,1,51,26,15,12,9,1,5
2016-6857,Mouilleron Le Captif,Hard,32,C,,20161113,7,C582,7,,Marco Chiudinelli,R,185,SUI,35.176,116,509,BU54,,,Geoffrey Blancaneaux,R,180,FRA,18.267,619,46,3-6 6-1 6-4,3,R32,88,8,1,66,47,36,11,13,0,2,10,2,65,38,28,14,13,0,4
2016-6857,Mouilleron Le Captif,Hard,32,C,,20161113,8,D750,,,Kenny De Schepper,L,203,FRA,29.462,164,360,K839,8,,Tobias Kamke,R,178,GER,30.483,121,501,7-6(5) 6-4,3,R32,98,12,2,77,51,32,16,11,2,4,5,1,77,50,32,15,11,6,9
2016-6857,Mouilleron Le Captif,Hard,32,C,,20161113,9,DH58,,,Alex de Minaur,R,183,AUS,17.739,386,112,MW02,,,Corentin Moutet,L,180,FRA,17.572,522,68,6-1 6-3,3,R32,83,0,3,63,36,26,12,8,6,7,0,5,63,41,21,9,8,7,12
2016-6857,Mouilleron Le Captif,Hard,32,C,,20161113,10,GA79,,,Lorenzo Giustino,R,180,ITA,25.177,215,243,RA82,,,Yannik Reuter,R,,BEL,25.692,204,267,2-6 6-4 7-6(13),3,R32,151,11,3,119,67,48,26,15,5,9,5,5,102,63,49,20,15,6,9
2016-6857,Mouilleron Le Captif,Hard,32,C,,20161113,11,G967,,,Peter Gojowczyk,R,188,GER,27.332,201,270,SD78,,,Alexandre Sidorenko,R,185,FRA,28.736,252,202,6-4 7-5,3,R32,75,7,2,66,40,32,15,11,3,4,12,3,74,43,31,14,11,3,6
2016-6857,Mouilleron Le Captif,Hard,32,C,,20161113,12,LA93,,,Enrique Lopez Perez,R,180,ESP,25.448,163,362,BK24,,,Gregoire Barrere,R,183,FRA,22.741,245,212,3-6 6-4 6-3,3,R32,96,8,4,87,52,39,18,14,5,7,7,2,78,39,30,22,14,2,5
2016-6857,Mouilleron Le Captif,Hard,32,C,,20161113,13,R613,,,Edouard Roger-Vasselin,R,185,FRA,32.961,289,167,SQ80,,,Akira Santillan,R,180,AUS,19.48,219,240,6-4 6-7(6) 6-1,3,R32,123,5,0,83,53,42,21,15,0,1,6,6,117,71,50,18,14,11,15
2016-6857,Mouilleron Le Captif,Hard,32,C,,20161113,14,RE44,,,Andrey Rublev,R,188,RUS,19.066,171,339,BF27,,,Adrien Bossel,,,SUI,29.878,457,84,6-4 4-6 7-5,3,R32,118,16,3,100,62,47,21,16,2,3,11,1,106,67,47,21,16,3,5
2016-6857,Mouilleron Le Captif,Hard,32,C,,20161113,15,SF76,,,Franko Skugor,R,196,CRO,29.15,214,244,BM43,,,Remi Boutillier,R,188,FRA,26.828,420,97,6-4 6-4,3,R32,73,5,0,59,39,30,15,10,2,2,4,3,57,38,32,8,10,2,4
2016-6857,Mouilleron Le Captif,Hard,32,C,,20161113,16,V717,,,Alexey Vatutin,R,178,RUS,24.047,276,179,R750,,,Pere Riba,R,183,ESP,28.602,239,216,7-6(3) 6-3,3,R32,81,11,4,72,38,35,16,11,2,3,13,3,86,49,36,14,10,3,5
2016-6857,Mouilleron Le Captif,Hard,32,C,,20161113,17,PD31,,,Benoit Paire,R,196,FRA,27.518,47,970,LA93,,,Enrique Lopez Perez,R,180,ESP,25.448,163,362,7-6(6) 6-7(1) 6-1,3,R16,115,16,7,101,54,44,22,16,2,4,15,4,103,61,47,17,15,6,10
2016-6857,Mouilleron Le Captif,Hard,32,C,,20161113,18,G967,,,Peter Gojowczyk,R,188,GER,27.332,201,270,K776,4,,Konstantin Kravchuk,R,191,RUS,31.721,78,707,6-4 6-3,3,R16,244,4,1,50,30,25,13,9,0,0,7,1,59,40,25,11,10,2,5
2016-6857,Mouilleron Le Captif,Hard,32,C,,20161113,19,DH58,,,Alex de Minaur,R,183,AUS,17.739,386,112,A829,5,,Radu Albot,R,175,MDA,27.006,97,620,6-3 6-7(10) 6-4,3,R16,153,2,2,111,63,41,26,16,5,8,2,4,117,82,51,14,15,5,10
2016-6857,Mouilleron Le Captif,Hard,32,C,,20161113,20,V717,,,Alexey Vatutin,R,178,RUS,24.047,276,179,C582,7,,Marco Chiudinelli,R,185,SUI,35.176,116,509,6-4 6-3,3,R16,80,4,1,54,27,23,14,9,2,3,3,0,65,36,24,12,10,1,5
2016-6857,Mouilleron Le Captif,Hard,32,C,,20161113,21,B747,,,Julien Benneteau,R,185,FRA,34.899,168,349,SF76,,,Franko Skugor,R,196,CRO,29.15,214,244,4-6 6-3 7-5,3,R16,131,18,2,98,62,48,21,16,5,6,11,1,95,62,45,17,15,5,7
2016-6857,Mouilleron Le Captif,Hard,32,C,,20161113,22,LC11,,,Tristan Lamasine,R,183,FRA,23.693,225,230,GA79,,,Lorenzo Giustino,R,180,ITA,25.177,215,243,6-4 6-4,3,R16,87,9,0,62,43,31,13,10,2,2,4,3,79,33,21,25,10,6,8
2016-6857,Mouilleron Le Captif,Hard,32,C,,20161113,23,R613,,,Edouard Roger-Vasselin,R,185,FRA,32.961,289,167,D750,,,Kenny De Schepper,L,203,FRA,29.462,164,360,7-6(4) 6-3,3,R16,100,7,3,73,47,36,13,11,3,4,11,0,82,53,34,15,10,7,9
2016-6857,Mouilleron Le Captif,Hard,32,C,,20161113,24,RE44,,,Andrey Rublev,R,188,RUS,19.066,171,339,HB48,,,Calvin Hemery,R,191,FRA,21.793,311,154,7-5 6-4,3,R16,74,9,4,67,41,33,13,11,1,2,7,5,62,37,30,9,11,1,4
2016-6857,Mouilleron Le Captif,Hard,32,C,,20161113,25,PD31,,,Benoit Paire,R,196,FRA,27.518,47,970,R613,,,Edouard Roger-Vasselin,R,185,FRA,32.961,289,167,4-6 6-3 6-2,3,QF,94,19,4,89,50,42,17,14,3,4,7,0,80,61,37,13,13,6,9
2016-6857,Mouilleron Le Captif,Hard,32,C,,20161113,26,B747,,,Julien Benneteau,R,185,FRA,34.899,168,349,V717,,,Alexey Vatutin,R,178,RUS,24.047,276,179,6-2 6-4,3,QF,62,9,1,53,32,27,10,9,9,10,5,3,47,25,16,8,9,0,4
2016-6857,Mouilleron Le Captif,Hard,32,C,,20161113,27,G967,,,Peter Gojowczyk,R,188,GER,27.332,201,270,DH58,,,Alex de Minaur,R,183,AUS,17.739,386,112,6-1 6-3,3,QF,55,4,0,38,18,14,15,8,0,1,0,0,59,40,19,8,8,8,13
2016-6857,Mouilleron Le Captif,Hard,32,C,,20161113,28,RE44,,,Andrey Rublev,R,188,RUS,19.066,171,339,LC11,,,Tristan Lamasine,R,183,FRA,23.693,225,230,6-4 6-4,3,QF,75,2,2,61,34,29,15,10,3,3,6,2,65,42,26,15,10,4,6
2016-6857,Mouilleron Le Captif,Hard,32,C,,20161113,29,RE44,,,Andrey Rublev,R,188,RUS,19.066,171,339,PD31,,,Benoit Paire,R,196,FRA,27.518,47,970,6-3 7-6(13),3,SF,95,6,0,80,50,39,20,10,9,9,22,4,94,55,39,20,11,7,9
2016-6857,Mouilleron Le Captif,Hard,32,C,,20161113,30,B747,,,Julien Benneteau,R,185,FRA,34.899,168,349,G967,,,Peter Gojowczyk,R,188,GER,27.332,201,270,7-6(5) 7-6(6),3,SF,103,17,3,87,58,50,15,12,6,6,8,1,84,48,40,20,12,4,4
2016-6857,Mouilleron Le Captif,Hard,32,C,,20161113,31,B747,,,Julien Benneteau,R,185,FRA,34.899,168,349,RE44,,,Andrey Rublev,R,188,RUS,19.066,171,339,7-5 2-6 6-3,3,F,117,18,5,101,66,52,14,15,4,6,18,2,82,53,42,14,14,6,8
2016-7397,Kobe,Hard,32,C,,20161113,1,U134,,,Yasutaka Uchiyama,R,183,JPN,24.274,237,217,SE73,1,,Yuichi Sugita,R,175,JPN,28.153,107,557,6-3 6-2,3,R32,63,8,1,51,32,25,11,9,1,2,0,1,51,36,20,6,8,3,7
2016-7397,Kobe,Hard,32,C,,20161113,2,N732,2,,Yoshihito Nishioka,L,170,JPN,21.131,100,608,KF17,,,Soonwoo Kwon,R,180,KOR,18.949,288,169,6-4 6-2,3,R32,79,2,1,53,25,18,18,9,1,2,0,1,54,26,14,14,9,9,13
2016-7397,Kobe,Hard,32,C,,20161113,3,MI01,,,Hiroki Moriya,R,168,JPN,26.078,182,315,DA81,3,,Taro Daniel,R,191,JPN,23.795,99,611,6-1 6-1,3,R32,51,7,1,44,27,20,11,7,2,2,3,2,36,19,10,4,7,1,6
2016-7397,Kobe,Hard,32,C,,20161113,4,SC47,4,,Go Soeda,R,178,JPN,32.189,119,504,SL92,,,Shuichi Sekiguchi,R,168,JPN,25.333,330,143,6-1 6-0,3,R32,61,3,0,27,16,12,8,6,0,1,3,3,65,39,16,8,7,9,16
2016-7397,Kobe,Hard,32,C,,20161113,5,CH27,5,,Hyeon Chung,R,188,KOR,20.487,126,473,HC21,,,Seongchan Hong,R,175,KOR,19.373,347,134,6-1 6-3,3,R32,57,10,2,40,24,19,13,8,0,0,1,4,54,34,23,4,8,0,4
2016-7397,Kobe,Hard,32,C,,20161113,6,LE01,6,,Duckhee Lee,R,170,KOR,18.461,151,406,K863,,,Cheong-Eui Kim,,,KOR,26.645,360,128,6-1 3-6 6-3,3,R32,98,3,0,71,40,31,21,13,1,2,2,2,89,52,32,20,12,3,6
2016-7397,Kobe,Hard,32,C,,20161113,7,D994,7,,James Duckworth,R,183,AUS,24.813,130,453,I330,,,Shintaro Imai,R,178,JPN,23.184,621,46,6-0 6-7(4) 6-4,3,R32,108,10,2,85,50,37,19,14,0,2,5,4,102,54,37,19,14,10,16
2016-7397,Kobe,Hard,32,C,,20161113,8,SM09,,,Luke Saville,R,188,AUS,22.864,308,155,I230,8,,Tatsuma Ito,R,180,JPN,28.49,177,322,7-6(3) 4-6 6-4,3,R32,154,8,12,122,61,39,31,16,8,13,6,1,102,67,42,15,16,3,8
2016-7397,Kobe,Hard,32,C,,20161113,9,KA46,,,Yuya Kibi,R,180,JPN,30.311,231,225,TF58,,,Yusuke Takahashi,R,170,JPN,19.075,507,71,6-2 6-7(4) 6-3,3,R32,129,2,3,111,67,48,21,15,8,9,3,6,102,59,36,22,14,5,9
2016-7397,Kobe,Hard,32,C,,20161113,10,LC12,,,Laurent Lokoli,R,188,FRA,22.073,328,146,GA94,,,Prajnesh Gunneswaran,L,188,IND,27.003,286,171,6-3 7-6(0),3,R32,90,2,0,73,42,30,19,11,5,7,0,3,72,46,26,12,10,6,9
2016-7397,Kobe,Hard,32,C,,20161113,11,MN20,,,Daniel Masur,R,183,GER,22.021,275,179,LD26,,,Edan Leshem,R,183,ISR,19.655,401,105,6-2 6-4,3,R32,73,6,4,61,38,31,9,9,5,6,1,6,61,31,20,11,9,5,9
2016-7397,Kobe,Hard,32,C,,20161113,12,MI11,,,Axel Michon,L,,FRA,25.911,261,193,LH70,,,Kuan-Yi Lee,R,178,TPE,20.178,465,82,6-4 6-0,3,R32,65,4,2,50,28,20,11,8,2,4,2,1,50,33,14,5,8,3,9
2016-7397,Kobe,Hard,32,C,,20161113,13,O524,,,Ken Onishi,R,170,JPN,20.736,934,14,O664,,,Makoto Ochi,L,175,JPN,20.531,419,98,6-3 6-1,3,R32,77,0,0,42,23,17,9,8,0,2,0,0,59,47,21,4,8,5,11
2016-7397,Kobe,Hard,32,C,,20161113,14,SJ55,,,John-Patrick Smith,L,188,AUS,27.803,227,229,PC78,,,Ante Pavic,R,196,CRO,27.688,379,114,7-5 6-4,3,R32,84,3,1,75,55,38,14,11,6,6,4,8,79,40,30,19,11,3,5
2016-7397,Kobe,Hard,32,C,,20161113,15,WB08,,,Yosuke Watanuki,R,180,JPN,18.59,684,36,C813,,,Ti Chen,R,178,TPE,33.114,255,201,6-4 6-4,3,R32,85,9,5,75,43,32,15,10,7,8,1,1,65,33,21,15,10,3,6
2016-7397,Kobe,Hard,32,C,,20161113,16,W471,,,Amir Weintraub,R,185,ISR,30.16,224,234,U174,,,Kaito Uesugi,R,180,JPN,21.451,1553,2,7-5 6-4,3,R32,71,3,3,61,36,26,12,11,2,5,1,3,78,47,28,13,11,7,12
2016-7397,Kobe,Hard,32,C,,20161113,17,N732,2,,Yoshihito Nishioka,L,170,JPN,21.131,100,608,KA46,,,Yuya Kibi,R,180,JPN,30.311,231,225,6-1 6-4,3,R16,54,4,0,43,26,21,16,9,1,1,2,3,45,25,17,9,8,1,4
2016-7397,Kobe,Hard,32,C,,20161113,18,SC47,4,,Go Soeda,R,178,JPN,32.189,119,504,O524,,,Ken Onishi,R,170,JPN,20.736,934,14,6-0 7-6(7),3,R16,87,1,2,61,35,28,15,9,1,2,1,0,74,54,30,9,9,7,11
2016-7397,Kobe,Hard,32,C,,20161113,19,CH27,5,,Hyeon Chung,R,188,KOR,20.487,126,473,MN20,,,Daniel Masur,R,183,GER,22.021,275,179,1-6 7-5 6-3,3,R16,107,8,4,90,56,41,18,14,6,8,9,3,91,57,43,17,14,8,10
2016-7397,Kobe,Hard,32,C,,20161113,20,LE01,6,,Duckhee Lee,R,170,KOR,18.461,151,406,WB08,,,Yosuke Watanuki,R,180,JPN,18.59,684,36,6-1 6-2,3,R16,49,1,0,42,27,21,11,7,4,4,3,4,44,21,14,7,8,1,6
2016-7397,Kobe,Hard,32,C,,20161113,21,D994,7,,James Duckworth,R,183,AUS,24.813,130,453,SJ55,,,John-Patrick Smith,L,188,AUS,27.803,227,229,6-3 6-2,3,R16,65,4,3,64,35,28,16,9,5,5,4,1,54,37,20,9,8,4,7
2016-7397,Kobe,Hard,32,C,,20161113,22,LC12,,,Laurent Lokoli,R,188,FRA,22.073,328,146,MI01,,,Hiroki Moriya,R,168,JPN,26.078,182,315,6-3 6-3,3,R16,85,5,3,65,38,25,14,9,4,6,0,3,56,32,18,8,9,6,11
2016-7397,Kobe,Hard,32,C,,20161113,23,U134,,,Yasutaka Uchiyama,R,183,JPN,24.274,237,217,MI11,,,Axel Michon,L,,FRA,25.911,261,193,6-2 6-3,3,R16,67,7,1,47,32,26,8,8,0,0,0,1,53,30,17,9,9,3,7
2016-7397,Kobe,Hard,32,C,,20161113,24,W471,,,Amir Weintraub,R,185,ISR,30.16,224,234,SM09,,,Luke Saville,R,188,AUS,22.864,308,155,6-4 7-6(6),3,R16,84,2,5,78,47,33,16,11,5,7,4,6,66,35,25,12,11,1,4
2016-7397,Kobe,Hard,32,C,,20161113,25,CH27,5,,Hyeon Chung,R,188,KOR,20.487,126,473,N732,2,,Yoshihito Nishioka,L,170,JPN,21.131,100,608,7-5 6-4,3,QF,94,9,4,70,39,27,15,11,8,11,1,1,66,45,23,10,11,5,10
2016-7397,Kobe,Hard,32,C,,20161113,26,SC47,4,,Go Soeda,R,178,JPN,32.189,119,504,W471,,,Amir Weintraub,R,185,ISR,30.16,224,234,6-2 1-6 6-1,3,QF,71,5,2,60,32,25,17,11,2,4,3,0,60,40,26,9,11,1,5
2016-7397,Kobe,Hard,32,C,,20161113,27,LE01,6,,Duckhee Lee,R,170,KOR,18.461,151,406,U134,,,Yasutaka Uchiyama,R,183,JPN,24.274,237,217,6-1 2-0 RET,3,QF,45,2,1,31,14,10,12,5,2,2,4,1,33,23,11,4,4,2,5
2016-7397,Kobe,Hard,32,C,,20161113,28,D994,7,,James Duckworth,R,183,AUS,24.813,130,453,LC12,,,Laurent Lokoli,R,188,FRA,22.073,328,146,7-5 7-6(2),3,QF,85,8,5,72,40,33,16,12,1,4,1,3,72,49,31,11,12,1,5
2016-7397,Kobe,Hard,32,C,,20161113,29,CH27,5,,Hyeon Chung,R,188,KOR,20.487,126,473,SC47,4,,Go Soeda,R,178,JPN,32.189,119,504,6-3 6-7(4) 6-3,3,SF,135,10,5,114,72,52,25,16,5,6,1,3,96,54,39,19,14,10,13
2016-7397,Kobe,Hard,32,C,,20161113,30,D994,7,,James Duckworth,R,183,AUS,24.813,130,453,LE01,6,,Duckhee Lee,R,170,KOR,18.461,151,406,7-6(2) 6-4,3,SF,89,4,2,72,38,33,21,11,5,5,1,1,74,42,28,18,11,3,4
2016-7397,Kobe,Hard,32,C,,20161113,31,CH27,5,,Hyeon Chung,R,188,KOR,20.487,126,473,D994,7,,James Duckworth,R,183,AUS,24.813,130,453,6-4 7-6(2),3,F,86,5,1,65,38,30,16,11,2,3,6,5,70,42,31,12,11,3,5
2016-637,Champaign,Hard,32,C,,20161119,1,DC58,1,,Jared Donaldson,R,188,USA,20.112,109,541,CB14,,,Daniel Cox,R,170,GBR,26.144,616,47,6-4 6-3,3,R32,67,10,3,61,37,30,13,9,4,4,4,7,60,35,26,9,10,3,6
2016-637,Champaign,Hard,32,C,,20161119,2,L949,2,,Henri Laaksonen,R,185,SUI,24.638,141,446,SL09,,,Raymond Sarmiento,R,178,USA,24.323,360,128,6-7(1) 6-3 6-4,3,R32,116,7,5,99,65,49,17,16,4,6,3,2,120,80,53,17,15,9,13
2016-637,Champaign,Hard,32,C,,20161119,3,KE64,3,,Stefan Kozlov,R,183,USA,18.798,146,425,KA00,,,Austin Krajicek,L,188,USA,26.428,235,223,6-4 7-6(3),3,R32,93,7,7,81,44,33,20,11,3,4,7,2,69,48,34,11,11,1,3
2016-637,Champaign,Hard,32,C,,20161119,4,BI23,,,Liam Broady,L,183,GBR,22.875,311,155,DA86,4,,Joris De Loore,R,191,BEL,23.581,175,328,6-3 6-4,3,R32,78,3,3,63,45,26,10,10,2,6,6,2,56,30,18,8,9,2,8
2016-637,Champaign,Hard,32,C,,20161119,5,KA98,,,Bradley Klahn,L,183,USA,26.251,936,15,G940,5,,Sam Groth,R,193,AUS,29.087,181,320,7-6(5) RET,3,R32,54,3,1,41,25,18,11,6,1,1,3,3,44,23,17,12,6,6,6
2016-637,Champaign,Hard,32,C,,20161119,6,BE54,6,,Ruben Bemelmans,L,183,BEL,28.849,190,302,N771,,,Cameron Norrie,L,188,GBR,21.243,296,166,6-4 6-3,3,R32,65,8,0,55,38,29,10,10,1,2,6,2,57,34,21,11,9,2,5
2016-637,Champaign,Hard,32,C,,20161119,7,E865,,,Christopher Eubanks,R,201,USA,20.542,937,13,RC96,7,,Noah Rubin,R,175,USA,20.745,198,274,7-6(5) 6-3,3,R32,78,11,9,74,47,36,11,10,4,5,3,8,79,41,29,16,11,5,8
2016-637,Champaign,Hard,32,C,,20161119,8,O522,8,,Reilly Opelka,R,211,USA,19.228,208,260,CA71,,,Edward Corrie,R,183,GBR,28.745,268,189,6-7(3) 6-3 6-4,3,R32,105,22,7,84,45,35,25,15,0,1,6,2,90,53,41,17,16,2,6
2016-637,Champaign,Hard,32,C,,20161119,9,BA23,,,Brian Baker,R,191,USA,31.556,260,198,Q945,,,Eric Quigley,R,185,USA,27.803,367,125,6-7(5) 6-2 7-6(4),3,R32,134,8,3,99,58,45,30,16,1,1,15,3,108,66,51,21,16,6,8
2016-637,Champaign,Hard,32,C,,20161119,10,BH02,,,Sekou Bangoura,R,183,USA,25.005,229,231,V942,,,Tim van Rijthoven,R,188,NED,19.573,356,131,3-6 6-4 7-6(5),3,R32,131,9,2,102,67,46,23,15,5,7,5,5,100,54,39,28,16,6,8
2016-637,Champaign,Hard,32,C,,20161119,11,GC88,,,Marcos Giron,R,180,USA,23.324,661,39,BH22,,,Sam Barry,R,191,IRL,24.813,284,176,6-3 6-4,3,R32,79,5,1,57,43,35,8,10,1,1,2,2,69,50,30,11,9,5,7
2016-637,Champaign,Hard,32,C,,20161119,12,HB41,,,Jared Hiltzik,R,185,USA,22.368,664,39,BF55,,,Yuki Bhambri,R,185,IND,24.378,532,65,6-3 6-1,3,R32,57,5,0,39,24,21,11,8,0,0,1,2,53,37,20,7,8,5,9
2016-637,Champaign,Hard,32,C,,20161119,13,KC12,,,Mitchell Krueger,R,188,USA,22.853,211,251,TC12,,,Mikael Torpegaard,R,193,DEN,22.535,341,137,6-4 7-6(5),3,R32,90,7,2,76,57,43,8,11,4,5,6,7,79,44,35,14,11,5,7
2016-637,Champaign,Hard,32,C,,20161119,14,MP01,,,Michael Mmoh,R,188,USA,18.858,204,263,LB50,,,Mikelis Libietis,R,193,LAT,24.364,364,126,6-1 6-4,3,R32,64,0,0,48,32,25,12,9,0,0,3,3,56,29,20,11,8,3,6
2016-637,Champaign,Hard,32,C,,20161119,15,SL08,,,Tennys Sandgren,R,188,USA,25.331,232,229,HB94,,,Aron Hiltzik,R,183,USA,20.591,871,17,6-1 6-2,3,R32,67,11,3,62,38,27,14,8,7,7,2,2,55,29,19,8,7,5,9
2016-637,Champaign,Hard,32,C,,20161119,16,SQ48,,,Ryan Shane,R,193,USA,22.598,671,38,KI26,,,Noe Khlif,,,FRA,18.563,,,6-2 6-4,3,R32,69,8,12,57,24,21,13,9,1,4,0,6,58,36,19,6,9,6,12
2016-637,Champaign,Hard,32,C,,20161119,17,DC58,1,,Jared Donaldson,R,188,USA,20.112,109,541,SQ48,,,Ryan Shane,R,193,USA,22.598,671,38,6-2 6-4,3,R16,65,4,0,48,26,20,12,9,2,4,2,11,58,29,20,8,9,4,9
2016-637,Champaign,Hard,32,C,,20161119,18,L949,2,,Henri Laaksonen,R,185,SUI,24.638,141,446,HB41,,,Jared Hiltzik,R,185,USA,22.368,664,39,1-6 6-1 7-5,3,R16,95,5,4,83,58,39,12,13,7,10,4,5,85,41,31,18,13,4,8
2016-637,Champaign,Hard,32,C,,20161119,19,MP01,,,Michael Mmoh,R,188,USA,18.858,204,263,KE64,3,,Stefan Kozlov,R,183,USA,18.798,146,425,6-1 6-4,3,R16,102,1,3,78,54,37,10,9,9,10,1,6,52,22,16,11,8,5,9
2016-637,Champaign,Hard,32,C,,20161119,20,BE54,6,,Ruben Bemelmans,L,183,BEL,28.849,190,302,KC12,,,Mitchell Krueger,R,188,USA,22.853,211,251,7-6(5) 6-2,3,R16,83,8,2,66,44,33,12,10,1,1,2,0,65,40,22,18,10,4,6
2016-637,Champaign,Hard,32,C,,20161119,21,GC88,,,Marcos Giron,R,180,USA,23.324,661,39,O522,8,,Reilly Opelka,R,211,USA,19.228,208,260,6-2 7-6(4),3,R16,68,6,0,72,44,36,18,10,4,4,12,5,59,36,29,12,10,3,5
2016-637,Champaign,Hard,32,C,,20161119,22,BA23,,,Brian Baker,R,191,USA,31.556,260,198,BI23,,,Liam Broady,L,183,GBR,22.875,311,155,6-4 6-1,3,R16,65,4,3,48,25,19,14,8,2,3,2,3,55,35,20,7,9,2,7
2016-637,Champaign,Hard,32,C,,20161119,23,E865,,,Christopher Eubanks,R,201,USA,20.542,937,13,BH02,,,Sekou Bangoura,R,183,USA,25.005,229,231,6-1 3-6 6-1,3,R16,77,4,4,66,40,31,16,12,3,4,7,3,74,55,34,8,11,10,14
2016-637,Champaign,Hard,32,C,,20161119,24,KA98,,,Bradley Klahn,L,183,USA,26.251,936,15,SL08,,,Tennys Sandgren,R,188,USA,25.331,232,229,4-6 6-3 6-4,3,R16,107,4,2,80,48,42,18,15,0,1,7,0,94,66,45,15,14,5,7
2016-637,Champaign,Hard,32,C,,20161119,25,DC58,1,,Jared Donaldson,R,188,USA,20.112,109,541,KA98,,,Bradley Klahn,L,183,USA,26.251,936,15,6-4 6-4,3,QF,87,1,2,64,31,24,20,10,6,7,7,4,75,45,30,13,10,5,8
2016-637,Champaign,Hard,32,C,,20161119,26,L949,2,,Henri Laaksonen,R,185,SUI,24.638,141,446,GC88,,,Marcos Giron,R,180,USA,23.324,661,39,6-4 6-2,3,QF,60,5,3,51,34,25,10,9,0,1,4,2,63,44,27,8,9,5,9
2016-637,Champaign,Hard,32,C,,20161119,27,BE54,6,,Ruben Bemelmans,L,183,BEL,28.849,190,302,BA23,,,Brian Baker,R,191,USA,31.556,260,198,6-3 1-0 RET,3,QF,40,4,0,26,16,12,6,5,1,2,4,4,40,25,16,4,5,6,9
2016-637,Champaign,Hard,32,C,,20161119,28,E865,,,Christopher Eubanks,R,201,USA,20.542,937,13,MP01,,,Michael Mmoh,R,188,USA,18.858,204,263,W/O,3,QF,,,,,,,,,,,,,,,,,,,
2016-637,Champaign,Hard,32,C,,20161119,29,BE54,6,,Ruben Bemelmans,L,183,BEL,28.849,190,302,DC58,1,,Jared Donaldson,R,188,USA,20.112,109,541,7-6(1) 6-3,3,SF,78,5,2,61,38,31,13,11,0,2,10,3,71,47,29,11,10,4,7
2016-637,Champaign,Hard,32,C,,20161119,30,L949,2,,Henri Laaksonen,R,185,SUI,24.638,141,446,E865,,,Christopher Eubanks,R,201,USA,20.542,937,13,7-6(3) 6-7(6) 6-4,3,SF,125,6,7,110,75,53,21,17,4,7,14,5,111,71,53,19,17,3,7
2016-637,Champaign,Hard,32,C,,20161119,31,L949,2,,Henri Laaksonen,R,185,SUI,24.638,141,446,BE54,6,,Ruben Bemelmans,L,183,BEL,28.849,190,302,7-5 6-3,3,F,65,2,3,60,41,31,12,11,2,3,4,2,59,42,28,8,10,5,8
2016-4042,Toyota,Hard,32,C,,20161120,1,N732,1,,Yoshihito Nishioka,L,170,JPN,21.15,101,592,HC21,,,Seongchan Hong,R,175,KOR,19.392,346,134,6-3 6-3,3,R32,64,0,0,48,31,22,13,9,0,1,8,3,54,33,21,7,9,5,9
2016-4042,Toyota,Hard,32,C,,20161120,2,SE73,2,,Yuichi Sugita,R,175,JPN,28.172,106,557,T885,,,Kento Takeuchi,L,,JPN,28.923,581,54,7-5 6-3,3,R32,69,2,2,61,39,30,12,11,1,2,1,0,54,40,21,11,10,2,5
2016-4042,Toyota,Hard,32,C,,20161120,3,SC47,3,,Go Soeda,R,178,JPN,32.208,113,520,K863,,,Cheong-Eui Kim,,,KOR,26.664,352,132,6-3 6-1,3,R32,65,2,1,52,26,18,14,8,3,5,0,3,50,31,14,6,8,5,11
2016-4042,Toyota,Hard,32,C,,20161120,4,CH27,4,,Hyeon Chung,R,188,KOR,20.507,104,563,SL92,,,Shuichi Sekiguchi,R,168,JPN,25.352,332,143,6-1 6-3,3,R32,55,14,2,40,25,24,9,8,0,0,1,4,55,29,16,11,8,4,8
2016-4042,Toyota,Hard,32,C,,20161120,5,D994,5,,James Duckworth,R,183,AUS,24.832,122,493,MI11,,,Axel Michon,L,,FRA,25.93,255,201,6-3 6-4,3,R32,79,8,2,57,32,26,14,10,2,3,0,3,72,43,29,9,9,5,8
2016-4042,Toyota,Hard,32,C,,20161120,6,LE01,6,,Duckhee Lee,R,170,KOR,18.48,144,431,P701,,,Michal Przysiezny,R,185,POL,32.761,448,86,7-6(3) 4-6 7-5,3,R32,137,3,4,94,55,47,25,17,1,2,18,7,107,62,52,23,17,9,10
2016-4042,Toyota,Hard,32,C,,20161120,7,I230,7,,Tatsuma Ito,R,180,JPN,28.509,178,322,W609,,,Yusuke Watanuki,R,168,JPN,26.505,762,26,7-6(2) 6-2,3,R32,81,7,0,60,38,31,16,10,0,0,5,2,68,44,29,13,10,6,8
2016-4042,Toyota,Hard,32,C,,20161120,8,MI01,8,,Hiroki Moriya,R,168,JPN,26.097,177,323,N598,,,Takuto Niki,R,183,JPN,29.109,373,118,6-4 6-4,3,R32,87,5,5,60,36,23,10,10,6,10,4,2,76,44,19,17,10,8,14
2016-4042,Toyota,Hard,32,C,,20161120,9,KA46,,,Yuya Kibi,R,180,JPN,30.33,227,231,W471,,,Amir Weintraub,R,185,ISR,30.179,218,245,7-6(2) 6-2,3,R32,65,5,2,71,38,30,13,10,6,9,2,2,54,37,19,6,10,0,5
2016-4042,Toyota,Hard,32,C,,20161120,10,L918,,,Yong-Kyu Lim,R,185,KOR,25.426,539,64,KF17,,,Soonwoo Kwon,R,180,KOR,18.968,292,169,6-4 2-6 6-1,3,R32,107,5,2,76,47,35,18,13,3,5,2,1,82,60,39,10,12,3,6
2016-4042,Toyota,Hard,32,C,,20161120,11,MN20,,,Daniel Masur,R,183,GER,22.04,272,187,C813,,,Ti Chen,R,178,TPE,33.133,249,206,2-6 6-4 6-4,3,R32,106,12,2,82,49,38,15,14,2,5,9,2,90,53,38,19,14,5,8
2016-4042,Toyota,Hard,32,C,,20161120,12,SM09,,,Luke Saville,R,188,AUS,22.883,299,163,O664,,,Makoto Ochi,L,175,JPN,20.55,417,98,6-1 6-1,3,R32,42,5,0,35,25,21,7,7,0,0,0,5,39,19,12,3,7,2,7
2016-4042,Toyota,Hard,32,C,,20161120,13,SK97,,,Yaraslav Shyla,R,191,BLR,23.713,597,50,LD26,,,Edan Leshem,R,183,ISR,19.674,400,105,6-3 6-3,3,R32,60,5,0,45,30,25,11,9,0,0,4,3,57,27,19,13,9,1,4
2016-4042,Toyota,Hard,32,C,,20161120,14,SJ55,,,John-Patrick Smith,L,188,AUS,27.822,231,230,LC12,,,Laurent Lokoli,R,188,FRA,22.092,300,163,7-6(4) 7-5,3,R32,83,6,4,80,59,47,10,12,3,3,3,5,68,43,35,12,12,0,1
2016-4042,Toyota,Hard,32,C,,20161120,15,TF58,,,Yusuke Takahashi,R,170,JPN,19.094,506,71,U134,,,Yasutaka Uchiyama,R,183,JPN,24.293,233,226,6-3 7-5,3,R32,87,5,2,68,40,32,16,11,3,3,2,2,63,37,29,13,10,5,7
2016-4042,Toyota,Hard,32,C,,20161120,16,WB08,,,Yosuke Watanuki,R,180,JPN,18.609,634,44,PC78,,,Ante Pavic,R,196,CRO,27.707,379,114,6-3 6-3,3,R32,56,7,2,50,26,22,12,9,0,1,6,4,60,38,26,8,9,2,6
2016-4042,Toyota,Hard,32,C,,20161120,17,N732,1,,Yoshihito Nishioka,L,170,JPN,21.15,101,592,SJ55,,,John-Patrick Smith,L,188,AUS,27.822,231,230,6-4 6-4,3,R16,76,1,1,59,46,32,9,10,4,5,7,2,73,50,33,10,10,7,10
2016-4042,Toyota,Hard,32,C,,20161120,18,SK97,,,Yaraslav Shyla,R,191,BLR,23.713,597,50,SE73,2,,Yuichi Sugita,R,175,JPN,28.172,106,557,6-7(6) 6-4 6-4,3,R16,132,10,9,111,66,53,17,16,2,5,4,5,102,61,46,19,16,2,7
2016-4042,Toyota,Hard,32,C,,20161120,19,L918,,,Yong-Kyu Lim,R,185,KOR,25.426,539,64,SC47,3,,Go Soeda,R,178,JPN,32.208,113,520,6-4 4-6 7-5,3,R16,131,14,2,99,69,57,12,16,2,3,6,2,100,48,35,31,16,5,7
2016-4042,Toyota,Hard,32,C,,20161120,20,TF58,,,Yusuke Takahashi,R,170,JPN,19.094,506,71,CH27,4,,Hyeon Chung,R,188,KOR,20.507,104,563,7-5 6-3,3,R16,82,5,5,75,38,30,19,11,3,4,1,5,56,28,20,14,10,3,6
2016-4042,Toyota,Hard,32,C,,20161120,21,D994,5,,James Duckworth,R,183,AUS,24.832,122,493,KA46,,,Yuya Kibi,R,180,JPN,30.33,227,231,6-4 6-4,3,R16,76,6,1,56,29,26,15,10,2,3,3,1,81,49,31,14,10,4,7
2016-4042,Toyota,Hard,32,C,,20161120,22,SM09,,,Luke Saville,R,188,AUS,22.883,299,163,LE01,6,,Duckhee Lee,R,170,KOR,18.48,144,431,6-3 3-6 6-3,3,R16,112,11,11,93,49,41,22,14,8,9,6,4,77,46,35,17,13,3,5
2016-4042,Toyota,Hard,32,C,,20161120,23,I230,7,,Tatsuma Ito,R,180,JPN,28.509,178,322,WB08,,,Yosuke Watanuki,R,180,JPN,18.609,634,44,6-4 6-4,3,R16,64,4,1,55,36,30,12,10,2,2,8,6,56,27,20,18,10,0,2
2016-4042,Toyota,Hard,32,C,,20161120,24,MN20,,,Daniel Masur,R,183,GER,22.04,272,187,MI01,8,,Hiroki Moriya,R,168,JPN,26.097,177,323,6-2 6-3,3,R16,66,11,2,59,45,35,6,9,3,3,3,3,50,21,17,10,8,3,6
2016-4042,Toyota,Hard,32,C,,20161120,25,D994,5,,James Duckworth,R,183,AUS,24.832,122,493,N732,1,,Yoshihito Nishioka,L,170,JPN,21.15,101,592,6-3 6-2,3,QF,57,11,3,54,30,26,14,9,3,3,2,1,43,26,18,7,8,3,6
2016-4042,Toyota,Hard,32,C,,20161120,26,I230,7,,Tatsuma Ito,R,180,JPN,28.509,178,322,SK97,,,Yaraslav Shyla,R,191,BLR,23.713,597,50,6-4 6-3,3,QF,64,3,0,46,30,26,11,9,0,0,5,2,66,52,32,5,10,4,7
2016-4042,Toyota,Hard,32,C,,20161120,27,MN20,,,Daniel Masur,R,183,GER,22.04,272,187,TF58,,,Yusuke Takahashi,R,170,JPN,19.094,506,71,4-6 6-4 7-5,3,QF,117,7,6,93,59,48,20,16,4,5,7,1,98,56,43,23,16,6,8
2016-4042,Toyota,Hard,32,C,,20161120,28,SM09,,,Luke Saville,R,188,AUS,22.883,299,163,L918,,,Yong-Kyu Lim,R,185,KOR,25.426,539,64,6-4 6-0,3,QF,58,9,2,51,31,24,9,8,1,2,1,3,44,29,14,5,8,2,7
2016-4042,Toyota,Hard,32,C,,20161120,29,D994,5,,James Duckworth,R,183,AUS,24.832,122,493,MN20,,,Daniel Masur,R,183,GER,22.04,272,187,6-3 7-6(3),3,SF,80,10,1,57,38,31,13,10,1,2,4,4,84,52,37,11,11,4,7
2016-4042,Toyota,Hard,32,C,,20161120,30,I230,7,,Tatsuma Ito,R,180,JPN,28.509,178,322,SM09,,,Luke Saville,R,188,AUS,22.883,299,163,6-7(5) 6-3 6-4,3,SF,137,7,5,106,67,51,26,16,10,10,10,7,102,63,45,21,15,4,6
2016-4042,Toyota,Hard,32,C,,20161120,31,D994,5,,James Duckworth,R,183,AUS,24.832,122,493,I230,7,,Tatsuma Ito,R,180,JPN,28.509,178,322,7-5 4-6 6-1,3,F,128,13,1,93,51,43,21,15,5,6,9,5,102,61,44,19,14,11,14
2016-544,Montevideo,Clay,32,C,,20161120,1,A479,,,Nicolas Almagro,R,183,ESP,31.25,44,1013,J551,,,Nicolas Jarry,R,201,CHI,21.112,402,103,7-6(4) 7-6(6),3,R32,106,5,2,78,48,39,18,12,1,2,4,3,83,52,40,16,12,1,2
2016-544,Montevideo,Clay,32,C,,20161120,2,SM37,,,Diego Schwartzman,R,170,ARG,24.263,58,807,E708,,,Maximiliano Estevez,L,191,ARG,27.51,322,148,6-0 6-1,3,R32,44,1,1,39,20,16,11,7,4,5,0,1,29,17,2,3,6,3,9
2016-544,Montevideo,Clay,32,C,,20161120,3,Z184,3,,Horacio Zeballos,L,188,ARG,31.567,74,722,GA36,,,Emilio Gomez,R,185,ECU,24.98,285,175,6-4 6-4,3,R32,108,6,2,63,37,28,17,10,1,1,4,3,76,48,34,11,10,8,10
2016-544,Montevideo,Clay,32,C,,20161120,4,CA33,4,,Inigo Cervantes,R,180,ESP,26.973,78,700,V620,,,Agustin Velotti,R,,ARG,24.493,185,312,6-3 6-4,3,R32,74,13,0,61,36,29,16,10,3,3,2,3,49,24,18,13,9,0,2
2016-544,Montevideo,Clay,32,C,,20161120,5,B884,5,,Carlos Berlocq,R,183,ARG,33.796,99,601,GD91,,,Juan Ignacio Galarza,R,183,ARG,22.678,449,86,6-2 6-2,3,R32,81,0,2,43,24,19,14,8,0,0,1,6,61,32,18,11,8,5,9
2016-544,Montevideo,Clay,32,C,,20161120,6,SC73,6,,Rogerio Dutra Silva,R,178,BRA,32.791,103,575,L941,,,Michael Linzer,R,180,AUT,27.05,320,150,6-7(5) 6-2 2-0 RET,3,R32,115,1,3,74,57,38,8,11,2,4,2,2,69,48,26,9,11,2,7
2016-544,Montevideo,Clay,32,C,,20161120,7,A887,7,,Guido Andreozzi,R,183,ARG,25.295,110,528,F392,,,Marcel Felder,R,,URU,32.367,1538,2,6-0 6-2,3,R32,70,3,3,55,29,21,11,7,6,7,0,2,39,29,9,4,7,1,7
2016-544,Montevideo,Clay,32,C,,20161120,8,KC29,8,,Nicolas Kicker,R,178,ARG,24.263,111,528,U120,,,Kaichi Uchida,R,180,JPN,22.245,440,90,6-2 6-1,3,R32,64,2,0,46,22,17,16,8,4,5,0,2,43,16,9,10,7,1,6
2016-544,Montevideo,Clay,32,C,,20161120,9,CE77,,,Federico Coria,R,180,ARG,24.701,275,183,CC66,,,Andrea Collarini,L,183,ARG,24.805,328,145,6-4 6-1,3,R32,88,2,1,61,43,32,9,9,2,3,0,5,60,35,21,8,8,5,9
2016-544,Montevideo,Clay,32,C,,20161120,10,D981,,,Arthur De Greef,R,183,BEL,24.652,135,455,ME56,,,Andres Molteni,R,180,ARG,28.684,748,27,7-6(2) 6-3,3,R32,90,3,2,63,44,33,9,11,0,2,0,0,66,37,23,15,10,3,6
2016-544,Montevideo,Clay,32,C,,20161120,11,GD64,,,Cristian Garin,R,185,CHI,20.476,225,235,PB37,,,Hans Podlipnik-Castillo,R,183,CHI,28.865,465,82,6-3 3-6 6-3,3,R32,138,5,5,101,60,45,20,14,14,16,2,4,80,45,29,19,13,5,8
2016-544,Montevideo,Clay,32,C,,20161120,12,LC58,,,Tomas Lipovsek Puches,R,183,ARG,23.595,317,152,MN70,,,Joao Menezes,R,185,BRA,19.926,779,24,6-2 6-3,3,R32,77,2,1,55,45,31,5,8,6,7,0,6,67,48,26,6,9,4,9
2016-544,Montevideo,Clay,32,C,,20161120,13,LB84,,,Juan Ignacio Londero,R,180,ARG,23.266,359,129,BS86,,,Tomas Barrios Vera,R,191,CHI,18.946,426,93,6-0 6-1,3,R32,58,2,4,36,19,16,9,6,1,1,0,3,48,28,10,8,7,3,9
2016-544,Montevideo,Clay,32,C,,20161120,14,MM24,,,Bastian Malla,,,CHI,20.162,438,90,ML08,,,Santiago Maresca,,,URU,22.185,956,13,6-3 6-4,3,R32,88,1,4,67,39,30,16,10,8,9,1,2,48,27,19,11,9,2,5
2016-544,Montevideo,Clay,32,C,,20161120,15,MJ98,,,Facundo Mena,R,183,ARG,24.162,380,114,GE33,,,Daniel Elahi Galan,R,191,COL,20.424,411,98,7-5 5-7 7-5,3,R32,138,4,5,109,56,42,32,18,3,6,4,1,102,64,45,21,18,6,10
2016-544,Montevideo,Clay,32,C,,20161120,16,Z198,,,Caio Zampieri,R,183,BRA,30.486,258,199,KE69,,,Mariano Kestelboim,R,185,ARG,20.789,478,80,3-6 7-6(5) 6-1,3,R32,136,6,1,96,67,44,14,13,8,11,1,7,95,65,42,14,15,2,7
2016-544,Montevideo,Clay,32,C,,20161120,17,A479,,,Nicolas Almagro,R,183,ESP,31.25,44,1013,D981,,,Arthur De Greef,R,183,BEL,24.652,135,455,7-5 6-3,3,R16,95,6,2,64,28,27,18,10,2,2,0,2,81,50,30,18,11,3,6
2016-544,Montevideo,Clay,32,C,,20161120,18,SM37,,,Diego Schwartzman,R,170,ARG,24.263,58,807,LC58,,,Tomas Lipovsek Puches,R,183,ARG,23.595,317,152,6-1 6-3,3,R16,48,1,0,42,30,26,6,8,0,0,1,4,41,20,12,6,8,2,6
2016-544,Montevideo,Clay,32,C,,20161120,19,Z184,3,,Horacio Zeballos,L,188,ARG,31.567,74,722,LB84,,,Juan Ignacio Londero,R,180,ARG,23.266,359,129,6-2 3-6 6-3,3,R16,129,7,2,83,54,41,12,13,4,6,3,2,87,35,20,32,13,7,11
2016-544,Montevideo,Clay,32,C,,20161120,20,CA33,4,,Inigo Cervantes,R,180,ESP,26.973,78,700,Z198,,,Caio Zampieri,R,183,BRA,30.486,258,199,5-7 6-2 6-1,3,R16,116,5,3,73,41,35,18,14,0,1,0,2,107,71,40,18,13,13,17
2016-544,Montevideo,Clay,32,C,,20161120,21,B884,5,,Carlos Berlocq,R,183,ARG,33.796,99,601,CE77,,,Federico Coria,R,180,ARG,24.701,275,183,6-1 6-2,3,R16,63,1,1,38,28,25,7,8,0,0,2,1,55,34,20,7,7,6,10
2016-544,Montevideo,Clay,32,C,,20161120,22,SC73,6,,Rogerio Dutra Silva,R,178,BRA,32.791,103,575,MJ98,,,Facundo Mena,R,183,ARG,24.162,380,114,6-1 6-2,3,R16,55,5,2,37,22,19,5,7,0,2,0,4,53,36,13,5,8,4,11
2016-544,Montevideo,Clay,32,C,,20161120,23,GD64,,,Cristian Garin,R,185,CHI,20.476,225,235,A887,7,,Guido Andreozzi,R,183,ARG,25.295,110,528,6-4 3-2 RET,3,R16,73,1,0,50,36,24,8,7,3,4,1,0,58,45,31,1,8,4,7
2016-544,Montevideo,Clay,32,C,,20161120,24,KC29,8,,Nicolas Kicker,R,178,ARG,24.263,111,528,MM24,,,Bastian Malla,,,CHI,20.162,438,90,6-1 6-1,3,R16,76,0,3,61,41,27,9,7,6,7,0,4,42,20,9,6,7,1,7
2016-544,Montevideo,Clay,32,C,,20161120,25,GD64,,,Cristian Garin,R,185,CHI,20.476,225,235,A479,,,Nicolas Almagro,R,183,ESP,31.25,44,1013,3-6 7-5 6-3,3,QF,123,8,1,100,60,42,24,15,12,14,10,0,89,46,37,21,15,3,6
2016-544,Montevideo,Clay,32,C,,20161120,26,SM37,,,Diego Schwartzman,R,170,ARG,24.263,58,807,KC29,8,,Nicolas Kicker,R,178,ARG,24.263,111,528,6-4 7-6(4),3,QF,105,3,7,84,57,38,10,11,8,12,1,2,76,50,29,11,11,5,10
2016-544,Montevideo,Clay,32,C,,20161120,27,SC73,6,,Rogerio Dutra Silva,R,178,BRA,32.791,103,575,Z184,3,,Horacio Zeballos,L,188,ARG,31.567,74,722,2-6 6-4 6-2,3,QF,113,2,1,78,43,31,20,13,3,5,6,1,78,57,39,11,13,5,8
2016-544,Montevideo,Clay,32,C,,20161120,28,B884,5,,Carlos Berlocq,R,183,ARG,33.796,99,601,CA33,4,,Inigo Cervantes,R,180,ESP,26.973,78,700,3-6 6-4 6-3,3,QF,150,4,7,97,55,34,18,14,9,14,0,3,82,43,25,18,14,5,11
2016-544,Montevideo,Clay,32,C,,20161120,29,SM37,,,Diego Schwartzman,R,170,ARG,24.263,58,807,B884,5,,Carlos Berlocq,R,183,ARG,33.796,99,601,6-1 4-1 RET,3,SF,45,0,4,38,16,13,11,6,4,5,0,4,33,16,4,6,6,3,8
2016-544,Montevideo,Clay,32,C,,20161120,30,SC73,6,,Rogerio Dutra Silva,R,178,BRA,32.791,103,575,GD64,,,Cristian Garin,R,185,CHI,20.476,225,235,6-2 6-2,3,SF,74,4,3,52,36,29,8,8,2,2,0,3,58,40,26,3,8,6,10
2016-544,Montevideo,Clay,32,C,,20161120,31,SM37,,,Diego Schwartzman,R,170,ARG,24.263,58,807,SC73,6,,Rogerio Dutra Silva,R,178,BRA,32.791,103,575,6-4 6-1,3,F,75,1,2,51,37,23,6,9,1,4,1,1,52,31,12,8,8,5,11
2016-7121,Brescia,Hard,32,C,,20161120,1,L797,1,,Lukas Lacko,R,188,SVK,29.049,128,467,RD34,,,Lukas Ruepke,R,180,GER,23.376,1025,10,6-2 6-2,3,R32,48,4,0,40,26,23,10,8,1,1,1,1,50,29,15,11,8,0,4
2016-7121,Brescia,Hard,32,C,,20161120,2,C582,3,,Marco Chiudinelli,R,185,SUI,35.195,117,511,GA79,,,Lorenzo Giustino,R,180,ITA,25.196,213,249,6-3 7-5,3,R32,79,7,2,61,45,37,10,11,3,3,7,0,67,48,33,9,10,3,5
2016-7121,Brescia,Hard,32,C,,20161120,3,K834,,,Blaz Kavcic,R,188,SLO,29.714,224,235,D864,4,,Evgeny Donskoy,R,185,RUS,26.535,125,482,6-4 4-6 6-3,3,R32,96,3,2,81,59,45,11,15,0,2,9,0,80,62,43,9,14,2,5
2016-7121,Brescia,Hard,32,C,,20161120,4,MD56,5,,Leonardo Mayer,R,191,ARG,29.52,138,448,SF76,,,Franko Skugor,R,196,CRO,29.169,209,253,6-3 6-4,3,R32,69,12,1,60,41,35,9,10,1,1,6,2,49,37,25,6,9,2,4
2016-7121,Brescia,Hard,32,C,,20161120,5,KB92,,,Kevin Krawietz,R,188,GER,24.824,301,161,LA93,6,,Enrique Lopez Perez,R,180,ESP,25.467,165,363,6-4 6-4,3,R32,59,11,2,61,35,31,12,10,1,1,13,2,49,29,21,14,10,1,3
2016-7121,Brescia,Hard,32,C,,20161120,6,K596,7,,Alexander Kudryavtsev,R,183,RUS,31.069,172,333,SF41,,,Aldin Setkic,R,191,BIH,28.917,214,249,6-4 7-6(7),3,R32,81,15,2,79,48,40,19,11,5,5,5,2,66,41,32,17,11,1,2
2016-7121,Brescia,Hard,32,C,,20161120,7,RB56,,,Ramkumar Ramanathan,R,188,IND,22.034,239,221,TC11,8,,Marko Tepavac,R,193,SRB,22.628,187,308,7-5 6-3,3,R32,57,8,3,53,34,30,14,11,0,0,8,4,59,38,27,11,10,1,3
2016-7121,Brescia,Hard,32,C,,20161120,8,BK40,,,Matteo Berrettini,R,196,ITA,20.608,723,29,SU87,,,Lorenzo Sonego,R,191,ITA,21.53,286,175,6-4 7-6(5),3,R32,86,6,0,70,46,36,16,11,4,4,2,2,69,46,35,13,11,0,1
2016-7121,Brescia,Hard,32,C,,20161120,9,CE25,,,Salvatore Caruso,R,185,ITA,23.932,274,183,Z246,,,Miljan Zekic,R,185,SRB,28.359,196,278,6-2 4-6 6-3,3,R32,105,3,2,77,51,40,16,14,0,1,12,3,80,57,41,9,13,3,6
2016-7121,Brescia,Hard,32,C,,20161120,10,D499,,,Frank Dancevic,R,185,CAN,32.151,257,200,VA08,,,Andrea Vavassori,R,193,ITA,21.547,587,53,6-3 6-4,3,R32,64,6,0,59,36,28,15,10,1,1,4,2,51,32,26,8,9,2,4
2016-7121,Brescia,Hard,32,C,,20161120,11,GC89,,,Egor Gerasimov,R,196,BLR,24.025,334,142,SQ80,,,Akira Santillan,R,180,AUS,19.499,222,240,6-3 7-6(4),3,R32,62,8,1,61,42,36,14,11,1,1,9,0,58,32,23,19,10,1,2
2016-7121,Brescia,Hard,32,C,,20161120,12,GA71,,,Laurynas Grigelis,R,183,LTU,25.27,355,131,A622,,,Andrea Arnaboldi,L,180,ITA,28.901,263,194,3-6 6-3 7-6(2),3,R32,107,20,0,80,56,51,13,15,1,2,9,1,99,66,50,16,15,3,4
2016-7121,Brescia,Hard,32,C,,20161120,13,J493,,,Marek Jaloviec,L,180,CZE,22.746,340,138,ML57,,,Gianluca Mager,R,188,ITA,21.971,337,141,7-6(2) 7-6(3),3,R32,92,13,3,83,61,46,12,12,4,6,14,3,85,56,38,12,12,3,5
2016-7121,Brescia,Hard,32,C,,20161120,14,KH56,,,Zdenek Kolar,R,183,CZE,20.115,259,199,MI33,,,Petr Michnev,R,188,CZE,27.299,298,165,6-4 6-1,3,R32,49,10,5,50,24,24,12,9,1,2,10,5,52,31,22,5,8,1,5
2016-7121,Brescia,Hard,32,C,,20161120,15,R419,,,Tommy Robredo,R,180,ESP,34.557,425,93,TE51,,,Stefanos Tsitsipas,R,193,GRE,18.275,205,263,6-2 6-1,3,R32,52,3,1,34,28,26,2,7,0,0,2,1,58,30,19,8,8,4,9
2016-7121,Brescia,Hard,32,C,,20161120,16,V495,,,Luca Vanni,R,198,ITA,31.463,206,263,TA12,,,Stefano Travaglia,R,185,ITA,24.898,297,165,7-5 6-3,3,R32,64,8,4,61,43,37,9,11,0,0,8,1,48,27,22,12,10,0,2
2016-7121,Brescia,Hard,32,C,,20161120,17,L797,1,,Lukas Lacko,R,188,SVK,29.049,128,467,BK40,,,Matteo Berrettini,R,196,ITA,20.608,723,29,6-7(4) 7-6(2) 6-4,3,R16,127,13,0,108,75,58,17,17,1,2,24,4,112,67,50,24,17,9,11
2016-7121,Brescia,Hard,32,C,,20161120,18,KH56,,,Zdenek Kolar,R,183,CZE,20.115,259,199,C582,3,,Marco Chiudinelli,R,185,SUI,35.195,117,511,6-4 6-4,3,R16,69,6,1,64,41,27,15,10,4,5,5,4,60,42,28,8,10,0,3
2016-7121,Brescia,Hard,32,C,,20161120,19,GA71,,,Laurynas Grigelis,R,183,LTU,25.27,355,131,MD56,5,,Leonardo Mayer,R,191,ARG,29.52,138,448,3-6 7-6(3) 7-5,3,R16,120,23,5,101,60,53,20,16,2,3,23,4,100,70,58,15,17,3,4
2016-7121,Brescia,Hard,32,C,,20161120,20,R419,,,Tommy Robredo,R,180,ESP,34.557,425,93,K596,7,,Alexander Kudryavtsev,R,183,RUS,31.069,172,333,7-5 7-5,3,R16,79,4,3,95,75,48,9,12,8,11,9,1,60,36,25,10,12,1,6
2016-7121,Brescia,Hard,32,C,,20161120,21,CE25,,,Salvatore Caruso,R,185,ITA,23.932,274,183,RB56,,,Ramkumar Ramanathan,R,188,IND,22.034,239,221,6-4 7-5,3,R16,94,8,1,62,37,29,15,11,2,3,10,2,75,47,35,11,11,3,6
2016-7121,Brescia,Hard,32,C,,20161120,22,D499,,,Frank Dancevic,R,185,CAN,32.151,257,200,KB92,,,Kevin Krawietz,R,188,GER,24.824,301,161,6-3 3-6 7-6(9),3,R16,119,13,2,89,59,49,19,15,0,1,18,3,115,78,56,18,15,9,10
2016-7121,Brescia,Hard,32,C,,20161120,23,GC89,,,Egor Gerasimov,R,196,BLR,24.025,334,142,J493,,,Marek Jaloviec,L,180,CZE,22.746,340,138,7-6(6) 7-5,3,R16,103,11,0,78,58,46,7,12,1,2,3,7,96,65,44,13,12,8,10
2016-7121,Brescia,Hard,32,C,,20161120,24,V495,,,Luca Vanni,R,198,ITA,31.463,206,263,K834,,,Blaz Kavcic,R,188,SLO,29.714,224,235,6-3 4-6 7-6(4),3,R16,134,16,2,91,70,55,11,16,6,9,3,3,98,68,50,8,15,5,8
2016-7121,Brescia,Hard,32,C,,20161120,25,L797,1,,Lukas Lacko,R,188,SVK,29.049,128,467,D499,,,Frank Dancevic,R,185,CAN,32.151,257,200,6-4 6-3,3,QF,56,15,3,50,28,27,13,10,0,0,8,1,59,44,27,9,9,3,5
2016-7121,Brescia,Hard,32,C,,20161120,26,CE25,,,Salvatore Caruso,R,185,ITA,23.932,274,183,KH56,,,Zdenek Kolar,R,183,CZE,20.115,259,199,6-4 6-2,3,QF,66,6,0,57,38,30,10,9,0,0,3,4,57,38,26,9,9,5,8
2016-7121,Brescia,Hard,32,C,,20161120,27,GA71,,,Laurynas Grigelis,R,183,LTU,25.27,355,131,GC89,,,Egor Gerasimov,R,196,BLR,24.025,334,142,0-1 RET,3,QF,4,0,0,0,0,0,0,0,0,0,0,0,4,1,1,3,1,0,0
2016-7121,Brescia,Hard,32,C,,20161120,28,V495,,,Luca Vanni,R,198,ITA,31.463,206,263,R419,,,Tommy Robredo,R,180,ESP,34.557,425,93,5-7 7-6(7) 7-6(5),3,QF,147,18,1,125,90,72,14,18,5,7,5,3,112,86,61,20,18,4,5
2016-7121,Brescia,Hard,32,C,,20161120,29,V495,,,Luca Vanni,R,198,ITA,31.463,206,263,L797,1,,Lukas Lacko,R,188,SVK,29.049,128,467,7-6(4) 6-4,3,SF,92,19,1,75,51,42,12,11,2,2,7,1,77,49,36,14,11,6,7
2016-7121,Brescia,Hard,32,C,,20161120,30,GA71,,,Laurynas Grigelis,R,183,LTU,25.27,355,131,CE25,,,Salvatore Caruso,R,185,ITA,23.932,274,183,6-4 6-4,3,SF,77,10,3,51,38,33,8,10,0,0,6,1,69,47,37,7,10,3,5
2016-7121,Brescia,Hard,32,C,,20161120,31,V495,,,Luca Vanni,R,198,ITA,31.463,206,263,GA71,,,Laurynas Grigelis,R,183,LTU,25.27,355,131,6-7(5) 6-4 7-6(8),3,F,173,13,0,137,94,70,21,17,10,11,22,3,128,85,69,16,17,13,15
2016-7614,Astana 2,Hard,32,C,,20161126,1,N732,1,,Yoshihito Nishioka,L,170,JPN,21.166,101,594,C813,,,Ti Chen,R,178,TPE,33.15,254,206,6-3 6-1,3,R32,63,1,0,47,27,20,12,8,1,2,4,3,55,34,20,5,8,3,8
2016-7614,Astana 2,Hard,32,C,,20161126,2,I165,2,,Denis Istomin,R,185,UZB,30.22,142,437,SO86,,,Robin Stanek,L,188,CZE,21.897,445,88,6-0 6-7(3) 6-4,3,R32,110,15,4,98,70,52,10,14,6,8,3,4,80,42,26,18,14,2,8
2016-7614,Astana 2,Hard,32,C,,20161126,3,K596,3,,Alexander Kudryavtsev,R,183,RUS,31.086,175,326,MF71,,,Denys Molchanov,R,188,UKR,29.533,458,83,6-4 6-2,3,R32,66,2,2,52,31,24,13,9,3,4,6,4,66,30,22,14,9,5,9
2016-7614,Astana 2,Hard,32,C,,20161126,4,N503,4,,Aleksandr Nedovyesov,R,188,KAZ,29.78,189,304,K771,,,Marsel Ilhan,R,191,TUR,29.462,255,205,7-6(5) 6-1,3,R32,74,9,3,58,36,31,15,10,3,3,1,1,62,40,29,9,9,0,2
2016-7614,Astana 2,Hard,32,C,,20161126,5,MM66,5,,Nikola Milojevic,R,188,SRB,21.44,209,252,I067,,,Vladimir Ivanov,R,,EST,29.632,464,81,7-6(2) 6-1,3,R32,77,11,2,56,35,28,13,9,1,2,3,0,63,38,24,11,10,3,7
2016-7614,Astana 2,Hard,32,C,,20161126,6,BK92,6,,Alexander Bublik,R,196,KAZ,19.444,214,248,BD82,,,Sergey Betov,R,185,,29.117,598,51,6-4 6-4,3,R32,69,11,1,67,41,32,12,10,5,6,6,1,61,49,30,6,10,6,9
2016-7614,Astana 2,Hard,32,C,,20161126,7,PG20,,,Dmitry Popko,R,191,KAZ,20.09,247,215,KA46,7,,Yuya Kibi,R,180,JPN,30.346,227,236,6-3 6-2,3,R32,60,2,0,57,40,29,10,9,1,1,1,2,51,32,20,8,8,3,6
2016-7614,Astana 2,Hard,32,C,,20161126,8,GA94,,,Prajnesh Gunneswaran,L,188,IND,27.039,291,171,G806,8,,Andrey Golubev,R,180,KAZ,29.35,232,230,6-4 6-2,3,R32,71,3,0,72,49,28,12,9,5,7,6,4,54,32,18,8,9,5,10
2016-7614,Astana 2,Hard,32,C,,20161126,9,CH90,,,Yun seong Chung,R,178,KOR,18.669,670,39,AB19,,,Sagadat Ayap,R,193,KAZ,21.509,1643,2,6-3 6-3,3,R32,78,4,2,45,22,15,16,9,1,3,0,4,79,48,22,16,9,10,15
2016-7614,Astana 2,Hard,32,C,,20161126,10,F786,,,Sanjar Fayziev,R,188,UZB,22.33,384,114,MP13,,,Mukund Sasikumar,R,185,IND,19.866,533,66,6-4 6-4,3,R32,75,7,0,52,38,34,8,10,4,4,2,0,68,47,33,8,10,6,8
2016-7614,Astana 2,Hard,32,C,,20161126,11,I306,,,Cem Ilkel,R,185,TUR,21.268,350,133,KD87,,,Evgeny Karlovskiy,R,191,RUS,22.305,441,89,6-0 6-7(5) 7-5,3,R32,132,5,2,93,56,41,19,15,5,8,9,8,115,67,43,18,15,9,16
2016-7614,Astana 2,Hard,32,C,,20161126,12,I286,,,Temur Ismailov,,,UZB,21.867,528,66,KD32,,,Timur Khabibulin,R,185,KAZ,21.32,965,13,6-2 6-3,3,R32,61,9,1,50,32,25,11,8,2,2,4,4,51,24,18,7,9,1,5
2016-7614,Astana 2,Hard,32,C,,20161126,13,KF17,,,Soonwoo Kwon,R,180,KOR,18.984,293,169,Y171,,,Denis Yevseyev,R,188,KAZ,23.515,826,21,6-4 6-3,3,R32,68,1,3,55,24,18,20,9,7,8,0,1,55,35,19,13,10,0,4
2016-7614,Astana 2,Hard,32,C,,20161126,14,MN20,,,Daniel Masur,R,183,GER,22.056,238,220,KG72,,,Jurabek Karimov,R,191,UZB,18.48,758,26,6-1 6-3,3,R32,58,3,2,43,29,24,9,8,1,1,3,4,53,36,20,8,8,2,6
2016-7614,Astana 2,Hard,32,C,,20161126,15,PC78,,,Ante Pavic,R,196,CRO,27.723,382,114,I295,,,Alexander Igoshin,R,191,RUS,24.879,517,68,6-4 6-2,3,R32,60,12,3,52,27,24,13,9,0,0,3,5,50,22,14,15,9,4,7
2016-7614,Astana 2,Hard,32,C,,20161126,16,V717,,,Alexey Vatutin,R,178,RUS,24.082,287,174,J400,,,Jeremy Jahn,R,178,GER,26.645,236,222,6-1 6-2,3,R32,44,3,1,32,18,14,11,7,1,2,8,6,58,30,19,5,8,6,12
2016-7614,Astana 2,Hard,32,C,,20161126,17,N732,1,,Yoshihito Nishioka,L,170,JPN,21.166,101,594,F786,,,Sanjar Fayziev,R,188,UZB,22.33,384,114,6-2 7-6(8),3,R16,100,3,2,78,51,37,13,10,3,3,9,0,75,48,30,14,10,4,6
2016-7614,Astana 2,Hard,32,C,,20161126,18,I165,2,,Denis Istomin,R,185,UZB,30.22,142,437,I306,,,Cem Ilkel,R,185,TUR,21.268,350,133,6-4 6-2,3,R16,58,8,3,53,31,24,12,9,3,4,2,1,51,30,18,10,9,1,5
2016-7614,Astana 2,Hard,32,C,,20161126,19,I286,,,Temur Ismailov,,,UZB,21.867,528,66,K596,3,,Alexander Kudryavtsev,R,183,RUS,31.086,175,326,6-1 4-6 6-4,3,R16,125,8,3,94,47,36,20,14,12,15,4,3,88,49,31,17,13,7,12
2016-7614,Astana 2,Hard,32,C,,20161126,20,N503,4,,Aleksandr Nedovyesov,R,188,KAZ,29.78,189,304,V717,,,Alexey Vatutin,R,178,RUS,24.082,287,174,6-4 6-3,3,R16,88,3,2,58,39,31,10,9,1,1,4,8,86,46,27,20,10,8,11
2016-7614,Astana 2,Hard,32,C,,20161126,21,MM66,5,,Nikola Milojevic,R,188,SRB,21.44,209,252,CH90,,,Yun seong Chung,R,178,KOR,18.669,670,39,6-7(11) 7-6(7) 6-3,3,R16,187,8,6,128,72,50,27,16,10,13,6,4,133,77,46,32,17,5,10
2016-7614,Astana 2,Hard,32,C,,20161126,22,BK92,6,,Alexander Bublik,R,196,KAZ,19.444,214,248,MN20,,,Daniel Masur,R,183,GER,22.056,238,220,3-6 7-6(3) 6-2,3,R16,92,10,6,86,48,40,20,14,1,2,8,1,78,55,44,13,15,1,3
2016-7614,Astana 2,Hard,32,C,,20161126,23,GA94,,,Prajnesh Gunneswaran,L,188,IND,27.039,291,171,KF17,,,Soonwoo Kwon,R,180,KOR,18.984,293,169,6-3 4-6 6-1,3,R16,103,8,2,85,57,40,13,13,5,8,2,8,83,36,23,22,13,6,12
2016-7614,Astana 2,Hard,32,C,,20161126,24,PG20,,,Dmitry Popko,R,191,KAZ,20.09,247,215,PC78,,,Ante Pavic,R,196,CRO,27.723,382,114,7-6(4) 3-6 6-3,3,R16,108,9,1,92,58,46,22,15,4,5,13,8,90,59,50,13,15,3,4
2016-7614,Astana 2,Hard,32,C,,20161126,25,N732,1,,Yoshihito Nishioka,L,170,JPN,21.166,101,594,PG20,,,Dmitry Popko,R,191,KAZ,20.09,247,215,6-2 6-4,3,QF,85,6,1,59,41,29,10,9,2,3,3,1,69,40,23,14,9,5,9
2016-7614,Astana 2,Hard,32,C,,20161126,26,I165,2,,Denis Istomin,R,185,UZB,30.22,142,437,MM66,5,,Nikola Milojevic,R,188,SRB,21.44,209,252,6-2 RET,3,QF,35,5,0,24,18,12,3,4,1,2,1,2,30,15,7,5,4,1,4
2016-7614,Astana 2,Hard,32,C,,20161126,27,N503,4,,Aleksandr Nedovyesov,R,188,KAZ,29.78,189,304,GA94,,,Prajnesh Gunneswaran,L,188,IND,27.039,291,171,6-2 6-3,3,QF,56,5,2,42,27,23,6,8,2,3,0,2,48,24,15,8,9,3,8
2016-7614,Astana 2,Hard,32,C,,20161126,28,I286,,,Temur Ismailov,,,UZB,21.867,528,66,BK92,6,,Alexander Bublik,R,196,KAZ,19.444,214,248,7-6(5) 6-4,3,QF,87,13,3,70,43,35,13,11,2,3,7,4,73,47,32,13,11,2,4
2016-7614,Astana 2,Hard,32,C,,20161126,29,N732,1,,Yoshihito Nishioka,L,170,JPN,21.166,101,594,N503,4,,Aleksandr Nedovyesov,R,188,KAZ,29.78,189,304,6-4 2-1 RET,3,SF,50,1,1,33,21,19,6,6,0,0,7,2,42,26,18,7,7,4,6
2016-7614,Astana 2,Hard,32,C,,20161126,30,I165,2,,Denis Istomin,R,185,UZB,30.22,142,437,I286,,,Temur Ismailov,,,UZB,21.867,528,66,6-2 6-7(3) 6-3,3,SF,124,10,2,85,47,41,21,15,3,4,9,1,88,43,33,24,14,4,8
2016-7614,Astana 2,Hard,32,C,,20161126,31,N732,1,,Yoshihito Nishioka,L,170,JPN,21.166,101,594,I165,2,,Denis Istomin,R,185,UZB,30.22,142,437,6-4 6-7(4) 7-6(3),3,F,151,1,6,111,77,53,13,17,3,7,11,2,102,65,44,15,17,2,7
2016-6911,Andria,Hard,32,C,,20161127,1,SC77,1,,Sergiy Stakhovsky,R,193,UKR,30.891,115,509,KH56,,,Zdenek Kolar,R,183,CZE,20.134,246,215,6-1 7-6(5),3,R32,61,7,0,59,40,32,12,10,2,3,6,3,59,35,25,10,9,3,6
2016-6911,Andria,Hard,32,C,,20161127,2,C582,2,,Marco Chiudinelli,R,185,SUI,35.214,120,497,D917,,,Sadio Doumbia,R,183,FRA,26.209,256,204,6-3 7-5,3,R32,71,6,1,76,43,35,15,11,3,4,3,5,50,30,24,10,10,3,6
2016-6911,Andria,Hard,32,C,,20161127,3,TE51,3,,Stefanos Tsitsipas,R,193,GRE,18.294,207,261,CC66,,,Andrea Collarini,L,183,ARG,24.824,336,142,6-7(2) 6-1 6-4,3,R32,119,16,4,88,66,56,8,15,0,0,4,1,106,71,44,22,14,13,16
2016-6911,Andria,Hard,32,C,,20161127,4,V495,4,,Luca Vanni,R,198,ITA,31.483,182,320,GB61,,,Viktor Galovic,R,193,CRO,26.19,620,47,7-6(4) 7-6(6),3,R32,107,12,2,91,67,53,8,12,5,7,14,2,80,57,49,6,12,1,3
2016-6911,Andria,Hard,32,C,,20161127,5,SF41,5,,Aldin Setkic,R,191,BIH,28.936,213,249,SU87,,,Lorenzo Sonego,R,191,ITA,21.55,285,175,6-4 3-6 7-5,3,R32,127,4,5,91,61,51,13,15,3,4,10,1,94,69,50,12,16,1,3
2016-6911,Andria,Hard,32,C,,20161127,6,SQ80,6,,Akira Santillan,R,180,AUS,19.518,223,240,N663,,,Maximilian Neuchrist,R,,AUT,25.352,440,89,6-4 6-4,3,R32,74,10,3,57,31,26,17,10,2,2,9,1,68,47,35,8,10,2,4
2016-6911,Andria,Hard,32,C,,20161127,7,ML57,,,Gianluca Mager,R,188,ITA,21.99,338,141,RB56,7,,Ramkumar Ramanathan,R,188,IND,22.053,233,229,7-6(5) 3-6 6-2,3,R32,110,11,4,80,52,41,16,14,1,3,11,4,112,72,54,18,15,8,11
2016-6911,Andria,Hard,32,C,,20161127,8,MF09,,,Nikola Mektic,R,183,CRO,27.926,344,136,MB53,8,,Adrian Menendez-Maceiras,R,183,ESP,31.083,239,218,6-3 6-2,3,R32,58,8,0,45,27,23,14,9,1,1,3,1,48,28,18,8,8,1,4
2016-6911,Andria,Hard,32,C,,20161127,9,A622,,,Andrea Arnaboldi,L,180,ITA,28.92,275,186,P701,,,Michal Przysiezny,R,185,POL,32.78,433,91,5-7 6-2 6-3,3,R32,112,10,3,86,43,32,26,15,1,3,14,5,83,43,32,17,14,3,7
2016-6911,Andria,Hard,32,C,,20161127,10,BF98,,,Alessandro Bega,R,170,ITA,25.878,292,170,PH64,,,Andrea Pellegrino,R,185,ITA,19.682,466,81,7-5 2-6 7-6(5),3,R32,141,6,6,115,66,43,24,16,6,11,5,2,94,42,30,28,16,4,8
2016-6911,Andria,Hard,32,C,,20161127,11,BK40,,,Matteo Berrettini,R,196,ITA,20.627,680,37,J347,,,Yannick Jankovits,R,,FRA,29.892,330,145,6-4 6-1,3,R32,58,11,1,45,26,23,9,8,3,4,2,6,59,32,20,10,9,6,11
2016-6911,Andria,Hard,32,C,,20161127,12,GC89,,,Egor Gerasimov,R,196,BLR,24.044,301,164,DA13,,,Dragos Dima,R,180,ROU,24.449,307,158,6-2 7-5,3,R32,69,7,1,57,38,32,11,10,1,1,4,5,63,43,31,7,10,0,3
2016-6911,Andria,Hard,32,C,,20161127,13,GA71,,,Laurynas Grigelis,R,183,LTU,25.29,276,185,T911,,,Peter Torebko,R,185,GER,28.797,322,149,6-4 6-4,3,R32,56,9,0,47,31,24,14,10,0,1,6,1,53,24,17,16,10,1,4
2016-6911,Andria,Hard,32,C,,20161127,14,MG54,,,Yann Marti,R,170,SUI,28.474,357,130,R750,,,Pere Riba,R,183,ESP,28.641,252,208,6-3 6-4,3,R32,58,9,1,54,36,30,10,10,0,1,10,2,47,27,20,9,9,4,7
2016-6911,Andria,Hard,32,C,,20161127,15,R419,,,Tommy Robredo,R,180,ESP,34.576,392,110,CE25,,,Salvatore Caruso,R,185,ITA,23.951,253,208,6-3 4-6 6-4,3,R32,95,6,2,76,42,35,19,15,2,5,6,2,75,39,27,20,14,2,6
2016-6911,Andria,Hard,32,C,,20161127,16,TA12,,,Stefano Travaglia,R,185,ITA,24.917,326,147,MH16,,,Yannick Maden,R,185,GER,27.083,271,189,7-5 6-3,3,R32,80,8,3,61,30,28,16,11,3,4,2,4,73,37,25,18,10,3,6
2016-6911,Andria,Hard,32,C,,20161127,17,SC77,1,,Sergiy Stakhovsky,R,193,UKR,30.891,115,509,A622,,,Andrea Arnaboldi,L,180,ITA,28.92,275,186,6-2 6-4,3,R16,75,9,2,50,30,27,10,9,0,0,5,6,64,26,18,18,9,6,9
2016-6911,Andria,Hard,32,C,,20161127,18,BK40,,,Matteo Berrettini,R,196,ITA,20.627,680,37,C582,2,,Marco Chiudinelli,R,185,SUI,35.214,120,497,7-6(4) 6-7(4) 7-6(6),3,R16,165,24,2,114,67,54,28,18,5,7,11,2,136,87,64,24,18,8,10
2016-6911,Andria,Hard,32,C,,20161127,19,TE51,3,,Stefanos Tsitsipas,R,193,GRE,18.294,207,261,GA71,,,Laurynas Grigelis,R,183,LTU,25.29,276,185,7-6(6) 4-6 6-3,3,R16,116,16,5,104,59,51,23,16,2,3,12,3,83,53,47,18,15,0,1
2016-6911,Andria,Hard,32,C,,20161127,20,V495,4,,Luca Vanni,R,198,ITA,31.483,182,320,MG54,,,Yann Marti,R,170,SUI,28.474,357,130,6-4 7-6(4),3,R16,93,17,1,76,54,43,10,11,7,8,2,3,66,41,34,9,11,3,5
2016-6911,Andria,Hard,32,C,,20161127,21,SF41,5,,Aldin Setkic,R,191,BIH,28.936,213,249,BF98,,,Alessandro Bega,R,170,ITA,25.878,292,170,7-5 4-6 6-2,3,R16,130,22,2,78,52,45,14,15,1,2,1,3,105,66,45,18,15,7,10
2016-6911,Andria,Hard,32,C,,20161127,22,TA12,,,Stefano Travaglia,R,185,ITA,24.917,326,147,SQ80,6,,Akira Santillan,R,180,AUS,19.518,223,240,6-3 7-6(4),3,R16,75,9,1,71,41,35,19,11,5,5,10,5,65,39,33,12,10,3,4
2016-6911,Andria,Hard,32,C,,20161127,23,GC89,,,Egor Gerasimov,R,196,BLR,24.044,301,164,MF09,,,Nikola Mektic,R,183,CRO,27.926,344,136,6-4 6-2,3,R16,52,9,0,46,38,30,7,9,0,0,4,1,48,30,20,8,9,0,3
2016-6911,Andria,Hard,32,C,,20161127,24,R419,,,Tommy Robredo,R,180,ESP,34.576,392,110,ML57,,,Gianluca Mager,R,188,ITA,21.99,338,141,6-4 6-2,3,R16,54,10,3,47,33,28,9,9,0,0,6,5,53,26,19,12,9,1,4
2016-6911,Andria,Hard,32,C,,20161127,25,SC77,1,,Sergiy Stakhovsky,R,193,UKR,30.891,115,509,TA12,,,Stefano Travaglia,R,185,ITA,24.917,326,147,6-4 6-3,3,QF,71,8,3,57,33,28,14,10,1,1,8,4,63,36,29,12,9,6,8
2016-6911,Andria,Hard,32,C,,20161127,26,GC89,,,Egor Gerasimov,R,196,BLR,24.044,301,164,TE51,3,,Stefanos Tsitsipas,R,193,GRE,18.294,207,261,4-6 6-3 7-5,3,QF,112,9,2,97,68,52,13,16,3,4,15,5,105,75,55,13,15,6,8
2016-6911,Andria,Hard,32,C,,20161127,27,V495,4,,Luca Vanni,R,198,ITA,31.483,182,320,SF41,5,,Aldin Setkic,R,191,BIH,28.936,213,249,7-6(4) 7-6(6),3,QF,116,27,1,88,59,51,14,12,3,3,5,3,80,54,45,14,12,1,1
2016-6911,Andria,Hard,32,C,,20161127,28,BK40,,,Matteo Berrettini,R,196,ITA,20.627,680,37,R419,,,Tommy Robredo,R,180,ESP,34.576,392,110,6-4 7-6(3),3,QF,81,11,2,70,40,38,14,11,0,0,4,1,70,46,35,14,11,3,4
2016-6911,Andria,Hard,32,C,,20161127,29,V495,4,,Luca Vanni,R,198,ITA,31.483,182,320,SC77,1,,Sergiy Stakhovsky,R,193,UKR,30.891,115,509,6-4 2-6 6-2,3,SF,106,15,2,71,46,36,13,13,4,6,6,1,88,53,37,15,13,9,12
2016-6911,Andria,Hard,32,C,,20161127,30,BK40,,,Matteo Berrettini,R,196,ITA,20.627,680,37,GC89,,,Egor Gerasimov,R,196,BLR,24.044,301,164,7-6(7) 6-3,3,SF,73,15,0,68,42,36,16,11,3,3,9,3,59,46,36,8,10,0,1
2016-6911,Andria,Hard,32,C,,20161127,31,V495,4,,Luca Vanni,R,198,ITA,31.483,182,320,BK40,,,Matteo Berrettini,R,196,ITA,20.627,680,37,5-7 6-0 6-3,3,F,104,,,,,,,,,,,,,,,,,,
2016-7664,Columbus 2,Hard,32,C,,20161127,1,FB98,1,,Taylor Fritz,R,196,USA,19.083,77,701,TC12,,,Mikael Torpegaard,R,193,DEN,22.557,340,137,7-6(3) 6-1,3,R32,86,2,4,77,47,33,17,9,4,4,3,8,78,41,26,18,10,6,9
2016-7664,Columbus 2,Hard,32,C,,20161127,2,L949,3,,Henri Laaksonen,R,185,SUI,24.66,139,446,AB71,,,JC Aragone,R,178,USA,21.418,1365,3,6-3 6-3,3,R32,84,0,3,64,38,27,12,9,10,12,2,3,62,39,21,8,9,7,12
2016-7664,Columbus 2,Hard,32,C,,20161127,3,KE64,4,,Stefan Kozlov,R,183,USA,18.82,145,425,SF89,,,Rubin Statham,R,180,NZL,29.593,454,85,6-2 7-6(6),3,R32,109,2,11,85,40,29,20,10,8,10,5,1,75,48,27,13,10,4,8
2016-7664,Columbus 2,Hard,32,C,,20161127,4,KC12,5,,Mitchell Krueger,R,188,USA,22.875,220,243,CG63,,,Hunter Callahan,R,191,USA,23.934,1082,9,6-4 6-3,3,R32,92,3,0,48,28,22,12,9,0,1,2,4,83,46,31,15,10,11,15
2016-7664,Columbus 2,Hard,32,C,,20161127,5,SL08,6,,Tennys Sandgren,R,188,USA,25.352,228,235,CG49,,,Andrew Carter,R,170,USA,26.669,940,14,6-2 6-2,3,R32,53,14,2,41,25,23,10,8,0,0,0,3,48,20,13,11,8,1,5
2016-7664,Columbus 2,Hard,32,C,,20161127,6,HB05,,,Christian Harrison,R,180,USA,22.5,505,70,KA00,,,Austin Krajicek,L,188,USA,26.45,251,208,6-2 7-5,3,R32,87,12,0,62,35,28,16,10,2,2,4,3,59,37,25,10,10,3,6
2016-7664,Columbus 2,Hard,32,C,,20161127,7,BH22,8,,Sam Barry,R,191,IRL,24.835,288,174,KG27,,,Strong Kirchheimer,R,185,USA,21.591,1197,6,7-5 6-4,3,R32,128,9,4,66,44,38,10,11,0,0,4,3,92,65,45,10,11,13,15
2016-7664,Columbus 2,Hard,32,C,,20161127,8,BK05,,,Luke Bambridge,R,191,GBR,21.851,527,66,CA62,,,Erik Crepaldi,L,,ITA,26.568,427,93,6-3 6-2,3,R32,62,11,1,42,27,20,8,8,1,3,3,2,56,38,21,5,9,4,10
2016-7664,Columbus 2,Hard,32,C,,20161127,9,KB14,,,Kevin King,L,191,USA,25.747,1046,9,J607,,,Martin Joyce,R,191,USA,20.129,1773,1,7-6(5) 6-2,3,R32,99,8,3,80,47,38,12,10,13,14,6,2,62,41,28,10,10,2,5
2016-7664,Columbus 2,Hard,32,C,,20161127,10,KC51,,,Peter Kobelt,R,201,USA,26.029,425,93,V600,,,Tucker Vorster,R,196,RSA,28.233,558,58,6-4 7-5,3,R32,87,16,3,64,46,38,10,11,2,2,2,3,62,38,28,14,11,2,4
2016-7664,Columbus 2,Hard,32,C,,20161127,11,KE73,,,Dominik Koepfer,L,180,GER,22.582,625,46,GC88,,,Marcos Giron,R,180,USA,23.346,579,54,7-6(3) 6-4,3,R32,108,4,6,96,67,43,15,11,6,8,5,6,79,42,31,13,11,3,6
2016-7664,Columbus 2,Hard,32,C,,20161127,12,LB50,,,Mikelis Libietis,R,193,LAT,24.386,365,125,DA96,,,Hugo Di Feo,R,178,CAN,21.613,1359,3,5-7 6-2 7-6(3),3,R32,144,7,6,100,52,43,17,16,3,7,1,11,114,79,50,11,16,8,13
2016-7664,Columbus 2,Hard,32,C,,20161127,13,MW84,,,John McNally,R,183,USA,18.111,1541,2,PF69,,,Herkko Pollanen,,,FIN,22.355,1382,3,6-1 6-3,3,R32,61,7,2,48,37,29,6,8,1,1,2,3,50,33,18,7,8,1,5
2016-7664,Columbus 2,Hard,32,C,,20161127,14,N563,,,Dennis Nevolo,R,,USA,26.932,459,83,HB41,,,Jared Hiltzik,R,185,USA,22.39,626,46,6-7(6) 6-3 6-4,3,R32,164,3,4,102,49,34,27,16,5,9,9,2,110,54,35,23,15,8,14
2016-7664,Columbus 2,Hard,32,C,,20161127,15,N771,,,Cameron Norrie,L,188,GBR,21.265,298,166,SL09,,,Raymond Sarmiento,R,178,USA,24.345,364,125,6-4 7-6(11),3,R32,93,2,1,71,47,35,15,11,1,2,4,5,78,50,35,16,11,1,3
2016-7664,Columbus 2,Hard,32,C,,20161127,16,Q945,,,Eric Quigley,R,185,USA,27.825,393,110,HB94,,,Aron Hiltzik,R,183,USA,20.613,877,17,6-7(3) 6-3 6-2,3,R32,113,5,6,88,54,42,20,14,5,6,4,5,102,50,33,25,15,4,9
2016-7664,Columbus 2,Hard,32,C,,20161127,17,FB98,1,,Taylor Fritz,R,196,USA,19.083,77,701,LB50,,,Mikelis Libietis,R,193,LAT,24.386,365,125,6-3 6-3,3,R16,62,6,1,53,24,20,20,9,2,2,9,2,69,49,32,7,9,9,12
2016-7664,Columbus 2,Hard,32,C,,20161127,18,L949,3,,Henri Laaksonen,R,185,SUI,24.66,139,446,MW84,,,John McNally,R,183,USA,18.111,1541,2,6-4 6-3,3,R16,84,1,4,47,32,25,8,9,1,2,3,4,76,39,25,16,10,11,15
2016-7664,Columbus 2,Hard,32,C,,20161127,19,KE64,4,,Stefan Kozlov,R,183,USA,18.82,145,425,KE73,,,Dominik Koepfer,L,180,GER,22.582,625,46,6-3 6-4,3,R16,82,0,4,67,35,25,15,10,5,7,1,4,58,36,18,13,9,5,9
2016-7664,Columbus 2,Hard,32,C,,20161127,20,KC51,,,Peter Kobelt,R,201,USA,26.029,425,93,KC12,5,,Mitchell Krueger,R,188,USA,22.875,220,243,7-6(5) 6-4,3,R16,102,7,3,78,50,37,14,11,4,6,3,3,75,46,34,13,11,1,4
2016-7664,Columbus 2,Hard,32,C,,20161127,21,SL08,6,,Tennys Sandgren,R,188,USA,25.352,228,235,Q945,,,Eric Quigley,R,185,USA,27.825,393,110,6-2 6-4,3,R16,73,12,0,45,34,29,8,9,1,1,2,0,70,43,25,13,9,5,8
2016-7664,Columbus 2,Hard,32,C,,20161127,22,BH22,8,,Sam Barry,R,191,IRL,24.835,288,174,N563,,,Dennis Nevolo,R,,USA,26.932,459,83,6-4 6-2,3,R16,90,4,3,58,42,36,5,9,1,1,4,2,49,24,17,12,9,1,4
2016-7664,Columbus 2,Hard,32,C,,20161127,23,KB14,,,Kevin King,L,191,USA,25.747,1046,9,HB05,,,Christian Harrison,R,180,USA,22.5,505,70,6-3 6-3,3,R16,81,3,2,50,32,22,11,9,0,2,3,0,56,25,14,15,9,4,9
2016-7664,Columbus 2,Hard,32,C,,20161127,24,N771,,,Cameron Norrie,L,188,GBR,21.265,298,166,BK05,,,Luke Bambridge,R,191,GBR,21.851,527,66,7-6(3) 6-4,3,R16,106,4,3,73,50,36,11,11,2,4,6,6,83,44,30,16,11,5,8
2016-7664,Columbus 2,Hard,32,C,,20161127,25,BH22,8,,Sam Barry,R,191,IRL,24.835,288,174,FB98,1,,Taylor Fritz,R,196,USA,19.083,77,701,6-4 7-6(2),3,QF,83,8,1,67,53,41,10,11,3,3,12,0,65,40,31,13,11,1,2
2016-7664,Columbus 2,Hard,32,C,,20161127,26,L949,3,,Henri Laaksonen,R,185,SUI,24.66,139,446,KC51,,,Peter Kobelt,R,201,USA,26.029,425,93,6-4 7-5,3,QF,84,1,4,70,50,34,13,11,4,6,3,1,72,39,24,15,11,3,7
2016-7664,Columbus 2,Hard,32,C,,20161127,27,KE64,4,,Stefan Kozlov,R,183,USA,18.82,145,425,KB14,,,Kevin King,L,191,USA,25.747,1046,9,6-2 7-5,3,QF,81,3,1,56,29,23,15,10,2,4,7,5,55,31,20,8,10,0,5
2016-7664,Columbus 2,Hard,32,C,,20161127,28,SL08,6,,Tennys Sandgren,R,188,USA,25.352,228,235,N771,,,Cameron Norrie,L,188,GBR,21.265,298,166,6-2 6-7(3) 6-3,3,QF,143,9,4,97,56,41,26,15,3,4,8,3,99,64,45,14,14,6,10
2016-7664,Columbus 2,Hard,32,C,,20161127,29,SL08,6,,Tennys Sandgren,R,188,USA,25.352,228,235,L949,3,,Henri Laaksonen,R,185,SUI,24.66,139,446,6-2 5-7 6-4,3,SF,139,10,0,111,66,43,22,15,5,8,4,4,104,72,45,13,15,7,12
2016-7664,Columbus 2,Hard,32,C,,20161127,30,KE64,4,,Stefan Kozlov,R,183,USA,18.82,145,425,BH22,8,,Sam Barry,R,191,IRL,24.835,288,174,7-5 7-6(6),3,SF,110,8,7,90,55,41,14,12,7,9,7,2,75,57,39,7,12,1,4
2016-7664,Columbus 2,Hard,32,C,,20161127,31,KE64,4,,Stefan Kozlov,R,183,USA,18.82,145,425,SL08,6,,Tennys Sandgren,R,188,USA,25.352,228,235,6-1 2-6 6-2,3,F,94,1,4,71,41,29,16,12,4,6,7,1,65,41,25,11,11,2,6
