tourney_id,tourney_name,surface,draw_size,tourney_level,indoor,tourney_date,match_num,winner_id,winner_seed,winner_entry,winner_name,winner_hand,winner_ht,winner_ioc,winner_age,winner_rank,winner_rank_points,loser_id,loser_seed,loser_entry,loser_name,loser_hand,loser_ht,loser_ioc,loser_age,loser_rank,loser_rank_points,score,best_of,round,minutes,w_ace,w_df,w_svpt,w_1stIn,w_1stWon,w_2ndWon,w_SvGms,w_bpSaved,w_bpFaced,l_ace,l_df,l_svpt,l_1stIn,l_1stWon,l_2ndWon,l_SvGms,l_bpSaved,l_bpFaced
2018-2205,Noumea,Hard,32,C,,20180106,1,P09O,,,Zsombor Piros,R,180,HUN,18.234,631,41,B747,1,,Julien Benneteau,R,185,FRA,36.047,56,855,3-6 7-5 6-1,3,R32,115,5,4,85,46,27,19,14,5,10,4,4,79,49,34,7,14,6,13
2018-2205,Noumea,Hard,32,C,,20180106,2,FB98,2,,Taylor Fritz,R,196,USA,20.192,104,556,DB59,,,Dennis Novak,R,183,AUT,24.359,225,232,6-3 6-4,3,R32,76,7,1,53,31,26,14,10,1,2,4,5,74,42,28,14,9,7,10
2018-2205,Noumea,Hard,32,C,,20180106,3,N771,3,,Cameron Norrie,L,188,GBR,22.374,114,521,N679,,,Stefano Napolitano,R,196,ITA,22.741,211,243,7-5 4-6 7-6(5),3,R32,160,6,5,108,77,57,8,17,4,8,8,2,129,80,53,23,17,9,13
2018-2205,Noumea,Hard,32,C,,20180106,4,RH16,4,,Casper Ruud,R,183,NOR,19.042,139,399,CE25,,,Salvatore Caruso,R,185,ITA,25.06,204,254,6-4 7-5,3,R32,106,7,8,77,55,37,7,11,5,8,1,1,69,36,21,18,11,4,9
2018-2205,Noumea,Hard,32,C,,20180106,5,MW02,5,,Corentin Moutet,L,180,FRA,18.719,155,352,KE64,,,Stefan Kozlov,R,183,USA,19.929,167,328,7-6(4) 3-6 6-2,3,R32,162,1,9,98,51,37,21,15,4,9,1,4,110,67,37,21,14,10,15
2018-2205,Noumea,Hard,32,C,,20180106,6,SJ22,6,,Gleb Sakharov,R,185,FRA,29.574,162,339,GB53,,,Federico Gaio,R,178,ITA,25.84,254,203,6-4 6-7(5) 6-4,3,R32,143,9,3,90,50,41,19,16,2,5,7,3,93,60,43,14,16,4,9
2018-2205,Noumea,Hard,32,C,,20180106,7,D750,7,,Kenny De Schepper,L,203,FRA,30.609,158,347,MU94,,,Jaume Munar,R,183,ESP,20.674,184,275,6-1 2-6 6-4,3,R32,112,7,2,74,52,38,10,13,3,6,5,5,76,36,29,16,12,6,10
2018-2205,Noumea,Hard,32,C,,20180106,8,PC68,,,Tim Puetz,R,185,GER,30.133,337,136,BK19,8,,Mathias Bourgue,R,188,FRA,23.967,160,344,6-4 1-6 6-4,3,R32,112,7,5,85,49,32,17,13,4,8,8,0,74,54,35,12,14,0,4
2018-2205,Noumea,Hard,32,C,,20180106,9,BU54,,,Geoffrey Blancaneaux,R,180,FRA,19.414,302,164,DB12,,,Julien Delaplane,R,178,FRA,22.883,,,6-4 6-3,3,R32,80,2,7,50,33,25,5,9,0,3,5,8,62,32,18,10,10,2,8
2018-2205,Noumea,Hard,32,C,,20180106,10,CO06,,,Liam Caruana,R,178,ITA,19.956,430,87,KC12,,,Mitchell Krueger,R,188,USA,23.984,191,266,6-3 6-4,3,R32,74,11,0,59,37,31,11,10,0,0,3,0,54,31,19,16,9,3,5
2018-2205,Noumea,Hard,32,C,,20180106,11,G892,,,Alejandro Gonzalez,R,191,COL,28.912,372,114,N674,,,Dennis Novikov,R,193,USA,24.167,231,224,6-7(4) 6-3 6-4,3,R32,135,2,3,111,82,56,12,16,9,12,12,7,88,46,35,19,15,3,8
2018-2205,Noumea,Hard,32,C,,20180106,12,HB71,,,Hubert Hurkacz,R,196,POL,20.901,238,220,KA98,,,Bradley Klahn,L,183,USA,27.381,214,242,6-2 3-6 7-6(2),3,R32,109,4,4,84,62,49,13,14,1,2,8,5,86,62,47,12,15,1,3
2018-2205,Noumea,Hard,32,C,,20180106,13,KB14,,,Kevin King,L,191,USA,26.856,215,240,SF89,,,Rubin Statham,R,180,NZL,30.702,292,170,6-4 6-3,3,R32,61,10,0,47,31,28,12,10,0,0,2,2,50,32,21,11,9,0,2
2018-2205,Noumea,Hard,32,C,,20180106,14,ME31,,,Vincent Millot,L,173,FRA,31.934,188,269,PG91,,,Loic Perret,R,188,SUI,23.581,1308,4,6-1 6-1,3,R32,53,3,1,45,33,23,9,7,0,0,3,3,40,23,12,4,7,5,10
2018-2205,Noumea,Hard,32,C,,20180106,15,R612,,,Stephane Robert,R,185,FRA,37.64,217,237,HB05,,,Christian Harrison,R,180,USA,23.608,247,209,6-2 6-7(4) 6-1,3,R32,123,8,3,84,50,37,18,13,6,8,10,2,104,58,37,17,14,8,15
2018-2205,Noumea,Hard,32,C,,20180106,16,RC96,,,Noah Rubin,R,175,USA,21.875,201,256,J620,,,Maxime Janvier,R,196,FRA,21.218,387,108,6-2 6-4,3,R32,78,1,1,54,37,26,10,9,2,3,1,1,63,37,23,11,9,3,7
2018-2205,Noumea,Hard,32,C,,20180106,17,FB98,2,,Taylor Fritz,R,196,USA,20.192,104,556,KB14,,,Kevin King,L,191,USA,26.856,215,240,7-6(4) 5-7 6-4,3,R16,139,13,5,106,70,55,22,17,1,2,18,6,111,77,62,18,17,8,9
2018-2205,Noumea,Hard,32,C,,20180106,18,N771,3,,Cameron Norrie,L,188,GBR,22.374,114,521,ME31,,,Vincent Millot,L,173,FRA,31.934,188,269,5-7 6-2 6-0,3,R16,109,8,2,83,47,31,21,13,7,10,3,3,75,40,26,12,13,2,9
2018-2205,Noumea,Hard,32,C,,20180106,19,RH16,4,,Casper Ruud,R,183,NOR,19.042,139,399,BU54,,,Geoffrey Blancaneaux,R,180,FRA,19.414,302,164,6-2 6-3,3,R16,87,5,1,49,31,25,11,8,3,3,5,5,65,35,20,14,9,6,10
2018-2205,Noumea,Hard,32,C,,20180106,20,MW02,5,,Corentin Moutet,L,180,FRA,18.719,155,352,CO06,,,Liam Caruana,R,178,ITA,19.956,430,87,6-4 6-2,3,R16,78,6,3,48,31,28,10,9,0,0,1,2,65,38,25,14,9,8,11
2018-2205,Noumea,Hard,32,C,,20180106,21,SJ22,6,,Gleb Sakharov,R,185,FRA,29.574,162,339,R612,,,Stephane Robert,R,185,FRA,37.64,217,237,6-1 6-4,3,R16,75,9,2,57,32,23,17,9,3,3,6,4,56,24,17,12,8,7,10
2018-2205,Noumea,Hard,32,C,,20180106,22,D750,7,,Kenny De Schepper,L,203,FRA,30.609,158,347,G892,,,Alejandro Gonzalez,R,191,COL,28.912,372,114,6-1 6-2,3,R16,76,2,0,43,30,23,8,7,3,3,0,2,53,37,17,7,8,2,7
2018-2205,Noumea,Hard,32,C,,20180106,23,PC68,,,Tim Puetz,R,185,GER,30.133,337,136,HB71,,,Hubert Hurkacz,R,196,POL,20.901,238,220,7-5 6-1,3,R16,73,5,0,49,30,19,13,9,3,5,2,7,58,34,18,9,10,1,7
2018-2205,Noumea,Hard,32,C,,20180106,24,RC96,,,Noah Rubin,R,175,USA,21.875,201,256,P09O,,,Zsombor Piros,R,180,HUN,18.234,631,41,6-4 6-3,3,R16,81,3,1,56,31,20,15,9,4,6,5,3,67,35,20,13,10,6,11
2018-2205,Noumea,Hard,32,C,,20180106,25,FB98,2,,Taylor Fritz,R,196,USA,20.192,104,556,PC68,,,Tim Puetz,R,185,GER,30.133,337,136,6-3 3-6 6-2,3,QF,101,7,4,68,36,30,20,13,0,1,5,2,77,39,28,22,13,4,7
2018-2205,Noumea,Hard,32,C,,20180106,26,D750,7,,Kenny De Schepper,L,203,FRA,30.609,158,347,N771,3,,Cameron Norrie,L,188,GBR,22.374,114,521,6-4 6-4,3,QF,81,4,2,52,41,35,6,10,1,1,1,1,79,57,32,13,10,11,13
2018-2205,Noumea,Hard,32,C,,20180106,27,SJ22,6,,Gleb Sakharov,R,185,FRA,29.574,162,339,RH16,4,,Casper Ruud,R,183,NOR,19.042,139,399,7-6(5) 6-4,3,QF,117,8,4,81,54,40,12,11,9,11,2,1,65,38,25,18,11,1,4
2018-2205,Noumea,Hard,32,C,,20180106,28,RC96,,,Noah Rubin,R,175,USA,21.875,201,256,MW02,5,,Corentin Moutet,L,180,FRA,18.719,155,352,5-7 6-4 6-2,3,QF,136,5,3,94,62,43,17,15,11,14,10,3,88,46,30,22,15,7,12
2018-2205,Noumea,Hard,32,C,,20180106,29,FB98,2,,Taylor Fritz,R,196,USA,20.192,104,556,D750,7,,Kenny De Schepper,L,203,FRA,30.609,158,347,6-3 6-7(5) 7-6(2),3,SF,144,7,3,107,73,54,19,17,4,7,9,3,119,90,59,16,16,10,14
2018-2205,Noumea,Hard,32,C,,20180106,30,RC96,,,Noah Rubin,R,175,USA,21.875,201,256,SJ22,6,,Gleb Sakharov,R,185,FRA,29.574,162,339,7-5 6-3,3,SF,115,9,3,68,45,33,15,11,5,6,3,2,80,51,35,8,10,9,12
2018-2205,Noumea,Hard,32,C,,20180106,31,RC96,,,Noah Rubin,R,175,USA,21.875,201,256,FB98,2,,Taylor Fritz,R,196,USA,20.192,104,556,7-5 6-4,3,F,96,3,2,79,46,32,18,11,7,8,4,4,65,33,26,14,11,1,4
2018-5047,Bangkok,Hard,32,C,,20180107,1,MH16,1,,Yannick Maden,R,185,GER,28.194,147,380,PG20,,,Dmitry Popko,R,191,KAZ,21.205,224,233,6-4 6-4,3,R32,97,1,2,70,37,24,20,10,4,5,2,0,62,35,22,15,10,5,8
2018-5047,Bangkok,Hard,32,C,,20180107,2,MJ71,,,Mats Moraing,L,198,GER,25.55,274,187,SC47,2,,Go Soeda,R,178,JPN,33.339,150,365,6-1 6-1,3,R32,50,7,2,42,30,27,4,7,2,2,0,3,41,19,11,4,7,1,6
2018-5047,Bangkok,Hard,32,C,,20180107,3,RA51,,,Blaz Rola,L,193,SLO,27.258,206,248,I230,3,,Tatsuma Ito,R,180,JPN,29.64,153,361,7-6(2) 7-6(1),3,R32,123,6,3,88,58,39,14,12,9,13,0,8,81,47,30,15,12,3,7
2018-5047,Bangkok,Hard,32,C,,20180107,4,KI95,,,Miomir Kecmanovic,R,183,SRB,18.355,207,246,MM66,4,,Nikola Milojevic,R,188,SRB,22.554,157,347,6-3 RET,3,R32,46,2,2,25,11,8,6,4,2,3,2,3,34,17,8,9,5,3,6
2018-5047,Bangkok,Hard,32,C,,20180107,5,J380,,,Jason Jung,R,180,TPE,28.564,239,219,Z254,5,,Jurgen Zopp,R,191,EST,29.777,163,338,6-1 6-2,3,R32,53,3,3,48,28,22,11,8,0,0,4,6,49,31,18,6,7,4,8
2018-5047,Bangkok,Hard,32,C,,20180107,6,G710,6,,Marcel Granollers,R,191,ESP,31.74,177,298,RG97,,,Vorachon Rakpuangchon,,,THA,18.76,,,6-2 6-1,3,R32,48,1,0,32,23,20,8,7,0,0,4,4,54,31,17,7,8,3,8
2018-5047,Bangkok,Hard,32,C,,20180107,7,Z272,7,,Ze Zhang,R,188,CHN,27.513,192,266,TB70,,,Wishaya Trongcharoenchaikul,R,,THA,22.752,490,72,6-3 6-4,3,R32,74,2,2,70,47,35,12,10,4,5,3,2,61,39,25,10,9,2,5
2018-5047,Bangkok,Hard,32,C,,20180107,8,O482,8,,Gonzalo Oliveira,L,185,VEN,22.888,194,265,V495,,,Luca Vanni,R,198,ITA,32.594,236,220,4-6 6-2 6-1,3,R32,109,4,3,77,42,30,20,12,2,3,7,4,71,38,26,13,13,5,10
2018-5047,Bangkok,Hard,32,C,,20180107,9,A622,,,Andrea Arnaboldi,L,180,ITA,30.031,234,222,TA29,,,Marco Trungelliti,R,178,ARG,27.934,219,235,7-6(4) 6-4,3,R32,98,3,3,73,43,32,15,11,2,4,4,4,78,41,26,18,11,4,7
2018-5047,Bangkok,Hard,32,C,,20180107,10,C723,,,Flavio Cipolla,R,173,ITA,34.218,1199,5,PE02,,,Danilo Petrovic,R,203,SRB,25.955,253,204,3-6 6-3 6-3,3,R32,113,3,4,84,60,40,15,13,3,6,8,10,98,66,43,10,14,6,11
2018-5047,Bangkok,Hard,32,C,,20180107,11,KD87,,,Evgeny Karlovskiy,R,191,RUS,23.42,326,144,KH65,,,Patcharapol Kawin,,,THA,20.63,1905,1,6-1 6-1,3,R32,52,6,2,43,27,22,9,7,1,1,1,6,45,18,12,7,7,3,8
2018-5047,Bangkok,Hard,32,C,,20180107,12,KH56,,,Zdenek Kolar,R,183,CZE,21.246,222,234,I326,,,Pruchya Isaro,R,175,THA,22.229,785,22,6-1 2-6 6-1,3,R32,91,7,7,64,31,24,18,11,1,3,5,7,77,43,32,9,11,5,10
2018-5047,Bangkok,Hard,32,C,,20180107,13,LE01,,,Duckhee Lee,R,170,KOR,19.611,195,261,T982,,,Tsung-Hua Yang,R,178,TPE,26.779,265,194,7-5 6-4,3,R32,103,2,4,61,32,29,16,11,2,3,7,7,85,42,34,14,11,9,12
2018-5047,Bangkok,Hard,32,C,,20180107,14,N503,,,Aleksandr Nedovyesov,R,188,KAZ,30.894,260,197,TF58,,,Yusuke Takahashi,R,170,JPN,20.225,282,180,6-4 6-4,3,R32,80,4,2,56,36,26,8,10,3,6,1,7,61,31,21,9,10,3,8
2018-5047,Bangkok,Hard,32,C,,20180107,15,SK47,,,Mohamed Safwat,R,180,EGY,27.302,210,244,KE73,,,Dominik Koepfer,L,180,GER,23.693,306,162,7-5 0-6 7-6(5),3,R32,150,1,3,110,74,48,17,15,10,16,6,7,105,58,34,28,15,3,7
2018-5047,Bangkok,Hard,32,C,,20180107,16,W571,,,Di Wu,R,173,CHN,26.316,244,214,L733,,,Zhe Li,R,183,CHN,31.299,270,189,6-3 6-2,3,R32,64,2,4,49,19,17,18,9,2,3,2,2,48,32,20,4,8,4,8
2018-5047,Bangkok,Hard,32,C,,20180107,17,LE01,,,Duckhee Lee,R,170,KOR,19.611,195,261,MH16,1,,Yannick Maden,R,185,GER,28.194,147,380,W/O,3,R16,,,,,,,,,,,,,,,,,,,
2018-5047,Bangkok,Hard,32,C,,20180107,18,G710,6,,Marcel Granollers,R,191,ESP,31.74,177,298,C723,,,Flavio Cipolla,R,173,ITA,34.218,1199,5,6-3 6-0,3,R16,70,4,1,52,33,25,11,8,2,2,0,3,46,27,14,8,7,1,5
2018-5047,Bangkok,Hard,32,C,,20180107,19,Z272,7,,Ze Zhang,R,188,CHN,27.513,192,266,SK47,,,Mohamed Safwat,R,180,EGY,27.302,210,244,6-0 6-1,3,R16,53,4,5,49,29,23,12,7,6,6,2,4,47,33,16,2,6,4,9
2018-5047,Bangkok,Hard,32,C,,20180107,20,N503,,,Aleksandr Nedovyesov,R,188,KAZ,30.894,260,197,O482,8,,Gonzalo Oliveira,L,185,VEN,22.888,194,265,6-4 6-3,3,R16,82,5,3,55,41,33,6,9,6,6,1,4,77,49,30,14,10,6,9
2018-5047,Bangkok,Hard,32,C,,20180107,21,KD87,,,Evgeny Karlovskiy,R,191,RUS,23.42,326,144,J380,,,Jason Jung,R,180,TPE,28.564,239,219,6-4 6-4,3,R16,85,4,2,63,43,30,11,10,1,2,2,3,63,37,21,16,10,7,10
2018-5047,Bangkok,Hard,32,C,,20180107,22,KH56,,,Zdenek Kolar,R,183,CZE,21.246,222,234,KI95,,,Miomir Kecmanovic,R,183,SRB,18.355,207,246,1-6 6-4 6-1,3,R16,95,9,5,87,46,33,18,12,4,7,4,0,73,47,35,8,12,4,8
2018-5047,Bangkok,Hard,32,C,,20180107,23,MJ71,,,Mats Moraing,L,198,GER,25.55,274,187,W571,,,Di Wu,R,173,CHN,26.316,244,214,6-2 6-2,3,R16,48,12,2,43,27,25,9,8,0,0,0,6,52,31,18,7,8,7,11
2018-5047,Bangkok,Hard,32,C,,20180107,24,RA51,,,Blaz Rola,L,193,SLO,27.258,206,248,A622,,,Andrea Arnaboldi,L,180,ITA,30.031,234,222,6-4 6-3,3,R16,78,7,0,44,30,27,10,9,0,0,4,2,75,42,30,12,10,7,10
2018-5047,Bangkok,Hard,32,C,,20180107,25,G710,6,,Marcel Granollers,R,191,ESP,31.74,177,298,LE01,,,Duckhee Lee,R,170,KOR,19.611,195,261,6-2 6-4,3,QF,88,6,1,59,39,28,13,9,2,2,2,0,62,43,26,10,9,7,10
2018-5047,Bangkok,Hard,32,C,,20180107,26,MJ71,,,Mats Moraing,L,198,GER,25.55,274,187,Z272,7,,Ze Zhang,R,188,CHN,27.513,192,266,W/O,3,QF,,,,,,,,,,,,,,,,,,,
2018-5047,Bangkok,Hard,32,C,,20180107,27,N503,,,Aleksandr Nedovyesov,R,188,KAZ,30.894,260,197,KH56,,,Zdenek Kolar,R,183,CZE,21.246,222,234,7-5 3-6 7-6(2),3,QF,132,6,6,105,72,43,17,17,4,10,3,6,94,50,34,23,16,4,9
2018-5047,Bangkok,Hard,32,C,,20180107,28,RA51,,,Blaz Rola,L,193,SLO,27.258,206,248,KD87,,,Evgeny Karlovskiy,R,191,RUS,23.42,326,144,7-6(10) 6-4,3,QF,118,3,1,74,50,40,9,11,2,4,4,4,86,65,40,9,11,10,13
2018-5047,Bangkok,Hard,32,C,,20180107,29,G710,6,,Marcel Granollers,R,191,ESP,31.74,177,298,RA51,,,Blaz Rola,L,193,SLO,27.258,206,248,6-2 6-3,3,SF,98,1,0,47,30,22,10,8,0,1,3,3,67,44,26,6,9,8,13
2018-5047,Bangkok,Hard,32,C,,20180107,30,MJ71,,,Mats Moraing,L,198,GER,25.55,274,187,N503,,,Aleksandr Nedovyesov,R,188,KAZ,30.894,260,197,7-6(4) 6-3,3,SF,90,9,3,72,39,33,17,11,5,6,2,4,71,47,34,9,10,3,5
2018-5047,Bangkok,Hard,32,C,,20180107,31,G710,6,,Marcel Granollers,R,191,ESP,31.74,177,298,MJ71,,,Mats Moraing,L,198,GER,25.55,274,187,4-6 6-3 7-5,3,F,154,5,2,96,76,57,11,16,4,6,6,5,122,72,51,21,15,10,13
2018-7841,Playford,Hard,32,C,,20180107,1,ME05,,,Marinko Matosevic,R,193,AUS,32.416,379,111,MM58,1,,Daniil Medvedev,R,198,RUS,21.906,65,772,5-7 6-4 6-4,3,R32,140,2,3,101,71,49,20,16,8,10,5,5,104,60,45,21,16,6,9
2018-7841,Playford,Hard,32,C,,20180107,2,PG94,,,Marc Polmans,R,188,AUS,20.684,323,149,F811,2,,Bjorn Fratangelo,R,183,USA,24.471,110,542,6-3 5-7 6-4,3,R32,131,8,5,100,59,42,21,16,6,10,9,1,85,51,34,17,15,3,8
2018-7841,Playford,Hard,32,C,,20180107,3,BH87,,,Maverick Banes,R,,AUS,25.744,301,164,L949,3,,Henri Laaksonen,R,185,SUI,25.771,121,488,6-3 6-3,3,R32,79,1,3,64,46,33,8,9,6,7,4,3,63,43,26,8,9,5,9
2018-7841,Playford,Hard,32,C,,20180107,4,PL56,,,Tommy Paul,R,185,USA,20.643,152,361,SC77,4,,Sergiy Stakhovsky,R,193,UKR,32.003,122,484,3-6 7-5 7-5,3,R32,147,4,5,95,52,37,25,16,1,3,8,2,127,70,51,27,17,7,10
2018-7841,Playford,Hard,32,C,,20180107,5,O449,5,,Oscar Otte,R,193,GER,24.479,131,435,KC86,,,Darian King,R,188,BAR,25.7,173,301,6-4 6-4,3,R32,88,5,6,77,55,31,6,10,6,11,0,1,65,45,24,4,10,7,14
2018-7841,Playford,Hard,32,C,,20180107,6,GB93,6,,Norbert Gombos,R,193,SVK,27.403,132,423,SU87,,,Lorenzo Sonego,R,191,ITA,22.661,212,243,6-4 4-6 7-6(4),3,R32,135,1,3,97,65,42,20,16,4,8,9,1,106,78,50,15,16,7,11
2018-7841,Playford,Hard,32,C,,20180107,7,O522,,,Reilly Opelka,R,211,USA,20.361,229,228,BE90,7,,Ricardas Berankis,R,175,LTU,27.548,136,407,6-7(7) 7-6(6) 7-5,3,R32,149,25,3,113,67,58,28,18,2,2,6,4,115,79,61,24,18,5,6
2018-7841,Playford,Hard,32,C,,20180107,8,I236,8,,Uladzimir Ignatik,R,183,BLR,27.485,145,385,MK66,,,Mackenzie McDonald,R,178,USA,22.73,176,299,6-4 6-4,3,R32,91,11,5,79,49,39,13,10,5,5,4,2,64,41,27,12,10,3,5
2018-7841,Playford,Hard,32,C,,20180107,9,BI81,,,Alex Bolt,L,183,AUS,25.005,189,269,D981,,,Arthur De Greef,R,183,BEL,25.782,178,294,6-3 6-4,3,R32,62,6,3,62,28,24,16,10,4,5,2,1,54,36,25,7,9,3,6
2018-7841,Playford,Hard,32,C,,20180107,10,GF95,,,Hugo Grenier,R,196,FRA,21.793,412,94,U134,,,Yasutaka Uchiyama,R,183,JPN,25.424,221,234,6-4 3-6 6-3,3,R32,121,6,2,73,53,38,12,14,1,3,3,0,99,69,43,17,14,11,14
2018-7841,Playford,Hard,32,C,,20180107,11,J553,,,Omar Jasika,L,183,AUS,20.641,277,185,PH71,,,Max Purcell,R,185,AUS,19.765,278,185,6-4 6-7(8) 6-2,3,R32,103,11,3,95,65,44,19,15,5,6,2,3,84,57,39,13,15,2,6
2018-7841,Playford,Hard,32,C,,20180107,12,K839,,,Tobias Kamke,R,178,GER,31.633,233,222,A887,,,Guido Andreozzi,R,183,ARG,26.426,193,265,6-4 6-4,3,R32,97,0,3,66,39,23,14,10,3,6,2,4,70,51,31,7,10,6,11
2018-7841,Playford,Hard,32,C,,20180107,13,KB37,,,Evan King,L,185,USA,25.788,213,242,P09Z,,,Alexei Popyrin,R,196,AUS,18.426,621,43,6-4 6-1,3,R32,64,4,1,45,31,26,9,8,4,4,2,3,60,40,24,8,9,1,5
2018-7841,Playford,Hard,32,C,,20180107,14,KB95,,,Jason Kubler,R,178,AUS,24.638,341,134,W630,,,Andrew Whittington,R,188,AUS,24.408,226,231,7-6(5) 6-3,3,R32,90,1,6,63,44,36,11,11,2,3,11,4,61,36,28,12,10,1,3
2018-7841,Playford,Hard,32,C,,20180107,15,MQ75,,,Kamil Majchrzak,R,183,POL,21.985,197,260,KD70,,,Pedja Krstin,R,183,SRB,23.346,216,240,4-6 7-6(1) 7-5,3,R32,163,8,6,103,59,39,21,17,1,7,6,9,120,64,43,22,17,7,13
2018-7841,Playford,Hard,32,C,,20180107,16,SP24,,,Brayden Schnur,R,193,CAN,22.513,220,235,N732,,,Yoshihito Nishioka,L,170,JPN,22.281,166,330,6-4 6-3,3,R32,86,8,0,64,39,29,12,9,3,4,0,3,63,45,27,7,10,2,6
2018-7841,Playford,Hard,32,C,,20180107,17,SP24,,,Brayden Schnur,R,193,CAN,22.513,220,235,O449,5,,Oscar Otte,R,193,GER,24.479,131,435,6-2 3-6 6-2,3,R16,112,5,4,83,58,40,13,12,6,7,7,10,101,66,47,10,13,2,6
2018-7841,Playford,Hard,32,C,,20180107,18,GB93,6,,Norbert Gombos,R,193,SVK,27.403,132,423,GF95,,,Hugo Grenier,R,196,FRA,21.793,412,94,6-4 4-6 6-1,3,R16,134,2,3,89,54,36,17,14,2,6,9,4,114,79,45,14,13,13,19
2018-7841,Playford,Hard,32,C,,20180107,19,KB95,,,Jason Kubler,R,178,AUS,24.638,341,134,I236,8,,Uladzimir Ignatik,R,183,BLR,27.485,145,385,6-4 6-4,3,R16,92,8,4,57,38,31,9,10,1,2,9,2,66,39,26,12,10,1,4
2018-7841,Playford,Hard,32,C,,20180107,20,BI81,,,Alex Bolt,L,183,AUS,25.005,189,269,PG94,,,Marc Polmans,R,188,AUS,20.684,323,149,6-4 6-3,3,R16,77,8,2,59,35,26,12,10,1,3,3,1,68,44,21,11,9,5,9
2018-7841,Playford,Hard,32,C,,20180107,21,J553,,,Omar Jasika,L,183,AUS,20.641,277,185,PL56,,,Tommy Paul,R,185,USA,20.643,152,361,6-3 6-3,3,R16,65,4,0,45,32,26,10,9,0,0,1,2,63,31,23,13,9,6,9
2018-7841,Playford,Hard,32,C,,20180107,22,KB37,,,Evan King,L,185,USA,25.788,213,242,BH87,,,Maverick Banes,R,,AUS,25.744,301,164,6-4 6-7(3) 6-4,3,R16,146,10,1,106,84,63,6,16,4,5,5,4,101,59,41,23,16,3,6
2018-7841,Playford,Hard,32,C,,20180107,23,ME05,,,Marinko Matosevic,R,193,AUS,32.416,379,111,K839,,,Tobias Kamke,R,178,GER,31.633,233,222,6-2 6-0,3,R16,60,1,3,39,21,17,12,7,2,2,1,3,46,22,16,5,7,4,9
2018-7841,Playford,Hard,32,C,,20180107,24,O522,,,Reilly Opelka,R,211,USA,20.361,229,228,MQ75,,,Kamil Majchrzak,R,183,POL,21.985,197,260,7-6(9) 7-6(8),3,R16,104,16,2,76,58,47,9,12,0,2,4,6,99,60,38,23,12,4,6
2018-7841,Playford,Hard,32,C,,20180107,25,KB37,,,Evan King,L,185,USA,25.788,213,242,GB93,6,,Norbert Gombos,R,193,SVK,27.403,132,423,6-4 7-5,3,QF,77,5,1,58,43,34,10,11,0,1,4,4,64,35,23,16,11,4,7
2018-7841,Playford,Hard,32,C,,20180107,26,KB95,,,Jason Kubler,R,178,AUS,24.638,341,134,BI81,,,Alex Bolt,L,183,AUS,25.005,189,269,6-3 6-3,3,QF,61,9,4,48,29,25,12,9,0,0,15,7,57,35,23,11,9,6,9
2018-7841,Playford,Hard,32,C,,20180107,27,O522,,,Reilly Opelka,R,211,USA,20.361,229,228,J553,,,Omar Jasika,L,183,AUS,20.641,277,185,7-6(5) 5-7 6-4,3,QF,130,33,5,110,72,60,19,17,9,10,7,3,101,72,55,16,17,3,4
2018-7841,Playford,Hard,32,C,,20180107,28,SP24,,,Brayden Schnur,R,193,CAN,22.513,220,235,ME05,,,Marinko Matosevic,R,193,AUS,32.416,379,111,6-7(4) 7-5 7-6(3),3,QF,191,12,8,144,91,62,23,18,11,15,7,4,125,73,49,25,18,8,13
2018-7841,Playford,Hard,32,C,,20180107,29,KB95,,,Jason Kubler,R,178,AUS,24.638,341,134,O522,,,Reilly Opelka,R,211,USA,20.361,229,228,7-6(3) 6-3,3,SF,101,6,5,81,52,36,18,11,9,10,13,3,63,33,25,17,10,4,6
2018-7841,Playford,Hard,32,C,,20180107,30,SP24,,,Brayden Schnur,R,193,CAN,22.513,220,235,KB37,,,Evan King,L,185,USA,25.788,213,242,6-3 7-6(3),3,SF,105,10,6,93,64,46,12,11,10,11,5,3,58,41,32,6,10,2,4
2018-7841,Playford,Hard,32,C,,20180107,31,KB95,,,Jason Kubler,R,178,AUS,24.638,341,134,SP24,,,Brayden Schnur,R,193,CAN,22.513,220,235,6-4 6-2,3,F,65,6,1,48,26,20,12,9,1,3,5,2,52,35,23,3,9,4,9
2018-7880,Bangkok,Hard,32,C,,20180107,1,G710,1,,Marcel Granollers,R,191,ESP,31.74,177,298,W723,,,Pol Wattanakul,R,,THA,22.431,1263,4,6-2 6-0,3,R32,60,3,1,37,27,21,8,7,1,1,4,14,61,27,20,8,7,9,14
2018-7880,Bangkok,Hard,32,C,,20180107,2,LA93,2,,Enrique Lopez Perez,R,180,ESP,26.598,256,201,C813,,,Ti Chen,R,178,TPE,34.264,318,152,6-2 6-3,3,R32,62,10,4,49,29,24,10,8,4,5,1,7,44,15,9,11,9,1,6
2018-7880,Bangkok,Hard,32,C,,20180107,3,MO44,3,,Pedro Martinez,R,185,ESP,20.701,261,197,O327,,,Guillermo Olaso,R,175,ESP,29.788,448,82,6-4 6-4,3,R32,90,6,6,64,35,27,15,10,3,4,6,4,62,34,24,12,10,4,7
2018-7880,Bangkok,Hard,32,C,,20180107,4,N390,,,Frederik Nielsen,R,188,DEN,34.366,611,45,T982,4,,Tsung-Hua Yang,R,178,TPE,26.779,265,194,6-4 6-3,3,R32,78,6,0,73,42,32,13,10,6,8,4,5,55,32,21,8,9,1,5
2018-7880,Bangkok,Hard,32,C,,20180107,5,Z419,,,Bernabe Zapata Miralles,R,183,ESP,20.986,305,163,N561,5,,Ivan Nedelko,R,185,RUS,31.658,273,188,5-7 6-2 7-5,3,R32,144,5,3,98,54,35,20,16,4,10,4,4,106,34,19,34,16,5,13
2018-7880,Bangkok,Hard,32,C,,20180107,6,MJ71,6,,Mats Moraing,L,198,GER,25.55,274,187,KA46,,,Yuya Kibi,R,180,JPN,31.461,686,32,6-2 6-2,3,R32,55,4,2,44,26,25,10,8,1,1,0,4,53,29,15,11,8,3,7
2018-7880,Bangkok,Hard,32,C,,20180107,7,TF58,7,,Yusuke Takahashi,R,170,JPN,20.225,282,180,MP13,,,Mukund Sasikumar,R,185,IND,20.98,428,88,6-2 5-7 6-0,3,R32,125,4,4,85,47,31,17,13,5,10,6,1,93,55,26,14,13,3,12
2018-7880,Bangkok,Hard,32,C,,20180107,8,V490,8,,Matteo Viola,R,185,ITA,30.505,285,178,SP80,,,Nino Serdarusic,R,191,CRO,21.068,303,164,6-3 6-2,3,R32,62,1,2,49,28,19,16,9,2,3,1,3,47,26,15,9,8,2,6
2018-7880,Bangkok,Hard,32,C,,20180107,9,BF98,,,Alessandro Bega,R,170,ITA,26.99,345,134,CM88,,,Congsup Congcar,R,175,THA,21.38,1296,4,7-5 6-4,3,R32,95,1,5,59,28,23,19,11,1,2,2,2,74,45,27,16,11,4,7
2018-7880,Bangkok,Hard,32,C,,20180107,10,C723,,,Flavio Cipolla,R,173,ITA,34.218,1199,5,LC54,,,Benjamin Lock,R,198,ZIM,24.846,464,78,6-4 6-2,3,R32,86,3,3,51,27,20,13,9,0,2,2,4,61,29,15,16,9,6,11
2018-7880,Bangkok,Hard,32,C,,20180107,11,G922,,,Gerard Granollers,R,183,ESP,28.936,392,106,D916,,,Steven Diez,R,175,CAN,26.812,307,161,7-6(8) 6-4,3,R32,115,3,2,71,42,33,11,11,5,9,2,5,83,47,30,15,11,6,11
2018-7880,Bangkok,Hard,32,C,,20180107,12,K771,,,Marsel Ilhan,R,191,TUR,30.576,324,149,T885,,,Kento Takeuchi,L,,JPN,30.053,422,91,6-1 6-2,3,R32,63,2,1,45,29,24,8,8,0,1,2,1,56,36,20,4,7,10,15
2018-7880,Bangkok,Hard,32,C,,20180107,13,I326,,,Pruchya Isaro,R,175,THA,22.229,785,22,C0DS,,,Thanapet Chanta,R,168,THA,18.33,,,6-0 6-2,3,R32,70,3,3,47,21,17,16,7,4,4,1,5,51,30,16,7,7,3,8
2018-7880,Bangkok,Hard,32,C,,20180107,14,KD87,,,Evgeny Karlovskiy,R,191,RUS,23.42,326,144,KE73,,,Dominik Koepfer,L,180,GER,23.693,306,162,6-2 7-5,3,R32,97,8,5,67,38,28,14,10,7,9,7,9,77,46,27,12,10,9,14
2018-7880,Bangkok,Hard,32,C,,20180107,15,RH24,,,Emil Ruusuvuori,R,188,FIN,18.768,671,34,MG08,,,Yannick Mertens,R,185,BEL,30.538,308,161,6-4 3-6 7-5,3,R32,95,4,4,99,64,41,20,16,9,13,1,4,77,51,30,18,15,2,6
2018-7880,Bangkok,Hard,32,C,,20180107,16,TB70,,,Wishaya Trongcharoenchaikul,R,,THA,22.752,490,72,RB86,,,Sidharth Rawat,R,175,IND,24.715,542,58,7-6(3) 6-3,3,R32,81,8,4,66,38,34,16,11,1,1,2,1,71,48,34,12,10,3,4
2018-7880,Bangkok,Hard,32,C,,20180107,17,G710,1,,Marcel Granollers,R,191,ESP,31.74,177,298,C723,,,Flavio Cipolla,R,173,ITA,34.218,1199,5,6-3 6-1,3,R16,79,3,2,51,37,25,8,8,5,6,0,1,58,42,20,8,8,4,9
2018-7880,Bangkok,Hard,32,C,,20180107,18,LA93,2,,Enrique Lopez Perez,R,180,ESP,26.598,256,201,BF98,,,Alessandro Bega,R,170,ITA,26.99,345,134,6-3 6-4,3,R16,63,9,3,64,36,24,14,10,4,7,2,2,45,25,15,7,9,2,7
2018-7880,Bangkok,Hard,32,C,,20180107,19,MO44,3,,Pedro Martinez,R,185,ESP,20.701,261,197,G922,,,Gerard Granollers,R,183,ESP,28.936,392,106,3-6 6-4 7-5,3,R16,138,1,3,99,61,40,19,16,5,11,0,1,89,54,32,17,15,4,10
2018-7880,Bangkok,Hard,32,C,,20180107,20,MJ71,6,,Mats Moraing,L,198,GER,25.55,274,187,I326,,,Pruchya Isaro,R,175,THA,22.229,785,22,6-2 6-3,3,R16,64,9,1,42,23,21,12,8,2,2,2,3,68,42,22,12,9,8,12
2018-7880,Bangkok,Hard,32,C,,20180107,21,TF58,7,,Yusuke Takahashi,R,170,JPN,20.225,282,180,RH24,,,Emil Ruusuvuori,R,188,FIN,18.768,671,34,3-6 6-3 6-3,3,R16,108,2,3,74,43,30,10,14,2,8,0,11,102,68,40,9,13,8,15
2018-7880,Bangkok,Hard,32,C,,20180107,22,V490,8,,Matteo Viola,R,185,ITA,30.505,285,178,TB70,,,Wishaya Trongcharoenchaikul,R,,THA,22.752,490,72,6-4 7-6(6),3,R16,89,1,3,72,43,28,16,11,5,8,7,4,74,43,27,12,11,2,6
2018-7880,Bangkok,Hard,32,C,,20180107,23,KD87,,,Evgeny Karlovskiy,R,191,RUS,23.42,326,144,N390,,,Frederik Nielsen,R,188,DEN,34.366,611,45,6-4 6-2,3,R16,75,8,2,59,38,30,10,9,5,6,0,3,59,36,20,11,9,3,7
2018-7880,Bangkok,Hard,32,C,,20180107,24,Z419,,,Bernabe Zapata Miralles,R,183,ESP,20.986,305,163,K771,,,Marsel Ilhan,R,191,TUR,30.576,324,149,6-3 6-3,3,R16,65,1,0,61,42,29,12,9,3,3,6,1,58,33,20,15,9,2,5
2018-7880,Bangkok,Hard,32,C,,20180107,25,G710,1,,Marcel Granollers,R,191,ESP,31.74,177,298,TF58,7,,Yusuke Takahashi,R,170,JPN,20.225,282,180,6-4 6-1,3,QF,100,2,0,48,33,24,11,8,1,1,1,2,86,51,26,18,9,6,10
2018-7880,Bangkok,Hard,32,C,,20180107,26,LA93,2,,Enrique Lopez Perez,R,180,ESP,26.598,256,201,V490,8,,Matteo Viola,R,185,ITA,30.505,285,178,7-5 7-6(4),3,QF,98,7,7,90,58,36,14,12,3,7,0,5,73,40,26,14,12,2,7
2018-7880,Bangkok,Hard,32,C,,20180107,27,MJ71,6,,Mats Moraing,L,198,GER,25.55,274,187,MO44,3,,Pedro Martinez,R,185,ESP,20.701,261,197,6-0 7-5,3,QF,71,14,3,48,28,26,10,9,2,3,1,4,64,36,17,13,9,6,11
2018-7880,Bangkok,Hard,32,C,,20180107,28,Z419,,,Bernabe Zapata Miralles,R,183,ESP,20.986,305,163,KD87,,,Evgeny Karlovskiy,R,191,RUS,23.42,326,144,6-3 6-2,3,QF,65,2,4,63,41,27,10,9,5,7,3,0,56,36,18,9,8,5,10
2018-7880,Bangkok,Hard,32,C,,20180107,29,G710,1,,Marcel Granollers,R,191,ESP,31.74,177,298,Z419,,,Bernabe Zapata Miralles,R,183,ESP,20.986,305,163,6-3 6-0,3,SF,54,5,1,41,33,25,4,7,1,2,0,1,48,33,13,4,8,4,10
2018-7880,Bangkok,Hard,32,C,,20180107,30,LA93,2,,Enrique Lopez Perez,R,180,ESP,26.598,256,201,MJ71,6,,Mats Moraing,L,198,GER,25.55,274,187,6-7(3) 6-1 7-6(6),3,SF,111,6,5,95,58,46,24,16,1,2,11,4,93,59,46,17,15,2,5
2018-7880,Bangkok,Hard,32,C,,20180107,31,G710,1,,Marcel Granollers,R,191,ESP,31.74,177,298,LA93,2,,Enrique Lopez Perez,R,180,ESP,26.598,256,201,4-6 6-2 6-0,3,F,129,12,5,83,55,39,14,12,3,5,2,6,90,48,30,17,12,14,20
2018-7393,Canberra,Hard,32,C,,20180113,1,GF95,,,Hugo Grenier,R,196,FRA,21.81,395,104,SC56,1,,Dudi Sela,R,175,ISR,32.778,78,665,7-6(6) 6-1,3,R32,78,4,5,65,41,31,12,10,2,4,0,2,60,40,24,9,9,2,6
2018-7393,Canberra,Hard,32,C,,20180113,2,MB02,2,,Florian Mayer,R,191,GER,34.275,69,718,WB08,,,Yosuke Watanuki,R,180,JPN,19.756,357,124,5-7 6-1 6-4,3,R32,103,4,2,92,52,31,26,15,0,3,7,8,83,45,33,15,14,1,6
2018-7393,Canberra,Hard,32,C,,20180113,3,G476,3,,Guillermo Garcia-Lopez,R,185,ESP,34.612,70,714,BH02,,,Sekou Bangoura,R,183,USA,26.155,444,83,6-3 6-4,3,R32,69,4,3,59,38,32,13,10,2,2,2,2,55,39,24,9,9,3,5
2018-7393,Canberra,Hard,32,C,,20180113,4,BU34,,,Jeremy Beale,L,193,AUS,23.277,787,22,K926,4,,Mikhail Kukushkin,R,183,KAZ,30.051,68,730,7-6(2) RET,3,R32,52,5,4,51,35,28,8,6,5,5,0,2,43,32,20,8,6,1,1
2018-7393,Canberra,Hard,32,C,,20180113,5,E224,5,,Victor Estrella Burgos,R,170,DOM,37.448,81,648,SM09,,,Luke Saville,R,188,AUS,24.03,568,52,6-3 6-3,3,R32,79,1,4,54,31,22,13,9,1,3,3,4,56,27,16,12,9,6,11
2018-7393,Canberra,Hard,32,C,,20180113,6,F724,6,,Marton Fucsovics,R,188,HUN,25.93,85,635,J267,,,Malek Jaziri,R,185,TUN,33.982,97,580,6-2 5-1 RET,3,R32,64,2,2,48,30,22,11,7,4,4,2,0,48,29,16,9,7,7,11
2018-7393,Canberra,Hard,32,C,,20180113,7,SA93,7,,Andreas Seppi,R,191,ITA,33.895,87,616,MN13,,,Maximilian Marterer,L,188,GER,22.582,95,587,3-6 6-3 7-6(7),3,R32,123,9,1,94,53,43,22,15,2,4,13,2,114,80,58,17,15,6,8
2018-7393,Canberra,Hard,32,C,,20180113,8,J620,,,Maxime Janvier,R,196,FRA,21.238,384,108,DB63,8,,Laslo Djere,R,188,SRB,22.617,86,624,3-6 7-5 6-2,3,R32,108,6,0,84,53,40,14,14,3,6,6,4,83,58,40,11,15,1,6
2018-7393,Canberra,Hard,32,C,,20180113,9,BT68,,,Elliot Benchetrit,R,193,MAR,19.283,402,98,KC29,,,Nicolas Kicker,R,178,ARG,25.41,94,590,6-4 7-5,3,R32,86,6,1,68,42,31,15,11,5,6,2,4,70,35,20,22,11,5,8
2018-7393,Canberra,Hard,32,C,,20180113,10,BU54,,,Geoffrey Blancaneaux,R,180,FRA,19.433,292,170,C0A0,,,Alexander Crnokrak,R,191,AUS,17.971,1761,1,6-1 6-2,3,R32,63,1,2,36,23,18,7,7,2,3,0,4,56,22,12,12,8,4,10
2018-7393,Canberra,Hard,32,C,,20180113,11,HB29,,,Andrew Harris,R,183,AUS,23.855,440,83,V784,,,Gavin Van Peperzeel,R,180,AUS,25.793,637,40,6-2 6-1,3,R32,47,5,2,38,27,22,7,7,1,1,4,8,53,25,12,12,8,6,11
2018-7393,Canberra,Hard,32,C,,20180113,12,J551,,,Nicolas Jarry,R,201,CHI,22.259,105,543,MW02,,,Corentin Moutet,L,180,FRA,18.738,155,361,7-6(4) 6-3,3,R32,84,11,1,65,47,37,14,11,2,2,4,3,61,28,24,20,10,2,3
2018-7393,Canberra,Hard,32,C,,20180113,13,L733,,,Zhe Li,R,183,CHN,31.316,272,189,BJ05,,,Harry Bourchier,R,185,AUS,21.971,533,60,6-2 6-4,3,R32,60,2,2,45,27,25,13,9,1,1,3,3,52,33,23,8,9,0,3
2018-7393,Canberra,Hard,32,C,,20180113,14,MK40,,,Benjamin Mitchell,R,183,AUS,25.12,737,26,PC29,,,Dane Propoggia,,,AUS,27.723,931,13,3-6 6-3 6-1,3,R32,80,9,2,69,55,42,7,12,3,4,6,8,78,44,28,19,13,2,6
2018-7393,Canberra,Hard,32,C,,20180113,15,PE00,,,Nathan Pasha,R,191,USA,25.498,618,44,FA50,,,Thomas Fancutt,R,188,AUS,22.883,766,24,6-4 2-6 7-6(2),3,R32,144,5,4,135,102,64,17,15,19,22,21,7,106,56,44,23,15,8,10
2018-7393,Canberra,Hard,32,C,,20180113,16,PC68,,,Tim Puetz,R,185,GER,30.152,311,158,KF17,,,Soonwoo Kwon,R,180,KOR,20.115,175,301,5-7 7-6(1) 6-4,3,R32,152,9,6,104,60,41,31,17,5,8,8,10,130,73,48,29,17,11,14
2018-7393,Canberra,Hard,32,C,,20180113,17,MB02,2,,Florian Mayer,R,191,GER,34.275,69,718,MK40,,,Benjamin Mitchell,R,183,AUS,25.12,737,26,6-4 7-6(6),3,R16,91,5,1,75,50,31,15,11,4,8,4,6,95,72,43,7,11,6,11
2018-7393,Canberra,Hard,32,C,,20180113,18,G476,3,,Guillermo Garcia-Lopez,R,185,ESP,34.612,70,714,BU54,,,Geoffrey Blancaneaux,R,180,FRA,19.433,292,170,7-5 6-4,3,R16,97,3,6,74,43,33,10,11,4,7,2,3,66,35,18,19,11,4,9
2018-7393,Canberra,Hard,32,C,,20180113,19,E224,5,,Victor Estrella Burgos,R,170,DOM,37.448,81,648,PC68,,,Tim Puetz,R,185,GER,30.152,311,158,W/O,3,R16,,,,,,,,,,,,,,,,,,,
2018-7393,Canberra,Hard,32,C,,20180113,20,F724,6,,Marton Fucsovics,R,188,HUN,25.93,85,635,L733,,,Zhe Li,R,183,CHN,31.316,272,189,6-1 6-2,3,R16,72,1,1,41,26,18,12,7,2,2,0,0,59,33,16,11,8,8,13
2018-7393,Canberra,Hard,32,C,,20180113,21,SA93,7,,Andreas Seppi,R,191,ITA,33.895,87,616,PE00,,,Nathan Pasha,R,191,USA,25.498,618,44,6-2 6-4,3,R16,69,6,2,55,28,23,13,9,3,4,1,2,66,46,27,8,9,5,9
2018-7393,Canberra,Hard,32,C,,20180113,22,BT68,,,Elliot Benchetrit,R,193,MAR,19.283,402,98,BU34,,,Jeremy Beale,L,193,AUS,23.277,787,22,5-7 6-3 6-4,3,R16,118,6,8,92,60,49,13,16,2,4,4,5,112,71,50,17,15,8,11
2018-7393,Canberra,Hard,32,C,,20180113,23,GF95,,,Hugo Grenier,R,196,FRA,21.81,395,104,HB29,,,Andrew Harris,R,183,AUS,23.855,440,83,7-5 3-6 7-6(3),3,R16,149,10,5,89,59,46,18,16,1,4,2,3,117,82,52,21,17,7,10
2018-7393,Canberra,Hard,32,C,,20180113,24,J620,,,Maxime Janvier,R,196,FRA,21.238,384,108,J551,,,Nicolas Jarry,R,201,CHI,22.259,105,543,6-2 2-6 7-6(5),3,R16,119,3,2,85,48,37,21,14,4,7,10,4,97,71,51,12,14,4,7
2018-7393,Canberra,Hard,32,C,,20180113,25,E224,5,,Victor Estrella Burgos,R,170,DOM,37.448,81,648,MB02,2,,Florian Mayer,R,191,GER,34.275,69,718,7-6(4) 0-6 6-3,3,QF,105,8,2,98,66,45,17,14,8,11,9,2,75,45,36,18,13,2,3
2018-7393,Canberra,Hard,32,C,,20180113,26,SA93,7,,Andreas Seppi,R,191,ITA,33.895,87,616,G476,3,,Guillermo Garcia-Lopez,R,185,ESP,34.612,70,714,6-3 6-4,3,QF,83,1,0,65,36,26,16,10,1,2,4,3,60,39,25,9,9,5,8
2018-7393,Canberra,Hard,32,C,,20180113,27,F724,6,,Marton Fucsovics,R,188,HUN,25.93,85,635,GF95,,,Hugo Grenier,R,196,FRA,21.81,395,104,6-4 6-4,3,QF,77,4,0,57,36,25,15,10,1,2,1,3,58,34,22,11,10,1,4
2018-7393,Canberra,Hard,32,C,,20180113,28,J620,,,Maxime Janvier,R,196,FRA,21.238,384,108,BT68,,,Elliot Benchetrit,R,193,MAR,19.283,402,98,6-4 6-2,3,QF,81,4,2,61,39,29,14,9,1,1,2,4,65,38,24,13,9,7,10
2018-7393,Canberra,Hard,32,C,,20180113,29,SA93,7,,Andreas Seppi,R,191,ITA,33.895,87,616,E224,5,,Victor Estrella Burgos,R,170,DOM,37.448,81,648,6-2 6-2,3,SF,74,3,1,50,19,13,23,8,5,5,2,3,68,40,26,10,8,6,10
2018-7393,Canberra,Hard,32,C,,20180113,30,F724,6,,Marton Fucsovics,R,188,HUN,25.93,85,635,J620,,,Maxime Janvier,R,196,FRA,21.238,384,108,6-3 4-6 6-2,3,SF,132,4,8,89,46,26,27,13,6,9,5,3,96,59,36,16,14,9,15
2018-7393,Canberra,Hard,32,C,,20180113,31,SA93,7,,Andreas Seppi,R,191,ITA,33.895,87,616,F724,6,,Marton Fucsovics,R,188,HUN,25.93,85,635,5-7 6-4 6-3,3,F,136,3,2,98,54,33,30,16,7,10,4,6,100,54,39,21,15,7,11
2018-7652,Koblenz,Hard,32,C,,20180121,1,I305,,,Ilya Ivashka,R,193,BLR,23.907,211,252,KB54,1,,Andrey Kuznetsov,R,183,RUS,26.913,125,456,6-4 4-6 6-3,3,R32,116,14,1,80,57,45,16,15,3,4,5,5,108,67,50,16,14,8,10
2018-7652,Koblenz,Hard,32,C,,20180121,2,CF01,2,,Marco Cecchinato,R,185,ITA,25.309,103,543,A622,,,Andrea Arnaboldi,L,180,ITA,30.07,230,228,6-7(2) 6-4 6-2,3,R32,130,12,3,93,67,52,15,15,3,3,3,4,112,57,42,29,15,7,10
2018-7652,Koblenz,Hard,32,C,,20180121,3,SC77,,,Sergiy Stakhovsky,R,193,UKR,32.041,120,484,DA86,,,Joris De Loore,R,191,BEL,24.753,314,154,6-2 6-3,3,R32,71,12,1,54,42,34,3,9,2,3,3,2,64,36,23,10,8,6,10
2018-7652,Koblenz,Hard,32,C,,20180121,4,V717,,,Alexey Vatutin,R,178,RUS,25.235,169,316,O449,4,,Oscar Otte,R,193,GER,24.517,135,436,7-6(6) 6-3,3,R32,78,3,2,64,38,24,18,11,2,4,3,2,70,46,31,10,10,7,10
2018-7652,Koblenz,Hard,32,C,,20180121,5,MH16,5,,Yannick Maden,R,185,GER,28.233,149,371,PG32,,,Adam Pavlasek,R,185,CZE,23.288,208,256,6-2 6-2,3,R32,60,0,0,41,27,22,10,8,0,0,8,0,55,35,19,8,8,1,5
2018-7652,Koblenz,Hard,32,C,,20180121,6,D750,6,,Kenny De Schepper,L,203,FRA,30.65,154,363,G681,,,Teymuraz Gabashvili,R,185,GEO,32.665,233,226,6-7(5) 6-1 6-2,3,R32,108,6,0,86,70,46,12,14,2,4,2,1,82,56,32,14,13,2,8
2018-7652,Koblenz,Hard,32,C,,20180121,7,KH56,,,Zdenek Kolar,R,183,CZE,21.284,222,241,MF35,7,,Andrej Martin,R,183,SVK,28.337,158,344,6-2 6-4,3,R32,70,10,2,66,43,30,11,9,4,5,3,3,50,20,16,13,9,1,5
2018-7652,Koblenz,Hard,32,C,,20180121,8,CH12,,,Jan Choinski,R,196,GBR,21.615,296,167,R419,,,Tommy Robredo,R,180,ESP,35.726,163,336,6-1 5-7 7-6(6),3,R32,144,5,1,106,65,45,24,15,6,8,16,0,109,68,44,24,16,8,12
2018-7652,Koblenz,Hard,32,C,,20180121,9,HG94,,,Benjamin Hassan,R,183,LBN,22.962,529,60,G858,,,Ernests Gulbis,R,191,LAT,29.394,204,258,6-4 3-6 6-1,3,R32,103,6,1,77,45,35,20,13,4,5,8,6,82,48,36,13,13,9,12
2018-7652,Koblenz,Hard,32,C,,20180121,10,HB67,,,Christopher Heyman,L,188,BEL,24.287,282,175,MJ70,,,Karim-Mohamed Maamoun,R,175,EGY,26.787,240,221,6-3 6-3,3,R32,69,1,0,44,35,29,7,9,0,0,2,3,65,44,30,7,9,7,10
2018-7652,Koblenz,Hard,32,C,,20180121,11,HB71,,,Hubert Hurkacz,R,196,POL,20.942,231,227,BD80,,,Attila Balazs,R,180,HUN,29.317,206,258,6-4 6-2,3,R32,77,8,0,46,34,30,6,9,0,0,4,4,73,38,28,14,9,6,9
2018-7652,Koblenz,Hard,32,C,,20180121,12,KI74,,,Nicola Kuhn,R,185,GER,17.84,246,215,Y268,,,Mikael Ymer,R,185,SWE,19.368,415,92,6-3 6-3,3,R32,75,2,2,62,37,29,14,9,5,5,1,0,56,30,17,15,9,6,9
2018-7652,Koblenz,Hard,32,C,,20180121,13,MJ71,,,Mats Moraing,L,198,GER,25.588,205,258,BE68,,,Tomislav Brkic,R,185,BIH,27.871,242,218,6-7(2) 7-5 6-2,3,R32,111,26,8,86,62,55,12,16,0,0,12,3,107,71,52,19,16,3,6
2018-7652,Koblenz,Hard,32,C,,20180121,14,PG20,,,Dmitry Popko,R,191,KAZ,21.243,248,215,LD26,,,Edan Leshem,R,183,ISR,20.843,255,206,6-3 5-7 6-3,3,R32,132,5,0,105,78,52,13,15,8,11,10,2,94,66,40,14,15,9,14
2018-7652,Koblenz,Hard,32,C,,20180121,15,SK47,,,Mohamed Safwat,R,180,EGY,27.34,223,238,HA28,,,Filip Horansky,R,191,SVK,25.038,318,149,3-6 7-5 6-3,3,R32,113,0,1,85,52,32,22,15,4,7,3,4,100,68,45,13,15,8,12
2018-7652,Koblenz,Hard,32,C,,20180121,16,U134,,,Yasutaka Uchiyama,R,183,JPN,25.462,237,224,M0BN,,,Marvin Moeller,R,178,GER,19.009,625,42,6-3 6-1,3,R32,74,6,0,50,37,31,6,8,2,2,0,2,69,41,23,11,8,5,9
2018-7652,Koblenz,Hard,32,C,,20180121,17,MJ71,,,Mats Moraing,L,198,GER,25.588,205,258,CF01,2,,Marco Cecchinato,R,185,ITA,25.309,103,543,6-4 6-4,3,R16,69,10,3,62,36,30,15,10,4,4,6,0,65,53,36,4,10,4,6
2018-7652,Koblenz,Hard,32,C,,20180121,18,SC77,,,Sergiy Stakhovsky,R,193,UKR,32.041,120,484,KI74,,,Nicola Kuhn,R,185,GER,17.84,246,215,6-4 6-3,3,R16,73,2,2,60,36,29,10,9,2,3,3,5,61,38,23,9,10,3,7
2018-7652,Koblenz,Hard,32,C,,20180121,19,MH16,5,,Yannick Maden,R,185,GER,28.233,149,371,PG20,,,Dmitry Popko,R,191,KAZ,21.243,248,215,7-5 6-4,3,R16,99,1,1,61,42,30,11,11,3,5,5,0,84,53,31,15,11,5,9
2018-7652,Koblenz,Hard,32,C,,20180121,20,D750,6,,Kenny De Schepper,L,203,FRA,30.65,154,363,HG94,,,Benjamin Hassan,R,183,LBN,22.962,529,60,6-7(4) 6-1 6-4,3,R16,122,4,0,83,63,46,10,14,1,3,6,3,120,75,44,20,15,11,17
2018-7652,Koblenz,Hard,32,C,,20180121,21,I305,,,Ilya Ivashka,R,193,BLR,23.907,211,252,HB67,,,Christopher Heyman,L,188,BEL,24.287,282,175,6-4 6-4,3,R16,94,4,2,58,37,29,13,10,2,3,6,2,80,53,32,13,10,8,11
2018-7652,Koblenz,Hard,32,C,,20180121,22,SK47,,,Mohamed Safwat,R,180,EGY,27.34,223,238,CH12,,,Jan Choinski,R,196,GBR,21.615,296,167,6-3 3-6 6-4,3,R16,106,9,0,72,54,44,11,14,0,1,3,1,90,62,46,13,14,4,6
2018-7652,Koblenz,Hard,32,C,,20180121,23,U134,,,Yasutaka Uchiyama,R,183,JPN,25.462,237,224,KH56,,,Zdenek Kolar,R,183,CZE,21.284,222,241,6-2 6-1,3,R16,50,4,1,34,22,20,6,7,0,1,1,2,44,27,14,4,8,2,8
2018-7652,Koblenz,Hard,32,C,,20180121,24,V717,,,Alexey Vatutin,R,178,RUS,25.235,169,316,HB71,,,Hubert Hurkacz,R,196,POL,20.942,231,227,3-6 6-0 7-6(5),3,R16,104,2,4,77,56,40,12,13,2,4,6,2,86,59,43,7,14,3,7
2018-7652,Koblenz,Hard,32,C,,20180121,25,SC77,,,Sergiy Stakhovsky,R,193,UKR,32.041,120,484,SK47,,,Mohamed Safwat,R,180,EGY,27.34,223,238,6-2 6-1,3,QF,47,3,0,39,24,20,10,8,0,1,0,0,37,25,10,4,7,0,5
2018-7652,Koblenz,Hard,32,C,,20180121,26,I305,,,Ilya Ivashka,R,193,BLR,23.907,211,252,MH16,5,,Yannick Maden,R,185,GER,28.233,149,371,6-1 6-2,3,QF,54,12,1,47,37,28,5,8,2,3,1,2,41,25,11,6,7,3,8
2018-7652,Koblenz,Hard,32,C,,20180121,27,D750,6,,Kenny De Schepper,L,203,FRA,30.65,154,363,V717,,,Alexey Vatutin,R,178,RUS,25.235,169,316,3-6 7-6(7) 6-1,3,QF,119,6,3,100,75,50,13,15,6,9,1,1,79,48,32,15,13,0,3
2018-7652,Koblenz,Hard,32,C,,20180121,28,MJ71,,,Mats Moraing,L,198,GER,25.588,205,258,U134,,,Yasutaka Uchiyama,R,183,JPN,25.462,237,224,6-4 7-6(2),3,QF,84,12,3,72,44,33,19,11,5,5,4,1,69,48,33,13,11,1,2
2018-7652,Koblenz,Hard,32,C,,20180121,29,MJ71,,,Mats Moraing,L,198,GER,25.588,205,258,SC77,,,Sergiy Stakhovsky,R,193,UKR,32.041,120,484,6-4 6-3,3,SF,72,16,1,54,34,27,12,9,2,2,8,0,65,45,29,10,10,2,5
2018-7652,Koblenz,Hard,32,C,,20180121,30,D750,6,,Kenny De Schepper,L,203,FRA,30.65,154,363,I305,,,Ilya Ivashka,R,193,BLR,23.907,211,252,3-6 7-5 6-4,3,SF,101,8,2,83,56,42,17,16,2,4,10,1,74,46,38,16,15,1,3
2018-7652,Koblenz,Hard,32,C,,20180121,31,MJ71,,,Mats Moraing,L,198,GER,25.588,205,258,D750,6,,Kenny De Schepper,L,203,FRA,30.65,154,363,6-2 6-1,3,F,46,5,0,35,23,21,7,7,0,0,5,0,45,35,19,2,8,1,6
2018-3503,Rennes,Hard,32,C,,20180128,1,Y061,1,,Mikhail Youzhny,R,183,RUS,35.595,90,604,MW02,,,Corentin Moutet,L,180,FRA,18.779,155,361,6-1 6-2,3,R32,62,4,0,45,31,25,10,8,1,1,3,4,43,23,15,5,7,2,6
2018-3503,Rennes,Hard,32,C,,20180128,2,PD07,2,,Vasek Pospisil,R,193,CAN,27.6,105,541,U134,,,Yasutaka Uchiyama,R,183,JPN,25.481,237,224,6-3 6-4,3,R32,71,8,1,52,30,27,14,10,2,2,0,1,57,36,29,8,9,1,3
2018-3503,Rennes,Hard,32,C,,20180128,3,GH33,,,Manuel Guinard,R,198,FRA,22.204,713,29,E698,3,,Gastao Elias,R,180,POR,27.179,113,502,6-1 6-4,3,R32,54,6,3,54,38,31,8,9,1,1,4,0,39,25,17,6,8,1,4
2018-3503,Rennes,Hard,32,C,,20180128,4,Y218,,,Elias Ymer,R,185,SWE,21.802,140,398,SC77,4,,Sergiy Stakhovsky,R,193,UKR,32.06,120,484,6-1 3-6 6-3,3,R32,108,7,3,83,53,42,13,13,4,6,3,1,74,52,35,8,12,5,9
2018-3503,Rennes,Hard,32,C,,20180128,5,BI23,,,Liam Broady,L,183,GBR,24.066,172,313,BA65,5,,Dustin Brown,R,196,JAM,33.139,129,442,6-3 4-6 7-5,3,R32,120,11,3,102,56,40,25,16,6,9,6,2,98,59,36,23,15,4,8
2018-3503,Rennes,Hard,32,C,,20180128,6,HB64,6,,Quentin Halys,R,191,FRA,21.257,134,436,LC11,,,Tristan Lamasine,R,183,FRA,24.901,343,134,6-1 7-6(5),3,R32,80,15,8,69,44,37,10,10,2,2,5,4,70,53,37,6,9,3,5
2018-3503,Rennes,Hard,32,C,,20180128,7,BE90,,,Ricardas Berankis,R,175,LTU,27.606,136,433,BK19,,,Mathias Bourgue,R,188,FRA,24.027,165,324,6-3 6-4,3,R32,69,2,0,41,27,24,12,9,0,0,14,4,64,38,28,9,10,2,5
2018-3503,Rennes,Hard,32,C,,20180128,8,GB93,8,,Norbert Gombos,R,193,SVK,27.461,137,431,D750,,,Kenny De Schepper,L,203,FRA,30.669,154,363,6-2 6-3,3,R32,54,6,1,50,37,31,6,8,3,3,5,2,45,27,16,10,9,0,4
2018-3503,Rennes,Hard,32,C,,20180128,9,BA98,,,Simone Bolelli,R,183,ITA,32.307,173,305,O513,,,Sebastian Ofner,R,191,AUT,21.714,144,394,6-2 7-6(1),3,R32,73,2,0,56,44,35,7,10,3,4,8,3,69,39,26,14,10,2,5
2018-3503,Rennes,Hard,32,C,,20180128,10,G858,,,Ernests Gulbis,R,191,LAT,29.413,204,258,Y268,,,Mikael Ymer,R,185,SWE,19.387,415,92,6-7(4) 7-5 6-2,3,R32,165,12,9,123,79,56,20,16,10,12,3,1,130,89,54,20,16,11,16
2018-3503,Rennes,Hard,32,C,,20180128,11,HA71,,,Antoine Hoang,R,183,FRA,22.234,310,156,D981,,,Arthur De Greef,R,183,BEL,25.84,189,274,7-6(7) 3-6 6-3,3,R32,130,6,4,106,65,45,27,15,3,4,4,2,95,54,42,23,15,6,7
2018-3503,Rennes,Hard,32,C,,20180128,12,J620,,,Maxime Janvier,R,196,FRA,21.279,336,137,R419,,,Tommy Robredo,R,180,ESP,35.745,163,336,7-6(5) 6-4,3,R32,99,5,0,64,32,28,20,11,1,2,5,1,80,52,36,11,11,5,7
2018-3503,Rennes,Hard,32,C,,20180128,13,MH16,,,Yannick Maden,R,185,GER,28.252,149,371,MM66,,,Nikola Milojevic,R,188,SRB,22.612,176,292,6-7(5) 6-2 6-4,3,R32,165,13,4,103,65,49,19,15,6,8,10,1,127,66,48,23,15,9,14
2018-3503,Rennes,Hard,32,C,,20180128,14,MJ71,,,Mats Moraing,L,198,GER,25.607,205,258,HB48,,,Calvin Hemery,R,191,FRA,23.001,157,347,6-7(5) 6-1 6-4,3,R32,112,16,9,100,51,44,28,15,3,4,14,7,101,56,41,20,14,6,10
2018-3503,Rennes,Hard,32,C,,20180128,15,SJ22,,,Gleb Sakharov,R,185,FRA,29.634,153,364,HH26,,,Ugo Humbert,L,188,FRA,19.592,381,112,6-3 4-6 6-3,3,R32,109,9,2,74,47,39,15,14,2,3,10,3,82,46,34,18,14,4,7
2018-3503,Rennes,Hard,32,C,,20180128,16,V717,,,Alexey Vatutin,R,178,RUS,25.254,169,316,I236,,,Uladzimir Ignatik,R,183,BLR,27.543,146,386,6-1 6-4,3,R32,60,2,3,43,26,23,11,9,2,3,7,1,50,29,19,5,8,4,8
2018-3503,Rennes,Hard,32,C,,20180128,17,SJ22,,,Gleb Sakharov,R,185,FRA,29.634,153,364,Y061,1,,Mikhail Youzhny,R,183,RUS,35.595,90,604,6-4 6-1,3,R16,89,6,2,76,46,35,12,9,7,8,4,3,51,31,21,4,8,4,8
2018-3503,Rennes,Hard,32,C,,20180128,18,PD07,2,,Vasek Pospisil,R,193,CAN,27.6,105,541,MJ71,,,Mats Moraing,L,198,GER,25.607,205,258,7-6(4) 7-6(0),3,R16,85,13,0,68,42,38,18,12,0,0,19,7,81,53,42,12,12,1,1
2018-3503,Rennes,Hard,32,C,,20180128,19,HB64,6,,Quentin Halys,R,191,FRA,21.257,134,436,V717,,,Alexey Vatutin,R,178,RUS,25.254,169,316,4-6 6-4 7-6(8),3,R16,141,17,10,114,67,56,20,16,7,9,3,3,105,68,57,15,16,4,6
2018-3503,Rennes,Hard,32,C,,20180128,20,BE90,,,Ricardas Berankis,R,175,LTU,27.606,136,433,BA98,,,Simone Bolelli,R,183,ITA,32.307,173,305,7-5 6-3,3,R16,66,5,2,56,37,32,12,11,0,0,5,0,47,33,26,6,10,0,2
2018-3503,Rennes,Hard,32,C,,20180128,21,HA71,,,Antoine Hoang,R,183,FRA,22.234,310,156,GB93,8,,Norbert Gombos,R,193,SVK,27.461,137,431,6-2 4-6 6-3,3,R16,100,11,3,85,57,44,14,14,7,9,4,1,75,48,31,15,13,6,10
2018-3503,Rennes,Hard,32,C,,20180128,22,BI23,,,Liam Broady,L,183,GBR,24.066,172,313,J620,,,Maxime Janvier,R,196,FRA,21.279,336,137,6-4 6-1,3,R16,67,3,1,40,26,22,9,8,0,1,6,1,64,35,23,9,9,7,12
2018-3503,Rennes,Hard,32,C,,20180128,23,GH33,,,Manuel Guinard,R,198,FRA,22.204,713,29,G858,,,Ernests Gulbis,R,191,LAT,29.413,204,258,3-6 6-3 6-4,3,R16,112,11,3,88,57,41,19,14,8,9,6,4,82,45,34,23,14,4,6
2018-3503,Rennes,Hard,32,C,,20180128,24,MH16,,,Yannick Maden,R,185,GER,28.252,149,371,Y218,,,Elias Ymer,R,185,SWE,21.802,140,398,6-4 6-4,3,R16,82,4,2,61,30,22,17,10,3,6,9,1,62,39,26,6,10,3,8
2018-3503,Rennes,Hard,32,C,,20180128,25,PD07,2,,Vasek Pospisil,R,193,CAN,27.6,105,541,HB64,6,,Quentin Halys,R,191,FRA,21.257,134,436,6-1 6-4,3,QF,64,7,2,54,37,32,7,9,2,2,5,4,54,25,18,12,8,2,5
2018-3503,Rennes,Hard,32,C,,20180128,26,BE90,,,Ricardas Berankis,R,175,LTU,27.606,136,433,SJ22,,,Gleb Sakharov,R,185,FRA,29.634,153,364,6-1 4-6 6-4,3,QF,133,6,3,89,53,42,18,13,5,6,9,3,92,51,36,19,14,7,11
2018-3503,Rennes,Hard,32,C,,20180128,27,BI23,,,Liam Broady,L,183,GBR,24.066,172,313,GH33,,,Manuel Guinard,R,198,FRA,22.204,713,29,6-4 6-4,3,QF,71,6,0,52,40,31,9,10,0,0,9,3,58,37,28,10,10,1,3
2018-3503,Rennes,Hard,32,C,,20180128,28,HA71,,,Antoine Hoang,R,183,FRA,22.234,310,156,MH16,,,Yannick Maden,R,185,GER,28.252,149,371,6-3 3-6 6-2,3,QF,119,4,3,91,61,38,14,13,5,9,1,4,81,44,28,14,13,4,10
2018-3503,Rennes,Hard,32,C,,20180128,29,PD07,2,,Vasek Pospisil,R,193,CAN,27.6,105,541,HA71,,,Antoine Hoang,R,183,FRA,22.234,310,156,6-4 7-6(4),3,SF,103,10,3,81,53,41,12,11,4,5,1,6,78,52,38,11,11,1,3
2018-3503,Rennes,Hard,32,C,,20180128,30,BE90,,,Ricardas Berankis,R,175,LTU,27.606,136,433,BI23,,,Liam Broady,L,183,GBR,24.066,172,313,7-5 6-1,3,SF,78,2,0,56,38,29,14,10,5,5,5,5,67,39,28,13,9,5,8
2018-3503,Rennes,Hard,32,C,,20180128,31,PD07,2,,Vasek Pospisil,R,193,CAN,27.6,105,541,BE90,,,Ricardas Berankis,R,175,LTU,27.606,136,433,6-1 6-2,3,F,72,10,1,55,32,24,13,8,5,5,1,2,53,32,20,5,7,5,9
2018-7845,Newport Beach,Hard,32,C,,20180128,1,N674,,,Dennis Novikov,R,193,USA,24.227,238,224,N552,,,Kei Nishikori,R,178,JPN,28.082,24,1735,6-3 3-6 6-4,3,R32,107,15,3,79,49,36,17,14,4,7,7,7,95,54,40,17,14,11,15
2018-7845,Newport Beach,Hard,32,C,,20180128,2,KI95,,,Miomir Kecmanovic,R,183,SRB,18.412,212,252,TD51,2,,Frances Tiafoe,R,188,USA,20.022,81,656,6-4 3-6 6-3,3,R32,118,2,1,101,56,39,27,14,9,10,10,3,88,56,41,16,14,2,4
2018-7845,Newport Beach,Hard,32,C,,20180128,3,FB98,3,,Taylor Fritz,R,196,USA,20.252,91,596,O327,,,Guillermo Olaso,R,175,ESP,29.845,439,83,6-3 6-4,3,R32,75,13,1,68,36,29,15,10,4,5,3,0,55,36,21,14,9,4,7
2018-7845,Newport Beach,Hard,32,C,,20180128,4,F811,4,,Bjorn Fratangelo,R,183,USA,24.528,104,542,F974,,,Tom Fawcett,R,196,USA,22.281,903,14,6-4 6-2,3,R32,69,0,3,59,33,26,15,9,6,6,6,5,55,33,25,7,9,1,4
2018-7845,Newport Beach,Hard,32,C,,20180128,5,MP01,,,Michael Mmoh,R,188,USA,20.049,162,337,N771,5,,Cameron Norrie,L,188,GBR,22.434,111,524,6-2 6-4,3,R32,77,4,3,58,38,28,11,9,3,4,4,1,63,46,25,10,9,9,13
2018-7845,Newport Beach,Hard,32,C,,20180128,6,BK92,6,,Alexander Bublik,R,196,KAZ,20.616,112,505,PB22,,,Peter Polansky,R,183,CAN,29.621,139,401,3-6 6-3 6-0,3,R32,78,15,5,65,45,35,12,12,0,1,1,2,84,51,30,19,12,6,10
2018-7845,Newport Beach,Hard,32,C,,20180128,7,BC65,,,Matthias Bachinger,R,188,GER,30.825,182,280,E873,7,,Ernesto Escobedo,R,185,MEX,21.569,114,498,6-3 7-6(7),3,R32,81,6,3,70,42,31,17,10,2,2,4,4,69,37,26,19,11,4,6
2018-7845,Newport Beach,Hard,32,C,,20180128,8,KA98,,,Bradley Klahn,L,183,USA,27.441,220,242,H997,8,,Yannick Hanfmann,R,193,GER,26.209,115,497,6-4 6-3,3,R32,76,11,6,78,47,37,13,10,2,2,1,3,52,26,19,14,9,2,4
2018-7845,Newport Beach,Hard,32,C,,20180128,9,GD64,,,Cristian Garin,R,185,CHI,21.665,373,114,PL56,,,Tommy Paul,R,185,USA,20.701,150,368,6-4 6-3,3,R32,63,0,5,47,33,25,7,9,0,2,2,4,65,39,24,9,10,1,6
2018-7845,Newport Beach,Hard,32,C,,20180128,10,KC86,,,Darian King,R,188,BAR,25.758,177,286,I230,,,Tatsuma Ito,R,180,JPN,29.697,156,361,6-7(4) 6-4 2-1 RET,3,R32,161,1,5,104,63,42,18,13,8,11,3,3,105,59,41,18,12,9,13
2018-7845,Newport Beach,Hard,32,C,,20180128,11,KE64,,,Stefan Kozlov,R,183,USA,19.989,164,328,CC32,,,Guilherme Clezar,R,180,BRA,25.076,213,249,6-2 6-3,3,R32,68,7,3,44,31,25,5,8,0,1,0,1,55,35,18,7,9,2,7
2018-7845,Newport Beach,Hard,32,C,,20180128,12,KC12,,,Mitchell Krueger,R,188,USA,24.044,197,266,O482,,,Gonzalo Oliveira,L,185,VEN,22.946,201,265,7-6(5) 6-2,3,R32,106,3,2,73,43,29,17,10,5,7,2,2,70,48,27,9,10,6,10
2018-7845,Newport Beach,Hard,32,C,,20180128,13,KD35,,,Thai-Son Kwiatkowski,R,188,USA,22.957,621,43,A853,,,Marcelo Arevalo,R,191,ESA,27.283,196,267,6-4 6-4,3,R32,87,7,2,90,57,38,16,10,5,6,5,8,69,42,31,11,10,5,8
2018-7845,Newport Beach,Hard,32,C,,20180128,14,O522,,,Reilly Opelka,R,211,USA,20.419,207,257,KB09,,,Denis Kudla,R,180,USA,25.448,190,272,7-6(5) 6-3,3,R32,96,22,5,79,51,42,15,10,4,4,1,6,85,55,36,17,11,6,8
2018-7845,Newport Beach,Hard,32,C,,20180128,15,PF65,,,Filip Peliwo,R,180,POL,23.995,185,279,L949,,,Henri Laaksonen,R,185,SUI,25.829,118,488,7-6(9) 6-2,3,R32,82,5,2,63,39,30,13,10,1,2,4,3,87,46,32,15,10,9,12
2018-7845,Newport Beach,Hard,32,C,,20180128,16,RC96,,,Noah Rubin,R,175,USA,21.936,161,338,SF62,,,Tim Smyczek,R,175,USA,30.081,131,441,7-6(5) 6-2,3,R32,94,1,2,69,47,32,14,10,1,2,4,2,76,47,32,11,10,4,7
2018-7845,Newport Beach,Hard,32,C,,20180128,17,FB98,3,,Taylor Fritz,R,196,USA,20.252,91,596,KD35,,,Thai-Son Kwiatkowski,R,188,USA,22.957,621,43,6-4 6-4,3,R16,76,14,2,57,37,30,9,10,0,1,6,4,75,48,35,8,10,5,8
2018-7845,Newport Beach,Hard,32,C,,20180128,18,GD64,,,Cristian Garin,R,185,CHI,21.665,373,114,F811,4,,Bjorn Fratangelo,R,183,USA,24.528,104,542,6-3 1-0 RET,3,R16,47,2,2,40,27,23,5,5,3,3,6,1,40,27,19,1,5,5,7
2018-7845,Newport Beach,Hard,32,C,,20180128,19,RC96,,,Noah Rubin,R,175,USA,21.936,161,338,BK92,6,,Alexander Bublik,R,196,KAZ,20.616,112,505,6-7(6) 6-4 7-6(8),3,R16,155,3,5,121,76,54,28,17,2,2,18,9,120,60,50,32,17,3,4
2018-7845,Newport Beach,Hard,32,C,,20180128,20,BC65,,,Matthias Bachinger,R,188,GER,30.825,182,280,PF65,,,Filip Peliwo,R,180,POL,23.995,185,279,6-3 7-6(3),3,R16,77,3,2,66,40,28,14,11,0,3,4,5,64,33,20,14,10,2,6
2018-7845,Newport Beach,Hard,32,C,,20180128,21,KI95,,,Miomir Kecmanovic,R,183,SRB,18.412,212,252,KE64,,,Stefan Kozlov,R,183,USA,19.989,164,328,6-3 6-4,3,R16,80,2,2,66,39,28,12,10,1,3,5,5,46,27,18,8,9,2,6
2018-7845,Newport Beach,Hard,32,C,,20180128,22,KC86,,,Darian King,R,188,BAR,25.758,177,286,MP01,,,Michael Mmoh,R,188,USA,20.049,162,337,1-6 6-2 6-1,3,R16,107,0,0,69,54,31,7,11,7,11,1,4,69,37,23,10,11,4,10
2018-7845,Newport Beach,Hard,32,C,,20180128,23,KA98,,,Bradley Klahn,L,183,USA,27.441,220,242,KC12,,,Mitchell Krueger,R,188,USA,24.044,197,266,6-3 1-6 6-4,3,R16,122,7,5,100,67,43,10,13,5,10,2,2,76,43,27,15,13,1,6
2018-7845,Newport Beach,Hard,32,C,,20180128,24,O522,,,Reilly Opelka,R,211,USA,20.419,207,257,N674,,,Dennis Novikov,R,193,USA,24.227,238,224,6-4 6-4,3,R16,71,19,0,57,39,31,10,10,2,3,1,3,59,37,25,10,10,4,7
2018-7845,Newport Beach,Hard,32,C,,20180128,25,FB98,3,,Taylor Fritz,R,196,USA,20.252,91,596,RC96,,,Noah Rubin,R,175,USA,21.936,161,338,6-3 6-2,3,QF,69,7,0,53,32,25,14,9,1,1,1,6,64,36,21,14,8,6,9
2018-7845,Newport Beach,Hard,32,C,,20180128,26,GD64,,,Cristian Garin,R,185,CHI,21.665,373,114,KC86,,,Darian King,R,188,BAR,25.758,177,286,5-7 6-2 6-3,3,QF,122,6,5,104,63,48,18,15,8,10,1,1,80,51,30,17,14,0,4
2018-7845,Newport Beach,Hard,32,C,,20180128,27,KA98,,,Bradley Klahn,L,183,USA,27.441,220,242,KI95,,,Miomir Kecmanovic,R,183,SRB,18.412,212,252,7-6(7) 6-1,3,QF,80,11,3,68,44,34,11,9,3,4,2,0,76,54,32,10,10,3,7
2018-7845,Newport Beach,Hard,32,C,,20180128,28,O522,,,Reilly Opelka,R,211,USA,20.419,207,257,BC65,,,Matthias Bachinger,R,188,GER,30.825,182,280,7-5 6-4,3,QF,79,10,2,68,43,32,16,11,1,1,4,3,64,36,26,15,11,1,3
2018-7845,Newport Beach,Hard,32,C,,20180128,29,FB98,3,,Taylor Fritz,R,196,USA,20.252,91,596,O522,,,Reilly Opelka,R,211,USA,20.419,207,257,6-3 7-6(6),3,SF,85,2,2,62,29,22,25,10,0,0,10,8,81,51,41,10,11,2,4
2018-7845,Newport Beach,Hard,32,C,,20180128,30,KA98,,,Bradley Klahn,L,183,USA,27.441,220,242,GD64,,,Cristian Garin,R,185,CHI,21.665,373,114,6-3 0-6 6-4,3,SF,81,5,3,67,47,33,13,13,0,3,1,1,71,45,31,16,12,4,6
2018-7845,Newport Beach,Hard,32,C,,20180128,31,FB98,3,,Taylor Fritz,R,196,USA,20.252,91,596,KA98,,,Bradley Klahn,L,183,USA,27.441,220,242,3-6 7-5 6-0,3,F,95,8,2,66,40,31,14,13,4,7,3,10,93,51,36,12,14,7,13
2018-6239,Quimper,Hard,32,C,,20180129,1,TE51,,,Stefanos Tsitsipas,R,193,GRE,19.466,83,657,SF41,,,Aldin Setkic,R,191,BIH,30.108,191,281,6-3 6-4,3,R32,70,10,2,53,32,27,14,10,1,1,6,2,62,42,29,8,9,5,7
2018-6239,Quimper,Hard,32,C,,20180129,2,BE67,3,,Mirza Basic,R,188,BIH,26.552,134,442,G681,,,Teymuraz Gabashvili,R,185,GEO,32.687,257,202,4-6 6-1 5-2 RET,3,R32,104,9,2,72,41,30,18,12,3,5,2,1,74,44,28,15,12,3,8
2018-6239,Quimper,Hard,32,C,,20180129,3,BA65,4,,Dustin Brown,R,196,JAM,33.142,127,467,CI14,,,Jay Clarke,R,183,GBR,19.51,259,196,6-4 6-4,3,R32,71,4,2,66,38,25,19,10,6,7,10,6,60,28,22,15,10,3,6
2018-6239,Quimper,Hard,32,C,,20180129,4,HB64,5,,Quentin Halys,R,191,FRA,21.259,119,480,BK19,,,Mathias Bourgue,R,188,FRA,24.03,177,305,6-3 6-4,3,R32,64,4,10,69,35,29,16,10,2,3,2,2,44,27,20,7,9,1,4
2018-6239,Quimper,Hard,32,C,,20180129,5,K966,6,,Martin Klizan,L,191,SVK,28.553,146,383,G753,,,David Guez,R,185,FRA,35.143,285,172,6-7(5) 6-2 6-4,3,R32,148,12,3,102,65,44,15,15,5,9,6,5,115,71,48,12,15,8,15
2018-6239,Quimper,Hard,32,C,,20180129,6,I236,7,,Uladzimir Ignatik,R,183,BLR,27.546,184,290,SJ22,,,Gleb Sakharov,R,185,FRA,29.637,154,354,6-3 4-6 6-1,3,R32,113,11,1,77,53,36,14,13,0,2,2,1,78,43,26,18,13,4,9
2018-6239,Quimper,Hard,32,C,,20180129,7,MH16,8,,Yannick Maden,R,185,GER,28.255,142,399,FC26,,,Evan Furness,R,173,FRA,19.463,616,45,6-4 4-6 6-3,3,R32,122,4,3,90,54,43,17,14,4,6,5,2,99,54,42,20,15,6,10
2018-6239,Quimper,Hard,32,C,,20180129,8,HB48,,,Calvin Hemery,R,191,FRA,23.003,153,355,A622,,,Andrea Arnaboldi,L,180,ITA,30.092,229,228,6-4 6-4,3,R32,70,6,5,63,39,30,13,10,3,4,6,1,60,40,31,7,10,1,4
2018-6239,Quimper,Hard,32,C,,20180129,9,HA71,,,Antoine Hoang,R,183,FRA,22.237,264,194,KC04,,,Jozef Kovalik,R,183,SVK,25.235,187,284,6-3 6-4,3,R32,95,1,1,73,41,29,15,10,6,8,4,1,57,31,16,13,9,1,5
2018-6239,Quimper,Hard,32,C,,20180129,10,J620,,,Maxime Janvier,R,196,FRA,21.281,329,142,J400,,,Jeremy Jahn,R,178,GER,27.819,377,112,3-6 6-1 6-4,3,R32,98,9,2,73,46,40,13,13,2,3,1,2,81,53,38,13,13,4,7
2018-6239,Quimper,Hard,32,C,,20180129,11,LC11,,,Tristan Lamasine,R,183,FRA,24.903,334,139,BK24,,,Gregoire Barrere,R,183,FRA,23.951,421,91,7-5 4-6 7-5,3,R32,141,7,2,101,68,43,19,17,6,11,5,4,115,59,41,23,17,11,17
2018-6239,Quimper,Hard,32,C,,20180129,12,ME31,,,Vincent Millot,L,173,FRA,31.997,216,245,D981,,,Arthur De Greef,R,183,BEL,25.843,199,266,6-2 6-4,3,R32,71,2,2,62,36,26,13,9,4,6,3,3,55,30,15,10,9,4,9
2018-6239,Quimper,Hard,32,C,,20180129,13,MU94,,,Jaume Munar,R,183,ESP,20.736,182,292,O408,,,Ricardo Ojeda Lara,R,178,ESP,25.008,174,313,6-0 4-6 6-3,3,R32,102,12,3,79,51,39,14,13,4,6,2,1,70,44,27,10,12,3,8
2018-6239,Quimper,Hard,32,C,,20180129,14,N679,,,Stefano Napolitano,R,196,ITA,22.804,209,251,TE16,,,Carlos Taberner,R,183,ESP,20.476,188,284,6-4 6-1,3,R32,72,6,0,42,25,19,14,8,3,3,3,3,81,52,32,11,9,9,13
2018-6239,Quimper,Hard,32,C,,20180129,15,TA29,,,Marco Trungelliti,R,178,ARG,27.995,246,213,DA67,,,Matteo Donati,R,185,ITA,22.919,266,192,7-6(4) 6-1,3,R32,71,3,5,68,37,25,19,10,2,4,1,2,53,37,23,8,9,2,6
2018-6239,Quimper,Hard,32,C,,20180129,16,V717,,,Alexey Vatutin,R,178,RUS,25.257,166,327,BT68,,,Elliot Benchetrit,R,193,MAR,19.326,376,112,6-1 6-1,3,R32,49,1,2,41,12,9,21,7,1,1,6,1,49,26,17,5,7,1,6
2018-6239,Quimper,Hard,32,C,,20180129,17,TE51,,,Stefanos Tsitsipas,R,193,GRE,19.466,83,657,HA71,,,Antoine Hoang,R,183,FRA,22.237,264,194,6-4 5-7 6-4,3,R16,136,13,3,97,59,49,23,16,5,6,6,2,111,79,53,19,16,10,12
2018-6239,Quimper,Hard,32,C,,20180129,18,V717,,,Alexey Vatutin,R,178,RUS,25.257,166,327,BE67,3,,Mirza Basic,R,188,BIH,26.552,134,442,6-3 3-6 7-6(6),3,R16,110,6,6,99,56,39,25,15,4,6,10,4,92,57,49,13,15,0,2
2018-6239,Quimper,Hard,32,C,,20180129,19,J620,,,Maxime Janvier,R,196,FRA,21.281,329,142,BA65,4,,Dustin Brown,R,196,JAM,33.142,127,467,6-3 6-7(4) 6-2,3,R16,105,4,2,79,48,36,22,14,1,2,1,2,93,53,33,21,15,3,8
2018-6239,Quimper,Hard,32,C,,20180129,20,HB64,5,,Quentin Halys,R,191,FRA,21.259,119,480,ME31,,,Vincent Millot,L,173,FRA,31.997,216,245,6-2 6-1,3,R16,42,9,2,40,27,24,9,8,0,0,0,9,45,25,14,7,7,5,9
2018-6239,Quimper,Hard,32,C,,20180129,21,LC11,,,Tristan Lamasine,R,183,FRA,24.903,334,139,K966,6,,Martin Klizan,L,191,SVK,28.553,146,383,3-6 6-4 7-6(5),3,R16,146,14,4,109,68,54,12,16,5,9,3,0,95,57,38,22,15,3,6
2018-6239,Quimper,Hard,32,C,,20180129,22,HB48,,,Calvin Hemery,R,191,FRA,23.003,153,355,I236,7,,Uladzimir Ignatik,R,183,BLR,27.546,184,290,6-4 6-4,3,R16,61,8,4,53,34,27,14,10,0,0,7,4,59,44,32,6,10,5,7
2018-6239,Quimper,Hard,32,C,,20180129,23,N679,,,Stefano Napolitano,R,196,ITA,22.804,209,251,MH16,8,,Yannick Maden,R,185,GER,28.255,142,399,3-6 7-6(8) 6-2,3,R16,118,11,2,100,65,44,19,14,5,8,7,5,98,69,46,13,15,9,13
2018-6239,Quimper,Hard,32,C,,20180129,24,MU94,,,Jaume Munar,R,183,ESP,20.736,182,292,TA29,,,Marco Trungelliti,R,178,ARG,27.995,246,213,6-7(6) 7-6(5) 6-3,3,R16,162,5,2,116,69,50,22,16,4,7,6,11,129,80,57,19,17,5,10
2018-6239,Quimper,Hard,32,C,,20180129,25,TE51,,,Stefanos Tsitsipas,R,193,GRE,19.466,83,657,N679,,,Stefano Napolitano,R,196,ITA,22.804,209,251,4-6 7-6(8) 6-4,3,QF,131,16,2,97,61,50,22,16,6,7,10,1,104,64,48,24,16,3,4
2018-6239,Quimper,Hard,32,C,,20180129,26,HB64,5,,Quentin Halys,R,191,FRA,21.259,119,480,J620,,,Maxime Janvier,R,196,FRA,21.281,329,142,7-6(4) 6-2,3,QF,82,15,3,75,50,39,12,10,4,4,0,2,64,37,26,12,10,4,6
2018-6239,Quimper,Hard,32,C,,20180129,27,HB48,,,Calvin Hemery,R,191,FRA,23.003,153,355,MU94,,,Jaume Munar,R,183,ESP,20.736,182,292,6-4 6-0,3,QF,60,7,5,48,30,25,9,8,2,3,0,1,53,36,20,6,8,4,9
2018-6239,Quimper,Hard,32,C,,20180129,28,V717,,,Alexey Vatutin,R,178,RUS,25.257,166,327,LC11,,,Tristan Lamasine,R,183,FRA,24.903,334,139,6-2 6-2,3,QF,59,2,0,54,33,19,15,8,4,5,2,1,41,24,12,7,8,1,6
2018-6239,Quimper,Hard,32,C,,20180129,29,HB64,5,,Quentin Halys,R,191,FRA,21.259,119,480,TE51,,,Stefanos Tsitsipas,R,193,GRE,19.466,83,657,1-6 6-4 7-6(4),3,SF,100,12,2,83,49,37,17,15,2,6,9,3,77,48,40,16,14,0,2
2018-6239,Quimper,Hard,32,C,,20180129,30,V717,,,Alexey Vatutin,R,178,RUS,25.257,166,327,HB48,,,Calvin Hemery,R,191,FRA,23.003,153,355,6-4 7-6(5),3,SF,94,2,1,64,37,31,19,11,0,0,14,6,85,48,39,13,11,12,13
2018-6239,Quimper,Hard,32,C,,20180129,31,HB64,5,,Quentin Halys,R,191,FRA,21.259,119,480,V717,,,Alexey Vatutin,R,178,RUS,25.257,166,327,6-3 7-6(1),3,F,79,16,4,67,43,36,13,11,3,4,1,4,65,40,24,14,10,3,5
2018-6486,Dallas,Hard,32,C,,20180129,1,BK40,,,Matteo Berrettini,R,196,ITA,21.799,128,465,SE73,1,,Yuichi Sugita,R,175,JPN,29.363,41,1235,3-6 6-1 7-6(3),3,R32,117,13,2,81,48,34,22,14,3,6,3,3,100,53,34,24,14,8,12
2018-6486,Dallas,Hard,32,C,,20180129,2,DC58,2,,Jared Donaldson,R,188,USA,21.306,59,878,A829,,,Radu Albot,R,175,MDA,28.216,89,618,6-4 7-6(4),3,R32,112,5,1,82,42,32,19,11,3,5,2,1,72,45,30,12,11,3,6
2018-6486,Dallas,Hard,32,C,,20180129,3,J386,3,,Steve Johnson,R,188,USA,28.099,50,975,SC77,,,Sergiy Stakhovsky,R,193,UKR,32.063,113,503,5-7 7-6(7) 6-4,3,R32,140,8,5,104,56,45,21,17,4,10,8,5,106,63,42,20,17,6,12
2018-6486,Dallas,Hard,32,C,,20180129,4,F724,,,Marton Fucsovics,R,188,HUN,25.974,63,844,P624,,,Philipp Petzschner,R,185,GER,33.851,1212,5,6-4 6-2,3,R32,66,4,2,49,26,20,17,9,0,0,5,4,71,33,22,17,9,8,11
2018-6486,Dallas,Hard,32,C,,20180129,5,SD32,5,,Gilles Simon,R,183,FRA,33.09,64,815,BE90,,,Ricardas Berankis,R,175,LTU,27.608,116,498,6-2 6-2,3,R32,69,2,2,64,39,25,13,8,4,6,1,2,50,35,15,3,8,4,10
2018-6486,Dallas,Hard,32,C,,20180129,6,DH58,,,Alex de Minaur,R,183,AUS,18.949,139,408,MN13,6,,Maximilian Marterer,L,188,GER,22.626,82,669,6-4 6-3,3,R32,78,1,0,65,40,30,14,9,2,2,0,4,61,36,23,11,10,1,4
2018-6486,Dallas,Hard,32,C,,20180129,7,CH73,,,Petros Chrysochos,R,185,CYP,21.81,1360,3,F586,,,Thomas Fabbiano,R,173,ITA,28.679,79,676,2-6 7-5 6-2,3,R32,116,8,3,119,77,43,26,14,13,16,3,4,85,59,40,14,14,5,9
2018-6486,Dallas,Hard,32,C,,20180129,8,BE67,,,Mirza Basic,R,188,BIH,26.552,134,442,MW83,,,Jody Maginley,R,193,ATG,22.648,1248,4,6-2 6-1,3,R32,50,2,2,43,23,20,11,7,4,4,0,4,49,26,12,10,8,6,11
2018-6486,Dallas,Hard,32,C,,20180129,9,F811,,,Bjorn Fratangelo,R,183,USA,24.531,105,523,K0A3,,,Patrick Kypson,R,188,USA,18.256,774,23,7-6(0) 6-0,3,R32,74,8,1,55,30,23,18,9,7,8,2,3,58,29,14,15,9,1,5
2018-6486,Dallas,Hard,32,C,,20180129,10,K926,,,Mikhail Kukushkin,R,183,KAZ,30.094,73,730,KA00,,,Austin Krajicek,L,188,USA,27.622,268,191,6-7(3) 6-4 7-5,3,R32,148,7,2,106,68,54,14,17,3,6,8,4,104,57,37,26,17,5,10
2018-6486,Dallas,Hard,32,C,,20180129,11,L797,,,Lukas Lacko,R,188,SVK,30.24,96,551,F664,,,Sebastian Fanselow,R,,GER,26.084,347,129,6-4 6-3,3,R32,78,4,4,54,25,17,17,10,3,6,0,6,64,37,21,11,9,6,11
2018-6486,Dallas,Hard,32,C,,20180129,12,MP01,,,Michael Mmoh,R,188,USA,20.052,164,332,H917,,,Tigre Hank,L,188,MEX,26.333,973,11,6-1 6-2,3,R32,51,5,3,45,28,23,12,8,4,4,3,2,38,21,16,2,7,0,4
2018-6486,Dallas,Hard,32,C,,20180129,13,RC91,,,Arthur Rinderknech,R,196,FRA,22.522,1065,8,RC24,,,Or Ram-Harel,R,180,ISR,22.992,720,27,3-6 7-5 6-4,3,R32,146,2,4,103,57,40,21,16,6,11,1,2,86,61,39,12,15,3,8
2018-6486,Dallas,Hard,32,C,,20180129,14,SF62,,,Tim Smyczek,R,175,USA,30.084,124,470,KD70,,,Pedja Krstin,R,183,SRB,23.406,230,227,6-4 6-3,3,R32,66,7,0,61,36,30,14,10,2,2,2,4,50,29,27,5,9,1,3
2018-6486,Dallas,Hard,32,C,,20180129,15,Y218,,,Elias Ymer,R,185,SWE,21.804,135,435,GE33,,,Daniel Elahi Galan,R,191,COL,21.615,292,168,6-2 3-6 6-3,3,R32,114,4,4,95,54,37,20,13,6,9,2,3,88,55,36,13,13,7,12
2018-6486,Dallas,Hard,32,C,,20180129,16,Y061,,,Mikhail Youzhny,R,183,RUS,35.598,92,604,E690,,,Matthew Ebden,R,188,AUS,30.177,74,721,3-6 6-1 7-6(4),3,R32,99,2,3,84,63,49,13,14,4,5,5,3,87,49,37,19,14,4,6
2018-6486,Dallas,Hard,32,C,,20180129,17,K926,,,Mikhail Kukushkin,R,183,KAZ,30.094,73,730,DC58,2,,Jared Donaldson,R,188,USA,21.306,59,878,6-3 6-3,3,R16,80,4,2,63,39,24,14,9,2,4,2,2,58,28,19,8,9,7,12
2018-6486,Dallas,Hard,32,C,,20180129,18,J386,3,,Steve Johnson,R,188,USA,28.099,50,975,L797,,,Lukas Lacko,R,188,SVK,30.24,96,551,6-0 6-2,3,R16,60,8,2,45,22,18,14,7,3,3,3,1,49,24,17,5,7,8,13
2018-6486,Dallas,Hard,32,C,,20180129,19,F724,,,Marton Fucsovics,R,188,HUN,25.974,63,844,Y218,,,Elias Ymer,R,185,SWE,21.804,135,435,6-4 3-6 6-3,3,R16,116,2,5,100,58,40,20,14,5,8,0,4,90,59,39,15,14,8,12
2018-6486,Dallas,Hard,32,C,,20180129,20,BE67,,,Mirza Basic,R,188,BIH,26.552,134,442,SD32,5,,Gilles Simon,R,183,FRA,33.09,64,815,7-5 3-6 6-3,3,R16,139,2,2,109,66,45,19,15,9,13,3,5,96,68,38,15,15,8,13
2018-6486,Dallas,Hard,32,C,,20180129,21,BK40,,,Matteo Berrettini,R,196,ITA,21.799,128,465,SF62,,,Tim Smyczek,R,175,USA,30.084,124,470,3-6 6-1 6-4,3,R16,115,2,2,77,46,36,18,13,4,5,2,2,97,61,40,15,13,9,12
2018-6486,Dallas,Hard,32,C,,20180129,22,CH73,,,Petros Chrysochos,R,185,CYP,21.81,1360,3,RC91,,,Arthur Rinderknech,R,196,FRA,22.522,1065,8,6-3 4-6 6-2,3,R16,114,3,2,80,51,33,16,13,2,5,4,8,101,61,40,15,14,6,12
2018-6486,Dallas,Hard,32,C,,20180129,23,DH58,,,Alex de Minaur,R,183,AUS,18.949,139,408,Y061,,,Mikhail Youzhny,R,183,RUS,35.598,92,604,6-2 2-6 6-2,3,R16,102,3,4,92,53,32,21,12,8,11,2,3,63,49,28,7,12,4,9
2018-6486,Dallas,Hard,32,C,,20180129,24,F811,,,Bjorn Fratangelo,R,183,USA,24.531,105,523,MP01,,,Michael Mmoh,R,188,USA,20.052,164,332,7-6(5) 6-4,3,R16,113,7,3,68,46,35,9,11,3,5,5,2,89,56,37,15,11,7,10
2018-6486,Dallas,Hard,32,C,,20180129,25,J386,3,,Steve Johnson,R,188,USA,28.099,50,975,DH58,,,Alex de Minaur,R,183,AUS,18.949,139,408,6-2 6-2,3,QF,60,5,0,37,22,20,12,8,0,0,0,0,52,31,14,12,8,3,7
2018-6486,Dallas,Hard,32,C,,20180129,26,F724,,,Marton Fucsovics,R,188,HUN,25.974,63,844,CH73,,,Petros Chrysochos,R,185,CYP,21.81,1360,3,6-3 6-3,3,QF,69,1,1,53,28,21,16,9,4,5,3,5,61,39,17,12,9,6,10
2018-6486,Dallas,Hard,32,C,,20180129,27,BK40,,,Matteo Berrettini,R,196,ITA,21.799,128,465,BE67,,,Mirza Basic,R,188,BIH,26.552,134,442,6-4 6-7(5) 6-1,3,QF,126,9,3,92,66,53,15,15,1,1,7,3,100,61,47,16,14,10,13
2018-6486,Dallas,Hard,32,C,,20180129,28,K926,,,Mikhail Kukushkin,R,183,KAZ,30.094,73,730,F811,,,Bjorn Fratangelo,R,183,USA,24.531,105,523,6-3 6-3,3,QF,73,5,1,58,35,27,11,9,1,2,2,3,59,32,19,11,9,4,8
2018-6486,Dallas,Hard,32,C,,20180129,29,K926,,,Mikhail Kukushkin,R,183,KAZ,30.094,73,730,J386,3,,Steve Johnson,R,188,USA,28.099,50,975,6-4 7-6(6),3,SF,112,4,1,83,47,37,20,11,7,8,7,4,71,33,24,24,11,4,6
2018-6486,Dallas,Hard,32,C,,20180129,30,BK40,,,Matteo Berrettini,R,196,ITA,21.799,128,465,F724,,,Marton Fucsovics,R,188,HUN,25.974,63,844,6-3 6-4,3,SF,84,7,2,70,42,32,14,9,8,9,2,1,53,27,20,13,10,2,6
2018-6486,Dallas,Hard,32,C,,20180129,31,K926,,,Mikhail Kukushkin,R,183,KAZ,30.094,73,730,BK40,,,Matteo Berrettini,R,196,ITA,21.799,128,465,6-2 3-6 6-1,3,F,103,2,3,68,40,31,13,12,1,3,8,2,72,46,31,9,12,3,8
2018-695,Dallas,Hard,32,C,,20180129,1,N552,,,Kei Nishikori,R,178,JPN,28.085,27,1555,N674,,,Dennis Novikov,R,193,USA,24.23,214,247,6-3 6-3,3,R32,65,2,3,45,27,21,12,9,0,1,11,3,65,40,23,9,9,6,10
2018-695,Dallas,Hard,32,C,,20180129,2,TD51,,,Frances Tiafoe,R,188,USA,20.025,93,596,KE64,,,Stefan Kozlov,R,183,USA,19.992,155,346,6-2 7-6(5),3,R32,88,5,4,68,45,35,7,10,1,3,6,9,75,39,29,12,10,4,8
2018-695,Dallas,Hard,32,C,,20180129,3,FB98,3,,Taylor Fritz,R,196,USA,20.255,76,711,CA33,,,Inigo Cervantes,R,180,ESP,28.164,331,141,6-2 5-7 6-1,3,R32,107,8,2,79,56,45,9,14,1,3,11,7,97,53,41,11,13,6,11
2018-695,Dallas,Hard,32,C,,20180129,4,KI95,,,Miomir Kecmanovic,R,183,SRB,18.415,204,259,F811,4,,Bjorn Fratangelo,R,183,USA,24.531,105,523,6-4 3-6 6-4,3,R32,113,4,1,86,46,34,20,15,6,10,4,6,90,37,28,26,14,3,7
2018-695,Dallas,Hard,32,C,,20180129,5,J380,,,Jason Jung,R,180,TPE,28.624,234,225,BK92,5,,Alexander Bublik,R,196,KAZ,20.619,131,446,6-4 6-4,3,R32,73,1,3,64,34,29,16,10,4,4,6,6,59,31,26,11,10,4,6
2018-695,Dallas,Hard,32,C,,20180129,6,O482,,,Gonzalo Oliveira,L,185,VEN,22.949,203,261,H997,6,,Yannick Hanfmann,R,193,GER,26.212,112,504,7-6(3) 7-6(5),3,R32,94,4,1,82,62,46,11,12,4,5,8,3,82,58,43,11,12,4,5
2018-695,Dallas,Hard,32,C,,20180129,7,SF62,7,,Tim Smyczek,R,175,USA,30.084,124,470,KC12,,,Mitchell Krueger,R,188,USA,24.047,206,253,6-1 4-6 6-3,3,R32,112,8,0,84,53,38,17,13,4,6,4,2,86,54,36,11,13,8,13
2018-695,Dallas,Hard,32,C,,20180129,8,PL56,8,,Tommy Paul,R,185,USA,20.704,149,366,SK67,,,Jan Satral,R,185,CZE,27.518,352,124,6-3 6-3,3,R32,69,4,0,63,39,25,16,9,1,1,3,1,59,37,26,7,9,5,8
2018-695,Dallas,Hard,32,C,,20180129,9,BC65,,,Matthias Bachinger,R,188,GER,30.828,162,332,KD87,,,Evgeny Karlovskiy,R,191,RUS,23.48,304,159,2-6 6-3 6-4,3,R32,116,10,1,96,64,41,19,14,5,7,6,1,100,71,45,16,13,8,10
2018-695,Dallas,Hard,32,C,,20180129,10,CC66,,,Andrea Collarini,L,183,ARG,25.996,233,226,PC78,,,Ante Pavic,R,196,CRO,28.898,294,165,1-6 7-6(6) 7-6(9),3,R32,146,6,6,109,74,56,17,15,6,8,15,8,111,58,50,29,16,4,4
2018-695,Dallas,Hard,32,C,,20180129,11,HB41,,,Jared Hiltzik,R,185,USA,23.562,410,95,SP24,,,Brayden Schnur,R,193,CAN,22.574,192,280,5-7 6-2 7-6(7),3,R32,120,16,3,104,63,51,16,16,3,6,12,4,102,76,50,12,16,5,9
2018-695,Dallas,Hard,32,C,,20180129,12,KA98,,,Bradley Klahn,L,183,USA,27.444,175,310,GC88,,,Marcos Giron,R,180,USA,24.517,333,140,6-4 2-6 6-4,3,R32,103,5,4,80,55,40,14,14,0,2,4,2,91,58,44,15,14,8,10
2018-695,Dallas,Hard,32,C,,20180129,13,KE73,,,Dominik Koepfer,L,180,GER,23.754,295,165,FB59,,,Francesco Ferrari,R,180,ITA,20.605,1028,10,6-7(6) 6-2 6-2,3,R32,120,3,1,91,61,41,21,14,1,2,2,1,99,64,40,14,14,3,8
2018-695,Dallas,Hard,32,C,,20180129,14,KA00,,,Austin Krajicek,L,188,USA,27.622,268,191,PF65,,,Filip Peliwo,R,180,POL,23.997,186,285,6-3 6-3,3,R32,62,8,1,44,31,28,8,9,0,0,6,6,68,36,24,15,9,10,13
2018-695,Dallas,Hard,32,C,,20180129,15,KB09,,,Denis Kudla,R,180,USA,25.451,167,326,K0A3,,,Patrick Kypson,R,188,USA,18.256,774,23,6-3 6-1,3,R32,62,3,3,46,22,18,14,8,1,2,6,2,56,30,15,10,8,2,7
2018-695,Dallas,Hard,32,C,,20180129,16,MK66,,,Mackenzie McDonald,R,178,USA,22.79,158,340,I230,,,Tatsuma Ito,R,180,JPN,29.7,151,359,7-5 6-3,3,R32,103,1,3,64,41,31,11,11,5,7,0,1,75,41,26,14,10,14,18
2018-695,Dallas,Hard,32,C,,20180129,17,N552,,,Kei Nishikori,R,178,JPN,28.085,27,1555,BC65,,,Matthias Bachinger,R,188,GER,30.828,162,332,4-6 6-4 6-4,3,R16,122,3,0,100,51,31,33,15,8,10,4,3,95,61,43,17,15,7,10
2018-695,Dallas,Hard,32,C,,20180129,18,MK66,,,Mackenzie McDonald,R,178,USA,22.79,158,340,TD51,,,Frances Tiafoe,R,188,USA,20.025,93,596,7-5 2-6 6-3,3,R16,127,8,5,107,64,43,21,15,14,18,7,4,92,58,37,17,14,4,8
2018-695,Dallas,Hard,32,C,,20180129,19,FB98,3,,Taylor Fritz,R,196,USA,20.255,76,711,KA98,,,Bradley Klahn,L,183,USA,27.444,175,310,6-4 2-6 7-6(2),3,R16,115,10,3,98,53,40,21,15,5,9,7,8,92,59,48,12,15,4,7
2018-695,Dallas,Hard,32,C,,20180129,20,SF62,7,,Tim Smyczek,R,175,USA,30.084,124,470,CC66,,,Andrea Collarini,L,183,ARG,25.996,233,226,6-4 6-4,3,R16,78,4,0,56,35,26,17,10,2,2,6,4,60,33,24,15,10,3,5
2018-695,Dallas,Hard,32,C,,20180129,21,KB09,,,Denis Kudla,R,180,USA,25.451,167,326,PL56,8,,Tommy Paul,R,185,USA,20.704,149,366,7-6(6) 6-4,3,R16,101,5,6,74,47,33,14,11,1,3,6,4,82,42,29,19,11,5,8
2018-695,Dallas,Hard,32,C,,20180129,22,J380,,,Jason Jung,R,180,TPE,28.624,234,225,HB41,,,Jared Hiltzik,R,185,USA,23.562,410,95,4-6 6-1 6-4,3,R16,95,6,3,88,62,46,14,14,4,5,12,4,73,36,33,15,13,0,3
2018-695,Dallas,Hard,32,C,,20180129,23,KI95,,,Miomir Kecmanovic,R,183,SRB,18.415,204,259,KA00,,,Austin Krajicek,L,188,USA,27.622,268,191,7-6(4) 6-7(5) 7-6(4),3,R16,157,14,5,132,80,64,28,18,5,6,26,4,115,77,64,21,18,3,4
2018-695,Dallas,Hard,32,C,,20180129,24,KE73,,,Dominik Koepfer,L,180,GER,23.754,295,165,O482,,,Gonzalo Oliveira,L,185,VEN,22.949,203,261,6-0 7-5,3,R16,65,2,1,49,30,27,10,9,0,0,3,1,56,44,27,3,9,5,9
2018-695,Dallas,Hard,32,C,,20180129,25,N552,,,Kei Nishikori,R,178,JPN,28.085,27,1555,KE73,,,Dominik Koepfer,L,180,GER,23.754,295,165,7-6(3) 6-3,3,QF,94,1,5,80,44,28,19,11,5,8,7,1,63,37,24,9,10,4,8
2018-695,Dallas,Hard,32,C,,20180129,26,KB09,,,Denis Kudla,R,180,USA,25.451,167,326,FB98,3,,Taylor Fritz,R,196,USA,20.255,76,711,6-3 6-3,3,QF,66,3,3,57,37,31,11,9,4,4,10,3,60,35,26,7,9,8,11
2018-695,Dallas,Hard,32,C,,20180129,27,MK66,,,Mackenzie McDonald,R,178,USA,22.79,158,340,SF62,7,,Tim Smyczek,R,175,USA,30.084,124,470,6-4 6-2,3,QF,72,3,3,62,40,29,13,9,3,3,2,1,54,40,23,7,9,3,6
2018-695,Dallas,Hard,32,C,,20180129,28,J380,,,Jason Jung,R,180,TPE,28.624,234,225,KI95,,,Miomir Kecmanovic,R,183,SRB,18.415,204,259,6-1 6-1,3,QF,47,4,1,42,31,25,5,7,3,3,0,2,45,22,10,9,7,1,6
2018-695,Dallas,Hard,32,C,,20180129,29,N552,,,Kei Nishikori,R,178,JPN,28.085,27,1555,J380,,,Jason Jung,R,180,TPE,28.624,234,225,6-4 6-4,3,SF,79,3,1,56,32,22,13,10,1,3,1,2,64,38,22,12,10,2,6
2018-695,Dallas,Hard,32,C,,20180129,30,MK66,,,Mackenzie McDonald,R,178,USA,22.79,158,340,KB09,,,Denis Kudla,R,180,USA,25.451,167,326,6-4 6-4,3,SF,78,8,1,66,47,35,9,10,2,3,8,3,64,35,28,12,10,4,7
2018-695,Dallas,Hard,32,C,,20180129,31,N552,,,Kei Nishikori,R,178,JPN,28.085,27,1555,MK66,,,Mackenzie McDonald,R,178,USA,22.79,158,340,6-1 6-4,3,F,79,3,1,67,34,26,19,9,4,4,1,5,54,26,17,14,8,7,10
2018-7584,Budapest,Hard,32,C,,20180211,1,F724,1,,Marton Fucsovics,R,188,HUN,26.01,62,844,BD80,,,Attila Balazs,R,180,HUN,29.374,227,234,7-5 6-0,3,R32,73,1,1,45,24,19,15,9,1,2,1,4,58,38,24,6,9,3,8
2018-7584,Budapest,Hard,32,C,,20180211,2,PD07,2,,Vasek Pospisil,R,193,CAN,27.639,85,648,I236,,,Uladzimir Ignatik,R,183,BLR,27.581,183,290,6-4 6-2,3,R32,57,7,1,48,28,24,12,9,0,0,4,2,45,25,19,8,9,0,3
2018-7584,Budapest,Hard,32,C,,20180211,3,VA70,,,Mate Valkusz,R,183,HUN,19.499,828,19,HB64,3,,Quentin Halys,R,191,FRA,21.295,102,531,6-7(3) 6-1 7-6(4),3,R32,135,3,6,127,78,60,23,16,11,13,11,6,97,53,39,22,15,6,10
2018-7584,Budapest,Hard,32,C,,20180211,4,Y218,4,,Elias Ymer,R,185,SWE,21.84,138,423,N729,,,Peter Nagy,R,180,HUN,25.906,526,61,6-3 6-2,3,R32,60,5,2,42,21,17,15,9,0,1,2,3,56,36,18,9,8,3,7
2018-7584,Budapest,Hard,32,C,,20180211,5,AG37,5,,Felix Auger-Aliassime,R,193,CAN,17.511,167,326,RA51,,,Blaz Rola,L,193,SLO,27.354,198,270,3-6 7-5 6-1,3,R32,98,15,2,70,44,33,18,14,1,3,4,2,91,60,42,13,14,8,12
2018-7584,Budapest,Hard,32,C,,20180211,6,Z254,6,,Jurgen Zopp,R,191,EST,29.873,173,315,P09O,,,Zsombor Piros,R,180,HUN,18.333,521,62,6-4 7-6(4),3,R32,89,8,2,73,50,41,12,11,4,5,2,2,72,36,27,21,11,2,4
2018-7584,Budapest,Hard,32,C,,20180211,7,GB61,7,,Viktor Galovic,R,193,CRO,27.398,181,293,KD70,,,Pedja Krstin,R,183,SRB,23.441,233,227,6-2 6-0,3,R32,60,10,2,46,26,20,13,7,5,5,0,8,57,32,21,4,7,5,10
2018-7584,Budapest,Hard,32,C,,20180211,8,MM66,8,,Nikola Milojevic,R,188,SRB,22.65,182,292,SN77,,,Vaclav Safranek,R,183,CZE,23.732,213,249,6-3 6-4,3,R32,80,1,1,57,37,24,11,9,4,7,1,4,78,37,19,19,10,9,15
2018-7584,Budapest,Hard,32,C,,20180211,9,BJ92,,,Gabor Borsos,R,193,HUN,26.62,957,12,PH64,,,Andrea Pellegrino,R,185,ITA,20.89,352,123,7-6(5) 7-6(5),3,R32,96,8,1,79,48,36,21,12,1,2,2,3,79,45,36,20,12,4,5
2018-7584,Budapest,Hard,32,C,,20180211,10,D981,,,Arthur De Greef,R,183,BEL,25.878,201,266,J400,,,Jeremy Jahn,R,178,GER,27.855,374,112,6-1 6-3,3,R32,67,4,3,50,28,20,13,8,4,5,0,6,61,35,18,10,8,4,9
2018-7584,Budapest,Hard,32,C,,20180211,11,HB71,,,Hubert Hurkacz,R,196,POL,20.999,225,237,DB59,,,Dennis Novak,R,183,AUT,24.457,200,266,6-3 6-3,3,R32,49,10,1,44,34,31,5,9,0,0,4,5,49,26,20,9,9,2,5
2018-7584,Budapest,Hard,32,C,,20180211,12,KH56,,,Zdenek Kolar,R,183,CZE,21.342,223,241,SF41,,,Aldin Setkic,R,191,BIH,30.144,191,281,7-5 5-7 6-1,3,R32,118,19,9,93,50,40,23,15,4,6,7,5,91,57,39,16,16,5,10
2018-7584,Budapest,Hard,32,C,,20180211,13,KB92,,,Kevin Krawietz,R,188,GER,26.051,557,54,I305,,,Ilya Ivashka,R,193,BLR,23.964,189,281,6-2 3-6 7-6(3),3,R32,138,2,4,112,73,51,20,14,6,7,4,2,93,56,42,20,15,2,4
2018-7584,Budapest,Hard,32,C,,20180211,14,KI74,,,Nicola Kuhn,R,185,GER,17.897,237,220,A622,,,Andrea Arnaboldi,L,180,ITA,30.127,232,229,7-6(4) 4-6 6-4,3,R32,139,4,4,118,78,52,21,16,5,8,5,5,101,55,38,25,16,4,7
2018-7584,Budapest,Hard,32,C,,20180211,15,LB66,,,Constant Lestienne,R,180,FRA,25.722,332,142,MQ75,,,Kamil Majchrzak,R,183,POL,22.081,214,249,7-5 6-2,3,R32,117,7,2,91,45,31,21,10,10,12,1,2,81,41,23,18,10,6,11
2018-7584,Budapest,Hard,32,C,,20180211,16,PG32,,,Adam Pavlasek,R,185,CZE,23.346,216,246,G681,,,Teymuraz Gabashvili,R,185,GEO,32.723,264,196,7-5 6-2,3,R32,79,8,2,60,40,29,13,10,4,5,1,8,61,29,20,12,10,3,7
2018-7584,Budapest,Hard,32,C,,20180211,17,F724,1,,Marton Fucsovics,R,188,HUN,26.01,62,844,HB71,,,Hubert Hurkacz,R,196,POL,20.999,225,237,6-7(3) 6-3 6-4,3,R16,130,5,5,104,62,48,22,16,3,4,4,2,92,60,45,16,15,6,9
2018-7584,Budapest,Hard,32,C,,20180211,18,PD07,2,,Vasek Pospisil,R,193,CAN,27.639,85,648,PG32,,,Adam Pavlasek,R,185,CZE,23.346,216,246,6-4 6-3,3,R16,70,3,3,61,33,27,17,10,2,2,1,3,50,28,21,11,9,2,4
2018-7584,Budapest,Hard,32,C,,20180211,19,Y218,4,,Elias Ymer,R,185,SWE,21.84,138,423,KH56,,,Zdenek Kolar,R,183,CZE,21.342,223,241,W/O,3,R16,,,,,,,,,,,,,,,,,,,
2018-7584,Budapest,Hard,32,C,,20180211,20,LB66,,,Constant Lestienne,R,180,FRA,25.722,332,142,AG37,5,,Felix Auger-Aliassime,R,193,CAN,17.511,167,326,6-0 6-2,3,R16,47,3,0,31,24,23,5,7,0,0,3,4,43,23,12,6,7,3,8
2018-7584,Budapest,Hard,32,C,,20180211,21,Z254,6,,Jurgen Zopp,R,191,EST,29.873,173,315,D981,,,Arthur De Greef,R,183,BEL,25.878,201,266,6-3 7-6(5),3,R16,85,6,2,60,34,23,15,10,1,3,7,2,68,40,26,12,11,3,7
2018-7584,Budapest,Hard,32,C,,20180211,22,KB92,,,Kevin Krawietz,R,188,GER,26.051,557,54,GB61,7,,Viktor Galovic,R,193,CRO,27.398,181,293,6-4 6-2,3,R16,62,2,0,51,28,22,16,9,1,1,5,1,50,33,20,10,9,3,6
2018-7584,Budapest,Hard,32,C,,20180211,23,MM66,8,,Nikola Milojevic,R,188,SRB,22.65,182,292,BJ92,,,Gabor Borsos,R,193,HUN,26.62,957,12,6-1 6-2,3,R16,68,2,1,57,29,23,16,8,2,2,1,0,47,25,12,9,7,3,7
2018-7584,Budapest,Hard,32,C,,20180211,24,KI74,,,Nicola Kuhn,R,185,GER,17.897,237,220,VA70,,,Mate Valkusz,R,183,HUN,19.499,828,19,6-2 7-6(5),3,R16,89,4,1,71,41,29,17,10,3,4,4,4,82,47,30,16,10,7,10
2018-7584,Budapest,Hard,32,C,,20180211,25,F724,1,,Marton Fucsovics,R,188,HUN,26.01,62,844,KB92,,,Kevin Krawietz,R,188,GER,26.051,557,54,6-4 6-3,3,QF,59,10,1,53,33,25,16,10,1,1,0,1,48,35,25,6,9,2,4
2018-7584,Budapest,Hard,32,C,,20180211,26,PD07,2,,Vasek Pospisil,R,193,CAN,27.639,85,648,LB66,,,Constant Lestienne,R,180,FRA,25.722,332,142,6-4 4-6 6-3,3,QF,113,10,5,82,47,37,19,14,5,7,4,3,91,53,36,19,15,6,10
2018-7584,Budapest,Hard,32,C,,20180211,27,MM66,8,,Nikola Milojevic,R,188,SRB,22.65,182,292,Y218,4,,Elias Ymer,R,185,SWE,21.84,138,423,7-6(7) 6-3,3,QF,116,1,1,73,42,31,20,11,2,3,3,4,86,48,35,17,10,6,8
2018-7584,Budapest,Hard,32,C,,20180211,28,KI74,,,Nicola Kuhn,R,185,GER,17.897,237,220,Z254,6,,Jurgen Zopp,R,191,EST,29.873,173,315,6-3 6-3,3,QF,60,3,2,57,38,27,11,9,4,5,6,6,48,30,22,2,9,2,6
2018-7584,Budapest,Hard,32,C,,20180211,29,KI74,,,Nicola Kuhn,R,185,GER,17.897,237,220,F724,1,,Marton Fucsovics,R,188,HUN,26.01,62,844,6-3 7-6(5),3,SF,97,2,2,75,53,42,12,11,2,2,7,1,72,39,29,20,10,3,4
2018-7584,Budapest,Hard,32,C,,20180211,30,PD07,2,,Vasek Pospisil,R,193,CAN,27.639,85,648,MM66,8,,Nikola Milojevic,R,188,SRB,22.65,182,292,7-5 4-6 6-4,3,SF,132,7,4,83,50,39,18,16,1,4,4,8,110,68,49,17,16,9,13
2018-7584,Budapest,Hard,32,C,,20180211,31,PD07,2,,Vasek Pospisil,R,193,CAN,27.639,85,648,KI74,,,Nicola Kuhn,R,185,GER,17.897,237,220,7-6(3) 3-6 6-3,3,F,144,8,1,106,64,49,22,15,7,9,8,3,122,85,56,18,15,10,12
2018-7697,San Francisco,Hard,32,C,,20180211,1,N674,,,Dennis Novikov,R,193,USA,24.266,215,247,BK92,1,,Alexander Bublik,R,196,KAZ,20.654,132,446,7-6(10) 3-6 6-2,3,R32,108,4,4,84,48,33,21,14,4,7,18,11,98,47,35,27,15,4,8
2018-7697,San Francisco,Hard,32,C,,20180211,2,MK66,2,,Mackenzie McDonald,R,178,USA,22.825,145,392,LE91,,,Florian Lakat,R,196,FRA,22.527,785,22,6-4 6-4,3,R32,70,3,2,55,31,25,14,10,4,5,14,9,67,39,30,6,10,4,7
2018-7697,San Francisco,Hard,32,C,,20180211,3,MP01,3,,Michael Mmoh,R,188,USA,20.088,163,332,GD64,,,Cristian Garin,R,185,CHI,21.703,298,164,6-2 6-3,3,R32,73,2,1,47,30,23,10,9,1,2,3,5,61,31,17,13,8,4,8
2018-7697,San Francisco,Hard,32,C,,20180211,4,KB09,4,,Denis Kudla,R,180,USA,25.487,166,326,PC78,,,Ante Pavic,R,196,CRO,28.934,296,165,6-4 7-6(4),3,R32,78,6,1,65,46,30,12,11,2,5,9,3,69,46,33,6,11,4,8
2018-7697,San Francisco,Hard,32,C,,20180211,5,KA98,5,,Bradley Klahn,L,183,USA,27.48,171,318,A853,,,Marcelo Arevalo,R,191,ESA,27.321,209,253,7-6(1) 6-3,3,R32,98,5,0,79,55,39,13,11,6,7,2,8,93,56,38,13,10,8,10
2018-7697,San Francisco,Hard,32,C,,20180211,6,RC96,6,,Noah Rubin,R,175,USA,21.974,186,286,H896,,,Jose Hernandez-Fernandez,R,183,DOM,27.918,286,173,6-1 3-0 RET,3,R32,38,6,1,23,15,11,6,5,0,1,1,4,32,16,8,1,5,3,8
2018-7697,San Francisco,Hard,32,C,,20180211,7,PF65,7,,Filip Peliwo,R,180,POL,24.033,188,284,G585,,,Maximo Gonzalez,R,173,ARG,34.565,403,97,6-4 6-2,3,R32,66,3,5,49,30,28,6,9,1,3,1,4,60,30,18,12,9,3,8
2018-7697,San Francisco,Hard,32,C,,20180211,8,KI95,,,Miomir Kecmanovic,R,183,SRB,18.45,194,276,SP24,8,,Brayden Schnur,R,193,CAN,22.609,192,280,6-4 7-6(2),3,R32,83,7,4,64,34,28,16,11,1,3,7,4,68,44,27,12,11,1,4
2018-7697,San Francisco,Hard,32,C,,20180211,9,AB71,,,JC Aragone,R,178,USA,22.626,452,79,GC88,,,Marcos Giron,R,180,USA,24.553,341,132,6-4 4-6 7-6(5),3,R32,142,6,2,115,76,49,24,16,7,10,8,4,116,73,55,15,16,11,14
2018-7697,San Francisco,Hard,32,C,,20180211,10,E865,,,Christopher Eubanks,R,201,USA,21.771,323,147,KD87,,,Evgeny Karlovskiy,R,191,RUS,23.515,300,163,7-6(4) 4-3 RET,3,R32,59,11,1,51,37,34,5,9,1,2,9,2,63,42,32,10,10,4,6
2018-7697,San Francisco,Hard,32,C,,20180211,11,GE33,,,Daniel Elahi Galan,R,191,COL,21.651,293,168,SM88,,,Karue Sell,R,183,BRA,24.246,538,58,7-6(3) 3-6 6-3,3,R32,110,5,1,95,64,43,12,15,2,6,4,4,98,64,42,16,15,4,8
2018-7697,San Francisco,Hard,32,C,,20180211,12,HB41,,,Jared Hiltzik,R,185,USA,23.598,382,107,U120,,,Kaichi Uchida,R,180,JPN,23.472,330,144,7-6(3) 4-6 6-3,3,R32,121,14,6,104,61,49,15,16,7,11,4,4,105,60,42,20,15,7,11
2018-7697,San Francisco,Hard,32,C,,20180211,13,J380,,,Jason Jung,R,180,TPE,28.66,205,260,CA33,,,Inigo Cervantes,R,180,ESP,28.2,325,146,6-2 6-0,3,R32,51,0,1,35,27,23,5,7,0,0,6,4,51,26,13,9,7,6,11
2018-7697,San Francisco,Hard,32,C,,20180211,14,KE73,,,Dominik Koepfer,L,180,GER,23.789,285,173,SK67,,,Jan Satral,R,185,CZE,27.554,345,129,6-2 6-2,3,R32,65,3,0,64,40,28,13,8,7,8,0,4,49,26,13,10,8,5,10
2018-7697,San Francisco,Hard,32,C,,20180211,15,KC12,,,Mitchell Krueger,R,188,USA,24.082,208,253,O482,,,Gonzalo Oliveira,L,185,VEN,22.984,203,263,6-3 6-4,3,R32,90,8,5,75,45,39,12,10,1,1,3,0,51,29,21,11,9,3,5
2018-7697,San Francisco,Hard,32,C,,20180211,16,T0A8,,,Danny Thomas,L,183,USA,18.223,870,16,CC66,,,Andrea Collarini,L,183,ARG,26.031,228,232,7-6(4) 7-6(4),3,R32,119,7,6,88,52,40,19,12,3,5,3,6,100,58,38,21,12,6,8
2018-7697,San Francisco,Hard,32,C,,20180211,17,J380,,,Jason Jung,R,180,TPE,28.66,205,260,MK66,2,,Mackenzie McDonald,R,178,USA,22.825,145,392,1-6 7-6(3) 6-2,3,R16,108,2,3,91,53,34,19,14,4,9,5,4,77,46,31,15,13,5,9
2018-7697,San Francisco,Hard,32,C,,20180211,18,MP01,3,,Michael Mmoh,R,188,USA,20.088,163,332,E865,,,Christopher Eubanks,R,201,USA,21.771,323,147,6-4 6-4,3,R16,64,4,0,52,38,29,11,10,0,0,6,3,59,39,30,9,10,3,5
2018-7697,San Francisco,Hard,32,C,,20180211,19,KE73,,,Dominik Koepfer,L,180,GER,23.789,285,173,KB09,4,,Denis Kudla,R,180,USA,25.487,166,326,7-6(3) 6-3,3,R16,88,8,2,80,49,37,16,11,4,6,2,1,64,35,24,14,10,4,7
2018-7697,San Francisco,Hard,32,C,,20180211,20,KA98,5,,Bradley Klahn,L,183,USA,27.48,171,318,KC12,,,Mitchell Krueger,R,188,USA,24.082,208,253,6-7(4) 6-4 6-4,3,R16,139,12,4,95,61,46,19,16,5,7,4,4,106,62,41,24,16,5,9
2018-7697,San Francisco,Hard,32,C,,20180211,21,RC96,6,,Noah Rubin,R,175,USA,21.974,186,286,HB41,,,Jared Hiltzik,R,185,USA,23.598,382,107,6-1 6-4,3,R16,59,2,2,56,32,22,16,9,0,1,2,3,48,24,15,10,8,5,9
2018-7697,San Francisco,Hard,32,C,,20180211,22,PF65,7,,Filip Peliwo,R,180,POL,24.033,188,284,T0A8,,,Danny Thomas,L,183,USA,18.223,870,16,6-3 6-2,3,R16,62,4,4,55,37,26,11,9,5,6,3,0,49,25,13,11,8,4,8
2018-7697,San Francisco,Hard,32,C,,20180211,23,KI95,,,Miomir Kecmanovic,R,183,SRB,18.45,194,276,AB71,,,JC Aragone,R,178,USA,22.626,452,79,6-4 7-6(6),3,R16,94,5,1,76,47,32,20,11,4,5,4,2,74,50,34,14,11,5,7
2018-7697,San Francisco,Hard,32,C,,20180211,24,N674,,,Dennis Novikov,R,193,USA,24.266,215,247,GE33,,,Daniel Elahi Galan,R,191,COL,21.651,293,168,5-7 6-3 6-4,3,R16,102,15,3,93,57,45,19,16,4,6,10,4,86,53,44,12,15,8,11
2018-7697,San Francisco,Hard,32,C,,20180211,25,KI95,,,Miomir Kecmanovic,R,183,SRB,18.45,194,276,MP01,3,,Michael Mmoh,R,188,USA,20.088,163,332,7-6(3) 6-7(4) 6-1,3,QF,158,7,1,109,58,44,27,15,8,10,4,3,107,75,47,18,16,5,10
2018-7697,San Francisco,Hard,32,C,,20180211,26,KE73,,,Dominik Koepfer,L,180,GER,23.789,285,173,KA98,5,,Bradley Klahn,L,183,USA,27.48,171,318,6-2 7-6(6),3,QF,88,2,4,73,48,32,16,10,3,4,5,4,75,51,31,15,10,3,6
2018-7697,San Francisco,Hard,32,C,,20180211,27,J380,,,Jason Jung,R,180,TPE,28.66,205,260,RC96,6,,Noah Rubin,R,175,USA,21.974,186,286,6-3 6-1,3,QF,52,1,3,47,30,25,8,8,4,5,1,1,47,26,14,8,8,7,12
2018-7697,San Francisco,Hard,32,C,,20180211,28,N674,,,Dennis Novikov,R,193,USA,24.266,215,247,PF65,7,,Filip Peliwo,R,180,POL,24.033,188,284,7-5 7-5,3,QF,81,11,7,67,39,34,13,12,4,6,7,0,74,44,33,14,12,4,8
2018-7697,San Francisco,Hard,32,C,,20180211,29,J380,,,Jason Jung,R,180,TPE,28.66,205,260,KI95,,,Miomir Kecmanovic,R,183,SRB,18.45,194,276,7-6(5) 4-6 6-2,3,SF,117,11,1,88,59,49,16,15,0,1,7,4,103,63,47,19,15,3,5
2018-7697,San Francisco,Hard,32,C,,20180211,30,KE73,,,Dominik Koepfer,L,180,GER,23.789,285,173,N674,,,Dennis Novikov,R,193,USA,24.266,215,247,6-3 6-1,3,SF,52,1,1,50,37,27,8,8,3,3,4,3,46,25,16,8,8,2,6
2018-7697,San Francisco,Hard,32,C,,20180211,31,J380,,,Jason Jung,R,180,TPE,28.66,205,260,KE73,,,Dominik Koepfer,L,180,GER,23.789,285,173,6-4 2-6 7-6(5),3,F,125,3,3,106,69,43,17,15,4,8,7,5,100,63,43,17,15,2,5
2018-398,Cherbourg,Hard,32,C,,20180218,1,SD32,1,,Gilles Simon,R,183,FRA,33.144,64,815,BM95,,,Benjamin Bonzi,R,183,FRA,21.695,202,265,6-4 7-6(5),3,R32,126,8,5,87,44,34,18,11,7,10,1,0,93,55,36,15,11,5,9
2018-398,Cherbourg,Hard,32,C,,20180218,2,MN13,2,,Maximilian Marterer,L,188,GER,22.68,78,702,MU94,,,Jaume Munar,R,183,ESP,20.791,180,307,6-3 7-6(4),3,R32,73,11,0,66,46,38,13,11,1,1,6,0,55,35,29,12,10,1,2
2018-398,Cherbourg,Hard,32,C,,20180218,3,J267,,,Malek Jaziri,R,185,TUN,34.081,118,495,BU54,,,Geoffrey Blancaneaux,R,180,FRA,19.532,278,181,6-4 6-4,3,R32,99,2,0,57,28,19,19,10,2,4,1,3,78,43,27,14,10,8,12
2018-398,Cherbourg,Hard,32,C,,20180218,4,BK40,4,,Matteo Berrettini,R,196,ITA,21.854,124,465,TB20,,,Maxime Tabatruong,R,180,FRA,28.402,474,75,6-7(3) 7-5 6-4,3,R32,146,12,1,110,74,54,23,17,5,6,7,3,111,68,49,22,17,7,10
2018-398,Cherbourg,Hard,32,C,,20180218,5,O449,5,,Oscar Otte,R,193,GER,24.594,136,432,CI14,,,Jay Clarke,R,183,GBR,19.565,270,190,6-2 6-2,3,R32,57,7,1,42,31,26,6,8,0,0,3,0,52,31,17,10,8,3,7
2018-398,Cherbourg,Hard,32,C,,20180218,6,BK19,,,Mathias Bourgue,R,188,FRA,24.085,191,287,GB93,6,,Norbert Gombos,R,193,SVK,27.518,134,435,6-3 6-4,3,R32,75,5,2,62,41,34,11,10,2,2,2,4,60,34,25,13,9,4,6
2018-398,Cherbourg,Hard,32,C,,20180218,7,D750,7,,Kenny De Schepper,L,203,FRA,30.727,157,347,DF92,,,Corentin Denolly,L,188,FRA,20.704,399,98,6-3 3-6 6-4,3,R32,100,15,3,87,65,50,10,14,5,6,3,4,82,56,40,16,14,3,5
2018-398,Cherbourg,Hard,32,C,,20180218,8,SJ22,,,Gleb Sakharov,R,185,FRA,29.692,160,344,HB48,8,,Calvin Hemery,R,191,FRA,23.058,152,369,6-2 6-1,3,R32,62,7,0,49,36,26,9,8,1,1,4,1,45,31,17,6,7,6,10
2018-398,Cherbourg,Hard,32,C,,20180218,9,K839,,,Tobias Kamke,R,178,GER,31.748,235,221,SN77,,,Vaclav Safranek,R,183,CZE,23.751,215,247,7-6(1) 6-4,3,R32,83,0,0,75,46,36,15,11,3,4,2,2,67,41,27,14,11,0,2
2018-398,Cherbourg,Hard,32,C,,20180218,10,LB66,,,Constant Lestienne,R,180,FRA,25.741,304,160,DB59,,,Dennis Novak,R,183,AUT,24.476,201,266,6-1 6-2,3,R32,51,8,0,44,30,24,10,8,2,2,1,3,52,27,16,8,7,9,13
2018-398,Cherbourg,Hard,32,C,,20180218,11,MJ71,,,Mats Moraing,L,198,GER,25.665,174,316,O482,,,Gonzalo Oliveira,L,185,VEN,23.003,203,263,7-5 7-6(2),3,R32,81,19,5,70,46,38,15,12,0,1,6,4,75,46,33,16,12,4,6
2018-398,Cherbourg,Hard,32,C,,20180218,12,PG32,,,Adam Pavlasek,R,185,CZE,23.365,208,253,BM43,,,Remi Boutillier,R,188,FRA,28.093,502,67,6-4 2-6 6-4,3,R32,102,4,3,85,52,36,19,14,3,5,2,4,99,69,49,12,14,4,6
2018-398,Cherbourg,Hard,32,C,,20180218,13,P09Z,,,Alexei Popyrin,R,196,AUS,18.541,553,55,MQ75,,,Kamil Majchrzak,R,183,POL,22.1,213,249,6-3 2-1 RET,3,R32,48,6,1,38,27,20,3,6,1,3,0,2,43,27,12,7,6,2,6
2018-398,Cherbourg,Hard,32,C,,20180218,14,V495,,,Luca Vanni,R,198,ITA,32.709,288,170,BE68,,,Tomislav Brkic,R,185,BIH,27.948,234,222,7-6(2) 6-2,3,R32,87,13,2,63,41,30,12,10,1,3,5,3,76,46,31,11,10,8,12
2018-398,Cherbourg,Hard,32,C,,20180218,15,V717,,,Alexey Vatutin,R,178,RUS,25.311,154,355,TE16,,,Carlos Taberner,R,183,ESP,20.531,182,307,6-1 6-1,3,R32,49,3,2,42,29,25,5,7,4,4,1,1,39,21,10,5,7,0,5
2018-398,Cherbourg,Hard,32,C,,20180218,16,Y268,,,Mikael Ymer,R,185,SWE,19.444,394,100,HA71,,,Antoine Hoang,R,183,FRA,22.292,256,199,3-6 6-4 7-6(7),3,R32,151,3,6,112,79,51,18,15,10,14,3,5,104,75,51,13,16,4,8
2018-398,Cherbourg,Hard,32,C,,20180218,17,MJ71,,,Mats Moraing,L,198,GER,25.665,174,316,SD32,1,,Gilles Simon,R,183,FRA,33.144,64,815,6-4 6-4,3,R16,66,14,2,55,36,29,13,10,3,3,5,1,60,38,26,12,10,3,5
2018-398,Cherbourg,Hard,32,C,,20180218,18,MN13,2,,Maximilian Marterer,L,188,GER,22.68,78,702,V495,,,Luca Vanni,R,198,ITA,32.709,288,170,6-4 6-3,3,R16,81,4,2,69,39,27,17,10,8,10,3,1,54,32,20,9,9,3,7
2018-398,Cherbourg,Hard,32,C,,20180218,19,K839,,,Tobias Kamke,R,178,GER,31.748,235,221,J267,,,Malek Jaziri,R,185,TUN,34.081,118,495,7-6(8) 6-2,3,R16,100,0,2,68,39,25,19,10,4,6,3,0,73,39,19,20,10,4,8
2018-398,Cherbourg,Hard,32,C,,20180218,20,BK40,4,,Matteo Berrettini,R,196,ITA,21.854,124,465,PG32,,,Adam Pavlasek,R,185,CZE,23.365,208,253,6-3 7-6(3),3,R16,77,5,0,66,41,35,12,11,0,1,2,1,58,38,27,11,10,0,2
2018-398,Cherbourg,Hard,32,C,,20180218,21,P09Z,,,Alexei Popyrin,R,196,AUS,18.541,553,55,O449,5,,Oscar Otte,R,193,GER,24.594,136,432,6-4 3-6 6-3,3,R16,94,6,3,101,64,47,17,14,4,6,15,8,74,50,43,8,14,0,3
2018-398,Cherbourg,Hard,32,C,,20180218,22,D750,7,,Kenny De Schepper,L,203,FRA,30.727,157,347,V717,,,Alexey Vatutin,R,178,RUS,25.311,154,355,W/O,3,R16,,,,,,,,,,,,,,,,,,,
2018-398,Cherbourg,Hard,32,C,,20180218,23,LB66,,,Constant Lestienne,R,180,FRA,25.741,304,160,BK19,,,Mathias Bourgue,R,188,FRA,24.085,191,287,6-2 1-6 6-3,3,R16,101,5,2,82,47,35,16,12,6,8,4,0,67,46,36,9,12,1,4
2018-398,Cherbourg,Hard,32,C,,20180218,24,Y268,,,Mikael Ymer,R,185,SWE,19.444,394,100,SJ22,,,Gleb Sakharov,R,185,FRA,29.692,160,344,6-4 6-4,3,R16,87,2,1,62,40,31,10,10,4,5,2,1,60,41,27,10,10,3,6
2018-398,Cherbourg,Hard,32,C,,20180218,25,MN13,2,,Maximilian Marterer,L,188,GER,22.68,78,702,P09Z,,,Alexei Popyrin,R,196,AUS,18.541,553,55,6-2 6-4,3,QF,56,9,0,48,36,30,9,9,1,1,1,4,52,28,24,7,9,3,6
2018-398,Cherbourg,Hard,32,C,,20180218,26,BK40,4,,Matteo Berrettini,R,196,ITA,21.854,124,465,D750,7,,Kenny De Schepper,L,203,FRA,30.727,157,347,6-4 7-5,3,QF,82,12,0,70,50,40,11,11,5,5,7,2,60,44,34,7,11,2,4
2018-398,Cherbourg,Hard,32,C,,20180218,27,LB66,,,Constant Lestienne,R,180,FRA,25.741,304,160,K839,,,Tobias Kamke,R,178,GER,31.748,235,221,6-3 4-6 6-3,3,QF,106,7,1,77,48,33,16,14,2,6,2,1,86,57,33,14,14,1,7
2018-398,Cherbourg,Hard,32,C,,20180218,28,MJ71,,,Mats Moraing,L,198,GER,25.665,174,316,Y268,,,Mikael Ymer,R,185,SWE,19.444,394,100,6-2 6-2,3,QF,52,7,3,41,26,21,12,8,0,0,2,0,47,32,19,7,8,2,6
2018-398,Cherbourg,Hard,32,C,,20180218,29,MN13,2,,Maximilian Marterer,L,188,GER,22.68,78,702,BK40,4,,Matteo Berrettini,R,196,ITA,21.854,124,465,6-4 7-6(7),3,SF,88,9,1,73,52,38,13,11,2,3,9,0,63,42,35,11,11,0,2
2018-398,Cherbourg,Hard,32,C,,20180218,30,LB66,,,Constant Lestienne,R,180,FRA,25.741,304,160,MJ71,,,Mats Moraing,L,198,GER,25.665,174,316,6-3 6-4,3,SF,67,4,1,69,42,34,13,10,6,6,10,4,45,28,22,8,9,0,2
2018-398,Cherbourg,Hard,32,C,,20180218,31,MN13,2,,Maximilian Marterer,L,188,GER,22.68,78,702,LB66,,,Constant Lestienne,R,180,FRA,25.741,304,160,6-4 7-5,3,F,81,6,1,58,37,26,17,11,2,3,3,0,75,48,29,13,11,2,5
2018-6963,Morelos,Hard,32,C,,20180224,1,MF35,1,,Andrej Martin,R,183,SVK,28.43,132,446,Q941,,,Roberto Quiroz,L,193,ECU,26.004,272,189,6-2 5-7 7-5,3,R32,133,2,2,96,64,45,17,16,3,6,3,2,110,68,41,21,16,6,11
2018-6963,Morelos,Hard,32,C,,20180224,2,KB14,2,,Kevin King,L,191,USA,26.99,179,303,GA36,,,Emilio Gomez,R,185,ECU,26.242,442,83,6-4 6-3,3,R32,81,2,11,67,36,28,12,10,1,4,1,4,61,33,17,12,9,4,9
2018-6963,Morelos,Hard,32,C,,20180224,3,N674,3,,Dennis Novikov,R,193,USA,24.301,210,251,O340,,,Roberto Ortega-Olmedo,R,168,ESP,26.823,308,160,7-6(2) 5-7 6-4,3,R32,113,15,3,104,68,53,20,17,0,1,6,6,91,51,45,24,17,1,2
2018-6963,Morelos,Hard,32,C,,20180224,4,KB37,4,,Evan King,L,185,USA,25.919,192,275,SF89,,,Rubin Statham,R,180,NZL,30.836,314,158,6-7(1) 6-3 6-3,3,R32,143,13,5,97,62,46,18,15,9,11,5,2,108,64,41,23,15,6,11
2018-6963,Morelos,Hard,32,C,,20180224,5,F664,,,Sebastian Fanselow,R,,GER,26.155,345,126,A853,5,,Marcelo Arevalo,R,191,ESA,27.357,214,246,6-4 5-7 7-6(6),3,R32,143,4,2,105,65,50,20,17,1,4,9,9,117,75,49,22,17,3,6
2018-6963,Morelos,Hard,32,C,,20180224,6,KD46,,,Thanasi Kokkinakis,R,193,AUS,21.875,215,245,BG72,,,Carlos Boluda-Purkiss,R,173,ESP,25.09,299,162,6-2 7-6(4),3,R32,86,9,2,61,31,26,18,10,1,2,1,1,69,45,26,13,10,4,7
2018-6963,Morelos,Hard,32,C,,20180224,7,KD70,7,,Pedja Krstin,R,183,SRB,23.477,232,227,H917,,,Tigre Hank,L,188,MEX,26.404,971,11,6-3 6-0,3,R32,44,0,1,40,25,21,11,8,0,0,3,2,31,18,10,5,7,0,4
2018-6963,Morelos,Hard,32,C,,20180224,8,PG20,8,,Dmitry Popko,R,191,KAZ,21.336,254,200,D916,,,Steven Diez,R,175,CAN,26.943,306,161,4-6 6-2 6-2,3,R32,123,2,0,75,51,37,13,13,1,3,6,7,104,64,41,16,13,12,17
2018-6963,Morelos,Hard,32,C,,20180224,9,CF88,,,Roberto Cid Subervi,R,193,DOM,24.487,448,81,KA00,,,Austin Krajicek,L,188,USA,27.693,270,191,7-5 1-0 RET,3,R32,41,3,0,37,20,15,12,7,3,4,3,1,29,21,18,1,6,2,4
2018-6963,Morelos,Hard,32,C,,20180224,10,E865,,,Christopher Eubanks,R,201,USA,21.807,301,161,SK41,,,Nicolaas Scholtz,R,,RSA,27.053,329,144,6-3 6-4,3,R32,46,14,6,54,38,34,8,10,1,1,15,3,45,35,31,2,9,3,5
2018-6963,Morelos,Hard,32,C,,20180224,11,GE33,,,Daniel Elahi Galan,R,191,COL,21.687,292,166,H896,,,Jose Hernandez-Fernandez,R,183,DOM,27.953,304,161,6-1 RET,3,R32,27,4,1,28,17,12,8,4,3,3,0,1,21,10,6,3,3,1,3
2018-6963,Morelos,Hard,32,C,,20180224,12,GD64,,,Cristian Garin,R,185,CHI,21.739,296,164,ME05,,,Marinko Matosevic,R,193,AUS,32.548,334,139,6-2 6-4,3,R32,71,4,2,55,39,30,7,9,6,7,5,3,61,31,18,15,9,6,10
2018-6963,Morelos,Hard,32,C,,20180224,13,G892,,,Alejandro Gonzalez,R,191,COL,29.046,331,143,PE42,,,Luis Patino,R,183,MEX,24.386,948,12,6-0 6-2,3,R32,73,0,2,48,29,21,12,7,3,3,3,6,64,39,18,10,7,11,16
2018-6963,Morelos,Hard,32,C,,20180224,14,LG87,,,Gerardo Lopez Villasenor,R,191,MEX,22.79,1784,1,V824,,,Mario Vilella Martinez,R,178,ESP,22.648,339,133,6-4 4-6 6-4,3,R32,116,1,3,109,67,43,24,15,7,10,6,11,86,44,33,19,15,6,10
2018-6963,Morelos,Hard,32,C,,20180224,15,PC78,,,Ante Pavic,R,196,CRO,28.969,294,165,CH12,,,Jan Choinski,R,196,GBR,21.708,282,176,6-4 6-3,3,R32,77,12,4,65,38,28,14,10,4,5,2,2,60,35,24,11,9,5,8
2018-6963,Morelos,Hard,32,C,,20180224,16,SL07,,,Alexander Sarkissian,R,191,USA,27.896,278,182,SI82,,,Manuel Sanchez,R,,MEX,27.138,562,54,6-4 6-4,3,R32,70,4,2,52,34,27,13,10,0,0,11,7,62,37,28,11,10,3,5
2018-6963,Morelos,Hard,32,C,,20180224,17,MF35,1,,Andrej Martin,R,183,SVK,28.43,132,446,E865,,,Christopher Eubanks,R,201,USA,21.807,301,161,6-4 6-2,3,R16,61,2,2,51,31,24,13,9,1,1,5,1,57,37,24,10,9,3,6
2018-6963,Morelos,Hard,32,C,,20180224,18,KB14,2,,Kevin King,L,191,USA,26.99,179,303,LG87,,,Gerardo Lopez Villasenor,R,191,MEX,22.79,1784,1,6-1 6-1,3,R16,59,3,4,48,23,16,18,7,2,2,0,5,52,28,15,7,7,5,10
2018-6963,Morelos,Hard,32,C,,20180224,19,N674,3,,Dennis Novikov,R,193,USA,24.301,210,251,PC78,,,Ante Pavic,R,196,CRO,28.969,294,165,6-4 7-6(7),3,R16,73,9,2,64,50,42,7,11,0,0,12,3,69,47,36,12,11,1,2
2018-6963,Morelos,Hard,32,C,,20180224,20,GD64,,,Cristian Garin,R,185,CHI,21.739,296,164,KB37,4,,Evan King,L,185,USA,25.919,192,275,6-3 7-6(4),3,R16,89,7,6,86,42,33,24,11,8,9,3,3,57,37,26,12,10,0,2
2018-6963,Morelos,Hard,32,C,,20180224,21,KD46,,,Thanasi Kokkinakis,R,193,AUS,21.875,215,245,GE33,,,Daniel Elahi Galan,R,191,COL,21.687,292,166,7-6(4) 7-5,3,R16,106,13,5,84,50,42,14,12,4,5,6,1,70,46,34,14,12,3,5
2018-6963,Morelos,Hard,32,C,,20180224,22,KD70,7,,Pedja Krstin,R,183,SRB,23.477,232,227,CF88,,,Roberto Cid Subervi,R,193,DOM,24.487,448,81,6-7(5) 6-3 6-0,3,R16,131,4,5,105,67,46,19,14,7,9,6,1,92,59,37,14,13,10,16
2018-6963,Morelos,Hard,32,C,,20180224,23,PG20,8,,Dmitry Popko,R,191,KAZ,21.336,254,200,G892,,,Alejandro Gonzalez,R,191,COL,29.046,331,143,6-1 6-3,3,R16,72,3,1,56,36,29,8,8,4,5,1,3,49,28,16,5,8,1,6
2018-6963,Morelos,Hard,32,C,,20180224,24,SL07,,,Alexander Sarkissian,R,191,USA,27.896,278,182,F664,,,Sebastian Fanselow,R,,GER,26.155,345,126,6-4 6-4,3,R16,86,3,1,62,36,25,15,10,3,5,3,7,71,40,24,15,10,4,8
2018-6963,Morelos,Hard,32,C,,20180224,25,KD46,,,Thanasi Kokkinakis,R,193,AUS,21.875,215,245,MF35,1,,Andrej Martin,R,183,SVK,28.43,132,446,3-6 7-6(7) 6-2,3,QF,142,9,2,85,55,40,16,14,3,5,6,7,102,62,46,19,15,7,10
2018-6963,Morelos,Hard,32,C,,20180224,26,KD70,7,,Pedja Krstin,R,183,SRB,23.477,232,227,KB14,2,,Kevin King,L,191,USA,26.99,179,303,6-4 6-4,3,QF,87,2,2,57,34,20,14,10,1,4,4,7,74,45,26,11,10,7,12
2018-6963,Morelos,Hard,32,C,,20180224,27,N674,3,,Dennis Novikov,R,193,USA,24.301,210,251,SL07,,,Alexander Sarkissian,R,191,USA,27.896,278,182,6-1 7-6(4),3,QF,78,15,0,70,38,32,19,10,1,1,11,5,63,40,27,11,9,5,7
2018-6963,Morelos,Hard,32,C,,20180224,28,GD64,,,Cristian Garin,R,185,CHI,21.739,296,164,PG20,8,,Dmitry Popko,R,191,KAZ,21.336,254,200,6-1 3-6 6-1,3,QF,106,9,7,77,47,36,14,12,3,4,0,3,89,62,38,10,11,10,14
2018-6963,Morelos,Hard,32,C,,20180224,29,N674,3,,Dennis Novikov,R,193,USA,24.301,210,251,KD70,7,,Pedja Krstin,R,183,SRB,23.477,232,227,6-1 6-4,3,SF,57,11,1,47,26,21,16,9,0,0,3,9,59,35,22,9,8,5,8
2018-6963,Morelos,Hard,32,C,,20180224,30,GD64,,,Cristian Garin,R,185,CHI,21.739,296,164,KD46,,,Thanasi Kokkinakis,R,193,AUS,21.875,215,245,W/O,3,SF,,,,,,,,,,,,,,,,,,,
2018-6963,Morelos,Hard,32,C,,20180224,31,N674,3,,Dennis Novikov,R,193,USA,24.301,210,251,GD64,,,Cristian Garin,R,185,CHI,21.739,296,164,6-4 6-3,3,F,69,11,4,74,47,35,12,10,9,10,8,5,48,28,21,6,9,2,5
2018-854,Bergamo,Hard,32,C,,20180225,1,BK40,,,Matteo Berrettini,R,196,ITA,21.873,121,467,V490,,,Matteo Viola,R,185,ITA,30.639,240,217,6-3 6-1,3,R32,65,6,1,48,34,28,7,8,2,2,0,4,63,36,22,10,8,7,11
2018-854,Bergamo,Hard,32,C,,20180225,2,A622,,,Andrea Arnaboldi,L,180,ITA,30.166,230,229,SJ22,2,,Gleb Sakharov,R,185,FRA,29.711,154,342,7-6(3) 7-5,3,R32,116,5,3,67,33,24,25,12,2,4,9,5,87,58,38,12,12,3,6
2018-854,Bergamo,Hard,32,C,,20180225,3,Z254,3,,Jurgen Zopp,R,191,EST,29.911,165,330,Z419,,,Bernabe Zapata Miralles,R,183,ESP,21.12,271,190,4-6 6-2 6-2,3,R32,86,7,2,69,36,31,15,13,2,5,1,5,82,44,25,18,13,8,14
2018-854,Bergamo,Hard,32,C,,20180225,4,MJ71,4,,Mats Moraing,L,198,GER,25.684,155,340,GA71,,,Laurynas Grigelis,R,183,LTU,26.535,284,173,6-2 6-3,3,R32,58,12,3,42,25,22,11,8,0,0,7,4,50,27,18,10,9,1,5
2018-854,Bergamo,Hard,32,C,,20180225,5,SU87,5,,Lorenzo Sonego,R,191,ITA,22.795,172,313,TA29,,,Marco Trungelliti,R,178,ARG,28.068,265,192,4-6 6-3 6-2,3,R32,101,2,2,77,50,41,11,14,2,4,1,7,70,32,20,21,13,2,6
2018-854,Bergamo,Hard,32,C,,20180225,6,N679,,,Stefano Napolitano,R,196,ITA,22.877,207,254,MU94,6,,Jaume Munar,R,183,ESP,20.81,187,289,7-5 7-6(3),3,R32,95,6,1,75,47,39,17,12,3,3,10,5,85,44,35,22,12,6,7
2018-854,Bergamo,Hard,32,C,,20180225,7,CE25,7,,Salvatore Caruso,R,185,ITA,25.196,189,285,D917,,,Sadio Doumbia,R,183,FRA,27.455,393,101,7-5 6-2,3,R32,78,2,4,52,23,19,14,10,0,3,0,1,51,35,18,5,10,0,6
2018-854,Bergamo,Hard,32,C,,20180225,8,I236,8,,Uladzimir Ignatik,R,183,BLR,27.619,186,290,HA28,,,Filip Horansky,R,191,SVK,25.133,341,132,6-3 6-0,3,R32,58,2,5,47,25,24,9,8,1,2,2,1,47,23,10,10,7,4,9
2018-854,Bergamo,Hard,32,C,,20180225,9,D776,,,Thiemo de Bakker,R,193,NED,29.435,353,121,DH50,,,Alejandro Davidovich Fokina,R,180,ESP,18.727,479,72,6-4 6-2,3,R32,63,5,4,54,30,25,12,9,3,4,0,4,62,38,26,8,9,7,11
2018-854,Bergamo,Hard,32,C,,20180225,10,G858,,,Ernests Gulbis,R,191,LAT,29.489,199,268,SF41,,,Aldin Setkic,R,191,BIH,30.182,196,271,6-3 7-6(2),3,R32,80,10,5,61,31,25,21,11,0,1,3,5,63,37,28,12,10,2,4
2018-854,Bergamo,Hard,32,C,,20180225,11,LB66,,,Constant Lestienne,R,180,FRA,25.76,248,208,KI74,,,Nicola Kuhn,R,185,GER,17.936,204,262,7-6(1) 6-4,3,R32,90,5,4,72,34,26,23,11,7,9,4,3,77,42,26,18,11,1,4
2018-854,Bergamo,Hard,32,C,,20180225,12,ME31,,,Vincent Millot,L,173,FRA,32.071,208,251,SP80,,,Nino Serdarusic,R,191,CRO,21.202,285,172,6-1 6-4,3,R32,64,2,1,48,35,25,7,8,2,3,5,3,52,26,18,8,9,4,9
2018-854,Bergamo,Hard,32,C,,20180225,13,PG32,,,Adam Pavlasek,R,185,CZE,23.384,206,259,BE68,,,Tomislav Brkic,R,185,BIH,27.967,235,222,6-4 6-1,3,R32,57,14,3,54,33,26,11,9,3,4,1,1,55,27,13,14,8,5,9
2018-854,Bergamo,Hard,32,C,,20180225,14,Q948,,,Gianluigi Quinzi,L,191,ITA,22.067,286,170,BH80,,,Andrea Basso,L,185,ITA,24.383,333,140,6-4 6-2,3,R32,75,7,1,50,29,24,10,9,2,3,3,3,58,32,23,8,9,3,7
2018-854,Bergamo,Hard,32,C,,20180225,15,SK47,,,Mohamed Safwat,R,180,EGY,27.436,226,232,BM95,,,Benjamin Bonzi,R,183,FRA,21.714,202,265,7-5 3-6 6-2,3,R32,129,2,4,109,74,50,17,14,14,16,4,4,107,59,37,24,15,8,12
2018-854,Bergamo,Hard,32,C,,20180225,16,V495,,,Luca Vanni,R,198,ITA,32.728,287,170,MO44,,,Pedro Martinez,R,185,ESP,20.835,217,243,6-3 6-4,3,R32,77,9,1,59,35,29,15,10,2,2,3,1,53,32,22,12,9,1,3
2018-854,Bergamo,Hard,32,C,,20180225,17,BK40,,,Matteo Berrettini,R,196,ITA,21.873,121,467,LB66,,,Constant Lestienne,R,180,FRA,25.76,248,208,6-4 6-7(4) 7-5,3,R16,139,12,1,106,66,50,24,17,4,4,9,3,106,74,54,20,17,6,8
2018-854,Bergamo,Hard,32,C,,20180225,18,Z254,3,,Jurgen Zopp,R,191,EST,29.911,165,330,V495,,,Luca Vanni,R,198,ITA,32.728,287,170,6-3 7-6(3),3,R16,89,6,4,74,43,33,17,11,4,6,4,4,70,41,28,13,10,6,9
2018-854,Bergamo,Hard,32,C,,20180225,19,SK47,,,Mohamed Safwat,R,180,EGY,27.436,226,232,MJ71,4,,Mats Moraing,L,198,GER,25.684,155,340,6-3 RET,3,R16,33,1,1,27,17,14,5,5,1,2,3,3,23,12,9,3,4,0,2
2018-854,Bergamo,Hard,32,C,,20180225,20,SU87,5,,Lorenzo Sonego,R,191,ITA,22.795,172,313,G858,,,Ernests Gulbis,R,191,LAT,29.489,199,268,6-4 6-3,3,R16,88,7,1,62,40,30,15,10,4,4,5,3,61,30,22,15,9,5,7
2018-854,Bergamo,Hard,32,C,,20180225,21,CE25,7,,Salvatore Caruso,R,185,ITA,25.196,189,285,ME31,,,Vincent Millot,L,173,FRA,32.071,208,251,6-0 6-2,3,R16,60,8,1,38,22,19,10,7,0,0,2,2,54,29,14,10,7,8,13
2018-854,Bergamo,Hard,32,C,,20180225,22,PG32,,,Adam Pavlasek,R,185,CZE,23.384,206,259,I236,8,,Uladzimir Ignatik,R,183,BLR,27.619,186,290,6-4 7-5,3,R16,92,3,1,75,40,26,19,11,7,10,2,3,71,35,23,16,11,2,7
2018-854,Bergamo,Hard,32,C,,20180225,23,A622,,,Andrea Arnaboldi,L,180,ITA,30.166,230,229,Q948,,,Gianluigi Quinzi,L,191,ITA,22.067,286,170,7-6(3) 3-6 6-3,3,R16,129,5,2,89,44,28,30,15,2,5,9,1,95,51,38,20,15,7,10
2018-854,Bergamo,Hard,32,C,,20180225,24,N679,,,Stefano Napolitano,R,196,ITA,22.877,207,254,D776,,,Thiemo de Bakker,R,193,NED,29.435,353,121,6-3 7-5,3,R16,85,9,1,78,42,32,22,11,5,5,11,3,58,35,28,8,10,2,4
2018-854,Bergamo,Hard,32,C,,20180225,25,BK40,,,Matteo Berrettini,R,196,ITA,21.873,121,467,CE25,7,,Salvatore Caruso,R,185,ITA,25.196,189,285,7-6(7) 7-5,3,QF,112,5,2,82,50,40,16,12,3,4,2,2,73,43,36,13,12,3,5
2018-854,Bergamo,Hard,32,C,,20180225,26,Z254,3,,Jurgen Zopp,R,191,EST,29.911,165,330,PG32,,,Adam Pavlasek,R,185,CZE,23.384,206,259,6-4 7-5,3,QF,80,3,2,63,36,30,16,11,2,3,3,0,65,37,23,16,11,2,5
2018-854,Bergamo,Hard,32,C,,20180225,27,SU87,5,,Lorenzo Sonego,R,191,ITA,22.795,172,313,SK47,,,Mohamed Safwat,R,180,EGY,27.436,226,232,6-3 6-7(6) 6-2,3,QF,130,8,2,84,59,50,15,15,0,0,0,3,93,55,42,17,14,3,6
2018-854,Bergamo,Hard,32,C,,20180225,28,N679,,,Stefano Napolitano,R,196,ITA,22.877,207,254,A622,,,Andrea Arnaboldi,L,180,ITA,30.166,230,229,6-7(9) 6-2 6-1,3,QF,119,19,5,84,55,49,14,14,0,0,6,3,96,56,35,22,13,5,9
2018-854,Bergamo,Hard,32,C,,20180225,29,BK40,,,Matteo Berrettini,R,196,ITA,21.873,121,467,Z254,3,,Jurgen Zopp,R,191,EST,29.911,165,330,6-3 6-7(5) 6-1,3,SF,122,8,2,93,53,39,26,15,3,5,5,4,95,56,39,16,13,9,14
2018-854,Bergamo,Hard,32,C,,20180225,30,N679,,,Stefano Napolitano,R,196,ITA,22.877,207,254,SU87,5,,Lorenzo Sonego,R,191,ITA,22.795,172,313,6-3 7-6(2),3,SF,90,4,1,68,40,35,15,10,5,6,7,3,64,46,31,10,11,1,4
2018-854,Bergamo,Hard,32,C,,20180225,31,BK40,,,Matteo Berrettini,R,196,ITA,21.873,121,467,N679,,,Stefano Napolitano,R,196,ITA,22.877,207,254,6-2 3-6 6-2,3,F,112,12,1,75,48,36,17,12,7,8,5,2,91,49,32,19,13,7,11
2018-91,Kyoto,Hard,32,C,,20180225,1,MH30,1,,John Millman,R,183,AUS,28.701,103,541,W571,,,Di Wu,R,173,CHN,26.45,252,201,6-4 6-4,3,R32,82,7,1,76,45,34,10,10,8,10,1,3,56,31,19,12,10,1,5
2018-91,Kyoto,Hard,32,C,,20180225,2,TC61,2,,Jordan Thompson,R,183,AUS,23.852,95,591,L733,,,Zhe Li,R,183,CHN,31.433,328,145,4-6 7-6(4) 6-4,3,R32,132,14,7,114,74,56,14,16,9,12,4,3,86,60,45,14,16,0,3
2018-91,Kyoto,Hard,32,C,,20180225,3,SC47,3,,Go Soeda,R,178,JPN,33.473,156,339,WB08,,,Yosuke Watanuki,R,180,JPN,19.874,350,124,7-6(6) 0-6 7-6(2),3,R32,125,0,0,105,68,46,18,15,6,11,14,4,103,65,50,18,15,8,10
2018-91,Kyoto,Hard,32,C,,20180225,4,GA94,,,Prajnesh Gunneswaran,L,188,IND,28.287,242,215,R612,4,,Stephane Robert,R,185,FRA,37.777,158,338,6-3 1-6 6-4,3,R32,77,7,0,75,44,34,16,13,1,3,5,4,77,38,30,19,13,1,3
2018-91,Kyoto,Hard,32,C,,20180225,5,I230,5,,Tatsuma Ito,R,180,JPN,29.774,181,301,S0AQ,,,Yuta Shimizu,L,163,JPN,18.716,666,34,6-2 6-3,3,R32,64,7,1,62,44,34,11,9,7,7,1,1,45,32,20,6,8,1,4
2018-91,Kyoto,Hard,32,C,,20180225,6,KF17,6,,Soonwoo Kwon,R,180,KOR,20.233,180,301,DA67,,,Matteo Donati,R,185,ITA,22.992,261,195,6-4 7-6(5),3,R32,87,5,7,79,44,34,17,11,4,6,5,2,73,46,33,11,11,3,6
2018-91,Kyoto,Hard,32,C,,20180225,7,HB71,7,,Hubert Hurkacz,R,196,POL,21.038,219,241,KA46,,,Yuya Kibi,R,180,JPN,31.595,722,27,7-5 6-3,3,R32,70,17,1,74,52,40,10,11,7,8,2,1,58,32,26,10,10,3,6
2018-91,Kyoto,Hard,32,C,,20180225,8,P701,,,Michal Przysiezny,R,185,POL,34.026,532,60,U134,8,,Yasutaka Uchiyama,R,183,JPN,25.558,209,251,4-6 6-4 7-6(3),3,R32,126,12,4,104,63,50,23,16,4,5,19,2,89,60,47,18,16,0,1
2018-91,Kyoto,Hard,32,C,,20180225,9,EA27,,,Blake Ellis,R,191,AUS,19.138,674,33,TF58,,,Yusuke Takahashi,R,170,JPN,20.359,247,209,6-7(4) 6-4 6-4,3,R32,126,11,1,101,67,53,21,16,2,2,12,4,116,72,56,19,16,9,11
2018-91,Kyoto,Hard,32,C,,20180225,10,K839,,,Tobias Kamke,R,178,GER,31.767,222,236,LD26,,,Edan Leshem,R,183,ISR,20.939,251,202,6-2 6-2,3,R32,63,4,1,41,22,15,16,8,0,1,0,2,70,39,20,12,8,4,9
2018-91,Kyoto,Hard,32,C,,20180225,11,K964,,,Brydan Klein,R,188,GBR,28.153,332,141,Z272,,,Ze Zhang,R,188,CHN,27.647,280,179,6-3 3-6 7-6(5),3,R32,84,19,2,81,54,47,14,15,0,1,14,2,85,60,49,14,15,1,2
2018-91,Kyoto,Hard,32,C,,20180225,12,K776,,,Konstantin Kravchuk,R,191,RUS,33.005,300,161,I330,,,Shintaro Imai,R,178,JPN,24.468,407,96,6-4 7-5,3,R32,80,6,1,63,41,30,14,11,0,1,2,1,61,28,22,17,11,2,5
2018-91,Kyoto,Hard,32,C,,20180225,13,PC68,,,Tim Puetz,R,185,GER,30.27,293,165,I306,,,Cem Ilkel,R,185,TUR,22.516,274,184,6-3 6-2,3,R32,50,14,2,50,29,26,12,9,3,3,4,1,39,27,16,8,8,0,3
2018-91,Kyoto,Hard,32,C,,20180225,14,PH71,,,Max Purcell,R,185,AUS,19.899,281,178,BH87,,,Maverick Banes,R,,AUS,25.878,316,156,6-4 6-4,3,R32,56,11,3,51,36,31,10,10,1,1,5,3,58,38,27,11,10,3,5
2018-91,Kyoto,Hard,32,C,,20180225,15,U120,,,Kaichi Uchida,R,180,JPN,23.51,330,144,GA48,,,Takanyi Garanganga,R,185,ZIM,27.472,507,67,6-4 3-1 RET,3,R32,50,14,5,49,22,22,11,7,3,3,6,1,41,27,19,6,7,2,4
2018-91,Kyoto,Hard,32,C,,20180225,16,W630,,,Andrew Whittington,R,188,AUS,24.542,253,201,F965,,,Sora Fukuda,L,180,JPN,20.397,411,93,6-3 6-3,3,R32,61,10,2,46,36,32,6,9,1,1,1,4,61,36,25,9,9,2,5
2018-91,Kyoto,Hard,32,C,,20180225,17,MH30,1,,John Millman,R,183,AUS,28.701,103,541,K964,,,Brydan Klein,R,188,GBR,28.153,332,141,7-6(3) 6-7(6) 6-3,3,R16,125,7,0,93,69,59,15,16,0,0,23,4,116,65,52,23,17,4,6
2018-91,Kyoto,Hard,32,C,,20180225,18,TC61,2,,Jordan Thompson,R,183,AUS,23.852,95,591,K776,,,Konstantin Kravchuk,R,191,RUS,33.005,300,161,6-3 6-1,3,R16,62,3,2,43,28,25,8,8,3,3,1,0,52,31,17,9,8,2,6
2018-91,Kyoto,Hard,32,C,,20180225,19,SC47,3,,Go Soeda,R,178,JPN,33.473,156,339,W630,,,Andrew Whittington,R,188,AUS,24.542,253,201,6-4 6-1,3,R16,77,2,1,66,43,32,10,8,7,7,7,3,54,35,23,6,9,4,8
2018-91,Kyoto,Hard,32,C,,20180225,20,EA27,,,Blake Ellis,R,191,AUS,19.138,674,33,I230,5,,Tatsuma Ito,R,180,JPN,29.774,181,301,4-6 6-3 6-4,3,R16,101,13,3,102,69,53,16,15,6,7,7,1,71,49,37,16,14,4,6
2018-91,Kyoto,Hard,32,C,,20180225,21,U120,,,Kaichi Uchida,R,180,JPN,23.51,330,144,KF17,6,,Soonwoo Kwon,R,180,KOR,20.233,180,301,6-4 6-7(10) 7-6(7),3,R16,141,17,3,123,72,57,29,17,2,3,18,6,112,59,52,27,17,1,3
2018-91,Kyoto,Hard,32,C,,20180225,22,HB71,7,,Hubert Hurkacz,R,196,POL,21.038,219,241,PH71,,,Max Purcell,R,185,AUS,19.899,281,178,6-1 6-4,3,R16,51,7,1,43,29,25,11,9,0,0,6,1,46,31,21,5,8,0,3
2018-91,Kyoto,Hard,32,C,,20180225,23,K839,,,Tobias Kamke,R,178,GER,31.767,222,236,P701,,,Michal Przysiezny,R,185,POL,34.026,532,60,6-3 6-4,3,R16,65,4,1,50,32,30,11,10,2,2,5,4,62,37,25,12,9,2,4
2018-91,Kyoto,Hard,32,C,,20180225,24,PC68,,,Tim Puetz,R,185,GER,30.27,293,165,GA94,,,Prajnesh Gunneswaran,L,188,IND,28.287,242,215,7-6(5) 6-2,3,R16,63,13,0,52,36,34,10,10,0,0,11,5,62,34,26,14,10,2,4
2018-91,Kyoto,Hard,32,C,,20180225,25,MH30,1,,John Millman,R,183,AUS,28.701,103,541,HB71,7,,Hubert Hurkacz,R,196,POL,21.038,219,241,4-6 6-3 6-2,3,QF,83,10,1,74,50,39,16,14,0,1,14,5,76,57,40,8,13,1,4
2018-91,Kyoto,Hard,32,C,,20180225,26,TC61,2,,Jordan Thompson,R,183,AUS,23.852,95,591,U120,,,Kaichi Uchida,R,180,JPN,23.51,330,144,7-6(5) 6-0,3,QF,88,9,0,62,42,29,13,9,3,4,9,3,77,41,28,13,9,7,11
2018-91,Kyoto,Hard,32,C,,20180225,27,EA27,,,Blake Ellis,R,191,AUS,19.138,674,33,SC47,3,,Go Soeda,R,178,JPN,33.473,156,339,6-3 5-7 7-5,3,QF,110,16,3,99,69,56,17,17,6,7,9,3,100,65,50,16,16,8,10
2018-91,Kyoto,Hard,32,C,,20180225,28,PC68,,,Tim Puetz,R,185,GER,30.27,293,165,K839,,,Tobias Kamke,R,178,GER,31.767,222,236,6-4 6-0,3,QF,57,10,1,40,27,22,10,8,0,0,2,5,54,31,18,9,8,3,7
2018-91,Kyoto,Hard,32,C,,20180225,29,MH30,1,,John Millman,R,183,AUS,28.701,103,541,EA27,,,Blake Ellis,R,191,AUS,19.138,674,33,6-3 6-4,3,SF,72,8,3,68,42,30,16,10,3,3,4,3,59,36,23,12,9,4,6
2018-91,Kyoto,Hard,32,C,,20180225,30,TC61,2,,Jordan Thompson,R,183,AUS,23.852,95,591,PC68,,,Tim Puetz,R,185,GER,30.27,293,165,3-6 7-5 6-4,3,SF,122,7,6,109,65,51,19,16,4,6,13,1,83,50,38,21,15,1,3
2018-91,Kyoto,Hard,32,C,,20180225,31,MH30,1,,John Millman,R,183,AUS,28.701,103,541,TC61,2,,Jordan Thompson,R,183,AUS,23.852,95,591,7-5 6-1,3,F,84,5,1,65,38,26,16,9,1,2,6,3,62,36,22,10,10,5,10
2018-6626,Yokohama,Hard,32,C,,20180226,1,TC61,1,,Jordan Thompson,R,183,AUS,23.855,92,621,GA94,,,Prajnesh Gunneswaran,L,188,IND,28.29,232,221,2-6 6-4 6-3,3,R32,121,5,1,83,48,33,17,14,2,6,2,1,101,52,32,24,13,11,15
2018-6626,Yokohama,Hard,32,C,,20180226,2,MH30,2,,John Millman,R,183,AUS,28.704,93,613,PH71,,,Max Purcell,R,185,AUS,19.901,270,184,6-3 7-6(7),3,R32,102,2,1,85,54,39,20,11,9,10,9,1,80,42,33,17,10,8,10
2018-6626,Yokohama,Hard,32,C,,20180226,3,J380,3,,Jason Jung,R,180,TPE,28.701,155,350,CH90,,,Yun seong Chung,R,178,KOR,19.921,553,56,6-2 6-7(6) 6-4,3,R32,133,3,5,112,74,52,23,15,9,10,7,1,108,64,35,30,15,9,13
2018-6626,Yokohama,Hard,32,C,,20180226,4,SC47,4,,Go Soeda,R,178,JPN,33.476,153,354,I09G,,,Kaito Itsusaki,R,173,JPN,20.909,1312,3,6-0 6-2,3,R32,62,3,0,37,25,22,7,7,1,1,1,0,49,27,13,8,7,5,10
2018-6626,Yokohama,Hard,32,C,,20180226,5,R612,5,,Stephane Robert,R,185,FRA,37.78,161,338,Y235,,,Jumpei Yamasaki,R,180,JPN,20.654,846,18,3-6 6-1 6-3,3,R32,80,1,3,75,47,29,16,12,4,8,4,1,74,46,24,13,13,4,11
2018-6626,Yokohama,Hard,32,C,,20180226,6,H0BA,,,Shinji Hazawa,R,175,JPN,18.877,1030,9,KF17,6,,Soonwoo Kwon,R,180,KOR,20.235,186,298,6-3 4-6 7-6(5),3,R32,149,4,3,120,72,46,21,16,7,12,8,7,113,66,41,24,15,9,14
2018-6626,Yokohama,Hard,32,C,,20180226,7,I230,7,,Tatsuma Ito,R,180,JPN,29.777,183,301,U174,,,Kaito Uesugi,R,180,JPN,22.738,747,25,6-2 6-3,3,R32,56,2,0,41,25,18,9,8,1,3,1,3,49,34,15,6,9,3,9
2018-6626,Yokohama,Hard,32,C,,20180226,8,LE01,8,,Duckhee Lee,R,170,KOR,19.748,193,281,PC68,,,Tim Puetz,R,185,GER,30.272,278,179,4-6 6-4 6-3,3,R32,126,1,1,104,65,47,20,15,4,6,7,4,89,53,39,13,14,5,8
2018-6626,Yokohama,Hard,32,C,,20180226,9,E757,,,Hiroyasu Ehara,,,JPN,26.694,368,114,W630,,,Andrew Whittington,R,188,AUS,24.545,249,207,7-6(8) 6-7(1) 6-4,3,R32,167,1,5,123,105,64,8,17,8,13,7,5,127,76,47,27,17,12,18
2018-6626,Yokohama,Hard,32,C,,20180226,10,I306,,,Cem Ilkel,R,185,TUR,22.519,271,184,EA27,,,Blake Ellis,R,191,AUS,19.14,510,65,6-3 6-4,3,R32,68,6,2,59,36,26,14,9,5,6,6,2,68,36,23,13,10,9,13
2018-6626,Yokohama,Hard,32,C,,20180226,11,K839,,,Tobias Kamke,R,178,GER,31.77,213,251,DA67,,,Matteo Donati,R,185,ITA,22.995,260,195,6-7(9) 6-2 7-5,3,R32,126,2,2,110,64,43,28,16,4,6,7,3,112,73,47,19,16,6,11
2018-6626,Yokohama,Hard,32,C,,20180226,12,KB95,,,Jason Kubler,R,178,AUS,24.775,209,261,LD26,,,Edan Leshem,R,183,ISR,20.942,253,201,6-3 1-6 6-3,3,R32,95,6,5,72,36,29,19,13,5,8,3,1,68,48,33,11,12,4,7
2018-6626,Yokohama,Hard,32,C,,20180226,13,MI01,,,Hiroki Moriya,R,168,JPN,27.365,354,121,K776,,,Konstantin Kravchuk,R,191,RUS,33.008,294,167,6-0 6-2,3,R32,57,2,2,47,25,17,15,7,2,2,1,1,40,28,11,6,7,1,6
2018-6626,Yokohama,Hard,32,C,,20180226,14,N555,,,Daniel Nguyen,R,173,USA,27.365,377,108,WB08,,,Yosuke Watanuki,R,180,JPN,19.877,375,109,6-2 6-4,3,R32,59,2,2,42,27,23,9,9,0,1,2,4,62,38,22,10,9,4,8
2018-6626,Yokohama,Hard,32,C,,20180226,15,U134,,,Yasutaka Uchiyama,R,183,JPN,25.561,290,171,HB71,,,Hubert Hurkacz,R,196,POL,21.04,212,253,6-4 3-6 6-4,3,R32,108,6,0,81,55,42,16,14,1,2,9,3,94,66,51,11,15,5,7
2018-6626,Yokohama,Hard,32,C,,20180226,16,W571,,,Di Wu,R,173,CHN,26.453,258,195,Z272,,,Ze Zhang,R,188,CHN,27.65,286,173,6-4 7-6(5),3,R32,96,3,4,81,45,34,21,11,3,4,15,6,96,63,41,15,11,7,9
2018-6626,Yokohama,Hard,32,C,,20180226,17,TC61,1,,Jordan Thompson,R,183,AUS,23.855,92,621,E757,,,Hiroyasu Ehara,,,JPN,26.694,368,114,6-4 6-2,3,R16,76,4,4,54,30,22,12,9,4,6,2,4,64,36,14,15,9,6,11
2018-6626,Yokohama,Hard,32,C,,20180226,18,MI01,,,Hiroki Moriya,R,168,JPN,27.365,354,121,MH30,2,,John Millman,R,183,AUS,28.704,93,613,W/O,3,R16,,,,,,,,,,,,,,,,,,,
2018-6626,Yokohama,Hard,32,C,,20180226,19,K839,,,Tobias Kamke,R,178,GER,31.77,213,251,J380,3,,Jason Jung,R,180,TPE,28.701,155,350,6-4 6-2,3,R16,73,0,2,51,28,20,15,9,2,3,3,1,68,42,24,12,9,5,9
2018-6626,Yokohama,Hard,32,C,,20180226,20,SC47,4,,Go Soeda,R,178,JPN,33.476,153,354,W571,,,Di Wu,R,173,CHN,26.453,258,195,7-6(5) 6-3,3,R16,104,4,4,78,39,27,21,11,2,4,6,3,89,44,32,18,10,7,10
2018-6626,Yokohama,Hard,32,C,,20180226,21,R612,5,,Stephane Robert,R,185,FRA,37.78,161,338,N555,,,Daniel Nguyen,R,173,USA,27.365,377,108,7-5 6-0,3,R16,79,6,2,85,48,31,19,9,14,16,1,5,50,25,11,12,9,5,11
2018-6626,Yokohama,Hard,32,C,,20180226,22,I230,7,,Tatsuma Ito,R,180,JPN,29.777,183,301,KB95,,,Jason Kubler,R,178,AUS,24.775,209,261,3-6 6-3 7-6(3),3,R16,142,7,1,95,60,45,18,15,4,7,7,4,95,56,40,19,15,4,7
2018-6626,Yokohama,Hard,32,C,,20180226,23,I306,,,Cem Ilkel,R,185,TUR,22.519,271,184,LE01,8,,Duckhee Lee,R,170,KOR,19.748,193,281,6-2 2-6 7-6(5),3,R16,128,13,6,97,52,35,25,14,3,6,8,4,101,65,45,17,14,6,9
2018-6626,Yokohama,Hard,32,C,,20180226,24,U134,,,Yasutaka Uchiyama,R,183,JPN,25.561,290,171,H0BA,,,Shinji Hazawa,R,175,JPN,18.877,1030,9,6-3 7-5,3,R16,96,3,0,62,34,26,16,10,5,6,3,3,83,54,34,12,11,9,13
2018-6626,Yokohama,Hard,32,C,,20180226,25,TC61,1,,Jordan Thompson,R,183,AUS,23.855,92,621,R612,5,,Stephane Robert,R,185,FRA,37.78,161,338,6-3 4-6 6-2,3,QF,106,8,7,90,62,41,15,14,4,7,3,7,87,43,29,19,13,3,8
2018-6626,Yokohama,Hard,32,C,,20180226,26,U134,,,Yasutaka Uchiyama,R,183,JPN,25.561,290,171,SC47,4,,Go Soeda,R,178,JPN,33.476,153,354,4-6 7-6(0) 6-3,3,QF,147,7,2,103,68,50,21,16,8,9,2,7,105,51,35,31,15,4,5
2018-6626,Yokohama,Hard,32,C,,20180226,27,I230,7,,Tatsuma Ito,R,180,JPN,29.777,183,301,MI01,,,Hiroki Moriya,R,168,JPN,27.365,354,121,6-3 6-3,3,QF,77,1,0,52,39,29,5,9,1,2,2,1,49,24,15,12,9,1,5
2018-6626,Yokohama,Hard,32,C,,20180226,28,I306,,,Cem Ilkel,R,185,TUR,22.519,271,184,K839,,,Tobias Kamke,R,178,GER,31.77,213,251,7-6(3) 6-2,3,QF,88,6,0,72,34,24,17,10,5,9,1,4,67,44,25,7,10,3,9
2018-6626,Yokohama,Hard,32,C,,20180226,29,U134,,,Yasutaka Uchiyama,R,183,JPN,25.561,290,171,TC61,1,,Jordan Thompson,R,183,AUS,23.855,92,621,6-4 7-5,3,SF,101,3,0,67,40,29,11,11,3,6,3,1,69,38,23,13,11,5,10
2018-6626,Yokohama,Hard,32,C,,20180226,30,I230,7,,Tatsuma Ito,R,180,JPN,29.777,183,301,I306,,,Cem Ilkel,R,185,TUR,22.519,271,184,W/O,3,SF,,,,,,,,,,,,,,,,,,,
2018-6626,Yokohama,Hard,32,C,,20180226,31,U134,,,Yasutaka Uchiyama,R,183,JPN,25.561,290,171,I230,7,,Tatsuma Ito,R,180,JPN,29.777,183,301,2-6 6-3 6-4,3,F,120,4,0,87,57,39,16,14,6,9,0,1,80,57,36,14,13,2,5
2018-7851,Indian Wells,Hard,32,C,,20180226,1,CA99,1,,Marius Copil,R,191,ROU,27.362,75,717,BI23,,,Liam Broady,L,183,GBR,24.145,162,336,6-2 6-1,3,R32,60,6,5,47,24,21,11,8,4,5,2,4,47,34,17,3,7,3,8
2018-7851,Indian Wells,Hard,32,C,,20180226,2,KE64,,,Stefan Kozlov,R,183,USA,20.068,160,339,BE67,2,,Mirza Basic,R,188,BIH,26.628,76,695,7-5 6-4,3,R32,77,6,3,56,28,24,19,11,4,5,5,1,76,51,32,14,11,7,10
2018-7851,Indian Wells,Hard,32,C,,20180226,3,PD07,3,,Vasek Pospisil,R,193,CAN,27.68,83,673,HB48,,,Calvin Hemery,R,191,FRA,23.08,146,374,6-3 6-7(4) 6-3,3,R32,121,5,5,92,55,39,26,16,0,2,8,12,94,52,36,21,14,4,8
2018-7851,Indian Wells,Hard,32,C,,20180226,4,FB98,4,,Taylor Fritz,R,196,USA,20.331,77,689,RC96,,,Noah Rubin,R,175,USA,22.015,231,223,6-3 6-3,3,R32,56,8,1,46,30,25,12,9,0,0,3,2,47,23,15,14,9,1,4
2018-7851,Indian Wells,Hard,32,C,,20180226,5,L949,,,Henri Laaksonen,R,185,SUI,25.908,127,449,Y061,6,,Mikhail Youzhny,R,183,RUS,35.674,94,604,7-6(3) 2-0 RET,3,R32,56,4,4,45,25,19,11,7,0,1,0,2,48,31,18,9,7,5,7
2018-7851,Indian Wells,Hard,32,C,,20180226,6,CA12,7,,Jeremy Chardy,R,188,FRA,31.039,97,580,KA98,,,Bradley Klahn,L,183,USA,27.521,163,335,6-3 6-4,3,R32,79,4,2,78,52,37,15,10,6,6,6,3,55,35,26,8,9,3,5
2018-7851,Indian Wells,Hard,32,C,,20180226,7,SC56,8,,Dudi Sela,R,175,ISR,32.898,100,570,SF62,,,Tim Smyczek,R,175,USA,30.16,126,450,6-1 7-6(10),3,R32,99,1,4,84,50,31,21,10,7,9,2,2,78,52,34,10,9,11,15
2018-7851,Indian Wells,Hard,32,C,,20180226,8,HB05,,,Christian Harrison,R,180,USA,23.748,234,218,H997,9,,Yannick Hanfmann,R,193,GER,26.289,120,471,3-6 6-3 6-3,3,R32,115,4,1,89,54,37,17,13,8,11,1,1,97,66,36,18,14,8,13
2018-7851,Indian Wells,Hard,32,C,,20180226,9,GC88,,,Marcos Giron,R,180,USA,24.594,339,132,MB53,,,Adrian Menendez-Maceiras,R,183,ESP,32.331,114,497,6-3 7-6(3),3,R32,100,5,3,66,40,32,13,11,3,5,2,2,73,49,34,7,10,5,8
2018-7851,Indian Wells,Hard,32,C,,20180226,10,GB93,,,Norbert Gombos,R,193,SVK,27.54,141,383,K0AH,,,Sebastian Korda,R,196,USA,17.645,892,15,6-0 6-4,3,R32,57,6,2,47,32,24,10,8,4,4,1,0,49,28,16,9,8,3,7
2018-7851,Indian Wells,Hard,32,C,,20180226,11,KC86,,,Darian King,R,188,BAR,25.837,191,287,SL07,,,Alexander Sarkissian,R,191,USA,27.901,256,197,7-5 0-6 6-3,3,R32,106,1,4,89,58,34,16,13,7,12,3,1,79,46,30,15,14,3,8
2018-7851,Indian Wells,Hard,32,C,,20180226,12,K966,,,Martin Klizan,L,191,SVK,28.63,181,306,SC77,,,Sergiy Stakhovsky,R,193,UKR,32.14,118,474,6-3 2-6 6-3,3,R32,103,2,3,78,37,28,23,13,3,6,5,3,75,45,30,16,13,8,12
2018-7851,Indian Wells,Hard,32,C,,20180226,13,KC12,,,Mitchell Krueger,R,188,USA,24.123,239,213,O522,,,Reilly Opelka,R,211,USA,20.498,197,276,6-3 6-4,3,R32,78,0,0,48,38,31,6,9,0,0,8,3,76,52,37,8,10,3,6
2018-7851,Indian Wells,Hard,32,C,,20180226,14,N674,,,Dennis Novikov,R,193,USA,24.307,165,331,SK41,,,Nicolaas Scholtz,R,,RSA,27.058,327,144,6-7(6) 6-4 6-4,3,R32,133,9,2,102,56,39,25,16,3,7,9,4,102,67,47,15,16,8,14
2018-7851,Indian Wells,Hard,32,C,,20180226,15,O408,,,Ricardo Ojeda Lara,R,178,ESP,25.084,192,281,AG37,,,Felix Auger-Aliassime,R,193,CAN,17.552,166,327,6-0 6-4,3,R32,85,0,2,60,36,24,12,8,6,8,6,2,59,32,16,8,8,6,12
2018-7851,Indian Wells,Hard,32,C,,20180226,16,PB22,,,Peter Polansky,R,183,CAN,29.7,139,393,KB37,,,Evan King,L,185,USA,25.925,198,276,6-4 6-2,3,R32,72,2,2,47,22,19,17,9,0,0,4,1,50,30,20,10,9,3,6
2018-7851,Indian Wells,Hard,32,C,,20180226,17,CA99,1,,Marius Copil,R,191,ROU,27.362,75,717,KC12,,,Mitchell Krueger,R,188,USA,24.123,239,213,6-1 1-6 6-4,3,R16,114,8,2,66,35,22,20,12,4,7,0,1,91,60,31,19,12,7,11
2018-7851,Indian Wells,Hard,32,C,,20180226,18,PD07,3,,Vasek Pospisil,R,193,CAN,27.68,83,673,GC88,,,Marcos Giron,R,180,USA,24.594,339,132,4-6 7-6(6) 6-1,3,R16,150,3,5,112,62,45,21,14,10,13,3,3,125,84,55,16,15,15,20
2018-7851,Indian Wells,Hard,32,C,,20180226,19,FB98,4,,Taylor Fritz,R,196,USA,20.331,77,689,GB93,,,Norbert Gombos,R,193,SVK,27.54,141,383,6-3 6-4,3,R16,85,6,3,67,38,28,18,10,4,4,5,6,65,40,27,12,9,5,7
2018-7851,Indian Wells,Hard,32,C,,20180226,20,KC86,,,Darian King,R,188,BAR,25.837,191,287,CA12,7,,Jeremy Chardy,R,188,FRA,31.039,97,580,W/O,3,R16,,,,,,,,,,,,,,,,,,,
2018-7851,Indian Wells,Hard,32,C,,20180226,21,SC56,8,,Dudi Sela,R,175,ISR,32.898,100,570,O408,,,Ricardo Ojeda Lara,R,178,ESP,25.084,192,281,6-1 1-6 6-4,3,R16,110,2,3,75,42,24,19,12,3,7,0,2,95,53,27,23,12,9,14
2018-7851,Indian Wells,Hard,32,C,,20180226,22,HB05,,,Christian Harrison,R,180,USA,23.748,234,218,N674,,,Dennis Novikov,R,193,USA,24.307,165,331,6-3 7-6(5),3,R16,94,6,2,65,40,26,16,10,4,5,3,3,83,34,21,27,11,8,11
2018-7851,Indian Wells,Hard,32,C,,20180226,23,K966,,,Martin Klizan,L,191,SVK,28.63,181,306,L949,,,Henri Laaksonen,R,185,SUI,25.908,127,449,6-3 7-5,3,R16,100,3,3,65,41,28,12,11,4,7,9,6,98,58,37,11,10,13,18
2018-7851,Indian Wells,Hard,32,C,,20180226,24,PB22,,,Peter Polansky,R,183,CAN,29.7,139,393,KE64,,,Stefan Kozlov,R,183,USA,20.068,160,339,6-2 6-4,3,R16,91,4,3,64,39,28,11,9,6,8,6,5,59,28,17,12,9,1,6
2018-7851,Indian Wells,Hard,32,C,,20180226,25,KC86,,,Darian King,R,188,BAR,25.837,191,287,CA99,1,,Marius Copil,R,191,ROU,27.362,75,717,6-2 7-5,3,QF,69,2,3,54,39,27,12,10,1,2,3,6,59,30,19,13,10,1,5
2018-7851,Indian Wells,Hard,32,C,,20180226,26,PD07,3,,Vasek Pospisil,R,193,CAN,27.68,83,673,HB05,,,Christian Harrison,R,180,USA,23.748,234,218,7-6(7) 6-1,3,QF,102,4,1,64,39,30,11,9,1,2,6,6,93,55,34,17,10,11,15
2018-7851,Indian Wells,Hard,32,C,,20180226,27,FB98,4,,Taylor Fritz,R,196,USA,20.331,77,689,SC56,8,,Dudi Sela,R,175,ISR,32.898,100,570,6-3 6-2,3,QF,49,6,1,45,32,29,7,9,0,0,0,2,45,23,17,9,8,2,5
2018-7851,Indian Wells,Hard,32,C,,20180226,28,K966,,,Martin Klizan,L,191,SVK,28.63,181,306,PB22,,,Peter Polansky,R,183,CAN,29.7,139,393,6-2 6-2,3,QF,63,5,0,46,26,20,15,8,1,1,2,3,42,23,16,7,8,2,6
2018-7851,Indian Wells,Hard,32,C,,20180226,29,K966,,,Martin Klizan,L,191,SVK,28.63,181,306,PD07,3,,Vasek Pospisil,R,193,CAN,27.68,83,673,6-1 3-6 6-1,3,SF,127,2,5,81,49,33,21,12,7,8,7,5,81,46,30,15,11,6,10
2018-7851,Indian Wells,Hard,32,C,,20180226,30,KC86,,,Darian King,R,188,BAR,25.837,191,287,FB98,4,,Taylor Fritz,R,196,USA,20.331,77,689,3-6 7-6(1) 6-2,3,SF,128,1,2,98,68,44,21,14,5,7,4,3,109,64,44,18,15,13,16
2018-7851,Indian Wells,Hard,32,C,,20180226,31,K966,,,Martin Klizan,L,191,SVK,28.63,181,306,KC86,,,Darian King,R,188,BAR,25.837,191,287,6-3 6-3,3,F,69,1,0,49,24,18,15,9,0,2,0,1,47,33,13,7,9,1,6
2018-7853,Punta del Este,Clay,32,C,,20180226,1,KD70,,,Pedja Krstin,R,183,SRB,23.483,210,256,DB63,1,,Laslo Djere,R,188,SRB,22.738,90,626,6-3 7-6(8),3,R32,112,2,4,85,49,37,19,11,3,4,5,4,72,42,29,15,10,5,7
2018-7853,Punta del Este,Clay,32,C,,20180226,2,S483,2,,Pedro Sousa,R,180,POR,29.752,121,467,Z419,,,Bernabe Zapata Miralles,R,183,ESP,21.123,267,190,3-6 6-3 6-1,3,R32,91,1,3,69,49,34,10,12,5,8,2,3,73,38,24,14,13,3,9
2018-7853,Punta del Este,Clay,32,C,,20180226,3,MF35,3,,Andrej Martin,R,183,SVK,28.435,124,461,BK19,,,Mathias Bourgue,R,188,FRA,24.107,240,213,7-5 7-5,3,R32,114,2,3,67,40,29,12,12,3,6,0,3,79,38,21,21,12,4,9
2018-7853,Punta del Este,Clay,32,C,,20180226,4,KC04,4,,Jozef Kovalik,R,183,SVK,25.311,145,374,CC98,,,Martin Cuevas,R,191,URU,26.119,305,159,6-2 6-4,3,R32,76,3,2,45,21,17,19,9,0,0,4,2,62,32,23,15,9,5,8
2018-7853,Punta del Este,Clay,32,C,,20180226,5,G983,5,,Alessandro Giannessi,L,185,ITA,27.745,156,347,DA31,,,Hugo Dellien,R,180,BOL,24.698,255,197,7-6(5) 4-6 6-4,3,R32,153,3,2,105,70,48,19,16,4,7,7,1,98,52,38,24,16,1,4
2018-7853,Punta del Este,Clay,32,C,,20180226,6,BA98,6,,Simone Bolelli,R,183,ITA,32.386,174,313,ML08,,,Santiago Maresca,,,URU,23.452,1027,10,6-2 6-1,3,R32,53,1,1,38,23,22,10,8,0,0,4,1,35,23,11,7,7,2,6
2018-7853,Punta del Este,Clay,32,C,,20180226,7,TE16,7,,Carlos Taberner,R,183,ESP,20.553,180,307,G676,,,Daniel Gimeno-Traver,R,183,ESP,32.556,300,162,6-4 7-6(4),3,R32,116,2,4,74,47,35,11,11,5,8,4,3,87,49,26,21,11,9,13
2018-7853,Punta del Este,Clay,32,C,,20180226,8,PG20,,,Dmitry Popko,R,191,KAZ,21.342,241,213,BF23,8,,Facundo Bagnis,L,183,ARG,27.997,188,293,6-4 3-6 7-6(3),3,R32,166,2,4,102,66,45,20,15,6,9,7,2,109,65,47,21,16,4,7
2018-7853,Punta del Este,Clay,32,C,,20180226,9,A887,,,Guido Andreozzi,R,183,ARG,26.563,245,209,MM60,,,Joao Monteiro,R,178,PRT,24.167,250,206,2-6 7-6(3) 6-4,3,R32,160,8,2,116,67,43,21,15,4,9,6,4,95,49,31,24,15,3,7
2018-7853,Punta del Este,Clay,32,C,,20180226,10,CC66,,,Andrea Collarini,L,183,ARG,26.073,229,232,MI08,,,Javier Marti,R,,ESP,26.127,237,216,3-6 6-1 7-5,3,R32,140,3,3,91,47,33,22,14,8,11,1,3,85,57,33,12,14,2,7
2018-7853,Punta del Este,Clay,32,C,,20180226,11,GB53,,,Federico Gaio,R,178,ITA,25.979,296,166,A941,,,Facundo Arguello,R,178,ARG,25.563,287,173,6-4 6-2,3,R32,84,3,1,64,48,30,9,9,5,7,1,2,54,30,16,9,9,4,9
2018-7853,Punta del Este,Clay,32,C,,20180226,12,GD91,,,Juan Ignacio Galarza,R,183,ARG,23.945,356,120,H924,,,Patricio Heras,R,183,ARG,29.098,384,105,5-7 6-2 7-5,3,R32,156,12,3,106,57,46,21,16,5,8,2,5,100,54,33,27,16,6,11
2018-7853,Punta del Este,Clay,32,C,,20180226,13,GD64,,,Cristian Garin,R,185,CHI,21.744,242,212,Z246,,,Miljan Zekic,R,185,SRB,29.626,289,172,6-4 7-6(4),3,R32,128,1,3,78,55,40,12,11,3,4,4,0,80,46,30,19,11,7,9
2018-7853,Punta del Este,Clay,32,C,,20180226,14,LB84,,,Juan Ignacio Londero,R,180,ARG,24.534,364,115,D981,,,Arthur De Greef,R,183,BEL,25.919,248,208,5-2 RET,3,R32,27,1,0,18,12,9,6,3,0,0,2,1,22,10,5,6,4,1,3
2018-7853,Punta del Este,Clay,32,C,,20180226,15,LA93,,,Enrique Lopez Perez,R,180,ESP,26.735,202,271,X017,,,Nicolas Xiviller,R,180,URU,19.294,1077,8,6-4 6-0,3,R32,66,6,3,51,30,22,13,8,1,1,3,3,47,25,14,9,8,3,7
2018-7853,Punta del Este,Clay,32,C,,20180226,16,MP83,,,Gian Marco Moroni,R,185,ITA,20.036,661,35,G985,,,Carlos Gomez-Herrera,R,191,ESP,27.828,355,120,7-6(1) 6-4,3,R32,135,1,1,91,64,39,15,11,4,7,3,3,78,55,35,7,11,5,9
2018-7853,Punta del Este,Clay,32,C,,20180226,17,LA93,,,Enrique Lopez Perez,R,180,ESP,26.735,202,271,S483,2,,Pedro Sousa,R,180,POR,29.752,121,467,6-3 7-5,3,R16,75,4,3,60,33,23,18,11,3,5,0,2,56,45,29,4,10,1,5
2018-7853,Punta del Este,Clay,32,C,,20180226,18,A887,,,Guido Andreozzi,R,183,ARG,26.563,245,209,MF35,3,,Andrej Martin,R,183,SVK,28.435,124,461,6-4 6-4,3,R16,92,1,2,56,34,27,14,10,2,3,1,3,69,44,28,12,10,4,7
2018-7853,Punta del Este,Clay,32,C,,20180226,19,KC04,4,,Jozef Kovalik,R,183,SVK,25.311,145,374,CC66,,,Andrea Collarini,L,183,ARG,26.073,229,232,6-4 6-2,3,R16,98,5,0,49,24,19,18,9,1,1,1,2,66,39,23,14,9,7,10
2018-7853,Punta del Este,Clay,32,C,,20180226,20,G983,5,,Alessandro Giannessi,L,185,ITA,27.745,156,347,GD91,,,Juan Ignacio Galarza,R,183,ARG,23.945,356,120,6-0 6-4,3,R16,72,1,3,47,31,20,9,8,4,6,0,1,50,36,14,5,8,4,10
2018-7853,Punta del Este,Clay,32,C,,20180226,21,BA98,6,,Simone Bolelli,R,183,ITA,32.386,174,313,MP83,,,Gian Marco Moroni,R,185,ITA,20.036,661,35,6-0 6-4,3,R16,85,2,3,54,33,25,12,8,1,1,0,5,62,43,27,4,8,6,10
2018-7853,Punta del Este,Clay,32,C,,20180226,22,GD64,,,Cristian Garin,R,185,CHI,21.744,242,212,TE16,7,,Carlos Taberner,R,183,ESP,20.553,180,307,4-6 6-1 6-0,3,R16,97,7,3,63,41,35,10,12,3,5,1,4,74,45,26,11,11,7,13
2018-7853,Punta del Este,Clay,32,C,,20180226,23,GB53,,,Federico Gaio,R,178,ITA,25.979,296,166,KD70,,,Pedja Krstin,R,183,SRB,23.483,210,256,6-2 3-6 6-4,3,R16,100,14,3,74,46,33,17,13,2,3,3,3,72,43,32,18,14,2,5
2018-7853,Punta del Este,Clay,32,C,,20180226,24,PG20,,,Dmitry Popko,R,191,KAZ,21.342,241,213,LB84,,,Juan Ignacio Londero,R,180,ARG,24.534,364,115,2-6 6-4 6-4,3,R16,126,4,0,85,59,44,14,14,4,6,1,1,83,53,34,22,14,7,9
2018-7853,Punta del Este,Clay,32,C,,20180226,25,G983,5,,Alessandro Giannessi,L,185,ITA,27.745,156,347,KC04,4,,Jozef Kovalik,R,183,SVK,25.311,145,374,7-6(2) 2-6 7-6(5),3,QF,160,3,2,108,74,54,18,16,5,8,4,4,98,62,48,21,16,4,5
2018-7853,Punta del Este,Clay,32,C,,20180226,26,BA98,6,,Simone Bolelli,R,183,ITA,32.386,174,313,GB53,,,Federico Gaio,R,178,ITA,25.979,296,166,6-3 6-3,3,QF,70,0,0,46,34,27,10,9,0,0,1,2,56,31,21,10,9,6,9
2018-7853,Punta del Este,Clay,32,C,,20180226,27,A887,,,Guido Andreozzi,R,183,ARG,26.563,245,209,GD64,,,Cristian Garin,R,185,CHI,21.744,242,212,6-0 6-4,3,QF,77,2,0,48,25,15,16,8,0,1,3,5,56,29,19,5,8,3,8
2018-7853,Punta del Este,Clay,32,C,,20180226,28,PG20,,,Dmitry Popko,R,191,KAZ,21.342,241,213,LA93,,,Enrique Lopez Perez,R,180,ESP,26.735,202,271,6-3 6-4,3,QF,102,5,2,66,44,32,8,9,9,12,4,6,78,36,24,12,10,6,12
2018-7853,Punta del Este,Clay,32,C,,20180226,29,BA98,6,,Simone Bolelli,R,183,ITA,32.386,174,313,G983,5,,Alessandro Giannessi,L,185,ITA,27.745,156,347,6-2 7-5,3,SF,94,3,0,63,46,29,12,10,7,8,1,4,61,39,25,8,10,2,6
2018-7853,Punta del Este,Clay,32,C,,20180226,30,A887,,,Guido Andreozzi,R,183,ARG,26.563,245,209,PG20,,,Dmitry Popko,R,191,KAZ,21.342,241,213,6-3 6-7(5) 6-4,3,SF,163,8,1,90,49,36,21,15,1,4,1,0,102,77,45,14,16,3,9
2018-7853,Punta del Este,Clay,32,C,,20180226,31,A887,,,Guido Andreozzi,R,183,ARG,26.563,245,209,BA98,6,,Simone Bolelli,R,183,ITA,32.386,174,313,3-6 6-4 6-3,3,F,163,7,3,89,53,42,20,14,2,3,6,1,117,88,61,11,14,18,20
2018-3406,Santiago,Clay,32,C,,20180310,1,E698,1,,Gastao Elias,R,180,POR,27.291,105,553,BS86,,,Tomas Barrios Vera,R,191,CHI,20.246,443,82,7-6(5) 6-4,3,R32,114,5,2,72,43,32,13,11,2,5,2,5,96,54,31,20,11,8,12
2018-3406,Santiago,Clay,32,C,,20180310,2,CF01,2,,Marco Cecchinato,R,185,ITA,25.44,107,543,BA98,,,Simone Bolelli,R,183,ITA,32.419,152,361,6-3 7-5,3,R32,82,6,4,69,46,34,11,11,2,3,2,1,54,37,25,7,10,1,4
2018-3406,Santiago,Clay,32,C,,20180310,3,SC73,3,,Rogerio Dutra Silva,R,178,BRA,34.092,104,561,D985,,,Joao Domingues,R,,POR,24.427,179,311,7-6(2) 6-4,3,R32,106,1,3,76,49,36,13,11,5,7,0,2,77,51,31,16,11,8,11
2018-3406,Santiago,Clay,32,C,,20180310,4,R419,,,Tommy Robredo,R,180,ESP,35.858,170,326,S483,4,,Pedro Sousa,R,180,POR,29.785,119,473,6-4 7-5,3,R32,89,0,2,70,45,30,13,11,4,7,0,1,67,47,26,9,11,3,8
2018-3406,Santiago,Clay,32,C,,20180310,5,A887,,,Guido Andreozzi,R,183,ARG,26.595,193,283,MF35,5,,Andrej Martin,R,183,SVK,28.468,122,467,6-4 6-0,3,R32,69,3,2,41,25,24,8,8,0,0,1,6,57,32,18,12,8,7,11
2018-3406,Santiago,Clay,32,C,,20180310,6,MP83,,,Gian Marco Moroni,R,185,ITA,20.068,617,44,MJ08,6,,Thiago Monteiro,L,183,BRA,23.775,124,458,6-2 6-3,3,R32,77,2,4,58,42,35,7,9,5,5,2,2,42,28,19,5,8,0,3
2018-3406,Santiago,Clay,32,C,,20180310,7,BD20,8,,Thomaz Bellucci,L,188,BRA,30.193,133,418,A941,,,Facundo Arguello,R,178,ARG,25.596,289,173,6-2 6-3,3,R32,62,1,0,39,20,18,14,8,0,0,1,4,53,30,20,8,9,3,7
2018-3406,Santiago,Clay,32,C,,20180310,8,BF23,,,Facundo Bagnis,L,183,ARG,28.03,197,279,MW02,,,Corentin Moutet,L,180,FRA,18.891,138,408,7-6(1) 6-1,3,R32,82,0,4,49,29,25,11,9,0,1,1,4,62,44,29,5,10,1,5
2018-3406,Santiago,Clay,32,C,,20180310,9,CG07,,,Hernan Casanova,R,178,ARG,24.088,304,159,TE30,,,Alejandro Tabilo,L,188,CHI,20.769,795,21,7-5 3-6 6-4,3,R32,128,0,5,108,77,46,11,16,12,18,4,5,101,62,40,16,15,5,11
2018-3406,Santiago,Clay,32,C,,20180310,10,GD64,,,Cristian Garin,R,185,CHI,21.777,232,227,BK19,,,Mathias Bourgue,R,188,FRA,24.14,241,213,6-4 4-6 6-2,3,R32,131,0,5,104,62,44,17,14,8,12,1,6,92,52,33,16,14,2,8
2018-3406,Santiago,Clay,32,C,,20180310,11,G985,,,Carlos Gomez-Herrera,R,191,ESP,27.86,356,123,SG64,,,Joao Souza,R,193,BRA,29.785,257,197,6-3 6-1,3,R32,59,1,0,39,29,23,9,8,0,0,2,5,43,31,21,3,8,2,6
2018-3406,Santiago,Clay,32,C,,20180310,12,KC04,,,Jozef Kovalik,R,183,SVK,25.344,145,377,G983,,,Alessandro Giannessi,L,185,ITA,27.778,162,344,6-3 2-6 6-2,3,R32,117,4,7,86,52,37,20,13,8,10,0,7,81,50,32,15,12,7,10
2018-3406,Santiago,Clay,32,C,,20180310,13,KD70,,,Pedja Krstin,R,183,SRB,23.515,207,262,D981,,,Arthur De Greef,R,183,BEL,25.952,249,202,6-3 3-6 6-0,3,R32,95,2,7,73,42,22,17,12,5,10,7,12,77,40,25,10,12,5,13
2018-3406,Santiago,Clay,32,C,,20180310,14,O513,,,Sebastian Ofner,R,191,AUT,21.826,140,401,LB07,,,Gonzalo Lama,R,180,CHI,24.868,398,96,6-4 2-6 6-4,3,R32,113,5,5,72,35,26,14,14,2,8,1,5,99,64,35,16,14,7,13
2018-3406,Santiago,Clay,32,C,,20180310,15,O376,,,Renzo Olivo,R,178,ARG,25.985,178,313,LA93,,,Enrique Lopez Perez,R,180,ESP,26.768,194,283,3-6 6-3 7-5,3,R32,122,5,1,83,51,37,16,15,0,3,2,11,113,71,46,20,15,14,18
2018-3406,Santiago,Clay,32,C,,20180310,16,TE16,,,Carlos Taberner,R,183,ESP,20.586,184,307,CG04,,,Pedro Cachin,R,185,ARG,22.91,272,186,6-4 7-5,3,R32,104,2,2,69,39,22,18,11,5,9,2,5,67,41,23,10,11,3,9
2018-3406,Santiago,Clay,32,C,,20180310,17,KC04,,,Jozef Kovalik,R,183,SVK,25.344,145,377,E698,1,,Gastao Elias,R,180,POR,27.291,105,553,7-6(4) 6-2,3,R16,109,1,1,69,42,32,16,10,1,2,1,3,64,27,17,20,10,2,5
2018-3406,Santiago,Clay,32,C,,20180310,18,CF01,2,,Marco Cecchinato,R,185,ITA,25.44,107,543,TE16,,,Carlos Taberner,R,183,ESP,20.586,184,307,6-3 2-6 6-4,3,R16,120,4,0,105,80,49,16,14,7,9,3,0,85,55,36,17,13,6,8
2018-3406,Santiago,Clay,32,C,,20180310,19,SC73,3,,Rogerio Dutra Silva,R,178,BRA,34.092,104,561,CG07,,,Hernan Casanova,R,178,ARG,24.088,304,159,6-3 6-4,3,R16,86,2,0,59,39,31,8,10,1,3,0,1,69,44,25,10,9,12,16
2018-3406,Santiago,Clay,32,C,,20180310,20,BD20,8,,Thomaz Bellucci,L,188,BRA,30.193,133,418,O376,,,Renzo Olivo,R,178,ARG,25.985,178,313,6-1 6-4,3,R16,57,3,2,45,25,21,10,9,0,2,2,8,47,29,15,5,8,7,12
2018-3406,Santiago,Clay,32,C,,20180310,21,A887,,,Guido Andreozzi,R,183,ARG,26.595,193,283,KD70,,,Pedja Krstin,R,183,SRB,23.515,207,262,6-3 6-4,3,R16,72,3,1,46,28,23,10,9,2,4,3,4,59,30,17,14,10,0,5
2018-3406,Santiago,Clay,32,C,,20180310,22,G985,,,Carlos Gomez-Herrera,R,191,ESP,27.86,356,123,BF23,,,Facundo Bagnis,L,183,ARG,28.03,197,279,6-1 6-3,3,R16,68,1,1,49,32,20,10,8,2,4,3,3,46,27,13,5,8,2,8
2018-3406,Santiago,Clay,32,C,,20180310,23,MP83,,,Gian Marco Moroni,R,185,ITA,20.068,617,44,O513,,,Sebastian Ofner,R,191,AUT,21.826,140,401,6-2 6-1,3,R16,64,0,1,50,38,28,8,8,1,1,3,4,46,23,14,7,7,6,10
2018-3406,Santiago,Clay,32,C,,20180310,24,R419,,,Tommy Robredo,R,180,ESP,35.858,170,326,GD64,,,Cristian Garin,R,185,CHI,21.777,232,227,6-3 4-6 6-1,3,R16,116,2,6,77,56,33,8,13,1,6,0,6,103,68,39,9,13,15,23
2018-3406,Santiago,Clay,32,C,,20180310,25,CF01,2,,Marco Cecchinato,R,185,ITA,25.44,107,543,A887,,,Guido Andreozzi,R,183,ARG,26.595,193,283,6-1 6-2,3,QF,57,4,1,47,33,24,9,8,1,1,3,2,48,22,13,10,7,3,7
2018-3406,Santiago,Clay,32,C,,20180310,26,G985,,,Carlos Gomez-Herrera,R,191,ESP,27.86,356,123,SC73,3,,Rogerio Dutra Silva,R,178,BRA,34.092,104,561,4-6 6-3 6-3,3,QF,122,2,4,92,58,40,17,14,4,7,1,3,77,43,26,20,14,5,10
2018-3406,Santiago,Clay,32,C,,20180310,27,KC04,,,Jozef Kovalik,R,183,SVK,25.344,145,377,BD20,8,,Thomaz Bellucci,L,188,BRA,30.193,133,418,6-7(6) 7-6(4) 6-3,3,QF,201,6,2,130,82,49,29,16,10,13,5,7,122,60,37,32,17,7,12
2018-3406,Santiago,Clay,32,C,,20180310,28,R419,,,Tommy Robredo,R,180,ESP,35.858,170,326,MP83,,,Gian Marco Moroni,R,185,ITA,20.068,617,44,6-7(6) 6-3 6-0,3,QF,155,1,4,100,70,42,16,14,7,11,1,6,95,59,28,17,13,8,16
2018-3406,Santiago,Clay,32,C,,20180310,29,CF01,2,,Marco Cecchinato,R,185,ITA,25.44,107,543,R419,,,Tommy Robredo,R,180,ESP,35.858,170,326,4-6 6-1 6-4,3,SF,103,2,2,79,57,44,11,14,1,3,0,5,74,52,35,8,13,5,9
2018-3406,Santiago,Clay,32,C,,20180310,30,G985,,,Carlos Gomez-Herrera,R,191,ESP,27.86,356,123,KC04,,,Jozef Kovalik,R,183,SVK,25.344,145,377,6-3 7-6(1),3,SF,106,2,6,69,46,38,9,11,6,8,1,3,74,49,29,12,10,2,5
2018-3406,Santiago,Clay,32,C,,20180310,31,CF01,2,,Marco Cecchinato,R,185,ITA,25.44,107,543,G985,,,Carlos Gomez-Herrera,R,191,ESP,27.86,356,123,1-6 6-1 6-1,3,F,85,2,0,62,44,31,8,10,3,5,3,4,77,50,30,13,11,11,16
2018-7496,Zhuhai,Hard,32,C,,20180311,1,KI95,,,Miomir Kecmanovic,R,183,SRB,18.527,183,308,TC61,1,,Jordan Thompson,R,183,AUS,23.89,98,595,6-4 6-2,3,R32,89,2,2,69,36,25,19,9,5,6,5,3,66,34,17,17,9,3,7
2018-7496,Zhuhai,Hard,32,C,,20180311,2,J267,2,,Malek Jaziri,R,185,TUN,34.138,84,661,TF58,,,Yusuke Takahashi,R,170,JPN,20.397,245,209,6-1 6-2,3,R32,63,5,2,57,29,21,16,8,4,5,4,1,40,18,10,6,7,2,7
2018-7496,Zhuhai,Hard,32,C,,20180311,3,G710,3,,Marcel Granollers,R,191,ESP,31.912,131,427,SU87,,,Lorenzo Sonego,R,191,ITA,22.834,160,346,6-3 6-3,3,R32,85,6,0,48,30,27,10,9,3,3,0,0,61,39,25,10,9,4,7
2018-7496,Zhuhai,Hard,32,C,,20180311,4,O449,4,,Oscar Otte,R,193,GER,24.652,137,408,Z371,,,Zhizhen Zhang,R,193,CHN,21.399,336,136,6-2 6-3,3,R32,55,6,1,47,33,24,9,9,2,4,0,3,44,28,15,3,8,3,8
2018-7496,Zhuhai,Hard,32,C,,20180311,5,MH16,5,,Yannick Maden,R,185,GER,28.367,136,410,L733,,,Zhe Li,R,183,CHN,31.472,327,142,6-3 6-2,3,R32,77,2,2,53,31,26,12,9,2,3,2,2,53,36,24,2,8,5,9
2018-7496,Zhuhai,Hard,32,C,,20180311,6,I305,6,,Ilya Ivashka,R,193,BLR,24.041,148,369,U134,,,Yasutaka Uchiyama,R,183,JPN,25.596,213,251,6-4 6-2,3,R32,75,5,4,59,35,28,11,9,5,6,1,1,48,28,18,8,9,0,4
2018-7496,Zhuhai,Hard,32,C,,20180311,7,MU94,,,Jaume Munar,R,183,ESP,20.849,192,283,Z254,7,,Jurgen Zopp,R,191,EST,29.949,149,363,6-2 6-1,3,R32,60,2,2,39,20,18,11,7,0,0,2,0,60,36,17,10,8,3,8
2018-7496,Zhuhai,Hard,32,C,,20180311,8,BI81,,,Alex Bolt,L,183,AUS,25.177,244,209,V717,8,,Alexey Vatutin,R,178,RUS,25.369,157,355,6-3 6-3,3,R32,72,11,1,49,28,25,13,9,1,1,1,7,76,43,27,15,9,8,11
2018-7496,Zhuhai,Hard,32,C,,20180311,9,CE25,,,Salvatore Caruso,R,185,ITA,25.235,185,301,SC47,,,Go Soeda,R,178,JPN,33.511,150,363,6-3 6-4,3,R32,90,3,2,55,29,18,19,10,2,4,0,5,70,41,27,10,9,7,11
2018-7496,Zhuhai,Hard,32,C,,20180311,10,HB71,,,Hubert Hurkacz,R,196,POL,21.076,212,253,GB61,,,Viktor Galovic,R,193,CRO,27.474,187,300,6-3 6-4,3,R32,66,5,3,52,31,26,10,10,2,4,1,1,53,34,20,7,9,3,7
2018-7496,Zhuhai,Hard,32,C,,20180311,11,J380,,,Jason Jung,R,180,TPE,28.736,155,357,Z272,,,Ze Zhang,R,188,CHN,27.685,305,158,6-0 6-3,3,R32,60,4,0,44,29,23,9,7,2,2,1,8,53,28,16,7,8,9,14
2018-7496,Zhuhai,Hard,32,C,,20180311,12,KB95,,,Jason Kubler,R,178,AUS,24.81,201,268,BH87,,,Maverick Banes,R,,AUS,25.916,312,156,6-2 7-6(8),3,R32,107,3,10,71,31,22,18,10,1,5,1,4,67,41,20,13,10,3,9
2018-7496,Zhuhai,Hard,32,C,,20180311,13,KF17,,,Soonwoo Kwon,R,180,KOR,20.271,218,247,I236,,,Uladzimir Ignatik,R,183,BLR,27.658,190,290,6-7(8) 6-2 3-0 RET,3,R32,140,4,11,88,42,29,22,11,9,11,13,13,96,52,42,9,12,8,14
2018-7496,Zhuhai,Hard,32,C,,20180311,14,MJ71,,,Mats Moraing,L,198,GER,25.722,163,342,RA51,,,Blaz Rola,L,193,SLO,27.431,203,267,7-6(4) 6-1,3,R32,87,13,4,76,43,30,21,10,3,4,9,3,62,42,26,10,9,4,7
2018-7496,Zhuhai,Hard,32,C,,20180311,15,N679,,,Stefano Napolitano,R,196,ITA,22.916,180,309,I230,,,Tatsuma Ito,R,180,JPN,29.812,176,320,6-3 6-3,3,R32,65,6,3,47,22,19,14,9,0,1,2,4,55,30,19,10,9,2,6
2018-7496,Zhuhai,Hard,32,C,,20180311,16,W571,,,Di Wu,R,173,CHN,26.489,258,196,X015,,,Zihao Xia,R,,CHN,21.109,805,20,6-4 6-4,3,R32,86,4,1,76,36,28,21,10,8,9,1,2,70,50,31,9,10,9,12
2018-7496,Zhuhai,Hard,32,C,,20180311,17,J267,2,,Malek Jaziri,R,185,TUN,34.138,84,661,W571,,,Di Wu,R,173,CHN,26.489,258,196,6-4 1-6 6-4,3,R16,115,5,2,92,47,30,20,13,9,14,6,2,82,37,27,21,14,4,9
2018-7496,Zhuhai,Hard,32,C,,20180311,18,KF17,,,Soonwoo Kwon,R,180,KOR,20.271,218,247,G710,3,,Marcel Granollers,R,191,ESP,31.912,131,427,7-5 6-4,3,R16,98,3,0,68,38,29,17,11,3,4,4,1,55,36,27,7,11,0,3
2018-7496,Zhuhai,Hard,32,C,,20180311,19,O449,4,,Oscar Otte,R,193,GER,24.652,137,408,N679,,,Stefano Napolitano,R,196,ITA,22.916,180,309,7-5 6-3,3,R16,90,11,5,69,42,33,14,11,3,4,3,2,86,42,29,19,10,5,8
2018-7496,Zhuhai,Hard,32,C,,20180311,20,MJ71,,,Mats Moraing,L,198,GER,25.722,163,342,MH16,5,,Yannick Maden,R,185,GER,28.367,136,410,6-4 7-6(5),3,R16,106,15,9,79,45,38,16,11,6,7,8,1,92,63,42,16,11,4,6
2018-7496,Zhuhai,Hard,32,C,,20180311,21,HB71,,,Hubert Hurkacz,R,196,POL,21.076,212,253,I305,6,,Ilya Ivashka,R,193,BLR,24.041,148,369,7-6(2) 7-6(4),3,R16,109,3,0,75,48,38,19,12,0,0,3,2,85,49,38,20,12,1,1
2018-7496,Zhuhai,Hard,32,C,,20180311,22,BI81,,,Alex Bolt,L,183,AUS,25.177,244,209,CE25,,,Salvatore Caruso,R,185,ITA,25.235,185,301,6-3 6-2,3,R16,70,4,3,54,33,25,12,9,1,2,2,5,51,23,15,11,8,6,10
2018-7496,Zhuhai,Hard,32,C,,20180311,23,J380,,,Jason Jung,R,180,TPE,28.736,155,357,KI95,,,Miomir Kecmanovic,R,183,SRB,18.527,183,308,3-6 7-6(0) 6-4,3,R16,125,7,6,99,59,42,17,15,8,12,2,4,94,49,32,21,16,2,6
2018-7496,Zhuhai,Hard,32,C,,20180311,24,KB95,,,Jason Kubler,R,178,AUS,24.81,201,268,MU94,,,Jaume Munar,R,183,ESP,20.849,192,283,7-6(7) 3-6 6-3,3,R16,137,7,7,94,52,37,22,15,4,8,1,2,90,61,36,19,15,3,7
2018-7496,Zhuhai,Hard,32,C,,20180311,25,BI81,,,Alex Bolt,L,183,AUS,25.177,244,209,J267,2,,Malek Jaziri,R,185,TUN,34.138,84,661,6-1 6-4,3,QF,58,8,3,57,37,29,12,9,3,3,0,1,44,29,18,7,8,0,3
2018-7496,Zhuhai,Hard,32,C,,20180311,26,O449,4,,Oscar Otte,R,193,GER,24.652,137,408,KB95,,,Jason Kubler,R,178,AUS,24.81,201,268,6-3 6-2,3,QF,56,10,1,42,33,28,5,8,1,1,2,5,65,38,23,11,9,1,5
2018-7496,Zhuhai,Hard,32,C,,20180311,27,HB71,,,Hubert Hurkacz,R,196,POL,21.076,212,253,KF17,,,Soonwoo Kwon,R,180,KOR,20.271,218,247,6-3 6-0,3,QF,51,3,0,37,19,18,14,8,0,0,1,2,51,26,14,10,7,5,9
2018-7496,Zhuhai,Hard,32,C,,20180311,28,J380,,,Jason Jung,R,180,TPE,28.736,155,357,MJ71,,,Mats Moraing,L,198,GER,25.722,163,342,6-2 3-6 6-3,3,QF,106,6,0,81,60,46,9,13,4,5,11,10,93,56,37,17,13,9,12
2018-7496,Zhuhai,Hard,32,C,,20180311,29,BI81,,,Alex Bolt,L,183,AUS,25.177,244,209,O449,4,,Oscar Otte,R,193,GER,24.652,137,408,6-5 RET,3,SF,41,1,2,31,20,14,6,5,3,4,2,2,32,21,15,5,6,1,3
2018-7496,Zhuhai,Hard,32,C,,20180311,30,HB71,,,Hubert Hurkacz,R,196,POL,21.076,212,253,J380,,,Jason Jung,R,180,TPE,28.736,155,357,6-1 6-7(6) 6-4,3,SF,125,11,3,114,78,57,13,15,5,7,1,2,87,59,39,12,14,5,10
2018-7496,Zhuhai,Hard,32,C,,20180311,31,BI81,,,Alex Bolt,L,183,AUS,25.177,244,209,HB71,,,Hubert Hurkacz,R,196,POL,21.076,212,253,5-7 7-6(4) 6-2,3,F,133,6,4,123,78,55,20,16,15,18,8,4,101,79,52,9,16,1,5
2018-7004,Shenzhen,Hard,32,C,,20180318,1,J267,1,,Malek Jaziri,R,185,TUN,34.157,84,661,MM66,,,Nikola Milojevic,R,188,SRB,22.746,188,300,7-5 1-6 7-5,3,R32,136,6,4,81,42,28,19,15,1,6,5,9,107,57,40,21,16,14,19
2018-7004,Shenzhen,Hard,32,C,,20180318,2,MI01,,,Hiroki Moriya,R,168,JPN,27.42,332,139,TC61,2,,Jordan Thompson,R,183,AUS,23.91,98,595,4-6 6-2 6-3,3,R32,150,1,2,82,52,31,14,13,3,8,1,10,106,64,34,16,14,10,18
2018-7004,Shenzhen,Hard,32,C,,20180318,3,I236,,,Uladzimir Ignatik,R,183,BLR,27.677,190,290,K834,3,,Blaz Kavcic,R,188,SLO,31.036,116,488,7-6(3) 3-6 6-3,3,R32,164,7,7,97,53,34,22,15,2,6,3,4,99,56,39,18,15,5,9
2018-7004,Shenzhen,Hard,32,C,,20180318,4,KI95,,,Miomir Kecmanovic,R,183,SRB,18.546,183,308,G710,4,,Marcel Granollers,R,191,ESP,31.932,131,427,6-3 6-4,3,R32,73,3,0,59,31,20,19,10,0,1,1,2,46,26,16,10,9,0,3
2018-7004,Shenzhen,Hard,32,C,,20180318,5,MH16,5,,Yannick Maden,R,185,GER,28.386,136,410,RA51,,,Blaz Rola,L,193,SLO,27.45,203,267,6-2 6-3,3,R32,80,1,1,50,29,22,13,8,3,3,2,1,50,28,19,7,9,1,5
2018-7004,Shenzhen,Hard,32,C,,20180318,6,O449,6,,Oscar Otte,R,193,GER,24.671,137,408,Z371,,,Zhizhen Zhang,R,193,CHN,21.418,336,136,6-3 6-0,3,R32,56,6,0,43,26,20,13,8,0,0,2,1,44,34,18,3,7,3,7
2018-7004,Shenzhen,Hard,32,C,,20180318,7,I305,7,,Ilya Ivashka,R,193,BLR,24.06,148,369,N679,,,Stefano Napolitano,R,196,ITA,22.935,180,309,6-3 6-4,3,R32,65,7,1,50,27,27,14,10,0,0,2,2,48,22,15,17,9,0,2
2018-7004,Shenzhen,Hard,32,C,,20180318,8,Z254,8,,Jurgen Zopp,R,191,EST,29.969,149,363,BI81,,,Alex Bolt,L,183,AUS,25.196,244,209,2-6 7-5 6-4,3,R32,109,2,7,106,62,40,27,15,9,12,8,5,83,49,37,18,15,1,4
2018-7004,Shenzhen,Hard,32,C,,20180318,9,CE25,,,Salvatore Caruso,R,185,ITA,25.254,185,301,SC47,,,Go Soeda,R,178,JPN,33.53,150,363,6-4 4-6 6-4,3,R32,141,2,2,95,53,38,25,15,5,7,7,2,97,55,47,15,15,5,8
2018-7004,Shenzhen,Hard,32,C,,20180318,10,GB61,,,Viktor Galovic,R,193,CRO,27.493,187,300,KB95,,,Jason Kubler,R,178,AUS,24.83,201,268,3-6 7-5 6-3,3,R32,117,11,1,94,64,46,15,15,7,10,6,4,81,54,37,15,15,0,4
2018-7004,Shenzhen,Hard,32,C,,20180318,11,HB71,,,Hubert Hurkacz,R,196,POL,21.095,212,253,SU87,,,Lorenzo Sonego,R,191,ITA,22.853,160,346,6-7(4) 7-6(4) 6-3,3,R32,169,8,3,119,72,50,22,17,7,11,9,4,102,67,46,17,16,3,8
2018-7004,Shenzhen,Hard,32,C,,20180318,12,I230,,,Tatsuma Ito,R,180,JPN,29.832,176,320,W571,,,Di Wu,R,173,CHN,26.508,258,196,7-6(5) 5-7 7-5,3,R32,150,4,3,106,77,50,10,18,3,9,6,2,113,65,46,19,18,4,10
2018-7004,Shenzhen,Hard,32,C,,20180318,13,LE01,,,Duckhee Lee,R,170,KOR,19.803,195,281,J380,,,Jason Jung,R,180,TPE,28.756,155,357,4-6 7-5 6-4,3,R32,140,5,6,89,47,31,19,16,4,11,4,0,113,78,45,11,16,6,14
2018-7004,Shenzhen,Hard,32,C,,20180318,14,L733,,,Zhe Li,R,183,CHN,31.491,327,142,V717,,,Alexey Vatutin,R,178,RUS,25.388,157,355,6-2 6-3,3,R32,71,0,2,51,31,20,16,9,0,1,0,7,55,30,18,10,8,6,10
2018-7004,Shenzhen,Hard,32,C,,20180318,15,MJ71,,,Mats Moraing,L,198,GER,25.741,163,342,KF17,,,Soonwoo Kwon,R,180,KOR,20.29,218,247,6-0 6-3,3,R32,59,11,7,55,31,26,11,8,2,2,4,3,33,14,9,7,7,0,4
2018-7004,Shenzhen,Hard,32,C,,20180318,16,Z272,,,Ze Zhang,R,188,CHN,27.704,305,158,MU94,,,Jaume Munar,R,183,ESP,20.868,192,283,3-6 6-4 6-2,3,R32,116,2,1,73,43,31,16,13,1,4,5,1,96,61,37,15,14,7,12
2018-7004,Shenzhen,Hard,32,C,,20180318,17,J267,1,,Malek Jaziri,R,185,TUN,34.157,84,661,LE01,,,Duckhee Lee,R,170,KOR,19.803,195,281,6-2 6-2,3,R16,61,3,2,46,16,12,19,8,0,1,4,4,40,15,8,9,8,1,6
2018-7004,Shenzhen,Hard,32,C,,20180318,18,HB71,,,Hubert Hurkacz,R,196,POL,21.095,212,253,MH16,5,,Yannick Maden,R,185,GER,28.386,136,410,6-3 6-4,3,R16,84,4,2,55,33,29,14,10,1,1,2,4,75,45,27,17,9,7,9
2018-7004,Shenzhen,Hard,32,C,,20180318,19,Z272,,,Ze Zhang,R,188,CHN,27.704,305,158,O449,6,,Oscar Otte,R,193,GER,24.671,137,408,6-1 7-5,3,R16,66,3,1,46,30,28,7,9,3,4,7,5,57,32,20,7,10,1,6
2018-7004,Shenzhen,Hard,32,C,,20180318,20,I305,7,,Ilya Ivashka,R,193,BLR,24.06,148,369,MJ71,,,Mats Moraing,L,198,GER,25.741,163,342,5-0 RET,3,R16,27,2,1,20,11,9,5,3,0,0,1,4,18,10,5,1,2,2,4
2018-7004,Shenzhen,Hard,32,C,,20180318,21,Z254,8,,Jurgen Zopp,R,191,EST,29.969,149,363,L733,,,Zhe Li,R,183,CHN,31.491,327,142,7-5 0-6 7-5,3,R16,120,6,4,92,59,41,11,15,3,8,7,0,86,62,42,12,15,2,6
2018-7004,Shenzhen,Hard,32,C,,20180318,22,CE25,,,Salvatore Caruso,R,185,ITA,25.254,185,301,MI01,,,Hiroki Moriya,R,168,JPN,27.42,332,139,6-3 3-6 6-4,3,R16,166,5,5,97,46,31,23,14,4,8,0,5,93,52,32,21,14,7,12
2018-7004,Shenzhen,Hard,32,C,,20180318,23,GB61,,,Viktor Galovic,R,193,CRO,27.493,187,300,KI95,,,Miomir Kecmanovic,R,183,SRB,18.546,183,308,6-1 6-2,3,R16,60,6,1,44,29,22,12,8,1,1,1,1,48,23,14,10,7,4,8
2018-7004,Shenzhen,Hard,32,C,,20180318,24,I230,,,Tatsuma Ito,R,180,JPN,29.832,176,320,I236,,,Uladzimir Ignatik,R,183,BLR,27.677,190,290,1-6 6-3 6-4,3,R16,151,1,3,100,71,40,15,13,6,10,7,7,101,68,46,12,13,10,14
2018-7004,Shenzhen,Hard,32,C,,20180318,25,HB71,,,Hubert Hurkacz,R,196,POL,21.095,212,253,J267,1,,Malek Jaziri,R,185,TUN,34.157,84,661,6-7(1) 7-5 6-4,3,QF,152,9,5,110,58,45,28,17,4,5,1,3,112,68,46,27,17,9,12
2018-7004,Shenzhen,Hard,32,C,,20180318,26,I305,7,,Ilya Ivashka,R,193,BLR,24.06,148,369,CE25,,,Salvatore Caruso,R,185,ITA,25.254,185,301,6-3 6-3,3,QF,73,7,1,58,35,25,14,9,4,5,1,2,53,28,18,11,9,2,6
2018-7004,Shenzhen,Hard,32,C,,20180318,27,I230,,,Tatsuma Ito,R,180,JPN,29.832,176,320,Z254,8,,Jurgen Zopp,R,191,EST,29.969,149,363,6-3 6-4,3,QF,88,2,2,59,39,29,9,9,7,9,4,3,64,43,25,7,10,4,9
2018-7004,Shenzhen,Hard,32,C,,20180318,28,Z272,,,Ze Zhang,R,188,CHN,27.704,305,158,GB61,,,Viktor Galovic,R,193,CRO,27.493,187,300,6-4 6-7(6) 6-3,3,QF,138,11,4,110,72,51,18,16,6,8,14,4,110,80,55,12,15,7,11
2018-7004,Shenzhen,Hard,32,C,,20180318,29,I305,7,,Ilya Ivashka,R,193,BLR,24.06,148,369,I230,,,Tatsuma Ito,R,180,JPN,29.832,176,320,6-3 6-2,3,SF,68,9,2,52,31,24,13,9,4,5,3,2,53,37,19,7,8,5,9
2018-7004,Shenzhen,Hard,32,C,,20180318,30,Z272,,,Ze Zhang,R,188,CHN,27.704,305,158,HB71,,,Hubert Hurkacz,R,196,POL,21.095,212,253,7-6(11) 2-6 6-2,3,SF,124,6,3,101,66,47,18,14,9,12,7,0,105,72,48,16,14,5,8
2018-7004,Shenzhen,Hard,32,C,,20180318,31,I305,7,,Ilya Ivashka,R,193,BLR,24.06,148,369,Z272,,,Ze Zhang,R,188,CHN,27.704,305,158,6-4 6-2,3,F,76,7,1,59,40,32,8,9,6,7,3,3,65,47,28,6,9,4,8
2018-7235,Drummondville,Hard,32,C,,20180318,1,PD07,1,,Vasek Pospisil,R,193,CAN,27.734,75,708,PC78,,,Ante Pavic,R,196,CRO,29.029,301,162,7-5 6-3,3,R32,68,8,2,58,34,26,16,11,1,2,7,1,53,37,26,7,10,0,3
2018-7235,Drummondville,Hard,32,C,,20180318,2,L949,2,,Henri Laaksonen,R,185,SUI,25.963,125,451,GB42,,,Alejandro Gomez,R,183,COL,26.593,767,23,6-4 7-5,3,R32,81,11,0,66,38,29,16,11,4,5,5,3,82,55,36,13,11,11,14
2018-7235,Drummondville,Hard,32,C,,20180318,3,LB66,,,Constant Lestienne,R,180,FRA,25.818,239,216,SJ22,3,,Gleb Sakharov,R,185,FRA,29.769,158,354,6-3 RET,3,R32,49,7,2,30,14,13,10,5,2,2,3,1,36,22,15,5,4,3,4
2018-7235,Drummondville,Hard,32,C,,20180318,4,AB71,,,JC Aragone,R,178,USA,22.721,408,92,BI23,4,,Liam Broady,L,183,GBR,24.2,164,336,4-6 6-4 7-6(3),3,R32,155,7,9,133,83,54,24,16,10,14,4,3,96,57,40,22,16,6,10
2018-7235,Drummondville,Hard,32,C,,20180318,5,KB09,5,,Denis Kudla,R,180,USA,25.582,168,327,E768,,,Antoine Escoffier,R,185,FRA,26.048,350,125,1-6 6-3 6-4,3,R32,110,5,5,89,47,33,18,13,6,10,6,6,85,44,31,17,13,3,7
2018-7235,Drummondville,Hard,32,C,,20180318,6,PF65,6,,Filip Peliwo,R,180,POL,24.129,186,301,G892,,,Alejandro Gonzalez,R,191,COL,29.106,316,149,6-3 4-6 6-3,3,R32,126,7,1,87,55,41,13,14,5,8,0,2,119,81,48,14,14,7,12
2018-7235,Drummondville,Hard,32,C,,20180318,7,KB37,7,,Evan King,L,185,USA,25.979,200,276,V832,,,Aleksandar Vukic,R,188,AUS,21.947,441,82,7-6(1) 6-4,3,R32,89,5,3,69,45,34,14,11,1,2,10,5,77,43,29,16,11,6,8
2018-7235,Drummondville,Hard,32,C,,20180318,8,SP24,8,,Brayden Schnur,R,193,CAN,22.705,202,267,P701,,,Michal Przysiezny,R,185,POL,34.084,1132,6,7-6(3) 6-2,3,R32,91,11,0,64,48,36,11,10,4,5,6,7,82,46,35,10,10,6,9
2018-7235,Drummondville,Hard,32,C,,20180318,9,BM95,,,Benjamin Bonzi,R,183,FRA,21.771,222,245,ME31,,,Vincent Millot,L,173,FRA,32.129,224,243,6-4 5-7 7-5,3,R32,148,6,2,132,76,51,29,17,12,15,4,2,116,75,53,19,17,3,7
2018-7235,Drummondville,Hard,32,C,,20180318,10,D499,,,Frank Dancevic,R,185,CAN,33.473,346,126,LI16,,,Jack Mingjie Lin,,,CAN,18.924,1798,1,7-5 6-1,3,R32,71,2,0,60,35,26,15,10,3,4,2,4,47,22,14,12,9,3,7
2018-7235,Drummondville,Hard,32,C,,20180318,11,DA86,,,Joris De Loore,R,191,BEL,24.906,315,150,SF76,,,Franko Skugor,R,196,CRO,30.491,270,187,3-6 6-3 4-3 RET,3,R32,107,3,2,56,36,30,15,12,0,1,10,2,99,56,39,22,13,7,9
2018-7235,Drummondville,Hard,32,C,,20180318,12,HB05,,,Christian Harrison,R,180,USA,23.803,217,247,SJ55,,,John-Patrick Smith,L,188,AUS,29.144,221,245,6-0 6-7(5) 7-6(4),3,R32,130,5,0,92,59,45,23,15,2,3,7,2,105,78,47,18,15,8,12
2018-7235,Drummondville,Hard,32,C,,20180318,13,HB41,,,Jared Hiltzik,R,185,USA,23.693,361,118,KI74,,,Nicola Kuhn,R,185,GER,17.993,209,261,6-4 6-3,3,R32,66,6,1,59,38,29,7,9,6,8,2,2,57,37,22,6,10,3,8
2018-7235,Drummondville,Hard,32,C,,20180318,14,KE73,,,Dominik Koepfer,L,180,GER,23.885,234,221,KB12,,,Pavel Krainik,R,,CAN,25.467,776,23,3-6 7-5 6-2,3,R32,104,6,1,84,52,42,18,14,7,8,4,1,95,57,40,19,15,8,11
2018-7235,Drummondville,Hard,32,C,,20180318,15,MM10,,,Samuel Monette,L,180,CAN,24.172,479,72,RA24,,,Ruan Roelofse,R,188,RSA,28.329,711,28,6-3 6-4,3,R32,56,3,2,59,42,35,9,10,4,4,6,2,50,34,23,10,9,1,3
2018-7235,Drummondville,Hard,32,C,,20180318,16,SK41,,,Nicolaas Scholtz,R,,RSA,27.113,335,138,SX96,,,Benjamin Sigouin,R,191,CAN,18.79,782,22,6-1 2-6 6-4,3,R32,97,6,3,73,48,34,14,13,4,6,5,4,77,45,34,13,12,8,11
2018-7235,Drummondville,Hard,32,C,,20180318,17,PD07,1,,Vasek Pospisil,R,193,CAN,27.734,75,708,SK41,,,Nicolaas Scholtz,R,,RSA,27.113,335,138,7-6(2) 7-5,3,R16,99,10,4,70,45,40,13,12,0,0,6,5,86,49,38,15,12,8,9
2018-7235,Drummondville,Hard,32,C,,20180318,18,HB41,,,Jared Hiltzik,R,185,USA,23.693,361,118,L949,2,,Henri Laaksonen,R,185,SUI,25.963,125,451,6-4 6-4,3,R16,81,14,2,76,48,38,11,10,10,11,4,3,65,31,23,16,10,3,6
2018-7235,Drummondville,Hard,32,C,,20180318,19,KB09,5,,Denis Kudla,R,180,USA,25.582,168,327,DA86,,,Joris De Loore,R,191,BEL,24.906,315,150,6-3 5-7 6-2,3,R16,109,4,3,85,56,42,18,15,4,6,13,2,89,53,41,12,14,6,10
2018-7235,Drummondville,Hard,32,C,,20180318,20,BM95,,,Benjamin Bonzi,R,183,FRA,21.771,222,245,PF65,6,,Filip Peliwo,R,180,POL,24.129,186,301,6-4 7-6(3),3,R16,83,3,3,79,48,33,15,11,3,5,4,0,69,40,25,16,11,2,5
2018-7235,Drummondville,Hard,32,C,,20180318,21,KB37,7,,Evan King,L,185,USA,25.979,200,276,KE73,,,Dominik Koepfer,L,180,GER,23.885,234,221,6-4 7-6(6),3,R16,93,4,1,81,57,36,14,11,3,5,4,5,75,42,27,17,11,4,7
2018-7235,Drummondville,Hard,32,C,,20180318,22,SP24,8,,Brayden Schnur,R,193,CAN,22.705,202,267,HB05,,,Christian Harrison,R,180,USA,23.803,217,247,6-4 6-3,3,R16,68,6,1,62,49,35,6,10,2,3,4,2,44,27,21,8,9,1,4
2018-7235,Drummondville,Hard,32,C,,20180318,23,AB71,,,JC Aragone,R,178,USA,22.721,408,92,MM10,,,Samuel Monette,L,180,CAN,24.172,479,72,7-5 6-4,3,R16,80,6,1,62,42,33,11,11,1,2,7,5,81,50,30,18,11,6,9
2018-7235,Drummondville,Hard,32,C,,20180318,24,D499,,,Frank Dancevic,R,185,CAN,33.473,346,126,LB66,,,Constant Lestienne,R,180,FRA,25.818,239,216,7-6(6) 6-2,3,R16,90,7,1,82,52,40,12,10,9,10,5,2,77,35,23,23,10,5,8
2018-7235,Drummondville,Hard,32,C,,20180318,25,PD07,1,,Vasek Pospisil,R,193,CAN,27.734,75,708,KB37,7,,Evan King,L,185,USA,25.979,200,276,7-6(4) 6-4,3,QF,89,4,2,66,37,31,18,11,1,2,2,2,69,45,32,14,11,3,5
2018-7235,Drummondville,Hard,32,C,,20180318,26,KB09,5,,Denis Kudla,R,180,USA,25.582,168,327,HB41,,,Jared Hiltzik,R,185,USA,23.693,361,118,6-2 6-1,3,QF,69,3,1,38,19,17,15,8,0,0,5,4,76,39,28,9,7,8,12
2018-7235,Drummondville,Hard,32,C,,20180318,27,SP24,8,,Brayden Schnur,R,193,CAN,22.705,202,267,D499,,,Frank Dancevic,R,185,CAN,33.473,346,126,W/O,3,QF,,,,,,,,,,,,,,,,,,,
2018-7235,Drummondville,Hard,32,C,,20180318,28,BM95,,,Benjamin Bonzi,R,183,FRA,21.771,222,245,AB71,,,JC Aragone,R,178,USA,22.721,408,92,6-7(5) 6-2 6-0,3,QF,100,6,4,88,55,41,22,13,2,2,5,2,85,54,35,15,13,1,6
2018-7235,Drummondville,Hard,32,C,,20180318,29,BM95,,,Benjamin Bonzi,R,183,FRA,21.771,222,245,PD07,1,,Vasek Pospisil,R,193,CAN,27.734,75,708,7-5 3-6 6-1,3,SF,111,2,2,96,57,39,18,14,8,11,4,5,89,54,37,14,14,7,12
2018-7235,Drummondville,Hard,32,C,,20180318,30,KB09,5,,Denis Kudla,R,180,USA,25.582,168,327,SP24,8,,Brayden Schnur,R,193,CAN,22.705,202,267,6-4 6-2,3,SF,75,6,3,62,40,30,13,9,8,8,6,5,57,32,25,9,9,3,6
2018-7235,Drummondville,Hard,32,C,,20180318,31,KB09,5,,Denis Kudla,R,180,USA,25.582,168,327,BM95,,,Benjamin Bonzi,R,183,FRA,21.771,222,245,6-0 7-5,3,F,64,1,1,53,26,19,17,9,1,2,3,1,49,32,16,7,9,1,6
2018-7797,Shenzhen,Hard,32,C,,20180318,1,Z272,,,Ze Zhang,R,188,CHN,27.704,305,158,A829,1,,Radu Albot,R,175,MDA,28.348,88,643,6-4 4-6 6-2,3,R32,114,8,5,98,58,43,18,14,4,7,5,6,83,52,37,9,14,1,6
2018-7797,Shenzhen,Hard,32,C,,20180318,2,F586,2,,Thomas Fabbiano,R,173,ITA,28.81,77,688,X015,,,Zihao Xia,R,,CHN,21.128,805,20,6-3 6-2,3,R32,62,4,2,45,26,23,13,9,0,0,0,4,64,39,24,11,8,6,9
2018-7797,Shenzhen,Hard,32,C,,20180318,3,RB56,3,,Ramkumar Ramanathan,R,188,IND,23.357,135,411,N897,,,Sumit Nagal,R,178,IND,20.586,223,245,3-6 6-4 7-6(2),3,R32,119,7,2,101,68,46,22,15,6,8,0,4,88,59,43,19,16,1,3
2018-7797,Shenzhen,Hard,32,C,,20180318,4,DH50,,,Alejandro Davidovich Fokina,R,180,ESP,18.784,477,73,GA94,4,,Prajnesh Gunneswaran,L,188,IND,28.345,235,221,6-3 6-4,3,R32,68,2,1,61,43,35,11,10,2,2,4,0,60,30,20,16,9,6,8
2018-7797,Shenzhen,Hard,32,C,,20180318,5,KI95,5,,Miomir Kecmanovic,R,183,SRB,18.546,183,308,CG33,,,Kimmer Coppejans,R,178,BEL,24.107,285,176,6-4 6-3,3,R32,81,1,2,69,42,28,13,10,5,7,5,4,48,29,20,6,9,0,4
2018-7797,Shenzhen,Hard,32,C,,20180318,6,SE73,6,,Yuichi Sugita,R,175,JPN,29.495,40,1240,SP24,,,Brayden Schnur,R,193,CAN,22.705,202,267,6-3 6-2,3,R32,57,3,1,51,31,23,7,9,0,2,3,3,43,25,15,5,8,2,7
2018-7797,Shenzhen,Hard,32,C,,20180318,7,K834,,,Blaz Kavcic,R,188,SLO,31.036,116,488,SC47,7,,Go Soeda,R,178,JPN,33.53,150,363,6-3 6-3,3,R32,73,6,0,58,33,25,15,9,1,1,1,3,53,31,19,11,9,1,4
2018-7797,Shenzhen,Hard,32,C,,20180318,8,PF65,8,,Filip Peliwo,R,180,POL,24.129,186,301,TG30,,,Rigele Te,R,188,CHN,20.438,788,21,6-3 7-6(4),3,R32,86,2,4,75,41,27,17,10,8,11,2,6,72,37,25,11,11,5,10
2018-7797,Shenzhen,Hard,32,C,,20180318,9,BI23,,,Liam Broady,L,183,GBR,24.2,164,336,W571,,,Di Wu,R,173,CHN,26.508,258,196,6-4 6-4,3,R32,71,2,0,58,37,21,12,10,5,8,1,3,58,23,15,16,10,2,7
2018-7797,Shenzhen,Hard,32,C,,20180318,10,GB53,,,Federico Gaio,R,178,ITA,26.034,277,181,LE01,,,Duckhee Lee,R,170,KOR,19.803,195,281,6-1 3-0 RET,3,R32,38,4,1,29,16,13,9,5,1,1,2,4,29,16,8,4,5,3,7
2018-7797,Shenzhen,Hard,32,C,,20180318,11,N503,,,Aleksandr Nedovyesov,R,188,KAZ,31.086,229,234,O482,,,Gonzalo Oliveira,L,185,VEN,23.08,206,263,6-3 7-6(2),3,R32,93,2,3,73,49,36,13,11,5,6,2,4,66,43,27,13,10,4,6
2018-7797,Shenzhen,Hard,32,C,,20180318,12,SK47,,,Mohamed Safwat,R,180,EGY,27.493,215,249,M09E,,,Tao Mu,R,180,CHN,17.886,1341,3,6-1 6-3,3,R32,71,2,2,44,23,20,14,8,2,2,3,7,65,34,22,12,8,5,9
2018-7797,Shenzhen,Hard,32,C,,20180318,13,MP13,,,Mukund Sasikumar,R,185,IND,21.172,449,80,WB32,,,Yibing Wu,R,183,CHN,18.426,307,157,7-6(4) 6-2,3,R32,80,4,3,64,31,24,15,10,5,7,3,7,75,41,28,11,10,2,6
2018-7797,Shenzhen,Hard,32,C,,20180318,14,TC95,,,Johan Tatlot,R,180,FRA,21.977,378,108,ME64,,,Saketh Myneni,R,193,IND,30.412,619,43,6-0 RET,3,R32,23,1,0,13,11,10,2,3,0,0,0,0,20,12,4,2,3,2,5
2018-7797,Shenzhen,Hard,32,C,,20180318,15,VA70,,,Mate Valkusz,R,183,HUN,19.595,735,26,L733,,,Zhe Li,R,183,CHN,31.491,327,142,6-2 6-2,3,R32,54,3,1,40,29,26,6,8,0,0,2,1,51,29,18,8,8,4,8
2018-7797,Shenzhen,Hard,32,C,,20180318,16,T982,,,Tsung-Hua Yang,R,178,TPE,26.971,251,201,KF17,,,Soonwoo Kwon,R,180,KOR,20.29,218,247,7-5 6-3,3,R32,92,6,1,62,38,27,12,10,1,3,4,10,81,43,25,17,11,4,9
2018-7797,Shenzhen,Hard,32,C,,20180318,17,VA70,,,Mate Valkusz,R,183,HUN,19.595,735,26,F586,2,,Thomas Fabbiano,R,173,ITA,28.81,77,688,7-6(5) 7-5,3,R16,106,1,4,75,45,34,16,12,0,2,0,9,90,47,32,20,12,3,6
2018-7797,Shenzhen,Hard,32,C,,20180318,18,SK47,,,Mohamed Safwat,R,180,EGY,27.493,215,249,RB56,3,,Ramkumar Ramanathan,R,188,IND,23.357,135,411,7-6(3) 6-4,3,R16,99,1,1,77,31,20,31,11,5,6,4,4,69,42,30,15,11,1,3
2018-7797,Shenzhen,Hard,32,C,,20180318,19,KI95,5,,Miomir Kecmanovic,R,183,SRB,18.546,183,308,GB53,,,Federico Gaio,R,178,ITA,26.034,277,181,4-6 7-5 6-2,3,R16,103,4,0,75,45,41,17,15,1,2,9,4,88,46,34,23,15,0,3
2018-7797,Shenzhen,Hard,32,C,,20180318,20,N503,,,Aleksandr Nedovyesov,R,188,KAZ,31.086,229,234,SE73,6,,Yuichi Sugita,R,175,JPN,29.495,40,1240,7-6(4) 6-4,3,R16,93,4,3,65,45,34,12,11,1,3,1,2,81,51,31,16,11,3,6
2018-7797,Shenzhen,Hard,32,C,,20180318,21,MP13,,,Mukund Sasikumar,R,185,IND,21.172,449,80,PF65,8,,Filip Peliwo,R,180,POL,24.129,186,301,6-4 5-7 6-3,3,R16,133,8,0,91,47,32,19,16,2,8,2,6,115,66,38,19,15,7,14
2018-7797,Shenzhen,Hard,32,C,,20180318,22,DH50,,,Alejandro Davidovich Fokina,R,180,ESP,18.784,477,73,T982,,,Tsung-Hua Yang,R,178,TPE,26.971,251,201,6-7(1) 6-4 6-2,3,R16,128,4,4,116,77,49,22,15,7,9,8,6,81,39,28,22,15,2,7
2018-7797,Shenzhen,Hard,32,C,,20180318,23,K834,,,Blaz Kavcic,R,188,SLO,31.036,116,488,TC95,,,Johan Tatlot,R,180,FRA,21.977,378,108,6-1 6-2,3,R16,79,1,2,58,30,19,13,7,3,5,0,6,46,30,9,5,8,6,13
2018-7797,Shenzhen,Hard,32,C,,20180318,24,Z272,,,Ze Zhang,R,188,CHN,27.704,305,158,BI23,,,Liam Broady,L,183,GBR,24.2,164,336,6-4 1-6 6-1,3,R16,105,6,4,88,55,36,16,12,11,14,2,2,74,51,31,13,12,3,7
2018-7797,Shenzhen,Hard,32,C,,20180318,25,KI95,5,,Miomir Kecmanovic,R,183,SRB,18.546,183,308,SK47,,,Mohamed Safwat,R,180,EGY,27.493,215,249,1-6 6-3 7-6(4),3,QF,117,3,2,114,74,49,19,14,14,17,7,4,79,51,39,16,14,4,6
2018-7797,Shenzhen,Hard,32,C,,20180318,26,DH50,,,Alejandro Davidovich Fokina,R,180,ESP,18.784,477,73,MP13,,,Mukund Sasikumar,R,185,IND,21.172,449,80,6-4 6-2,3,QF,61,0,4,52,31,19,13,9,4,6,2,1,54,32,16,8,9,1,6
2018-7797,Shenzhen,Hard,32,C,,20180318,27,K834,,,Blaz Kavcic,R,188,SLO,31.036,116,488,VA70,,,Mate Valkusz,R,183,HUN,19.595,735,26,6-2 RET,3,QF,34,4,0,23,14,11,7,4,0,0,0,1,31,18,10,6,4,2,4
2018-7797,Shenzhen,Hard,32,C,,20180318,28,N503,,,Aleksandr Nedovyesov,R,188,KAZ,31.086,229,234,Z272,,,Ze Zhang,R,188,CHN,27.704,305,158,7-6(3) 7-6(4),3,QF,122,5,1,100,70,41,17,12,4,7,4,2,100,63,44,14,12,8,11
2018-7797,Shenzhen,Hard,32,C,,20180318,29,KI95,5,,Miomir Kecmanovic,R,183,SRB,18.546,183,308,N503,,,Aleksandr Nedovyesov,R,188,KAZ,31.086,229,234,7-5 6-4,3,SF,79,3,1,52,34,26,14,11,0,1,5,2,70,36,25,16,11,5,8
2018-7797,Shenzhen,Hard,32,C,,20180318,30,K834,,,Blaz Kavcic,R,188,SLO,31.036,116,488,DH50,,,Alejandro Davidovich Fokina,R,180,ESP,18.784,477,73,7-5 6-4,3,SF,80,5,1,58,31,22,17,11,2,4,1,0,67,43,28,12,11,2,6
2018-7797,Shenzhen,Hard,32,C,,20180318,31,KI95,5,,Miomir Kecmanovic,R,183,SRB,18.546,183,308,K834,,,Blaz Kavcic,R,188,SLO,31.036,116,488,6-2 2-6 6-3,3,F,115,6,1,79,45,32,17,12,5,8,5,1,81,39,27,17,13,7,12
2018-7874,Lille,Hard,32,C,,20180325,1,M873,1,,Nicolas Mahut,R,191,FRA,36.172,101,592,A622,,,Andrea Arnaboldi,L,180,ITA,30.242,223,246,7-5 6-3,3,R32,75,9,3,50,29,24,16,10,0,0,2,4,70,40,27,13,11,2,5
2018-7874,Lille,Hard,32,C,,20180325,2,HB64,2,,Quentin Halys,R,191,FRA,21.41,120,469,D750,,,Kenny De Schepper,L,203,FRA,30.823,173,321,3-6 6-3 6-3,3,R32,95,11,4,69,50,39,9,13,0,1,9,3,89,61,43,14,14,9,12
2018-7874,Lille,Hard,32,C,,20180325,3,MH16,3,,Yannick Maden,R,185,GER,28.405,137,412,MN44,,,Bradley Mousley,R,188,AUS,22.223,273,183,6-2 6-2,3,R32,62,1,6,58,28,23,16,8,1,1,4,2,47,30,17,7,8,2,6
2018-7874,Lille,Hard,32,C,,20180325,4,LB66,,,Constant Lestienne,R,180,FRA,25.837,234,222,O449,4,,Oscar Otte,R,193,GER,24.69,129,433,6-4 6-1,3,R32,60,3,3,48,27,20,13,8,3,4,6,4,53,30,17,8,9,5,10
2018-7874,Lille,Hard,32,C,,20180325,5,MW02,5,,Corentin Moutet,L,180,FRA,18.932,138,407,E768,,,Antoine Escoffier,R,185,FRA,26.067,347,127,4-6 6-3 6-2,3,R32,118,0,5,87,51,36,22,14,5,7,7,5,95,58,42,14,13,6,10
2018-7874,Lille,Hard,32,C,,20180325,6,R612,6,,Stephane Robert,R,185,FRA,37.854,168,328,SF41,,,Aldin Setkic,R,191,BIH,30.259,216,257,6-2 3-6 7-6(5),3,R32,114,8,2,90,59,44,18,14,5,7,3,4,105,73,47,16,15,3,6
2018-7874,Lille,Hard,32,C,,20180325,7,BC65,8,,Matthias Bachinger,R,188,GER,30.979,174,319,MM66,,,Nikola Milojevic,R,188,SRB,22.765,191,292,5-4 RET,3,R32,34,1,1,26,15,12,4,4,2,3,0,0,28,18,9,5,5,0,2
2018-7874,Lille,Hard,32,C,,20180325,8,BK24,,,Gregoire Barrere,R,183,FRA,24.101,406,93,Z419,,,Bernabe Zapata Miralles,R,183,ESP,21.196,264,190,6-4 6-3,3,R32,59,10,2,53,34,30,12,10,1,1,2,2,61,35,23,15,9,3,5
2018-7874,Lille,Hard,32,C,,20180325,9,GF95,,,Hugo Grenier,R,196,FRA,22.004,415,91,ME31,,,Vincent Millot,L,173,FRA,32.148,219,251,7-5 1-6 7-5,3,R32,123,11,1,89,52,37,22,15,4,7,1,4,102,63,44,20,16,7,10
2018-7874,Lille,Hard,32,C,,20180325,10,GA71,,,Laurynas Grigelis,R,183,LTU,26.612,254,198,GA79,,,Lorenzo Giustino,R,180,ITA,26.538,243,207,6-4 7-6(2),3,R32,95,4,4,74,41,30,15,11,4,6,4,3,71,44,26,12,11,3,6
2018-7874,Lille,Hard,32,C,,20180325,11,G753,,,David Guez,R,185,FRA,35.294,301,161,O482,,,Gonzalo Oliveira,L,185,VEN,23.099,213,259,6-1 3-6 6-3,3,R32,126,6,3,93,52,38,23,13,7,9,3,4,78,39,23,20,12,11,15
2018-7874,Lille,Hard,32,C,,20180325,12,HA71,,,Antoine Hoang,R,183,FRA,22.387,251,199,TA46,,,Bernard Tomic,R,196,AUS,25.424,181,311,6-2 2-6 6-4,3,R32,88,8,3,72,48,36,12,13,1,3,5,1,77,50,33,15,13,2,5
2018-7874,Lille,Hard,32,C,,20180325,13,HH26,,,Ugo Humbert,L,188,FRA,19.745,311,156,SK47,,,Mohamed Safwat,R,180,EGY,27.513,220,249,7-6(5) 7-5,3,R32,121,6,5,95,48,38,24,12,11,12,7,0,89,51,37,20,12,5,7
2018-7874,Lille,Hard,32,C,,20180325,14,J620,,,Maxime Janvier,R,196,FRA,21.432,325,146,LD26,,,Edan Leshem,R,183,ISR,21.016,250,201,6-1 6-2,3,R32,51,7,1,45,25,24,10,8,1,1,3,2,41,26,14,8,7,0,4
2018-7874,Lille,Hard,32,C,,20180325,15,K839,,,Tobias Kamke,R,178,GER,31.844,214,258,I236,,,Uladzimir Ignatik,R,183,BLR,27.696,209,267,6-4 6-3,3,R32,80,1,3,62,29,23,16,10,1,3,2,2,50,28,16,11,9,3,7
2018-7874,Lille,Hard,32,C,,20180325,16,O327,,,Guillermo Olaso,R,175,ESP,29.999,420,90,MG08,,,Yannick Mertens,R,185,BEL,30.749,326,146,5-7 6-1 6-3,3,R32,105,5,2,83,45,32,26,14,0,1,6,0,79,45,32,18,14,2,6
2018-7874,Lille,Hard,32,C,,20180325,17,O327,,,Guillermo Olaso,R,175,ESP,29.999,420,90,M873,1,,Nicolas Mahut,R,191,FRA,36.172,101,592,7-6(4) 6-7(4) 6-3,3,R16,133,11,3,112,69,49,20,17,3,6,13,6,92,51,39,18,16,3,7
2018-7874,Lille,Hard,32,C,,20180325,18,J620,,,Maxime Janvier,R,196,FRA,21.432,325,146,HB64,2,,Quentin Halys,R,191,FRA,21.41,120,469,6-2 6-4,3,R16,75,4,0,56,31,24,15,9,2,2,6,6,61,30,24,12,9,2,5
2018-7874,Lille,Hard,32,C,,20180325,19,MH16,3,,Yannick Maden,R,185,GER,28.405,137,412,HH26,,,Ugo Humbert,L,188,FRA,19.745,311,156,7-5 4-6 6-1,3,R16,114,4,2,80,46,30,14,14,4,9,6,4,86,52,32,10,15,6,14
2018-7874,Lille,Hard,32,C,,20180325,20,GF95,,,Hugo Grenier,R,196,FRA,22.004,415,91,MW02,5,,Corentin Moutet,L,180,FRA,18.932,138,407,6-2 7-5,3,R16,84,3,2,69,46,30,12,10,5,7,0,1,51,35,21,6,10,0,5
2018-7874,Lille,Hard,32,C,,20180325,21,BK24,,,Gregoire Barrere,R,183,FRA,24.101,406,93,R612,6,,Stephane Robert,R,185,FRA,37.854,168,328,2-6 7-5 7-6(6),3,R16,109,7,3,101,53,38,26,16,5,9,6,7,101,60,46,19,16,6,9
2018-7874,Lille,Hard,32,C,,20180325,22,G753,,,David Guez,R,185,FRA,35.294,301,161,BC65,8,,Matthias Bachinger,R,188,GER,30.979,174,319,6-2 6-2,3,R16,67,1,2,45,26,19,12,8,0,1,5,2,63,39,22,7,8,4,9
2018-7874,Lille,Hard,32,C,,20180325,23,HA71,,,Antoine Hoang,R,183,FRA,22.387,251,199,GA71,,,Laurynas Grigelis,R,183,LTU,26.612,254,198,6-4 2-6 6-4,3,R16,114,1,4,84,58,41,15,14,3,5,8,1,89,58,40,18,14,4,6
2018-7874,Lille,Hard,32,C,,20180325,24,K839,,,Tobias Kamke,R,178,GER,31.844,214,258,LB66,,,Constant Lestienne,R,180,FRA,25.837,234,222,6-0 7-6(4),3,R16,88,1,1,66,41,27,17,9,1,2,5,9,72,41,26,12,9,1,5
2018-7874,Lille,Hard,32,C,,20180325,25,MH16,3,,Yannick Maden,R,185,GER,28.405,137,412,G753,,,David Guez,R,185,FRA,35.294,301,161,6-1 7-6(0),3,QF,101,6,0,60,34,21,13,9,1,5,0,4,86,49,25,12,10,13,20
2018-7874,Lille,Hard,32,C,,20180325,26,BK24,,,Gregoire Barrere,R,183,FRA,24.101,406,93,O327,,,Guillermo Olaso,R,175,ESP,29.999,420,90,6-0 6-1,3,QF,44,4,1,43,23,19,12,7,3,3,0,2,35,22,10,2,6,5,10
2018-7874,Lille,Hard,32,C,,20180325,27,J620,,,Maxime Janvier,R,196,FRA,21.432,325,146,GF95,,,Hugo Grenier,R,196,FRA,22.004,415,91,6-4 6-4,3,QF,71,3,0,54,33,26,15,10,2,2,4,1,55,33,26,12,10,2,4
2018-7874,Lille,Hard,32,C,,20180325,28,K839,,,Tobias Kamke,R,178,GER,31.844,214,258,HA71,,,Antoine Hoang,R,183,FRA,22.387,251,199,6-1 3-6 6-3,3,QF,101,2,3,76,48,33,19,13,0,2,5,4,74,52,29,12,12,2,6
2018-7874,Lille,Hard,32,C,,20180325,29,BK24,,,Gregoire Barrere,R,183,FRA,24.101,406,93,MH16,3,,Yannick Maden,R,185,GER,28.405,137,412,6-2 2-6 6-3,3,SF,79,8,0,77,49,37,15,13,1,3,7,1,62,43,32,7,12,0,3
2018-7874,Lille,Hard,32,C,,20180325,30,K839,,,Tobias Kamke,R,178,GER,31.844,214,258,J620,,,Maxime Janvier,R,196,FRA,21.432,325,146,7-6(5) 6-4,3,SF,93,0,4,70,43,33,13,11,1,3,6,2,75,44,34,13,11,0,3
2018-7874,Lille,Hard,32,C,,20180325,31,BK24,,,Gregoire Barrere,R,183,FRA,24.101,406,93,K839,,,Tobias Kamke,R,178,GER,31.844,214,258,6-1 6-4,3,F,71,3,0,56,33,25,11,9,3,4,3,5,57,25,16,12,8,3,7
2018-7876,Qujing,Hard,32,C,,20180325,1,J267,1,,Malek Jaziri,R,185,TUN,34.177,98,603,CH90,,,Yun seong Chung,R,178,KOR,19.995,532,59,6-2 6-4,3,R32,58,3,4,46,28,23,11,9,2,3,1,3,56,31,21,10,9,5,9
2018-7876,Qujing,Hard,32,C,,20180325,2,MQ75,,,Kamil Majchrzak,R,183,POL,22.196,221,247,K834,2,,Blaz Kavcic,R,188,SLO,31.055,127,439,6-3 6-2,3,R32,77,3,8,67,37,26,15,9,5,6,1,4,62,39,22,10,8,3,7
2018-7876,Qujing,Hard,32,C,,20180325,3,I305,3,,Ilya Ivashka,R,193,BLR,24.079,122,466,C0AJ,,,Jie Cui,R,183,CHN,20.164,1043,9,6-1 6-1,3,R32,45,3,0,37,27,23,6,7,1,1,1,2,47,34,15,4,7,1,6
2018-7876,Qujing,Hard,32,C,,20180325,4,SU87,4,,Lorenzo Sonego,R,191,ITA,22.872,162,337,K863,,,Cheong-Eui Kim,,,KOR,28.005,368,113,6-1 6-4,3,R32,62,6,2,48,31,24,12,9,0,0,1,3,54,43,28,2,8,3,6
2018-7876,Qujing,Hard,32,C,,20180325,5,N679,5,,Stefano Napolitano,R,196,ITA,22.954,180,315,Z371,,,Zhizhen Zhang,R,193,CHN,21.437,337,136,6-1 6-1,3,R32,40,3,1,31,17,16,12,7,0,0,2,4,45,23,13,6,7,2,7
2018-7876,Qujing,Hard,32,C,,20180325,6,CE25,6,,Salvatore Caruso,R,185,ITA,25.273,177,318,X015,,,Zihao Xia,R,,CHN,21.147,774,23,6-3 6-1,3,R32,49,3,2,38,27,22,7,8,0,1,3,9,64,40,25,4,8,2,7
2018-7876,Qujing,Hard,32,C,,20180325,7,HB71,,,Hubert Hurkacz,R,196,POL,21.114,178,318,LE01,7,,Duckhee Lee,R,170,KOR,19.822,206,272,6-3 6-3,3,R32,53,9,4,45,26,25,12,9,1,1,3,6,54,31,21,11,9,1,4
2018-7876,Qujing,Hard,32,C,,20180325,8,KB95,8,,Jason Kubler,R,178,AUS,24.849,195,288,PG04,,,Martins Podzus,R,188,LAT,23.737,578,51,6-4 6-1,3,R32,62,2,4,52,34,27,11,9,2,2,1,3,60,37,22,9,8,7,10
2018-7876,Qujing,Hard,32,C,,20180325,9,BI81,,,Alex Bolt,L,183,AUS,25.216,193,289,BH87,,,Maverick Banes,R,,AUS,25.955,303,159,3-6 6-3 7-6(3),3,R32,101,8,3,84,53,42,13,15,4,8,6,6,102,65,46,15,15,10,14
2018-7876,Qujing,Hard,32,C,,20180325,10,L733,,,Zhe Li,R,183,CHN,31.51,320,149,N558,,,N.Sriram Balaji,R,180,IND,28.019,507,66,6-4 4-6 6-1,3,R32,104,6,3,77,58,44,11,13,2,3,4,15,83,42,32,16,14,3,7
2018-7876,Qujing,Hard,32,C,,20180325,11,MI01,,,Hiroki Moriya,R,168,JPN,27.439,317,152,G820,,,Xin Gao,R,180,CHN,23.869,587,50,6-7(3) 6-4 6-2,3,R32,144,7,6,100,63,44,21,15,3,5,4,3,104,61,38,22,15,7,12
2018-7876,Qujing,Hard,32,C,,20180325,12,PH64,,,Andrea Pellegrino,R,185,ITA,21.005,354,124,GA94,,,Prajnesh Gunneswaran,L,188,IND,28.364,246,203,7-5 6-2,3,R32,79,5,2,75,42,26,17,10,6,9,0,3,68,33,21,12,10,3,9
2018-7876,Qujing,Hard,32,C,,20180325,13,RA51,,,Blaz Rola,L,193,SLO,27.469,215,257,HB59,,,Yecong He,R,180,CHN,24.104,623,42,6-3 6-2,3,R32,52,6,2,45,25,23,14,9,0,0,0,5,42,25,16,7,8,1,4
2018-7876,Qujing,Hard,32,C,,20180325,14,TF58,,,Yusuke Takahashi,R,170,JPN,20.435,260,194,C813,,,Ti Chen,R,178,TPE,34.475,380,108,6-2 6-3,3,R32,67,8,0,41,28,23,10,8,0,0,2,3,57,37,21,7,9,2,6
2018-7876,Qujing,Hard,32,C,,20180325,15,W571,,,Di Wu,R,173,CHN,26.527,245,203,G922,,,Gerard Granollers,R,183,ESP,29.147,352,125,7-6(4) 6-3,3,R32,83,6,3,73,46,34,12,10,7,9,2,4,75,43,29,13,11,7,11
2018-7876,Qujing,Hard,32,C,,20180325,16,Z272,,,Ze Zhang,R,188,CHN,27.723,252,198,SM09,,,Luke Saville,R,188,AUS,24.225,459,78,7-5 7-6(4),3,R32,112,2,7,82,53,43,13,12,7,9,6,11,88,44,33,19,12,5,8
2018-7876,Qujing,Hard,32,C,,20180325,17,J267,1,,Malek Jaziri,R,185,TUN,34.177,98,603,L733,,,Zhe Li,R,183,CHN,31.51,320,149,6-4 7-5,3,R16,85,6,3,59,31,26,18,11,0,1,4,2,76,53,33,9,11,6,9
2018-7876,Qujing,Hard,32,C,,20180325,18,I305,3,,Ilya Ivashka,R,193,BLR,24.079,122,466,Z272,,,Ze Zhang,R,188,CHN,27.723,252,198,6-3 3-6 6-3,3,R16,99,8,2,78,51,40,10,14,2,5,9,6,82,49,34,13,13,3,7
2018-7876,Qujing,Hard,32,C,,20180325,19,SU87,4,,Lorenzo Sonego,R,191,ITA,22.872,162,337,MI01,,,Hiroki Moriya,R,168,JPN,27.439,317,152,6-2 6-2,3,R16,66,3,1,45,25,22,11,8,1,1,1,6,50,26,15,9,8,1,5
2018-7876,Qujing,Hard,32,C,,20180325,20,PH64,,,Andrea Pellegrino,R,185,ITA,21.005,354,124,N679,5,,Stefano Napolitano,R,196,ITA,22.954,180,315,6-4 6-2,3,R16,62,7,1,49,25,19,16,9,0,1,4,0,46,26,16,11,9,0,4
2018-7876,Qujing,Hard,32,C,,20180325,21,RA51,,,Blaz Rola,L,193,SLO,27.469,215,257,CE25,6,,Salvatore Caruso,R,185,ITA,25.273,177,318,6-3 7-6(8),3,R16,98,9,2,89,57,42,19,11,8,9,4,5,62,40,31,12,10,0,2
2018-7876,Qujing,Hard,32,C,,20180325,22,KB95,8,,Jason Kubler,R,178,AUS,24.849,195,288,W571,,,Di Wu,R,173,CHN,26.527,245,203,7-6(3) 6-4,3,R16,92,5,2,68,40,31,15,11,1,3,4,2,87,42,27,22,11,8,11
2018-7876,Qujing,Hard,32,C,,20180325,23,BI81,,,Alex Bolt,L,183,AUS,25.216,193,289,MQ75,,,Kamil Majchrzak,R,183,POL,22.196,221,247,6-3 6-4,3,R16,62,8,1,55,33,26,14,10,1,2,4,3,65,41,28,10,9,4,7
2018-7876,Qujing,Hard,32,C,,20180325,24,HB71,,,Hubert Hurkacz,R,196,POL,21.114,178,318,TF58,,,Yusuke Takahashi,R,170,JPN,20.435,260,194,7-5 6-3,3,R16,74,14,1,66,45,34,9,11,3,5,2,1,64,32,20,16,10,1,5
2018-7876,Qujing,Hard,32,C,,20180325,25,J267,1,,Malek Jaziri,R,185,TUN,34.177,98,603,PH64,,,Andrea Pellegrino,R,185,ITA,21.005,354,124,6-2 7-6(3),3,QF,79,4,2,59,35,29,17,10,4,4,5,4,66,42,29,12,10,3,5
2018-7876,Qujing,Hard,32,C,,20180325,26,RA51,,,Blaz Rola,L,193,SLO,27.469,215,257,I305,3,,Ilya Ivashka,R,193,BLR,24.079,122,466,6-4 6-4,3,QF,73,4,2,54,36,29,11,10,3,4,4,4,65,40,25,12,10,5,8
2018-7876,Qujing,Hard,32,C,,20180325,27,KB95,8,,Jason Kubler,R,178,AUS,24.849,195,288,SU87,4,,Lorenzo Sonego,R,191,ITA,22.872,162,337,6-3 7-6(2),3,QF,75,3,1,58,40,34,13,11,0,0,6,4,55,31,27,12,10,0,1
2018-7876,Qujing,Hard,32,C,,20180325,28,BI81,,,Alex Bolt,L,183,AUS,25.216,193,289,HB71,,,Hubert Hurkacz,R,196,POL,21.114,178,318,7-6(5) 6-3,3,QF,71,7,1,61,37,30,16,11,1,2,1,8,76,47,32,12,10,3,5
2018-7876,Qujing,Hard,32,C,,20180325,29,J267,1,,Malek Jaziri,R,185,TUN,34.177,98,603,KB95,8,,Jason Kubler,R,178,AUS,24.849,195,288,7-6(6) 2-6 6-4,3,SF,131,6,4,95,52,36,24,15,5,9,6,3,90,60,43,17,15,5,8
2018-7876,Qujing,Hard,32,C,,20180325,30,RA51,,,Blaz Rola,L,193,SLO,27.469,215,257,BI81,,,Alex Bolt,L,183,AUS,25.216,193,289,7-5 3-6 6-3,3,SF,85,11,1,80,59,50,13,15,4,5,12,1,74,48,42,13,15,1,3
2018-7876,Qujing,Hard,32,C,,20180325,31,J267,1,,Malek Jaziri,R,185,TUN,34.177,98,603,RA51,,,Blaz Rola,L,193,SLO,27.469,215,257,7-6(5) 6-1,3,F,94,3,1,79,37,28,23,10,5,5,6,1,60,46,29,7,9,0,2
2018-1796,St. Brieuc,Hard,32,C,,20180326,1,B837,1,,Marcos Baghdatis,R,178,CYP,32.772,82,670,A622,,,Andrea Arnaboldi,L,180,ITA,30.245,223,246,6-4 6-3,3,R32,78,8,0,51,26,22,13,9,0,1,0,3,67,29,24,13,10,5,9
2018-1796,St. Brieuc,Hard,32,C,,20180326,2,BE90,2,,Ricardas Berankis,R,175,LTU,27.762,103,574,MQ75,,,Kamil Majchrzak,R,183,POL,22.198,221,247,6-3 6-4,3,R32,74,3,1,55,38,28,9,9,0,1,2,2,63,36,21,13,10,5,9
2018-1796,St. Brieuc,Hard,32,C,,20180326,3,SF41,,,Aldin Setkic,R,191,BIH,30.261,216,257,L797,3,,Lukas Lacko,R,188,SVK,30.393,104,559,3-6 6-3 6-4,3,R32,98,13,4,86,56,44,15,14,4,5,11,1,75,36,30,25,14,1,3
2018-1796,St. Brieuc,Hard,32,C,,20180326,4,K839,,,Tobias Kamke,R,178,GER,31.847,214,258,SC77,4,,Sergiy Stakhovsky,R,193,UKR,32.216,118,474,6-4 6-3,3,R32,72,0,0,46,29,22,13,9,2,3,5,1,61,44,31,3,10,6,10
2018-1796,St. Brieuc,Hard,32,C,,20180326,5,BK24,,,Gregoire Barrere,R,183,FRA,24.104,406,93,O449,5,,Oscar Otte,R,193,GER,24.693,129,433,3-6 7-6(8) 7-5,3,R32,128,4,2,107,79,57,10,16,5,9,17,5,114,79,57,16,17,10,14
2018-1796,St. Brieuc,Hard,32,C,,20180326,6,Y218,6,,Elias Ymer,R,185,SWE,21.958,133,416,DA86,,,Joris De Loore,R,191,BEL,24.928,327,145,3-6 7-6(5) 6-2,3,R32,117,5,1,80,46,36,21,14,1,3,13,3,87,60,49,9,15,3,6
2018-1796,St. Brieuc,Hard,32,C,,20180326,7,LB66,,,Constant Lestienne,R,180,FRA,25.84,234,222,MW02,7,,Corentin Moutet,L,180,FRA,18.935,138,407,6-4 4-6 6-3,3,R32,138,3,5,107,69,50,18,15,9,12,3,2,88,58,39,14,14,7,11
2018-1796,St. Brieuc,Hard,32,C,,20180326,8,Z254,8,,Jurgen Zopp,R,191,EST,29.99,147,380,ME31,,,Vincent Millot,L,173,FRA,32.151,219,251,4-6 6-3 3-0 RET,3,R32,93,9,2,73,44,31,17,11,1,3,1,3,70,41,25,12,11,5,9
2018-1796,St. Brieuc,Hard,32,C,,20180326,9,BC65,,,Matthias Bachinger,R,188,GER,30.982,174,319,O482,,,Gonzalo Oliveira,L,185,VEN,23.102,213,259,6-1 6-2,3,R32,53,14,0,38,30,28,5,8,1,1,0,1,55,41,19,8,7,6,10
2018-1796,St. Brieuc,Hard,32,C,,20180326,10,FC26,,,Evan Furness,R,173,FRA,19.617,503,67,HA71,,,Antoine Hoang,R,183,FRA,22.39,251,199,3-6 7-6(5) 6-4,3,R32,134,4,3,102,65,48,15,16,3,7,11,3,97,60,41,18,15,7,10
2018-1796,St. Brieuc,Hard,32,C,,20180326,11,GC89,,,Egor Gerasimov,R,196,BLR,25.369,154,356,LC11,,,Tristan Lamasine,R,183,FRA,25.057,409,92,6-7(4) 6-4 6-2,3,R32,118,12,3,98,69,55,14,15,7,7,12,4,88,56,46,16,15,4,7
2018-1796,St. Brieuc,Hard,32,C,,20180326,12,I236,,,Uladzimir Ignatik,R,183,BLR,27.699,209,267,GH33,,,Manuel Guinard,R,198,FRA,22.36,575,52,6-4 6-2,3,R32,75,6,1,54,41,27,10,9,3,4,2,9,58,30,19,10,9,6,10
2018-1796,St. Brieuc,Hard,32,C,,20180326,13,J620,,,Maxime Janvier,R,196,FRA,21.435,325,146,HH26,,,Ugo Humbert,L,188,FRA,19.748,311,156,6-4 6-3,3,R32,69,4,0,49,33,26,13,9,3,3,1,4,64,29,19,18,10,8,11
2018-1796,St. Brieuc,Hard,32,C,,20180326,14,KH56,,,Zdenek Kolar,R,183,CZE,21.459,228,241,SK47,,,Mohamed Safwat,R,180,EGY,27.515,220,249,6-4 5-7 7-5,3,R32,149,3,6,103,55,36,27,17,6,10,6,3,125,87,55,17,17,16,21
2018-1796,St. Brieuc,Hard,32,C,,20180326,15,DB59,,,Dennis Novak,R,183,AUT,24.575,205,275,D750,,,Kenny De Schepper,L,203,FRA,30.825,173,321,6-4 7-6(4),3,R32,84,6,2,76,56,41,13,11,1,1,9,2,57,39,34,9,11,0,1
2018-1796,St. Brieuc,Hard,32,C,,20180326,16,R612,,,Stephane Robert,R,185,FRA,37.856,168,328,GA71,,,Laurynas Grigelis,R,183,LTU,26.615,254,198,6-4 7-6(4),3,R32,90,8,1,85,55,40,19,11,6,7,8,0,64,45,36,9,11,0,2
2018-1796,St. Brieuc,Hard,32,C,,20180326,17,B837,1,,Marcos Baghdatis,R,178,CYP,32.772,82,670,I236,,,Uladzimir Ignatik,R,183,BLR,27.699,209,267,1-6 6-2 6-3,3,R16,103,7,4,74,37,26,21,12,8,11,11,6,83,51,37,12,12,6,10
2018-1796,St. Brieuc,Hard,32,C,,20180326,18,BE90,2,,Ricardas Berankis,R,175,LTU,27.762,103,574,J620,,,Maxime Janvier,R,196,FRA,21.435,325,146,7-6(5) 6-3,3,R16,91,1,1,67,50,39,12,11,2,2,9,3,80,56,39,14,10,9,10
2018-1796,St. Brieuc,Hard,32,C,,20180326,19,BC65,,,Matthias Bachinger,R,188,GER,30.982,174,319,Y218,6,,Elias Ymer,R,185,SWE,21.958,133,416,6-4 3-6 6-2,3,R16,104,5,2,74,51,36,10,13,1,4,5,3,83,55,42,7,14,5,10
2018-1796,St. Brieuc,Hard,32,C,,20180326,20,Z254,8,,Jurgen Zopp,R,191,EST,29.99,147,380,GC89,,,Egor Gerasimov,R,196,BLR,25.369,154,356,6-4 6-3,3,R16,70,4,1,47,27,22,15,9,0,0,1,3,78,50,36,9,10,6,9
2018-1796,St. Brieuc,Hard,32,C,,20180326,21,K839,,,Tobias Kamke,R,178,GER,31.847,214,258,FC26,,,Evan Furness,R,173,FRA,19.617,503,67,7-6(7) 6-0,3,R16,77,1,2,54,31,23,16,9,0,1,2,2,64,34,22,12,9,4,8
2018-1796,St. Brieuc,Hard,32,C,,20180326,22,KH56,,,Zdenek Kolar,R,183,CZE,21.459,228,241,SF41,,,Aldin Setkic,R,191,BIH,30.261,216,257,6-4 6-4,3,R16,91,3,1,64,35,26,16,10,4,5,1,2,62,42,28,9,10,2,5
2018-1796,St. Brieuc,Hard,32,C,,20180326,23,LB66,,,Constant Lestienne,R,180,FRA,25.84,234,222,R612,,,Stephane Robert,R,185,FRA,37.856,168,328,6-3 6-4,3,R16,66,4,5,66,38,30,13,10,3,4,5,2,46,23,18,9,9,2,5
2018-1796,St. Brieuc,Hard,32,C,,20180326,24,DB59,,,Dennis Novak,R,183,AUT,24.575,205,275,BK24,,,Gregoire Barrere,R,183,FRA,24.104,406,93,6-3 6-3,3,R16,54,5,1,46,25,22,14,9,0,0,2,2,60,39,26,7,9,3,6
2018-1796,St. Brieuc,Hard,32,C,,20180326,25,B837,1,,Marcos Baghdatis,R,178,CYP,32.772,82,670,BC65,,,Matthias Bachinger,R,188,GER,30.982,174,319,6-3 6-2,3,QF,65,4,0,46,24,20,13,8,0,1,4,1,67,39,20,13,9,5,10
2018-1796,St. Brieuc,Hard,32,C,,20180326,26,BE90,2,,Ricardas Berankis,R,175,LTU,27.762,103,574,DB59,,,Dennis Novak,R,183,AUT,24.575,205,275,7-6(1) 7-6(4),3,QF,101,5,1,78,60,48,11,12,0,0,6,4,93,66,46,14,12,6,6
2018-1796,St. Brieuc,Hard,32,C,,20180326,27,Z254,8,,Jurgen Zopp,R,191,EST,29.99,147,380,KH56,,,Zdenek Kolar,R,183,CZE,21.459,228,241,2-6 6-3 6-2,3,QF,95,9,1,74,43,34,16,13,1,3,3,2,76,47,30,17,12,9,12
2018-1796,St. Brieuc,Hard,32,C,,20180326,28,LB66,,,Constant Lestienne,R,180,FRA,25.84,234,222,K839,,,Tobias Kamke,R,178,GER,31.847,214,258,6-1 6-4,3,QF,69,5,1,54,26,20,17,9,2,3,4,3,52,35,23,4,8,4,8
2018-1796,St. Brieuc,Hard,32,C,,20180326,29,LB66,,,Constant Lestienne,R,180,FRA,25.84,234,222,B837,1,,Marcos Baghdatis,R,178,CYP,32.772,82,670,7-5 6-1,3,SF,72,4,2,69,45,32,12,10,5,6,6,2,52,33,20,7,9,3,7
2018-1796,St. Brieuc,Hard,32,C,,20180326,30,BE90,2,,Ricardas Berankis,R,175,LTU,27.762,103,574,Z254,8,,Jurgen Zopp,R,191,EST,29.99,147,380,6-3 6-3,3,SF,69,3,1,56,42,33,9,9,5,5,2,2,62,37,24,11,9,8,11
2018-1796,St. Brieuc,Hard,32,C,,20180326,31,BE90,2,,Ricardas Berankis,R,175,LTU,27.762,103,574,LB66,,,Constant Lestienne,R,180,FRA,25.84,234,222,6-2 5-7 6-4,3,F,130,6,1,92,59,45,15,15,2,5,7,6,98,56,35,22,15,9,14
2018-213,San Luis Potosi,Clay,32,C,,20180327,1,KA00,,,Austin Krajicek,L,188,USA,27.778,295,165,L503,1,,Paolo Lorenzi,R,183,ITA,36.279,57,905,6-7(2) 6-1 6-3,3,R32,141,17,7,99,58,42,19,14,6,8,8,8,91,41,29,23,14,3,9
2018-213,San Luis Potosi,Clay,32,C,,20180327,2,CH12,,,Jan Choinski,R,196,GBR,21.793,277,176,MI43,2,,Gerald Melzer,L,188,AUT,27.704,113,505,6-1 3-1 RET,3,R32,50,5,1,39,29,23,5,6,1,1,3,2,33,18,11,5,5,1,4
2018-213,San Luis Potosi,Clay,32,C,,20180327,3,H997,3,,Yannick Hanfmann,R,193,GER,26.368,124,463,Q941,,,Roberto Quiroz,L,193,ECU,26.089,257,195,1-6 7-5 6-3,3,R32,115,4,7,97,52,38,17,14,7,11,7,5,89,47,35,16,14,6,10
2018-213,San Luis Potosi,Clay,32,C,,20180327,4,BD20,4,,Thomaz Bellucci,L,188,BRA,30.24,135,413,CC66,,,Andrea Collarini,L,183,ARG,26.152,238,216,6-3 6-4,3,R32,81,3,3,56,38,31,9,10,1,2,3,8,62,24,17,18,9,1,4
2018-213,San Luis Potosi,Clay,32,C,,20180327,5,A853,,,Marcelo Arevalo,R,191,ESA,27.441,222,246,E224,5,,Victor Estrella Burgos,R,170,DOM,37.648,152,367,6-1 6-4,3,R32,71,8,5,65,45,34,10,9,6,6,6,5,52,31,22,7,8,6,9
2018-213,San Luis Potosi,Clay,32,C,,20180327,6,G892,,,Alejandro Gonzalez,R,191,COL,29.131,316,153,KB37,6,,Evan King,L,185,USA,26.004,188,303,6-3 6-3,3,R32,93,2,4,52,38,28,8,9,1,2,1,6,87,42,29,16,9,13,17
2018-213,San Luis Potosi,Clay,32,C,,20180327,7,BF23,,,Facundo Bagnis,L,183,ARG,28.077,212,260,KC12,7,,Mitchell Krueger,R,188,USA,24.203,207,269,6-1 1-6 6-3,3,R32,109,4,4,75,42,28,19,12,4,7,1,6,64,34,23,14,11,2,6
2018-213,San Luis Potosi,Clay,32,C,,20180327,8,KD70,8,,Pedja Krstin,R,183,SRB,23.562,208,268,LG87,,,Gerardo Lopez Villasenor,R,191,MEX,22.875,1031,9,6-2 6-3,3,R32,74,0,7,52,23,20,16,9,0,1,5,6,69,40,24,12,8,7,11
2018-213,San Luis Potosi,Clay,32,C,,20180327,9,CF88,,,Roberto Cid Subervi,R,193,DOM,24.572,421,90,SL07,,,Alexander Sarkissian,R,191,USA,27.981,248,202,6-2 6-0,3,R32,61,1,5,41,19,18,12,7,0,0,2,3,55,29,15,9,7,3,8
2018-213,San Luis Potosi,Clay,32,C,,20180327,10,CI14,,,Jay Clarke,R,183,GBR,19.666,265,189,H917,,,Tigre Hank,L,188,MEX,26.489,978,11,6-2 2-6 6-2,3,R32,102,1,3,72,44,27,19,12,3,6,3,5,74,36,22,19,12,4,9
2018-213,San Luis Potosi,Clay,32,C,,20180327,11,E661,,,Gonzalo Escobar,L,178,ECU,29.18,389,102,GC87,,,Lucas Gomez,L,178,MEX,22.626,830,19,6-3 7-6(4),3,R32,102,5,2,73,41,30,17,11,2,4,0,11,75,38,26,16,10,5,8
2018-213,San Luis Potosi,Clay,32,C,,20180327,12,GE33,,,Daniel Elahi Galan,R,191,COL,21.771,286,169,SG64,,,Joao Souza,R,193,BRA,29.832,291,167,6-7(2) 7-6(4) 7-5,3,R32,187,4,5,131,63,43,40,18,13,17,8,4,110,68,43,28,18,2,7
2018-213,San Luis Potosi,Clay,32,C,,20180327,13,H896,,,Jose Hernandez-Fernandez,R,183,DOM,28.038,319,149,A941,,,Facundo Arguello,R,178,ARG,25.643,285,170,6-3 6-3,3,R32,67,1,4,49,20,18,16,9,0,1,1,4,49,29,21,6,9,3,7
2018-213,San Luis Potosi,Clay,32,C,,20180327,14,M915,,,Daniel Munoz de la Nava,L,175,ESP,36.156,274,182,KB92,,,Kevin Krawietz,R,188,GER,26.171,396,96,6-4 7-5,3,R32,93,0,5,73,35,20,22,11,4,7,3,6,73,43,29,10,11,3,8
2018-213,San Luis Potosi,Clay,32,C,,20180327,15,SL94,,,Pedro Sakamoto,R,178,BRA,24.742,441,83,CE77,,,Federico Coria,R,180,ARG,26.048,309,157,6-3 6-4,3,R32,80,0,1,59,32,20,21,10,2,3,3,7,60,30,18,16,9,3,6
2018-213,San Luis Potosi,Clay,32,C,,20180327,16,SI82,,,Manuel Sanchez,R,,MEX,27.222,642,39,N561,,,Ivan Nedelko,R,185,RUS,31.874,272,184,6-0 6-2,3,R32,55,5,3,36,21,18,10,7,0,0,0,2,47,24,13,7,7,2,7
2018-213,San Luis Potosi,Clay,32,C,,20180327,17,CI14,,,Jay Clarke,R,183,GBR,19.666,265,189,H997,3,,Yannick Hanfmann,R,193,GER,26.368,124,463,7-5 2-6 6-4,3,R16,126,2,4,88,53,36,20,15,2,6,6,4,106,65,47,17,15,9,13
2018-213,San Luis Potosi,Clay,32,C,,20180327,18,GE33,,,Daniel Elahi Galan,R,191,COL,21.771,286,169,BD20,4,,Thomaz Bellucci,L,188,BRA,30.24,135,413,6-3 6-3,3,R16,86,7,0,62,39,27,14,9,2,3,0,4,55,28,19,9,9,4,8
2018-213,San Luis Potosi,Clay,32,C,,20180327,19,SL94,,,Pedro Sakamoto,R,178,BRA,24.742,441,83,KD70,8,,Pedja Krstin,R,183,SRB,23.562,208,268,4-6 6-3 7-5,3,R16,140,4,2,108,69,41,22,16,7,12,4,16,100,52,38,17,15,8,14
2018-213,San Luis Potosi,Clay,32,C,,20180327,20,A853,,,Marcelo Arevalo,R,191,ESA,27.441,222,246,M915,,,Daniel Munoz de la Nava,L,175,ESP,36.156,274,182,6-3 7-6(4),3,R16,91,11,4,73,40,32,20,11,2,3,7,6,71,35,23,20,10,5,7
2018-213,San Luis Potosi,Clay,32,C,,20180327,21,CH12,,,Jan Choinski,R,196,GBR,21.793,277,176,SI82,,,Manuel Sanchez,R,,MEX,27.222,642,39,6-4 7-5,3,R16,99,4,1,67,33,23,16,11,4,7,4,9,72,33,23,16,11,6,11
2018-213,San Luis Potosi,Clay,32,C,,20180327,22,CF88,,,Roberto Cid Subervi,R,193,DOM,24.572,421,90,BF23,,,Facundo Bagnis,L,183,ARG,28.077,212,260,6-7(5) 7-5 6-1,3,R16,135,3,1,95,62,45,21,16,8,10,6,6,100,55,35,21,15,2,7
2018-213,San Luis Potosi,Clay,32,C,,20180327,23,E661,,,Gonzalo Escobar,L,178,ECU,29.18,389,102,G892,,,Alejandro Gonzalez,R,191,COL,29.131,316,153,6-3 6-4,3,R16,80,3,3,58,39,31,9,10,2,3,2,4,62,35,23,13,9,4,7
2018-213,San Luis Potosi,Clay,32,C,,20180327,24,H896,,,Jose Hernandez-Fernandez,R,183,DOM,28.038,319,149,KA00,,,Austin Krajicek,L,188,USA,27.778,295,165,6-0 6-2,3,R16,59,1,8,61,38,30,10,7,6,6,3,3,44,25,15,4,7,3,8
2018-213,San Luis Potosi,Clay,32,C,,20180327,25,A853,,,Marcelo Arevalo,R,191,ESA,27.441,222,246,CH12,,,Jan Choinski,R,196,GBR,21.793,277,176,6-2 3-6 6-3,3,QF,91,8,4,74,47,36,13,13,1,3,4,1,75,48,30,16,13,1,5
2018-213,San Luis Potosi,Clay,32,C,,20180327,26,CF88,,,Roberto Cid Subervi,R,193,DOM,24.572,421,90,H896,,,Jose Hernandez-Fernandez,R,183,DOM,28.038,319,149,2-6 6-3 6-4,3,QF,,,,,,,,,,,,,,,,,,,
2018-213,San Luis Potosi,Clay,32,C,,20180327,27,GE33,,,Daniel Elahi Galan,R,191,COL,21.771,286,169,E661,,,Gonzalo Escobar,L,178,ECU,29.18,389,102,6-2 6-3,3,QF,72,1,2,55,32,26,13,9,4,4,1,1,58,38,24,9,8,6,9
2018-213,San Luis Potosi,Clay,32,C,,20180327,28,SL94,,,Pedro Sakamoto,R,178,BRA,24.742,441,83,CI14,,,Jay Clarke,R,183,GBR,19.666,265,189,6-3 7-6(4),3,QF,116,3,0,87,57,43,16,11,8,8,3,4,86,54,37,17,10,5,6
2018-213,San Luis Potosi,Clay,32,C,,20180327,29,A853,,,Marcelo Arevalo,R,191,ESA,27.441,222,246,GE33,,,Daniel Elahi Galan,R,191,COL,21.771,286,169,4-6 6-4 6-3,3,SF,116,3,7,84,53,38,21,15,1,3,8,2,91,56,36,20,14,7,10
2018-213,San Luis Potosi,Clay,32,C,,20180327,30,CF88,,,Roberto Cid Subervi,R,193,DOM,24.572,421,90,SL94,,,Pedro Sakamoto,R,178,BRA,24.742,441,83,6-3 6-3,3,SF,88,2,2,69,47,29,13,9,3,5,4,4,64,34,21,9,9,1,6
2018-213,San Luis Potosi,Clay,32,C,,20180327,31,A853,,,Marcelo Arevalo,R,191,ESA,27.441,222,246,CF88,,,Roberto Cid Subervi,R,193,DOM,24.572,421,90,6-3 6-7(3) 6-4,3,F,137,5,5,98,60,47,21,16,2,3,1,6,102,68,49,15,15,7,10
2018-6244,Le Gosier,Hard,32,C,,20180327,1,TE51,,,Stefanos Tsitsipas,R,193,GRE,19.622,70,769,DF92,,,Corentin Denolly,L,188,FRA,20.805,410,92,6-3 6-3,3,R32,62,7,2,58,30,21,18,9,4,5,1,1,48,31,16,8,9,2,6
2018-6244,Le Gosier,Hard,32,C,,20180327,2,E698,2,,Gastao Elias,R,180,POR,27.337,106,553,N674,,,Dennis Novikov,R,193,USA,24.386,164,333,7-6(8) 6-4,3,R32,85,9,2,78,48,37,15,11,2,3,6,1,71,45,32,15,11,6,8
2018-6244,Le Gosier,Hard,32,C,,20180327,3,L987,,,Dusan Lajovic,R,183,SRB,27.74,108,540,BM95,,,Benjamin Bonzi,R,183,FRA,21.796,192,291,6-3 6-3,3,R32,57,0,0,51,35,24,10,9,3,5,4,3,52,30,17,6,9,1,6
2018-6244,Le Gosier,Hard,32,C,,20180327,4,BE54,4,,Ruben Bemelmans,L,183,BEL,30.198,116,488,MG08,,,Yannick Mertens,R,185,BEL,30.754,326,146,7-5 6-1,3,R32,66,3,1,55,39,29,11,10,3,4,2,2,66,46,25,11,9,6,10
2018-6244,Le Gosier,Hard,32,C,,20180327,5,PB22,5,,Peter Polansky,R,183,CAN,29.78,126,446,R822,,,Laurent Rochette,R,180,FRA,30.138,615,44,6-0 7-5,3,R32,70,5,1,52,40,29,9,9,1,1,6,2,63,33,19,14,9,3,7
2018-6244,Le Gosier,Hard,32,C,,20180327,6,KB09,6,,Denis Kudla,R,180,USA,25.607,144,394,BK19,,,Mathias Bourgue,R,188,FRA,24.186,239,213,7-6(1) 2-6 6-1,3,R32,104,4,2,81,52,35,15,14,1,6,7,2,78,51,30,11,13,0,5
2018-6244,Le Gosier,Hard,32,C,,20180327,7,HB48,7,,Calvin Hemery,R,191,FRA,23.159,150,374,O376,,,Renzo Olivo,R,178,ARG,26.031,184,309,6-3 4-1 RET,3,R32,62,5,3,34,23,22,6,7,0,0,0,1,45,24,16,9,7,3,6
2018-6244,Le Gosier,Hard,32,C,,20180327,8,KA98,8,,Bradley Klahn,L,183,USA,27.6,163,335,W579,,,Alexander Ward,R,185,GBR,27.907,290,167,6-2 6-0,3,R32,43,6,0,34,18,17,11,7,0,0,2,2,40,29,14,3,7,1,6
2018-6244,Le Gosier,Hard,32,C,,20180327,9,GD64,,,Cristian Garin,R,185,CHI,21.823,235,221,GB61,,,Viktor Galovic,R,193,CRO,27.518,187,306,4-6 6-2 7-6(3),3,R32,137,10,2,105,61,42,25,15,8,12,13,4,100,67,47,14,15,9,14
2018-6244,Le Gosier,Hard,32,C,,20180327,10,HB05,,,Christian Harrison,R,180,USA,23.828,217,253,MJ89,,,Gianni Mina,R,188,FRA,26.127,483,71,6-4 6-2,3,R32,60,5,1,43,26,23,13,9,0,0,3,1,57,39,23,9,9,2,5
2018-6244,Le Gosier,Hard,32,C,,20180327,11,KC86,,,Darian King,R,188,BAR,25.916,172,321,J439,,,Tom Jomby,R,198,FRA,27.102,545,57,6-7(5) 6-1 6-2,3,R32,98,4,2,85,61,43,16,14,2,3,8,4,89,58,38,11,13,5,10
2018-6244,Le Gosier,Hard,32,C,,20180327,12,PC78,,,Ante Pavic,R,196,CRO,29.054,302,160,G725,,,Santiago Giraldo,R,188,COL,30.33,288,168,6-2 3-6 7-6(9),3,R32,139,19,5,115,74,56,18,15,8,10,2,3,97,65,46,18,14,3,5
2018-6244,Le Gosier,Hard,32,C,,20180327,13,PF65,,,Filip Peliwo,R,180,POL,24.153,186,308,GD08,,,Lloyd Glasspool,R,191,GBR,24.35,425,89,6-4 6-1,3,R32,55,4,2,43,28,24,9,8,1,1,6,2,61,39,25,8,9,8,12
2018-6244,Le Gosier,Hard,32,C,,20180327,14,SJ55,,,John-Patrick Smith,L,188,AUS,29.169,236,216,SQ80,,,Akira Santillan,R,180,AUS,20.846,170,325,7-5 4-3 RET,3,R32,76,1,0,55,47,34,4,9,2,3,1,7,81,50,33,12,10,7,10
2018-6244,Le Gosier,Hard,32,C,,20180327,15,SP05,,,Evan Song,L,178,USA,25.802,498,68,SP24,,,Brayden Schnur,R,193,CAN,22.73,194,289,7-5 7-6(1),3,R32,114,9,1,81,63,50,6,12,4,5,4,1,79,57,38,13,12,5,7
2018-6244,Le Gosier,Hard,32,C,,20180327,16,U120,,,Kaichi Uchida,R,180,JPN,23.592,305,158,GD32,,,Sander Gille,R,185,BEL,27.195,1681,1,6-4 6-0,3,R32,46,1,1,41,26,22,12,8,0,0,6,3,47,32,20,6,8,3,7
2018-6244,Le Gosier,Hard,32,C,,20180327,17,GD64,,,Cristian Garin,R,185,CHI,21.823,235,221,TE51,,,Stefanos Tsitsipas,R,193,GRE,19.622,70,769,7-6(4) 7-5,3,R16,109,6,2,91,58,44,17,12,10,11,10,4,76,40,30,19,12,3,5
2018-6244,Le Gosier,Hard,32,C,,20180327,18,PF65,,,Filip Peliwo,R,180,POL,24.153,186,308,E698,2,,Gastao Elias,R,180,POR,27.337,106,553,6-4 7-5,3,R16,88,2,3,65,36,25,12,11,6,10,6,2,63,34,23,8,11,3,9
2018-6244,Le Gosier,Hard,32,C,,20180327,19,L987,,,Dusan Lajovic,R,183,SRB,27.74,108,540,KC86,,,Darian King,R,188,BAR,25.916,172,321,6-3 6-4,3,R16,73,2,0,55,37,28,13,10,3,4,0,1,47,27,16,12,9,0,3
2018-6244,Le Gosier,Hard,32,C,,20180327,20,BE54,4,,Ruben Bemelmans,L,183,BEL,30.198,116,488,SP05,,,Evan Song,L,178,USA,25.802,498,68,6-4 6-4,3,R16,79,6,2,52,39,32,9,10,1,1,2,0,58,39,25,10,10,3,5
2018-6244,Le Gosier,Hard,32,C,,20180327,21,SJ55,,,John-Patrick Smith,L,188,AUS,29.169,236,216,PB22,5,,Peter Polansky,R,183,CAN,29.78,126,446,7-6(3) 6-3,3,R16,107,7,1,72,49,33,13,10,7,9,3,2,88,60,34,13,11,8,12
2018-6244,Le Gosier,Hard,32,C,,20180327,22,KB09,6,,Denis Kudla,R,180,USA,25.607,144,394,PC78,,,Ante Pavic,R,196,CRO,29.054,302,160,6-1 6-1,3,R16,48,6,1,36,19,17,13,7,0,0,5,0,43,25,15,4,7,4,9
2018-6244,Le Gosier,Hard,32,C,,20180327,23,HB48,7,,Calvin Hemery,R,191,FRA,23.159,150,374,U120,,,Kaichi Uchida,R,180,JPN,23.592,305,158,2-6 7-5 7-5,3,R16,145,22,9,108,64,44,18,16,6,11,1,1,105,62,38,23,16,9,14
2018-6244,Le Gosier,Hard,32,C,,20180327,24,KA98,8,,Bradley Klahn,L,183,USA,27.6,163,335,HB05,,,Christian Harrison,R,180,USA,23.828,217,253,3-6 7-6(4) 6-4,3,R16,127,4,3,104,73,54,19,16,4,6,9,1,97,64,47,18,15,1,2
2018-6244,Le Gosier,Hard,32,C,,20180327,25,L987,,,Dusan Lajovic,R,183,SRB,27.74,108,540,KA98,8,,Bradley Klahn,L,183,USA,27.6,163,335,7-6(5) 2-6 6-3,3,QF,112,2,2,101,70,52,13,15,2,4,12,2,92,66,50,12,14,4,5
2018-6244,Le Gosier,Hard,32,C,,20180327,26,BE54,4,,Ruben Bemelmans,L,183,BEL,30.198,116,488,HB48,7,,Calvin Hemery,R,191,FRA,23.159,150,374,6-2 6-4,3,QF,80,5,1,58,36,30,10,9,1,1,6,7,68,38,25,12,9,8,11
2018-6244,Le Gosier,Hard,32,C,,20180327,27,KB09,6,,Denis Kudla,R,180,USA,25.607,144,394,PF65,,,Filip Peliwo,R,180,POL,24.153,186,308,6-3 6-4,3,QF,77,4,1,57,36,26,15,9,3,3,5,3,80,45,29,15,10,10,13
2018-6244,Le Gosier,Hard,32,C,,20180327,28,GD64,,,Cristian Garin,R,185,CHI,21.823,235,221,SJ55,,,John-Patrick Smith,L,188,AUS,29.169,236,216,7-5 7-6(6),3,QF,81,4,2,65,44,39,15,12,1,1,1,0,65,48,38,11,12,0,1
2018-6244,Le Gosier,Hard,32,C,,20180327,29,L987,,,Dusan Lajovic,R,183,SRB,27.74,108,540,GD64,,,Cristian Garin,R,185,CHI,21.823,235,221,6-2 6-2,3,SF,53,6,0,44,32,25,9,8,2,2,6,3,48,29,18,6,8,5,9
2018-6244,Le Gosier,Hard,32,C,,20180327,30,KB09,6,,Denis Kudla,R,180,USA,25.607,144,394,BE54,4,,Ruben Bemelmans,L,183,BEL,30.198,116,488,6-2 7-6(6),3,SF,73,7,0,69,49,37,10,10,4,5,5,4,60,32,24,10,10,1,4
2018-6244,Le Gosier,Hard,32,C,,20180327,31,L987,,,Dusan Lajovic,R,183,SRB,27.74,108,540,KB09,6,,Denis Kudla,R,180,USA,25.607,144,394,6-4 6-0,3,F,67,8,1,47,31,25,8,8,1,1,4,5,66,46,28,5,8,8,12
2018-7878,Marbella,Clay,32,C,,20180331,1,CF59,1,,Roberto Carballes Baena,R,183,ESP,25.021,78,683,MO44,,,Pedro Martinez,R,185,ESP,20.928,226,243,6-3 6-4,3,R32,101,7,0,50,35,30,11,10,0,0,0,2,90,63,40,10,9,10,12
2018-7878,Marbella,Clay,32,C,,20180331,2,G858,,,Ernests Gulbis,R,191,LAT,29.582,190,296,DB63,2,,Laslo Djere,R,188,SRB,22.828,94,627,7-5 4-6 6-4,3,R32,176,3,3,99,60,41,17,16,7,12,0,5,117,76,52,14,16,12,18
2018-7878,Marbella,Clay,32,C,,20180331,3,CF01,3,,Marco Cecchinato,R,185,ITA,25.498,97,611,M762,,,Jurgen Melzer,L,183,AUT,36.857,583,50,6-1 7-6(1),3,R32,80,8,4,67,44,31,15,10,2,3,0,2,59,39,22,10,9,2,5
2018-7878,Marbella,Clay,32,C,,20180331,4,K966,,,Martin Klizan,L,191,SVK,28.72,140,406,MB53,4,,Adrian Menendez-Maceiras,R,183,ESP,32.422,112,505,6-3 6-4,3,R32,95,5,5,61,36,26,13,10,2,3,2,0,67,49,28,9,9,4,7
2018-7878,Marbella,Clay,32,C,,20180331,5,TA29,,,Marco Trungelliti,R,178,ARG,28.162,268,187,S483,5,,Pedro Sousa,R,180,POR,29.843,119,473,6-3 6-2,3,R32,81,3,5,52,27,21,8,8,2,5,0,2,63,48,19,7,9,6,13
2018-7878,Marbella,Clay,32,C,,20180331,6,BA98,,,Simone Bolelli,R,183,ITA,32.476,165,332,MF35,6,,Andrej Martin,R,183,SVK,28.526,121,467,1-6 6-0 6-1,3,R32,98,1,1,71,55,37,7,10,6,8,1,5,64,43,24,8,10,3,8
2018-7878,Marbella,Clay,32,C,,20180331,7,TA12,7,,Stefano Travaglia,R,185,ITA,26.256,123,464,MU94,,,Jaume Munar,R,183,ESP,20.903,196,287,6-7(5) 6-2 7-5,3,R32,162,14,6,106,60,46,22,16,4,6,4,5,115,69,50,16,16,6,11
2018-7878,Marbella,Clay,32,C,,20180331,8,N897,,,Sumit Nagal,R,178,IND,20.621,218,253,G710,8,,Marcel Granollers,R,191,ESP,31.967,131,424,6-4 6-1,3,R32,80,0,3,58,35,22,12,9,4,7,0,2,47,31,14,5,8,1,7
2018-7878,Marbella,Clay,32,C,,20180331,9,A887,,,Guido Andreozzi,R,183,ARG,26.653,198,283,R685,,,Lukas Rosol,R,193,CZE,32.684,241,209,6-3 6-4,3,R32,78,1,0,55,35,29,13,10,3,3,2,3,58,32,22,14,9,4,6
2018-7878,Marbella,Clay,32,C,,20180331,10,CG33,,,Kimmer Coppejans,R,178,BEL,24.142,278,176,CG04,,,Pedro Cachin,R,185,ARG,22.968,266,189,4-6 6-0 6-4,3,R32,131,0,1,91,66,42,12,13,6,9,3,1,76,45,23,16,13,4,10
2018-7878,Marbella,Clay,32,C,,20180331,11,DH50,,,Alejandro Davidovich Fokina,R,180,ESP,18.82,455,79,GB93,,,Norbert Gombos,R,193,SVK,27.63,146,385,6-3 6-3,3,R32,68,2,2,50,36,28,7,9,2,3,1,3,63,31,17,15,9,1,5
2018-7878,Marbella,Clay,32,C,,20180331,12,KC04,,,Jozef Kovalik,R,183,SVK,25.402,141,406,D985,,,Joao Domingues,R,,POR,24.485,189,299,6-2 6-3,3,R32,82,3,0,63,45,29,8,8,7,9,1,1,49,30,16,3,9,3,9
2018-7878,Marbella,Clay,32,C,,20180331,13,LA93,,,Enrique Lopez Perez,R,180,ESP,26.825,199,283,BA65,,,Dustin Brown,R,196,JAM,33.309,151,373,6-4 6-2,3,R32,67,6,4,65,38,31,14,9,4,4,4,3,66,44,30,8,9,5,8
2018-7878,Marbella,Clay,32,C,,20180331,14,O513,,,Sebastian Ofner,R,191,AUT,21.884,142,405,R419,,,Tommy Robredo,R,180,ESP,35.915,158,345,6-4 6-1,3,R32,66,6,2,52,25,19,16,9,0,1,2,3,53,29,17,9,8,4,8
2018-7878,Marbella,Clay,32,C,,20180331,15,P09Z,,,Alexei Popyrin,R,196,AUS,18.653,446,82,O408,,,Ricardo Ojeda Lara,R,178,ESP,25.175,201,279,7-6(5) 6-4,3,R32,114,3,3,87,48,35,16,11,5,8,1,4,93,62,39,11,11,8,12
2018-7878,Marbella,Clay,32,C,,20180331,16,RB56,,,Ramkumar Ramanathan,R,188,IND,23.392,136,413,G983,,,Alessandro Giannessi,L,185,ITA,27.836,161,344,6-4 3-6 6-3,3,R32,118,3,1,91,61,41,19,14,5,7,1,7,88,64,45,9,14,5,8
2018-7878,Marbella,Clay,32,C,,20180331,17,CG33,,,Kimmer Coppejans,R,178,BEL,24.142,278,176,CF59,1,,Roberto Carballes Baena,R,183,ESP,25.021,78,683,6-3 7-6(5),3,R16,122,3,2,70,50,42,8,11,4,4,6,2,79,45,30,18,10,8,9
2018-7878,Marbella,Clay,32,C,,20180331,18,CF01,3,,Marco Cecchinato,R,185,ITA,25.498,97,611,O513,,,Sebastian Ofner,R,191,AUT,21.884,142,405,4-6 7-6(3) 6-2,3,R16,135,5,1,97,70,48,16,15,1,3,3,3,102,55,34,28,15,5,8
2018-7878,Marbella,Clay,32,C,,20180331,19,TA12,7,,Stefano Travaglia,R,185,ITA,26.256,123,464,LA93,,,Enrique Lopez Perez,R,180,ESP,26.825,199,283,6-2 6-4,3,R16,73,10,4,43,24,22,11,9,0,1,7,7,75,45,28,10,9,8,12
2018-7878,Marbella,Clay,32,C,,20180331,20,A887,,,Guido Andreozzi,R,183,ARG,26.653,198,283,G858,,,Ernests Gulbis,R,191,LAT,29.582,190,296,7-5 6-1,3,R16,105,2,0,71,49,37,13,10,6,6,3,6,62,27,18,15,9,2,5
2018-7878,Marbella,Clay,32,C,,20180331,21,BA98,,,Simone Bolelli,R,183,ITA,32.476,165,332,KC04,,,Jozef Kovalik,R,183,SVK,25.402,141,406,2-6 6-4 6-4,3,R16,137,1,2,84,61,40,13,14,4,7,2,2,87,56,37,17,14,5,8
2018-7878,Marbella,Clay,32,C,,20180331,22,K966,,,Martin Klizan,L,191,SVK,28.72,140,406,P09Z,,,Alexei Popyrin,R,196,AUS,18.653,446,82,6-4 7-5,3,R16,97,4,5,68,34,24,20,11,2,4,6,3,66,42,25,10,11,5,9
2018-7878,Marbella,Clay,32,C,,20180331,23,RB56,,,Ramkumar Ramanathan,R,188,IND,23.392,136,413,N897,,,Sumit Nagal,R,178,IND,20.621,218,253,6-2 6-3,3,R16,70,6,2,55,32,25,11,8,3,4,0,2,53,40,22,3,9,4,9
2018-7878,Marbella,Clay,32,C,,20180331,24,TA29,,,Marco Trungelliti,R,178,ARG,28.162,268,187,DH50,,,Alejandro Davidovich Fokina,R,180,ESP,18.82,455,79,6-3 6-3,3,R16,63,3,0,49,34,21,9,9,1,3,1,1,52,37,19,4,9,1,6
2018-7878,Marbella,Clay,32,C,,20180331,25,CF01,3,,Marco Cecchinato,R,185,ITA,25.498,97,611,RB56,,,Ramkumar Ramanathan,R,188,IND,23.392,136,413,6-1 6-4,3,QF,72,2,1,61,44,35,8,9,5,5,3,1,55,34,21,10,8,4,7
2018-7878,Marbella,Clay,32,C,,20180331,26,TA12,7,,Stefano Travaglia,R,185,ITA,26.256,123,464,CG33,,,Kimmer Coppejans,R,178,BEL,24.142,278,176,7-5 2-6 6-4,3,QF,122,8,4,87,52,35,17,15,3,7,3,1,86,65,43,10,15,2,6
2018-7878,Marbella,Clay,32,C,,20180331,27,A887,,,Guido Andreozzi,R,183,ARG,26.653,198,283,BA98,,,Simone Bolelli,R,183,ITA,32.476,165,332,3-6 6-0 6-3,3,QF,142,1,4,102,61,37,26,12,13,14,1,1,74,47,31,12,12,0,4
2018-7878,Marbella,Clay,32,C,,20180331,28,K966,,,Martin Klizan,L,191,SVK,28.72,140,406,TA29,,,Marco Trungelliti,R,178,ARG,28.162,268,187,6-1 6-2,3,QF,64,2,1,47,27,21,10,8,0,1,3,2,46,32,15,4,7,3,8
2018-7878,Marbella,Clay,32,C,,20180331,29,A887,,,Guido Andreozzi,R,183,ARG,26.653,198,283,CF01,3,,Marco Cecchinato,R,185,ITA,25.498,97,611,6-3 6-3,3,SF,74,1,0,55,38,24,13,9,4,5,2,0,59,40,26,5,9,4,8
2018-7878,Marbella,Clay,32,C,,20180331,30,TA12,7,,Stefano Travaglia,R,185,ITA,26.256,123,464,K966,,,Martin Klizan,L,191,SVK,28.72,140,406,7-6(5) 6-0,3,SF,80,6,3,53,29,23,12,9,0,2,1,2,58,43,25,6,9,2,7
2018-7878,Marbella,Clay,32,C,,20180331,31,TA12,7,,Stefano Travaglia,R,185,ITA,26.256,123,464,A887,,,Guido Andreozzi,R,183,ARG,26.653,198,283,6-3 6-3,3,F,78,5,3,53,28,21,17,9,1,1,4,1,58,37,23,9,9,3,6
2018-7705,Panama City,Clay,32,C,,20180407,1,SP05,,,Evan Song,L,178,USA,25.832,448,82,SC73,2,,Rogerio Dutra Silva,R,178,BRA,34.168,113,507,3-6 6-4 6-4,3,R32,147,2,4,107,61,40,27,15,8,10,4,4,80,49,36,16,14,3,5
2018-7705,Panama City,Clay,32,C,,20180407,2,H997,3,,Yannick Hanfmann,R,193,GER,26.398,121,456,SF89,,,Rubin Statham,R,180,NZL,30.951,351,127,6-4 5-7 6-3,3,R32,136,14,2,84,57,46,14,15,3,4,5,3,106,64,48,18,16,5,8
2018-7705,Panama City,Clay,32,C,,20180407,3,B884,4,,Carlos Berlocq,R,183,ARG,35.173,131,423,CE77,,,Federico Coria,R,180,ARG,26.078,325,145,6-4 6-1,3,R32,97,3,3,55,28,17,16,8,2,4,0,6,56,38,19,6,9,4,10
2018-7705,Panama City,Clay,32,C,,20180407,4,PC78,,,Ante Pavic,R,196,CRO,29.084,291,168,KC86,5,,Darian King,R,188,BAR,25.947,181,314,6-1 6-4,3,R32,60,9,2,48,30,26,11,9,0,0,2,0,53,42,22,6,8,3,6
2018-7705,Panama City,Clay,32,C,,20180407,5,O376,,,Renzo Olivo,R,178,ARG,26.062,194,301,M915,,,Daniel Munoz de la Nava,L,175,ESP,36.186,268,188,6-4 6-4,3,R32,97,3,7,71,44,32,13,10,5,6,3,2,62,32,19,18,10,5,8
2018-7705,Panama City,Clay,32,C,,20180407,6,RA51,,,Blaz Rola,L,193,SLO,27.504,193,302,O522,7,,Reilly Opelka,R,211,USA,20.608,209,268,6-3 6-1,3,R32,54,4,0,39,24,22,10,8,0,0,8,3,51,27,17,11,8,6,10
2018-7705,Panama City,Clay,32,C,,20180407,7,KC12,8,,Mitchell Krueger,R,188,USA,24.233,221,246,Q941,,,Roberto Quiroz,L,193,ECU,26.119,339,135,6-3 3-6 6-4,3,R32,130,4,3,94,55,39,23,14,5,7,8,4,93,58,43,13,14,6,9
2018-7705,Panama City,Clay,32,C,,20180407,8,BF23,,,Facundo Bagnis,L,183,ARG,28.107,218,256,N561,,,Ivan Nedelko,R,185,RUS,31.904,244,208,7-6(7) 6-2,3,R32,107,2,2,67,44,29,10,10,2,5,3,2,70,36,22,13,10,6,11
2018-7705,Panama City,Clay,32,C,,20180407,9,BH80,,,Andrea Basso,L,185,ITA,24.496,344,133,SL94,,,Pedro Sakamoto,R,178,BRA,24.772,391,104,6-2 6-2,3,R32,71,4,1,49,28,22,11,8,3,4,1,2,48,24,16,8,8,1,6
2018-7705,Panama City,Clay,32,C,,20180407,10,CH12,,,Jan Choinski,R,196,GBR,21.823,249,204,MJ88,,,Felipe Mantilla,R,185,COL,24.909,545,57,6-7(4) 6-4 6-2,3,R32,143,3,4,96,64,47,14,15,6,9,3,4,104,70,43,18,15,5,11
2018-7705,Panama City,Clay,32,C,,20180407,11,CI14,,,Jay Clarke,R,183,GBR,19.696,238,218,KD70,,,Pedja Krstin,R,183,SRB,23.592,206,274,7-5 6-2,3,R32,84,4,1,62,42,27,10,10,4,7,2,4,72,39,21,13,10,8,14
2018-7705,Panama City,Clay,32,C,,20180407,12,CC66,,,Andrea Collarini,L,183,ARG,26.182,241,216,A941,,,Facundo Arguello,R,178,ARG,25.673,288,170,3-6 6-1 7-6(2),3,R32,195,8,8,112,67,46,23,14,15,17,3,4,114,64,41,24,14,6,9
2018-7705,Panama City,Clay,32,C,,20180407,13,H896,,,Jose Hernandez-Fernandez,R,183,DOM,28.068,298,164,GA36,,,Emilio Gomez,R,185,ECU,26.357,502,68,2-6 6-2 7-5,3,R32,116,2,4,76,54,41,9,14,2,5,2,4,98,71,47,9,14,7,11
2018-7705,Panama City,Clay,32,C,,20180407,14,LB84,,,Juan Ignacio Londero,R,180,ARG,24.643,357,124,GC32,,,Jose Gilbert Gomez,,,PAN,26.793,,,6-2 6-1,3,R32,47,2,1,37,24,19,9,7,2,3,0,5,39,22,6,5,8,0,6
2018-7705,Panama City,Clay,32,C,,20180407,15,R913,,,Cristian Rodriguez,R,180,COL,27.786,390,105,KE73,,,Dominik Koepfer,L,180,GER,23.94,227,241,6-4 4-6 6-4,3,R32,134,1,2,90,56,42,20,15,3,5,8,6,105,76,49,14,15,10,13
2018-7705,Panama City,Clay,32,C,,20180407,16,T911,,,Peter Torebko,R,185,GER,30.155,496,69,K0AH,,,Sebastian Korda,R,196,USA,17.755,869,16,6-2 7-6(4),3,R32,100,5,10,70,39,28,12,10,3,6,1,6,69,34,19,13,10,3,8
2018-7705,Panama City,Clay,32,C,,20180407,17,H997,3,,Yannick Hanfmann,R,193,GER,26.398,121,456,BF23,,,Facundo Bagnis,L,183,ARG,28.107,218,256,6-2 6-4,3,R16,71,2,1,44,32,28,8,9,0,0,5,4,58,40,29,3,9,3,6
2018-7705,Panama City,Clay,32,C,,20180407,18,B884,4,,Carlos Berlocq,R,183,ARG,35.173,131,423,BH80,,,Andrea Basso,L,185,ITA,24.496,344,133,6-2 6-4,3,R16,108,3,4,53,31,25,11,9,1,2,5,5,74,44,28,11,9,9,13
2018-7705,Panama City,Clay,32,C,,20180407,19,R913,,,Cristian Rodriguez,R,180,COL,27.786,390,105,O376,,,Renzo Olivo,R,178,ARG,26.062,194,301,6-3 7-6(5),3,R16,108,0,1,75,50,30,13,11,3,7,1,5,73,42,24,13,10,6,11
2018-7705,Panama City,Clay,32,C,,20180407,20,H896,,,Jose Hernandez-Fernandez,R,183,DOM,28.068,298,164,KC12,8,,Mitchell Krueger,R,188,USA,24.233,221,246,6-3 3-6 6-4,3,R16,138,4,4,95,61,43,13,14,8,12,2,3,94,56,31,21,14,6,11
2018-7705,Panama City,Clay,32,C,,20180407,21,CH12,,,Jan Choinski,R,196,GBR,21.823,249,204,CI14,,,Jay Clarke,R,183,GBR,19.696,238,218,6-4 6-2,3,R16,85,3,1,60,40,25,12,9,6,8,1,3,60,40,22,8,9,4,9
2018-7705,Panama City,Clay,32,C,,20180407,22,CC66,,,Andrea Collarini,L,183,ARG,26.182,241,216,SP05,,,Evan Song,L,178,USA,25.832,448,82,7-6(3) RET,3,R16,70,2,6,42,29,22,4,6,3,5,1,1,43,27,15,8,6,2,4
2018-7705,Panama City,Clay,32,C,,20180407,23,LB84,,,Juan Ignacio Londero,R,180,ARG,24.643,357,124,PC78,,,Ante Pavic,R,196,CRO,29.084,291,168,6-4 6-4,3,R16,72,5,1,54,32,27,15,10,0,0,11,3,60,42,28,10,10,3,5
2018-7705,Panama City,Clay,32,C,,20180407,24,RA51,,,Blaz Rola,L,193,SLO,27.504,193,302,T911,,,Peter Torebko,R,185,GER,30.155,496,69,6-3 6-2,3,R16,74,5,2,46,26,19,13,9,0,1,4,8,60,31,19,10,8,11,15
2018-7705,Panama City,Clay,32,C,,20180407,25,RA51,,,Blaz Rola,L,193,SLO,27.504,193,302,H997,3,,Yannick Hanfmann,R,193,GER,26.398,121,456,3-6 6-4 6-4,3,QF,119,7,2,96,64,49,14,15,7,10,5,2,81,58,42,11,14,3,6
2018-7705,Panama City,Clay,32,C,,20180407,26,B884,4,,Carlos Berlocq,R,183,ARG,35.173,131,423,H896,,,Jose Hernandez-Fernandez,R,183,DOM,28.068,298,164,7-5 6-2,3,QF,103,1,6,64,38,28,13,10,4,6,1,1,54,37,19,8,10,2,7
2018-7705,Panama City,Clay,32,C,,20180407,27,CC66,,,Andrea Collarini,L,183,ARG,26.182,241,216,R913,,,Cristian Rodriguez,R,180,COL,27.786,390,105,6-4 7-6(7),3,QF,128,3,3,77,56,37,13,11,4,7,2,1,78,53,29,16,11,4,8
2018-7705,Panama City,Clay,32,C,,20180407,28,LB84,,,Juan Ignacio Londero,R,180,ARG,24.643,357,124,CH12,,,Jan Choinski,R,196,GBR,21.823,249,204,6-3 6-1,3,QF,71,3,2,54,28,22,15,8,2,3,1,3,48,26,15,8,8,1,6
2018-7705,Panama City,Clay,32,C,,20180407,29,B884,4,,Carlos Berlocq,R,183,ARG,35.173,131,423,LB84,,,Juan Ignacio Londero,R,180,ARG,24.643,357,124,6-7(3) 7-5 7-6(1),3,SF,205,6,5,139,80,54,25,18,13,18,2,3,111,61,41,21,18,6,12
2018-7705,Panama City,Clay,32,C,,20180407,30,RA51,,,Blaz Rola,L,193,SLO,27.504,193,302,CC66,,,Andrea Collarini,L,183,ARG,26.182,241,216,6-2 6-3,3,SF,81,3,0,47,23,16,15,9,0,2,0,2,54,35,17,8,8,2,7
2018-7705,Panama City,Clay,32,C,,20180407,31,B884,4,,Carlos Berlocq,R,183,ARG,35.173,131,423,RA51,,,Blaz Rola,L,193,SLO,27.504,193,302,6-2 6-0,3,F,99,0,0,52,28,20,15,7,6,6,4,2,53,27,14,9,7,6,11
2018-7909,Alicante,Clay,32,C,,20180407,1,CF59,1,,Roberto Carballes Baena,R,183,ESP,25.04,81,683,RC96,,,Noah Rubin,R,175,USA,22.125,239,217,6-3 6-4,3,R32,75,3,3,53,28,21,18,10,1,2,3,3,50,31,22,6,9,1,4
2018-7909,Alicante,Clay,32,C,,20180407,2,CF01,2,,Marco Cecchinato,R,185,ITA,25.517,99,613,GB53,,,Federico Gaio,R,178,ITA,26.089,314,155,6-3 6-4,3,R32,63,5,2,49,36,31,9,10,0,0,0,1,53,29,20,13,9,2,4
2018-7909,Alicante,Clay,32,C,,20180407,3,A887,,,Guido Andreozzi,R,183,ARG,26.672,167,331,TA12,3,,Stefano Travaglia,R,185,ITA,26.275,109,534,7-6(5) 6-4,3,R32,97,3,1,71,41,31,18,11,3,4,4,3,67,40,30,14,11,1,3
2018-7909,Alicante,Clay,32,C,,20180407,4,DH58,4,,Alex de Minaur,R,183,AUS,19.135,123,451,O408,,,Ricardo Ojeda Lara,R,178,ESP,25.194,205,279,6-3 6-3,3,R32,76,2,1,59,34,30,11,9,2,2,0,3,63,42,27,10,9,10,13
2018-7909,Alicante,Clay,32,C,,20180407,5,G710,5,,Marcel Granollers,R,191,ESP,31.986,137,414,Z419,,,Bernabe Zapata Miralles,R,183,ESP,21.232,275,182,6-0 6-2,3,R32,52,4,0,39,26,22,8,7,1,1,1,3,37,19,9,5,7,1,6
2018-7909,Alicante,Clay,32,C,,20180407,6,BD80,,,Attila Balazs,R,180,HUN,29.525,183,312,V717,6,,Alexey Vatutin,R,178,RUS,25.443,159,349,6-3 6-4,3,R32,71,5,0,51,26,18,17,10,0,2,1,3,53,37,22,4,9,3,7
2018-7909,Alicante,Clay,32,C,,20180407,7,G983,7,,Alessandro Giannessi,L,185,ITA,27.855,161,344,GE28,,,Ivan Gakhov,L,191,RUS,21.421,302,161,6-1 7-6(1),3,R32,93,1,3,62,42,31,12,9,5,6,1,3,71,46,28,9,10,1,5
2018-7909,Alicante,Clay,32,C,,20180407,8,MU94,,,Jaume Munar,R,183,ESP,20.923,200,287,D750,8,,Kenny De Schepper,L,203,FRA,30.858,173,321,6-4 6-3,3,R32,76,1,3,52,34,26,12,9,1,1,0,0,60,45,23,10,10,1,4
2018-7909,Alicante,Clay,32,C,,20180407,9,A596,,,Pablo Andujar,R,180,ESP,32.203,598,46,O482,,,Gonzalo Oliveira,L,185,VEN,23.135,214,259,6-2 6-2,3,R32,90,1,2,56,39,29,7,8,5,6,2,1,69,43,22,11,8,9,14
2018-7909,Alicante,Clay,32,C,,20180407,10,A622,,,Andrea Arnaboldi,L,180,ITA,30.278,223,246,LA93,,,Enrique Lopez Perez,R,180,ESP,26.845,202,285,6-2 6-4,3,R32,81,4,2,61,31,23,20,9,4,4,3,5,48,27,19,11,9,2,5
2018-7909,Alicante,Clay,32,C,,20180407,11,AG37,,,Felix Auger-Aliassime,R,193,CAN,17.662,185,311,DH50,,,Alejandro Davidovich Fokina,R,180,ESP,18.839,393,102,7-5 7-5,3,R32,128,4,3,100,58,45,20,12,12,12,2,7,91,53,37,19,12,3,5
2018-7909,Alicante,Clay,32,C,,20180407,12,BG72,,,Carlos Boluda-Purkiss,R,173,ESP,25.205,273,182,KH56,,,Zdenek Kolar,R,183,CZE,21.492,222,246,6-2 6-3,3,R32,85,0,1,65,46,28,10,9,3,6,1,4,60,35,19,6,8,6,12
2018-7909,Alicante,Clay,32,C,,20180407,13,G676,,,Daniel Gimeno-Traver,R,183,ESP,32.665,300,162,MI08,,,Javier Marti,R,,ESP,26.237,261,195,6-1 6-1,3,R32,57,1,2,43,30,22,5,7,1,2,0,3,47,24,9,8,7,6,12
2018-7909,Alicante,Clay,32,C,,20180407,14,GA79,,,Lorenzo Giustino,R,180,ITA,26.574,246,207,TE16,,,Carlos Taberner,R,183,ESP,20.663,186,310,5-1 RET,3,R32,24,1,1,18,8,6,7,3,2,2,1,1,16,12,5,1,3,0,2
2018-7909,Alicante,Clay,32,C,,20180407,15,MP83,,,Gian Marco Moroni,R,185,ITA,20.145,455,80,MO44,,,Pedro Martinez,R,185,ESP,20.947,228,240,7-6(7) 6-2,3,R32,103,1,4,72,52,33,10,10,4,6,0,7,71,37,25,13,10,4,8
2018-7909,Alicante,Clay,32,C,,20180407,16,V824,,,Mario Vilella Martinez,R,178,ESP,22.762,349,128,V490,,,Matteo Viola,R,185,ITA,30.752,264,192,6-4 6-2,3,R32,77,2,5,54,32,22,11,9,0,2,0,5,62,41,21,8,9,4,9
2018-7909,Alicante,Clay,32,C,,20180407,17,CF59,1,,Roberto Carballes Baena,R,183,ESP,25.04,81,683,A622,,,Andrea Arnaboldi,L,180,ITA,30.278,223,246,6-3 6-2,3,R16,77,1,3,51,43,29,4,8,2,3,2,4,53,36,20,6,9,2,7
2018-7909,Alicante,Clay,32,C,,20180407,18,CF01,2,,Marco Cecchinato,R,185,ITA,25.517,99,613,GA79,,,Lorenzo Giustino,R,180,ITA,26.574,246,207,6-3 7-5,3,R16,97,2,2,61,40,26,15,10,5,6,2,4,71,39,26,14,11,5,9
2018-7909,Alicante,Clay,32,C,,20180407,19,DH58,4,,Alex de Minaur,R,183,AUS,19.135,123,451,BG72,,,Carlos Boluda-Purkiss,R,173,ESP,25.205,273,182,6-2 2-6 6-3,3,R16,136,0,5,77,41,26,18,12,4,8,0,3,97,62,34,15,13,15,21
2018-7909,Alicante,Clay,32,C,,20180407,20,G710,5,,Marcel Granollers,R,191,ESP,31.986,137,414,G676,,,Daniel Gimeno-Traver,R,183,ESP,32.665,300,162,6-3 6-3,3,R16,83,3,1,67,47,33,11,9,4,4,1,2,60,32,20,13,9,2,5
2018-7909,Alicante,Clay,32,C,,20180407,21,V824,,,Mario Vilella Martinez,R,178,ESP,22.762,349,128,G983,7,,Alessandro Giannessi,L,185,ITA,27.855,161,344,5-2 RET,3,R16,21,2,0,13,7,7,5,3,0,0,1,1,19,14,7,3,4,0,2
2018-7909,Alicante,Clay,32,C,,20180407,22,A887,,,Guido Andreozzi,R,183,ARG,26.672,167,331,AG37,,,Felix Auger-Aliassime,R,193,CAN,17.662,185,311,7-6(2) 2-6 6-4,3,R16,159,2,7,96,65,41,17,15,5,9,9,5,114,67,44,25,15,9,12
2018-7909,Alicante,Clay,32,C,,20180407,23,A596,,,Pablo Andujar,R,180,ESP,32.203,598,46,MU94,,,Jaume Munar,R,183,ESP,20.923,200,287,7-6(3) 1-6 6-2,3,R16,155,2,3,84,63,34,13,13,4,10,3,6,113,78,39,20,14,6,12
2018-7909,Alicante,Clay,32,C,,20180407,24,MP83,,,Gian Marco Moroni,R,185,ITA,20.145,455,80,BD80,,,Attila Balazs,R,180,HUN,29.525,183,312,4-6 7-5 6-4,3,R16,168,0,6,102,74,46,16,16,5,10,1,5,114,71,44,19,16,14,20
2018-7909,Alicante,Clay,32,C,,20180407,25,CF59,1,,Roberto Carballes Baena,R,183,ESP,25.04,81,683,V824,,,Mario Vilella Martinez,R,178,ESP,22.762,349,128,7-5 3-6 6-0,3,QF,111,1,2,77,57,44,8,13,2,4,3,2,68,46,30,10,14,1,6
2018-7909,Alicante,Clay,32,C,,20180407,26,CF01,2,,Marco Cecchinato,R,185,ITA,25.517,99,613,MP83,,,Gian Marco Moroni,R,185,ITA,20.145,455,80,6-4 6-4,3,QF,84,2,1,61,52,38,4,10,4,5,0,4,61,40,24,9,10,4,7
2018-7909,Alicante,Clay,32,C,,20180407,27,DH58,4,,Alex de Minaur,R,183,AUS,19.135,123,451,G710,5,,Marcel Granollers,R,191,ESP,31.986,137,414,6-4 7-6(4),3,QF,109,5,1,76,41,29,22,11,4,5,4,2,71,38,27,16,11,3,5
2018-7909,Alicante,Clay,32,C,,20180407,28,A596,,,Pablo Andujar,R,180,ESP,32.203,598,46,A887,,,Guido Andreozzi,R,183,ARG,26.672,167,331,1-6 6-4 6-4,3,QF,141,2,2,82,60,39,10,14,4,8,3,4,93,54,35,20,13,8,11
2018-7909,Alicante,Clay,32,C,,20180407,29,DH58,4,,Alex de Minaur,R,183,AUS,19.135,123,451,CF59,1,,Roberto Carballes Baena,R,183,ESP,25.04,81,683,6-2 6-4,3,SF,87,0,2,45,22,19,17,9,0,0,1,3,59,32,20,14,9,3,6
2018-7909,Alicante,Clay,32,C,,20180407,30,A596,,,Pablo Andujar,R,180,ESP,32.203,598,46,CF01,2,,Marco Cecchinato,R,185,ITA,25.517,99,613,6-4 5-7 6-4,3,SF,148,1,3,109,78,53,17,16,8,10,6,2,93,52,37,25,16,4,7
2018-7909,Alicante,Clay,32,C,,20180407,31,A596,,,Pablo Andujar,R,180,ESP,32.203,598,46,DH58,4,,Alex de Minaur,R,183,AUS,19.135,123,451,7-6(5) 6-1,3,F,96,1,0,60,43,32,10,10,3,4,3,3,59,29,16,17,9,5,8
2018-2278,Taipei,Hard,32,C,,20180415,1,E690,1,,Matthew Ebden,R,188,AUS,30.385,77,709,T982,,,Tsung-Hua Yang,R,178,TPE,27.047,251,203,6-3 6-4,3,R32,56,6,1,51,36,30,10,10,0,0,7,2,52,33,28,7,9,2,4
2018-2278,Taipei,Hard,32,C,,20180415,2,D864,2,,Evgeny Donskoy,R,185,RUS,27.934,85,660,H09F,,,Yu Hsiou Hsu,R,178,TPE,19.036,1971,1,6-1 6-1,3,R32,54,1,0,47,37,25,7,7,2,2,1,3,43,29,15,5,7,7,12
2018-2278,Taipei,Hard,32,C,,20180415,3,SC56,3,,Dudi Sela,R,175,ISR,33.029,98,613,SL92,,,Shuichi Sekiguchi,R,168,JPN,26.752,457,79,6-4 6-2,3,R32,63,3,1,53,29,21,16,9,4,5,6,1,52,36,22,7,9,5,9
2018-2278,Taipei,Hard,32,C,,20180415,4,BF55,4,,Yuki Bhambri,R,185,IND,25.78,105,571,O340,,,Roberto Ortega-Olmedo,R,168,ESP,26.96,320,150,6-7(5) 6-3 6-3,3,R32,130,6,2,104,75,52,14,15,5,7,2,2,92,53,34,20,15,3,8
2018-2278,Taipei,Hard,32,C,,20180415,5,LF59,,,Chien-hsun Lo,R,168,TWN,19.414,917,14,HB64,5,,Quentin Halys,R,191,FRA,21.467,116,469,6-3 1-6 6-3,3,R32,97,3,2,100,61,45,17,13,7,9,19,3,74,44,34,16,12,4,6
2018-2278,Taipei,Hard,32,C,,20180415,6,RB56,6,,Ramkumar Ramanathan,R,188,IND,23.433,133,421,FA50,,,Thomas Fancutt,R,188,AUS,23.135,643,38,7-6(5) 6-7(0) 6-2,3,R32,118,18,3,98,68,57,17,16,4,4,10,5,104,61,46,26,16,1,3
2018-2278,Taipei,Hard,32,C,,20180415,7,SC47,7,,Go Soeda,R,178,JPN,33.607,153,363,KA22,,,Dayne Kelly,R,,AUS,27.729,305,160,7-6(4) 6-4,3,R32,102,2,3,71,47,36,16,11,3,3,8,0,78,59,42,9,11,3,4
2018-2278,Taipei,Hard,32,C,,20180415,8,I230,8,,Tatsuma Ito,R,180,JPN,29.908,155,359,GA71,,,Laurynas Grigelis,R,183,LTU,26.669,252,203,6-7(5) 6-4 6-3,3,R32,121,5,7,96,67,56,15,16,3,3,14,2,91,60,45,17,15,2,4
2018-2278,Taipei,Hard,32,C,,20180415,9,BC65,,,Matthias Bachinger,R,188,GER,31.036,164,340,MQ75,,,Kamil Majchrzak,R,183,POL,22.253,226,242,4-6 6-2 7-6(5),3,R32,114,17,1,100,68,54,10,15,7,9,5,0,94,66,46,12,15,2,5
2018-2278,Taipei,Hard,32,C,,20180415,10,C813,,,Ti Chen,R,178,TPE,34.533,398,102,RA24,,,Ruan Roelofse,R,188,RSA,28.405,677,32,7-6(8) 6-3,3,R32,99,4,1,86,60,41,13,10,4,5,11,2,75,48,37,8,11,6,9
2018-2278,Taipei,Hard,32,C,,20180415,11,HG86,,,Lloyd Harris,R,193,RSA,21.136,242,213,MP13,,,Mukund Sasikumar,R,185,IND,21.248,519,63,6-4 7-6(3),3,R32,74,18,0,70,50,44,8,11,1,1,5,2,72,55,40,9,11,4,5
2018-2278,Taipei,Hard,32,C,,20180415,12,J380,,,Jason Jung,R,180,TPE,28.832,157,351,GE73,,,Jacob Grills,R,,AUS,22.825,540,58,6-0 6-3,3,R32,61,2,0,45,34,25,9,8,1,1,2,4,59,40,21,6,7,6,10
2018-2278,Taipei,Hard,32,C,,20180415,13,KF17,,,Soonwoo Kwon,R,180,KOR,20.367,211,262,BI81,,,Alex Bolt,L,183,AUS,25.273,179,316,7-6(5) 4-6 6-3,3,R32,116,9,8,105,71,56,14,16,3,5,8,1,91,65,46,14,15,4,6
2018-2278,Taipei,Hard,32,C,,20180415,14,ME64,,,Saketh Myneni,R,193,IND,30.489,586,49,GA94,,,Prajnesh Gunneswaran,L,188,IND,28.422,264,193,4-6 7-6(2) 6-4,3,R32,107,13,2,88,58,49,18,16,0,1,9,2,99,68,50,20,16,6,7
2018-2278,Taipei,Hard,32,C,,20180415,15,TF58,,,Yusuke Takahashi,R,170,JPN,20.493,287,171,T0AP,,,Chun-Hsin Tseng,R,175,TPE,16.684,1139,6,7-6(4) 6-1,3,R32,95,4,2,69,40,29,17,10,4,5,4,5,84,51,34,11,9,11,14
2018-2278,Taipei,Hard,32,C,,20180415,16,W857,,,Tung-Lin Wu,R,188,TPE,19.926,499,69,W630,,,Andrew Whittington,R,188,AUS,24.676,268,188,6-3 7-6(1),3,R32,82,4,1,54,40,33,11,10,0,0,13,5,73,41,33,12,11,5,7
2018-2278,Taipei,Hard,32,C,,20180415,17,J380,,,Jason Jung,R,180,TPE,28.832,157,351,E690,1,,Matthew Ebden,R,188,AUS,30.385,77,709,6-2 7-6(4),3,R16,71,2,1,61,37,30,17,10,0,0,10,1,61,41,30,10,10,0,2
2018-2278,Taipei,Hard,32,C,,20180415,18,D864,2,,Evgeny Donskoy,R,185,RUS,27.934,85,660,ME64,,,Saketh Myneni,R,193,IND,30.489,586,49,6-2 6-4,3,R16,58,4,0,55,45,35,5,9,2,2,4,3,53,32,22,9,9,6,9
2018-2278,Taipei,Hard,32,C,,20180415,19,SC56,3,,Dudi Sela,R,175,ISR,33.029,98,613,W857,,,Tung-Lin Wu,R,188,TPE,19.926,499,69,6-3 1-6 6-3,3,R16,84,4,1,80,51,36,17,13,4,6,8,0,66,38,26,17,12,2,4
2018-2278,Taipei,Hard,32,C,,20180415,20,BF55,4,,Yuki Bhambri,R,185,IND,25.78,105,571,BC65,,,Matthias Bachinger,R,188,GER,31.036,164,340,6-4 6-4,3,R16,81,0,1,67,50,34,8,10,4,6,6,2,62,42,26,9,10,1,5
2018-2278,Taipei,Hard,32,C,,20180415,21,RB56,6,,Ramkumar Ramanathan,R,188,IND,23.433,133,421,HG86,,,Lloyd Harris,R,193,RSA,21.136,242,213,7-6(3) 6-7(3) 7-6(5),3,R16,153,15,7,118,73,59,26,18,1,3,12,5,121,81,69,16,18,2,4
2018-2278,Taipei,Hard,32,C,,20180415,22,SC47,7,,Go Soeda,R,178,JPN,33.607,153,363,C813,,,Ti Chen,R,178,TPE,34.533,398,102,6-3 6-1,3,R16,59,4,0,35,23,20,8,8,0,1,1,2,48,32,16,4,8,1,6
2018-2278,Taipei,Hard,32,C,,20180415,23,I230,8,,Tatsuma Ito,R,180,JPN,29.908,155,359,KF17,,,Soonwoo Kwon,R,180,KOR,20.367,211,262,4-6 7-6(4) 6-4,3,R16,145,7,2,100,73,51,15,16,6,9,8,4,122,76,53,19,16,8,11
2018-2278,Taipei,Hard,32,C,,20180415,24,LF59,,,Chien-hsun Lo,R,168,TWN,19.414,917,14,TF58,,,Yusuke Takahashi,R,170,JPN,20.493,287,171,6-3 6-7(5) 6-3,3,R16,126,6,1,107,64,47,22,16,4,6,10,4,86,46,37,17,14,5,9
2018-2278,Taipei,Hard,32,C,,20180415,25,SC47,7,,Go Soeda,R,178,JPN,33.607,153,363,D864,2,,Evgeny Donskoy,R,185,RUS,27.934,85,660,7-6(4) 6-4,3,QF,89,5,1,74,41,36,18,11,2,2,3,0,68,49,39,10,11,2,3
2018-2278,Taipei,Hard,32,C,,20180415,26,RB56,6,,Ramkumar Ramanathan,R,188,IND,23.433,133,421,SC56,3,,Dudi Sela,R,175,ISR,33.029,98,613,6-4 6-2,3,QF,60,7,0,46,31,26,10,9,3,4,0,4,60,38,20,13,9,3,7
2018-2278,Taipei,Hard,32,C,,20180415,27,BF55,4,,Yuki Bhambri,R,185,IND,25.78,105,571,LF59,,,Chien-hsun Lo,R,168,TWN,19.414,917,14,6-4 6-2,3,QF,68,3,0,54,40,28,8,9,3,4,3,1,59,37,23,9,9,5,9
2018-2278,Taipei,Hard,32,C,,20180415,28,I230,8,,Tatsuma Ito,R,180,JPN,29.908,155,359,J380,,,Jason Jung,R,180,TPE,28.832,157,351,3-6 7-6(9) 7-6(4),3,QF,157,3,4,110,71,55,16,16,3,7,10,0,119,75,53,24,17,6,9
2018-2278,Taipei,Hard,32,C,,20180415,29,BF55,4,,Yuki Bhambri,R,185,IND,25.78,105,571,I230,8,,Tatsuma Ito,R,180,JPN,29.908,155,359,3-6 6-3 6-4,3,SF,117,7,3,96,73,51,10,14,4,7,10,2,79,56,37,11,14,2,6
2018-2278,Taipei,Hard,32,C,,20180415,30,RB56,6,,Ramkumar Ramanathan,R,188,IND,23.433,133,421,SC47,7,,Go Soeda,R,178,JPN,33.607,153,363,7-6(9) 6-4,3,SF,94,14,2,79,49,41,17,11,2,2,7,1,76,49,36,18,11,1,2
2018-2278,Taipei,Hard,32,C,,20180415,31,BF55,4,,Yuki Bhambri,R,185,IND,25.78,105,571,RB56,6,,Ramkumar Ramanathan,R,188,IND,23.433,133,421,6-3 6-4,3,F,89,1,3,66,53,38,6,10,1,2,7,3,62,34,24,12,9,3,6
2018-6724,Mexico City,Clay,32,C,,20180415,1,CI14,,,Jay Clarke,R,183,GBR,19.718,235,224,H997,1,,Yannick Hanfmann,R,193,GER,26.42,121,465,6-2 6-3,3,R32,56,0,1,45,25,22,14,9,0,0,7,5,52,30,21,9,8,1,4
2018-6724,Mexico City,Clay,32,C,,20180415,2,MJ08,2,,Thiago Monteiro,L,183,BRA,23.874,125,450,SI82,,,Manuel Sanchez,R,,MEX,27.274,607,45,6-3 6-3,3,R32,86,3,3,63,40,31,9,9,5,6,5,7,63,36,21,11,9,5,9
2018-6724,Mexico City,Clay,32,C,,20180415,3,B884,,,Carlos Berlocq,R,183,ARG,35.195,115,497,K0AH,,,Sebastian Korda,R,196,USA,17.777,865,16,3-6 6-1 6-4,3,R32,125,1,8,111,75,47,19,13,13,15,2,3,75,43,31,13,13,4,8
2018-6724,Mexico City,Clay,32,C,,20180415,4,MB53,4,,Adrian Menendez-Maceiras,R,183,ESP,32.463,141,404,HB67,,,Christopher Heyman,L,188,BEL,24.517,265,192,1-6 7-5 6-2,3,R32,112,9,4,67,41,32,12,13,1,4,3,14,89,48,35,16,14,2,6
2018-6724,Mexico City,Clay,32,C,,20180415,5,MJ71,5,,Mats Moraing,L,198,GER,25.818,156,353,G725,,,Santiago Giraldo,R,188,COL,30.382,291,168,6-4 5-7 6-2,3,R32,117,18,7,88,45,40,23,15,8,9,4,2,99,60,42,20,15,8,11
2018-6724,Mexico City,Clay,32,C,,20180415,6,E224,6,,Victor Estrella Burgos,R,170,DOM,37.7,177,316,BF23,,,Facundo Bagnis,L,183,ARG,28.129,216,256,6-4 4-6 7-6(3),3,R32,149,1,6,107,61,49,23,16,1,3,8,7,112,60,46,26,16,8,10
2018-6724,Mexico City,Clay,32,C,,20180415,7,A853,7,,Marcelo Arevalo,R,191,ESA,27.493,174,320,PE42,,,Luis Patino,R,183,MEX,24.523,809,20,6-3 6-2,3,R32,85,3,3,61,38,27,13,9,4,5,3,6,57,25,16,13,8,1,5
2018-6724,Mexico City,Clay,32,C,,20180415,8,KD70,8,,Pedja Krstin,R,183,SRB,23.614,232,226,PE02,,,Danilo Petrovic,R,203,SRB,26.223,245,207,6-3 1-6 6-4,3,R32,92,4,11,81,38,27,20,13,5,9,14,6,80,45,31,17,13,1,5
2018-6724,Mexico City,Clay,32,C,,20180415,9,A941,,,Facundo Arguello,R,178,ARG,25.695,289,170,GC87,,,Lucas Gomez,L,178,MEX,22.678,830,19,6-3 6-4,3,R32,77,5,6,57,27,20,16,10,2,4,0,7,59,33,19,10,9,4,8
2018-6724,Mexico City,Clay,32,C,,20180415,10,BH80,,,Andrea Basso,L,185,ITA,24.517,335,139,M915,,,Daniel Munoz de la Nava,L,175,ESP,36.208,269,188,6-7(2) 6-4 6-1,3,R32,153,4,5,107,54,39,27,15,7,9,7,10,91,45,32,21,14,4,9
2018-6724,Mexico City,Clay,32,C,,20180415,11,CH12,,,Jan Choinski,R,196,GBR,21.845,239,218,N561,,,Ivan Nedelko,R,185,RUS,31.926,261,196,3-6 6-3 6-2,3,R32,102,5,2,75,45,34,13,13,2,5,8,5,75,32,19,21,13,1,6
2018-6724,Mexico City,Clay,32,C,,20180415,12,GE33,,,Daniel Elahi Galan,R,191,COL,21.823,257,198,Z419,,,Bernabe Zapata Miralles,R,183,ESP,21.254,276,180,6-3 6-4,3,R32,59,11,0,47,30,24,13,10,0,1,2,5,61,28,15,20,9,0,3
2018-6724,Mexico City,Clay,32,C,,20180415,13,H896,,,Jose Hernandez-Fernandez,R,183,DOM,28.09,283,173,MN44,,,Bradley Mousley,R,188,AUS,22.281,274,182,6-2 3-6 6-3,3,R32,85,4,7,80,44,36,18,13,3,4,5,6,66,38,33,11,13,1,4
2018-6724,Mexico City,Clay,32,C,,20180415,14,LB84,,,Juan Ignacio Londero,R,180,ARG,24.665,314,156,KA00,,,Austin Krajicek,L,188,USA,27.83,293,168,7-5 6-1,3,R32,95,9,4,65,37,31,14,10,3,4,10,2,86,52,31,13,9,7,11
2018-6724,Mexico City,Clay,32,C,,20180415,15,Q941,,,Roberto Quiroz,L,193,ECU,26.141,342,135,SF41,,,Aldin Setkic,R,191,BIH,30.316,218,253,6-1 6-3,3,R32,53,8,4,43,22,22,11,8,0,0,4,4,43,22,14,8,8,1,5
2018-6724,Mexico City,Clay,32,C,,20180415,16,SG64,,,Joao Souza,R,193,BRA,29.884,308,159,CC32,,,Guilherme Clezar,R,180,BRA,25.287,233,225,7-6(2) 7-5,3,R32,135,13,2,86,49,37,20,12,5,6,3,6,89,51,36,17,12,8,10
2018-6724,Mexico City,Clay,32,C,,20180415,17,LB84,,,Juan Ignacio Londero,R,180,ARG,24.665,314,156,MJ08,2,,Thiago Monteiro,L,183,BRA,23.874,125,450,6-4 6-1,3,R16,60,3,1,48,31,25,10,8,3,3,6,2,48,28,18,8,9,3,7
2018-6724,Mexico City,Clay,32,C,,20180415,18,CH12,,,Jan Choinski,R,196,GBR,21.845,239,218,B884,,,Carlos Berlocq,R,183,ARG,35.195,115,497,6-3 6-4,3,R16,88,0,1,52,42,32,7,10,0,1,1,1,74,48,27,13,9,4,7
2018-6724,Mexico City,Clay,32,C,,20180415,19,MB53,4,,Adrian Menendez-Maceiras,R,183,ESP,32.463,141,404,SG64,,,Joao Souza,R,193,BRA,29.884,308,159,6-4 2-6 6-3,3,R16,126,4,1,81,46,35,18,14,5,8,5,2,89,52,34,19,13,5,8
2018-6724,Mexico City,Clay,32,C,,20180415,20,A941,,,Facundo Arguello,R,178,ARG,25.695,289,170,MJ71,5,,Mats Moraing,L,198,GER,25.818,156,353,2-6 6-4 6-4,3,R16,126,7,8,106,61,42,19,14,12,16,13,9,81,41,29,19,14,7,11
2018-6724,Mexico City,Clay,32,C,,20180415,21,GE33,,,Daniel Elahi Galan,R,191,COL,21.823,257,198,E224,6,,Victor Estrella Burgos,R,170,DOM,37.7,177,316,4-6 7-6(5) 6-2,3,R16,125,7,3,93,65,46,17,15,4,7,2,1,93,59,41,16,15,3,7
2018-6724,Mexico City,Clay,32,C,,20180415,22,H896,,,Jose Hernandez-Fernandez,R,183,DOM,28.09,283,173,A853,7,,Marcelo Arevalo,R,191,ESA,27.493,174,320,6-7(3) 7-6(8) 6-4,3,R16,172,3,4,130,95,62,18,17,9,11,11,8,136,79,62,21,17,6,9
2018-6724,Mexico City,Clay,32,C,,20180415,23,Q941,,,Roberto Quiroz,L,193,ECU,26.141,342,135,KD70,8,,Pedja Krstin,R,183,SRB,23.614,232,226,4-6 6-1 6-4,3,R16,107,7,7,68,42,32,12,13,1,5,0,14,106,65,39,16,14,8,15
2018-6724,Mexico City,Clay,32,C,,20180415,24,BH80,,,Andrea Basso,L,185,ITA,24.517,335,139,CI14,,,Jay Clarke,R,183,GBR,19.718,235,224,6-4 6-4,3,R16,88,6,4,72,36,26,18,10,4,6,3,4,63,34,24,11,10,0,4
2018-6724,Mexico City,Clay,32,C,,20180415,25,GE33,,,Daniel Elahi Galan,R,191,COL,21.823,257,198,MB53,4,,Adrian Menendez-Maceiras,R,183,ESP,32.463,141,404,7-6(5) 6-4,3,QF,100,7,1,76,38,29,22,11,6,7,3,0,68,40,28,17,11,3,5
2018-6724,Mexico City,Clay,32,C,,20180415,26,A941,,,Facundo Arguello,R,178,ARG,25.695,289,170,CH12,,,Jan Choinski,R,196,GBR,21.845,239,218,7-5 6-2,3,QF,88,4,2,58,27,16,18,10,4,7,1,3,64,36,20,9,10,6,12
2018-6724,Mexico City,Clay,32,C,,20180415,27,LB84,,,Juan Ignacio Londero,R,180,ARG,24.665,314,156,H896,,,Jose Hernandez-Fernandez,R,183,DOM,28.09,283,173,7-5 6-2,3,QF,74,4,4,56,34,24,15,10,0,1,4,1,61,34,23,11,10,4,8
2018-6724,Mexico City,Clay,32,C,,20180415,28,Q941,,,Roberto Quiroz,L,193,ECU,26.141,342,135,BH80,,,Andrea Basso,L,185,ITA,24.517,335,139,7-5 7-6(4),3,QF,102,8,3,83,49,40,20,12,8,9,4,4,74,47,35,14,12,2,4
2018-6724,Mexico City,Clay,32,C,,20180415,29,LB84,,,Juan Ignacio Londero,R,180,ARG,24.665,314,156,GE33,,,Daniel Elahi Galan,R,191,COL,21.823,257,198,6-4 5-7 6-4,3,SF,116,3,2,83,36,28,35,16,1,2,9,5,95,53,38,27,16,7,9
2018-6724,Mexico City,Clay,32,C,,20180415,30,Q941,,,Roberto Quiroz,L,193,ECU,26.141,342,135,A941,,,Facundo Arguello,R,178,ARG,25.695,289,170,3-6 6-0 6-3,3,SF,98,4,1,64,39,30,16,12,0,2,3,10,80,43,28,17,12,4,9
2018-6724,Mexico City,Clay,32,C,,20180415,31,LB84,,,Juan Ignacio Londero,R,180,ARG,24.665,314,156,Q941,,,Roberto Quiroz,L,193,ECU,26.141,342,135,6-1 6-3,3,F,51,0,1,40,31,27,5,8,0,0,7,2,53,39,23,4,8,1,5
2018-7494,Barletta,Clay,32,C,,20180415,1,MM66,,,Nikola Milojevic,R,188,SRB,22.823,197,292,CF01,1,,Marco Cecchinato,R,185,ITA,25.539,100,609,6-3 7-5,3,R32,81,0,1,57,44,27,7,10,2,5,4,3,72,50,30,7,11,4,10
2018-7494,Barletta,Clay,32,C,,20180415,2,E698,2,,Gastao Elias,R,180,POR,27.389,106,551,TC11,,,Marko Tepavac,R,193,SRB,24.027,415,93,3-6 7-5 6-0,3,R32,120,3,3,81,47,32,18,13,1,4,5,6,83,44,30,14,14,2,8
2018-7494,Barletta,Clay,32,C,,20180415,3,TA29,,,Marco Trungelliti,R,178,ARG,28.203,237,220,TA12,3,,Stefano Travaglia,R,185,ITA,26.297,110,515,6-4 6-4,3,R32,86,4,1,68,48,37,10,10,8,8,4,1,54,24,18,17,10,0,2
2018-7494,Barletta,Clay,32,C,,20180415,4,MP83,,,Gian Marco Moroni,R,185,ITA,20.167,406,98,S483,4,,Pedro Sousa,R,180,POR,29.884,118,467,6-1 6-4,3,R32,64,0,2,48,26,23,12,9,2,3,0,1,42,34,16,4,8,1,5
2018-7494,Barletta,Clay,32,C,,20180415,5,MH16,5,,Yannick Maden,R,185,GER,28.463,131,426,BM95,,,Benjamin Bonzi,R,183,FRA,21.848,198,290,6-2 6-0,3,R32,49,5,0,35,21,18,10,7,0,0,2,1,39,23,11,5,7,2,7
2018-7494,Barletta,Clay,32,C,,20180415,6,K966,6,,Martin Klizan,L,191,SVK,28.761,132,425,CG33,,,Kimmer Coppejans,R,178,BEL,24.183,292,168,6-4 6-0,3,R32,73,0,3,55,26,20,14,8,3,4,1,2,44,32,14,6,8,3,8
2018-7494,Barletta,Clay,32,C,,20180415,7,KI74,,,Nicola Kuhn,R,185,GER,18.07,200,286,G710,7,,Marcel Granollers,R,191,ESP,32.008,129,429,6-5 RET,3,R32,67,0,1,38,29,16,5,5,2,4,1,2,52,34,19,8,6,6,9
2018-7494,Barletta,Clay,32,C,,20180415,8,SU87,9,,Lorenzo Sonego,R,191,ITA,22.93,159,349,D985,,,Joao Domingues,R,,POR,24.526,204,279,6-2 6-4,3,R32,79,2,3,59,43,36,6,9,2,2,0,0,52,36,24,8,9,1,4
2018-7494,Barletta,Clay,32,C,,20180415,9,BA98,,,Simone Bolelli,R,183,ITA,32.517,163,341,O449,,,Oscar Otte,R,193,GER,24.747,136,418,6-7(1) 6-4 6-1,3,R32,117,1,1,92,64,43,16,15,2,4,4,1,80,51,30,14,14,1,6
2018-7494,Barletta,Clay,32,C,,20180415,10,DA67,,,Matteo Donati,R,185,ITA,23.127,263,195,A887,,,Guido Andreozzi,R,183,ARG,26.694,161,346,2-6 6-3 6-4,3,R32,113,4,1,88,59,43,12,14,9,12,1,2,77,50,34,13,13,3,6
2018-7494,Barletta,Clay,32,C,,20180415,11,GB61,,,Viktor Galovic,R,193,CRO,27.57,194,295,SK47,,,Mohamed Safwat,R,180,EGY,27.57,223,243,4-6 6-3 6-2,3,R32,120,3,3,82,48,38,17,14,4,6,6,3,98,52,31,26,13,10,14
2018-7494,Barletta,Clay,32,C,,20180415,12,G983,,,Alessandro Giannessi,L,185,ITA,27.877,158,350,P09O,,,Zsombor Piros,R,180,HUN,18.505,483,73,6-2 6-1,3,R32,75,1,3,53,32,23,10,8,3,5,0,1,54,35,12,9,7,12,18
2018-7494,Barletta,Clay,32,C,,20180415,13,G676,,,Daniel Gimeno-Traver,R,183,ESP,32.687,286,171,CD00,,,Maxime Chazal,R,175,FRA,24.975,453,81,6-2 7-6(4),3,R32,105,3,4,72,46,27,13,10,4,9,1,2,68,43,17,13,10,7,14
2018-7494,Barletta,Clay,32,C,,20180415,14,MU94,,,Jaume Munar,R,183,ESP,20.945,196,293,AG37,,,Felix Auger-Aliassime,R,193,CAN,17.684,176,317,7-6(4) 4-6 7-5,3,R32,171,2,0,100,69,52,22,17,0,1,15,2,128,75,51,34,17,15,16
2018-7494,Barletta,Clay,32,C,,20180415,15,O482,,,Gonzalo Oliveira,L,185,VEN,23.157,214,259,N897,,,Sumit Nagal,R,178,IND,20.663,213,260,4-6 6-3 6-2,3,R32,171,2,4,108,73,44,19,14,7,10,1,3,117,74,41,20,13,17,22
2018-7494,Barletta,Clay,32,C,,20180415,16,PH64,,,Andrea Pellegrino,R,185,ITA,21.062,341,136,PG32,,,Adam Pavlasek,R,185,CZE,23.518,208,268,3-6 7-6(3) 7-6(6),3,R32,161,1,3,117,71,44,22,16,5,11,8,6,110,67,47,20,17,2,7
2018-7494,Barletta,Clay,32,C,,20180415,17,GB61,,,Viktor Galovic,R,193,CRO,27.57,194,295,E698,2,,Gastao Elias,R,180,POR,27.389,106,551,6-1 6-2,3,R16,64,3,0,51,27,22,15,8,4,4,1,2,39,17,10,8,7,2,6
2018-7494,Barletta,Clay,32,C,,20180415,18,DA67,,,Matteo Donati,R,185,ITA,23.127,263,195,MH16,5,,Yannick Maden,R,185,GER,28.463,131,426,6-2 6-4,3,R16,82,1,1,53,33,24,14,9,1,1,3,2,66,44,29,8,9,2,5
2018-7494,Barletta,Clay,32,C,,20180415,19,G676,,,Daniel Gimeno-Traver,R,183,ESP,32.687,286,171,K966,6,,Martin Klizan,L,191,SVK,28.761,132,425,6-4 4-1 RET,3,R16,74,0,4,57,40,25,9,7,5,6,0,3,47,28,17,6,8,3,7
2018-7494,Barletta,Clay,32,C,,20180415,20,BA98,,,Simone Bolelli,R,183,ITA,32.517,163,341,SU87,9,,Lorenzo Sonego,R,191,ITA,22.93,159,349,7-5 6-3,3,R16,96,0,1,62,44,30,10,11,1,3,4,3,59,37,24,9,10,3,7
2018-7494,Barletta,Clay,32,C,,20180415,21,MP83,,,Gian Marco Moroni,R,185,ITA,20.167,406,98,PH64,,,Andrea Pellegrino,R,185,ITA,21.062,341,136,6-4 4-6 6-1,3,R16,136,4,2,85,51,37,22,14,9,11,1,4,97,58,37,19,13,14,18
2018-7494,Barletta,Clay,32,C,,20180415,22,MU94,,,Jaume Munar,R,183,ESP,20.945,196,293,MM66,,,Nikola Milojevic,R,188,SRB,22.823,197,292,7-5 6-1,3,R16,71,3,0,42,28,22,8,9,1,3,0,1,47,34,17,4,10,0,6
2018-7494,Barletta,Clay,32,C,,20180415,23,O482,,,Gonzalo Oliveira,L,185,VEN,23.157,214,259,KI74,,,Nicola Kuhn,R,185,GER,18.07,200,286,4-6 0-2 RET,3,R16,63,2,2,44,27,16,10,6,4,6,1,0,36,21,16,10,6,0,0
2018-7494,Barletta,Clay,32,C,,20180415,24,TA29,,,Marco Trungelliti,R,178,ARG,28.203,237,220,G983,,,Alessandro Giannessi,L,185,ITA,27.877,158,350,6-3 2-0 RET,3,R16,56,2,1,37,29,17,5,5,6,7,0,4,40,24,10,6,6,2,6
2018-7494,Barletta,Clay,32,C,,20180415,25,BA98,,,Simone Bolelli,R,183,ITA,32.517,163,341,GB61,,,Viktor Galovic,R,193,CRO,27.57,194,295,6-2 1-0 RET,3,QF,48,0,0,26,23,17,2,4,3,3,2,2,41,23,12,8,5,6,9
2018-7494,Barletta,Clay,32,C,,20180415,26,MP83,,,Gian Marco Moroni,R,185,ITA,20.167,406,98,G676,,,Daniel Gimeno-Traver,R,183,ESP,32.687,286,171,6-3 6-4,3,QF,96,0,2,68,53,35,5,10,3,5,1,4,71,48,27,10,9,6,10
2018-7494,Barletta,Clay,32,C,,20180415,27,MU94,,,Jaume Munar,R,183,ESP,20.945,196,293,DA67,,,Matteo Donati,R,185,ITA,23.127,263,195,6-4 7-6(5),3,QF,125,4,2,83,58,43,12,11,7,7,3,0,92,59,38,19,11,6,7
2018-7494,Barletta,Clay,32,C,,20180415,28,TA29,,,Marco Trungelliti,R,178,ARG,28.203,237,220,O482,,,Gonzalo Oliveira,L,185,VEN,23.157,214,259,6-1 6-3,3,QF,69,0,2,55,35,26,12,8,5,5,1,5,51,33,20,6,8,3,7
2018-7494,Barletta,Clay,32,C,,20180415,29,BA98,,,Simone Bolelli,R,183,ITA,32.517,163,341,MP83,,,Gian Marco Moroni,R,185,ITA,20.167,406,98,6-4 6-2,3,SF,87,1,2,61,43,29,11,9,0,0,3,0,52,37,24,7,9,3,6
2018-7494,Barletta,Clay,32,C,,20180415,30,TA29,,,Marco Trungelliti,R,178,ARG,28.203,237,220,MU94,,,Jaume Munar,R,183,ESP,20.945,196,293,7-6(3) 6-1,3,SF,105,2,1,53,32,25,13,9,0,1,4,4,84,54,35,10,10,10,14
2018-7494,Barletta,Clay,32,C,,20180415,31,TA29,,,Marco Trungelliti,R,178,ARG,28.203,237,220,BA98,,,Simone Bolelli,R,183,ITA,32.517,163,341,2-6 7-6(4) 6-4,3,F,153,4,4,98,53,37,24,15,4,8,1,1,93,71,49,12,15,2,5
2018-1541,Tunis,Clay,32,C,,20180422,1,BG23,,,Nikoloz Basilashvili,R,185,GEO,26.16,80,700,K839,,,Tobias Kamke,R,178,GER,31.921,213,265,6-4 6-3,3,R32,87,3,5,84,49,31,19,9,10,11,3,3,72,33,19,20,10,6,10
2018-1541,Tunis,Clay,32,C,,20180422,2,KC04,,,Jozef Kovalik,R,183,SVK,25.462,152,379,J267,3,,Malek Jaziri,R,185,TUN,34.253,85,683,6-4 7-6(5),3,R32,125,4,3,87,46,29,21,11,1,5,4,3,77,33,21,20,11,2,7
2018-1541,Tunis,Clay,32,C,,20180422,3,BM95,,,Benjamin Bonzi,R,183,FRA,21.867,203,280,A829,4,,Radu Albot,R,175,MDA,28.444,96,626,6-1 6-1,3,R32,55,2,1,34,24,18,6,7,0,1,1,3,49,28,17,1,7,4,10
2018-1541,Tunis,Clay,32,C,,20180422,4,F586,5,,Thomas Fabbiano,R,173,ITA,28.906,103,586,P09O,,,Zsombor Piros,R,180,HUN,18.524,471,76,6-2 7-6(4),3,R32,102,1,2,70,49,28,12,10,1,5,3,5,74,38,21,13,10,8,14
2018-1541,Tunis,Clay,32,C,,20180422,5,E698,6,,Gastao Elias,R,180,POR,27.409,110,511,O482,,,Gonzalo Oliveira,L,185,VEN,23.176,212,268,6-2 6-2,3,R32,75,1,2,46,26,19,9,8,1,3,1,5,59,40,16,9,8,3,9
2018-1541,Tunis,Clay,32,C,,20180422,6,S483,7,,Pedro Sousa,R,180,POR,29.903,119,467,O513,,,Sebastian Ofner,R,191,AUT,21.944,139,406,6-3 4-6 6-2,3,R32,111,2,4,101,69,45,18,14,5,7,7,3,78,34,26,21,13,3,7
2018-1541,Tunis,Clay,32,C,,20180422,7,GC89,,,Egor Gerasimov,R,196,BLR,25.443,204,279,Y218,8,,Elias Ymer,R,185,SWE,22.031,133,418,7-5 6-3,3,R32,96,4,2,94,50,29,26,11,11,13,3,7,60,33,22,11,10,4,8
2018-1541,Tunis,Clay,32,C,,20180422,8,A887,,,Guido Andreozzi,R,183,ARG,26.713,161,346,N679,,,Stefano Napolitano,R,196,ITA,23.031,187,308,6-2 7-5,3,R32,103,5,1,77,43,34,18,10,12,12,4,5,64,37,24,13,10,0,3
2018-1541,Tunis,Clay,32,C,,20180422,9,D985,,,Joao Domingues,R,,POR,24.545,205,279,B09O,,,Mohamed Ali Bellalouna,,,TUN,18.853,1941,1,6-0 6-0,3,R32,51,0,1,32,25,20,5,6,0,0,0,2,47,26,11,6,6,5,11
2018-1541,Tunis,Clay,32,C,,20180422,10,G676,,,Daniel Gimeno-Traver,R,183,ESP,32.706,272,189,DB59,,,Dennis Novak,R,183,AUT,24.649,194,294,6-4 5-7 6-1,3,R32,117,7,5,93,44,28,27,14,6,9,1,0,86,55,35,12,15,6,12
2018-1541,Tunis,Clay,32,C,,20180422,11,J620,,,Maxime Janvier,R,196,FRA,21.509,285,175,RH16,,,Casper Ruud,R,183,NOR,19.332,201,281,6-4 6-4,3,R32,109,9,2,60,35,29,13,10,2,3,2,1,70,44,30,11,10,7,10
2018-1541,Tunis,Clay,32,C,,20180422,12,MN20,,,Daniel Masur,R,183,GER,23.458,404,98,O207,,,Lamine Ouahab,R,185,MAR,33.331,517,62,3-0 RET,3,R32,12,3,0,8,7,7,1,2,0,0,0,0,10,3,3,1,1,0,1
2018-1541,Tunis,Clay,32,C,,20180422,13,MW02,,,Corentin Moutet,L,180,FRA,19.009,148,384,BI23,,,Liam Broady,L,183,GBR,24.296,157,359,7-6(4) 6-3,3,R32,96,0,1,69,50,31,14,11,2,5,0,2,66,41,24,13,10,4,8
2018-1541,Tunis,Clay,32,C,,20180422,14,P09Z,,,Alexei Popyrin,R,196,AUS,18.713,423,90,MM66,,,Nikola Milojevic,R,188,SRB,22.842,198,292,4-6 7-6(4) 6-3,3,R32,151,3,8,100,57,45,16,15,8,12,2,5,108,69,44,15,16,7,12
2018-1541,Tunis,Clay,32,C,,20180422,15,R685,,,Lukas Rosol,R,193,CZE,32.745,284,177,TE16,,,Carlos Taberner,R,183,ESP,20.704,190,307,7-5 RET,3,R32,45,5,1,31,18,14,7,6,0,1,2,3,38,20,17,5,6,3,5
2018-1541,Tunis,Clay,32,C,,20180422,16,Z254,,,Jurgen Zopp,R,191,EST,30.064,137,408,EA13,,,Moez Echargui,R,178,TUN,25.279,460,79,6-3 7-6(3),3,R32,120,4,3,72,35,28,18,10,2,4,1,5,85,52,30,14,11,6,10
2018-1541,Tunis,Clay,32,C,,20180422,17,BG23,,,Nikoloz Basilashvili,R,185,GEO,26.16,80,700,P09Z,,,Alexei Popyrin,R,196,AUS,18.713,423,90,7-5 6-4,3,R16,78,1,5,64,39,26,14,11,2,4,7,5,68,32,23,15,11,2,6
2018-1541,Tunis,Clay,32,C,,20180422,18,F586,5,,Thomas Fabbiano,R,173,ITA,28.906,103,586,J620,,,Maxime Janvier,R,196,FRA,21.509,285,175,3-6 7-6(5) 6-3,3,R16,158,0,5,110,76,50,13,16,9,14,7,5,114,60,41,22,14,6,10
2018-1541,Tunis,Clay,32,C,,20180422,19,G676,,,Daniel Gimeno-Traver,R,183,ESP,32.706,272,189,E698,6,,Gastao Elias,R,180,POR,27.409,110,511,4-6 6-3 7-6(2),3,R16,150,0,8,102,62,38,17,15,3,10,2,10,99,48,29,20,16,6,14
2018-1541,Tunis,Clay,32,C,,20180422,20,S483,7,,Pedro Sousa,R,180,POR,29.903,119,467,Z254,,,Jurgen Zopp,R,191,EST,30.064,137,408,6-2 6-2,3,R16,59,0,3,53,39,26,7,8,3,4,1,5,42,24,14,5,8,0,5
2018-1541,Tunis,Clay,32,C,,20180422,21,A887,,,Guido Andreozzi,R,183,ARG,26.713,161,346,GC89,,,Egor Gerasimov,R,196,BLR,25.443,204,279,6-4 6-3,3,R16,90,3,2,62,44,30,10,9,5,6,2,0,62,40,23,11,10,3,7
2018-1541,Tunis,Clay,32,C,,20180422,22,D985,,,Joao Domingues,R,,POR,24.545,205,279,KC04,,,Jozef Kovalik,R,183,SVK,25.462,152,379,6-4 7-5,3,R16,104,1,1,62,44,33,9,11,4,6,1,1,80,51,30,16,11,8,12
2018-1541,Tunis,Clay,32,C,,20180422,23,MW02,,,Corentin Moutet,L,180,FRA,19.009,148,384,MN20,,,Daniel Masur,R,183,GER,23.458,404,98,6-1 4-6 6-3,3,R16,123,1,7,104,86,54,6,13,10,13,1,5,81,52,31,11,13,3,9
2018-1541,Tunis,Clay,32,C,,20180422,24,R685,,,Lukas Rosol,R,193,CZE,32.745,284,177,BM95,,,Benjamin Bonzi,R,183,FRA,21.867,203,280,6-4 3-6 6-3,3,R16,120,2,5,107,71,44,17,14,9,13,5,2,93,60,34,18,14,7,12
2018-1541,Tunis,Clay,32,C,,20180422,25,A887,,,Guido Andreozzi,R,183,ARG,26.713,161,346,BG23,,,Nikoloz Basilashvili,R,185,GEO,26.16,80,700,6-1 6-2,3,QF,73,1,2,58,39,30,8,8,6,6,0,1,43,24,14,6,7,5,9
2018-1541,Tunis,Clay,32,C,,20180422,26,F586,5,,Thomas Fabbiano,R,173,ITA,28.906,103,586,MW02,,,Corentin Moutet,L,180,FRA,19.009,148,384,7-5 6-2,3,QF,87,0,0,62,49,34,7,10,1,2,0,1,55,38,23,10,10,3,7
2018-1541,Tunis,Clay,32,C,,20180422,27,D985,,,Joao Domingues,R,,POR,24.545,205,279,S483,7,,Pedro Sousa,R,180,POR,29.903,119,467,4-6 3-1 RET,3,QF,63,0,0,39,29,21,7,7,1,2,0,0,48,40,24,6,7,4,5
2018-1541,Tunis,Clay,32,C,,20180422,28,G676,,,Daniel Gimeno-Traver,R,183,ESP,32.706,272,189,R685,,,Lukas Rosol,R,193,CZE,32.745,284,177,6-1 6-2,3,QF,55,1,1,49,35,26,10,8,5,5,1,4,45,25,15,5,7,5,9
2018-1541,Tunis,Clay,32,C,,20180422,29,G676,,,Daniel Gimeno-Traver,R,183,ESP,32.706,272,189,F586,5,,Thomas Fabbiano,R,173,ITA,28.906,103,586,6-1 6-4,3,SF,69,0,3,55,43,27,6,9,1,3,0,2,51,33,23,2,8,4,9
2018-1541,Tunis,Clay,32,C,,20180422,30,A887,,,Guido Andreozzi,R,183,ARG,26.713,161,346,D985,,,Joao Domingues,R,,POR,24.545,205,279,5-7 7-5 6-3,3,SF,188,2,3,110,66,44,21,16,11,15,2,4,126,69,42,30,17,18,24
2018-1541,Tunis,Clay,32,C,,20180422,31,A887,,,Guido Andreozzi,R,183,ARG,26.713,161,346,G676,,,Daniel Gimeno-Traver,R,183,ESP,32.706,272,189,6-2 3-0 RET,3,F,54,2,0,30,21,18,5,5,3,3,1,2,37,25,13,3,6,4,8
2018-5069,Sarasota,Clay,32,C,,20180422,1,CC32,,,Guilherme Clezar,R,180,BRA,25.306,241,222,DA81,1,,Taro Daniel,R,191,JPN,25.232,113,501,3-6 6-2 6-4,3,R32,144,2,1,85,60,40,12,14,8,12,3,5,99,51,33,19,13,10,15
2018-5069,Sarasota,Clay,32,C,,20180422,2,PB22,2,,Peter Polansky,R,183,CAN,29.851,124,448,A941,,,Facundo Arguello,R,178,ARG,25.714,253,202,6-4 2-6 4-1 RET,3,R32,122,5,3,68,43,27,12,11,3,6,0,3,89,61,37,14,12,6,10
2018-5069,Sarasota,Clay,32,C,,20180422,3,Y124,3,,Donald Young,L,183,USA,28.747,131,426,CE77,,,Federico Coria,R,180,ARG,26.119,361,125,6-4 7-6(7),3,R32,113,0,4,80,48,34,16,11,7,9,2,4,96,69,43,13,11,8,11
2018-5069,Sarasota,Clay,32,C,,20180422,4,CI14,,,Jay Clarke,R,183,GBR,19.737,236,231,MK66,,,Mackenzie McDonald,R,178,USA,23.017,142,395,3-6 6-3 6-2,3,R32,116,3,4,78,52,32,16,13,5,8,1,2,83,58,33,11,13,4,9
2018-5069,Sarasota,Clay,32,C,,20180422,5,L949,5,,Henri Laaksonen,R,185,SUI,26.059,136,409,D499,,,Frank Dancevic,R,185,CAN,33.569,328,144,2-6 7-5 6-0,3,R32,106,6,5,84,60,39,8,13,8,13,0,4,91,53,26,18,13,7,14
2018-5069,Sarasota,Clay,32,C,,20180422,6,BD20,6,,Thomaz Bellucci,L,188,BRA,30.311,224,244,AB71,,,JC Aragone,R,178,USA,22.817,334,140,6-4 6-1,3,R32,78,2,2,57,33,24,15,9,2,3,1,1,55,33,15,11,8,2,6
2018-5069,Sarasota,Clay,32,C,,20180422,7,MP01,7,,Michael Mmoh,R,188,USA,20.279,151,380,K0AH,,,Sebastian Korda,R,196,USA,17.796,862,16,6-2 6-4,3,R32,73,0,3,48,30,24,11,9,1,2,3,4,57,36,19,13,9,3,7
2018-5069,Sarasota,Clay,32,C,,20180422,8,RA51,8,,Blaz Rola,L,193,SLO,27.546,166,335,A622,,,Andrea Arnaboldi,L,180,ITA,30.319,222,249,3-6 7-6(6) 6-3,3,R32,153,8,3,105,63,40,27,16,9,12,1,3,102,61,39,22,14,6,8
2018-5069,Sarasota,Clay,32,C,,20180422,9,BF23,,,Facundo Bagnis,L,183,ARG,28.148,223,247,CH12,,,Jan Choinski,R,196,GBR,21.864,234,233,6-2 6-4,3,R32,87,4,3,55,33,22,12,9,3,5,1,2,61,39,19,11,9,4,9
2018-5069,Sarasota,Clay,32,C,,20180422,10,DA31,,,Hugo Dellien,R,180,BOL,24.849,231,237,GD64,,,Cristian Garin,R,185,CHI,21.895,216,256,6-1 3-2 RET,3,R32,44,2,3,40,26,18,6,6,4,6,0,3,31,17,5,4,6,1,6
2018-5069,Sarasota,Clay,32,C,,20180422,11,KB37,,,Evan King,L,185,USA,26.075,192,303,Z0AK,,,Tyler Zink,R,185,USA,17.224,,,7-5 6-1,3,R32,,,,,,,,,,,,,,,,,,,
2018-5069,Sarasota,Clay,32,C,,20180422,12,KE64,,,Stefan Kozlov,R,183,USA,20.219,170,325,KC12,,,Mitchell Krueger,R,188,USA,24.274,219,252,6-4 6-3,3,R32,99,1,2,70,43,29,14,9,4,6,0,3,54,41,23,5,10,3,8
2018-5069,Sarasota,Clay,32,C,,20180422,13,LB84,,,Juan Ignacio Londero,R,180,ARG,24.684,218,255,HB05,,,Christian Harrison,R,180,USA,23.899,235,231,6-4 6-1,3,R32,70,3,0,45,34,24,6,8,2,3,1,2,56,26,16,11,9,1,6
2018-5069,Sarasota,Clay,32,C,,20180422,14,O522,,,Reilly Opelka,R,211,USA,20.649,211,268,KI95,,,Miomir Kecmanovic,R,183,SRB,18.642,197,292,4-6 7-6(5) 7-5,3,R32,124,14,7,111,64,50,24,17,5,7,7,5,90,45,40,26,17,3,5
2018-5069,Sarasota,Clay,32,C,,20180422,15,PG94,,,Marc Polmans,R,188,AUS,20.972,209,272,U120,,,Kaichi Uchida,R,180,JPN,23.663,296,167,6-2 6-1,3,R32,55,1,4,35,17,15,10,7,0,1,1,2,44,21,9,9,8,0,6
2018-5069,Sarasota,Clay,32,C,,20180422,16,SQ80,,,Akira Santillan,R,180,AUS,20.917,168,331,KE73,,,Dominik Koepfer,L,180,GER,23.981,230,241,6-3 3-6 6-2,3,R32,104,5,2,86,58,36,15,13,4,8,0,9,87,54,35,10,13,7,13
2018-5069,Sarasota,Clay,32,C,,20180422,17,LB84,,,Juan Ignacio Londero,R,180,ARG,24.684,218,255,PB22,2,,Peter Polansky,R,183,CAN,29.851,124,448,6-4 6-3,3,R16,90,5,1,70,52,34,11,10,4,6,1,4,62,36,25,9,9,5,9
2018-5069,Sarasota,Clay,32,C,,20180422,18,KE64,,,Stefan Kozlov,R,183,USA,20.219,170,325,Y124,3,,Donald Young,L,183,USA,28.747,131,426,6-4 6-4,3,R16,85,0,5,62,36,24,15,10,1,3,1,5,58,37,25,8,10,3,7
2018-5069,Sarasota,Clay,32,C,,20180422,19,L949,5,,Henri Laaksonen,R,185,SUI,26.059,136,409,PG94,,,Marc Polmans,R,188,AUS,20.972,209,272,6-2 6-4,3,R16,83,3,3,67,41,29,13,9,5,6,2,3,51,25,15,13,9,3,7
2018-5069,Sarasota,Clay,32,C,,20180422,20,BF23,,,Facundo Bagnis,L,183,ARG,28.148,223,247,BD20,6,,Thomaz Bellucci,L,188,BRA,30.311,224,244,3-6 6-4 7-5,3,R16,149,4,7,94,52,31,24,16,9,14,1,10,104,58,41,16,15,11,16
2018-5069,Sarasota,Clay,32,C,,20180422,21,DA31,,,Hugo Dellien,R,180,BOL,24.849,231,237,MP01,7,,Michael Mmoh,R,188,USA,20.279,151,380,6-3 6-3,3,R16,75,3,0,48,35,28,8,9,0,1,1,3,54,37,21,7,9,1,5
2018-5069,Sarasota,Clay,32,C,,20180422,22,O522,,,Reilly Opelka,R,211,USA,20.649,211,268,RA51,8,,Blaz Rola,L,193,SLO,27.546,166,335,7-6(6) 6-3,3,R16,83,13,5,75,42,36,17,11,2,2,5,2,62,44,30,13,10,0,1
2018-5069,Sarasota,Clay,32,C,,20180422,23,CI14,,,Jay Clarke,R,183,GBR,19.737,236,231,SQ80,,,Akira Santillan,R,180,AUS,20.917,168,331,6-7(2) 6-4 7-6(1),3,R16,176,1,11,147,98,67,20,17,14,17,1,2,112,77,48,19,17,4,8
2018-5069,Sarasota,Clay,32,C,,20180422,24,CC32,,,Guilherme Clezar,R,180,BRA,25.306,241,222,KB37,,,Evan King,L,185,USA,26.075,192,303,7-6(5) 3-6 6-2,3,R16,143,6,4,83,53,37,15,14,3,6,17,2,102,67,49,13,15,8,12
2018-5069,Sarasota,Clay,32,C,,20180422,25,LB84,,,Juan Ignacio Londero,R,180,ARG,24.684,218,255,L949,5,,Henri Laaksonen,R,185,SUI,26.059,136,409,6-1 6-0,3,QF,49,0,2,40,22,18,12,7,0,0,4,1,38,22,10,5,6,4,9
2018-5069,Sarasota,Clay,32,C,,20180422,26,BF23,,,Facundo Bagnis,L,183,ARG,28.148,223,247,CI14,,,Jay Clarke,R,183,GBR,19.737,236,231,7-6(4) 6-4,3,QF,119,1,1,80,50,37,16,11,5,6,1,2,77,51,32,15,11,5,7
2018-5069,Sarasota,Clay,32,C,,20180422,27,DA31,,,Hugo Dellien,R,180,BOL,24.849,231,237,KE64,,,Stefan Kozlov,R,183,USA,20.219,170,325,5-7 6-1 7-6(6),3,QF,151,2,4,105,73,37,19,16,12,20,2,10,111,82,41,11,15,12,21
2018-5069,Sarasota,Clay,32,C,,20180422,28,O522,,,Reilly Opelka,R,211,USA,20.649,211,268,CC32,,,Guilherme Clezar,R,180,BRA,25.306,241,222,5-7 6-4 6-4,3,QF,134,17,8,109,62,48,21,16,7,9,5,4,89,62,43,18,16,6,9
2018-5069,Sarasota,Clay,32,C,,20180422,29,BF23,,,Facundo Bagnis,L,183,ARG,28.148,223,247,O522,,,Reilly Opelka,R,211,USA,20.649,211,268,5-2 RET,3,SF,23,4,1,20,15,13,3,4,0,0,3,0,23,14,9,3,3,2,3
2018-5069,Sarasota,Clay,32,C,,20180422,30,DA31,,,Hugo Dellien,R,180,BOL,24.849,231,237,LB84,,,Juan Ignacio Londero,R,180,ARG,24.684,218,255,6-3 6-3,3,SF,71,2,3,51,36,28,7,9,2,3,0,1,53,34,20,8,9,2,6
2018-5069,Sarasota,Clay,32,C,,20180422,31,DA31,,,Hugo Dellien,R,180,BOL,24.849,231,237,BF23,,,Facundo Bagnis,L,183,ARG,28.148,223,247,2-6 6-4 6-2,3,F,117,5,2,79,55,33,10,13,4,9,3,1,77,53,36,8,13,2,8
2018-6284,Guadalajara,Hard,32,C,,20180422,1,MB53,1,,Adrian Menendez-Maceiras,R,183,ESP,32.482,156,374,MN44,,,Bradley Mousley,R,188,AUS,22.3,279,182,6-7(5) 6-2 7-5,3,R32,143,8,5,91,58,50,19,16,3,4,15,9,109,56,42,26,16,6,10
2018-6284,Guadalajara,Hard,32,C,,20180422,2,MJ71,2,,Mats Moraing,L,198,GER,25.837,158,355,Z419,,,Bernabe Zapata Miralles,R,183,ESP,21.273,283,178,6-1 7-6(1),3,R32,65,14,4,59,34,33,9,9,2,3,0,2,58,44,25,5,10,0,4
2018-6284,Guadalajara,Hard,32,C,,20180422,3,KD70,,,Pedja Krstin,R,183,SRB,23.633,232,234,N674,3,,Dennis Novikov,R,193,USA,24.457,167,334,7-6(3) 6-3,3,R32,82,13,8,83,50,38,18,11,10,11,19,3,66,36,27,14,10,5,7
2018-6284,Guadalajara,Hard,32,C,,20180422,4,PF65,4,,Filip Peliwo,R,180,POL,24.225,180,314,PE42,,,Luis Patino,R,183,MEX,24.542,803,20,6-4 7-6(7),3,R32,109,3,5,76,45,29,14,11,2,7,1,3,84,44,28,17,11,10,16
2018-6284,Guadalajara,Hard,32,C,,20180422,5,SP24,,,Brayden Schnur,R,193,CAN,22.801,199,286,KB14,5,,Kevin King,L,191,USA,27.146,172,322,2-6 6-3 6-3,3,R32,99,0,2,73,46,37,12,13,5,7,8,14,72,28,23,25,13,4,7
2018-6284,Guadalajara,Hard,32,C,,20180422,6,A853,6,,Marcelo Arevalo,R,191,ESA,27.513,181,313,GB53,,,Federico Gaio,R,178,ITA,26.13,320,149,6-1 6-4,3,R32,59,3,1,41,29,27,5,9,0,1,1,5,47,21,15,11,8,3,7
2018-6284,Guadalajara,Hard,32,C,,20180422,7,E224,7,,Victor Estrella Burgos,R,170,DOM,37.719,171,324,SF41,,,Aldin Setkic,R,191,BIH,30.335,227,243,6-4 6-2,3,R32,69,7,3,49,28,24,10,9,0,1,11,7,64,36,24,11,9,4,8
2018-6284,Guadalajara,Hard,32,C,,20180422,8,KC86,8,,Darian King,R,188,BAR,25.988,179,314,Q941,,,Roberto Quiroz,L,193,ECU,26.16,280,180,3-6 6-3 6-3,3,R32,95,4,6,88,52,37,17,14,7,11,8,4,80,55,36,8,13,5,10
2018-6284,Guadalajara,Hard,32,C,,20180422,9,E661,,,Gonzalo Escobar,L,178,ECU,29.251,371,119,SG64,,,Joao Souza,R,193,BRA,29.903,305,161,2-6 6-3 7-5,3,R32,122,2,5,95,68,46,10,15,5,9,8,1,79,47,35,13,14,0,4
2018-6284,Guadalajara,Hard,32,C,,20180422,10,E865,,,Christopher Eubanks,R,201,USA,21.963,290,170,LG87,,,Gerardo Lopez Villasenor,R,191,MEX,22.946,1019,9,6-1 3-6 7-6(5),3,R32,109,29,6,88,60,49,12,14,4,6,4,2,95,65,45,15,14,5,8
2018-6284,Guadalajara,Hard,32,C,,20180422,11,H896,,,Jose Hernandez-Fernandez,R,183,DOM,28.11,263,196,G725,,,Santiago Giraldo,R,188,COL,30.401,293,168,2-6 6-3 4-1 RET,3,R32,107,2,6,94,68,43,11,11,13,16,4,6,71,38,26,13,11,4,8
2018-6284,Guadalajara,Hard,32,C,,20180422,12,PC78,,,Ante Pavic,R,196,CRO,29.125,288,173,LD26,,,Edan Leshem,R,183,ISR,21.092,299,163,7-5 5-7 6-3,3,R32,149,10,7,111,59,45,24,17,6,10,5,10,101,46,31,27,16,5,10
2018-6284,Guadalajara,Hard,32,C,,20180422,13,PE02,,,Danilo Petrovic,R,203,SRB,26.242,246,207,H917,,,Tigre Hank,L,188,MEX,26.56,973,11,6-4 7-5,3,R32,76,9,3,67,44,37,11,11,0,0,8,1,71,43,31,15,11,4,6
2018-6284,Guadalajara,Hard,32,C,,20180422,14,SI82,,,Manuel Sanchez,R,,MEX,27.294,640,39,W503,,,James Ward,R,188,GBR,31.198,798,20,6-4 6-7(8) 6-3,3,R32,147,14,6,97,58,47,26,16,6,6,22,9,134,81,58,23,15,10,12
2018-6284,Guadalajara,Hard,32,C,,20180422,15,SL07,,,Alexander Sarkissian,R,191,USA,28.052,262,196,HB67,,,Christopher Heyman,L,188,BEL,24.537,269,192,6-4 7-6(5),3,R32,85,15,1,60,41,36,14,11,0,0,6,4,80,35,24,28,11,2,3
2018-6284,Guadalajara,Hard,32,C,,20180422,16,SJ55,,,John-Patrick Smith,L,188,AUS,29.24,238,228,GE33,,,Daniel Elahi Galan,R,191,COL,21.843,233,233,6-2 6-7(5) 6-1,3,R32,112,3,4,96,69,52,13,14,7,8,6,2,89,57,43,10,13,5,10
2018-6284,Guadalajara,Hard,32,C,,20180422,17,PE02,,,Danilo Petrovic,R,203,SRB,26.242,246,207,MB53,1,,Adrian Menendez-Maceiras,R,183,ESP,32.482,156,374,6-2 7-5,3,R16,95,8,4,63,38,31,13,10,3,3,2,1,64,30,21,17,10,7,10
2018-6284,Guadalajara,Hard,32,C,,20180422,18,MJ71,2,,Mats Moraing,L,198,GER,25.837,158,355,E661,,,Gonzalo Escobar,L,178,ECU,29.251,371,119,2-6 7-5 6-2,3,R16,92,15,6,77,40,36,19,14,2,4,4,1,77,64,45,6,14,5,8
2018-6284,Guadalajara,Hard,32,C,,20180422,19,SJ55,,,John-Patrick Smith,L,188,AUS,29.24,238,228,PF65,4,,Filip Peliwo,R,180,POL,24.225,180,314,3-6 6-1 6-2,3,R16,92,3,2,73,53,34,12,12,0,3,4,8,75,38,24,15,12,4,10
2018-6284,Guadalajara,Hard,32,C,,20180422,20,A853,6,,Marcelo Arevalo,R,191,ESA,27.513,181,313,SL07,,,Alexander Sarkissian,R,191,USA,28.052,262,196,6-3 6-3,3,R16,56,3,1,46,37,30,7,9,1,1,4,0,47,32,19,10,9,2,5
2018-6284,Guadalajara,Hard,32,C,,20180422,21,E865,,,Christopher Eubanks,R,201,USA,21.963,290,170,E224,7,,Victor Estrella Burgos,R,170,DOM,37.719,171,324,7-6(5) 7-6(6),3,R16,89,15,4,81,51,37,21,12,2,3,4,4,80,59,42,14,12,3,4
2018-6284,Guadalajara,Hard,32,C,,20180422,22,KC86,8,,Darian King,R,188,BAR,25.988,179,314,PC78,,,Ante Pavic,R,196,CRO,29.125,288,173,6-3 2-6 6-4,3,R16,117,5,3,91,56,45,13,14,5,7,9,8,94,57,41,16,13,4,6
2018-6284,Guadalajara,Hard,32,C,,20180422,23,KD70,,,Pedja Krstin,R,183,SRB,23.633,232,234,SI82,,,Manuel Sanchez,R,,MEX,27.294,640,39,6-3 6-1,3,R16,54,2,0,42,26,19,10,8,0,1,6,9,44,22,14,5,8,2,7
2018-6284,Guadalajara,Hard,32,C,,20180422,24,SP24,,,Brayden Schnur,R,193,CAN,22.801,199,286,H896,,,Jose Hernandez-Fernandez,R,183,DOM,28.11,263,196,7-5 4-6 7-6(5),3,R16,151,12,7,119,81,60,20,17,8,10,7,4,104,81,61,9,17,5,7
2018-6284,Guadalajara,Hard,32,C,,20180422,25,SP24,,,Brayden Schnur,R,193,CAN,22.801,199,286,MJ71,2,,Mats Moraing,L,198,GER,25.837,158,355,6-3 7-6(4),3,QF,81,11,4,75,54,46,10,11,5,5,18,7,61,36,30,14,10,2,3
2018-6284,Guadalajara,Hard,32,C,,20180422,26,A853,6,,Marcelo Arevalo,R,191,ESA,27.513,181,313,SJ55,,,John-Patrick Smith,L,188,AUS,29.24,238,228,7-6(4) 3-6 6-3,3,QF,118,10,5,90,62,50,12,15,4,6,3,6,108,84,59,9,15,7,9
2018-6284,Guadalajara,Hard,32,C,,20180422,27,KD70,,,Pedja Krstin,R,183,SRB,23.633,232,234,KC86,8,,Darian King,R,188,BAR,25.988,179,314,6-2 1-6 6-2,3,QF,105,4,4,64,37,28,13,11,3,6,5,10,79,39,25,18,12,6,11
2018-6284,Guadalajara,Hard,32,C,,20180422,28,E865,,,Christopher Eubanks,R,201,USA,21.963,290,170,PE02,,,Danilo Petrovic,R,203,SRB,26.242,246,207,6-4 6-4,3,QF,74,16,2,49,33,30,10,10,0,0,13,9,90,48,40,13,10,12,14
2018-6284,Guadalajara,Hard,32,C,,20180422,29,A853,6,,Marcelo Arevalo,R,191,ESA,27.513,181,313,SP24,,,Brayden Schnur,R,193,CAN,22.801,199,286,6-3 2-0 RET,3,SF,49,6,3,45,28,24,6,6,2,2,2,2,34,21,13,7,5,1,3
2018-6284,Guadalajara,Hard,32,C,,20180422,30,E865,,,Christopher Eubanks,R,201,USA,21.963,290,170,KD70,,,Pedja Krstin,R,183,SRB,23.633,232,234,6-2 7-6(5),3,SF,62,18,6,57,30,29,15,10,2,3,7,5,60,31,24,14,10,1,4
2018-6284,Guadalajara,Hard,32,C,,20180422,31,A853,6,,Marcelo Arevalo,R,191,ESA,27.513,181,313,E865,,,Christopher Eubanks,R,201,USA,21.963,290,170,6-4 5-7 7-6(4),3,F,120,7,2,100,69,55,20,17,4,5,18,10,98,62,53,20,17,4,5
2018-7027,Nanchang,Clay,32,C,,20180422,1,D864,1,,Evgeny Donskoy,R,185,RUS,27.953,87,673,HB59,,,Yecong He,R,180,CHN,24.181,627,41,6-2 6-2,3,R32,61,3,0,46,33,26,8,8,1,1,0,1,54,39,22,6,8,4,8
2018-7027,Nanchang,Clay,32,C,,20180422,2,TC61,2,,Jordan Thompson,R,183,AUS,24.005,99,611,LE01,,,Duckhee Lee,R,170,KOR,19.899,214,262,6-2 6-1,3,R32,73,1,2,42,24,21,12,8,0,0,1,1,51,30,15,10,7,4,8
2018-7027,Nanchang,Clay,32,C,,20180422,3,HB64,3,,Quentin Halys,R,191,FRA,21.487,118,469,SK47,,,Mohamed Safwat,R,180,EGY,27.589,226,243,7-6(5) 6-4,3,R32,103,6,5,76,37,28,22,11,5,7,2,2,89,47,28,23,11,6,9
2018-7027,Nanchang,Clay,32,C,,20180422,4,RB56,4,,Ramkumar Ramanathan,R,188,IND,23.452,116,489,WB32,,,Yibing Wu,R,183,CHN,18.522,337,139,4-6 6-2 6-3,3,R32,104,4,2,76,46,30,19,13,3,5,5,3,79,44,29,16,14,3,8
2018-7027,Nanchang,Clay,32,C,,20180422,5,HB48,5,,Calvin Hemery,R,191,FRA,23.231,130,429,W630,,,Andrew Whittington,R,188,AUS,24.695,273,188,7-5 6-3,3,R32,82,6,5,76,52,40,12,11,8,9,2,4,61,35,26,12,10,3,6
2018-7027,Nanchang,Clay,32,C,,20180422,6,O340,,,Roberto Ortega-Olmedo,R,168,ESP,26.979,319,150,SC47,6,,Go Soeda,R,178,JPN,33.626,138,408,6-4 7-6(4),3,R32,93,2,5,72,44,35,13,11,2,4,1,1,67,34,25,16,11,1,4
2018-7027,Nanchang,Clay,32,C,,20180422,7,CH90,,,Yun seong Chung,R,178,KOR,20.071,520,62,I230,7,,Tatsuma Ito,R,180,JPN,29.927,146,386,6-4 7-6(1),3,R32,90,5,1,66,41,32,14,11,3,5,1,1,70,43,29,11,11,4,7
2018-7027,Nanchang,Clay,32,C,,20180422,8,BI81,8,,Alex Bolt,L,183,AUS,25.292,177,316,KF17,,,Soonwoo Kwon,R,180,KOR,20.386,208,272,6-2 6-3,3,R32,63,3,0,61,45,30,12,9,4,4,1,4,49,30,20,8,8,5,8
2018-7027,Nanchang,Clay,32,C,,20180422,9,E768,,,Antoine Escoffier,R,185,FRA,26.144,369,120,X015,,,Zihao Xia,R,,CHN,21.224,801,20,6-4 6-2,3,R32,81,1,2,52,28,21,14,9,1,2,0,2,77,50,26,13,9,12,16
2018-7027,Nanchang,Clay,32,C,,20180422,10,G820,,,Xin Gao,R,180,CHN,23.945,598,47,L733,,,Zhe Li,R,183,CHN,31.587,333,141,6-3 RET,3,R32,36,2,0,28,11,9,8,4,3,4,1,2,30,14,8,5,5,0,3
2018-7027,Nanchang,Clay,32,C,,20180422,11,GF95,,,Hugo Grenier,R,196,FRA,22.081,386,106,MQ75,,,Kamil Majchrzak,R,183,POL,22.272,229,242,7-5 6-2,3,R32,93,3,6,72,35,26,16,10,11,13,1,2,63,36,19,11,10,6,11
2018-7027,Nanchang,Clay,32,C,,20180422,12,GA94,,,Prajnesh Gunneswaran,L,188,IND,28.441,266,193,I306,,,Cem Ilkel,R,185,TUR,22.669,244,215,6-4 6-4,3,R32,83,6,1,68,38,28,20,10,5,5,4,6,65,29,20,20,10,3,5
2018-7027,Nanchang,Clay,32,C,,20180422,13,N503,,,Aleksandr Nedovyesov,R,188,KAZ,31.181,242,221,HG86,,,Lloyd Harris,R,193,RSA,21.155,240,223,6-4 6-2,3,R32,63,0,1,54,38,29,9,9,2,3,2,1,54,29,20,9,9,3,7
2018-7027,Nanchang,Clay,32,C,,20180422,14,SN77,,,Vaclav Safranek,R,183,CZE,23.923,257,199,W571,,,Di Wu,R,173,CHN,26.604,249,204,7-6(6) 6-2,3,R32,77,3,0,72,41,28,20,10,3,4,2,0,68,43,23,18,10,6,9
2018-7027,Nanchang,Clay,32,C,,20180422,15,MP13,,,Mukund Sasikumar,R,185,IND,21.268,514,63,Z272,,,Ze Zhang,R,188,CHN,27.8,248,205,6-4 6-4,3,R32,77,2,1,75,49,35,9,10,4,6,0,3,52,38,25,5,10,2,6
2018-7027,Nanchang,Clay,32,C,,20180422,16,T982,,,Tsung-Hua Yang,R,178,TPE,27.066,254,202,GA71,,,Laurynas Grigelis,R,183,LTU,26.689,251,203,0-6 7-6(5) 6-3,3,R32,146,2,7,113,58,39,27,13,13,17,3,7,95,49,37,23,14,2,5
2018-7027,Nanchang,Clay,32,C,,20180422,17,D864,1,,Evgeny Donskoy,R,185,RUS,27.953,87,673,T982,,,Tsung-Hua Yang,R,178,TPE,27.066,254,202,6-7(2) 6-3 7-6(3),3,R16,150,3,3,114,68,50,23,17,7,11,8,5,106,51,37,25,16,5,10
2018-7027,Nanchang,Clay,32,C,,20180422,18,TC61,2,,Jordan Thompson,R,183,AUS,24.005,99,611,GF95,,,Hugo Grenier,R,196,FRA,22.081,386,106,6-1 6-4,3,R16,79,1,6,53,37,27,6,9,1,3,3,1,52,30,15,10,8,4,9
2018-7027,Nanchang,Clay,32,C,,20180422,19,HB64,3,,Quentin Halys,R,191,FRA,21.487,118,469,G820,,,Xin Gao,R,180,CHN,23.945,598,47,6-2 6-1,3,R16,50,7,3,42,28,24,9,8,0,0,2,1,45,25,10,10,7,2,6
2018-7027,Nanchang,Clay,32,C,,20180422,20,RB56,4,,Ramkumar Ramanathan,R,188,IND,23.452,116,489,SN77,,,Vaclav Safranek,R,183,CZE,23.923,257,199,7-5 6-1,3,R16,64,8,1,58,36,27,14,10,0,1,0,1,51,39,21,6,9,2,6
2018-7027,Nanchang,Clay,32,C,,20180422,21,HB48,5,,Calvin Hemery,R,191,FRA,23.231,130,429,E768,,,Antoine Escoffier,R,185,FRA,26.144,369,120,6-4 6-1,3,R16,69,1,2,54,34,27,11,9,1,2,3,1,53,32,18,8,8,4,8
2018-7027,Nanchang,Clay,32,C,,20180422,22,GA94,,,Prajnesh Gunneswaran,L,188,IND,28.441,266,193,BI81,8,,Alex Bolt,L,183,AUS,25.292,177,316,7-6(5) 6-1,3,R16,71,7,1,68,44,35,13,10,4,4,2,4,58,33,25,10,9,1,3
2018-7027,Nanchang,Clay,32,C,,20180422,23,N503,,,Aleksandr Nedovyesov,R,188,KAZ,31.181,242,221,CH90,,,Yun seong Chung,R,178,KOR,20.071,520,62,6-4 6-2,3,R16,61,0,2,43,27,19,10,9,0,2,0,2,48,27,15,7,9,5,10
2018-7027,Nanchang,Clay,32,C,,20180422,24,O340,,,Roberto Ortega-Olmedo,R,168,ESP,26.979,319,150,MP13,,,Mukund Sasikumar,R,185,IND,21.268,514,63,6-4 6-2,3,R16,87,0,2,78,42,22,25,9,9,10,0,2,66,35,22,12,9,10,14
2018-7027,Nanchang,Clay,32,C,,20180422,25,HB48,5,,Calvin Hemery,R,191,FRA,23.231,130,429,D864,1,,Evgeny Donskoy,R,185,RUS,27.953,87,673,6-3 6-3,3,QF,56,6,2,47,32,26,12,9,0,0,3,1,48,30,23,7,9,1,4
2018-7027,Nanchang,Clay,32,C,,20180422,26,TC61,2,,Jordan Thompson,R,183,AUS,24.005,99,611,O340,,,Roberto Ortega-Olmedo,R,168,ESP,26.979,319,150,4-6 6-2 6-2,3,QF,126,3,2,89,64,47,11,13,5,6,2,1,83,43,29,19,13,2,6
2018-7027,Nanchang,Clay,32,C,,20180422,27,HB64,3,,Quentin Halys,R,191,FRA,21.487,118,469,GA94,,,Prajnesh Gunneswaran,L,188,IND,28.441,266,193,6-4 6-3,3,QF,69,8,2,55,30,25,15,10,1,2,2,4,69,39,26,12,9,3,6
2018-7027,Nanchang,Clay,32,C,,20180422,28,N503,,,Aleksandr Nedovyesov,R,188,KAZ,31.181,242,221,RB56,4,,Ramkumar Ramanathan,R,188,IND,23.452,116,489,6-2 7-5,3,QF,89,3,0,52,36,29,11,10,0,0,7,0,77,44,30,14,10,6,9
2018-7027,Nanchang,Clay,32,C,,20180422,29,HB64,3,,Quentin Halys,R,191,FRA,21.487,118,469,TC61,2,,Jordan Thompson,R,183,AUS,24.005,99,611,6-1 6-3,3,SF,71,8,2,46,29,23,11,8,1,1,1,2,65,52,28,5,8,7,11
2018-7027,Nanchang,Clay,32,C,,20180422,30,HB48,5,,Calvin Hemery,R,191,FRA,23.231,130,429,N503,,,Aleksandr Nedovyesov,R,188,KAZ,31.181,242,221,6-3 6-4,3,SF,68,8,4,58,36,28,9,10,2,4,2,1,48,28,19,7,9,1,5
2018-7027,Nanchang,Clay,32,C,,20180422,31,HB64,3,,Quentin Halys,R,191,FRA,21.487,118,469,HB48,5,,Calvin Hemery,R,191,FRA,23.231,130,429,6-3 6-2,3,F,61,8,4,55,28,24,15,9,4,4,6,4,48,29,17,9,8,1,4
2018-692,Tallahassee,Clay,32,C,,20180428,1,KB09,1,,Denis Kudla,R,180,USA,25.695,120,471,BF23,,,Facundo Bagnis,L,183,ARG,28.164,194,296,3-6 6-1 7-5,3,R32,118,3,2,80,43,32,24,14,2,3,5,7,100,58,42,16,14,7,10
2018-692,Tallahassee,Clay,32,C,,20180428,2,PB22,2,,Peter Polansky,R,183,CAN,29.867,124,448,SK69,,,Joao Pedro Sorgi,R,188,BRA,24.526,371,119,7-6(6) 7-6(6),3,R32,130,4,5,88,58,41,15,12,0,3,3,3,75,38,29,18,12,1,4
2018-692,Tallahassee,Clay,32,C,,20180428,3,KC12,,,Mitchell Krueger,R,188,USA,24.29,223,252,L949,3,,Henri Laaksonen,R,185,SUI,26.075,135,409,6-3 7-6(5),3,R32,106,5,5,74,45,31,15,11,2,4,4,1,80,48,29,14,10,5,8
2018-692,Tallahassee,Clay,32,C,,20180428,4,MP01,4,,Michael Mmoh,R,188,USA,20.296,144,388,HB41,,,Jared Hiltzik,R,185,USA,23.806,411,96,6-2 7-6(9),3,R32,116,2,7,80,51,34,11,10,3,7,3,0,71,44,23,10,10,3,9
2018-692,Tallahassee,Clay,32,C,,20180428,5,PG94,,,Marc Polmans,R,188,AUS,20.988,206,280,RA51,5,,Blaz Rola,L,193,SLO,27.562,170,330,6-0 6-3,3,R32,64,1,1,44,31,21,8,7,5,6,1,6,50,31,15,4,8,2,8
2018-692,Tallahassee,Clay,32,C,,20180428,6,AB71,,,JC Aragone,R,178,USA,22.834,333,140,SQ80,6,,Akira Santillan,R,180,AUS,20.934,193,299,5-7 7-6(9) 6-3,3,R32,143,6,6,119,82,53,18,17,7,12,10,4,106,67,41,19,16,4,9
2018-692,Tallahassee,Clay,32,C,,20180428,7,GD64,,,Cristian Garin,R,185,CHI,21.911,220,256,KB37,7,,Evan King,L,185,USA,26.092,185,305,6-0 6-3,3,R32,65,4,1,45,30,24,10,8,1,1,2,2,55,35,16,12,7,5,9
2018-692,Tallahassee,Clay,32,C,,20180428,8,KI95,8,,Miomir Kecmanovic,R,183,SRB,18.658,201,287,DF88,,,Aziz Dougaz,L,188,TUN,21.09,675,33,6-2 6-4,3,R32,76,0,2,64,37,28,13,9,3,4,6,4,59,39,24,6,9,5,9
2018-692,Tallahassee,Clay,32,C,,20180428,9,BD20,,,Thomaz Bellucci,L,188,BRA,30.327,222,252,T0A8,,,Danny Thomas,L,183,USA,18.431,725,27,6-1 6-2,3,R32,67,1,1,40,23,19,13,8,0,0,0,1,59,30,16,13,7,7,11
2018-692,Tallahassee,Clay,32,C,,20180428,10,CI14,,,Jay Clarke,R,183,GBR,19.754,227,247,HB05,,,Christian Harrison,R,180,USA,23.915,238,231,6-3 3-6 6-2,3,R32,131,2,2,99,56,35,24,13,9,12,0,1,82,54,33,14,13,6,11
2018-692,Tallahassee,Clay,32,C,,20180428,11,CC32,,,Guilherme Clezar,R,180,BRA,25.322,235,239,A622,,,Andrea Arnaboldi,L,180,ITA,30.335,234,241,6-2 6-4,3,R32,82,2,2,54,35,28,11,9,1,1,3,2,58,33,18,13,9,4,7
2018-692,Tallahassee,Clay,32,C,,20180428,12,CE77,,,Federico Coria,R,180,ARG,26.136,351,130,B09A,,,Trent Bryde,R,183,USA,18.678,1538,2,6-0 6-1,3,R32,47,1,1,30,18,13,11,6,0,0,1,1,49,34,12,6,7,3,9
2018-692,Tallahassee,Clay,32,C,,20180428,13,DA31,,,Hugo Dellien,R,180,BOL,24.865,172,327,LA93,,,Enrique Lopez Perez,R,180,ESP,26.902,204,283,7-5 6-2,3,R32,93,1,2,61,41,29,9,10,2,4,2,4,64,31,20,13,10,4,9
2018-692,Tallahassee,Clay,32,C,,20180428,14,LB84,,,Juan Ignacio Londero,R,180,ARG,24.701,202,286,CH12,,,Jan Choinski,R,196,GBR,21.881,236,233,1-6 6-4 6-1,3,R32,100,3,2,60,32,24,14,12,1,5,1,3,79,50,30,14,12,5,10
2018-692,Tallahassee,Clay,32,C,,20180428,15,PH71,,,Max Purcell,R,185,AUS,20.068,268,191,N732,,,Yoshihito Nishioka,L,170,JPN,22.585,365,121,6-2 3-6 7-6(6),3,R32,133,7,5,86,47,36,19,14,3,7,1,2,97,63,37,20,15,7,12
2018-692,Tallahassee,Clay,32,C,,20180428,16,RC96,,,Noah Rubin,R,175,USA,22.182,252,205,KE73,,,Dominik Koepfer,L,180,GER,23.997,233,241,7-6(3) 6-2,3,R32,98,3,3,78,46,33,12,10,3,6,4,6,75,48,28,7,10,0,5
2018-692,Tallahassee,Clay,32,C,,20180428,17,RC96,,,Noah Rubin,R,175,USA,22.182,252,205,KB09,1,,Denis Kudla,R,180,USA,25.695,120,471,6-2 6-4,3,R16,85,5,3,64,35,25,16,9,6,7,3,5,65,40,21,12,9,8,12
2018-692,Tallahassee,Clay,32,C,,20180428,18,LB84,,,Juan Ignacio Londero,R,180,ARG,24.701,202,286,PB22,2,,Peter Polansky,R,183,CAN,29.867,124,448,6-3 6-3,3,R16,75,7,0,52,33,26,12,9,4,4,1,1,65,44,26,9,9,3,6
2018-692,Tallahassee,Clay,32,C,,20180428,19,MP01,4,,Michael Mmoh,R,188,USA,20.296,144,388,CI14,,,Jay Clarke,R,183,GBR,19.754,227,247,6-2 6-3,3,R16,76,1,5,51,38,25,6,8,2,4,3,3,53,30,14,8,9,4,10
2018-692,Tallahassee,Clay,32,C,,20180428,20,BD20,,,Thomaz Bellucci,L,188,BRA,30.327,222,252,KI95,8,,Miomir Kecmanovic,R,183,SRB,18.658,201,287,6-3 6-2,3,R16,80,1,3,55,37,25,10,9,3,5,1,3,59,34,17,12,8,5,10
2018-692,Tallahassee,Clay,32,C,,20180428,21,DA31,,,Hugo Dellien,R,180,BOL,24.865,172,327,KC12,,,Mitchell Krueger,R,188,USA,24.29,223,252,6-3 6-2,3,R16,79,1,1,55,47,32,5,9,1,2,2,1,54,37,17,9,8,7,11
2018-692,Tallahassee,Clay,32,C,,20180428,22,GD64,,,Cristian Garin,R,185,CHI,21.911,220,256,CC32,,,Guilherme Clezar,R,180,BRA,25.322,235,239,6-4 6-2,3,R16,78,6,3,45,26,20,9,9,2,4,0,3,55,38,18,8,9,4,9
2018-692,Tallahassee,Clay,32,C,,20180428,23,PG94,,,Marc Polmans,R,188,AUS,20.988,206,280,CE77,,,Federico Coria,R,180,ARG,26.136,351,130,6-7(4) 6-2 3-1 RET,3,R16,143,6,8,91,49,31,20,12,5,9,0,5,91,68,35,9,12,10,17
2018-692,Tallahassee,Clay,32,C,,20180428,24,PH71,,,Max Purcell,R,185,AUS,20.068,268,191,AB71,,,JC Aragone,R,178,USA,22.834,333,140,7-6(1) 6-2,3,R16,109,9,2,73,32,24,21,10,9,11,2,3,84,49,30,14,10,11,15
2018-692,Tallahassee,Clay,32,C,,20180428,25,PG94,,,Marc Polmans,R,188,AUS,20.988,206,280,MP01,4,,Michael Mmoh,R,188,USA,20.296,144,388,5-7 6-0 7-6(0),3,QF,167,2,5,92,60,39,18,15,6,10,4,10,115,71,43,17,15,6,12
2018-692,Tallahassee,Clay,32,C,,20180428,26,DA31,,,Hugo Dellien,R,180,BOL,24.865,172,327,BD20,,,Thomaz Bellucci,L,188,BRA,30.327,222,252,7-5 7-6(2),3,QF,110,1,0,74,58,37,12,12,1,3,3,2,80,54,38,10,12,7,10
2018-692,Tallahassee,Clay,32,C,,20180428,27,PH71,,,Max Purcell,R,185,AUS,20.068,268,191,LB84,,,Juan Ignacio Londero,R,180,ARG,24.701,202,286,1-6 6-3 7-5,3,QF,113,9,4,80,31,24,23,14,2,7,1,2,83,42,29,22,14,9,14
2018-692,Tallahassee,Clay,32,C,,20180428,28,RC96,,,Noah Rubin,R,175,USA,22.182,252,205,GD64,,,Cristian Garin,R,185,CHI,21.911,220,256,6-3 6-4,3,QF,85,5,4,61,34,24,16,10,7,9,4,4,65,33,20,12,9,6,10
2018-692,Tallahassee,Clay,32,C,,20180428,29,PG94,,,Marc Polmans,R,188,AUS,20.988,206,280,PH71,,,Max Purcell,R,185,AUS,20.068,268,191,6-1 6-2,3,SF,68,0,0,49,30,23,12,8,3,3,4,1,47,25,17,4,7,2,6
2018-692,Tallahassee,Clay,32,C,,20180428,30,RC96,,,Noah Rubin,R,175,USA,22.182,252,205,DA31,,,Hugo Dellien,R,180,BOL,24.865,172,327,6-2 6-4,3,SF,72,4,2,57,39,29,9,9,1,2,0,1,58,40,21,10,9,3,7
2018-692,Tallahassee,Clay,32,C,,20180428,31,RC96,,,Noah Rubin,R,175,USA,22.182,252,205,PG94,,,Marc Polmans,R,188,AUS,20.988,206,280,6-2 3-6 6-4,3,F,127,7,1,92,57,42,20,13,4,5,5,2,87,58,43,13,14,7,10
2018-1539,Leon,Hard,32,C,,20180429,1,MB53,1,,Adrian Menendez-Maceiras,R,183,ESP,32.501,151,380,SF41,,,Aldin Setkic,R,191,BIH,30.355,241,225,7-5 7-6(2),3,R32,121,6,1,78,43,36,18,12,0,1,9,6,80,50,37,14,12,5,7
2018-1539,Leon,Hard,32,C,,20180429,2,SL07,,,Alexander Sarkissian,R,191,USA,28.071,257,202,MJ71,2,,Mats Moraing,L,198,GER,25.856,156,364,5-2 RET,3,R32,33,3,0,20,13,12,4,4,0,0,5,4,38,25,15,5,3,6,7
2018-1539,Leon,Hard,32,C,,20180429,3,N674,3,,Dennis Novikov,R,193,USA,24.476,167,334,MN44,,,Bradley Mousley,R,188,AUS,22.319,295,167,6-3 5-7 6-4,3,R32,105,18,4,94,54,47,19,16,4,5,14,2,104,56,45,22,15,8,10
2018-1539,Leon,Hard,32,C,,20180429,4,GE33,,,Daniel Elahi Galan,R,191,COL,21.862,239,228,E224,4,,Victor Estrella Burgos,R,170,DOM,37.739,168,330,6-7(5) 6-4 6-4,3,R32,136,13,2,100,68,52,21,16,4,4,3,5,93,58,41,24,16,2,4
2018-1539,Leon,Hard,32,C,,20180429,5,CF88,,,Roberto Cid Subervi,R,193,DOM,24.663,337,138,KB14,5,,Kevin King,L,191,USA,27.165,173,322,6-2 6-2,3,R32,56,1,0,40,28,24,9,8,0,0,1,2,50,33,19,8,8,6,10
2018-1539,Leon,Hard,32,C,,20180429,6,KC86,6,,Darian King,R,188,BAR,26.007,171,329,SI82,,,Manuel Sanchez,R,,MEX,27.313,605,45,6-4 7-6(5),3,R32,99,3,2,67,34,26,21,11,0,1,10,15,94,41,31,25,11,4,6
2018-1539,Leon,Hard,32,C,,20180429,7,PF65,7,,Filip Peliwo,R,180,POL,24.244,178,318,H917,,,Tigre Hank,L,188,MEX,26.579,972,11,7-5 6-4,3,R32,79,2,4,64,33,28,17,11,4,5,7,1,66,35,26,15,11,4,7
2018-1539,Leon,Hard,32,C,,20180429,8,SF89,,,Rubin Statham,R,180,NZL,31.012,357,127,A853,8,,Marcelo Arevalo,R,191,ESA,27.532,142,393,7-5 4-6 6-2,3,R32,131,9,4,85,41,33,22,15,0,2,5,5,104,69,46,15,15,8,12
2018-1539,Leon,Hard,32,C,,20180429,9,E865,,,Christopher Eubanks,R,201,USA,21.982,246,218,SK51,,,Tobias Simon,R,198,GER,26.949,426,90,7-6(6) 7-6(4),3,R32,85,15,6,78,48,43,18,12,0,1,24,7,82,46,37,21,12,2,3
2018-1539,Leon,Hard,32,C,,20180429,10,G892,,,Alejandro Gonzalez,R,191,COL,29.221,307,159,SP24,,,Brayden Schnur,R,193,CAN,22.82,199,288,6-4 6-4,3,R32,82,3,5,69,34,27,19,10,5,6,5,2,54,39,26,7,10,1,4
2018-1539,Leon,Hard,32,C,,20180429,11,H896,,,Jose Hernandez-Fernandez,R,183,DOM,28.129,261,199,PE02,,,Danilo Petrovic,R,203,SRB,26.261,247,216,6-3 4-6 6-4,3,R32,102,9,1,90,59,47,16,14,4,5,10,9,79,48,39,12,15,1,4
2018-1539,Leon,Hard,32,C,,20180429,12,HH26,,,Ugo Humbert,L,188,FRA,19.841,308,159,KD70,,,Pedja Krstin,R,183,SRB,23.652,216,263,6-3 6-5 RET,3,R32,72,14,5,51,24,21,18,10,3,4,5,10,72,30,18,23,10,7,10
2018-1539,Leon,Hard,32,C,,20180429,13,PC78,,,Ante Pavic,R,196,CRO,29.144,282,179,PE42,,,Luis Patino,R,183,MEX,24.561,805,20,6-3 6-3,3,R32,64,13,3,50,33,29,9,9,2,2,5,1,63,33,24,11,9,5,8
2018-1539,Leon,Hard,32,C,,20180429,14,Q941,,,Roberto Quiroz,L,193,ECU,26.179,280,180,G985,,,Carlos Gomez-Herrera,R,191,ESP,27.997,296,165,6-4 7-5,3,R32,91,5,2,64,41,35,12,11,2,2,5,5,81,50,33,15,11,6,8
2018-1539,Leon,Hard,32,C,,20180429,15,SJ55,,,John-Patrick Smith,L,188,AUS,29.259,228,243,LD26,,,Edan Leshem,R,183,ISR,21.112,298,163,7-6(4) 6-0,3,R32,86,1,2,55,36,30,8,9,1,2,2,6,73,42,23,14,9,9,13
2018-1539,Leon,Hard,32,C,,20180429,16,W503,,,James Ward,R,188,GBR,31.217,772,23,RC29,,,Jose Antonio Rodriguez,R,178,MEX,23.014,1472,2,6-2 6-0,3,R32,50,8,2,38,19,15,11,7,1,2,4,5,46,26,13,6,7,5,11
2018-1539,Leon,Hard,32,C,,20180429,17,SJ55,,,John-Patrick Smith,L,188,AUS,29.259,228,243,MB53,1,,Adrian Menendez-Maceiras,R,183,ESP,32.501,151,380,6-7(14) 6-4 6-3,3,R16,160,12,1,93,76,58,9,15,4,5,8,4,127,77,59,15,16,7,11
2018-1539,Leon,Hard,32,C,,20180429,18,E865,,,Christopher Eubanks,R,201,USA,21.982,246,218,N674,3,,Dennis Novikov,R,193,USA,24.476,167,334,6-3 6-3,3,R16,59,12,4,57,35,26,13,9,2,3,3,3,59,30,20,14,9,6,10
2018-1539,Leon,Hard,32,C,,20180429,19,PC78,,,Ante Pavic,R,196,CRO,29.144,282,179,KC86,6,,Darian King,R,188,BAR,26.007,171,329,6-4 6-2,3,R16,69,8,1,52,32,25,10,9,2,3,0,6,51,32,19,8,9,2,6
2018-1539,Leon,Hard,32,C,,20180429,20,PF65,7,,Filip Peliwo,R,180,POL,24.244,178,318,W503,,,James Ward,R,188,GBR,31.217,772,23,6-2 6-4,3,R16,69,2,3,57,29,21,17,9,2,3,6,7,55,36,22,5,9,1,5
2018-1539,Leon,Hard,32,C,,20180429,21,CF88,,,Roberto Cid Subervi,R,193,DOM,24.663,337,138,HH26,,,Ugo Humbert,L,188,FRA,19.841,308,159,6-2 4-6 6-3,3,R16,96,2,2,74,50,34,14,13,2,4,5,4,77,44,33,12,14,2,7
2018-1539,Leon,Hard,32,C,,20180429,22,G892,,,Alejandro Gonzalez,R,191,COL,29.221,307,159,GE33,,,Daniel Elahi Galan,R,191,COL,21.862,239,228,6-2 3-6 6-4,3,R16,100,3,5,69,51,39,10,13,0,2,6,2,81,47,37,12,14,3,7
2018-1539,Leon,Hard,32,C,,20180429,23,Q941,,,Roberto Quiroz,L,193,ECU,26.179,280,180,SF89,,,Rubin Statham,R,180,NZL,31.012,357,127,3-6 7-6(5) 6-2,3,R16,134,7,3,86,55,45,18,14,6,7,6,2,104,67,48,19,15,4,6
2018-1539,Leon,Hard,32,C,,20180429,24,SL07,,,Alexander Sarkissian,R,191,USA,28.071,257,202,H896,,,Jose Hernandez-Fernandez,R,183,DOM,28.129,261,199,7-6(2) 7-6(4),3,R16,132,16,7,95,48,35,29,12,8,10,2,6,102,54,39,24,12,12,14
2018-1539,Leon,Hard,32,C,,20180429,25,SJ55,,,John-Patrick Smith,L,188,AUS,29.259,228,243,PF65,7,,Filip Peliwo,R,180,POL,24.244,178,318,6-1 6-4,3,QF,66,4,3,47,29,24,9,8,4,5,3,7,65,32,19,12,9,4,9
2018-1539,Leon,Hard,32,C,,20180429,26,E865,,,Christopher Eubanks,R,201,USA,21.982,246,218,CF88,,,Roberto Cid Subervi,R,193,DOM,24.663,337,138,7-5 6-1,3,QF,59,9,1,53,34,22,14,10,2,4,2,0,61,41,20,9,9,5,10
2018-1539,Leon,Hard,32,C,,20180429,27,G892,,,Alejandro Gonzalez,R,191,COL,29.221,307,159,PC78,,,Ante Pavic,R,196,CRO,29.144,282,179,3-6 6-4 6-1,3,QF,113,3,3,86,56,41,14,13,0,2,7,3,84,48,33,18,13,4,8
2018-1539,Leon,Hard,32,C,,20180429,28,Q941,,,Roberto Quiroz,L,193,ECU,26.179,280,180,SL07,,,Alexander Sarkissian,R,191,USA,28.071,257,202,6-4 7-6(10),3,QF,97,7,2,64,42,33,16,11,1,2,4,2,80,41,30,19,11,8,10
2018-1539,Leon,Hard,32,C,,20180429,29,E865,,,Christopher Eubanks,R,201,USA,21.982,246,218,Q941,,,Roberto Quiroz,L,193,ECU,26.179,280,180,4-6 6-4 6-3,3,SF,88,22,8,77,48,42,12,15,0,2,8,0,89,58,37,20,14,2,5
2018-1539,Leon,Hard,32,C,,20180429,30,SJ55,,,John-Patrick Smith,L,188,AUS,29.259,228,243,G892,,,Alejandro Gonzalez,R,191,COL,29.221,307,159,6-4 6-3,3,SF,82,6,2,53,37,30,8,10,0,1,0,4,76,49,33,10,9,8,11
2018-1539,Leon,Hard,32,C,,20180429,31,E865,,,Christopher Eubanks,R,201,USA,21.982,246,218,SJ55,,,John-Patrick Smith,L,188,AUS,29.259,228,243,6-4 3-6 7-6(4),3,F,127,14,11,108,67,52,16,16,8,12,3,3,100,73,48,15,15,6,9
2018-6572,Anning,Clay,32,C,,20180429,1,PD07,1,,Vasek Pospisil,R,193,CAN,27.849,82,690,I306,,,Cem Ilkel,R,185,TUR,22.689,249,215,6-4 6-1,3,R32,76,6,3,57,32,24,15,9,6,6,1,3,56,24,18,15,8,5,8
2018-6572,Anning,Clay,32,C,,20180429,2,WB32,,,Yibing Wu,R,183,CHN,18.541,336,138,D864,2,,Evgeny Donskoy,R,185,RUS,27.973,86,673,6-4 4-6 6-3,3,R32,103,10,9,91,44,32,31,15,3,4,15,6,82,51,41,14,14,4,6
2018-6572,Anning,Clay,32,C,,20180429,3,TC61,3,,Jordan Thompson,R,183,AUS,24.025,98,622,O340,,,Roberto Ortega-Olmedo,R,168,ESP,26.998,309,159,6-3 6-3,3,R32,69,1,2,54,42,33,6,9,1,1,0,4,60,41,29,7,9,5,8
2018-6572,Anning,Clay,32,C,,20180429,4,W630,,,Andrew Whittington,R,188,AUS,24.715,271,188,RB56,4,,Ramkumar Ramanathan,R,188,IND,23.472,115,495,6-4 7-6(5),3,R32,87,3,9,66,34,30,17,11,1,2,2,2,70,46,31,14,11,4,6
2018-6572,Anning,Clay,32,C,,20180429,5,MP13,,,Mukund Sasikumar,R,185,IND,21.287,516,64,HB64,5,,Quentin Halys,R,191,FRA,21.506,110,514,3-6 6-4 6-4,3,R32,101,6,3,86,48,36,23,15,9,11,10,7,77,42,33,20,14,4,6
2018-6572,Anning,Clay,32,C,,20180429,6,HB48,6,,Calvin Hemery,R,191,FRA,23.25,119,474,Z272,,,Ze Zhang,R,188,CHN,27.819,253,205,7-6(5) 6-3,3,R32,100,6,5,69,47,32,15,10,6,7,3,5,84,57,37,12,11,6,9
2018-6572,Anning,Clay,32,C,,20180429,7,MQ75,,,Kamil Majchrzak,R,183,POL,22.292,231,242,BI81,7,,Alex Bolt,L,183,AUS,25.311,175,322,7-6(3) 6-2,3,R32,67,3,2,56,37,31,11,10,2,3,4,3,65,42,25,13,10,4,7
2018-6572,Anning,Clay,32,C,,20180429,8,KF17,8,,Soonwoo Kwon,R,180,KOR,20.405,215,263,W636,,,Ruikai Wang,L,178,CHN,25.728,1538,2,6-2 6-4,3,R32,60,6,7,48,24,20,13,9,0,1,0,2,44,22,15,11,9,1,5
2018-6572,Anning,Clay,32,C,,20180429,9,BE69,,,Yan Bai,R,185,CHN,28.939,600,46,LD33,,,Yuanfeng Li,L,,CHN,24.465,1402,3,6-3 6-4,3,R32,74,2,3,51,34,26,7,9,2,4,1,12,72,38,25,13,10,4,9
2018-6572,Anning,Clay,32,C,,20180429,10,N558,,,N.Sriram Balaji,R,180,IND,28.115,627,41,L733,,,Zhe Li,R,183,CHN,31.606,329,142,6-4 6-7(5) 6-4,3,R32,152,7,6,99,60,43,23,16,2,4,5,7,118,77,52,18,16,6,10
2018-6572,Anning,Clay,32,C,,20180429,11,CH90,,,Yun seong Chung,R,178,KOR,20.09,486,71,W571,,,Di Wu,R,173,CHN,26.623,277,186,7-6(3) 6-3,3,R32,91,2,4,73,46,35,17,11,2,2,1,5,93,44,29,27,10,12,13
2018-6572,Anning,Clay,32,C,,20180429,12,GA94,,,Prajnesh Gunneswaran,L,188,IND,28.46,260,199,GF95,,,Hugo Grenier,R,196,FRA,22.1,374,115,6-2 6-1,3,R32,53,3,3,41,24,21,10,7,4,4,0,4,42,20,10,7,8,0,5
2018-6572,Anning,Clay,32,C,,20180429,13,HG86,,,Lloyd Harris,R,193,RSA,21.175,242,223,SN77,,,Vaclav Safranek,R,183,CZE,23.943,251,205,6-3 4-6 6-3,3,R32,105,4,4,91,53,36,24,14,5,7,3,5,94,58,41,14,14,8,12
2018-6572,Anning,Clay,32,C,,20180429,14,LE01,,,Duckhee Lee,R,170,KOR,19.918,217,262,W706,,,Rui-Xuan Wang,R,188,CHN,22.089,1908,1,6-2 7-6(5),3,R32,82,6,3,56,37,30,15,10,0,0,5,5,81,52,28,21,10,5,7
2018-6572,Anning,Clay,32,C,,20180429,15,SK47,,,Mohamed Safwat,R,180,EGY,27.608,229,243,V505,,,Vishnu Vardhan,R,188,IND,30.757,673,33,3-6 7-6(4) 6-2,3,R32,111,8,3,80,46,35,24,14,0,1,12,9,93,51,36,23,15,5,7
2018-6572,Anning,Clay,32,C,,20180429,16,T982,,,Tsung-Hua Yang,R,178,TPE,27.086,250,207,N503,,,Aleksandr Nedovyesov,R,188,KAZ,31.201,224,250,6-4 4-6 6-0,3,R32,108,5,5,84,44,32,24,13,9,11,7,4,72,43,26,15,13,6,11
2018-6572,Anning,Clay,32,C,,20180429,17,HG86,,,Lloyd Harris,R,193,RSA,21.175,242,223,PD07,1,,Vasek Pospisil,R,193,CAN,27.849,82,690,7-5 6-4,3,R16,88,3,4,67,39,32,13,11,0,1,5,6,69,41,28,14,11,6,9
2018-6572,Anning,Clay,32,C,,20180429,18,TC61,3,,Jordan Thompson,R,183,AUS,24.025,98,622,CH90,,,Yun seong Chung,R,178,KOR,20.09,486,71,6-3 6-4,3,R16,74,4,3,51,35,28,11,9,1,1,3,5,51,28,21,10,10,1,4
2018-6572,Anning,Clay,32,C,,20180429,19,BE69,,,Yan Bai,R,185,CHN,28.939,600,46,HB48,6,,Calvin Hemery,R,191,FRA,23.25,119,474,6-4 7-5,3,R16,84,1,1,67,43,30,12,11,6,9,4,2,60,42,24,8,11,1,6
2018-6572,Anning,Clay,32,C,,20180429,20,KF17,8,,Soonwoo Kwon,R,180,KOR,20.405,215,263,N558,,,N.Sriram Balaji,R,180,IND,28.115,627,41,6-4 7-5,3,R16,95,6,3,65,31,24,20,11,3,4,3,2,62,31,22,19,11,4,7
2018-6572,Anning,Clay,32,C,,20180429,21,GA94,,,Prajnesh Gunneswaran,L,188,IND,28.46,260,199,W630,,,Andrew Whittington,R,188,AUS,24.715,271,188,6-4 6-4,3,R16,81,2,3,62,33,25,19,10,5,5,6,4,74,45,32,13,10,8,10
2018-6572,Anning,Clay,32,C,,20180429,22,MQ75,,,Kamil Majchrzak,R,183,POL,22.292,231,242,T982,,,Tsung-Hua Yang,R,178,TPE,27.086,250,207,4-6 6-3 6-2,3,R16,115,0,5,90,56,39,19,14,3,6,7,9,85,37,24,24,13,5,10
2018-6572,Anning,Clay,32,C,,20180429,23,SK47,,,Mohamed Safwat,R,180,EGY,27.608,229,243,WB32,,,Yibing Wu,R,183,CHN,18.541,336,138,1-6 6-3 6-4,3,R16,97,5,5,79,43,32,21,13,6,8,5,7,77,47,35,17,13,3,5
2018-6572,Anning,Clay,32,C,,20180429,24,MP13,,,Mukund Sasikumar,R,185,IND,21.287,516,64,LE01,,,Duckhee Lee,R,170,KOR,19.918,217,262,6-2 7-6(7),3,R16,,,,,,,,,,,,,,,,,,,
2018-6572,Anning,Clay,32,C,,20180429,25,TC61,3,,Jordan Thompson,R,183,AUS,24.025,98,622,MP13,,,Mukund Sasikumar,R,185,IND,21.287,516,64,6-2 6-4,3,QF,68,2,1,52,45,35,4,9,1,1,0,0,54,28,15,16,9,5,8
2018-6572,Anning,Clay,32,C,,20180429,26,GA94,,,Prajnesh Gunneswaran,L,188,IND,28.46,260,199,KF17,8,,Soonwoo Kwon,R,180,KOR,20.405,215,263,6-2 6-3,3,QF,72,3,3,54,28,23,16,9,1,1,2,4,61,37,20,15,8,10,13
2018-6572,Anning,Clay,32,C,,20180429,27,MQ75,,,Kamil Majchrzak,R,183,POL,22.292,231,242,HG86,,,Lloyd Harris,R,193,RSA,21.175,242,223,6-2 6-4,3,QF,59,2,0,53,35,26,15,9,4,4,6,2,56,37,26,7,9,2,5
2018-6572,Anning,Clay,32,C,,20180429,28,SK47,,,Mohamed Safwat,R,180,EGY,27.608,229,243,BE69,,,Yan Bai,R,185,CHN,28.939,600,46,6-1 6-3,3,QF,58,1,0,42,30,23,9,8,0,0,1,1,57,29,18,9,8,3,7
2018-6572,Anning,Clay,32,C,,20180429,29,SK47,,,Mohamed Safwat,R,180,EGY,27.608,229,243,TC61,3,,Jordan Thompson,R,183,AUS,24.025,98,622,2-6 6-4 6-3,3,SF,108,1,4,77,45,27,21,13,2,5,1,2,77,59,40,8,14,3,7
2018-6572,Anning,Clay,32,C,,20180429,30,GA94,,,Prajnesh Gunneswaran,L,188,IND,28.46,260,199,MQ75,,,Kamil Majchrzak,R,183,POL,22.292,231,242,0-6 6-3 6-1,3,SF,81,3,5,74,49,32,11,11,4,8,5,7,71,43,28,11,11,1,6
2018-6572,Anning,Clay,32,C,,20180429,31,GA94,,,Prajnesh Gunneswaran,L,188,IND,28.46,260,199,SK47,,,Mohamed Safwat,R,180,EGY,27.608,229,243,5-7 6-3 6-1,3,F,112,4,9,85,50,38,14,14,0,4,5,0,88,52,32,15,14,6,13
2018-7707,Francavilla,Clay,33,C,,20180429,1,CG33,,,Kimmer Coppejans,R,178,BEL,24.222,338,138,BE54,1,,Ruben Bemelmans,L,183,BEL,30.289,107,523,6-4 6-4,3,R32,82,4,5,62,47,33,7,10,3,5,1,2,53,32,22,5,10,2,6
2018-7707,Francavilla,Clay,33,C,,20180429,2,O482,,,Gonzalo Oliveira,L,185,VEN,23.195,212,268,TA12,2,,Stefano Travaglia,R,185,ITA,26.335,108,515,6-0 6-1,3,R32,56,3,1,44,37,28,4,7,3,3,1,0,38,17,7,7,6,6,11
2018-7707,Francavilla,Clay,33,C,,20180429,3,BI23,5,,Liam Broady,L,183,GBR,24.315,157,359,KH56,,,Zdenek Kolar,R,183,CZE,21.552,232,242,6-0 2-6 7-5,3,R32,139,3,3,116,71,41,24,13,13,16,5,4,76,37,27,15,13,4,9
2018-7707,Francavilla,Clay,33,C,,20180429,4,AG37,6,,Felix Auger-Aliassime,R,193,CAN,17.722,186,304,KC33,,,Dimitar Kuzmanov,R,183,BUL,24.753,303,161,7-5 7-6(2),3,R32,122,8,5,71,40,30,14,12,2,5,0,3,85,55,33,13,12,4,8
2018-7707,Francavilla,Clay,33,C,,20180429,5,GB61,7,,Viktor Galovic,R,193,CRO,27.608,181,310,Z371,,,Zhizhen Zhang,R,193,CHN,21.533,346,133,6-1 6-4,3,R32,70,5,0,49,40,32,5,9,1,1,3,1,57,30,17,14,8,3,6
2018-7707,Francavilla,Clay,33,C,,20180429,6,O376,8,,Renzo Olivo,R,178,ARG,26.122,210,272,R685,,,Lukas Rosol,R,193,CZE,32.764,258,199,6-7(5) 6-3 6-4,3,R32,150,2,5,110,67,50,24,16,11,12,3,4,84,54,43,14,15,1,4
2018-7707,Francavilla,Clay,33,C,,20180429,7,DA67,,,Matteo Donati,R,185,ITA,23.165,254,204,CE25,9,,Salvatore Caruso,R,185,ITA,25.369,196,294,6-0 6-3,3,R32,52,1,0,38,28,25,7,8,0,0,1,1,41,25,16,3,7,0,4
2018-7707,Francavilla,Clay,33,C,,20180429,8,BM03,,,Filippo Baldi,R,180,ITA,22.3,384,108,D985,,,Joao Domingues,R,,POR,24.564,190,302,6-2 2-6 6-3,3,R32,108,0,1,86,63,39,12,13,7,10,3,3,79,60,39,7,12,3,7
2018-7707,Francavilla,Clay,33,C,,20180429,9,BK19,,,Mathias Bourgue,R,188,FRA,24.277,283,178,SP80,,,Nino Serdarusic,R,191,CRO,21.374,248,216,6-3 6-2,3,R32,79,1,3,54,35,26,10,9,6,7,1,5,58,22,16,13,8,4,8
2018-7707,Francavilla,Clay,33,C,,20180429,10,CC66,,,Andrea Collarini,L,183,ARG,26.242,240,228,MP83,,,Gian Marco Moroni,R,185,ITA,20.205,356,127,6-2 7-6(6),3,R32,119,2,1,68,44,32,14,10,1,1,4,3,71,44,33,12,10,5,7
2018-7707,Francavilla,Clay,33,C,,20180429,11,GJ37,,,Tallon Griekspoor,R,188,NED,21.823,237,232,BE68,,,Tomislav Brkic,R,185,BIH,28.14,262,198,6-2 3-6 6-3,3,R32,107,1,1,72,47,34,15,13,1,3,4,1,90,47,34,20,13,8,12
2018-7707,Francavilla,Clay,33,C,,20180429,12,HA71,,,Antoine Hoang,R,183,FRA,22.483,243,220,N897,,,Sumit Nagal,R,178,IND,20.701,219,260,6-4 6-2,3,R32,104,3,5,62,40,29,11,9,4,5,0,7,89,50,28,18,9,4,8
2018-7707,Francavilla,Clay,33,C,,20180429,13,PH64,,,Andrea Pellegrino,R,185,ITA,21.101,328,142,BT68,,,Elliot Benchetrit,R,193,MAR,19.573,345,134,7-6(2) 3-6 6-4,3,R32,130,4,5,96,56,42,21,16,10,14,7,5,93,50,39,20,15,6,9
2018-7707,Francavilla,Clay,33,C,,20180429,14,Q948,,,Gianluigi Quinzi,L,191,ITA,22.24,347,132,DA86,,,Joris De Loore,R,191,BEL,25.021,319,148,6-4 6-3,3,R32,103,2,1,74,46,34,14,9,10,10,4,0,74,53,29,13,10,5,8
2018-7707,Francavilla,Clay,33,C,,20180429,15,RH16,,,Casper Ruud,R,183,NOR,19.351,205,281,D981,,,Arthur De Greef,R,183,BEL,26.089,288,173,7-5 2-6 6-1,3,R32,119,1,3,80,47,33,16,14,2,6,1,2,77,44,25,17,13,3,8
2018-7707,Francavilla,Clay,33,C,,20180429,16,V495,,,Luca Vanni,R,198,ITA,32.901,321,147,V490,,,Matteo Viola,R,185,ITA,30.812,267,192,6-2 6-7(2) 6-4,3,R32,115,10,3,72,40,32,17,13,1,3,0,3,75,54,34,11,13,2,6
2018-7707,Francavilla,Clay,33,C,,20180429,17,V495,,,Luca Vanni,R,198,ITA,32.901,321,147,V490,,,Matteo Viola,R,185,ITA,30.812,267,192,6-2 6-7(2) 6-4,3,R32,170,6,3,97,56,41,23,15,3,5,1,3,130,100,63,12,15,14,19
2018-7707,Francavilla,Clay,33,C,,20180429,18,BM03,,,Filippo Baldi,R,180,ITA,22.3,384,108,BI23,5,,Liam Broady,L,183,GBR,24.315,157,359,7-6(8) 6-1,3,R16,93,0,1,60,38,25,14,10,2,5,3,0,61,40,17,15,9,3,8
2018-7707,Francavilla,Clay,33,C,,20180429,19,RH16,,,Casper Ruud,R,183,NOR,19.351,205,281,AG37,6,,Felix Auger-Aliassime,R,193,CAN,17.722,186,304,7-5 6-0,3,R16,87,5,0,57,39,27,11,9,2,3,1,5,52,32,19,5,9,3,8
2018-7707,Francavilla,Clay,33,C,,20180429,20,PH64,,,Andrea Pellegrino,R,185,ITA,21.101,328,142,GB61,7,,Viktor Galovic,R,193,CRO,27.608,181,310,6-3 2-6 6-3,3,R16,113,4,2,87,47,28,23,13,6,9,4,1,72,53,35,9,13,5,9
2018-7707,Francavilla,Clay,33,C,,20180429,21,GJ37,,,Tallon Griekspoor,R,188,NED,21.823,237,232,O376,8,,Renzo Olivo,R,178,ARG,26.122,210,272,7-6(7) 6-4,3,R16,118,1,1,78,59,40,9,11,6,8,2,4,81,42,26,23,11,4,7
2018-7707,Francavilla,Clay,33,C,,20180429,22,CG33,,,Kimmer Coppejans,R,178,BEL,24.222,338,138,CC66,,,Andrea Collarini,L,183,ARG,26.242,240,228,6-4 3-6 7-5,3,R16,172,9,6,93,71,50,9,15,5,8,2,2,119,84,56,15,16,9,13
2018-7707,Francavilla,Clay,33,C,,20180429,23,DA67,,,Matteo Donati,R,185,ITA,23.165,254,204,BK19,,,Mathias Bourgue,R,188,FRA,24.277,283,178,6-4 2-6 6-4,3,R16,122,3,1,82,49,33,18,14,2,6,3,2,89,59,37,17,14,7,11
2018-7707,Francavilla,Clay,33,C,,20180429,24,HA71,,,Antoine Hoang,R,183,FRA,22.483,243,220,O482,,,Gonzalo Oliveira,L,185,VEN,23.195,212,268,6-1 3-6 6-3,3,R16,121,1,4,82,55,36,11,13,7,11,1,5,87,59,30,13,12,9,15
2018-7707,Francavilla,Clay,33,C,,20180429,25,Q948,,,Gianluigi Quinzi,L,191,ITA,22.24,347,132,V495,,,Luca Vanni,R,198,ITA,32.901,321,147,7-6(2) 6-2,3,R16,103,9,1,73,49,35,14,10,6,7,5,0,64,43,25,12,10,2,5
2018-7707,Francavilla,Clay,33,C,,20180429,26,GJ37,,,Tallon Griekspoor,R,188,NED,21.823,237,232,CG33,,,Kimmer Coppejans,R,178,BEL,24.222,338,138,6-0 6-1,3,QF,67,3,1,54,36,22,12,6,4,4,2,3,41,22,10,4,7,5,11
2018-7707,Francavilla,Clay,33,C,,20180429,27,HA71,,,Antoine Hoang,R,183,FRA,22.483,243,220,BM03,,,Filippo Baldi,R,180,ITA,22.3,384,108,6-4 7-5,3,QF,102,1,4,68,38,26,15,11,3,6,2,2,68,43,26,9,11,1,6
2018-7707,Francavilla,Clay,33,C,,20180429,28,Q948,,,Gianluigi Quinzi,L,191,ITA,22.24,347,132,PH64,,,Andrea Pellegrino,R,185,ITA,21.101,328,142,6-4 5-7 6-2,3,QF,135,6,2,86,51,33,21,15,6,10,2,4,96,57,35,17,15,4,10
2018-7707,Francavilla,Clay,33,C,,20180429,29,RH16,,,Casper Ruud,R,183,NOR,19.351,205,281,DA67,,,Matteo Donati,R,185,ITA,23.165,254,204,6-7(6) 6-4 7-5,3,QF,140,8,0,101,65,55,18,17,4,5,4,1,110,77,54,17,17,6,9
2018-7707,Francavilla,Clay,33,C,,20180429,30,Q948,,,Gianluigi Quinzi,L,191,ITA,22.24,347,132,GJ37,,,Tallon Griekspoor,R,188,NED,21.823,237,232,6-4 6-2,3,SF,82,3,1,52,29,22,15,9,0,1,3,0,60,34,16,13,9,5,9
2018-7707,Francavilla,Clay,33,C,,20180429,31,RH16,,,Casper Ruud,R,183,NOR,19.351,205,281,HA71,,,Antoine Hoang,R,183,FRA,22.483,243,220,7-5 6-4,3,SF,107,1,2,78,54,33,15,11,6,8,2,5,72,44,30,8,11,2,6
2018-7707,Francavilla,Clay,33,C,,20180429,32,Q948,,,Gianluigi Quinzi,L,191,ITA,22.24,347,132,RH16,,,Casper Ruud,R,183,NOR,19.351,205,281,6-4 6-1,3,F,70,2,0,40,25,20,11,8,0,1,1,0,59,36,22,8,9,6,11
2018-1797,Ostrava,Clay,32,C,,20180430,1,ME31,,,Vincent Millot,L,173,FRA,32.246,252,211,BE54,1,,Ruben Bemelmans,L,183,BEL,30.292,106,523,6-1 6-1,3,R32,48,2,3,40,21,16,8,7,1,3,2,1,41,22,7,4,7,2,9
2018-1797,Ostrava,Clay,32,C,,20180430,2,D981,,,Arthur De Greef,R,183,BEL,26.092,289,173,SC77,2,,Sergiy Stakhovsky,R,193,UKR,32.312,126,445,6-4 3-6 6-3,3,R32,106,1,1,84,45,28,26,14,6,9,6,3,74,45,31,14,14,2,6
2018-1797,Ostrava,Clay,32,C,,20180430,3,CC66,,,Andrea Collarini,L,183,ARG,26.245,234,244,BD80,3,,Attila Balazs,R,180,HUN,29.588,165,331,6-4 6-4,3,R32,82,4,2,61,39,28,14,10,3,4,2,1,60,35,22,14,10,2,5
2018-1797,Ostrava,Clay,32,C,,20180430,4,Q948,,,Gianluigi Quinzi,L,191,ITA,22.242,265,197,SJ22,4,,Gleb Sakharov,R,185,FRA,29.886,189,304,6-2 6-1,3,R32,54,4,0,33,23,21,7,7,0,0,2,3,45,20,11,9,8,3,8
2018-1797,Ostrava,Clay,32,C,,20180430,5,BK24,,,Gregoire Barrere,R,183,FRA,24.2,282,182,BM95,5,,Benjamin Bonzi,R,183,FRA,21.889,203,288,6-2 1-6 7-6(2),3,R32,103,0,3,77,41,27,18,13,0,5,2,5,99,60,41,14,14,7,12
2018-1797,Ostrava,Clay,32,C,,20180430,6,I236,,,Uladzimir Ignatik,R,183,BLR,27.795,226,256,O482,6,,Gonzalo Oliveira,L,185,VEN,23.198,216,268,4-6 6-3 7-6(4),3,R32,173,8,5,112,62,41,32,16,3,6,1,3,103,68,45,19,15,10,13
2018-1797,Ostrava,Clay,32,C,,20180430,7,PG32,7,,Adam Pavlasek,R,185,CZE,23.559,223,260,G09C,,,Marek Gengel,R,185,CZE,22.617,724,28,6-2 6-3,3,R32,61,5,0,47,28,22,10,9,1,3,1,5,57,26,16,11,8,3,8
2018-1797,Ostrava,Clay,32,C,,20180430,8,BE68,,,Tomislav Brkic,R,185,BIH,28.142,255,205,N897,8,,Sumit Nagal,R,178,IND,20.704,225,260,6-4 3-6 6-1,3,R32,129,4,6,85,45,32,18,13,3,7,4,4,87,58,37,9,13,6,12
2018-1797,Ostrava,Clay,32,C,,20180430,9,BK19,,,Mathias Bourgue,R,188,FRA,24.279,281,184,GJ37,,,Tallon Griekspoor,R,188,NED,21.826,222,261,6-2 6-1,3,R32,70,5,3,55,36,27,10,8,1,1,1,4,49,23,15,6,7,7,11
2018-1797,Ostrava,Clay,32,C,,20180430,10,CG33,,,Kimmer Coppejans,R,178,BEL,24.225,317,153,BU54,,,Geoffrey Blancaneaux,R,180,FRA,19.726,291,172,7-6(3) 7-5,3,R32,133,0,7,87,67,41,7,12,7,11,0,3,81,50,27,15,12,6,11
2018-1797,Ostrava,Clay,32,C,,20180430,11,DA67,,,Matteo Donati,R,185,ITA,23.168,256,204,FC26,,,Evan Furness,R,173,FRA,19.713,476,75,6-2 6-3,3,R32,60,1,2,45,28,24,10,8,0,0,1,1,58,35,18,10,9,4,8
2018-1797,Ostrava,Clay,32,C,,20180430,12,GA79,,,Lorenzo Giustino,R,180,ITA,26.637,250,215,RH13,,,Patrik Rikl,R,185,CZE,19.313,643,38,6-3 7-6(3),3,R32,87,1,6,71,45,28,16,11,2,5,2,4,75,44,26,14,10,8,12
2018-1797,Ostrava,Clay,32,C,,20180430,13,HA71,,,Antoine Hoang,R,183,FRA,22.486,233,246,VA22,,,Matej Vocel,R,188,CZE,20.945,857,17,6-2 6-7(4) 6-2,3,R32,152,3,3,91,63,41,12,14,6,10,1,5,99,52,29,17,14,8,16
2018-1797,Ostrava,Clay,32,C,,20180430,14,KH56,,,Zdenek Kolar,R,183,CZE,21.555,237,239,KE36,,,Dominik Kellovsky,R,183,CZE,21.766,808,20,6-2 6-7(1) 7-5,3,R32,143,2,3,103,62,43,14,16,3,9,4,8,107,64,35,17,16,6,15
2018-1797,Ostrava,Clay,32,C,,20180430,15,MO44,,,Pedro Martinez,R,185,ESP,21.01,231,249,BT68,,,Elliot Benchetrit,R,193,MAR,19.576,355,133,3-6 7-5 6-3,3,R32,146,2,9,105,61,35,23,15,11,16,4,4,88,48,35,13,15,3,9
2018-1797,Ostrava,Clay,32,C,,20180430,16,SP80,,,Nino Serdarusic,R,191,CRO,21.377,241,231,R685,,,Lukas Rosol,R,193,CZE,32.767,261,199,6-4 7-5,3,R32,102,3,7,63,30,23,21,11,4,5,2,7,92,56,38,14,11,8,11
2018-1797,Ostrava,Clay,32,C,,20180430,17,KH56,,,Zdenek Kolar,R,183,CZE,21.555,237,239,PG32,7,,Adam Pavlasek,R,185,CZE,23.559,223,260,6-7(5) 6-0 7-5,3,R16,135,3,1,94,55,39,25,15,2,4,4,2,100,70,39,18,15,7,13
2018-1797,Ostrava,Clay,32,C,,20180430,18,BK24,,,Gregoire Barrere,R,183,FRA,24.2,282,182,CG33,,,Kimmer Coppejans,R,178,BEL,24.225,317,153,6-4 6-3,3,R16,85,4,2,49,29,22,13,10,1,3,2,6,77,58,31,8,9,8,12
2018-1797,Ostrava,Clay,32,C,,20180430,19,BE68,,,Tomislav Brkic,R,185,BIH,28.142,255,205,HA71,,,Antoine Hoang,R,183,FRA,22.486,233,246,7-5 4-6 6-3,3,R16,146,5,7,104,55,41,27,16,12,14,4,3,91,61,43,16,15,5,8
2018-1797,Ostrava,Clay,32,C,,20180430,20,CC66,,,Andrea Collarini,L,183,ARG,26.245,234,244,BK19,,,Mathias Bourgue,R,188,FRA,24.279,281,184,6-2 1-6 6-4,3,R16,124,4,0,72,42,27,17,12,4,7,9,10,94,56,39,13,13,7,11
2018-1797,Ostrava,Clay,32,C,,20180430,21,D981,,,Arthur De Greef,R,183,BEL,26.092,289,173,MO44,,,Pedro Martinez,R,185,ESP,21.01,231,249,7-6(2) 6-2,3,R16,98,5,5,62,28,23,15,10,2,5,1,2,74,50,22,13,10,3,8
2018-1797,Ostrava,Clay,32,C,,20180430,22,DA67,,,Matteo Donati,R,185,ITA,23.168,256,204,I236,,,Uladzimir Ignatik,R,183,BLR,27.795,226,256,7-5 6-3,3,R16,86,3,1,57,42,33,12,11,1,1,2,2,66,35,22,19,10,5,7
2018-1797,Ostrava,Clay,32,C,,20180430,23,Q948,,,Gianluigi Quinzi,L,191,ITA,22.242,265,197,GA79,,,Lorenzo Giustino,R,180,ITA,26.637,250,215,6-3 6-2,3,R16,90,0,1,53,33,21,11,8,1,3,2,3,60,28,15,13,9,2,8
2018-1797,Ostrava,Clay,32,C,,20180430,24,SP80,,,Nino Serdarusic,R,191,CRO,21.377,241,231,ME31,,,Vincent Millot,L,173,FRA,32.246,252,211,7-5 3-0 RET,3,R16,65,2,1,46,25,15,13,8,2,4,0,5,51,25,17,8,7,4,8
2018-1797,Ostrava,Clay,32,C,,20180430,25,BK24,,,Gregoire Barrere,R,183,FRA,24.2,282,182,Q948,,,Gianluigi Quinzi,L,191,ITA,22.242,265,197,6-2 7-6(5),3,QF,81,4,0,63,34,23,18,10,1,3,1,2,62,31,23,15,10,2,6
2018-1797,Ostrava,Clay,32,C,,20180430,26,D981,,,Arthur De Greef,R,183,BEL,26.092,289,173,KH56,,,Zdenek Kolar,R,183,CZE,21.555,237,239,7-6(4) 7-6(2),3,QF,137,5,1,84,45,37,21,12,4,6,3,5,111,64,41,25,12,5,7
2018-1797,Ostrava,Clay,32,C,,20180430,27,DA67,,,Matteo Donati,R,185,ITA,23.168,256,204,CC66,,,Andrea Collarini,L,183,ARG,26.245,234,244,5-7 6-3 7-5,3,QF,164,4,2,108,63,39,25,17,5,9,4,3,120,66,38,28,16,15,20
2018-1797,Ostrava,Clay,32,C,,20180430,28,SP80,,,Nino Serdarusic,R,191,CRO,21.377,241,231,BE68,,,Tomislav Brkic,R,185,BIH,28.142,255,205,6-3 6-2,3,QF,76,2,5,60,29,22,15,9,3,4,3,2,53,23,12,13,8,1,5
2018-1797,Ostrava,Clay,32,C,,20180430,29,D981,,,Arthur De Greef,R,183,BEL,26.092,289,173,DA67,,,Matteo Donati,R,185,ITA,23.168,256,204,7-6(3) 6-4,3,SF,97,3,2,71,38,32,19,11,2,3,6,4,96,65,40,17,11,9,11
2018-1797,Ostrava,Clay,32,C,,20180430,30,SP80,,,Nino Serdarusic,R,191,CRO,21.377,241,231,BK24,,,Gregoire Barrere,R,183,FRA,24.2,282,182,3-6 7-5 6-1,3,SF,121,3,10,118,68,46,22,14,17,21,3,5,85,45,32,14,14,3,9
2018-1797,Ostrava,Clay,32,C,,20180430,31,D981,,,Arthur De Greef,R,183,BEL,26.092,289,173,SP80,,,Nino Serdarusic,R,191,CRO,21.377,241,231,4-6 6-4 6-2,3,F,114,2,2,78,46,27,17,14,1,6,4,6,89,49,32,13,14,5,12
2018-5067,Savannah,Clay,32,C,,20180430,1,PH71,,,Max Purcell,R,185,AUS,20.074,246,223,KB09,1,,Denis Kudla,R,180,USA,25.7,117,471,3-6 6-4 6-4,3,R32,117,7,2,101,52,37,27,15,10,13,5,6,82,58,43,9,14,3,6
2018-5067,Savannah,Clay,32,C,,20180430,2,BD20,,,Thomaz Bellucci,L,188,BRA,30.333,217,267,PB22,2,,Peter Polansky,R,183,CAN,29.873,124,448,6-3 6-1,3,R32,75,8,2,47,32,22,11,8,2,2,0,1,54,29,13,14,8,5,9
2018-5067,Savannah,Clay,32,C,,20180430,3,GD64,,,Cristian Garin,R,185,CHI,21.916,214,271,Y124,3,,Donald Young,L,183,USA,28.769,130,434,6-3 4-6 6-1,3,R32,110,8,3,72,43,34,16,13,1,3,1,6,91,48,31,19,13,4,9
2018-5067,Savannah,Clay,32,C,,20180430,4,LA93,,,Enrique Lopez Perez,R,180,ESP,26.908,209,283,L949,4,,Henri Laaksonen,R,185,SUI,26.081,137,409,6-0 6-4,3,R32,64,5,0,56,30,20,15,8,1,2,1,4,48,30,13,8,8,1,6
2018-5067,Savannah,Clay,32,C,,20180430,5,MP01,5,,Michael Mmoh,R,188,USA,20.301,140,403,RC96,,,Noah Rubin,R,175,USA,22.188,197,295,6-4 7-6(6),3,R32,116,2,6,79,60,38,6,11,6,11,2,3,85,51,29,14,11,7,13
2018-5067,Savannah,Clay,32,C,,20180430,6,HB05,,,Christian Harrison,R,180,USA,23.921,244,225,RA51,6,,Blaz Rola,L,193,SLO,27.567,229,250,2-6 7-5 6-4,3,R32,145,3,3,90,47,32,23,15,5,9,6,5,103,57,37,22,15,7,11
2018-5067,Savannah,Clay,32,C,,20180430,7,DA31,7,,Hugo Dellien,R,180,BOL,24.871,158,356,CH12,,,Jan Choinski,R,196,GBR,21.886,239,233,2-6 6-1 6-2,3,R32,102,1,1,62,41,31,9,11,0,2,1,2,82,46,27,16,12,5,10
2018-5067,Savannah,Clay,32,C,,20180430,8,SM88,,,Karue Sell,R,183,BRA,24.46,420,92,KB37,8,,Evan King,L,185,USA,26.097,187,305,6-2 6-1,3,R32,56,10,2,44,32,25,6,8,1,2,3,3,47,30,15,5,7,6,11
2018-5067,Savannah,Clay,32,C,,20180430,9,A622,,,Andrea Arnaboldi,L,180,ITA,30.341,253,209,SQ80,,,Akira Santillan,R,180,AUS,20.939,194,299,3-6 6-1 7-6(3),3,R32,147,1,2,127,85,55,22,14,12,14,5,4,96,59,41,17,14,8,11
2018-5067,Savannah,Clay,32,C,,20180430,10,CI14,,,Jay Clarke,R,183,GBR,19.759,227,253,SK69,,,Joao Pedro Sorgi,R,188,BRA,24.531,373,119,3-6 6-3 6-2,3,R32,144,2,2,79,46,30,21,13,6,8,4,4,97,65,37,17,13,6,10
2018-5067,Savannah,Clay,32,C,,20180430,11,CC32,,,Guilherme Clezar,R,180,BRA,25.328,240,231,KE73,,,Dominik Koepfer,L,180,GER,24.003,243,230,6-2 6-3,3,R32,68,2,0,50,37,23,9,9,4,6,1,2,51,42,20,3,8,3,8
2018-5067,Savannah,Clay,32,C,,20180430,12,CE77,,,Federico Coria,R,180,ARG,26.141,342,139,KI95,,,Miomir Kecmanovic,R,183,SRB,18.664,202,291,6-4 6-4,3,R32,85,1,2,60,50,37,3,10,2,3,1,2,65,36,23,15,10,3,6
2018-5067,Savannah,Clay,32,C,,20180430,13,CC98,,,Martin Cuevas,R,191,URU,26.292,292,170,B09A,,,Trent Bryde,R,183,USA,18.683,1149,6,6-1 6-4,3,R32,69,0,5,57,27,18,14,8,5,8,0,3,52,33,17,3,9,4,11
2018-5067,Savannah,Clay,32,C,,20180430,14,D499,,,Frank Dancevic,R,185,CAN,33.591,324,149,KC12,,,Mitchell Krueger,R,188,USA,24.296,242,230,6-4 6-4,3,R32,77,0,1,64,42,30,11,10,4,6,2,2,49,35,21,6,10,1,5
2018-5067,Savannah,Clay,32,C,,20180430,15,O522,,,Reilly Opelka,R,211,USA,20.671,192,301,KG27,,,Strong Kirchheimer,R,185,USA,23.012,645,38,6-4 6-3,3,R32,72,7,2,52,32,27,14,10,0,0,1,2,62,42,29,11,9,3,5
2018-5067,Savannah,Clay,32,C,,20180430,16,PG94,,,Marc Polmans,R,188,AUS,20.994,168,328,R0A5,,,Sam Riffice,R,188,USA,19.165,667,35,1-6 6-4 6-2,3,R32,123,0,3,77,47,29,13,12,5,10,1,2,103,58,30,23,13,10,16
2018-5067,Savannah,Clay,32,C,,20180430,17,MP01,5,,Michael Mmoh,R,188,USA,20.301,140,403,D499,,,Frank Dancevic,R,185,CAN,33.591,324,149,6-4 6-2,3,R16,96,3,5,70,46,27,11,9,5,8,1,1,59,29,12,12,9,6,12
2018-5067,Savannah,Clay,32,C,,20180430,18,DA31,7,,Hugo Dellien,R,180,BOL,24.871,158,356,PG94,,,Marc Polmans,R,188,AUS,20.994,168,328,7-6(4) 6-4,3,R16,101,2,1,78,55,34,11,11,4,8,2,1,72,44,22,15,11,5,10
2018-5067,Savannah,Clay,32,C,,20180430,19,BD20,,,Thomaz Bellucci,L,188,BRA,30.333,217,267,CI14,,,Jay Clarke,R,183,GBR,19.759,227,253,6-7(3) 6-3 6-3,3,R16,171,2,4,108,78,48,15,15,8,11,7,5,129,73,44,25,15,11,17
2018-5067,Savannah,Clay,32,C,,20180430,20,CC32,,,Guilherme Clezar,R,180,BRA,25.328,240,231,LA93,,,Enrique Lopez Perez,R,180,ESP,26.908,209,283,0-6 7-6(4) 6-4,3,R16,130,1,4,87,61,41,13,14,3,7,10,3,89,48,33,28,14,6,8
2018-5067,Savannah,Clay,32,C,,20180430,21,CC98,,,Martin Cuevas,R,191,URU,26.292,292,170,SM88,,,Karue Sell,R,183,BRA,24.46,420,92,7-6(3) 6-4,3,R16,85,2,4,64,37,27,14,11,3,6,1,3,68,41,24,12,11,1,5
2018-5067,Savannah,Clay,32,C,,20180430,22,HB05,,,Christian Harrison,R,180,USA,23.921,244,225,A622,,,Andrea Arnaboldi,L,180,ITA,30.341,253,209,7-6(4) 6-3,3,R16,112,0,2,72,50,31,8,11,7,12,1,1,72,48,21,13,10,7,13
2018-5067,Savannah,Clay,32,C,,20180430,23,O522,,,Reilly Opelka,R,211,USA,20.671,192,301,GD64,,,Cristian Garin,R,185,CHI,21.916,214,271,6-4 6-4,3,R16,78,12,4,61,37,32,10,10,5,6,5,5,64,41,24,13,10,4,7
2018-5067,Savannah,Clay,32,C,,20180430,24,PH71,,,Max Purcell,R,185,AUS,20.074,246,223,CE77,,,Federico Coria,R,180,ARG,26.141,342,139,6-3 6-2,3,R16,73,2,1,56,28,20,16,9,3,4,0,3,51,36,18,8,8,3,7
2018-5067,Savannah,Clay,32,C,,20180430,25,MP01,5,,Michael Mmoh,R,188,USA,20.301,140,403,PH71,,,Max Purcell,R,185,AUS,20.074,246,223,6-3 6-2,3,QF,85,2,3,44,26,19,14,8,1,1,5,1,71,41,22,13,9,8,12
2018-5067,Savannah,Clay,32,C,,20180430,26,DA31,7,,Hugo Dellien,R,180,BOL,24.871,158,356,CC32,,,Guilherme Clezar,R,180,BRA,25.328,240,231,5-7 6-4 7-6(6),3,QF,168,6,3,122,93,62,17,17,5,7,3,3,110,65,46,27,17,4,6
2018-5067,Savannah,Clay,32,C,,20180430,27,HB05,,,Christian Harrison,R,180,USA,23.921,244,225,BD20,,,Thomaz Bellucci,L,188,BRA,30.333,217,267,7-5 6-4,3,QF,110,2,1,87,51,32,20,11,9,11,3,6,77,46,31,12,11,5,9
2018-5067,Savannah,Clay,32,C,,20180430,28,O522,,,Reilly Opelka,R,211,USA,20.671,192,301,CC98,,,Martin Cuevas,R,191,URU,26.292,292,170,6-3 6-4,3,QF,69,13,0,53,39,32,10,10,2,2,2,5,56,28,17,17,9,3,5
2018-5067,Savannah,Clay,32,C,,20180430,29,DA31,7,,Hugo Dellien,R,180,BOL,24.871,158,356,MP01,5,,Michael Mmoh,R,188,USA,20.301,140,403,1-6 7-5 6-3,3,SF,133,2,2,79,59,38,7,14,10,16,2,5,97,65,34,16,14,5,11
2018-5067,Savannah,Clay,32,C,,20180430,30,HB05,,,Christian Harrison,R,180,USA,23.921,244,225,O522,,,Reilly Opelka,R,211,USA,20.671,192,301,7-5 6-2,3,SF,83,4,2,59,32,28,17,10,4,4,7,3,67,42,28,11,10,6,9
2018-5067,Savannah,Clay,32,C,,20180430,31,DA31,7,,Hugo Dellien,R,180,BOL,24.871,158,356,HB05,,,Christian Harrison,R,180,USA,23.921,244,225,6-1 1-6 6-4,3,F,116,1,2,77,64,39,6,12,2,5,2,3,71,45,30,10,12,3,7
2018-7288,Seoul,Hard,32,C,,20180430,1,PD07,1,,Vasek Pospisil,R,193,CAN,27.852,83,690,SP24,,,Brayden Schnur,R,193,CAN,22.823,205,288,4-6 6-1 6-3,3,R32,119,6,4,81,45,36,15,13,3,6,3,6,92,57,35,11,13,7,13
2018-7288,Seoul,Hard,32,C,,20180430,2,W571,,,Di Wu,R,173,CHN,26.626,305,161,SC56,2,,Dudi Sela,R,175,ISR,33.07,97,629,6-3 2-6 6-0,3,R32,74,2,2,62,33,19,17,11,6,10,1,8,71,35,15,18,12,4,11
2018-7288,Seoul,Hard,32,C,,20180430,3,TC61,3,,Jordan Thompson,R,183,AUS,24.027,94,642,KF15,,,Young Seok Kim,L,,KOR,22.968,676,33,6-1 6-2,3,R32,63,1,5,57,41,27,9,8,1,2,0,4,42,25,12,6,7,4,9
2018-7288,Seoul,Hard,32,C,,20180430,4,L575,4,,Yen-Hsun Lu,R,180,TPE,34.71,109,505,BH87,,,Maverick Banes,R,,AUS,26.053,347,136,6-4 6-1,3,R32,68,4,3,51,28,22,13,8,1,1,4,5,52,30,18,10,9,2,6
2018-7288,Seoul,Hard,32,C,,20180430,5,MK66,5,,Mackenzie McDonald,R,178,USA,23.039,146,395,P0AV,,,Uisung Park,R,175,KOR,17.588,,,7-5 6-2,3,R32,98,1,3,86,56,39,15,10,14,15,4,3,65,33,22,15,10,3,7
2018-7288,Seoul,Hard,32,C,,20180430,6,SC47,6,,Go Soeda,R,178,JPN,33.648,149,388,GC88,,,Marcos Giron,R,180,USA,24.767,323,151,1-6 6-3 6-4,3,R32,106,4,4,82,43,31,16,13,4,8,8,0,84,55,35,15,13,7,11
2018-7288,Seoul,Hard,32,C,,20180430,7,J380,7,,Jason Jung,R,180,TPE,28.873,154,366,O664,,,Makoto Ochi,L,175,JPN,21.99,515,64,6-4 6-0,3,R32,69,0,5,54,37,24,8,8,5,7,0,3,57,21,9,14,8,3,9
2018-7288,Seoul,Hard,32,C,,20180430,8,I230,8,,Tatsuma Ito,R,180,JPN,29.949,172,321,LE01,,,Duckhee Lee,R,170,KOR,19.921,219,266,6-1 6-3,3,R32,71,5,2,54,39,32,7,8,4,4,1,3,53,34,17,9,8,3,7
2018-7288,Seoul,Hard,32,C,,20180430,9,HG86,,,Lloyd Harris,R,193,RSA,21.177,232,248,CH90,,,Yun seong Chung,R,178,KOR,20.093,440,86,5-7 6-3 6-0,3,R32,106,5,2,75,52,40,10,13,7,10,0,3,99,51,33,17,14,8,15
2018-7288,Seoul,Hard,32,C,,20180430,10,HC21,,,Seongchan Hong,R,175,KOR,20.832,664,35,U134,,,Yasutaka Uchiyama,R,183,JPN,25.733,236,242,2-6 6-4 7-5,3,R32,144,1,1,92,52,36,21,15,1,4,6,6,94,55,40,19,15,4,7
2018-7288,Seoul,Hard,32,C,,20180430,11,KB95,,,Jason Kubler,R,178,AUS,24.947,180,316,Z272,,,Ze Zhang,R,188,CHN,27.822,254,205,6-1 6-1,3,R32,51,4,2,37,28,22,5,7,1,2,0,1,43,35,13,2,7,4,10
2018-7288,Seoul,Hard,32,C,,20180430,12,KF17,,,Soonwoo Kwon,R,180,KOR,20.408,204,288,J620,,,Maxime Janvier,R,196,FRA,21.53,276,188,6-1 1-6 6-3,3,R32,94,6,2,64,35,27,17,12,2,5,7,4,65,28,22,17,11,1,5
2018-7288,Seoul,Hard,32,C,,20180430,13,MQ75,,,Kamil Majchrzak,R,183,POL,22.294,212,277,TF58,,,Yusuke Takahashi,R,170,JPN,20.534,279,185,6-2 6-3,3,R32,68,2,1,40,27,21,9,8,0,1,3,3,65,35,21,11,9,7,12
2018-7288,Seoul,Hard,32,C,,20180430,14,SO41,,,Ji Hoon Son,R,180,KOR,23.639,1194,5,PF65,,,Filip Peliwo,R,180,POL,24.246,179,317,5-7 6-3 3-1 RET,3,R32,113,4,6,89,58,37,18,12,4,7,6,5,102,53,32,21,13,10,15
2018-7288,Seoul,Hard,32,C,,20180430,15,WB08,,,Yosuke Watanuki,R,180,JPN,20.049,361,125,KA22,,,Dayne Kelly,R,,AUS,27.77,308,160,6-3 6-4,3,R32,81,3,2,52,30,25,13,10,1,2,1,2,67,45,26,11,9,4,7
2018-7288,Seoul,Hard,32,C,,20180430,16,T982,,,Tsung-Hua Yang,R,178,TPE,27.088,249,217,TD55,,,Renta Tokuda,R,178,JPN,20.088,357,128,6-1 6-2,3,R32,57,3,1,36,18,15,11,7,1,2,0,2,50,29,10,8,8,2,8
2018-7288,Seoul,Hard,32,C,,20180430,17,KB95,,,Jason Kubler,R,178,AUS,24.947,180,316,PD07,1,,Vasek Pospisil,R,193,CAN,27.852,83,690,6-3 6-3,3,R16,78,2,6,61,34,26,15,9,4,5,3,3,55,31,21,9,9,2,6
2018-7288,Seoul,Hard,32,C,,20180430,18,TC61,3,,Jordan Thompson,R,183,AUS,24.027,94,642,SO41,,,Ji Hoon Son,R,180,KOR,23.639,1194,5,7-5 7-6(9),3,R16,133,2,5,87,65,39,8,12,5,9,1,3,106,64,41,12,12,4,9
2018-7288,Seoul,Hard,32,C,,20180430,19,HG86,,,Lloyd Harris,R,193,RSA,21.177,232,248,L575,4,,Yen-Hsun Lu,R,180,TPE,34.71,109,505,6-4 3-0 RET,3,R16,108,2,0,33,18,12,9,6,0,1,1,5,47,20,10,12,7,4,8
2018-7288,Seoul,Hard,32,C,,20180430,20,MK66,5,,Mackenzie McDonald,R,178,USA,23.039,146,395,MQ75,,,Kamil Majchrzak,R,183,POL,22.294,212,277,6-3 6-4,3,R16,102,2,2,56,42,31,4,9,6,8,0,5,59,36,20,9,10,4,9
2018-7288,Seoul,Hard,32,C,,20180430,21,KF17,,,Soonwoo Kwon,R,180,KOR,20.408,204,288,SC47,6,,Go Soeda,R,178,JPN,33.648,149,388,6-4 6-4,3,R16,87,2,0,61,34,24,14,10,5,8,3,2,65,37,23,10,10,6,11
2018-7288,Seoul,Hard,32,C,,20180430,22,T982,,,Tsung-Hua Yang,R,178,TPE,27.088,249,217,J380,7,,Jason Jung,R,180,TPE,28.873,154,366,6-4 7-5,3,R16,107,9,4,82,51,39,15,11,6,6,1,4,81,48,32,17,11,4,6
2018-7288,Seoul,Hard,32,C,,20180430,23,I230,8,,Tatsuma Ito,R,180,JPN,29.949,172,321,HC21,,,Seongchan Hong,R,175,KOR,20.832,664,35,7-5 6-1,3,R16,95,0,0,58,41,31,8,9,1,2,0,2,70,49,28,8,10,5,10
2018-7288,Seoul,Hard,32,C,,20180430,24,W571,,,Di Wu,R,173,CHN,26.626,305,161,WB08,,,Yosuke Watanuki,R,180,JPN,20.049,361,125,6-4 7-5,3,R16,95,1,3,82,46,29,21,11,6,8,1,3,67,39,24,15,11,5,9
2018-7288,Seoul,Hard,32,C,,20180430,25,TC61,3,,Jordan Thompson,R,183,AUS,24.027,94,642,T982,,,Tsung-Hua Yang,R,178,TPE,27.088,249,217,6-1 6-3,3,QF,80,1,1,50,38,29,6,8,5,6,3,3,58,32,16,9,8,6,11
2018-7288,Seoul,Hard,32,C,,20180430,26,MK66,5,,Mackenzie McDonald,R,178,USA,23.039,146,395,HG86,,,Lloyd Harris,R,193,RSA,21.177,232,248,6-7(4) 7-6(8) 6-3,3,QF,153,2,0,133,87,54,31,17,9,12,16,12,112,64,50,22,16,3,7
2018-7288,Seoul,Hard,32,C,,20180430,27,I230,8,,Tatsuma Ito,R,180,JPN,29.949,172,321,W571,,,Di Wu,R,173,CHN,26.626,305,161,7-5 3-6 6-2,3,QF,105,3,3,84,63,46,9,14,1,4,2,7,90,57,37,16,15,3,8
2018-7288,Seoul,Hard,32,C,,20180430,28,KB95,,,Jason Kubler,R,178,AUS,24.947,180,316,KF17,,,Soonwoo Kwon,R,180,KOR,20.408,204,288,6-3 6-4,3,QF,80,2,6,68,42,31,13,10,0,1,1,2,45,31,21,7,9,2,5
2018-7288,Seoul,Hard,32,C,,20180430,29,TC61,3,,Jordan Thompson,R,183,AUS,24.027,94,642,KB95,,,Jason Kubler,R,178,AUS,24.947,180,316,6-3 3-6 6-4,3,SF,115,3,3,79,60,45,10,14,3,5,7,8,84,60,44,10,14,0,3
2018-7288,Seoul,Hard,32,C,,20180430,30,MK66,5,,Mackenzie McDonald,R,178,USA,23.039,146,395,I230,8,,Tatsuma Ito,R,180,JPN,29.949,172,321,6-4 7-6(4),3,SF,99,3,2,69,45,33,16,11,5,7,2,4,84,59,39,9,11,5,8
2018-7288,Seoul,Hard,32,C,,20180430,31,MK66,5,,Mackenzie McDonald,R,178,USA,23.039,146,395,TC61,3,,Jordan Thompson,R,183,AUS,24.027,94,642,1-6 6-4 6-1,3,F,103,5,1,74,47,33,15,12,1,3,0,0,74,56,34,10,12,7,10
2018-7911,Puerto Vallarta,Hard,32,C,,20180430,1,MB53,1,,Adrian Menendez-Maceiras,R,183,ESP,32.504,148,388,MN44,,,Bradley Mousley,R,188,AUS,22.322,295,167,6-3 3-1 RET,3,R32,55,1,0,33,20,14,7,6,1,2,4,2,45,25,14,7,7,3,7
2018-7911,Puerto Vallarta,Hard,32,C,,20180430,2,E224,2,,Victor Estrella Burgos,R,170,DOM,37.741,166,330,SG56,,,Daniel Dutra da Silva,L,,BRA,29.818,372,119,6-1 6-1,3,R32,70,1,0,45,24,16,16,7,2,2,1,6,56,28,15,11,7,5,10
2018-7911,Puerto Vallarta,Hard,32,C,,20180430,3,KB14,3,,Kevin King,L,191,USA,27.168,170,322,SK41,,,Nicolaas Scholtz,R,,RSA,27.231,339,141,6-3 6-1,3,R32,73,5,3,50,31,25,11,8,3,3,2,7,53,30,17,9,8,6,10
2018-7911,Puerto Vallarta,Hard,32,C,,20180430,4,DC76,,,Viktor Durasovic,R,185,NOR,21.114,454,82,E865,4,,Christopher Eubanks,R,201,USA,21.985,184,308,7-6(6) 6-3,3,R32,76,7,4,75,50,37,12,11,2,4,12,8,65,34,23,16,10,1,4
2018-7911,Puerto Vallarta,Hard,32,C,,20180430,5,PE02,5,,Danilo Petrovic,R,203,SRB,26.264,257,204,E661,,,Gonzalo Escobar,L,178,ECU,29.273,359,126,6-3 1-6 6-2,3,R32,112,3,2,78,50,33,14,12,6,10,3,3,88,60,35,10,12,10,15
2018-7911,Puerto Vallarta,Hard,32,C,,20180430,6,SL07,6,,Alexander Sarkissian,R,191,USA,28.074,247,219,LG87,,,Gerardo Lopez Villasenor,R,191,MEX,22.968,1021,9,2-6 6-3 6-4,3,R32,116,4,6,75,37,23,24,14,4,8,2,3,82,46,31,19,13,8,12
2018-7911,Puerto Vallarta,Hard,32,C,,20180430,7,H896,7,,Jose Hernandez-Fernandez,R,183,DOM,28.131,260,201,SF89,,,Rubin Statham,R,180,NZL,31.014,344,137,6-2 6-4,3,R32,,,,,,,,,,,,,,,,,,,
2018-7911,Puerto Vallarta,Hard,32,C,,20180430,8,Q941,8,,Roberto Quiroz,L,193,ECU,26.182,248,218,SP05,,,Evan Song,L,178,USA,25.895,425,91,7-6(6) 6-3,3,R32,107,4,0,59,42,37,13,11,2,2,9,3,86,59,42,12,10,6,7
2018-7911,Puerto Vallarta,Hard,32,C,,20180430,9,CF88,,,Roberto Cid Subervi,R,193,DOM,24.665,307,160,G892,,,Alejandro Gonzalez,R,191,COL,29.224,270,192,6-2 5-7 6-2,3,R32,133,1,2,107,65,44,19,14,10,13,2,5,80,50,30,15,14,6,12
2018-7911,Puerto Vallarta,Hard,32,C,,20180430,10,G725,,,Santiago Giraldo,R,188,COL,30.423,310,158,S0H7,,,Marcelo Sepulveda,,,MEX,,,,6-2 6-0,3,R32,,,,,,,,,,,,,,,,,,,
2018-7911,Puerto Vallarta,Hard,32,C,,20180430,11,G985,,,Carlos Gomez-Herrera,R,191,ESP,28,298,165,MF70,,,Luis David Martinez,R,178,VEN,28.966,1066,8,6-3 2-6 6-2,3,R32,112,6,3,77,46,35,16,13,6,9,6,8,75,32,25,18,12,0,4
2018-7911,Puerto Vallarta,Hard,32,C,,20180430,12,H917,,,Tigre Hank,L,188,MEX,26.582,974,11,GB42,,,Alejandro Gomez,R,183,COL,26.71,718,28,6-4 2-6 7-6(3),3,R32,116,1,1,94,63,40,17,15,2,6,10,4,90,59,43,12,15,4,7
2018-7911,Puerto Vallarta,Hard,32,C,,20180430,13,HH26,,,Ugo Humbert,L,188,FRA,19.844,297,167,BC76,,,Nicolas Barrientos,R,175,COL,31.017,1670,1,7-6(7) 6-2,3,R32,81,10,3,56,30,27,16,10,0,1,0,4,70,54,30,8,10,4,7
2018-7911,Puerto Vallarta,Hard,32,C,,20180430,14,LD26,,,Edan Leshem,R,183,ISR,21.114,301,163,KA00,,,Austin Krajicek,L,188,USA,27.871,293,170,6-3 6-4,3,R32,75,10,4,65,43,30,13,10,2,3,4,1,52,33,22,8,9,4,7
2018-7911,Puerto Vallarta,Hard,32,C,,20180430,15,MJ88,,,Felipe Mantilla,R,185,COL,24.972,638,39,K964,,,Brydan Klein,R,188,GBR,28.329,416,95,6-4 6-7(7) 6-1,3,R32,150,5,1,95,57,43,24,15,1,2,6,3,92,56,44,14,14,2,6
2018-7911,Puerto Vallarta,Hard,32,C,,20180430,16,PC78,,,Ante Pavic,R,196,CRO,29.147,266,196,SI82,,,Manuel Sanchez,R,,MEX,27.316,603,45,6-2 6-3,3,R32,57,10,1,44,26,23,13,9,0,0,1,4,47,29,20,7,8,5,8
2018-7911,Puerto Vallarta,Hard,32,C,,20180430,17,MB53,1,,Adrian Menendez-Maceiras,R,183,ESP,32.504,148,388,MJ88,,,Felipe Mantilla,R,185,COL,24.972,638,39,4-6 7-5 6-2,3,R16,162,6,3,96,58,35,23,15,7,11,3,3,105,64,36,20,15,5,11
2018-7911,Puerto Vallarta,Hard,32,C,,20180430,18,G985,,,Carlos Gomez-Herrera,R,191,ESP,28,298,165,E224,2,,Victor Estrella Burgos,R,170,DOM,37.741,166,330,7-6(2) 6-3,3,R16,111,1,2,68,35,27,22,10,3,3,5,0,86,57,40,12,11,8,10
2018-7911,Puerto Vallarta,Hard,32,C,,20180430,19,KB14,3,,Kevin King,L,191,USA,27.168,170,322,H917,,,Tigre Hank,L,188,MEX,26.582,974,11,6-3 6-2,3,R16,71,3,5,57,34,25,12,9,4,5,0,1,50,33,19,7,8,4,8
2018-7911,Puerto Vallarta,Hard,32,C,,20180430,20,PE02,5,,Danilo Petrovic,R,203,SRB,26.264,257,204,HH26,,,Ugo Humbert,L,188,FRA,19.844,297,167,6-4 3-6 6-3,3,R16,107,8,3,86,59,42,18,14,7,8,13,6,82,48,41,15,14,5,7
2018-7911,Puerto Vallarta,Hard,32,C,,20180430,21,G725,,,Santiago Giraldo,R,188,COL,30.423,310,158,SL07,6,,Alexander Sarkissian,R,191,USA,28.074,247,219,6-3 7-6(2),3,R16,96,8,2,69,46,38,12,11,2,3,16,5,76,42,32,14,10,3,5
2018-7911,Puerto Vallarta,Hard,32,C,,20180430,22,CF88,,,Roberto Cid Subervi,R,193,DOM,24.665,307,160,H896,7,,Jose Hernandez-Fernandez,R,183,DOM,28.131,260,201,5-0 RET,3,R16,,,,,,,,,,,,,,,,,,,
2018-7911,Puerto Vallarta,Hard,32,C,,20180430,23,Q941,8,,Roberto Quiroz,L,193,ECU,26.182,248,218,LD26,,,Edan Leshem,R,183,ISR,21.114,301,163,6-2 3-6 6-3,3,R16,113,7,1,78,56,44,9,13,4,5,1,3,77,45,27,20,13,3,6
2018-7911,Puerto Vallarta,Hard,32,C,,20180430,24,PC78,,,Ante Pavic,R,196,CRO,29.147,266,196,DC76,,,Viktor Durasovic,R,185,NOR,21.114,454,82,7-6(3) 6-2,3,R16,85,12,1,62,40,32,14,10,3,4,5,3,70,41,33,9,10,7,10
2018-7911,Puerto Vallarta,Hard,32,C,,20180430,25,MB53,1,,Adrian Menendez-Maceiras,R,183,ESP,32.504,148,388,CF88,,,Roberto Cid Subervi,R,193,DOM,24.665,307,160,6-4 7-6(6),3,QF,119,2,2,67,43,31,17,11,0,1,1,2,98,61,35,22,11,10,12
2018-7911,Puerto Vallarta,Hard,32,C,,20180430,26,KB14,3,,Kevin King,L,191,USA,27.168,170,322,Q941,8,,Roberto Quiroz,L,193,ECU,26.182,248,218,6-2 7-5,3,QF,76,3,7,54,28,24,13,10,0,1,0,3,69,41,23,14,10,4,8
2018-7911,Puerto Vallarta,Hard,32,C,,20180430,27,PE02,5,,Danilo Petrovic,R,203,SRB,26.264,257,204,PC78,,,Ante Pavic,R,196,CRO,29.147,266,196,6-3 6-2,3,QF,73,12,2,45,28,24,9,8,1,1,6,5,73,41,25,15,9,10,14
2018-7911,Puerto Vallarta,Hard,32,C,,20180430,28,G985,,,Carlos Gomez-Herrera,R,191,ESP,28,298,165,G725,,,Santiago Giraldo,R,188,COL,30.423,310,158,1-6 7-5 7-6(1),3,QF,155,1,3,105,67,43,14,16,5,12,3,8,91,49,34,15,15,4,9
2018-7911,Puerto Vallarta,Hard,32,C,,20180430,29,MB53,1,,Adrian Menendez-Maceiras,R,183,ESP,32.504,148,388,KB14,3,,Kevin King,L,191,USA,27.168,170,322,3-6 6-0 7-5,3,SF,125,1,3,81,59,42,8,13,7,10,6,11,82,44,29,15,14,6,12
2018-7911,Puerto Vallarta,Hard,32,C,,20180430,30,PE02,5,,Danilo Petrovic,R,203,SRB,26.264,257,204,G985,,,Carlos Gomez-Herrera,R,191,ESP,28,298,165,6-3 6-3,3,SF,64,12,3,44,28,27,10,9,0,0,2,1,58,40,24,9,9,3,6
2018-7911,Puerto Vallarta,Hard,32,C,,20180430,31,MB53,1,,Adrian Menendez-Maceiras,R,183,ESP,32.504,148,388,PE02,5,,Danilo Petrovic,R,203,SRB,26.264,257,204,1-6 7-5 6-3,3,F,124,3,2,92,59,33,19,14,5,10,12,2,78,54,36,11,14,1,6
2018-7916,Glasgow,Hard,32,C,,20180430,1,L797,1,,Lukas Lacko,R,188,SVK,30.489,104,540,DA86,,,Joris De Loore,R,191,BEL,25.024,322,151,6-4 6-4,3,R32,68,14,2,56,30,27,17,10,1,1,9,3,57,36,32,6,10,3,5
2018-7916,Glasgow,Hard,32,C,,20180430,2,MM66,2,,Nikola Milojevic,R,188,SRB,22.864,208,284,G922,,,Gerard Granollers,R,183,ESP,29.246,396,102,7-6(4) 6-2,3,R32,104,4,3,63,34,30,14,10,2,3,3,1,79,38,26,19,10,10,13
2018-7916,Glasgow,Hard,32,C,,20180430,3,G753,3,,David Guez,R,185,FRA,35.392,284,176,M0CW,,,Aidan McHugh,R,180,GBR,17.807,1252,4,7-6(5) 6-3,3,R32,97,1,3,68,37,28,15,10,5,8,8,7,73,45,30,10,11,3,8
2018-7916,Glasgow,Hard,32,C,,20180430,4,V490,4,,Matteo Viola,R,185,ITA,30.815,285,176,BH76,,,Riccardo Bellotti,R,,ITA,26.735,431,87,6-1 6-2,3,R32,49,0,0,32,25,22,6,7,0,0,0,1,45,35,19,1,8,2,7
2018-7916,Glasgow,Hard,32,C,,20180430,5,SF36,,,Igor Sijsling,R,191,NED,30.7,393,104,Z419,5,,Bernabe Zapata Miralles,R,183,ESP,21.295,290,173,6-1 6-3,3,R32,52,3,1,47,26,20,9,8,4,6,2,4,48,25,11,7,8,1,7
2018-7916,Glasgow,Hard,32,C,,20180430,6,W503,,,James Ward,R,188,GBR,31.22,660,36,U120,6,,Kaichi Uchida,R,180,JPN,23.685,294,169,6-4 7-6(4),3,R32,97,13,3,81,51,38,16,11,2,3,7,6,84,42,34,19,11,6,8
2018-7916,Glasgow,Hard,32,C,,20180430,7,GD08,,,Lloyd Glasspool,R,191,GBR,24.444,477,74,J493,7,,Marek Jaloviec,L,180,CZE,24.186,302,163,6-3 6-2,3,R32,65,10,2,56,39,32,5,9,0,1,0,7,58,37,21,8,8,6,10
2018-7916,Glasgow,Hard,32,C,,20180430,8,MO55,8,,Lucas Miedler,R,183,AUT,21.856,331,145,E687,,,Daniel Evans,R,175,GBR,27.937,994,10,2-6 6-2 6-4,3,R32,87,13,3,71,47,41,9,13,2,4,1,5,76,53,34,14,13,4,7
2018-7916,Glasgow,Hard,32,C,,20180430,9,AB71,,,JC Aragone,R,178,USA,22.839,327,147,ML57,,,Gianluca Mager,R,188,ITA,23.411,383,111,7-5 6-3,3,R32,80,14,2,75,46,33,18,11,0,0,9,3,56,25,21,15,10,1,3
2018-7916,Glasgow,Hard,32,C,,20180430,10,BC72,,,Daniel Brands,R,196,GER,30.787,370,120,HB41,,,Jared Hiltzik,R,185,USA,23.811,414,96,6-3 6-4,3,R32,58,6,0,53,37,29,9,10,1,2,1,1,48,33,26,3,9,1,4
2018-7916,Glasgow,Hard,32,C,,20180430,11,H808,,,Harri Heliovaara,R,188,FIN,28.903,457,80,GK30,,,Jonathan Gray,R,185,GBR,21.057,595,47,6-3 6-1,3,R32,57,3,2,47,30,25,10,8,1,1,4,2,53,40,25,2,8,7,11
2018-7916,Glasgow,Hard,32,C,,20180430,12,KB43,,,Robin Kern,R,188,GER,24.572,424,91,BF98,,,Alessandro Bega,R,170,ITA,27.299,328,147,6-1 6-3,3,R32,53,8,1,49,31,24,12,8,3,3,0,2,50,30,16,9,8,2,6
2018-7916,Glasgow,Hard,32,C,,20180430,13,MI01,,,Hiroki Moriya,R,168,JPN,27.537,278,187,MG08,,,Yannick Mertens,R,185,BEL,30.847,345,137,6-4 3-6 7-6(3),3,R32,115,5,2,89,39,30,29,15,4,7,0,2,98,60,39,23,16,2,5
2018-7916,Glasgow,Hard,32,C,,20180430,14,O327,,,Guillermo Olaso,R,175,ESP,30.097,386,109,KD87,,,Evgeny Karlovskiy,R,191,RUS,23.729,330,146,7-6(5) 6-3,3,R32,85,7,1,61,32,26,20,11,1,2,11,7,72,39,30,14,10,6,8
2018-7916,Glasgow,Hard,32,C,,20180430,15,O340,,,Roberto Ortega-Olmedo,R,168,ESP,27.001,309,159,V824,,,Mario Vilella Martinez,R,178,ESP,22.825,325,149,7-6(6) 6-4,3,R32,92,2,2,73,44,36,18,11,7,7,16,4,81,46,35,17,11,4,5
2018-7916,Glasgow,Hard,32,C,,20180430,16,V495,,,Luca Vanni,R,198,ITA,32.903,314,156,J347,,,Yannick Jankovits,R,,FRA,31.313,333,144,6-3 7-6(4),3,R32,86,13,1,59,35,30,11,10,1,3,1,4,75,37,28,14,11,3,7
2018-7916,Glasgow,Hard,32,C,,20180430,17,L797,1,,Lukas Lacko,R,188,SVK,30.489,104,540,MI01,,,Hiroki Moriya,R,168,JPN,27.537,278,187,6-1 6-4,3,R16,78,15,1,65,40,31,9,9,3,4,2,3,64,36,20,13,8,10,14
2018-7916,Glasgow,Hard,32,C,,20180430,18,V495,,,Luca Vanni,R,198,ITA,32.903,314,156,MM66,2,,Nikola Milojevic,R,188,SRB,22.864,208,284,6-4 6-7(4) 7-6(4),3,R16,154,21,0,103,73,59,16,17,1,2,13,6,116,74,57,21,17,11,13
2018-7916,Glasgow,Hard,32,C,,20180430,19,G753,3,,David Guez,R,185,FRA,35.392,284,176,KB43,,,Robin Kern,R,188,GER,24.572,424,91,4-6 7-6(5) 6-4,3,R16,118,8,5,98,56,44,24,16,1,3,15,3,99,50,38,28,16,4,6
2018-7916,Glasgow,Hard,32,C,,20180430,20,V490,4,,Matteo Viola,R,185,ITA,30.815,285,176,AB71,,,JC Aragone,R,178,USA,22.839,327,147,6-4 3-6 6-1,3,R16,110,1,6,75,43,31,12,13,0,4,2,2,90,63,37,10,13,5,11
2018-7916,Glasgow,Hard,32,C,,20180430,21,BC72,,,Daniel Brands,R,196,GER,30.787,370,120,MO55,8,,Lucas Miedler,R,183,AUT,21.856,331,145,6-1 6-3,3,R16,54,13,0,40,30,28,5,8,3,3,4,2,58,35,19,10,8,7,11
2018-7916,Glasgow,Hard,32,C,,20180430,22,H808,,,Harri Heliovaara,R,188,FIN,28.903,457,80,W503,,,James Ward,R,188,GBR,31.22,660,36,7-5 6-4,3,R16,91,6,7,74,40,34,15,11,9,10,11,6,74,44,32,11,11,4,7
2018-7916,Glasgow,Hard,32,C,,20180430,23,O327,,,Guillermo Olaso,R,175,ESP,30.097,386,109,GD08,,,Lloyd Glasspool,R,191,GBR,24.444,477,74,6-4 6-3,3,R16,81,2,1,61,28,20,18,10,5,7,9,1,70,53,29,7,9,9,13
2018-7916,Glasgow,Hard,32,C,,20180430,24,O340,,,Roberto Ortega-Olmedo,R,168,ESP,27.001,309,159,SF36,,,Igor Sijsling,R,191,NED,30.7,393,104,1-6 7-6(3) 7-6(4),3,R16,127,5,3,110,52,37,28,15,7,11,7,1,106,55,44,24,16,1,3
2018-7916,Glasgow,Hard,32,C,,20180430,25,L797,1,,Lukas Lacko,R,188,SVK,30.489,104,540,O327,,,Guillermo Olaso,R,175,ESP,30.097,386,109,6-2 6-3,3,QF,74,6,1,48,30,27,10,9,0,0,2,2,59,32,18,14,8,3,6
2018-7916,Glasgow,Hard,32,C,,20180430,26,G753,3,,David Guez,R,185,FRA,35.392,284,176,BC72,,,Daniel Brands,R,196,GER,30.787,370,120,6-4 5-7 6-2,3,QF,145,5,1,102,58,40,25,15,8,10,16,5,123,81,51,19,15,15,19
2018-7916,Glasgow,Hard,32,C,,20180430,27,V490,4,,Matteo Viola,R,185,ITA,30.815,285,176,H808,,,Harri Heliovaara,R,188,FIN,28.903,457,80,5-7 6-2 7-5,3,QF,129,6,7,109,74,51,15,16,6,9,9,2,107,75,47,16,16,10,15
2018-7916,Glasgow,Hard,32,C,,20180430,28,V495,,,Luca Vanni,R,198,ITA,32.903,314,156,O340,,,Roberto Ortega-Olmedo,R,168,ESP,27.001,309,159,6-3 6-2,3,QF,62,14,2,51,32,28,10,9,0,0,0,1,47,28,19,7,8,1,4
2018-7916,Glasgow,Hard,32,C,,20180430,29,L797,1,,Lukas Lacko,R,188,SVK,30.489,104,540,G753,3,,David Guez,R,185,FRA,35.392,284,176,6-3 6-4,3,SF,88,11,4,67,34,27,16,10,7,9,2,1,70,41,24,14,9,7,11
2018-7916,Glasgow,Hard,32,C,,20180430,30,V495,,,Luca Vanni,R,198,ITA,32.903,314,156,V490,4,,Matteo Viola,R,185,ITA,30.815,285,176,6-2 6-2,3,SF,70,9,4,51,27,24,8,8,1,2,1,1,60,41,19,8,8,6,11
2018-7916,Glasgow,Hard,32,C,,20180430,31,L797,1,,Lukas Lacko,R,188,SVK,30.489,104,540,V495,,,Luca Vanni,R,198,ITA,32.903,314,156,4-6 7-6(3) 6-4,3,F,128,9,1,92,55,44,25,16,1,2,20,5,106,65,51,22,16,6,7
2018-2151,Rome,Clay,32,C,,20180512,1,BE54,1,,Ruben Bemelmans,L,183,BEL,30.324,107,517,A622,,,Andrea Arnaboldi,L,180,ITA,30.374,257,216,6-4 6-2,3,R32,87,5,3,63,43,32,10,9,5,5,2,1,58,36,20,12,9,1,4
2018-2151,Rome,Clay,32,C,,20180512,2,DB63,2,,Laslo Djere,R,188,SRB,22.943,106,545,BV24,,,Raul Brancaccio,R,183,ITA,21.021,559,54,6-4 6-2,3,R32,82,1,1,53,33,22,10,9,1,4,0,5,56,25,13,12,9,3,9
2018-2151,Rome,Clay,32,C,,20180512,3,SC73,,,Rogerio Dutra Silva,R,178,BRA,34.264,116,477,ME31,,,Vincent Millot,L,173,FRA,32.279,254,222,6-3 6-1,3,R32,68,8,1,46,28,22,12,8,1,1,0,3,54,31,15,11,8,2,6
2018-2151,Rome,Clay,32,C,,20180512,4,PG32,,,Adam Pavlasek,R,185,CZE,23.592,245,235,HB64,6,,Quentin Halys,R,191,FRA,21.541,126,447,6-4 4-6 6-1,3,R32,130,2,1,86,53,39,18,13,3,5,5,7,120,62,39,26,14,7,12
2018-2151,Rome,Clay,32,C,,20180512,5,KC04,7,,Jozef Kovalik,R,183,SVK,25.517,131,430,MF35,,,Andrej Martin,R,183,SVK,28.641,155,365,7-5 6-4,3,R32,96,1,1,58,42,32,8,11,2,4,0,2,58,28,18,16,11,2,6
2018-2151,Rome,Clay,32,C,,20180512,6,BA98,8,,Simone Bolelli,R,183,ITA,32.591,139,413,TA29,,,Marco Trungelliti,R,178,ARG,28.277,172,321,6-2 7-6(1),3,R32,96,1,0,61,35,25,17,10,0,1,0,3,65,42,24,10,10,0,3
2018-2151,Rome,Clay,32,C,,20180512,7,BE68,,,Tomislav Brkic,R,185,BIH,28.175,255,221,KH56,,,Zdenek Kolar,R,183,CZE,21.588,234,248,6-1 4-6 6-0,3,R32,110,6,6,72,44,29,14,11,5,8,2,3,91,55,27,15,12,7,15
2018-2151,Rome,Clay,32,C,,20180512,8,GB61,,,Viktor Galovic,R,193,CRO,27.644,182,312,BV17,,,Riccardo Balzerani,R,185,ITA,19.546,697,31,6-3 6-7(4) 6-4,3,R32,155,3,2,106,62,45,20,16,7,10,3,3,98,62,40,17,15,6,11
2018-2151,Rome,Clay,32,C,,20180512,9,G983,,,Alessandro Giannessi,L,185,ITA,27.951,197,293,V490,,,Matteo Viola,R,185,ITA,30.847,262,207,6-2 6-4,3,R32,74,3,0,62,45,31,10,9,5,6,0,4,58,36,20,8,9,2,6
2018-2151,Rome,Clay,32,C,,20180512,10,H924,,,Patricio Heras,R,183,ARG,29.303,344,137,FC49,,,Giovanni Fonio,R,183,ITA,20.014,667,35,6-4 3-6 7-5,3,R32,127,3,4,86,61,47,11,15,3,5,3,4,107,60,44,22,16,8,11
2018-2151,Rome,Clay,32,C,,20180512,11,KB92,,,Kevin Krawietz,R,188,GER,26.297,413,96,H804,,,Andreas Haider-Maurer,R,191,AUT,31.14,425,91,6-1 6-3,3,R32,68,4,0,42,27,21,12,8,0,0,4,4,54,29,19,8,8,0,4
2018-2151,Rome,Clay,32,C,,20180512,12,LB84,,,Juan Ignacio Londero,R,180,ARG,24.739,194,298,Z419,,,Bernabe Zapata Miralles,R,183,ESP,21.328,298,172,7-6(0) 6-3,3,R32,84,5,2,72,46,35,15,11,7,9,4,4,66,38,22,14,10,5,8
2018-2151,Rome,Clay,32,C,,20180512,13,O376,,,Renzo Olivo,R,178,ARG,26.157,211,278,CA33,,,Inigo Cervantes,R,180,ESP,28.446,328,146,6-2 6-2,3,R32,97,1,2,52,26,19,15,8,4,5,2,4,77,38,25,12,8,9,14
2018-2151,Rome,Clay,32,C,,20180512,14,Q948,,,Gianluigi Quinzi,L,191,ITA,22.275,259,214,MJ01,,,Roberto Marcora,R,193,ITA,28.698,463,79,6-4 6-4,3,R32,95,1,2,62,43,29,14,10,6,7,6,1,74,35,25,17,10,8,11
2018-2151,Rome,Clay,32,C,,20180512,15,SN77,,,Vaclav Safranek,R,183,CZE,23.978,277,190,DA67,,,Matteo Donati,R,185,ITA,23.201,242,237,1-6 6-2 6-3,3,R32,104,0,1,83,55,34,14,12,5,9,3,2,84,54,32,15,12,12,17
2018-2151,Rome,Clay,32,C,,20180512,16,SK47,,,Mohamed Safwat,R,180,EGY,27.644,183,312,RF12,,,Alberto Romero De Avila Senise,R,173,ESP,20.438,898,15,7-6(7) 6-0,3,R32,105,2,1,70,39,29,11,9,8,11,1,2,62,44,19,7,9,2,8
2018-2151,Rome,Clay,32,C,,20180512,17,Q948,,,Gianluigi Quinzi,L,191,ITA,22.275,259,214,BE54,1,,Ruben Bemelmans,L,183,BEL,30.324,107,517,4-6 6-1 6-2,3,R16,96,5,1,75,47,36,14,13,4,7,4,1,68,40,26,10,12,4,10
2018-2151,Rome,Clay,32,C,,20180512,18,DB63,2,,Laslo Djere,R,188,SRB,22.943,106,545,BE68,,,Tomislav Brkic,R,185,BIH,28.175,255,221,7-6(5) 3-6 7-5,3,R16,163,3,5,105,59,41,21,16,9,13,1,8,104,59,41,22,17,3,7
2018-2151,Rome,Clay,32,C,,20180512,19,SC73,,,Rogerio Dutra Silva,R,178,BRA,34.264,116,477,LB84,,,Juan Ignacio Londero,R,180,ARG,24.739,194,298,7-6(5) 6-4,3,R16,111,5,1,91,69,45,10,11,5,7,4,0,60,36,25,13,11,1,4
2018-2151,Rome,Clay,32,C,,20180512,20,SN77,,,Vaclav Safranek,R,183,CZE,23.978,277,190,KC04,7,,Jozef Kovalik,R,183,SVK,25.517,131,430,7-6(3) 5-7 6-3,3,R16,132,2,2,105,80,52,19,17,8,11,6,1,85,62,44,15,16,1,4
2018-2151,Rome,Clay,32,C,,20180512,21,BA98,8,,Simone Bolelli,R,183,ITA,32.591,139,413,SK47,,,Mohamed Safwat,R,180,EGY,27.644,183,312,6-1 6-4,3,R16,81,1,1,55,40,31,8,9,3,3,2,3,58,38,25,8,8,3,6
2018-2151,Rome,Clay,32,C,,20180512,22,H924,,,Patricio Heras,R,183,ARG,29.303,344,137,GB61,,,Viktor Galovic,R,193,CRO,27.644,182,312,7-6(7) 6-0,3,R16,89,5,3,62,43,31,11,9,2,3,6,1,76,53,28,11,9,4,8
2018-2151,Rome,Clay,32,C,,20180512,23,KB92,,,Kevin Krawietz,R,188,GER,26.297,413,96,O376,,,Renzo Olivo,R,178,ARG,26.157,211,278,3-6 7-6(2) 6-3,3,R16,168,1,2,105,72,43,14,16,10,16,1,7,118,63,32,29,14,12,17
2018-2151,Rome,Clay,32,C,,20180512,24,PG32,,,Adam Pavlasek,R,185,CZE,23.592,245,235,G983,,,Alessandro Giannessi,L,185,ITA,27.951,197,293,6-4 6-1,3,R16,83,6,1,66,48,31,9,8,3,4,3,2,60,39,21,8,9,2,7
2018-2151,Rome,Clay,32,C,,20180512,25,DB63,2,,Laslo Djere,R,188,SRB,22.943,106,545,BA98,8,,Simone Bolelli,R,183,ITA,32.591,139,413,W/O,3,QF,,,,,,,,,,,,,,,,,,,
2018-2151,Rome,Clay,32,C,,20180512,26,Q948,,,Gianluigi Quinzi,L,191,ITA,22.275,259,214,SC73,,,Rogerio Dutra Silva,R,178,BRA,34.264,116,477,6-4 6-4,3,QF,88,1,0,57,43,23,11,10,2,5,5,5,73,36,21,15,10,6,11
2018-2151,Rome,Clay,32,C,,20180512,27,KB92,,,Kevin Krawietz,R,188,GER,26.297,413,96,SN77,,,Vaclav Safranek,R,183,CZE,23.978,277,190,7-6(5) 7-6(3),3,QF,115,4,2,90,55,39,17,12,8,12,0,2,78,45,30,16,12,3,7
2018-2151,Rome,Clay,32,C,,20180512,28,PG32,,,Adam Pavlasek,R,185,CZE,23.592,245,235,H924,,,Patricio Heras,R,183,ARG,29.303,344,137,7-6(5) 6-1,3,QF,91,4,0,56,38,31,12,10,3,4,1,5,63,40,23,15,9,5,8
2018-2151,Rome,Clay,32,C,,20180512,29,DB63,2,,Laslo Djere,R,188,SRB,22.943,106,545,KB92,,,Kevin Krawietz,R,188,GER,26.297,413,96,6-2 6-2,3,SF,63,5,3,45,25,22,10,8,0,0,0,1,59,36,21,9,8,6,10
2018-2151,Rome,Clay,32,C,,20180512,30,PG32,,,Adam Pavlasek,R,185,CZE,23.592,245,235,Q948,,,Gianluigi Quinzi,L,191,ITA,22.275,259,214,6-7(4) 6-3 7-5,3,SF,161,5,1,126,83,58,22,16,5,6,9,2,113,69,50,22,17,8,12
2018-2151,Rome,Clay,32,C,,20180512,31,PG32,,,Adam Pavlasek,R,185,CZE,23.592,245,235,DB63,2,,Laslo Djere,R,188,SRB,22.943,106,545,7-6(1) 6-7(9) 6-4,3,F,169,8,2,104,68,51,24,17,3,5,5,4,121,69,50,27,17,6,9
2018-3967,Karshi,Hard,32,C,,20180512,1,V824,,,Mario Vilella Martinez,R,178,ESP,22.858,327,147,HB71,1,,Hubert Hurkacz,R,196,POL,21.246,179,315,7-6(6) 5-2 RET,3,R32,79,5,4,59,37,27,13,10,3,5,2,5,62,49,29,5,9,1,4
2018-3967,Karshi,Hard,32,C,,20180512,2,MM66,2,,Nikola Milojevic,R,188,SRB,22.897,200,292,SX50,,,Roman Safiullin,R,185,RUS,20.761,385,110,6-4 6-2,3,R32,74,2,3,56,38,30,9,9,1,1,4,5,63,39,26,11,9,3,6
2018-3967,Karshi,Hard,32,C,,20180512,3,GC89,3,,Egor Gerasimov,R,196,BLR,25.498,236,245,D551,,,Farrukh Dustov,R,193,UZB,31.973,1079,8,6-3 6-4,3,R32,70,5,1,46,31,28,12,10,0,0,3,1,64,35,22,18,9,6,8
2018-3967,Karshi,Hard,32,C,,20180512,4,I236,4,,Uladzimir Ignatik,R,183,BLR,27.828,225,258,F0A3,,,Sergey Fomin,R,180,UZB,17.273,929,13,6-3 6-3,3,R32,56,11,1,42,25,24,12,9,0,0,3,1,58,25,15,17,9,3,6
2018-3967,Karshi,Hard,32,C,,20180512,5,N503,5,,Aleksandr Nedovyesov,R,188,KAZ,31.236,232,250,BH80,,,Andrea Basso,L,185,ITA,24.591,310,161,7-6(5) 7-5,3,R32,125,8,1,97,67,52,13,12,8,9,1,3,87,58,39,16,12,4,6
2018-3967,Karshi,Hard,32,C,,20180512,6,HG86,6,,Lloyd Harris,R,193,RSA,21.21,231,251,GE28,,,Ivan Gakhov,L,191,RUS,21.517,350,136,7-6(5) 1-6 6-3,3,R32,103,6,4,92,68,48,10,14,4,7,9,3,88,55,37,20,14,2,4
2018-3967,Karshi,Hard,32,C,,20180512,7,SF41,7,,Aldin Setkic,R,191,BIH,30.39,251,225,SL92,,,Shuichi Sekiguchi,R,168,JPN,26.825,515,64,6-1 7-5,3,R32,89,6,4,53,35,26,12,10,3,5,3,2,60,35,17,11,9,3,8
2018-3967,Karshi,Hard,32,C,,20180512,8,T982,8,,Tsung-Hua Yang,R,178,TPE,27.121,247,235,BF98,,,Alessandro Bega,R,170,ITA,27.332,306,163,6-4 6-4,3,R32,80,11,4,55,36,32,8,10,4,5,1,2,85,59,35,13,10,11,14
2018-3967,Karshi,Hard,32,C,,20180512,9,BD82,,,Sergey Betov,R,185,,30.574,873,16,KG72,,,Jurabek Karimov,R,191,UZB,19.937,507,66,7-6(4) 6-3,3,R32,83,5,1,63,45,37,12,11,0,1,6,4,63,37,29,12,10,0,2
2018-3967,Karshi,Hard,32,C,,20180512,10,BG72,,,Carlos Boluda-Purkiss,R,173,ESP,25.3,275,193,TD47,,,Evgenii Tiurnev,R,191,RUS,21.092,343,138,7-5 3-6 6-2,3,R32,115,1,2,87,54,41,14,14,2,4,10,9,84,45,36,17,15,6,10
2018-3967,Karshi,Hard,32,C,,20180512,11,G681,,,Teymuraz Gabashvili,R,185,GEO,32.969,370,120,AB71,,,JC Aragone,R,178,USA,22.872,318,155,6-2 6-4,3,R32,76,0,3,62,41,29,15,9,6,6,4,3,52,36,22,8,9,2,5
2018-3967,Karshi,Hard,32,C,,20180512,12,I306,,,Cem Ilkel,R,185,TUR,22.724,258,215,HB41,,,Jared Hiltzik,R,185,USA,23.844,416,96,6-2 7-6(4),3,R32,88,4,2,71,41,32,17,10,6,7,4,1,80,48,30,16,10,2,5
2018-3967,Karshi,Hard,32,C,,20180512,13,O340,,,Roberto Ortega-Olmedo,R,168,ESP,27.034,297,174,LC11,,,Tristan Lamasine,R,183,FRA,25.185,395,103,7-6(3) 6-4,3,R32,99,1,6,74,52,33,7,11,5,10,6,3,78,43,28,12,11,5,11
2018-3967,Karshi,Hard,32,C,,20180512,14,MP13,,,Mukund Sasikumar,R,185,IND,21.322,422,94,F786,,,Sanjar Fayziev,R,188,UZB,23.786,458,80,4-6 6-2 7-6(4),3,R32,143,4,1,83,42,32,21,15,1,4,7,1,117,80,49,16,15,12,16
2018-3967,Karshi,Hard,32,C,,20180512,15,SR81,,,Khumoyun Sultanov,R,180,UZB,19.54,844,18,K776,,,Konstantin Kravchuk,R,191,RUS,33.213,376,114,7-6(3) 6-3,3,R32,85,9,3,61,29,22,22,10,2,3,7,2,71,49,31,13,11,8,11
2018-3967,Karshi,Hard,32,C,,20180512,16,U120,,,Kaichi Uchida,R,180,JPN,23.718,301,169,MI01,,,Hiroki Moriya,R,168,JPN,27.57,269,198,1-6 6-2 6-3,3,R32,107,2,7,77,41,26,18,12,3,7,3,2,74,42,27,15,12,2,7
2018-3967,Karshi,Hard,32,C,,20180512,17,MP13,,,Mukund Sasikumar,R,185,IND,21.322,422,94,MM66,2,,Nikola Milojevic,R,188,SRB,22.897,200,292,6-3 0-6 6-2,3,R16,99,3,3,72,36,24,20,12,3,6,7,1,68,40,26,15,11,3,6
2018-3967,Karshi,Hard,32,C,,20180512,18,GC89,3,,Egor Gerasimov,R,196,BLR,25.498,236,245,G681,,,Teymuraz Gabashvili,R,185,GEO,32.969,370,120,6-4 7-6(5),3,R16,101,8,2,87,55,42,12,11,12,15,2,2,61,34,22,13,11,0,4
2018-3967,Karshi,Hard,32,C,,20180512,19,I236,4,,Uladzimir Ignatik,R,183,BLR,27.828,225,258,U120,,,Kaichi Uchida,R,180,JPN,23.718,301,169,6-3 6-3,3,R16,57,14,2,49,35,30,8,9,2,2,5,3,57,40,25,10,9,6,9
2018-3967,Karshi,Hard,32,C,,20180512,20,I306,,,Cem Ilkel,R,185,TUR,22.724,258,215,N503,5,,Aleksandr Nedovyesov,R,188,KAZ,31.236,232,250,3-6 6-3 4-0 RET,3,R16,91,4,2,70,32,21,23,11,5,7,3,4,70,47,28,11,11,4,8
2018-3967,Karshi,Hard,32,C,,20180512,21,HG86,6,,Lloyd Harris,R,193,RSA,21.21,231,251,O340,,,Roberto Ortega-Olmedo,R,168,ESP,27.034,297,174,3-6 7-6(4) 6-3,3,R16,135,24,1,118,68,52,25,16,4,7,2,4,91,53,36,24,14,5,7
2018-3967,Karshi,Hard,32,C,,20180512,22,BD82,,,Sergey Betov,R,185,,30.574,873,16,SF41,7,,Aldin Setkic,R,191,BIH,30.39,251,225,6-4 4-6 7-6(4),3,R16,161,13,4,109,66,55,20,16,6,8,9,2,105,75,50,19,16,6,8
2018-3967,Karshi,Hard,32,C,,20180512,23,BG72,,,Carlos Boluda-Purkiss,R,173,ESP,25.3,275,193,T982,8,,Tsung-Hua Yang,R,178,TPE,27.121,247,235,6-4 5-7 7-6(7),3,R16,153,5,3,125,92,67,16,17,3,4,21,7,95,57,55,16,17,1,2
2018-3967,Karshi,Hard,32,C,,20180512,24,SR81,,,Khumoyun Sultanov,R,180,UZB,19.54,844,18,V824,,,Mario Vilella Martinez,R,178,ESP,22.858,327,147,6-1 7-5,3,R16,67,5,3,54,28,25,16,10,0,0,4,1,49,23,16,11,9,0,3
2018-3967,Karshi,Hard,32,C,,20180512,25,GC89,3,,Egor Gerasimov,R,196,BLR,25.498,236,245,HG86,6,,Lloyd Harris,R,193,RSA,21.21,231,251,6-1 3-6 6-3,3,QF,77,5,2,64,42,36,13,13,1,2,5,1,66,45,31,11,12,1,4
2018-3967,Karshi,Hard,32,C,,20180512,26,BD82,,,Sergey Betov,R,185,,30.574,873,16,I236,4,,Uladzimir Ignatik,R,183,BLR,27.828,225,258,6-3 7-6(1),3,QF,91,6,1,66,41,35,15,11,4,4,12,1,65,43,35,7,10,2,3
2018-3967,Karshi,Hard,32,C,,20180512,27,BG72,,,Carlos Boluda-Purkiss,R,173,ESP,25.3,275,193,SR81,,,Khumoyun Sultanov,R,180,UZB,19.54,844,18,7-6(3) 6-4,3,QF,107,6,3,81,49,33,18,11,5,7,5,2,71,37,28,15,11,4,7
2018-3967,Karshi,Hard,32,C,,20180512,28,I306,,,Cem Ilkel,R,185,TUR,22.724,258,215,MP13,,,Mukund Sasikumar,R,185,IND,21.322,422,94,3-6 6-2 6-3,3,QF,102,7,1,72,36,26,26,13,1,2,11,2,86,46,32,21,13,6,9
2018-3967,Karshi,Hard,32,C,,20180512,29,GC89,3,,Egor Gerasimov,R,196,BLR,25.498,236,245,I306,,,Cem Ilkel,R,185,TUR,22.724,258,215,7-6(4) 7-6(4),3,SF,96,7,5,81,51,44,16,12,4,5,9,1,86,56,42,15,12,7,8
2018-3967,Karshi,Hard,32,C,,20180512,30,BD82,,,Sergey Betov,R,185,,30.574,873,16,BG72,,,Carlos Boluda-Purkiss,R,173,ESP,25.3,275,193,7-6(3) 6-1,3,SF,94,6,2,61,38,30,9,10,2,5,1,2,58,35,18,12,9,6,11
2018-3967,Karshi,Hard,32,C,,20180512,31,GC89,3,,Egor Gerasimov,R,196,BLR,25.498,236,245,BD82,,,Sergey Betov,R,185,,30.574,873,16,7-6(3) 2-0 RET,3,F,54,3,0,43,33,26,9,7,1,1,5,2,46,34,25,6,7,2,3
2018-7009,Aix en Provence,Clay,32,C,,20180513,1,MH30,1,,John Millman,R,183,AUS,28.912,70,786,P09Z,,,Alexei Popyrin,R,196,AUS,18.771,409,98,6-2 5-7 6-2,3,R32,122,4,3,86,50,35,20,14,4,7,3,1,86,45,31,15,14,6,12
2018-7009,Aix en Provence,Clay,32,C,,20180513,2,BT68,,,Elliot Benchetrit,R,193,MAR,19.611,345,137,CA12,2,,Jeremy Chardy,R,188,FRA,31.247,74,745,6-3 6-2,3,R32,53,8,2,46,24,22,16,9,3,3,4,2,47,31,21,4,8,1,4
2018-7009,Aix en Provence,Clay,32,C,,20180513,3,A887,,,Guido Andreozzi,R,183,ARG,26.771,137,421,A829,3,,Radu Albot,R,175,MDA,28.501,98,626,3-6 6-3 6-4,3,R32,119,3,3,80,47,27,18,14,4,9,1,6,82,56,36,8,14,7,13
2018-7009,Aix en Provence,Clay,32,C,,20180513,4,N771,4,,Cameron Norrie,L,188,GBR,22.721,102,595,D750,,,Kenny De Schepper,L,203,FRA,30.957,176,318,1-6 6-2 6-1,3,R32,93,1,1,61,40,28,14,11,0,2,3,3,77,54,31,13,11,10,14
2018-7009,Aix en Provence,Clay,32,C,,20180513,5,SP80,,,Nino Serdarusic,R,191,CRO,21.413,210,281,HB48,5,,Calvin Hemery,R,191,FRA,23.288,123,456,7-6(2) 6-2,3,R32,87,5,2,67,43,36,15,10,6,6,3,9,66,27,21,19,10,1,3
2018-7009,Aix en Provence,Clay,32,C,,20180513,6,TC95,,,Johan Tatlot,R,180,FRA,22.13,363,124,PB22,6,,Peter Polansky,R,183,CAN,29.908,125,448,7-5 5-7 6-3,3,R32,147,5,3,95,59,43,18,17,4,8,2,1,106,66,37,23,16,5,10
2018-7009,Aix en Provence,Clay,32,C,,20180513,7,O513,,,Sebastian Ofner,R,191,AUT,22.001,148,390,SC77,7,,Sergiy Stakhovsky,R,193,UKR,32.348,127,445,3-6 6-2 7-5,3,R32,122,2,2,87,47,36,21,14,6,8,5,3,93,54,34,21,15,5,9
2018-7009,Aix en Provence,Clay,32,C,,20180513,8,MJ08,8,,Thiago Monteiro,L,183,BRA,23.951,122,460,MJ71,,,Mats Moraing,L,198,GER,25.895,156,360,6-2 6-3,3,R32,56,6,3,46,28,25,12,9,0,0,6,7,48,21,16,12,8,1,4
2018-7009,Aix en Provence,Clay,32,C,,20180513,9,GB93,,,Norbert Gombos,R,193,SVK,27.748,150,385,R419,,,Tommy Robredo,R,180,ESP,36.033,226,257,6-2 7-6(4),3,R32,92,7,1,67,41,32,16,10,3,3,5,3,77,42,32,13,10,7,9
2018-7009,Aix en Provence,Clay,32,C,,20180513,10,G585,,,Maximo Gonzalez,R,173,ARG,34.815,573,50,MP20,,,Alexandre Muller,R,183,FRA,21.276,372,120,6-2 6-2,3,R32,68,3,3,48,26,18,15,8,5,6,1,4,50,28,17,5,8,3,8
2018-7009,Aix en Provence,Clay,32,C,,20180513,11,KA98,,,Bradley Klahn,L,183,USA,27.729,173,320,BK92,,,Alexander Bublik,R,196,KAZ,20.903,143,402,7-6(5) 7-6(4),3,R32,99,4,3,81,53,41,17,12,4,5,6,3,78,37,29,24,12,4,5
2018-7009,Aix en Provence,Clay,32,C,,20180513,12,LB66,,,Constant Lestienne,R,180,FRA,25.971,213,270,KE64,,,Stefan Kozlov,R,183,USA,20.277,190,304,7-6(2) 6-4,3,R32,104,5,3,70,38,31,18,11,2,3,0,1,81,45,25,23,11,9,11
2018-7009,Aix en Provence,Clay,32,C,,20180513,13,ML57,,,Gianluca Mager,R,188,ITA,23.447,382,111,G858,,,Ernests Gulbis,R,191,LAT,29.7,191,302,7-5 7-6(7),3,R32,108,5,4,78,45,39,17,12,1,1,7,5,77,40,35,19,12,1,2
2018-7009,Aix en Provence,Clay,32,C,,20180513,14,O449,,,Oscar Otte,R,193,GER,24.824,181,313,D916,,,Steven Diez,R,175,CAN,27.157,309,162,2-6 6-2 6-3,3,R32,116,9,9,84,41,31,20,13,4,7,1,2,73,59,35,6,12,3,7
2018-7009,Aix en Provence,Clay,32,C,,20180513,15,TA46,,,Bernard Tomic,R,196,AUS,25.558,243,236,BU54,,,Geoffrey Blancaneaux,R,180,FRA,19.762,315,157,6-4 2-6 7-5,3,R32,133,11,1,87,54,40,18,15,4,7,6,11,115,73,49,19,15,9,12
2018-7009,Aix en Provence,Clay,32,C,,20180513,16,Y218,,,Elias Ymer,R,185,SWE,22.089,138,418,BM95,,,Benjamin Bonzi,R,183,FRA,21.925,205,286,6-4 6-2,3,R32,71,2,1,50,29,24,15,9,1,1,1,3,63,37,22,15,9,5,8
2018-7009,Aix en Provence,Clay,32,C,,20180513,17,MH30,1,,John Millman,R,183,AUS,28.912,70,786,LB66,,,Constant Lestienne,R,180,FRA,25.971,213,270,6-2 6-2,3,R16,74,0,1,58,35,24,13,8,3,4,2,2,50,24,15,7,8,1,6
2018-7009,Aix en Provence,Clay,32,C,,20180513,18,Y218,,,Elias Ymer,R,185,SWE,22.089,138,418,N771,4,,Cameron Norrie,L,188,GBR,22.721,102,595,2-6 6-3 7-5,3,R16,125,2,3,94,53,37,19,15,6,10,4,3,83,50,30,17,14,1,5
2018-7009,Aix en Provence,Clay,32,C,,20180513,19,MJ08,8,,Thiago Monteiro,L,183,BRA,23.951,122,460,KA98,,,Bradley Klahn,L,183,USA,27.729,173,320,7-5 6-4,3,R16,82,6,1,62,40,32,14,11,1,1,9,2,64,36,29,14,11,2,4
2018-7009,Aix en Provence,Clay,32,C,,20180513,20,A887,,,Guido Andreozzi,R,183,ARG,26.771,137,421,G585,,,Maximo Gonzalez,R,173,ARG,34.815,573,50,6-1 6-2,3,R16,66,5,2,48,34,26,8,8,5,5,0,2,48,32,17,6,7,7,11
2018-7009,Aix en Provence,Clay,32,C,,20180513,21,ML57,,,Gianluca Mager,R,188,ITA,23.447,382,111,BT68,,,Elliot Benchetrit,R,193,MAR,19.611,345,137,6-4 3-6 6-1,3,R16,135,9,3,95,52,38,21,13,5,7,5,6,121,63,35,31,13,15,19
2018-7009,Aix en Provence,Clay,32,C,,20180513,22,O449,,,Oscar Otte,R,193,GER,24.824,181,313,O513,,,Sebastian Ofner,R,191,AUT,22.001,148,390,4-6 6-3 6-2,3,R16,94,10,3,78,46,36,19,14,1,2,3,3,68,32,24,20,13,1,4
2018-7009,Aix en Provence,Clay,32,C,,20180513,23,SP80,,,Nino Serdarusic,R,191,CRO,21.413,210,281,GB93,,,Norbert Gombos,R,193,SVK,27.748,150,385,6-4 6-4,3,R16,81,6,2,59,41,30,10,10,2,3,3,6,73,39,28,14,10,7,10
2018-7009,Aix en Provence,Clay,32,C,,20180513,24,TA46,,,Bernard Tomic,R,196,AUS,25.558,243,236,TC95,,,Johan Tatlot,R,180,FRA,22.13,363,124,6-4 6-1,3,R16,59,4,3,48,31,20,11,8,0,1,4,5,48,30,17,7,9,1,6
2018-7009,Aix en Provence,Clay,32,C,,20180513,25,MH30,1,,John Millman,R,183,AUS,28.912,70,786,O449,,,Oscar Otte,R,193,GER,24.824,181,313,6-4 6-0,3,QF,69,3,1,48,31,21,9,8,2,4,3,5,62,34,18,8,8,6,12
2018-7009,Aix en Provence,Clay,32,C,,20180513,26,A887,,,Guido Andreozzi,R,183,ARG,26.771,137,421,MJ08,8,,Thiago Monteiro,L,183,BRA,23.951,122,460,7-6(7) 7-6(2),3,QF,146,6,1,96,71,50,11,12,6,8,1,1,102,61,38,21,12,6,8
2018-7009,Aix en Provence,Clay,32,C,,20180513,27,TA46,,,Bernard Tomic,R,196,AUS,25.558,243,236,ML57,,,Gianluca Mager,R,188,ITA,23.447,382,111,6-3 6-4,3,QF,74,10,0,68,37,30,14,10,2,3,4,6,62,27,21,11,9,5,8
2018-7009,Aix en Provence,Clay,32,C,,20180513,28,Y218,,,Elias Ymer,R,185,SWE,22.089,138,418,SP80,,,Nino Serdarusic,R,191,CRO,21.413,210,281,7-5 6-3,3,QF,82,2,2,77,46,31,19,11,6,7,4,3,53,31,22,12,10,2,5
2018-7009,Aix en Provence,Clay,32,C,,20180513,29,MH30,1,,John Millman,R,183,AUS,28.912,70,786,A887,,,Guido Andreozzi,R,183,ARG,26.771,137,421,6-7(9) 6-2 7-5,3,SF,161,3,0,104,69,40,24,16,8,12,2,5,102,57,39,19,16,3,10
2018-7009,Aix en Provence,Clay,32,C,,20180513,30,TA46,,,Bernard Tomic,R,196,AUS,25.558,243,236,Y218,,,Elias Ymer,R,185,SWE,22.089,138,418,2-6 7-6(2) 6-4,3,SF,137,8,1,104,71,52,12,15,9,13,10,8,117,59,45,27,15,12,15
2018-7009,Aix en Provence,Clay,32,C,,20180513,31,MH30,1,,John Millman,R,183,AUS,28.912,70,786,TA46,,,Bernard Tomic,R,196,AUS,25.558,243,236,6-1 6-2,3,F,48,9,0,42,31,24,9,8,0,0,5,1,43,28,14,6,7,6,10
2018-7011,Gimcheon,Hard,33,C,,20180513,1,L733,,,Zhe Li,R,183,CHN,31.644,334,142,E690,1,,Matthew Ebden,R,188,AUS,30.461,83,694,6-7(5) 6-1 3-0 RET,3,R32,96,4,0,74,51,37,14,11,4,5,5,7,71,36,27,14,11,4,9
2018-7011,Gimcheon,Hard,33,C,,20180513,2,PD07,2,,Vasek Pospisil,R,193,CAN,27.888,88,685,U134,,,Yasutaka Uchiyama,R,183,JPN,25.769,239,242,6-7(5) 6-2 6-2,3,R32,113,11,2,74,49,41,18,14,1,2,3,3,91,54,40,15,14,5,10
2018-7011,Gimcheon,Hard,33,C,,20180513,3,TC61,3,,Jordan Thompson,R,183,AUS,24.063,89,682,CH90,,,Yun seong Chung,R,178,KOR,20.129,442,86,6-4 6-1,3,R32,71,3,3,55,43,30,8,9,3,3,0,5,55,23,16,15,8,2,5
2018-7011,Gimcheon,Hard,33,C,,20180513,4,SC56,4,,Dudi Sela,R,175,ISR,33.106,97,629,BH87,,,Maverick Banes,R,,AUS,26.089,348,136,6-3 6-2,3,R32,57,2,4,48,27,25,11,9,3,4,1,2,47,28,16,8,8,3,7
2018-7011,Gimcheon,Hard,33,C,,20180513,5,MK66,6,,Mackenzie McDonald,R,178,USA,23.075,114,490,Z272,,,Ze Zhang,R,188,CHN,27.858,263,205,7-6(4) 7-6(5),3,R32,110,5,0,84,55,39,17,12,1,2,3,3,96,53,36,23,12,9,10
2018-7011,Gimcheon,Hard,33,C,,20180513,6,SC47,7,,Go Soeda,R,178,JPN,33.684,149,390,SF89,,,Rubin Statham,R,180,NZL,31.05,346,137,6-2 3-6 6-4,3,R32,124,1,2,88,49,31,22,13,4,7,8,7,90,55,41,9,14,5,10
2018-7011,Gimcheon,Hard,33,C,,20180513,7,J380,8,,Jason Jung,R,180,TPE,28.909,154,374,I230,,,Tatsuma Ito,R,180,JPN,29.985,159,356,6-3 5-7 7-6(4),3,R32,165,3,3,127,64,42,38,17,12,15,2,2,120,82,52,20,16,8,11
2018-7011,Gimcheon,Hard,33,C,,20180513,8,KB95,,,Jason Kubler,R,178,AUS,24.983,161,350,GC88,,,Marcos Giron,R,180,USA,24.802,347,136,6-4 6-2,3,R32,64,3,1,48,34,24,9,9,5,7,3,1,53,34,19,7,9,4,9
2018-7011,Gimcheon,Hard,33,C,,20180513,9,KF17,,,Soonwoo Kwon,R,180,KOR,20.444,187,306,KA22,,,Dayne Kelly,R,,AUS,27.806,313,160,6-4 2-6 6-2,3,R32,121,5,6,84,45,30,16,13,3,8,4,6,86,48,29,16,13,8,14
2018-7011,Gimcheon,Hard,33,C,,20180513,10,N732,,,Yoshihito Nishioka,L,170,JPN,22.626,362,124,SJ55,,,John-Patrick Smith,L,188,AUS,29.298,201,291,6-4 6-0,3,R32,73,0,0,56,39,24,11,8,3,4,1,2,61,39,18,10,8,6,11
2018-7011,Gimcheon,Hard,33,C,,20180513,11,O664,,,Makoto Ochi,L,175,JPN,22.026,504,68,L0CZ,,,Young Seok Lee,,,KOR,19.732,,,6-1 6-1,3,R32,,,,,,,,,,,,,,,,,,,
2018-7011,Gimcheon,Hard,33,C,,20180513,12,PF65,,,Filip Peliwo,R,180,POL,24.282,192,301,W571,,,Di Wu,R,173,CHN,26.661,286,179,6-4 6-1,3,R32,68,2,2,47,24,17,15,8,0,1,0,3,71,40,22,12,9,8,13
2018-7011,Gimcheon,Hard,33,C,,20180513,13,PH71,,,Max Purcell,R,185,AUS,20.11,241,238,SP24,,,Brayden Schnur,R,193,CAN,22.858,203,288,6-7(6) 6-1 6-3,3,R32,129,10,3,95,55,39,19,14,6,9,3,8,102,52,29,24,14,3,10
2018-7011,Gimcheon,Hard,33,C,,20180513,14,SM09,,,Luke Saville,R,188,AUS,24.359,456,81,LE01,,,Duckhee Lee,R,170,KOR,19.956,216,266,6-7(3) 6-2 6-3,3,R32,147,5,5,116,63,43,27,15,5,7,1,10,102,54,34,24,14,8,13
2018-7011,Gimcheon,Hard,33,C,,20180513,15,TF58,,,Yusuke Takahashi,R,170,JPN,20.569,285,185,P0AV,,,Uisung Park,R,175,KOR,17.624,,,7-5 6-2,3,R32,78,1,0,50,22,19,17,10,2,4,1,4,69,42,21,13,10,3,8
2018-7011,Gimcheon,Hard,33,C,,20180513,16,TD55,,,Renta Tokuda,R,178,JPN,20.123,354,133,TB70,,,Wishaya Trongcharoenchaikul,R,,THA,23.097,434,87,6-1 7-5,3,R32,56,4,2,49,34,31,10,10,0,0,0,2,51,31,22,8,9,2,5
2018-7011,Gimcheon,Hard,33,C,,20180513,17,PD07,2,,Vasek Pospisil,R,193,CAN,27.888,88,685,KB95,,,Jason Kubler,R,178,AUS,24.983,161,350,6-4 6-4,3,R16,78,7,4,53,31,27,11,10,1,2,3,3,63,44,27,11,10,5,8
2018-7011,Gimcheon,Hard,33,C,,20180513,18,N732,,,Yoshihito Nishioka,L,170,JPN,22.626,362,124,TC61,3,,Jordan Thompson,R,183,AUS,24.063,89,682,6-2 6-4,3,R16,70,0,1,59,43,26,9,9,3,5,1,3,50,38,20,4,9,2,7
2018-7011,Gimcheon,Hard,33,C,,20180513,19,KF17,,,Soonwoo Kwon,R,180,KOR,20.444,187,306,SC56,4,,Dudi Sela,R,175,ISR,33.106,97,629,4-6 6-3 6-1,3,R16,130,2,5,104,49,31,29,13,8,11,2,7,87,40,26,18,13,8,14
2018-7011,Gimcheon,Hard,33,C,,20180513,20,MK66,6,,Mackenzie McDonald,R,178,USA,23.075,114,490,PF65,,,Filip Peliwo,R,180,POL,24.282,192,301,4-6 6-3 6-1,3,R16,93,4,1,70,36,30,16,13,1,4,3,6,81,40,25,16,13,3,9
2018-7011,Gimcheon,Hard,33,C,,20180513,21,SC47,7,,Go Soeda,R,178,JPN,33.684,149,390,TF58,,,Yusuke Takahashi,R,170,JPN,20.569,285,185,7-6(3) 6-2,3,R16,82,1,2,65,33,24,17,10,3,5,2,5,58,37,24,8,10,3,7
2018-7011,Gimcheon,Hard,33,C,,20180513,22,TD55,,,Renta Tokuda,R,178,JPN,20.123,354,133,J380,8,,Jason Jung,R,180,TPE,28.909,154,374,7-6(6) 6-0,3,R16,79,2,2,56,36,28,9,9,0,2,1,1,66,38,20,12,9,6,11
2018-7011,Gimcheon,Hard,33,C,,20180513,23,O664,,,Makoto Ochi,L,175,JPN,22.026,504,68,SM09,,,Luke Saville,R,188,AUS,24.359,456,81,4-6 6-1 7-6(1),3,R16,167,1,6,99,43,30,26,14,5,10,5,3,104,49,34,25,15,6,11
2018-7011,Gimcheon,Hard,33,C,,20180513,24,O664,,,Makoto Ochi,L,175,JPN,22.026,504,68,SM09,,,Luke Saville,R,188,AUS,24.359,456,81,4-6 6-1 7-6(1),3,R16,156,1,4,108,63,38,25,15,10,15,5,3,105,63,37,16,14,7,13
2018-7011,Gimcheon,Hard,33,C,,20180513,25,PH71,,,Max Purcell,R,185,AUS,20.11,241,238,L733,,,Zhe Li,R,183,CHN,31.644,334,142,6-1 6-4,3,R16,70,8,1,63,37,26,13,9,4,5,1,1,44,27,14,8,8,2,6
2018-7011,Gimcheon,Hard,33,C,,20180513,26,PD07,2,,Vasek Pospisil,R,193,CAN,27.888,88,685,TD55,,,Renta Tokuda,R,178,JPN,20.123,354,133,6-4 6-4,3,QF,78,7,2,54,33,26,11,10,0,1,3,4,76,43,26,19,10,10,13
2018-7011,Gimcheon,Hard,33,C,,20180513,27,KF17,,,Soonwoo Kwon,R,180,KOR,20.444,187,306,MK66,6,,Mackenzie McDonald,R,178,USA,23.075,114,490,7-5 7-5,3,QF,98,6,4,82,40,27,18,12,7,11,6,4,74,49,30,8,12,4,10
2018-7011,Gimcheon,Hard,33,C,,20180513,28,PH71,,,Max Purcell,R,185,AUS,20.11,241,238,SC47,7,,Go Soeda,R,178,JPN,33.684,149,390,6-3 6-3,3,QF,55,8,1,42,24,22,14,9,0,0,4,2,56,43,27,5,9,2,5
2018-7011,Gimcheon,Hard,33,C,,20180513,29,N732,,,Yoshihito Nishioka,L,170,JPN,22.626,362,124,O664,,,Makoto Ochi,L,175,JPN,22.026,504,68,6-2 6-2,3,QF,75,0,0,54,38,27,11,8,3,3,1,8,58,20,12,16,8,3,7
2018-7011,Gimcheon,Hard,33,C,,20180513,30,PD07,2,,Vasek Pospisil,R,193,CAN,27.888,88,685,KF17,,,Soonwoo Kwon,R,180,KOR,20.444,187,306,6-1 6-2,3,SF,53,14,1,34,21,20,12,8,0,0,3,5,51,28,19,4,7,3,7
2018-7011,Gimcheon,Hard,33,C,,20180513,31,N732,,,Yoshihito Nishioka,L,170,JPN,22.626,362,124,PH71,,,Max Purcell,R,185,AUS,20.11,241,238,6-4 6-0,3,SF,48,2,0,35,29,26,6,8,0,0,9,2,50,29,18,7,8,4,8
2018-7011,Gimcheon,Hard,33,C,,20180513,32,N732,,,Yoshihito Nishioka,L,170,JPN,22.626,362,124,PD07,2,,Vasek Pospisil,R,193,CAN,27.888,88,685,6-4 7-5,3,F,99,0,2,68,52,35,9,11,5,7,8,0,78,41,28,15,11,5,9
2018-7913,Braga,Clay,32,C,,20180513,1,E698,1,,Gastao Elias,R,180,POR,27.466,112,499,GB13,,,Germain Gigounon,R,178,BEL,29.062,543,56,6-4 6-4,3,R32,99,1,4,69,42,25,13,10,5,8,0,2,64,37,21,12,10,3,8
2018-7913,Braga,Clay,32,C,,20180513,2,DH58,2,,Alex de Minaur,R,183,AUS,19.233,109,517,CN88,,,Tiago Cacao,R,185,PRT,20.203,681,33,2-6 6-2 6-3,3,R32,126,0,5,80,43,26,19,13,2,6,2,4,82,42,25,20,12,7,12
2018-7913,Braga,Clay,32,C,,20180513,3,H997,3,,Yannick Hanfmann,R,193,GER,26.497,132,428,GJ37,,,Tallon Griekspoor,R,188,NED,21.862,222,261,6-3 6-0,3,R32,70,4,1,45,30,24,8,8,3,4,2,6,65,33,18,11,7,10,15
2018-7913,Braga,Clay,32,C,,20180513,4,S483,4,,Pedro Sousa,R,180,POR,29.96,144,402,HB67,,,Christopher Heyman,L,188,BEL,24.594,294,175,6-2 6-2,3,R32,59,4,1,41,28,25,7,8,0,0,1,3,49,31,16,8,8,1,5
2018-7913,Braga,Clay,32,C,,20180513,5,R612,5,,Stephane Robert,R,185,FRA,37.988,170,330,K839,,,Tobias Kamke,R,178,GER,31.978,217,265,7-6(4) 7-5,3,R32,122,1,8,89,39,29,24,12,8,12,1,5,104,52,34,19,12,9,14
2018-7913,Braga,Clay,32,C,,20180513,6,AG37,6,,Felix Auger-Aliassime,R,193,CAN,17.76,189,305,HA71,,,Antoine Hoang,R,183,FRA,22.522,233,248,6-3 7-5,3,R32,111,3,4,66,39,27,12,10,2,4,1,6,72,45,25,13,11,2,7
2018-7913,Braga,Clay,32,C,,20180513,7,SJ22,7,,Gleb Sakharov,R,185,FRA,29.922,209,282,MM60,,,Joao Monteiro,R,178,PRT,24.375,266,202,2-6 6-3 6-2,3,R32,126,4,5,87,40,26,28,13,6,9,1,5,74,47,31,10,12,2,6
2018-7913,Braga,Clay,32,C,,20180513,8,RH16,8,,Casper Ruud,R,183,NOR,19.389,174,319,FC26,,,Evan Furness,R,173,FRA,19.748,464,79,6-4 6-3,3,R32,92,3,3,70,38,28,14,10,1,4,2,4,62,41,26,4,9,6,11
2018-7913,Braga,Clay,32,C,,20180513,9,BK19,,,Mathias Bourgue,R,188,FRA,24.315,270,197,CC66,,,Andrea Collarini,L,183,ARG,26.281,229,255,6-3 6-3,3,R32,82,4,1,46,29,22,10,9,0,2,0,3,58,35,20,8,9,1,6
2018-7913,Braga,Clay,32,C,,20180513,10,D985,,,Joao Domingues,R,,POR,24.602,218,264,SK67,,,Jan Satral,R,185,CZE,27.803,369,121,6-3 6-2,3,R32,87,1,1,57,31,23,12,8,3,4,0,5,61,34,21,9,9,3,8
2018-7913,Braga,Clay,32,C,,20180513,11,GA79,,,Lorenzo Giustino,R,180,ITA,26.672,253,223,GC54,,,Scott Griekspoor,R,188,NED,27.337,278,190,4-6 6-3 6-3,3,R32,140,7,6,83,49,37,18,14,1,4,8,7,108,69,46,13,14,6,11
2018-7913,Braga,Clay,32,C,,20180513,12,G935,,,Sergio Gutierrez-Ferrol,R,,ESP,29.188,283,185,N897,,,Sumit Nagal,R,178,IND,20.739,224,260,6-4 6-0,3,R32,60,4,4,45,28,26,7,8,1,1,0,1,47,25,14,10,8,2,6
2018-7913,Braga,Clay,32,C,,20180513,13,MO44,,,Pedro Martinez,R,185,ESP,21.046,237,244,G717,,,Fred Gil,R,173,POR,33.136,427,90,3-6 6-1 6-1,3,R32,113,1,7,70,41,23,17,11,3,6,5,2,76,37,22,14,12,7,14
2018-7913,Braga,Clay,32,C,,20180513,14,M915,,,Daniel Munoz de la Nava,L,175,ESP,36.285,279,189,CL84,,,Francisco Cabral,R,191,POR,21.342,886,16,6-2 6-2,3,R32,85,1,4,56,32,24,12,8,5,6,3,5,57,34,16,9,8,6,11
2018-7913,Braga,Clay,32,C,,20180513,15,DB59,,,Dennis Novak,R,183,AUT,24.706,193,298,SN54,,,Frederico Ferreira Silva,L,178,POR,23.154,287,178,6-4 7-5,3,R32,112,5,4,71,46,30,12,11,5,8,4,7,92,46,26,21,11,4,9
2018-7913,Braga,Clay,32,C,,20180513,16,O482,,,Gonzalo Oliveira,L,185,VEN,23.233,214,268,V758,,,David Vega Hernandez,R,188,ESP,23.888,587,49,7-6(2) 4-6 6-2,3,R32,156,3,5,99,62,41,19,15,5,9,0,3,90,59,34,19,15,7,12
2018-7913,Braga,Clay,32,C,,20180513,17,E698,1,,Gastao Elias,R,180,POR,27.466,112,499,BK19,,,Mathias Bourgue,R,188,FRA,24.315,270,197,4-6 6-3 7-5,3,R16,144,0,5,90,53,36,14,15,5,11,1,2,93,51,27,19,16,5,13
2018-7913,Braga,Clay,32,C,,20180513,18,DH58,2,,Alex de Minaur,R,183,AUS,19.233,109,517,GA79,,,Lorenzo Giustino,R,180,ITA,26.672,253,223,7-5 5-7 6-2,3,R16,163,3,6,121,65,40,29,16,14,18,0,6,82,41,24,22,16,1,7
2018-7913,Braga,Clay,32,C,,20180513,19,H997,3,,Yannick Hanfmann,R,193,GER,26.497,132,428,MO44,,,Pedro Martinez,R,185,ESP,21.046,237,244,6-2 6-2,3,R16,70,3,1,51,31,22,12,8,5,6,2,6,49,27,14,8,8,2,7
2018-7913,Braga,Clay,32,C,,20180513,20,S483,4,,Pedro Sousa,R,180,POR,29.96,144,402,M915,,,Daniel Munoz de la Nava,L,175,ESP,36.285,279,189,7-6(4) 6-4,3,R16,99,2,4,74,36,29,17,11,4,7,2,7,70,40,26,11,11,2,6
2018-7913,Braga,Clay,32,C,,20180513,21,D985,,,Joao Domingues,R,,POR,24.602,218,264,R612,5,,Stephane Robert,R,185,FRA,37.988,170,330,7-5 6-3,3,R16,91,0,1,71,43,22,16,11,9,14,1,6,70,38,20,9,10,8,15
2018-7913,Braga,Clay,32,C,,20180513,22,AG37,6,,Felix Auger-Aliassime,R,193,CAN,17.76,189,305,O482,,,Gonzalo Oliveira,L,185,VEN,23.233,214,268,6-3 6-1,3,R16,62,1,3,42,27,24,8,8,0,0,2,2,50,35,19,5,8,7,11
2018-7913,Braga,Clay,32,C,,20180513,23,G935,,,Sergio Gutierrez-Ferrol,R,,ESP,29.188,283,185,SJ22,7,,Gleb Sakharov,R,185,FRA,29.922,209,282,6-3 6-4,3,R16,87,2,2,60,35,28,13,10,3,4,1,0,63,35,25,11,9,5,8
2018-7913,Braga,Clay,32,C,,20180513,24,RH16,8,,Casper Ruud,R,183,NOR,19.389,174,319,DB59,,,Dennis Novak,R,183,AUT,24.706,193,298,6-4 6-2,3,R16,85,4,5,63,40,25,9,9,8,11,1,0,61,35,22,4,9,5,11
2018-7913,Braga,Clay,32,C,,20180513,25,E698,1,,Gastao Elias,R,180,POR,27.466,112,499,G935,,,Sergio Gutierrez-Ferrol,R,,ESP,29.188,283,185,6-3 6-2,3,QF,73,1,1,49,26,16,15,8,4,6,1,1,54,33,19,5,9,1,7
2018-7913,Braga,Clay,32,C,,20180513,26,DH58,2,,Alex de Minaur,R,183,AUS,19.233,109,517,AG37,6,,Felix Auger-Aliassime,R,193,CAN,17.76,189,305,3-6 6-1 6-2,3,QF,122,2,5,73,32,21,22,12,1,5,2,7,82,33,20,21,12,5,12
2018-7913,Braga,Clay,32,C,,20180513,27,RH16,8,,Casper Ruud,R,183,NOR,19.389,174,319,H997,3,,Yannick Hanfmann,R,193,GER,26.497,132,428,6-2 6-2,3,QF,58,2,0,44,27,22,11,8,0,0,1,4,44,23,16,7,8,1,5
2018-7913,Braga,Clay,32,C,,20180513,28,S483,4,,Pedro Sousa,R,180,POR,29.96,144,402,D985,,,Joao Domingues,R,,POR,24.602,218,264,6-1 6-2,3,QF,53,0,2,44,34,24,6,8,1,2,0,2,45,28,13,6,7,5,10
2018-7913,Braga,Clay,32,C,,20180513,29,S483,4,,Pedro Sousa,R,180,POR,29.96,144,402,E698,1,,Gastao Elias,R,180,POR,27.466,112,499,6-0 RET,3,SF,22,0,1,15,11,10,2,3,0,0,0,0,17,13,3,2,3,1,4
2018-7913,Braga,Clay,32,C,,20180513,30,RH16,8,,Casper Ruud,R,183,NOR,19.389,174,319,DH58,2,,Alex de Minaur,R,183,AUS,19.233,109,517,6-3 6-2,3,SF,66,0,2,51,34,26,12,9,2,2,1,3,49,24,13,14,8,4,7
2018-7913,Braga,Clay,32,C,,20180513,31,S483,4,,Pedro Sousa,R,180,POR,29.96,144,402,RH16,8,,Casper Ruud,R,183,NOR,19.389,174,319,6-0 3-6 6-3,3,F,94,0,2,74,59,35,10,12,4,7,3,4,68,38,23,12,12,2,8
2018-447,Samarkand,Clay,32,C,,20180519,1,CG04,,,Pedro Cachin,R,185,ARG,23.102,289,177,I165,,,Denis Istomin,R,185,UZB,31.696,96,638,7-6(3) 6-4,3,R32,99,2,0,77,51,37,13,11,5,6,2,3,74,48,37,9,11,0,2
2018-447,Samarkand,Clay,32,C,,20180519,2,BD80,2,,Attila Balazs,R,180,HUN,29.64,199,293,R913,,,Cristian Rodriguez,R,180,COL,27.901,375,117,6-4 6-2,3,R32,65,4,2,49,31,29,8,9,0,0,3,1,51,32,22,8,9,1,4
2018-447,Samarkand,Clay,32,C,,20180519,3,MM66,3,,Nikola Milojevic,R,188,SRB,22.916,194,300,F0A3,,,Sergey Fomin,R,180,UZB,17.292,933,13,6-0 6-0,3,R32,44,7,0,25,15,15,9,6,0,0,1,1,43,29,9,5,6,3,9
2018-447,Samarkand,Clay,32,C,,20180519,4,I236,4,,Uladzimir Ignatik,R,183,BLR,27.847,215,269,O340,,,Roberto Ortega-Olmedo,R,168,ESP,27.053,286,180,6-2 6-4,3,R32,67,5,2,44,29,25,9,9,1,2,2,4,59,30,20,12,9,3,7
2018-447,Samarkand,Clay,32,C,,20180519,5,HG86,5,,Lloyd Harris,R,193,RSA,21.229,219,267,KG72,,,Jurabek Karimov,R,191,UZB,19.956,505,66,6-3 6-3,3,R32,64,1,0,46,33,27,9,9,0,0,4,2,60,43,25,9,9,6,9
2018-447,Samarkand,Clay,32,C,,20180519,6,Z246,,,Miljan Zekic,R,185,SRB,29.851,299,167,N503,6,,Aleksandr Nedovyesov,R,188,KAZ,31.255,239,241,6-4 6-4,3,R32,86,2,0,75,46,33,15,10,4,5,1,2,64,40,27,13,10,5,8
2018-447,Samarkand,Clay,32,C,,20180519,7,V824,,,Mario Vilella Martinez,R,178,ESP,22.877,321,154,GC89,7,,Egor Gerasimov,R,196,BLR,25.517,236,245,5-7 7-6(8) 6-4,3,R32,158,5,9,134,82,56,26,17,4,7,6,4,117,71,50,23,17,7,10
2018-447,Samarkand,Clay,32,C,,20180519,8,T982,8,,Tsung-Hua Yang,R,178,TPE,27.14,240,241,D551,,,Farrukh Dustov,R,193,UZB,31.992,1079,8,6-1 6-3,3,R32,68,9,2,55,29,25,12,8,7,7,1,4,59,38,20,9,8,5,9
2018-447,Samarkand,Clay,32,C,,20180519,9,AB71,,,JC Aragone,R,178,USA,22.891,316,155,KD87,,,Evgeny Karlovskiy,R,191,RUS,23.781,333,146,7-6(7) 7-6(5),3,R32,119,9,3,95,57,41,21,12,6,8,6,0,82,59,44,10,12,1,3
2018-447,Samarkand,Clay,32,C,,20180519,10,N558,,,N.Sriram Balaji,R,180,IND,28.17,599,47,HA28,,,Filip Horansky,R,191,SVK,25.361,338,142,0-6 6-4 6-4,3,R32,98,2,3,85,55,30,14,13,9,15,2,1,75,58,35,7,13,5,10
2018-447,Samarkand,Clay,32,C,,20180519,11,GE28,,,Ivan Gakhov,L,191,RUS,21.536,352,136,H924,,,Patricio Heras,R,183,ARG,29.322,319,154,7-5 7-6(5),3,R32,106,4,3,81,49,34,17,12,3,5,1,6,78,51,29,16,12,6,9
2018-447,Samarkand,Clay,32,C,,20180519,12,M915,,,Daniel Munoz de la Nava,L,175,ESP,36.301,274,195,BH80,,,Andrea Basso,L,185,ITA,24.611,305,161,6-2 6-1,3,R32,67,5,1,45,29,23,10,8,0,0,0,0,44,18,10,12,7,4,8
2018-447,Samarkand,Clay,32,C,,20180519,13,PJ32,,,Manuel Pena Lopez,R,180,ARG,20.268,636,42,BD82,,,Sergey Betov,R,185,,30.593,469,76,6-1 6-1,3,R32,58,1,0,42,27,23,8,7,2,2,1,2,37,22,12,3,7,1,6
2018-447,Samarkand,Clay,32,C,,20180519,14,SX50,,,Roman Safiullin,R,185,RUS,20.78,387,110,G681,,,Teymuraz Gabashvili,R,185,GEO,32.988,356,134,7-6(4) 6-4,3,R32,114,5,5,68,38,34,17,11,0,0,4,4,83,53,39,15,11,5,6
2018-447,Samarkand,Clay,32,C,,20180519,15,SF41,,,Aldin Setkic,R,191,BIH,30.409,251,225,F786,,,Sanjar Fayziev,R,188,UZB,23.806,482,72,7-6(4) 6-7(1) 6-3,3,R32,179,9,6,122,81,60,20,17,8,9,9,6,113,74,51,23,16,7,9
2018-447,Samarkand,Clay,32,C,,20180519,16,V495,,,Luca Vanni,R,198,ITA,32.956,259,211,BG72,,,Carlos Boluda-Purkiss,R,173,ESP,25.32,256,220,6-0 6-1,3,R32,50,12,2,40,22,20,9,7,0,0,1,1,42,29,13,3,6,5,10
2018-447,Samarkand,Clay,32,C,,20180519,17,BD80,2,,Attila Balazs,R,180,HUN,29.64,199,293,N558,,,N.Sriram Balaji,R,180,IND,28.17,599,47,7-6(5) 7-6(3),3,R16,124,5,3,83,51,38,20,12,6,6,14,2,111,69,46,22,12,10,10
2018-447,Samarkand,Clay,32,C,,20180519,18,MM66,3,,Nikola Milojevic,R,188,SRB,22.916,194,300,GE28,,,Ivan Gakhov,L,191,RUS,21.536,352,136,6-3 6-4,3,R16,75,3,0,56,32,27,14,10,2,2,4,3,59,36,24,12,9,6,8
2018-447,Samarkand,Clay,32,C,,20180519,19,I236,4,,Uladzimir Ignatik,R,183,BLR,27.847,215,269,PJ32,,,Manuel Pena Lopez,R,180,ARG,20.268,636,42,6-4 6-7(5) 6-1,3,R16,179,12,3,103,66,54,15,15,4,5,5,6,108,67,41,23,14,4,8
2018-447,Samarkand,Clay,32,C,,20180519,20,HG86,5,,Lloyd Harris,R,193,RSA,21.229,219,267,M915,,,Daniel Munoz de la Nava,L,175,ESP,36.301,274,195,6-7(4) 7-5 7-6(3),3,R16,175,13,3,129,81,66,17,18,3,5,8,6,112,68,53,19,18,3,6
2018-447,Samarkand,Clay,32,C,,20180519,21,T982,8,,Tsung-Hua Yang,R,178,TPE,27.14,240,241,SF41,,,Aldin Setkic,R,191,BIH,30.409,251,225,6-2 6-3,3,R16,66,6,1,51,21,20,17,8,3,3,2,3,52,31,17,10,9,6,10
2018-447,Samarkand,Clay,32,C,,20180519,22,V495,,,Luca Vanni,R,198,ITA,32.956,259,211,CG04,,,Pedro Cachin,R,185,ARG,23.102,289,177,4-6 6-4 7-6(3),3,R16,155,9,2,93,57,44,16,16,2,6,7,4,114,66,44,23,16,6,10
2018-447,Samarkand,Clay,32,C,,20180519,23,V824,,,Mario Vilella Martinez,R,178,ESP,22.877,321,154,AB71,,,JC Aragone,R,178,USA,22.891,316,155,6-4 5-7 6-0,3,R16,130,5,3,79,48,31,19,14,2,5,4,7,96,63,37,12,14,7,13
2018-447,Samarkand,Clay,32,C,,20180519,24,Z246,,,Miljan Zekic,R,185,SRB,29.851,299,167,SX50,,,Roman Safiullin,R,185,RUS,20.78,387,110,6-1 6-4,3,R16,67,4,0,51,32,25,12,9,1,1,2,4,51,25,15,13,8,5,8
2018-447,Samarkand,Clay,32,C,,20180519,25,V824,,,Mario Vilella Martinez,R,178,ESP,22.877,321,154,BD80,2,,Attila Balazs,R,180,HUN,29.64,199,293,5-7 6-4 6-4,3,QF,135,6,7,101,54,38,23,16,8,12,1,1,95,59,36,20,16,6,11
2018-447,Samarkand,Clay,32,C,,20180519,26,MM66,3,,Nikola Milojevic,R,188,SRB,22.916,194,300,Z246,,,Miljan Zekic,R,185,SRB,29.851,299,167,6-2 6-1,3,QF,56,1,2,45,26,21,12,8,0,0,2,3,38,16,10,7,7,3,7
2018-447,Samarkand,Clay,32,C,,20180519,27,I236,4,,Uladzimir Ignatik,R,183,BLR,27.847,215,269,HG86,5,,Lloyd Harris,R,193,RSA,21.229,219,267,6-3 6-3,3,QF,66,2,0,45,31,26,10,9,0,0,2,1,52,35,20,10,9,3,6
2018-447,Samarkand,Clay,32,C,,20180519,28,V495,,,Luca Vanni,R,198,ITA,32.956,259,211,T982,8,,Tsung-Hua Yang,R,178,TPE,27.14,240,241,6-2 6-4,3,QF,84,4,2,58,34,26,12,9,3,4,5,1,56,33,21,10,9,2,6
2018-447,Samarkand,Clay,32,C,,20180519,29,V824,,,Mario Vilella Martinez,R,178,ESP,22.877,321,154,MM66,3,,Nikola Milojevic,R,188,SRB,22.916,194,300,6-2 6-4,3,SF,72,2,2,53,34,25,14,9,2,2,1,3,51,26,18,12,9,1,4
2018-447,Samarkand,Clay,32,C,,20180519,30,V495,,,Luca Vanni,R,198,ITA,32.956,259,211,I236,4,,Uladzimir Ignatik,R,183,BLR,27.847,215,269,6-3 6-3,3,SF,78,7,1,50,30,23,12,9,0,1,8,1,63,41,25,10,9,5,9
2018-447,Samarkand,Clay,32,C,,20180519,31,V495,,,Luca Vanni,R,198,ITA,32.956,259,211,V824,,,Mario Vilella Martinez,R,178,ESP,22.877,321,154,6-4 6-4,3,F,86,7,2,64,41,37,8,10,7,7,1,2,50,31,21,12,10,0,2
2018-3824,Bordeaux,Clay,32,C,,20180520,1,CA12,1,,Jeremy Chardy,R,188,FRA,31.266,89,680,P09Z,,,Alexei Popyrin,R,196,AUS,18.79,398,103,6-1 6-4,3,R32,63,4,1,46,29,23,13,9,0,0,2,4,56,34,24,8,8,5,8
2018-3824,Bordeaux,Clay,32,C,,20180520,2,KE64,,,Stefan Kozlov,R,183,USA,20.296,189,304,H996,2,,Pierre-Hugues Herbert,R,188,FRA,27.173,90,680,6-2 7-6(5),3,R32,104,3,1,75,54,38,12,10,5,6,6,4,77,41,29,17,10,3,6
2018-3824,Bordeaux,Clay,32,C,,20180520,3,G676,,,Daniel Gimeno-Traver,R,183,ESP,32.783,224,261,A829,3,,Radu Albot,R,175,MDA,28.52,97,626,4-6 6-3 7-5,3,R32,118,3,8,90,52,36,20,16,6,10,0,3,86,61,37,12,15,2,7
2018-3824,Bordeaux,Clay,32,C,,20180520,4,BT68,,,Elliot Benchetrit,R,193,MAR,19.63,337,142,M873,4,,Nicolas Mahut,R,191,FRA,36.326,116,475,6-3 6-3,3,R32,60,2,1,52,32,26,14,9,0,0,3,1,45,29,20,7,9,1,4
2018-3824,Bordeaux,Clay,32,C,,20180520,5,G858,,,Ernests Gulbis,R,191,LAT,29.719,190,302,SC73,5,,Rogerio Dutra Silva,R,178,BRA,34.286,115,479,3-6 6-3 6-2,3,R32,109,0,3,73,38,26,21,13,1,4,3,2,80,50,30,13,13,3,8
2018-3824,Bordeaux,Clay,32,C,,20180520,6,BM95,,,Benjamin Bonzi,R,183,FRA,21.944,216,268,KB09,6,,Denis Kudla,R,180,USA,25.755,117,471,4-6 6-1 6-0,3,R32,82,2,0,72,55,37,10,12,6,8,1,3,64,43,25,7,11,2,8
2018-3824,Bordeaux,Clay,32,C,,20180520,7,PB22,,,Peter Polansky,R,183,CAN,29.927,126,448,MJ08,7,,Thiago Monteiro,L,183,BRA,23.97,114,479,6-4 6-4,3,R32,72,7,0,51,31,24,16,10,0,0,4,4,63,35,27,14,10,3,5
2018-3824,Bordeaux,Clay,32,C,,20180520,8,HB48,8,,Calvin Hemery,R,191,FRA,23.307,123,456,J620,,,Maxime Janvier,R,196,FRA,21.585,283,185,7-5 6-4,3,R32,106,3,8,86,53,34,17,11,8,10,0,3,80,47,27,16,11,6,10
2018-3824,Bordeaux,Clay,32,C,,20180520,9,A887,,,Guido Andreozzi,R,183,ARG,26.79,120,466,MP20,,,Alexandre Muller,R,183,FRA,21.295,382,112,6-3 6-1,3,R32,78,3,1,47,28,23,12,8,3,3,1,0,60,37,18,12,8,7,11
2018-3824,Bordeaux,Clay,32,C,,20180520,10,BK24,,,Gregoire Barrere,R,183,FRA,24.255,241,239,D981,,,Arthur De Greef,R,183,BEL,26.146,222,263,6-1 6-2,3,R32,45,2,0,45,22,16,15,8,0,1,1,1,40,27,13,4,7,2,7
2018-3824,Bordeaux,Clay,32,C,,20180520,11,D750,,,Kenny De Schepper,L,203,FRA,30.976,176,318,BK92,,,Alexander Bublik,R,196,KAZ,20.923,141,402,6-0 6-3,3,R32,64,1,1,52,39,26,8,8,5,6,2,2,49,29,16,6,7,3,8
2018-3824,Bordeaux,Clay,32,C,,20180520,12,HA71,,,Antoine Hoang,R,183,FRA,22.541,233,248,BK19,,,Mathias Bourgue,R,188,FRA,24.334,268,203,6-4 7-5,3,R32,98,3,4,71,50,38,10,11,7,8,1,2,69,41,29,13,11,6,9
2018-3824,Bordeaux,Clay,32,C,,20180520,13,KA98,,,Bradley Klahn,L,183,USA,27.748,170,330,HH26,,,Ugo Humbert,L,188,FRA,19.899,296,174,6-2 6-2,3,R32,83,2,1,45,28,22,12,8,1,1,4,5,84,43,22,19,8,15,19
2018-3824,Bordeaux,Clay,32,C,,20180520,14,KH56,,,Zdenek Kolar,R,183,CZE,21.61,234,248,SC77,,,Sergiy Stakhovsky,R,193,UKR,32.367,130,435,6-3 6-1,3,R32,72,2,2,52,28,22,15,8,8,8,2,1,61,35,20,11,8,5,9
2018-3824,Bordeaux,Clay,32,C,,20180520,15,MW02,,,Corentin Moutet,L,180,FRA,19.086,144,398,B884,,,Carlos Berlocq,R,183,ARG,35.291,139,421,7-6(4) 6-3,3,R32,115,0,3,74,62,37,5,10,3,7,1,1,70,44,22,9,11,3,9
2018-3824,Bordeaux,Clay,32,C,,20180520,16,O522,,,Reilly Opelka,R,211,USA,20.726,206,285,LB66,,,Constant Lestienne,R,180,FRA,25.99,212,277,6-1 6-4,3,R32,56,9,0,47,31,26,11,9,0,0,5,4,51,25,16,14,8,4,7
2018-3824,Bordeaux,Clay,32,C,,20180520,17,A887,,,Guido Andreozzi,R,183,ARG,26.79,120,466,CA12,1,,Jeremy Chardy,R,188,FRA,31.266,89,680,6-3 3-6 6-0,3,R16,131,2,3,88,49,34,19,12,3,6,4,1,90,63,33,13,12,11,17
2018-3824,Bordeaux,Clay,32,C,,20180520,18,KA98,,,Bradley Klahn,L,183,USA,27.748,170,330,HB48,8,,Calvin Hemery,R,191,FRA,23.307,123,456,6-3 7-6(4),3,R16,86,4,1,72,54,40,13,11,5,5,4,6,64,35,26,17,10,2,3
2018-3824,Bordeaux,Clay,32,C,,20180520,19,BK24,,,Gregoire Barrere,R,183,FRA,24.255,241,239,PB22,,,Peter Polansky,R,183,CAN,29.927,126,448,6-1 6-1,3,R16,50,5,1,41,27,21,10,7,4,4,1,0,47,30,14,6,7,4,9
2018-3824,Bordeaux,Clay,32,C,,20180520,20,BT68,,,Elliot Benchetrit,R,193,MAR,19.63,337,142,KH56,,,Zdenek Kolar,R,183,CZE,21.61,234,248,6-4 6-4,3,R16,76,7,2,63,35,27,14,10,0,1,1,1,52,34,21,9,10,2,5
2018-3824,Bordeaux,Clay,32,C,,20180520,21,G676,,,Daniel Gimeno-Traver,R,183,ESP,32.783,224,261,D750,,,Kenny De Schepper,L,203,FRA,30.976,176,318,6-1 7-6(6),3,R16,85,3,3,61,40,29,11,9,1,2,3,3,63,46,27,7,10,2,6
2018-3824,Bordeaux,Clay,32,C,,20180520,22,G858,,,Ernests Gulbis,R,191,LAT,29.719,190,302,MW02,,,Corentin Moutet,L,180,FRA,19.086,144,398,1-6 6-3 6-2,3,R16,132,5,9,77,42,34,13,12,5,8,2,4,89,65,36,13,12,6,10
2018-3824,Bordeaux,Clay,32,C,,20180520,23,KE64,,,Stefan Kozlov,R,183,USA,20.296,189,304,HA71,,,Antoine Hoang,R,183,FRA,22.541,233,248,6-3 7-6(4),3,R16,90,1,3,74,48,37,12,11,1,3,1,1,60,44,28,8,10,2,5
2018-3824,Bordeaux,Clay,32,C,,20180520,24,O522,,,Reilly Opelka,R,211,USA,20.726,206,285,BM95,,,Benjamin Bonzi,R,183,FRA,21.944,216,268,6-4 6-4,3,R16,66,18,1,54,38,31,11,10,1,1,3,1,57,37,25,12,10,4,6
2018-3824,Bordeaux,Clay,32,C,,20180520,25,A887,,,Guido Andreozzi,R,183,ARG,26.79,120,466,KA98,,,Bradley Klahn,L,183,USA,27.748,170,330,6-3 6-3,3,QF,82,2,0,57,32,24,13,9,3,4,2,1,57,41,23,9,9,3,7
2018-3824,Bordeaux,Clay,32,C,,20180520,26,BK24,,,Gregoire Barrere,R,183,FRA,24.255,241,239,BT68,,,Elliot Benchetrit,R,193,MAR,19.63,337,142,7-6(5) 6-2,3,QF,83,5,1,75,47,34,16,10,7,8,3,4,65,34,18,18,10,1,4
2018-3824,Bordeaux,Clay,32,C,,20180520,27,G858,,,Ernests Gulbis,R,191,LAT,29.719,190,302,G676,,,Daniel Gimeno-Traver,R,183,ESP,32.783,224,261,5-7 7-6(4) 6-4,3,QF,185,11,8,131,71,54,27,17,13,17,3,9,123,71,51,23,17,8,12
2018-3824,Bordeaux,Clay,32,C,,20180520,28,O522,,,Reilly Opelka,R,211,USA,20.726,206,285,KE64,,,Stefan Kozlov,R,183,USA,20.296,189,304,7-6(4) 6-1,3,QF,85,6,1,56,37,23,11,9,2,5,2,2,73,50,26,7,10,3,9
2018-3824,Bordeaux,Clay,32,C,,20180520,29,BK24,,,Gregoire Barrere,R,183,FRA,24.255,241,239,A887,,,Guido Andreozzi,R,183,ARG,26.79,120,466,6-7(3) 7-6(4) 6-2,3,SF,151,7,6,113,68,48,25,16,7,10,3,1,103,75,53,12,16,8,13
2018-3824,Bordeaux,Clay,32,C,,20180520,30,O522,,,Reilly Opelka,R,211,USA,20.726,206,285,G858,,,Ernests Gulbis,R,191,LAT,29.719,190,302,6-3 7-6(7),3,SF,105,18,0,76,43,32,20,11,3,4,11,4,68,43,30,14,10,0,2
2018-3824,Bordeaux,Clay,32,C,,20180520,31,O522,,,Reilly Opelka,R,211,USA,20.726,206,285,BK24,,,Gregoire Barrere,R,183,FRA,24.255,241,239,6-7(5) 6-4 7-5,3,F,140,22,1,102,67,53,20,17,5,6,5,3,133,80,56,25,17,11,14
2018-460,Heilbronn,Clay,32,C,,20180520,1,LB84,,,Juan Ignacio Londero,R,180,ARG,24.761,193,300,MH30,1,,John Millman,R,183,AUS,28.931,58,901,1-6 6-1 6-2,3,R32,77,1,1,53,34,24,11,11,1,4,7,4,68,47,28,9,11,5,10
2018-460,Heilbronn,Clay,32,C,,20180520,2,V708,2,,Jiri Vesely,L,198,CZE,24.86,81,705,M0BN,,,Marvin Moeller,R,178,GER,19.335,566,52,6-2 6-2,3,R32,63,4,4,49,28,21,14,8,1,1,1,1,39,21,11,7,8,1,5
2018-460,Heilbronn,Clay,32,C,,20180520,3,MH16,3,,Yannick Maden,R,185,GER,28.559,128,440,N674,,,Dennis Novikov,R,193,USA,24.534,178,317,6-4 3-0 RET,3,R32,52,2,0,45,25,18,11,6,2,3,2,0,37,16,13,4,7,1,5
2018-460,Heilbronn,Clay,32,C,,20180520,4,H997,4,,Yannick Hanfmann,R,193,GER,26.516,127,443,PG94,,,Marc Polmans,R,188,AUS,21.049,171,325,6-2 4-6 6-3,3,R32,100,8,5,83,53,42,14,14,3,5,1,6,71,45,30,13,13,0,4
2018-460,Heilbronn,Clay,32,C,,20180520,5,MJ71,,,Mats Moraing,L,198,GER,25.914,155,360,Z254,5,,Jurgen Zopp,R,191,EST,30.141,138,424,6-4 7-6(5),3,R32,105,6,2,64,43,37,10,11,3,4,6,4,82,45,31,18,11,4,6
2018-460,Heilbronn,Clay,32,C,,20180520,6,L949,6,,Henri Laaksonen,R,185,SUI,26.136,142,401,G983,,,Alessandro Giannessi,L,185,ITA,27.973,192,301,4-6 6-4 6-4,3,R32,122,6,7,92,55,40,16,15,5,10,1,2,87,54,31,18,15,4,10
2018-460,Heilbronn,Clay,32,C,,20180520,7,V717,7,,Alexey Vatutin,R,178,RUS,25.561,145,398,KD70,,,Pedja Krstin,R,183,SRB,23.71,223,262,6-2 6-2,3,R32,64,2,3,47,28,21,8,8,3,5,4,2,60,37,19,7,8,6,12
2018-460,Heilbronn,Clay,32,C,,20180520,8,PC68,,,Tim Puetz,R,185,GER,30.5,311,157,GB93,8,,Norbert Gombos,R,193,SVK,27.767,149,385,6-4 4-6 6-3,3,R32,106,3,2,92,52,39,18,15,5,8,6,2,80,45,33,19,14,1,5
2018-460,Heilbronn,Clay,32,C,,20180520,9,BA65,,,Dustin Brown,R,196,JAM,33.446,156,359,RH16,,,Casper Ruud,R,183,NOR,19.409,154,361,7-6(4) 4-6 6-3,3,R32,103,13,4,86,47,39,24,16,1,3,7,4,97,62,42,22,15,3,5
2018-460,Heilbronn,Clay,32,C,,20180520,10,HG94,,,Benjamin Hassan,R,183,LBN,23.288,443,86,BC65,,,Matthias Bachinger,R,188,GER,31.132,158,356,6-2 6-7(3) 6-3,3,R32,125,6,2,105,48,35,26,15,7,11,3,4,99,55,28,24,14,7,14
2018-460,Heilbronn,Clay,32,C,,20180520,11,KE73,,,Dominik Koepfer,L,180,GER,24.057,248,230,MN20,,,Daniel Masur,R,183,GER,23.535,380,113,7-5 6-4,3,R32,81,3,3,69,38,26,21,11,3,4,1,2,63,42,29,9,11,2,5
2018-460,Heilbronn,Clay,32,C,,20180520,12,MQ75,,,Kamil Majchrzak,R,183,POL,22.349,207,285,SK47,,,Mohamed Safwat,R,180,EGY,27.666,174,320,6-3 6-4,3,R32,89,2,4,63,38,29,15,10,7,8,0,1,58,34,16,16,9,5,8
2018-460,Heilbronn,Clay,32,C,,20180520,13,M0AC,,,Rudolf Molleker,R,188,GER,17.563,497,69,LA93,,,Enrique Lopez Perez,R,180,ESP,26.962,205,286,6-4 6-3,3,R32,72,8,3,54,30,24,15,10,0,1,3,1,58,36,24,9,9,5,8
2018-460,Heilbronn,Clay,32,C,,20180520,14,O449,,,Oscar Otte,R,193,GER,24.843,169,333,RA51,,,Blaz Rola,L,193,SLO,27.622,237,243,4-6 6-3 7-6(6),3,R32,134,17,5,102,65,50,21,16,4,5,3,3,116,77,55,20,15,8,9
2018-460,Heilbronn,Clay,32,C,,20180520,15,SF36,,,Igor Sijsling,R,191,NED,30.754,384,112,KC86,,,Darian King,R,188,BAR,26.064,166,337,6-4 4-1 RET,3,R32,56,3,0,42,25,21,9,7,1,1,3,2,56,36,23,7,8,5,8
2018-460,Heilbronn,Clay,32,C,,20180520,16,Z419,,,Bernabe Zapata Miralles,R,183,ESP,21.35,291,177,K839,,,Tobias Kamke,R,178,GER,31.997,221,265,6-0 6-4,3,R32,66,2,1,48,24,15,15,8,4,6,0,1,61,36,19,7,8,3,9
2018-460,Heilbronn,Clay,32,C,,20180520,17,V708,2,,Jiri Vesely,L,198,CZE,24.86,81,705,SF36,,,Igor Sijsling,R,191,NED,30.754,384,112,6-3 4-6 6-2,3,R16,126,5,4,73,51,39,10,13,3,5,2,1,92,51,36,15,14,4,9
2018-460,Heilbronn,Clay,32,C,,20180520,18,MQ75,,,Kamil Majchrzak,R,183,POL,22.349,207,285,MH16,3,,Yannick Maden,R,185,GER,28.559,128,440,6-4 6-3,3,R16,92,2,1,77,41,26,17,10,9,12,4,1,44,27,14,7,9,1,6
2018-460,Heilbronn,Clay,32,C,,20180520,19,M0AC,,,Rudolf Molleker,R,188,GER,17.563,497,69,H997,4,,Yannick Hanfmann,R,193,GER,26.516,127,443,4-6 6-3 6-3,3,R16,112,4,3,91,57,41,20,14,7,8,7,4,101,67,47,15,14,9,12
2018-460,Heilbronn,Clay,32,C,,20180520,20,L949,6,,Henri Laaksonen,R,185,SUI,26.136,142,401,HG94,,,Benjamin Hassan,R,183,LBN,23.288,443,86,6-7(5) 6-2 7-5,3,R16,126,5,2,91,52,39,23,16,3,5,5,6,129,63,41,33,16,6,11
2018-460,Heilbronn,Clay,32,C,,20180520,21,V717,7,,Alexey Vatutin,R,178,RUS,25.561,145,398,Z419,,,Bernabe Zapata Miralles,R,183,ESP,21.35,291,177,4-6 6-4 6-2,3,R16,94,2,0,69,48,36,16,14,1,3,3,0,85,55,34,16,14,8,12
2018-460,Heilbronn,Clay,32,C,,20180520,22,BA65,,,Dustin Brown,R,196,JAM,33.446,156,359,MJ71,,,Mats Moraing,L,198,GER,25.914,155,360,W/O,3,R16,,,,,,,,,,,,,,,,,,,
2018-460,Heilbronn,Clay,32,C,,20180520,23,LB84,,,Juan Ignacio Londero,R,180,ARG,24.761,193,300,KE73,,,Dominik Koepfer,L,180,GER,24.057,248,230,7-6(2) 5-7 6-3,3,R16,135,1,3,121,72,55,27,17,5,6,9,5,99,68,50,15,16,4,5
2018-460,Heilbronn,Clay,32,C,,20180520,24,O449,,,Oscar Otte,R,193,GER,24.843,169,333,PC68,,,Tim Puetz,R,185,GER,30.5,311,157,7-5 6-7(6) 7-6(6),3,R16,167,7,6,141,86,58,30,18,10,13,6,5,123,67,49,28,18,5,9
2018-460,Heilbronn,Clay,32,C,,20180520,25,V708,2,,Jiri Vesely,L,198,CZE,24.86,81,705,L949,6,,Henri Laaksonen,R,185,SUI,26.136,142,401,6-3 6-1,3,QF,61,5,1,47,30,25,6,8,3,4,1,3,47,26,14,7,8,1,6
2018-460,Heilbronn,Clay,32,C,,20180520,26,M0AC,,,Rudolf Molleker,R,188,GER,17.563,497,69,V717,7,,Alexey Vatutin,R,178,RUS,25.561,145,398,6-1 2-6 6-4,3,QF,116,5,7,118,65,42,25,13,15,18,4,6,69,34,23,19,12,2,6
2018-460,Heilbronn,Clay,32,C,,20180520,27,LB84,,,Juan Ignacio Londero,R,180,ARG,24.761,193,300,O449,,,Oscar Otte,R,193,GER,24.843,169,333,6-4 3-6 6-3,3,QF,108,1,4,90,57,41,17,14,5,7,12,1,89,49,38,20,14,7,10
2018-460,Heilbronn,Clay,32,C,,20180520,28,MQ75,,,Kamil Majchrzak,R,183,POL,22.349,207,285,BA65,,,Dustin Brown,R,196,JAM,33.446,156,359,6-3 3-1 RET,3,QF,49,0,2,33,21,17,9,6,2,2,3,6,50,25,17,9,7,1,4
2018-460,Heilbronn,Clay,32,C,,20180520,29,V708,2,,Jiri Vesely,L,198,CZE,24.86,81,705,MQ75,,,Kamil Majchrzak,R,183,POL,22.349,207,285,7-5 6-2,3,SF,78,7,4,56,35,24,12,10,3,5,4,2,60,45,26,4,10,2,7
2018-460,Heilbronn,Clay,32,C,,20180520,30,M0AC,,,Rudolf Molleker,R,188,GER,17.563,497,69,LB84,,,Juan Ignacio Londero,R,180,ARG,24.761,193,300,4-6 6-3 6-2,3,SF,114,11,5,96,63,43,21,14,4,5,5,2,82,44,31,20,13,5,8
2018-460,Heilbronn,Clay,32,C,,20180520,31,M0AC,,,Rudolf Molleker,R,188,GER,17.563,497,69,V708,2,,Jiri Vesely,L,198,CZE,24.86,81,705,4-6 6-4 7-5,3,F,109,11,5,84,52,45,15,16,1,3,10,1,85,53,38,22,16,3,6
2018-7742,Lisbon,Clay,32,C,,20180520,1,DA81,,,Taro Daniel,R,191,JPN,25.309,84,696,MM60,,,Joao Monteiro,R,178,PRT,24.394,269,202,7-6(4) 7-6(2),3,R32,126,1,5,83,56,35,12,12,1,5,3,3,85,56,31,11,12,5,9
2018-7742,Lisbon,Clay,32,C,,20180520,2,DH50,,,Alejandro Davidovich Fokina,R,180,ESP,18.957,409,97,DH58,2,,Alex de Minaur,R,183,AUS,19.253,106,541,7-6(5) 6-4,3,R32,105,1,5,82,51,37,19,11,6,6,5,0,70,35,27,18,11,0,1
2018-7742,Lisbon,Clay,32,C,,20180520,3,S483,4,,Pedro Sousa,R,180,POR,29.979,129,437,G717,,,Fred Gil,R,173,POR,33.155,428,90,6-2 7-5,3,R32,71,1,5,52,36,28,7,10,0,2,5,3,66,31,19,16,10,4,9
2018-7742,Lisbon,Clay,32,C,,20180520,4,D985,,,Joao Domingues,R,,POR,24.621,210,279,A853,5,,Marcelo Arevalo,R,191,ESA,27.589,147,393,6-2 6-2,3,R32,66,1,3,45,32,24,8,8,1,2,1,1,45,24,10,11,8,2,7
2018-7742,Lisbon,Clay,32,C,,20180520,5,O513,6,,Sebastian Ofner,R,191,AUT,22.021,143,400,CN88,,,Tiago Cacao,R,185,PRT,20.222,686,33,6-0 6-3,3,R32,61,1,2,42,19,17,14,8,2,3,1,0,40,22,12,5,7,2,7
2018-7742,Lisbon,Clay,32,C,,20180520,6,BI23,7,,Liam Broady,L,183,GBR,24.372,164,347,R612,,,Stephane Robert,R,185,FRA,38.007,168,336,7-6(3) 6-4,3,R32,97,4,4,70,40,27,14,11,2,5,0,3,71,37,23,14,11,1,5
2018-7742,Lisbon,Clay,32,C,,20180520,7,MU94,8,,Jaume Munar,R,183,ESP,21.04,159,356,O376,,,Renzo Olivo,R,178,ARG,26.179,203,286,6-1 4-1 RET,3,R32,64,1,1,38,23,14,9,6,1,2,2,4,55,28,15,8,6,7,12
2018-7742,Lisbon,Clay,32,C,,20180520,8,AG37,,,Felix Auger-Aliassime,R,193,CAN,17.78,185,307,O482,,,Gonzalo Oliveira,L,185,VEN,23.253,217,268,6-3 7-5,3,R32,119,6,5,82,47,36,16,11,4,6,0,1,73,50,31,8,10,10,14
2018-7742,Lisbon,Clay,32,C,,20180520,9,GB53,,,Federico Gaio,R,178,ITA,26.207,326,152,DB59,,,Dennis Novak,R,183,AUT,24.726,204,286,7-6(5) 6-1,3,R32,83,2,8,66,41,32,12,10,1,2,1,1,69,43,26,13,9,5,8
2018-7742,Lisbon,Clay,32,C,,20180520,10,GD64,,,Cristian Garin,R,185,CHI,21.971,211,278,FA43,,,Juan Pablo Ficovich,R,188,ARG,21.317,355,135,6-3 7-5,3,R32,107,1,6,79,42,29,21,11,4,6,0,1,82,68,38,6,10,7,11
2018-7742,Lisbon,Clay,32,C,,20180520,11,GA79,,,Lorenzo Giustino,R,180,ITA,26.691,255,221,DA86,,,Joris De Loore,R,191,BEL,25.079,343,140,7-5 1-6 7-6(7),3,R32,152,4,2,93,52,32,25,15,3,8,2,1,103,65,44,22,16,4,8
2018-7742,Lisbon,Clay,32,C,,20180520,12,HB05,,,Christian Harrison,R,180,USA,23.975,220,266,SJ22,,,Gleb Sakharov,R,185,FRA,29.941,209,283,6-0 6-4,3,R32,64,3,1,44,34,24,7,8,1,2,3,6,46,25,11,9,8,2,7
2018-7742,Lisbon,Clay,32,C,,20180520,13,KI95,,,Miomir Kecmanovic,R,183,SRB,18.719,202,288,BD20,,,Thomaz Bellucci,L,188,BRA,30.387,249,227,6-3 7-6(4),3,R32,112,1,1,68,43,25,17,10,4,6,3,1,84,52,37,9,11,11,15
2018-7742,Lisbon,Clay,32,C,,20180520,14,KC12,,,Mitchell Krueger,R,188,USA,24.35,252,223,KB37,,,Evan King,L,185,USA,26.152,187,305,6-3 6-0,3,R32,64,3,4,42,29,23,8,8,2,3,1,3,52,30,13,10,7,2,7
2018-7742,Lisbon,Clay,32,C,,20180520,15,R419,,,Tommy Robredo,R,180,ESP,36.052,227,257,O408,,,Ricardo Ojeda Lara,R,178,ESP,25.311,179,316,6-2 6-2,3,R32,70,6,3,47,21,20,15,8,4,4,0,2,53,28,17,8,8,4,8
2018-7742,Lisbon,Clay,32,C,,20180520,16,R685,,,Lukas Rosol,R,193,CZE,32.821,284,181,E766,,,Edoardo Eremin,R,185,ITA,24.621,487,70,7-5 3-6 6-4,3,R32,135,3,4,117,64,41,29,15,9,11,9,3,81,50,40,19,16,3,6
2018-7742,Lisbon,Clay,32,C,,20180520,17,DA81,,,Taro Daniel,R,191,JPN,25.309,84,696,R685,,,Lukas Rosol,R,193,CZE,32.821,284,181,6-1 3-6 7-6(3),3,R16,148,4,4,105,64,44,19,14,5,9,12,5,104,61,38,20,14,13,18
2018-7742,Lisbon,Clay,32,C,,20180520,18,S483,4,,Pedro Sousa,R,180,POR,29.979,129,437,GA79,,,Lorenzo Giustino,R,180,ITA,26.691,255,221,6-2 6-0,3,R16,49,0,2,44,35,26,7,7,3,3,1,3,39,24,12,4,7,3,8
2018-7742,Lisbon,Clay,32,C,,20180520,19,O513,6,,Sebastian Ofner,R,191,AUT,22.021,143,400,KC12,,,Mitchell Krueger,R,188,USA,24.35,252,223,6-3 6-4,3,R16,96,5,2,59,29,26,17,10,2,2,2,3,65,35,25,13,9,5,7
2018-7742,Lisbon,Clay,32,C,,20180520,20,R419,,,Tommy Robredo,R,180,ESP,36.052,227,257,BI23,7,,Liam Broady,L,183,GBR,24.372,164,347,6-3 4-6 6-3,3,R16,119,1,4,85,39,25,31,14,6,8,4,3,71,43,29,16,14,1,5
2018-7742,Lisbon,Clay,32,C,,20180520,21,GD64,,,Cristian Garin,R,185,CHI,21.971,211,278,MU94,8,,Jaume Munar,R,183,ESP,21.04,159,356,6-4 7-6(4),3,R16,100,2,3,78,42,31,16,11,7,10,1,2,58,39,24,10,11,1,5
2018-7742,Lisbon,Clay,32,C,,20180520,22,AG37,,,Felix Auger-Aliassime,R,193,CAN,17.78,185,307,D985,,,Joao Domingues,R,,POR,24.621,210,279,6-4 7-5,3,R16,105,7,2,77,48,36,13,11,7,8,3,1,81,51,32,14,11,7,10
2018-7742,Lisbon,Clay,32,C,,20180520,23,HB05,,,Christian Harrison,R,180,USA,23.975,220,266,DH50,,,Alejandro Davidovich Fokina,R,180,ESP,18.957,409,97,5-7 7-6(8) 6-1,3,R16,148,11,4,97,62,48,18,15,1,3,4,1,122,75,46,26,16,10,14
2018-7742,Lisbon,Clay,32,C,,20180520,24,KI95,,,Miomir Kecmanovic,R,183,SRB,18.719,202,288,GB53,,,Federico Gaio,R,178,ITA,26.207,326,152,6-4 6-2,3,R16,102,4,3,95,56,43,15,9,11,11,5,7,55,30,22,11,9,3,6
2018-7742,Lisbon,Clay,32,C,,20180520,25,GD64,,,Cristian Garin,R,185,CHI,21.971,211,278,DA81,,,Taro Daniel,R,191,JPN,25.309,84,696,4-6 6-1 6-0,3,QF,105,4,3,71,38,24,20,12,5,8,0,3,81,46,25,13,11,7,14
2018-7742,Lisbon,Clay,32,C,,20180520,26,S483,4,,Pedro Sousa,R,180,POR,29.979,129,437,AG37,,,Felix Auger-Aliassime,R,193,CAN,17.78,185,307,6-3 6-1,3,QF,67,0,2,41,30,22,8,8,0,1,3,5,58,32,18,9,8,5,10
2018-7742,Lisbon,Clay,32,C,,20180520,27,O513,6,,Sebastian Ofner,R,191,AUT,22.021,143,400,KI95,,,Miomir Kecmanovic,R,183,SRB,18.719,202,288,6-4 7-5,3,QF,110,4,7,90,44,33,24,11,5,6,0,1,80,53,33,13,11,4,7
2018-7742,Lisbon,Clay,32,C,,20180520,28,R419,,,Tommy Robredo,R,180,ESP,36.052,227,257,HB05,,,Christian Harrison,R,180,USA,23.975,220,266,7-5 6-1,3,QF,89,0,2,64,34,26,19,10,2,3,2,0,61,37,20,13,9,8,12
2018-7742,Lisbon,Clay,32,C,,20180520,29,GD64,,,Cristian Garin,R,185,CHI,21.971,211,278,S483,4,,Pedro Sousa,R,180,POR,29.979,129,437,5-7 7-5 6-4,3,SF,116,4,5,98,57,38,20,17,4,9,3,4,99,72,45,16,17,7,13
2018-7742,Lisbon,Clay,32,C,,20180520,30,R419,,,Tommy Robredo,R,180,ESP,36.052,227,257,O513,6,,Sebastian Ofner,R,191,AUT,22.021,143,400,3-6 6-4 6-1,3,SF,116,2,2,83,38,26,26,13,3,5,8,3,83,43,32,15,13,6,10
2018-7742,Lisbon,Clay,32,C,,20180520,31,R419,,,Tommy Robredo,R,180,ESP,36.052,227,257,GD64,,,Cristian Garin,R,185,CHI,21.971,211,278,3-6 6-3 6-2,3,F,117,4,3,79,41,34,20,13,3,4,8,1,87,49,34,18,13,5,8
2018-7021,Mestre,Clay,32,C,,20180527,1,A622,,,Andrea Arnaboldi,L,180,ITA,30.415,270,200,D981,1,,Arthur De Greef,R,183,BEL,26.166,250,223,6-4 4-6 6-3,3,R32,164,2,3,117,69,40,21,15,9,16,2,8,115,61,36,19,14,13,21
2018-7021,Mestre,Clay,32,C,,20180527,2,PE02,2,,Danilo Petrovic,R,203,SRB,26.338,235,242,BH80,,,Andrea Basso,L,185,ITA,24.632,308,161,2-6 6-1 6-3,3,R32,117,9,2,73,43,32,17,12,5,7,5,3,82,48,31,16,12,10,14
2018-7021,Mestre,Clay,32,C,,20180527,3,GA71,,,Laurynas Grigelis,R,183,LTU,26.784,273,196,T982,3,,Tsung-Hua Yang,R,178,TPE,27.162,227,256,6-3 6-0,3,R32,70,4,1,44,17,16,13,7,4,5,4,1,54,19,9,13,8,6,12
2018-7021,Mestre,Clay,32,C,,20180527,4,Q948,4,,Gianluigi Quinzi,L,191,ITA,22.316,243,230,GB53,,,Federico Gaio,R,178,ITA,26.226,316,158,7-6(4) 6-3,3,R32,102,2,1,68,46,36,15,11,1,2,2,0,63,37,27,14,10,4,6
2018-7021,Mestre,Clay,32,C,,20180527,5,BE68,5,,Tomislav Brkic,R,185,BIH,28.216,248,227,CC98,,,Martin Cuevas,R,191,URU,26.366,296,170,6-2 6-4,3,R32,88,1,1,56,34,24,10,9,6,8,2,6,60,33,20,10,9,4,9
2018-7021,Mestre,Clay,32,C,,20180527,6,KC12,6,,Mitchell Krueger,R,188,USA,24.37,253,221,CG04,,,Pedro Cachin,R,185,ARG,23.124,301,167,4-6 6-4 3-2 RET,3,R32,121,1,1,64,37,30,17,12,1,2,2,5,74,40,32,19,13,2,4
2018-7021,Mestre,Clay,32,C,,20180527,7,GA79,7,,Lorenzo Giustino,R,180,ITA,26.71,276,194,G985,,,Carlos Gomez-Herrera,R,191,ESP,28.074,271,198,7-5 6-4,3,R32,116,3,6,78,39,25,17,11,3,7,3,3,59,36,20,9,11,4,10
2018-7021,Mestre,Clay,32,C,,20180527,8,MJ01,,,Roberto Marcora,R,193,ITA,28.739,464,79,BG72,8,,Carlos Boluda-Purkiss,R,173,ESP,25.342,254,220,6-4 5-7 6-3,3,R32,142,1,4,108,71,47,14,16,7,12,1,3,85,50,30,17,15,4,10
2018-7021,Mestre,Clay,32,C,,20180527,9,BM03,,,Filippo Baldi,R,180,ITA,22.376,318,157,CG07,,,Hernan Casanova,R,178,ARG,24.301,255,213,6-3 6-2,3,R32,74,1,1,60,45,34,7,9,4,5,0,1,57,34,19,10,8,7,11
2018-7021,Mestre,Clay,32,C,,20180527,10,CO06,,,Liam Caruana,R,178,ITA,20.342,418,93,E766,,,Edoardo Eremin,R,185,ITA,24.641,482,73,6-2 7-6(5),3,R32,95,3,4,72,30,20,23,10,2,4,5,9,68,33,20,16,10,3,7
2018-7021,Mestre,Clay,32,C,,20180527,11,GC54,,,Scott Griekspoor,R,188,NED,27.376,279,190,M915,,,Daniel Munoz de la Nava,L,175,ESP,36.323,264,203,6-1 6-2,3,R32,60,2,1,46,24,22,13,8,1,1,2,3,40,24,15,4,7,3,7
2018-7021,Mestre,Clay,32,C,,20180527,12,G935,,,Sergio Gutierrez-Ferrol,R,,ESP,29.227,275,194,Z246,,,Miljan Zekic,R,185,SRB,29.873,285,182,6-1 7-5,3,R32,104,0,0,71,56,34,5,9,9,12,1,1,81,45,24,12,10,9,16
2018-7021,Mestre,Clay,32,C,,20180527,13,MM60,,,Joao Monteiro,R,178,PRT,24.413,268,202,V824,,,Mario Vilella Martinez,R,178,ESP,22.899,262,207,7-5 6-7(13) 6-1,3,R32,146,2,7,121,78,52,27,16,12,14,7,6,111,53,37,26,15,2,7
2018-7021,Mestre,Clay,32,C,,20180527,14,MP83,,,Gian Marco Moroni,R,185,ITA,20.282,358,127,MN20,,,Daniel Masur,R,183,GER,23.554,374,118,6-3 6-2,3,R32,77,0,4,60,40,28,9,9,4,6,0,4,49,28,16,6,8,2,7
2018-7021,Mestre,Clay,32,C,,20180527,15,SN77,,,Vaclav Safranek,R,183,CZE,24.019,259,207,SN54,,,Frederico Ferreira Silva,L,178,POR,23.192,311,160,2-6 6-2 7-6(5),3,R32,103,2,2,105,65,44,17,14,6,10,4,3,83,45,31,18,14,5,9
2018-7021,Mestre,Clay,32,C,,20180527,16,V495,,,Luca Vanni,R,198,ITA,32.977,199,301,V490,,,Matteo Viola,R,185,ITA,30.888,263,207,3-6 6-1 6-4,3,R32,135,10,4,110,55,42,23,13,12,15,1,8,90,66,41,7,13,5,10
2018-7021,Mestre,Clay,32,C,,20180527,17,PE02,2,,Danilo Petrovic,R,203,SRB,26.338,235,242,GC54,,,Scott Griekspoor,R,188,NED,27.376,279,190,6-7(4) 7-6(4) 6-1,3,R16,140,8,8,99,56,45,23,16,1,3,10,3,111,67,43,24,15,8,12
2018-7021,Mestre,Clay,32,C,,20180527,18,Q948,4,,Gianluigi Quinzi,L,191,ITA,22.316,243,230,BM03,,,Filippo Baldi,R,180,ITA,22.376,318,157,6-2 1-0 RET,3,R16,33,2,0,20,12,9,7,4,0,0,1,1,27,19,8,4,5,2,5
2018-7021,Mestre,Clay,32,C,,20180527,19,MP83,,,Gian Marco Moroni,R,185,ITA,20.282,358,127,BE68,5,,Tomislav Brkic,R,185,BIH,28.216,248,227,6-4 6-4,3,R16,110,2,5,64,39,24,10,10,2,6,0,6,72,39,22,12,10,7,13
2018-7021,Mestre,Clay,32,C,,20180527,20,KC12,6,,Mitchell Krueger,R,188,USA,24.37,253,221,MM60,,,Joao Monteiro,R,178,PRT,24.413,268,202,7-6(1) 6-3,3,R16,103,1,2,67,36,28,16,11,3,5,3,0,62,37,26,10,10,0,3
2018-7021,Mestre,Clay,32,C,,20180527,21,GA79,7,,Lorenzo Giustino,R,180,ITA,26.71,276,194,CO06,,,Liam Caruana,R,178,ITA,20.342,418,93,6-1 6-1,3,R16,66,6,2,43,20,15,15,7,1,1,0,0,47,26,16,4,7,5,10
2018-7021,Mestre,Clay,32,C,,20180527,22,A622,,,Andrea Arnaboldi,L,180,ITA,30.415,270,200,SN77,,,Vaclav Safranek,R,183,CZE,24.019,259,207,6-3 6-1,3,R16,57,5,2,43,22,18,15,8,0,0,1,5,53,35,21,6,8,4,8
2018-7021,Mestre,Clay,32,C,,20180527,23,GA71,,,Laurynas Grigelis,R,183,LTU,26.784,273,196,V495,,,Luca Vanni,R,198,ITA,32.977,199,301,6-2 2-6 6-2,3,R16,108,4,1,77,48,33,17,12,4,6,5,1,75,43,30,13,12,8,12
2018-7021,Mestre,Clay,32,C,,20180527,24,G935,,,Sergio Gutierrez-Ferrol,R,,ESP,29.227,275,194,MJ01,,,Roberto Marcora,R,193,ITA,28.739,464,79,7-5 6-4,3,R16,93,2,2,71,49,34,11,11,6,8,1,3,70,52,33,6,11,5,9
2018-7021,Mestre,Clay,32,C,,20180527,25,PE02,2,,Danilo Petrovic,R,203,SRB,26.338,235,242,G935,,,Sergio Gutierrez-Ferrol,R,,ESP,29.227,275,194,1-6 6-4 6-1,3,QF,90,6,3,72,50,30,11,12,3,7,1,1,79,58,29,13,12,7,12
2018-7021,Mestre,Clay,32,C,,20180527,26,Q948,4,,Gianluigi Quinzi,L,191,ITA,22.316,243,230,GA79,7,,Lorenzo Giustino,R,180,ITA,26.71,276,194,2-6 7-6(5) 6-3,3,QF,169,1,1,100,58,36,23,14,5,9,3,3,103,56,37,24,15,8,12
2018-7021,Mestre,Clay,32,C,,20180527,27,KC12,6,,Mitchell Krueger,R,188,USA,24.37,253,221,A622,,,Andrea Arnaboldi,L,180,ITA,30.415,270,200,6-2 3-0 RET,3,QF,57,1,1,31,15,9,9,5,1,2,0,1,33,23,9,3,6,4,9
2018-7021,Mestre,Clay,32,C,,20180527,28,MP83,,,Gian Marco Moroni,R,185,ITA,20.282,358,127,GA71,,,Laurynas Grigelis,R,183,LTU,26.784,273,196,6-2 6-0,3,QF,58,1,3,37,19,14,10,7,2,4,1,2,37,22,5,4,7,0,7
2018-7021,Mestre,Clay,32,C,,20180527,29,Q948,4,,Gianluigi Quinzi,L,191,ITA,22.316,243,230,PE02,2,,Danilo Petrovic,R,203,SRB,26.338,235,242,6-2 7-6(3),3,SF,99,7,2,67,31,22,21,10,2,5,4,2,70,42,26,8,10,5,10
2018-7021,Mestre,Clay,32,C,,20180527,30,MP83,,,Gian Marco Moroni,R,185,ITA,20.282,358,127,KC12,6,,Mitchell Krueger,R,188,USA,24.37,253,221,7-5 6-2,3,SF,103,1,2,68,45,26,13,10,7,10,1,4,64,33,18,12,10,5,11
2018-7021,Mestre,Clay,32,C,,20180527,31,Q948,4,,Gianluigi Quinzi,L,191,ITA,22.316,243,230,MP83,,,Gian Marco Moroni,R,185,ITA,20.282,358,127,6-2 6-2,3,F,96,1,2,64,31,22,18,8,5,6,0,3,54,33,15,10,8,6,11
2018-7918,Loughborough,Hard,32,C,,20180527,1,WB08,,,Yosuke Watanuki,R,180,JPN,20.123,283,188,L797,1,,Lukas Lacko,R,188,SVK,30.563,100,614,6-3 7-5,3,R32,88,7,0,57,35,25,15,10,2,3,3,4,82,48,31,14,11,8,12
2018-7918,Loughborough,Hard,32,C,,20180527,2,E687,,,Daniel Evans,R,175,GBR,28.011,1194,5,PH71,2,,Max Purcell,R,185,AUS,20.148,218,276,6-4 6-2,3,R32,64,6,1,48,34,30,8,9,2,2,7,1,62,38,24,11,9,5,8
2018-7918,Loughborough,Hard,32,C,,20180527,3,HB05,3,,Christian Harrison,R,180,USA,23.995,215,280,BF98,,,Alessandro Bega,R,170,ITA,27.373,317,158,6-3 1-6 6-1,3,R32,102,8,2,91,63,40,14,12,5,8,1,2,67,42,28,11,11,3,7
2018-7918,Loughborough,Hard,32,C,,20180527,4,SF41,4,,Aldin Setkic,R,191,BIH,30.431,287,178,U120,,,Kaichi Uchida,R,180,JPN,23.759,294,172,6-3 6-2,3,R32,60,11,2,54,38,32,9,9,1,1,3,0,43,31,20,5,8,3,6
2018-7918,Loughborough,Hard,32,C,,20180527,5,G681,,,Teymuraz Gabashvili,R,185,GEO,33.01,375,117,PC78,5,,Ante Pavic,R,196,CRO,29.221,265,203,6-4 6-4,3,R32,78,9,1,61,40,32,12,10,1,1,8,1,54,35,24,11,10,3,5
2018-7918,Loughborough,Hard,32,C,,20180527,6,I306,6,,Cem Ilkel,R,185,TUR,22.765,277,193,CA71,,,Edward Corrie,R,183,GBR,30.261,444,84,6-3 6-4,3,R32,60,3,1,53,35,28,13,10,2,2,6,1,50,29,20,11,9,1,3
2018-7918,Loughborough,Hard,32,C,,20180527,7,G753,7,,David Guez,R,185,FRA,35.466,260,207,N390,,,Frederik Nielsen,R,188,DEN,34.749,552,56,6-2 6-4,3,R32,79,2,2,64,35,25,15,9,3,5,6,1,53,38,22,5,9,0,5
2018-7918,Loughborough,Hard,32,C,,20180527,8,MI01,8,,Hiroki Moriya,R,168,JPN,27.611,298,170,AB71,,,JC Aragone,R,178,USA,22.913,307,163,6-4 6-3,3,R32,94,2,0,65,43,28,10,9,2,4,8,1,75,54,33,6,10,6,11
2018-7918,Loughborough,Hard,32,C,,20180527,9,BC72,,,Daniel Brands,R,196,GER,30.861,356,130,KA22,,,Dayne Kelly,R,,AUS,27.844,315,158,4-6 6-4 6-2,3,R32,100,11,0,70,59,51,5,14,0,1,6,2,80,54,43,8,14,3,6
2018-7918,Loughborough,Hard,32,C,,20180527,10,MO55,,,Lucas Miedler,R,183,AUT,21.93,330,152,LD26,,,Edan Leshem,R,183,ISR,21.188,347,140,6-1 7-5,3,R32,92,5,2,80,45,34,16,10,3,4,4,4,58,38,24,7,9,5,9
2018-7918,Loughborough,Hard,32,C,,20180527,11,N663,,,Maximilian Neuchrist,R,,AUT,26.847,295,171,W579,,,Alexander Ward,R,185,GBR,28.074,328,153,7-6(3) 7-6(4),3,R32,109,7,3,73,45,38,12,12,1,3,3,4,88,62,45,10,12,7,9
2018-7918,Loughborough,Hard,32,C,,20180527,12,O340,,,Roberto Ortega-Olmedo,R,168,ESP,27.075,290,176,J347,,,Yannick Jankovits,R,,FRA,31.387,336,143,6-7(4) 7-6(4) 6-2,3,R32,155,6,1,112,73,50,20,16,6,9,3,1,122,75,47,23,16,8,13
2018-7918,Loughborough,Hard,32,C,,20180527,13,PC68,,,Tim Puetz,R,185,GER,30.519,303,165,J493,,,Marek Jaloviec,L,180,CZE,24.26,324,155,7-6(4) 6-1,3,R32,76,12,2,61,42,33,9,10,1,2,3,1,59,46,29,4,9,1,4
2018-7918,Loughborough,Hard,32,C,,20180527,14,R09X,,,Jurij Rodionov,L,191,AUT,19.031,535,59,BK05,,,Luke Bambridge,R,191,GBR,23.346,589,49,7-5 6-4,3,R32,72,3,3,65,39,30,15,11,2,3,5,3,61,31,25,16,11,0,3
2018-7918,Loughborough,Hard,32,C,,20180527,15,RH24,,,Emil Ruusuvuori,R,188,FIN,19.151,576,51,MN44,,,Bradley Mousley,R,188,AUS,22.396,306,164,6-1 6-4,3,R32,55,5,2,48,34,30,8,9,2,2,4,1,56,42,23,6,8,5,8
2018-7918,Loughborough,Hard,32,C,,20180527,16,W503,,,James Ward,R,188,GBR,31.294,614,44,GD08,,,Lloyd Glasspool,R,191,GBR,24.517,452,82,7-5 6-1,3,R32,69,10,1,48,34,31,9,10,0,0,5,0,60,38,24,8,9,2,5
2018-7918,Loughborough,Hard,32,C,,20180527,17,W503,,,James Ward,R,188,GBR,31.294,614,44,HB05,3,,Christian Harrison,R,180,USA,23.995,215,280,7-6(2) 6-3,3,R16,92,1,2,73,52,40,9,10,2,2,2,1,65,37,25,14,11,0,2
2018-7918,Loughborough,Hard,32,C,,20180527,18,BC72,,,Daniel Brands,R,196,GER,30.861,356,130,SF41,4,,Aldin Setkic,R,191,BIH,30.431,287,178,6-3 6-2,3,R16,63,11,0,42,32,26,7,8,3,3,2,4,56,35,18,13,9,4,8
2018-7918,Loughborough,Hard,32,C,,20180527,19,N663,,,Maximilian Neuchrist,R,,AUT,26.847,295,171,I306,6,,Cem Ilkel,R,185,TUR,22.765,277,193,6-7(3) 6-4 6-3,3,R16,124,13,1,99,75,55,11,15,5,7,7,3,95,58,42,20,16,6,11
2018-7918,Loughborough,Hard,32,C,,20180527,20,MO55,,,Lucas Miedler,R,183,AUT,21.93,330,152,G753,7,,David Guez,R,185,FRA,35.466,260,207,6-4 6-2,3,R16,100,3,1,61,34,22,16,9,3,5,6,3,65,35,24,9,9,7,12
2018-7918,Loughborough,Hard,32,C,,20180527,21,MI01,8,,Hiroki Moriya,R,168,JPN,27.611,298,170,PC68,,,Tim Puetz,R,185,GER,30.519,303,165,7-5 6-0,3,R16,81,4,1,46,30,26,10,9,0,0,10,7,77,44,30,10,9,10,14
2018-7918,Loughborough,Hard,32,C,,20180527,22,G681,,,Teymuraz Gabashvili,R,185,GEO,33.01,375,117,RH24,,,Emil Ruusuvuori,R,188,FIN,19.151,576,51,6-2 7-5,3,R16,85,7,4,69,45,31,13,10,1,3,2,6,66,41,23,9,10,4,9
2018-7918,Loughborough,Hard,32,C,,20180527,23,R09X,,,Jurij Rodionov,L,191,AUT,19.031,535,59,E687,,,Daniel Evans,R,175,GBR,28.011,1194,5,6-4 7-5,3,R16,68,6,4,54,35,29,12,11,0,1,5,0,62,42,27,13,11,4,7
2018-7918,Loughborough,Hard,32,C,,20180527,24,WB08,,,Yosuke Watanuki,R,180,JPN,20.123,283,188,O340,,,Roberto Ortega-Olmedo,R,168,ESP,27.075,290,176,7-5 6-4,3,R16,90,12,2,64,44,36,12,11,4,4,3,3,69,45,33,11,11,7,9
2018-7918,Loughborough,Hard,32,C,,20180527,25,MI01,8,,Hiroki Moriya,R,168,JPN,27.611,298,170,BC72,,,Daniel Brands,R,196,GER,30.861,356,130,6-1 7-6(3),3,QF,70,4,2,48,23,20,16,9,0,1,4,3,60,42,26,4,10,3,7
2018-7918,Loughborough,Hard,32,C,,20180527,26,N663,,,Maximilian Neuchrist,R,,AUT,26.847,295,171,R09X,,,Jurij Rodionov,L,191,AUT,19.031,535,59,3-6 7-6(6) 6-3,3,QF,125,5,2,110,79,55,16,16,4,7,15,0,85,49,37,21,14,2,4
2018-7918,Loughborough,Hard,32,C,,20180527,27,W503,,,James Ward,R,188,GBR,31.294,614,44,G681,,,Teymuraz Gabashvili,R,185,GEO,33.01,375,117,7-5 5-4 RET,3,QF,95,12,4,66,37,31,15,11,2,3,4,2,61,37,29,12,10,2,4
2018-7918,Loughborough,Hard,32,C,,20180527,28,WB08,,,Yosuke Watanuki,R,180,JPN,20.123,283,188,MO55,,,Lucas Miedler,R,183,AUT,21.93,330,152,7-6(5) 7-6(6),3,QF,117,16,1,84,59,43,17,12,4,4,4,1,83,55,39,18,12,2,2
2018-7918,Loughborough,Hard,32,C,,20180527,29,MI01,8,,Hiroki Moriya,R,168,JPN,27.611,298,170,WB08,,,Yosuke Watanuki,R,180,JPN,20.123,283,188,7-6(8) 6-2,3,SF,96,3,1,68,43,33,13,10,4,5,6,1,76,39,28,15,10,8,11
2018-7918,Loughborough,Hard,32,C,,20180527,30,W503,,,James Ward,R,188,GBR,31.294,614,44,N663,,,Maximilian Neuchrist,R,,AUT,26.847,295,171,6-1 6-4,3,SF,63,6,3,49,28,27,9,9,0,0,2,0,51,34,22,8,8,3,6
2018-7918,Loughborough,Hard,32,C,,20180527,31,MI01,8,,Hiroki Moriya,R,168,JPN,27.611,298,170,W503,,,James Ward,R,188,GBR,31.294,614,44,6-2 7-5,3,F,80,3,2,55,39,28,8,10,1,3,10,1,77,48,28,10,10,6,11
2018-7015,Vicenza,Clay,32,C,,20180528,1,CC32,,,Guilherme Clezar,R,180,BRA,25.405,231,246,SU87,1,,Lorenzo Sonego,R,191,ITA,23.047,125,447,3-6 6-3 6-4,3,R32,137,2,4,78,50,35,14,14,2,6,7,2,100,72,50,8,14,13,18
2018-7015,Vicenza,Clay,32,C,,20180528,2,D985,,,Joao Domingues,R,,POR,24.643,271,205,MH16,2,,Yannick Maden,R,185,GER,28.58,126,441,6-0 5-7 6-3,3,R32,155,3,4,116,73,45,20,13,12,16,0,5,100,56,32,15,14,7,15
2018-7015,Vicenza,Clay,32,C,,20180528,3,O513,3,,Sebastian Ofner,R,191,AUT,22.042,147,381,PE02,,,Danilo Petrovic,R,203,SRB,26.341,225,256,1-1 RET,3,R32,18,0,0,8,3,1,4,1,2,2,1,0,8,5,4,1,1,1,1
2018-7015,Vicenza,Clay,32,C,,20180528,4,DA31,4,,Hugo Dellien,R,180,BOL,24.947,145,386,LA93,,,Enrique Lopez Perez,R,180,ESP,26.984,208,286,6-0 5-7 6-0,3,R32,103,1,2,77,55,34,17,12,2,4,5,3,76,53,31,6,12,5,12
2018-7015,Vicenza,Clay,32,C,,20180528,5,TA12,,,Stefano Travaglia,R,185,ITA,26.415,143,393,GB61,,,Viktor Galovic,R,193,CRO,27.688,181,320,6-3 3-6 6-4,3,R32,127,9,2,94,50,39,22,14,7,9,8,3,101,70,46,16,14,5,8
2018-7015,Vicenza,Clay,32,C,,20180528,6,Q941,,,Roberto Quiroz,L,193,ECU,26.259,239,235,BC65,6,,Matthias Bachinger,R,188,GER,31.154,154,356,3-6 6-3 3-0 RET,3,R32,92,3,1,70,48,34,13,10,6,7,2,2,74,52,33,9,11,4,7
2018-7015,Vicenza,Clay,32,C,,20180528,7,KI95,,,Miomir Kecmanovic,R,183,SRB,18.741,200,300,KB95,7,,Jason Kubler,R,178,AUS,25.024,159,347,1-6 6-2 7-6(3),3,R32,146,3,1,102,68,46,15,13,9,12,6,4,97,55,42,18,14,5,8
2018-7015,Vicenza,Clay,32,C,,20180528,8,MP83,,,Gian Marco Moroni,R,185,ITA,20.285,295,174,E224,8,,Victor Estrella Burgos,R,170,DOM,37.818,163,338,6-1 6-4,3,R32,83,3,1,61,45,31,9,9,6,7,2,3,62,41,24,7,8,7,11
2018-7015,Vicenza,Clay,32,C,,20180528,9,CE25,,,Salvatore Caruso,R,185,ITA,25.448,228,255,GA94,,,Prajnesh Gunneswaran,L,188,IND,28.539,183,319,6-1 6-4,3,R32,81,2,1,53,30,22,15,9,1,2,5,1,62,40,21,10,8,4,8
2018-7015,Vicenza,Clay,32,C,,20180528,10,CC98,,,Martin Cuevas,R,191,URU,26.368,302,169,SJ22,,,Gleb Sakharov,R,185,FRA,29.963,210,282,7-6(7) 6-2,3,R32,136,2,3,66,35,26,18,10,2,4,6,5,100,47,32,21,10,13,17
2018-7015,Vicenza,Clay,32,C,,20180528,11,DA67,,,Matteo Donati,R,185,ITA,23.244,236,237,CO06,,,Liam Caruana,R,178,ITA,20.345,421,93,6-2 6-2,3,R32,70,5,0,55,30,23,17,8,5,5,1,1,54,36,22,5,8,4,8
2018-7015,Vicenza,Clay,32,C,,20180528,12,G676,,,Daniel Gimeno-Traver,R,183,ESP,32.805,212,281,O482,,,Gonzalo Oliveira,L,185,VEN,23.274,218,268,6-3 6-4,3,R32,87,2,3,50,29,16,16,9,0,2,0,2,74,49,25,11,10,7,12
2018-7015,Vicenza,Clay,32,C,,20180528,13,KH56,,,Zdenek Kolar,R,183,CZE,21.632,247,226,SQ80,,,Akira Santillan,R,180,AUS,21.016,209,284,6-4 3-6 6-3,3,R32,129,3,4,85,48,29,21,14,7,12,3,1,106,83,44,13,14,6,12
2018-7015,Vicenza,Clay,32,C,,20180528,14,O376,,,Renzo Olivo,R,178,ARG,26.201,219,264,KB37,,,Evan King,L,185,USA,26.174,196,305,7-5 7-6(5),3,R32,109,1,4,86,53,37,20,12,4,5,1,0,72,48,32,15,12,2,4
2018-7015,Vicenza,Clay,32,C,,20180528,15,PG94,,,Marc Polmans,R,188,AUS,21.07,177,324,BF23,,,Facundo Bagnis,L,183,ARG,28.246,203,293,6-4 2-6 6-4,3,R32,134,3,3,85,63,45,12,14,8,10,2,3,99,70,46,17,14,3,5
2018-7015,Vicenza,Clay,32,C,,20180528,16,Q948,,,Gianluigi Quinzi,L,191,ITA,22.319,204,292,ML57,,,Gianluca Mager,R,188,ITA,23.488,351,132,6-2 6-3,3,R32,83,5,1,52,36,25,11,8,2,3,2,3,85,52,25,16,9,13,18
2018-7015,Vicenza,Clay,32,C,,20180528,17,CE25,,,Salvatore Caruso,R,185,ITA,25.448,228,255,O513,3,,Sebastian Ofner,R,191,AUT,22.042,147,381,7-6(3) 6-3,3,R16,98,1,2,66,41,29,7,11,2,7,4,3,72,45,26,9,10,5,11
2018-7015,Vicenza,Clay,32,C,,20180528,18,DA31,4,,Hugo Dellien,R,180,BOL,24.947,145,386,PG94,,,Marc Polmans,R,188,AUS,21.07,177,324,6-4 6-2,3,R16,76,0,1,53,41,30,8,9,1,1,2,3,54,33,25,7,9,2,5
2018-7015,Vicenza,Clay,32,C,,20180528,19,TA12,,,Stefano Travaglia,R,185,ITA,26.415,143,393,KH56,,,Zdenek Kolar,R,183,CZE,21.632,247,226,6-4 6-4,3,R16,83,6,1,68,39,30,17,10,2,2,4,1,54,33,23,12,10,3,5
2018-7015,Vicenza,Clay,32,C,,20180528,20,CC32,,,Guilherme Clezar,R,180,BRA,25.405,231,246,Q948,,,Gianluigi Quinzi,L,191,ITA,22.319,204,292,6-4 6-3,3,R16,78,3,2,61,45,33,8,9,1,1,2,2,57,32,20,14,10,2,5
2018-7015,Vicenza,Clay,32,C,,20180528,21,DA67,,,Matteo Donati,R,185,ITA,23.244,236,237,D985,,,Joao Domingues,R,,POR,24.643,271,205,6-4 4-6 6-4,3,R16,114,1,2,79,55,34,16,15,2,6,1,2,99,63,38,16,15,3,8
2018-7015,Vicenza,Clay,32,C,,20180528,22,KI95,,,Miomir Kecmanovic,R,183,SRB,18.741,200,300,CC98,,,Martin Cuevas,R,191,URU,26.368,302,169,6-1 6-0,3,R16,49,1,2,31,19,18,7,6,1,1,2,0,45,24,10,6,7,4,10
2018-7015,Vicenza,Clay,32,C,,20180528,23,MP83,,,Gian Marco Moroni,R,185,ITA,20.285,295,174,G676,,,Daniel Gimeno-Traver,R,183,ESP,32.805,212,281,6-3 6-2,3,R16,64,0,1,53,43,29,6,9,1,2,1,5,43,24,14,8,8,3,7
2018-7015,Vicenza,Clay,32,C,,20180528,24,Q941,,,Roberto Quiroz,L,193,ECU,26.259,239,235,O376,,,Renzo Olivo,R,178,ARG,26.201,219,264,6-4 5-7 2-1 RET,3,R16,129,1,5,77,48,30,13,12,9,14,1,2,82,56,32,11,13,5,11
2018-7015,Vicenza,Clay,32,C,,20180528,25,DA31,4,,Hugo Dellien,R,180,BOL,24.947,145,386,Q941,,,Roberto Quiroz,L,193,ECU,26.259,239,235,6-1 6-0,3,QF,51,1,0,47,45,32,1,7,1,1,1,1,39,25,10,4,6,2,7
2018-7015,Vicenza,Clay,32,C,,20180528,26,CE25,,,Salvatore Caruso,R,185,ITA,25.448,228,255,TA12,,,Stefano Travaglia,R,185,ITA,26.415,143,393,7-6(0) 2-1 RET,3,QF,72,1,0,42,26,22,11,8,0,1,9,2,47,24,21,8,7,2,3
2018-7015,Vicenza,Clay,32,C,,20180528,27,DA67,,,Matteo Donati,R,185,ITA,23.244,236,237,KI95,,,Miomir Kecmanovic,R,183,SRB,18.741,200,300,6-7(1) 7-6(2) 6-3,3,QF,146,4,2,117,79,54,20,17,8,11,5,4,96,55,39,24,16,7,11
2018-7015,Vicenza,Clay,32,C,,20180528,28,MP83,,,Gian Marco Moroni,R,185,ITA,20.285,295,174,CC32,,,Guilherme Clezar,R,180,BRA,25.405,231,246,6-3 6-2,3,QF,71,0,1,44,30,26,10,9,0,0,1,2,49,37,23,4,8,2,5
2018-7015,Vicenza,Clay,32,C,,20180528,29,DA31,4,,Hugo Dellien,R,180,BOL,24.947,145,386,MP83,,,Gian Marco Moroni,R,185,ITA,20.285,295,174,6-4 6-4,3,SF,85,0,0,50,42,35,5,10,0,0,1,1,62,49,31,8,10,5,7
2018-7015,Vicenza,Clay,32,C,,20180528,30,DA67,,,Matteo Donati,R,185,ITA,23.244,236,237,CE25,,,Salvatore Caruso,R,185,ITA,25.448,228,255,7-5 6-3,3,SF,91,5,3,74,52,37,12,11,3,4,0,1,60,36,23,12,10,4,7
2018-7015,Vicenza,Clay,32,C,,20180528,31,DA31,4,,Hugo Dellien,R,180,BOL,24.947,145,386,DA67,,,Matteo Donati,R,185,ITA,23.244,236,237,6-4 5-7 6-4,3,F,135,0,1,91,75,43,13,16,4,9,5,2,93,66,39,12,16,6,12
2018-558,Prostejov,Clay,32,C,,20180609,1,G476,1,,Guillermo Garcia-Lopez,R,185,ESP,35.014,67,850,SJ22,,,Gleb Sakharov,R,185,FRA,29.996,210,282,6-4 6-4,3,R32,82,2,4,63,32,22,19,10,1,2,1,3,53,30,20,11,10,1,4
2018-558,Prostejov,Clay,32,C,,20180609,2,PG32,,,Adam Pavlasek,R,185,CZE,23.669,185,317,C882,,,Pablo Cuevas,R,180,URU,32.435,75,755,7-6(3) 7-6(4),3,R32,103,4,4,82,51,38,21,12,0,0,1,6,89,49,37,20,12,3,3
2018-558,Prostejov,Clay,32,C,,20180609,3,SN77,,,Vaclav Safranek,R,183,CZE,24.055,257,214,CF59,3,,Roberto Carballes Baena,R,183,ESP,25.213,76,753,3-6 7-6(2) 6-4,3,R32,142,2,0,105,64,38,20,15,8,14,3,5,98,56,35,20,16,2,8
2018-558,Prostejov,Clay,32,C,,20180609,4,PC11,4,,Guido Pella,L,183,ARG,28.063,78,728,GB93,,,Norbert Gombos,R,193,SVK,27.822,167,336,6-3 6-2,3,R32,65,7,1,54,34,28,11,9,0,0,2,4,54,23,18,10,8,1,4
2018-558,Prostejov,Clay,32,C,,20180609,5,V708,5,,Jiri Vesely,L,198,CZE,24.914,80,720,ML57,,,Gianluca Mager,R,188,ITA,23.521,351,132,6-3 6-3,3,R32,64,8,3,45,25,22,15,9,1,1,2,3,54,29,20,11,9,1,4
2018-558,Prostejov,Clay,32,C,,20180609,6,GB53,,,Federico Gaio,R,178,ITA,26.261,314,161,BE67,6,,Mirza Basic,R,188,BIH,26.91,81,717,6-2 7-6(1),3,R32,81,6,3,63,32,26,19,10,2,2,1,0,61,34,25,12,10,1,3
2018-558,Prostejov,Clay,32,C,,20180609,7,K926,7,,Mikhail Kukushkin,R,183,KAZ,30.453,83,694,HA71,,,Antoine Hoang,R,183,FRA,22.595,226,256,6-1 6-3,3,R32,61,2,0,50,34,26,9,8,4,4,3,2,47,28,16,7,8,2,6
2018-558,Prostejov,Clay,32,C,,20180609,8,A829,8,,Radu Albot,R,175,MDA,28.575,97,634,G858,,,Ernests Gulbis,R,191,LAT,29.774,160,342,6-3 6-3,3,R32,78,1,3,49,31,23,8,9,0,2,7,9,57,30,18,10,9,2,7
2018-558,Prostejov,Clay,32,C,,20180609,9,BD20,,,Thomaz Bellucci,L,188,BRA,30.442,278,201,CC98,,,Martin Cuevas,R,191,URU,26.401,302,169,6-4 6-3,3,R32,74,4,2,59,36,25,15,10,3,4,3,3,48,28,19,9,9,1,4
2018-558,Prostejov,Clay,32,C,,20180609,10,CE25,,,Salvatore Caruso,R,185,ITA,25.481,228,255,BM95,,,Benjamin Bonzi,R,183,FRA,21.999,242,232,6-3 6-2,3,R32,62,1,0,42,22,18,12,8,1,2,3,6,59,38,20,8,9,5,10
2018-558,Prostejov,Clay,32,C,,20180609,11,DB63,,,Laslo Djere,R,188,SRB,23.02,101,596,O376,,,Renzo Olivo,R,178,ARG,26.234,219,264,6-1 6-3,3,R32,70,2,2,50,28,22,13,8,5,6,0,5,50,24,16,6,8,5,10
2018-558,Prostejov,Clay,32,C,,20180609,12,D985,,,Joao Domingues,R,,POR,24.676,271,205,HA28,,,Filip Horansky,R,191,SVK,25.418,291,180,6-1 6-3,3,R32,68,0,3,45,34,22,7,8,0,2,0,5,70,44,23,8,8,9,15
2018-558,Prostejov,Clay,32,C,,20180609,13,KH56,,,Zdenek Kolar,R,183,CZE,21.665,247,226,CH12,,,Jan Choinski,R,196,GBR,21.996,268,207,5-7 6-2 6-4,3,R32,119,4,4,96,57,43,17,15,0,3,2,7,79,44,29,17,15,2,7
2018-558,Prostejov,Clay,32,C,,20180609,14,MI43,,,Gerald Melzer,L,188,AUT,27.907,111,490,J493,,,Marek Jaloviec,L,180,CZE,24.296,331,151,6-3 6-0,3,R32,62,5,6,45,24,20,10,7,0,1,0,5,51,36,15,6,8,5,11
2018-558,Prostejov,Clay,32,C,,20180609,15,MU94,,,Jaume Munar,R,183,ESP,21.095,155,356,ME31,,,Vincent Millot,L,173,FRA,32.356,251,222,6-2 3-2 RET,3,R32,54,5,2,37,23,18,6,6,0,1,2,3,47,22,10,13,7,2,6
2018-558,Prostejov,Clay,32,C,,20180609,16,Y218,,,Elias Ymer,R,185,SWE,22.163,122,453,SK67,,,Jan Satral,R,185,CZE,27.877,365,123,7-5 4-6 7-5,3,R32,141,5,7,111,67,43,23,17,5,10,1,4,104,61,38,21,17,7,13
2018-558,Prostejov,Clay,32,C,,20180609,17,G476,1,,Guillermo Garcia-Lopez,R,185,ESP,35.014,67,850,BD20,,,Thomaz Bellucci,L,188,BRA,30.442,278,201,6-1 7-6(4),3,R16,90,2,4,66,39,26,18,10,1,3,5,4,60,33,22,8,9,0,4
2018-558,Prostejov,Clay,32,C,,20180609,18,PC11,4,,Guido Pella,L,183,ARG,28.063,78,728,D985,,,Joao Domingues,R,,POR,24.676,271,205,7-5 6-3,3,R16,99,2,2,69,47,32,10,10,3,5,1,2,70,41,24,13,11,2,7
2018-558,Prostejov,Clay,32,C,,20180609,19,Y218,,,Elias Ymer,R,185,SWE,22.163,122,453,V708,5,,Jiri Vesely,L,198,CZE,24.914,80,720,6-2 3-6 6-4,3,R16,140,2,3,87,58,35,19,14,4,7,9,12,100,59,38,18,13,11,15
2018-558,Prostejov,Clay,32,C,,20180609,20,DB63,,,Laslo Djere,R,188,SRB,23.02,101,596,K926,7,,Mikhail Kukushkin,R,183,KAZ,30.453,83,694,W/O,3,R16,,,,,,,,,,,,,,,,,,,
2018-558,Prostejov,Clay,32,C,,20180609,21,CE25,,,Salvatore Caruso,R,185,ITA,25.481,228,255,A829,8,,Radu Albot,R,175,MDA,28.575,97,634,6-3 7-5,3,R16,101,0,1,60,34,19,18,10,1,3,2,2,68,36,21,15,11,6,11
2018-558,Prostejov,Clay,32,C,,20180609,22,GB53,,,Federico Gaio,R,178,ITA,26.261,314,161,KH56,,,Zdenek Kolar,R,183,CZE,21.665,247,226,7-5 6-0,3,R16,77,4,5,51,29,25,12,9,5,6,1,5,61,25,15,17,9,2,7
2018-558,Prostejov,Clay,32,C,,20180609,23,MI43,,,Gerald Melzer,L,188,AUT,27.907,111,490,SN77,,,Vaclav Safranek,R,183,CZE,24.055,257,214,6-1 6-0,3,R16,58,5,2,47,26,18,13,7,2,2,2,3,46,23,11,8,6,6,11
2018-558,Prostejov,Clay,32,C,,20180609,24,MU94,,,Jaume Munar,R,183,ESP,21.095,155,356,PG32,,,Adam Pavlasek,R,185,CZE,23.669,185,317,6-7(6) 6-4 7-5,3,R16,173,1,4,98,56,42,22,17,2,7,1,2,114,54,35,30,17,7,14
2018-558,Prostejov,Clay,32,C,,20180609,25,G476,1,,Guillermo Garcia-Lopez,R,185,ESP,35.014,67,850,GB53,,,Federico Gaio,R,178,ITA,26.261,314,161,6-3 6-4,3,QF,76,1,2,59,30,23,19,10,3,4,3,6,57,29,21,11,9,1,4
2018-558,Prostejov,Clay,32,C,,20180609,26,DB63,,,Laslo Djere,R,188,SRB,23.02,101,596,PC11,4,,Guido Pella,L,183,ARG,28.063,78,728,6-4 7-5,3,QF,121,2,7,81,42,33,11,11,6,10,3,2,84,50,26,15,11,5,11
2018-558,Prostejov,Clay,32,C,,20180609,27,MI43,,,Gerald Melzer,L,188,AUT,27.907,111,490,CE25,,,Salvatore Caruso,R,185,ITA,25.481,228,255,6-4 6-3,3,QF,96,5,3,71,33,26,22,10,5,5,2,3,59,32,22,15,9,3,5
2018-558,Prostejov,Clay,32,C,,20180609,28,MU94,,,Jaume Munar,R,183,ESP,21.095,155,356,Y218,,,Elias Ymer,R,185,SWE,22.163,122,453,3-6 6-1 6-1,3,QF,102,0,3,66,42,32,7,11,3,6,1,5,69,46,26,5,12,4,11
2018-558,Prostejov,Clay,32,C,,20180609,29,DB63,,,Laslo Djere,R,188,SRB,23.02,101,596,G476,1,,Guillermo Garcia-Lopez,R,185,ESP,35.014,67,850,7-6(8) 3-6 7-6(4),3,SF,165,4,5,105,65,39,23,17,2,8,5,3,116,69,49,20,16,7,11
2018-558,Prostejov,Clay,32,C,,20180609,30,MU94,,,Jaume Munar,R,183,ESP,21.095,155,356,MI43,,,Gerald Melzer,L,188,AUT,27.907,111,490,4-6 6-3 6-2,3,SF,99,5,1,74,55,35,9,14,0,4,3,3,87,48,29,16,13,9,15
2018-558,Prostejov,Clay,32,C,,20180609,31,MU94,,,Jaume Munar,R,183,ESP,21.095,155,356,DB63,,,Laslo Djere,R,188,SRB,23.02,101,596,6-1 6-3,3,F,77,1,0,50,32,20,11,8,5,7,1,6,56,29,14,10,8,3,9
2018-7736,Shymkent,Clay,32,C,,20180609,1,H997,1,,Yannick Hanfmann,R,193,GER,26.571,138,403,A0AO,,,Alen Avidzba,R,188,RUS,18.289,859,18,6-4 6-2,3,R32,80,4,4,58,25,22,19,9,5,5,5,3,55,33,24,9,9,3,6
2018-7736,Shymkent,Clay,32,C,,20180609,2,DA31,2,,Hugo Dellien,R,180,BOL,24.98,145,386,O340,,,Roberto Ortega-Olmedo,R,168,ESP,27.11,290,182,3-6 7-6(5) 6-0,3,R32,130,0,2,90,65,43,14,13,5,8,3,3,92,51,31,20,14,8,13
2018-7736,Shymkent,Clay,32,C,,20180609,3,O513,3,,Sebastian Ofner,R,191,AUT,22.075,147,381,D981,,,Arthur De Greef,R,183,BEL,26.201,249,223,7-6(1) 5-1 RET,3,R32,87,8,9,72,39,32,15,9,6,7,2,4,65,36,23,13,9,2,5
2018-7736,Shymkent,Clay,32,C,,20180609,4,SK47,4,,Mohamed Safwat,R,180,EGY,27.721,182,320,G985,,,Carlos Gomez-Herrera,R,191,ESP,28.11,284,192,7-5 7-5,3,R32,124,4,3,78,41,33,19,12,4,5,5,6,91,47,35,19,12,6,9
2018-7736,Shymkent,Clay,32,C,,20180609,5,SP80,5,,Nino Serdarusic,R,191,CRO,21.487,201,300,HB24,,,Roman Khassanov,R,188,KAZ,21.752,751,28,7-5 6-2,3,R32,77,3,2,51,29,26,12,10,1,2,4,3,63,30,18,17,10,1,5
2018-7736,Shymkent,Clay,32,C,,20180609,6,MN20,,,Daniel Masur,R,183,GER,23.589,367,121,I236,6,,Uladzimir Ignatik,R,183,BLR,27.904,202,296,6-4 6-7(4) 6-4,3,R32,152,5,9,93,47,38,27,16,5,7,5,4,99,49,34,28,16,2,6
2018-7736,Shymkent,Clay,32,C,,20180609,7,GA71,,,Laurynas Grigelis,R,183,LTU,26.82,260,211,LA93,7,,Enrique Lopez Perez,R,180,ESP,27.017,208,286,6-3 7-5,3,R32,89,3,2,58,35,24,13,10,0,2,3,6,64,34,21,14,11,4,9
2018-7736,Shymkent,Clay,32,C,,20180609,8,KB92,,,Kevin Krawietz,R,188,GER,26.374,358,129,O482,8,,Gonzalo Oliveira,L,185,VEN,23.307,218,268,6-1 6-1,3,R32,62,1,2,39,20,14,13,7,1,2,1,1,52,34,15,6,7,6,12
2018-7736,Shymkent,Clay,32,C,,20180609,9,CF88,,,Roberto Cid Subervi,R,193,DOM,24.775,292,177,T982,,,Tsung-Hua Yang,R,178,TPE,27.198,227,256,1-6 6-0 6-1,3,R32,82,1,5,52,30,23,12,10,3,5,4,5,61,40,25,5,10,4,9
2018-7736,Shymkent,Clay,32,C,,20180609,10,GA79,,,Lorenzo Giustino,R,180,ITA,26.746,264,209,PE02,,,Danilo Petrovic,R,203,SRB,26.374,225,256,3-2 RET,3,R32,26,2,0,11,7,6,4,2,0,0,3,2,30,18,10,6,3,3,4
2018-7736,Shymkent,Clay,32,C,,20180609,11,M915,,,Daniel Munoz de la Nava,L,175,ESP,36.359,273,203,LG37,,,Grigoriy Lomakin,R,198,KAZ,20.227,1126,7,6-1 6-4,3,R32,72,2,1,48,30,24,13,9,1,1,3,1,67,46,31,5,8,6,9
2018-7736,Shymkent,Clay,32,C,,20180609,12,N561,,,Ivan Nedelko,R,185,RUS,32.077,248,224,Y171,,,Denis Yevseyev,R,188,KAZ,25.049,387,111,7-5 6-3,3,R32,114,1,1,66,32,20,20,11,2,4,0,2,90,65,34,14,10,11,15
2018-7736,Shymkent,Clay,32,C,,20180609,13,N503,,,Aleksandr Nedovyesov,R,188,KAZ,31.313,272,204,CG07,,,Hernan Casanova,R,178,ARG,24.337,265,208,6-0 6-1,3,R32,54,2,0,46,30,23,9,7,2,2,0,2,35,23,8,3,6,3,8
2018-7736,Shymkent,Clay,32,C,,20180609,14,PC78,,,Ante Pavic,R,196,CRO,29.257,274,203,SF41,,,Aldin Setkic,R,191,BIH,30.467,287,186,6-2 6-4,3,R32,98,13,6,67,40,28,15,9,4,5,2,8,69,44,29,7,9,6,10
2018-7736,Shymkent,Clay,32,C,,20180609,15,R09X,,,Jurij Rodionov,L,191,AUT,19.066,456,81,KD70,,,Pedja Krstin,R,183,SRB,23.765,254,217,6-3 6-2,3,R32,59,2,3,49,29,19,10,9,0,3,2,5,61,42,21,5,8,7,13
2018-7736,Shymkent,Clay,32,C,,20180609,16,W857,,,Tung-Lin Wu,R,188,TPE,20.077,471,77,CC32,,,Guilherme Clezar,R,180,BRA,25.437,231,246,7-5 6-4,3,R32,99,9,4,58,33,28,15,11,0,1,4,1,77,48,33,13,11,6,9
2018-7736,Shymkent,Clay,32,C,,20180609,17,H997,1,,Yannick Hanfmann,R,193,GER,26.571,138,403,W857,,,Tung-Lin Wu,R,188,TPE,20.077,471,77,6-1 6-0,3,R16,48,6,3,35,20,18,8,6,1,1,1,3,40,23,9,6,7,4,10
2018-7736,Shymkent,Clay,32,C,,20180609,18,DA31,2,,Hugo Dellien,R,180,BOL,24.98,145,386,PC78,,,Ante Pavic,R,196,CRO,29.257,274,203,6-2 6-4,3,R16,67,2,1,45,37,31,5,9,0,0,4,5,56,29,20,13,9,1,4
2018-7736,Shymkent,Clay,32,C,,20180609,19,O513,3,,Sebastian Ofner,R,191,AUT,22.075,147,381,N561,,,Ivan Nedelko,R,185,RUS,32.077,248,224,1-6 7-6(2) 4-2 RET,3,R16,163,4,5,86,52,39,12,12,6,10,3,5,122,57,39,31,13,13,16
2018-7736,Shymkent,Clay,32,C,,20180609,20,GA79,,,Lorenzo Giustino,R,180,ITA,26.746,264,209,SK47,4,,Mohamed Safwat,R,180,EGY,27.721,182,320,6-4 6-7(8) 6-4,3,R16,186,3,5,116,66,50,22,16,5,7,4,4,118,69,47,24,16,9,13
2018-7736,Shymkent,Clay,32,C,,20180609,21,CF88,,,Roberto Cid Subervi,R,193,DOM,24.775,292,177,SP80,5,,Nino Serdarusic,R,191,CRO,21.487,201,300,6-2 6-4,3,R16,73,2,1,54,32,23,15,9,1,2,2,4,49,29,22,4,9,1,5
2018-7736,Shymkent,Clay,32,C,,20180609,22,KB92,,,Kevin Krawietz,R,188,GER,26.374,358,129,M915,,,Daniel Munoz de la Nava,L,175,ESP,36.359,273,203,6-4 6-4,3,R16,100,5,2,64,36,25,17,10,8,9,2,4,68,37,26,12,10,4,7
2018-7736,Shymkent,Clay,32,C,,20180609,23,N503,,,Aleksandr Nedovyesov,R,188,KAZ,31.313,272,204,MN20,,,Daniel Masur,R,183,GER,23.589,367,121,7-5 6-2,3,R16,80,1,1,52,33,30,7,10,0,1,4,4,66,40,26,13,10,9,13
2018-7736,Shymkent,Clay,32,C,,20180609,24,R09X,,,Jurij Rodionov,L,191,AUT,19.066,456,81,GA71,,,Laurynas Grigelis,R,183,LTU,26.82,260,211,6-4 3-6 7-6(4),3,R16,179,8,5,104,64,41,19,16,3,8,3,5,146,76,48,35,15,18,22
2018-7736,Shymkent,Clay,32,C,,20180609,25,H997,1,,Yannick Hanfmann,R,193,GER,26.571,138,403,R09X,,,Jurij Rodionov,L,191,AUT,19.066,456,81,7-5 7-5,3,QF,98,3,1,65,39,35,14,12,1,1,0,5,88,56,40,15,12,6,8
2018-7736,Shymkent,Clay,32,C,,20180609,26,DA31,2,,Hugo Dellien,R,180,BOL,24.98,145,386,N503,,,Aleksandr Nedovyesov,R,188,KAZ,31.313,272,204,3-6 6-1 6-0,3,QF,101,0,2,74,63,38,6,11,3,5,4,8,82,50,30,9,11,5,11
2018-7736,Shymkent,Clay,32,C,,20180609,27,CF88,,,Roberto Cid Subervi,R,193,DOM,24.775,292,177,O513,3,,Sebastian Ofner,R,191,AUT,22.075,147,381,6-2 6-1,3,QF,68,0,3,50,33,23,7,8,1,3,0,4,44,17,6,8,7,1,7
2018-7736,Shymkent,Clay,32,C,,20180609,28,GA79,,,Lorenzo Giustino,R,180,ITA,26.746,264,209,KB92,,,Kevin Krawietz,R,188,GER,26.374,358,129,7-5 4-6 6-3,3,QF,134,3,6,107,54,41,28,16,3,5,2,3,77,46,33,18,15,0,3
2018-7736,Shymkent,Clay,32,C,,20180609,29,H997,1,,Yannick Hanfmann,R,193,GER,26.571,138,403,GA79,,,Lorenzo Giustino,R,180,ITA,26.746,264,209,6-1 6-0,3,SF,42,8,1,38,26,23,7,7,1,1,1,1,39,21,8,7,6,4,9
2018-7736,Shymkent,Clay,32,C,,20180609,30,CF88,,,Roberto Cid Subervi,R,193,DOM,24.775,292,177,DA31,2,,Hugo Dellien,R,180,BOL,24.98,145,386,6-7(4) 6-4 6-1,3,SF,161,2,5,102,56,41,23,14,6,8,0,2,128,110,61,10,15,13,19
2018-7736,Shymkent,Clay,32,C,,20180609,31,H997,1,,Yannick Hanfmann,R,193,GER,26.571,138,403,CF88,,,Roberto Cid Subervi,R,193,DOM,24.775,292,177,7-6(3) 4-6 6-2,3,F,128,2,5,95,58,42,16,15,5,9,3,10,111,68,50,13,15,8,13
2018-7297,Surbiton,Grass,32,C,,20180610,1,CA12,1,,Jeremy Chardy,R,188,FRA,31.324,86,680,BI23,,,Liam Broady,L,183,GBR,24.43,164,338,7-6(10) 6-3,3,R32,90,11,2,72,54,44,11,11,0,0,8,0,75,50,33,19,10,4,5
2018-7297,Surbiton,Grass,32,C,,20180610,2,RB56,,,Ramkumar Ramanathan,R,188,IND,23.587,121,454,TC61,2,,Jordan Thompson,R,183,AUS,24.14,91,669,6-4 3-6 6-1,3,R32,92,13,1,81,60,48,8,13,4,5,1,0,77,55,40,10,13,5,8
2018-7297,Surbiton,Grass,32,C,,20180610,3,BF55,3,,Yuki Bhambri,R,185,IND,25.933,93,665,KD46,,,Thanasi Kokkinakis,R,193,AUS,22.166,148,380,6-4 7-6(4),3,R32,88,1,5,66,48,36,8,11,2,4,9,1,74,46,30,13,11,4,7
2018-7297,Surbiton,Grass,32,C,,20180610,4,KB14,,,Kevin King,L,191,USA,27.28,169,334,Y061,4,,Mikhail Youzhny,R,183,RUS,35.959,98,616,7-6(4) 7-5,3,R32,79,9,6,73,47,40,14,12,2,3,2,0,65,52,38,10,12,0,2
2018-7297,Surbiton,Grass,32,C,,20180610,5,L797,5,,Lukas Lacko,R,188,SVK,30.601,99,614,N674,,,Dennis Novikov,R,193,USA,24.591,186,317,4-6 6-1 7-5,3,R32,96,11,2,82,52,41,17,15,2,4,21,3,86,42,33,17,14,5,9
2018-7297,Surbiton,Grass,32,C,,20180610,6,DH58,6,,Alex de Minaur,R,183,AUS,19.31,105,541,W579,,,Alexander Ward,R,185,GBR,28.112,327,153,6-4 6-1,3,R32,64,3,0,40,23,19,10,8,0,1,1,1,62,37,21,10,9,6,11
2018-7297,Surbiton,Grass,32,C,,20180610,7,MK66,7,,Mackenzie McDonald,R,178,USA,23.151,107,514,PB22,,,Peter Polansky,R,183,CAN,29.985,124,449,6-7(4) 7-5 6-3,3,R32,116,8,2,95,79,57,7,16,3,5,7,1,104,57,39,28,17,10,15
2018-7297,Surbiton,Grass,32,C,,20180610,8,MJ71,,,Mats Moraing,L,198,GER,25.971,153,362,F811,8,,Bjorn Fratangelo,R,183,USA,24.893,109,494,3-6 6-3 7-6(4),3,R32,94,22,7,85,48,42,20,15,4,5,12,4,94,60,49,15,15,4,5
2018-7297,Surbiton,Grass,32,C,,20180610,9,BI81,,,Alex Bolt,L,183,AUS,25.426,179,322,CI14,,,Jay Clarke,R,183,GBR,19.871,224,257,6-1 6-7(3) 6-3,3,R32,102,8,3,80,59,48,13,15,0,1,6,3,92,55,38,17,13,3,7
2018-7297,Surbiton,Grass,32,C,,20180610,10,BC72,,,Daniel Brands,R,196,GER,30.899,334,147,MB53,,,Adrian Menendez-Maceiras,R,183,ESP,32.616,150,376,6-3 4-6 7-5,3,R32,106,16,1,89,72,55,11,16,6,7,10,8,93,60,43,19,15,7,9
2018-7297,Surbiton,Grass,32,C,,20180610,11,E690,,,Matthew Ebden,R,188,AUS,30.538,73,794,BA65,,,Dustin Brown,R,196,JAM,33.503,149,377,6-7(5) 7-5 6-3,3,R32,110,7,1,101,72,53,16,17,2,5,10,7,110,74,52,14,16,9,14
2018-7297,Surbiton,Grass,32,C,,20180610,12,E687,,,Daniel Evans,R,175,GBR,28.049,858,18,F586,,,Thomas Fabbiano,R,173,ITA,29.04,115,466,6-4 7-5,3,R32,91,4,4,75,45,26,15,11,7,10,2,2,72,50,27,12,11,3,8
2018-7297,Surbiton,Grass,32,C,,20180610,13,FB98,,,Taylor Fritz,R,196,USA,20.616,68,849,GD08,,,Lloyd Glasspool,R,191,GBR,24.556,451,82,4-6 6-3 6-4,3,R32,92,9,0,97,66,46,21,15,8,9,13,0,77,52,36,19,14,2,4
2018-7297,Surbiton,Grass,32,C,,20180610,14,KB09,,,Denis Kudla,R,180,USA,25.812,113,471,BK92,,,Alexander Bublik,R,196,KAZ,20.98,139,402,3-6 7-6(5) 6-1,3,R32,92,6,4,89,59,45,16,13,4,5,14,3,94,68,48,13,15,8,11
2018-7297,Surbiton,Grass,32,C,,20180610,15,M762,,,Jurgen Melzer,L,183,AUT,37.051,1245,4,PG94,,,Marc Polmans,R,188,AUS,21.106,177,324,6-4 3-6 7-6(2),3,R32,117,10,5,100,63,46,23,15,6,7,13,3,114,71,50,27,16,6,7
2018-7297,Surbiton,Grass,32,C,,20180610,16,SC77,,,Sergiy Stakhovsky,R,193,UKR,32.424,127,433,W503,,,James Ward,R,188,GBR,31.332,403,99,4-6 6-3 6-3,3,R32,107,14,3,94,66,45,16,14,9,11,7,2,92,68,46,9,14,7,11
2018-7297,Surbiton,Grass,32,C,,20180610,17,CA12,1,,Jeremy Chardy,R,188,FRA,31.324,86,680,BC72,,,Daniel Brands,R,196,GER,30.899,334,147,7-6(3) 6-3,3,R16,71,8,2,57,42,35,12,11,0,0,7,2,55,42,32,7,10,0,1
2018-7297,Surbiton,Grass,32,C,,20180610,18,BF55,3,,Yuki Bhambri,R,185,IND,25.933,93,665,BI81,,,Alex Bolt,L,183,AUS,25.426,179,322,6-4 3-6 6-1,3,R16,96,2,7,88,55,40,12,13,2,5,2,2,76,38,25,18,13,2,7
2018-7297,Surbiton,Grass,32,C,,20180610,19,KB09,,,Denis Kudla,R,180,USA,25.812,113,471,L797,5,,Lukas Lacko,R,188,SVK,30.601,99,614,6-4 6-0,3,R16,46,11,1,39,28,26,8,8,3,3,8,1,48,39,22,4,8,3,7
2018-7297,Surbiton,Grass,32,C,,20180610,20,DH58,6,,Alex de Minaur,R,183,AUS,19.31,105,541,FB98,,,Taylor Fritz,R,196,USA,20.616,68,849,6-4 7-6(4),3,R16,87,1,2,63,41,36,15,11,0,0,1,2,82,46,36,19,11,6,7
2018-7297,Surbiton,Grass,32,C,,20180610,21,E690,,,Matthew Ebden,R,188,AUS,30.538,73,794,MK66,7,,Mackenzie McDonald,R,178,USA,23.151,107,514,6-3 6-7(5) 6-3,3,R16,110,13,4,105,73,58,14,16,3,4,2,2,90,65,47,10,14,3,6
2018-7297,Surbiton,Grass,32,C,,20180610,22,E687,,,Daniel Evans,R,175,GBR,28.049,858,18,MJ71,,,Mats Moraing,L,198,GER,25.971,153,362,7-6(4) 6-3,3,R16,79,5,3,65,44,39,11,11,1,1,16,10,69,41,37,9,10,6,7
2018-7297,Surbiton,Grass,32,C,,20180610,23,M762,,,Jurgen Melzer,L,183,AUT,37.051,1245,4,KB14,,,Kevin King,L,191,USA,27.28,169,334,6-4 6-4,3,R16,65,2,0,56,40,29,10,10,2,3,12,6,61,35,25,11,10,4,7
2018-7297,Surbiton,Grass,32,C,,20180610,24,SC77,,,Sergiy Stakhovsky,R,193,UKR,32.424,127,433,RB56,,,Ramkumar Ramanathan,R,188,IND,23.587,121,454,6-4 7-6(4),3,R16,88,4,3,69,42,35,19,11,2,2,7,2,68,42,32,15,11,0,1
2018-7297,Surbiton,Grass,32,C,,20180610,25,CA12,1,,Jeremy Chardy,R,188,FRA,31.324,86,680,KB09,,,Denis Kudla,R,180,USA,25.812,113,471,7-6(5) 4-6 7-6(8),3,QF,140,18,3,115,69,54,27,17,8,10,25,3,122,74,64,21,17,5,6
2018-7297,Surbiton,Grass,32,C,,20180610,26,DH58,6,,Alex de Minaur,R,183,AUS,19.31,105,541,BF55,3,,Yuki Bhambri,R,185,IND,25.933,93,665,6-3 7-5,3,QF,76,7,3,63,44,30,14,11,3,5,1,1,61,41,26,7,10,2,6
2018-7297,Surbiton,Grass,32,C,,20180610,27,E690,,,Matthew Ebden,R,188,AUS,30.538,73,794,SC77,,,Sergiy Stakhovsky,R,193,UKR,32.424,127,433,6-4 6-4,3,QF,65,5,2,50,33,29,11,10,0,0,6,2,66,46,34,7,10,10,12
2018-7297,Surbiton,Grass,32,C,,20180610,28,E687,,,Daniel Evans,R,175,GBR,28.049,858,18,M762,,,Jurgen Melzer,L,183,AUT,37.051,1245,4,7-6(3) 6-4,3,QF,86,12,2,73,46,34,18,11,6,7,4,0,76,46,30,17,11,0,2
2018-7297,Surbiton,Grass,32,C,,20180610,29,CA12,1,,Jeremy Chardy,R,188,FRA,31.324,86,680,E687,,,Daniel Evans,R,175,GBR,28.049,858,18,6-4 7-6(3),3,SF,85,11,2,69,53,44,7,11,3,3,6,2,62,39,32,12,11,1,2
2018-7297,Surbiton,Grass,32,C,,20180610,30,DH58,6,,Alex de Minaur,R,183,AUS,19.31,105,541,E690,,,Matthew Ebden,R,188,AUS,30.538,73,794,6-4 6-4,3,SF,89,1,3,69,51,34,12,10,5,5,2,3,71,49,32,11,10,6,8
2018-7297,Surbiton,Grass,32,C,,20180610,31,CA12,1,,Jeremy Chardy,R,188,FRA,31.324,86,680,DH58,6,,Alex de Minaur,R,183,AUS,19.31,105,541,6-4 4-6 6-2,3,F,99,9,2,75,52,40,16,14,2,3,5,3,75,52,38,11,14,2,5
2018-786,Poznan,Clay,32,C,,20180610,1,DA81,1,,Taro Daniel,R,191,JPN,25.366,82,711,KI95,,,Miomir Kecmanovic,R,183,SRB,18.776,200,300,7-5 6-3,3,R32,103,1,0,61,45,31,13,11,4,5,2,2,78,45,28,15,10,8,11
2018-786,Poznan,Clay,32,C,,20180610,2,HB71,,,Hubert Hurkacz,R,196,POL,21.325,188,315,A887,2,,Guido Andreozzi,R,183,ARG,26.847,108,506,6-1 7-5,3,R32,89,8,3,71,46,34,13,10,6,6,1,7,64,34,20,15,9,4,7
2018-786,Poznan,Clay,32,C,,20180610,3,K966,3,,Martin Klizan,L,191,SVK,28.914,117,463,KC12,,,Mitchell Krueger,R,188,USA,24.408,230,250,6-2 6-2,3,R32,93,4,4,59,35,27,13,8,2,2,0,2,62,34,21,11,8,4,8
2018-786,Poznan,Clay,32,C,,20180610,4,G983,,,Alessandro Giannessi,L,185,ITA,28.03,199,301,S483,4,,Pedro Sousa,R,180,POR,30.037,120,457,6-2 6-3,3,R32,78,1,2,60,39,25,12,9,4,6,1,3,49,37,20,3,8,3,8
2018-786,Poznan,Clay,32,C,,20180610,5,G710,,,Marcel Granollers,R,191,ESP,32.162,132,425,Q941,,,Roberto Quiroz,L,193,ECU,26.294,239,235,6-2 5-7 6-3,3,R32,139,2,3,75,47,36,15,14,3,5,0,3,116,72,46,16,15,14,19
2018-786,Poznan,Clay,32,C,,20180610,6,HB64,6,,Quentin Halys,R,191,FRA,21.621,135,419,CF25,,,Victor Cornea,L,196,ROU,24.709,1485,2,6-1 6-4,3,R32,65,2,6,60,38,30,13,9,5,5,1,3,51,28,13,14,8,1,4
2018-786,Poznan,Clay,32,C,,20180610,7,L949,7,,Henri Laaksonen,R,185,SUI,26.193,137,412,KB95,,,Jason Kubler,R,178,AUS,25.06,159,347,6-4 6-2,3,R32,81,4,2,58,34,26,13,9,4,5,1,3,63,38,26,7,9,3,7
2018-786,Poznan,Clay,32,C,,20180610,8,V717,8,,Alexey Vatutin,R,178,RUS,25.618,140,399,D750,,,Kenny De Schepper,L,203,FRA,31.034,184,318,6-2 6-4,3,R32,67,1,1,53,34,25,10,9,0,1,5,2,51,44,26,2,9,3,7
2018-786,Poznan,Clay,32,C,,20180610,9,A622,,,Andrea Arnaboldi,L,180,ITA,30.453,256,215,O449,,,Oscar Otte,R,193,GER,24.901,156,351,6-2 3-6 6-3,3,R32,106,4,0,77,54,39,14,13,2,4,4,8,79,41,31,17,13,6,10
2018-786,Poznan,Clay,32,C,,20180610,10,BF23,,,Facundo Bagnis,L,183,ARG,28.282,203,293,KC04,,,Jozef Kovalik,R,183,SVK,25.596,146,383,6-3 7-5,3,R32,123,2,1,74,45,31,18,11,3,5,4,3,68,37,22,15,10,6,10
2018-786,Poznan,Clay,32,C,,20180610,11,BD80,,,Attila Balazs,R,180,HUN,29.7,211,282,DB59,,,Dennis Novak,R,183,AUT,24.783,217,270,6-3 6-2,3,R32,67,1,3,49,28,22,13,9,1,2,0,2,49,27,16,9,8,7,11
2018-786,Poznan,Clay,32,C,,20180610,12,BK19,,,Mathias Bourgue,R,188,FRA,24.392,276,203,BE68,,,Tomislav Brkic,R,185,BIH,28.255,241,233,6-1 6-4,3,R32,73,5,1,55,32,25,14,9,2,2,0,3,55,30,19,10,8,5,8
2018-786,Poznan,Clay,32,C,,20180610,13,DA67,,,Matteo Donati,R,185,ITA,23.28,236,237,DG65,,,Michal Dembek,R,196,POL,20.841,660,37,7-6(4) 6-3,3,R32,84,4,1,66,52,32,8,10,7,10,2,3,79,43,28,13,11,5,10
2018-786,Poznan,Clay,32,C,,20180610,14,E768,,,Antoine Escoffier,R,185,FRA,26.278,395,107,SQ80,,,Akira Santillan,R,180,AUS,21.051,209,284,6-4 6-3,3,R32,88,3,3,77,49,30,15,10,10,12,4,4,60,44,22,10,9,5,9
2018-786,Poznan,Clay,32,C,,20180610,15,E224,,,Victor Estrella Burgos,R,170,DOM,37.854,163,338,CF60,,,Pawel Juszczak,R,178,POL,24.296,408,98,6-3 1-6 6-4,3,R32,,,,,,,,,,,,,,,,,,,
2018-786,Poznan,Clay,32,C,,20180610,16,J400,,,Jeremy Jahn,R,178,GER,28.181,383,114,MQ75,,,Kamil Majchrzak,R,183,POL,22.407,189,314,6-3 2-6 6-0,3,R32,104,6,6,67,39,29,12,12,0,3,2,3,90,54,32,15,11,6,11
2018-786,Poznan,Clay,32,C,,20180610,17,DA81,1,,Taro Daniel,R,191,JPN,25.366,82,711,BK19,,,Mathias Bourgue,R,188,FRA,24.392,276,203,6-4 6-2,3,R16,94,1,4,61,36,28,14,9,3,3,1,2,54,34,21,8,9,4,7
2018-786,Poznan,Clay,32,C,,20180610,18,A622,,,Andrea Arnaboldi,L,180,ITA,30.453,256,215,K966,3,,Martin Klizan,L,191,SVK,28.914,117,463,6-3 6-3,3,R16,95,1,0,64,44,28,11,9,3,4,3,5,65,32,19,15,9,6,10
2018-786,Poznan,Clay,32,C,,20180610,19,BF23,,,Facundo Bagnis,L,183,ARG,28.282,203,293,G710,,,Marcel Granollers,R,191,ESP,32.162,132,425,6-1 7-6(4),3,R16,108,0,1,72,47,32,13,10,2,4,1,4,67,41,26,11,9,4,8
2018-786,Poznan,Clay,32,C,,20180610,20,HB64,6,,Quentin Halys,R,191,FRA,21.621,135,419,E768,,,Antoine Escoffier,R,185,FRA,26.278,395,107,7-6(3) 5-7 6-4,3,R16,167,8,14,135,84,60,19,17,13,18,2,11,119,62,39,26,17,7,12
2018-786,Poznan,Clay,32,C,,20180610,21,BD80,,,Attila Balazs,R,180,HUN,29.7,211,282,L949,7,,Henri Laaksonen,R,185,SUI,26.193,137,412,6-0 6-1,3,R16,49,2,3,42,21,14,15,7,2,3,0,9,39,18,9,4,6,2,8
2018-786,Poznan,Clay,32,C,,20180610,22,V717,8,,Alexey Vatutin,R,178,RUS,25.618,140,399,J400,,,Jeremy Jahn,R,178,GER,28.181,383,114,7-6(4) 4-6 6-3,3,R16,158,0,3,110,68,46,18,16,7,11,4,9,120,65,42,25,15,14,18
2018-786,Poznan,Clay,32,C,,20180610,23,G983,,,Alessandro Giannessi,L,185,ITA,28.03,199,301,E224,,,Victor Estrella Burgos,R,170,DOM,37.854,163,338,4-6 6-3 6-3,3,R16,139,0,0,89,57,39,20,14,9,11,2,3,93,61,42,13,14,7,11
2018-786,Poznan,Clay,32,C,,20180610,24,HB71,,,Hubert Hurkacz,R,196,POL,21.325,188,315,DA67,,,Matteo Donati,R,185,ITA,23.28,236,237,6-3 6-7(5) 6-3,3,R16,125,9,3,98,63,46,23,16,1,2,1,1,97,62,47,12,14,5,8
2018-786,Poznan,Clay,32,C,,20180610,25,DA81,1,,Taro Daniel,R,191,JPN,25.366,82,711,BF23,,,Facundo Bagnis,L,183,ARG,28.282,203,293,6-4 7-5,3,QF,103,2,2,63,46,33,9,11,5,7,3,5,69,46,32,9,11,3,7
2018-786,Poznan,Clay,32,C,,20180610,26,HB64,6,,Quentin Halys,R,191,FRA,21.621,135,419,A622,,,Andrea Arnaboldi,L,180,ITA,30.453,256,215,6-1 7-6(3),3,QF,82,6,5,69,45,33,13,10,0,1,0,5,57,32,18,12,9,1,4
2018-786,Poznan,Clay,32,C,,20180610,27,HB71,,,Hubert Hurkacz,R,196,POL,21.325,188,315,V717,8,,Alexey Vatutin,R,178,RUS,25.618,140,399,6-3 6-2,3,QF,74,20,4,59,37,29,12,9,4,4,0,2,63,42,23,10,8,5,8
2018-786,Poznan,Clay,32,C,,20180610,28,G983,,,Alessandro Giannessi,L,185,ITA,28.03,199,301,BD80,,,Attila Balazs,R,180,HUN,29.7,211,282,6-4 7-5,3,QF,107,2,2,73,49,30,15,11,6,9,1,5,72,42,23,15,11,7,12
2018-786,Poznan,Clay,32,C,,20180610,29,DA81,1,,Taro Daniel,R,191,JPN,25.366,82,711,HB64,6,,Quentin Halys,R,191,FRA,21.621,135,419,7-6(6) 6-3,3,SF,99,1,2,79,45,32,18,11,3,5,3,8,65,36,27,9,10,2,5
2018-786,Poznan,Clay,32,C,,20180610,30,HB71,,,Hubert Hurkacz,R,196,POL,21.325,188,315,G983,,,Alessandro Giannessi,L,185,ITA,28.03,199,301,6-4 3-6 6-3,3,SF,116,5,4,85,56,45,13,14,7,8,1,1,80,57,43,11,14,6,8
2018-786,Poznan,Clay,32,C,,20180610,31,HB71,,,Hubert Hurkacz,R,196,POL,21.325,188,315,DA81,1,,Taro Daniel,R,191,JPN,25.366,82,711,6-1 6-1,3,F,59,10,0,42,30,25,7,7,1,1,0,1,48,32,14,8,7,2,7
2018-7791,Almaty,Clay,32,C,,20180616,1,TF58,,,Yusuke Takahashi,R,170,JPN,20.663,310,163,HB48,1,,Calvin Hemery,R,191,FRA,23.381,131,430,3-2 RET,3,R32,21,2,0,20,13,8,4,2,3,3,1,3,16,9,6,3,3,0,1
2018-7791,Almaty,Clay,32,C,,20180616,2,H997,2,,Yannick Hanfmann,R,193,GER,26.59,114,491,MN20,,,Daniel Masur,R,183,GER,23.608,382,114,7-6(3) 6-1,3,R32,82,11,9,60,36,29,10,10,3,6,1,11,76,36,24,14,9,6,11
2018-7791,Almaty,Clay,32,C,,20180616,3,A0AO,,,Alen Avidzba,R,188,RUS,18.308,852,19,DA31,3,,Hugo Dellien,R,180,BOL,24.999,113,502,6-4 6-4,3,R32,73,4,3,50,26,22,15,10,1,2,0,1,63,50,29,8,10,6,9
2018-7791,Almaty,Clay,32,C,,20180616,4,SF89,,,Rubin Statham,R,180,NZL,31.143,361,123,O513,4,,Sebastian Ofner,R,191,AUT,22.094,143,403,6-3 6-2,3,R32,67,2,2,60,32,25,16,9,2,2,4,6,47,23,16,9,8,2,5
2018-7791,Almaty,Clay,32,C,,20180616,5,KD70,,,Pedja Krstin,R,183,SRB,23.784,249,225,SK47,5,,Mohamed Safwat,R,180,EGY,27.74,166,340,6-4 6-2,3,R32,62,1,3,45,23,19,14,9,0,1,3,1,47,20,15,11,9,0,4
2018-7791,Almaty,Clay,32,C,,20180616,6,MM66,6,,Nikola Milojevic,R,188,SRB,22.992,187,310,CG07,,,Hernan Casanova,R,178,ARG,24.356,258,217,6-2 6-3,3,R32,71,4,4,58,38,28,9,9,4,6,0,3,53,25,15,10,8,6,11
2018-7791,Almaty,Clay,32,C,,20180616,7,SP80,7,,Nino Serdarusic,R,191,CRO,21.506,203,298,G922,,,Gerard Granollers,R,183,ESP,29.374,435,87,6-3 7-6(4),3,R32,86,10,3,65,38,28,16,11,4,6,1,2,60,36,23,14,10,4,7
2018-7791,Almaty,Clay,32,C,,20180616,8,I236,8,,Uladzimir Ignatik,R,183,BLR,27.923,213,277,N897,,,Sumit Nagal,R,178,IND,20.832,234,239,6-7(3) 6-4 6-1,3,R32,154,9,12,104,54,43,22,14,9,11,4,2,103,64,38,22,15,7,13
2018-7791,Almaty,Clay,32,C,,20180616,9,CF88,,,Roberto Cid Subervi,R,193,DOM,24.794,248,225,LE01,,,Duckhee Lee,R,170,KOR,20.049,229,247,7-5 7-5,3,R32,,,,,,,,,,,,,,,,,,,
2018-7791,Almaty,Clay,32,C,,20180616,10,CC32,,,Guilherme Clezar,R,180,BRA,25.457,218,261,O482,,,Gonzalo Oliveira,L,185,VEN,23.326,227,249,3-6 6-3 6-1,3,R32,133,1,4,92,57,35,19,12,8,11,1,3,80,55,31,11,13,8,14
2018-7791,Almaty,Clay,32,C,,20180616,11,LA93,,,Enrique Lopez Perez,R,180,ESP,27.036,208,286,U134,,,Yasutaka Uchiyama,R,183,JPN,25.862,232,242,5-7 6-3 6-2,3,R32,138,3,9,101,53,37,22,14,5,9,7,5,87,46,29,17,15,7,14
2018-7791,Almaty,Clay,32,C,,20180616,12,M915,,,Daniel Munoz de la Nava,L,175,ESP,36.378,279,194,Y171,,,Denis Yevseyev,R,188,KAZ,25.068,352,128,6-4 7-6(5),3,R32,101,2,3,65,40,25,11,11,5,10,0,5,87,56,29,13,11,6,12
2018-7791,Almaty,Clay,32,C,,20180616,13,N503,,,Aleksandr Nedovyesov,R,188,KAZ,31.332,254,219,KD32,,,Timur Khabibulin,R,185,KAZ,22.872,817,22,6-4 3-6 6-2,3,R32,117,1,4,81,49,33,19,13,4,7,2,16,113,47,32,29,14,10,15
2018-7791,Almaty,Clay,32,C,,20180616,14,PC78,,,Ante Pavic,R,196,CRO,29.276,275,201,N561,,,Ivan Nedelko,R,185,RUS,32.096,238,236,6-1 6-3,3,R32,72,4,1,47,27,19,13,8,1,2,2,6,57,28,16,9,8,5,10
2018-7791,Almaty,Clay,32,C,,20180616,15,R09X,,,Jurij Rodionov,L,191,AUT,19.086,406,99,BG72,,,Carlos Boluda-Purkiss,R,173,ESP,25.396,269,208,3-6 6-3 6-2,3,R32,109,3,4,81,56,41,11,13,5,7,2,1,84,49,36,14,13,8,12
2018-7791,Almaty,Clay,32,C,,20180616,16,T982,,,Tsung-Hua Yang,R,178,TPE,27.217,224,256,S0GR,,,Timofey Skatov,R,173,KAZ,17.399,1347,3,6-0 6-1,3,R32,54,3,6,43,13,8,17,6,3,4,1,7,42,23,9,2,7,1,8
2018-7791,Almaty,Clay,32,C,,20180616,17,H997,2,,Yannick Hanfmann,R,193,GER,26.59,114,491,M915,,,Daniel Munoz de la Nava,L,175,ESP,36.378,279,194,6-1 6-3,3,R16,70,5,2,44,22,18,11,8,0,1,2,3,54,24,10,13,8,2,7
2018-7791,Almaty,Clay,32,C,,20180616,18,CC32,,,Guilherme Clezar,R,180,BRA,25.457,218,261,MM66,6,,Nikola Milojevic,R,188,SRB,22.992,187,310,6-2 3-6 6-1,3,R16,124,8,2,66,45,34,10,12,3,6,1,9,89,43,28,17,12,9,15
2018-7791,Almaty,Clay,32,C,,20180616,19,N503,,,Aleksandr Nedovyesov,R,188,KAZ,31.332,254,219,SP80,7,,Nino Serdarusic,R,191,CRO,21.506,203,298,5-7 6-4 6-4,3,R16,137,7,5,88,54,41,17,16,0,3,6,6,103,44,31,31,16,6,10
2018-7791,Almaty,Clay,32,C,,20180616,20,LA93,,,Enrique Lopez Perez,R,180,ESP,27.036,208,286,I236,8,,Uladzimir Ignatik,R,183,BLR,27.923,213,277,6-3 6-0,3,R16,66,10,5,57,34,24,9,8,3,5,2,4,41,24,11,4,7,4,10
2018-7791,Almaty,Clay,32,C,,20180616,21,CF88,,,Roberto Cid Subervi,R,193,DOM,24.794,248,225,TF58,,,Yusuke Takahashi,R,170,JPN,20.663,310,163,6-1 6-0,3,R16,64,1,2,35,28,20,5,6,0,0,0,3,51,27,13,7,7,1,7
2018-7791,Almaty,Clay,32,C,,20180616,22,KD70,,,Pedja Krstin,R,183,SRB,23.784,249,225,PC78,,,Ante Pavic,R,196,CRO,29.276,275,201,6-4 6-2,3,R16,70,2,3,56,29,25,14,9,2,2,8,6,49,29,21,8,9,1,4
2018-7791,Almaty,Clay,32,C,,20180616,23,R09X,,,Jurij Rodionov,L,191,AUT,19.086,406,99,A0AO,,,Alen Avidzba,R,188,RUS,18.308,852,19,6-3 7-5,3,R16,103,4,4,69,38,30,11,10,5,7,3,8,74,33,19,19,11,3,8
2018-7791,Almaty,Clay,32,C,,20180616,24,T982,,,Tsung-Hua Yang,R,178,TPE,27.217,224,256,SF89,,,Rubin Statham,R,180,NZL,31.143,361,123,6-3 6-7(5) 7-6(4),3,R16,182,20,6,116,46,42,34,17,6,9,6,4,120,77,54,17,16,6,10
2018-7791,Almaty,Clay,32,C,,20180616,25,H997,2,,Yannick Hanfmann,R,193,GER,26.59,114,491,CC32,,,Guilherme Clezar,R,180,BRA,25.457,218,261,6-3 6-2,3,QF,72,7,4,59,30,25,15,9,2,2,0,3,52,33,19,10,8,2,5
2018-7791,Almaty,Clay,32,C,,20180616,26,KD70,,,Pedja Krstin,R,183,SRB,23.784,249,225,CF88,,,Roberto Cid Subervi,R,193,DOM,24.794,248,225,6-2 5-7 6-3,3,QF,127,2,8,101,64,39,17,15,7,13,2,4,96,52,31,16,14,12,20
2018-7791,Almaty,Clay,32,C,,20180616,27,LA93,,,Enrique Lopez Perez,R,180,ESP,27.036,208,286,T982,,,Tsung-Hua Yang,R,178,TPE,27.217,224,256,7-5 6-3,3,QF,86,7,4,63,36,30,16,11,3,4,4,4,52,16,12,20,10,1,4
2018-7791,Almaty,Clay,32,C,,20180616,28,R09X,,,Jurij Rodionov,L,191,AUT,19.086,406,99,N503,,,Aleksandr Nedovyesov,R,188,KAZ,31.332,254,219,3-6 7-5 7-6(4),3,QF,146,7,9,120,69,42,25,17,9,15,4,6,96,52,37,16,16,5,10
2018-7791,Almaty,Clay,32,C,,20180616,29,R09X,,,Jurij Rodionov,L,191,AUT,19.086,406,99,H997,2,,Yannick Hanfmann,R,193,GER,26.59,114,491,6-4 7-5,3,SF,75,3,3,69,39,25,19,11,2,4,1,7,58,25,19,17,11,1,5
2018-7791,Almaty,Clay,32,C,,20180616,30,KD70,,,Pedja Krstin,R,183,SRB,23.784,249,225,LA93,,,Enrique Lopez Perez,R,180,ESP,27.036,208,286,6-1 6-3,3,SF,64,1,1,46,27,22,11,8,2,3,2,8,56,26,14,12,8,6,11
2018-7791,Almaty,Clay,32,C,,20180616,31,R09X,,,Jurij Rodionov,L,191,AUT,19.086,406,99,KD70,,,Pedja Krstin,R,183,SRB,23.784,249,225,7-5 6-2,3,F,65,7,5,56,29,16,11,10,3,8,2,8,59,35,18,4,10,1,9
2018-9126,Almaty,Hard,32,C,,20180616,1,I165,1,,Denis Istomin,R,185,UZB,31.773,100,567,SN54,,,Frederico Ferreira Silva,L,178,POR,23.247,331,149,6-3 7-5,3,R32,82,7,3,63,34,28,16,11,2,3,4,0,56,38,25,10,10,1,4
2018-9126,Almaty,Hard,32,C,,20180616,2,BE67,3,,Mirza Basic,R,188,BIH,26.93,78,719,PE02,,,Danilo Petrovic,R,203,SRB,26.393,223,256,6-3 6-3,3,R32,57,8,6,50,23,22,14,9,2,3,6,7,50,26,17,11,9,3,7
2018-9126,Almaty,Hard,32,C,,20180616,3,K839,,,Tobias Kamke,R,178,GER,32.071,228,248,HB64,4,,Quentin Halys,R,191,FRA,21.637,126,452,6-2 6-4,3,R32,84,0,2,54,36,22,10,9,1,4,6,16,82,45,25,11,9,7,13
2018-9126,Almaty,Hard,32,C,,20180616,4,MM66,,,Nikola Milojevic,R,188,SRB,22.992,187,310,AG37,5,,Felix Auger-Aliassime,R,193,CAN,17.854,170,330,6-4 1-6 7-5,3,R32,141,4,3,93,59,41,13,14,6,11,3,6,97,61,41,16,15,2,7
2018-9126,Almaty,Hard,32,C,,20180616,5,ME89,,,Illya Marchenko,R,185,UKR,30.771,276,196,LA93,6,,Enrique Lopez Perez,R,180,ESP,27.036,208,286,3-6 6-3 6-4,3,R32,132,11,8,92,55,44,14,14,4,7,8,10,99,57,39,17,14,8,12
2018-9126,Almaty,Hard,32,C,,20180616,6,KI95,7,,Miomir Kecmanovic,R,183,SRB,18.793,205,295,SX50,,,Roman Safiullin,R,185,RUS,20.857,357,126,6-3 3-6 6-2,3,R32,85,6,0,70,37,30,15,13,1,4,5,3,74,43,27,14,13,3,8
2018-9126,Almaty,Hard,32,C,,20180616,7,R685,8,,Lukas Rosol,R,193,CZE,32.895,264,210,KD87,,,Evgeny Karlovskiy,R,191,RUS,23.858,339,138,2-6 6-3 6-4,3,R32,90,13,1,92,55,40,20,14,8,10,14,3,69,43,36,13,13,2,4
2018-9126,Almaty,Hard,32,C,,20180616,8,DG97,,,Artem Dubrivnyy,R,183,RUS,19.373,669,36,I236,,,Uladzimir Ignatik,R,183,BLR,27.923,213,277,7-6(5) 6-4,3,R32,84,6,1,63,38,32,16,11,1,1,8,4,69,39,29,19,11,4,5
2018-9126,Almaty,Hard,32,C,,20180616,9,GC54,,,Scott Griekspoor,R,188,NED,27.431,280,194,E768,,,Antoine Escoffier,R,185,FRA,26.294,370,118,7-5 4-6 6-3,3,R32,110,12,8,92,49,35,25,16,2,5,5,4,85,46,31,25,15,4,8
2018-9126,Almaty,Hard,32,C,,20180616,10,KH56,,,Zdenek Kolar,R,183,CZE,21.684,235,239,AB19,,,Sagadat Ayap,R,193,KAZ,23.061,1614,2,6-3 6-3,3,R32,63,6,3,47,30,26,10,9,0,0,1,8,59,33,23,9,9,2,5
2018-9126,Almaty,Hard,32,C,,20180616,11,MQ75,,,Kamil Majchrzak,R,183,POL,22.423,191,308,BK92,,,Alexander Bublik,R,196,KAZ,20.997,144,393,6-3 6-3,3,R32,48,0,1,50,27,24,13,9,2,2,7,4,49,33,22,8,9,2,5
2018-9126,Almaty,Hard,32,C,,20180616,12,N503,,,Aleksandr Nedovyesov,R,188,KAZ,31.332,254,219,T09L,,,Dostanbek Tashbulatov,R,175,KAZ,17.969,1714,1,6-3 6-1,3,R32,61,3,2,47,26,21,12,8,2,3,0,4,53,30,16,10,8,5,10
2018-9126,Almaty,Hard,32,C,,20180616,13,O482,,,Gonzalo Oliveira,L,185,VEN,23.326,227,249,SF89,,,Rubin Statham,R,180,NZL,31.143,361,123,6-1 7-6(4),3,R32,,,,,,,,,,,,,,,,,,,
2018-9126,Almaty,Hard,32,C,,20180616,14,SK47,,,Mohamed Safwat,R,180,EGY,27.74,166,340,SR81,,,Khumoyun Sultanov,R,180,UZB,19.636,671,36,6-2 4-6 7-6(4),3,R32,151,5,2,102,57,42,19,15,11,15,12,6,116,66,40,23,15,13,18
2018-9126,Almaty,Hard,32,C,,20180616,15,T982,,,Tsung-Hua Yang,R,178,TPE,27.217,224,256,G681,,,Teymuraz Gabashvili,R,185,GEO,33.065,411,99,7-6(5) 6-4,3,R32,96,10,4,70,43,34,12,11,1,3,4,2,72,38,29,15,11,0,3
2018-9126,Almaty,Hard,32,C,,20180616,16,Y171,,,Denis Yevseyev,R,188,KAZ,25.068,352,128,N561,,,Ivan Nedelko,R,185,RUS,32.096,238,236,6-4 4-6 6-4,3,R32,121,5,8,94,58,42,16,15,8,12,4,3,86,39,25,24,15,2,7
2018-9126,Almaty,Hard,32,C,,20180616,17,I165,1,,Denis Istomin,R,185,UZB,31.773,100,567,SK47,,,Mohamed Safwat,R,180,EGY,27.74,166,340,6-2 6-1,3,R16,58,6,1,48,28,24,9,8,0,0,0,4,48,23,14,7,7,2,6
2018-9126,Almaty,Hard,32,C,,20180616,18,BE67,3,,Mirza Basic,R,188,BIH,26.93,78,719,O482,,,Gonzalo Oliveira,L,185,VEN,23.326,227,249,7-6(4) 5-7 6-4,3,R16,139,5,6,112,64,42,25,17,5,10,7,5,120,82,53,18,17,4,9
2018-9126,Almaty,Hard,32,C,,20180616,19,KI95,7,,Miomir Kecmanovic,R,183,SRB,18.793,205,295,MQ75,,,Kamil Majchrzak,R,183,POL,22.423,191,308,7-6(5) 4-6 7-6(1),3,R16,151,14,7,128,69,53,29,17,7,10,6,4,133,84,56,24,17,12,14
2018-9126,Almaty,Hard,32,C,,20180616,20,R685,8,,Lukas Rosol,R,193,CZE,32.895,264,210,T982,,,Tsung-Hua Yang,R,178,TPE,27.217,224,256,7-6(2) 3-6 6-2,3,R16,118,10,5,79,52,42,12,14,3,6,8,4,110,54,37,27,15,8,12
2018-9126,Almaty,Hard,32,C,,20180616,21,GC54,,,Scott Griekspoor,R,188,NED,27.431,280,194,DG97,,,Artem Dubrivnyy,R,183,RUS,19.373,669,36,6-1 7-5,3,R16,72,4,4,52,29,22,16,9,0,0,3,5,70,35,20,19,10,5,9
2018-9126,Almaty,Hard,32,C,,20180616,22,K839,,,Tobias Kamke,R,178,GER,32.071,228,248,Y171,,,Denis Yevseyev,R,188,KAZ,25.068,352,128,2-6 6-2 6-0,3,R16,93,0,5,72,37,25,18,11,3,6,3,11,82,42,24,17,11,11,17
2018-9126,Almaty,Hard,32,C,,20180616,23,ME89,,,Illya Marchenko,R,185,UKR,30.771,276,196,KH56,,,Zdenek Kolar,R,183,CZE,21.684,235,239,3-6 6-4 6-4,3,R16,146,0,13,99,59,40,17,14,5,9,6,8,102,56,37,21,15,10,15
2018-9126,Almaty,Hard,32,C,,20180616,24,MM66,,,Nikola Milojevic,R,188,SRB,22.992,187,310,N503,,,Aleksandr Nedovyesov,R,188,KAZ,31.332,254,219,6-3 3-6 6-1,3,R16,105,3,7,88,47,30,27,13,8,10,5,7,74,41,30,14,12,2,6
2018-9126,Almaty,Hard,32,C,,20180616,25,I165,1,,Denis Istomin,R,185,UZB,31.773,100,567,KI95,7,,Miomir Kecmanovic,R,183,SRB,18.793,205,295,6-3 6-4,3,QF,62,13,2,57,37,34,10,10,3,3,5,0,45,19,14,18,9,2,4
2018-9126,Almaty,Hard,32,C,,20180616,26,BE67,3,,Mirza Basic,R,188,BIH,26.93,78,719,ME89,,,Illya Marchenko,R,185,UKR,30.771,276,196,7-5 4-2 RET,3,QF,82,8,2,50,27,25,14,9,2,2,3,8,71,38,26,15,9,4,6
2018-9126,Almaty,Hard,32,C,,20180616,27,R685,8,,Lukas Rosol,R,193,CZE,32.895,264,210,K839,,,Tobias Kamke,R,178,GER,32.071,228,248,6-1 6-4,3,QF,63,5,0,55,35,24,10,9,1,3,0,5,46,29,16,4,8,5,10
2018-9126,Almaty,Hard,32,C,,20180616,28,MM66,,,Nikola Milojevic,R,188,SRB,22.992,187,310,GC54,,,Scott Griekspoor,R,188,NED,27.431,280,194,7-5 6-2,3,QF,77,8,6,57,31,25,14,10,2,4,6,4,66,37,19,12,10,5,10
2018-9126,Almaty,Hard,32,C,,20180616,29,I165,1,,Denis Istomin,R,185,UZB,31.773,100,567,R685,8,,Lukas Rosol,R,193,CZE,32.895,264,210,3-6 6-3 6-4,3,SF,104,10,3,87,53,39,13,14,7,11,2,3,91,48,33,16,14,7,12
2018-9126,Almaty,Hard,32,C,,20180616,30,MM66,,,Nikola Milojevic,R,188,SRB,22.992,187,310,BE67,3,,Mirza Basic,R,188,BIH,26.93,78,719,3-6 7-6(3) 6-3,3,SF,117,8,4,97,61,43,21,16,5,8,2,3,90,49,39,19,14,4,6
2018-9126,Almaty,Hard,32,C,,20180616,31,I165,1,,Denis Istomin,R,185,UZB,31.773,100,567,MM66,,,Nikola Milojevic,R,188,SRB,22.992,187,310,6-7(4) 7-6(5) 6-2,3,F,161,11,5,110,67,48,19,16,2,5,5,15,119,64,45,24,16,5,10
2018-5049,Caltanissetta,Clay,32,C,,20180617,1,DH50,,,Alejandro Davidovich Fokina,R,180,ESP,19.034,393,106,L503,1,,Paolo Lorenzi,R,183,ITA,36.504,74,745,6-4 6-0,3,R32,92,1,3,60,44,30,7,8,5,6,4,4,63,32,18,11,8,10,15
2018-5049,Caltanissetta,Clay,32,C,,20180617,2,C882,2,,Pablo Cuevas,R,180,URU,32.457,81,710,KC04,,,Jozef Kovalik,R,183,SVK,25.615,149,383,3-6 7-5 6-4,3,R32,142,11,7,91,50,36,22,15,2,5,1,5,101,64,44,17,16,8,12
2018-5049,Caltanissetta,Clay,32,C,,20180617,3,V708,3,,Jiri Vesely,L,198,CZE,24.936,106,525,BM03,,,Filippo Baldi,R,180,ITA,22.434,315,160,6-4 5-7 7-6(4),3,R32,176,6,6,102,55,40,23,17,3,8,6,7,136,69,50,28,17,13,18
2018-5049,Caltanissetta,Clay,32,C,,20180617,4,MU94,,,Jaume Munar,R,183,ESP,21.117,104,535,DB63,5,,Laslo Djere,R,188,SRB,23.042,92,624,0-6 6-2 6-4,3,R32,120,1,0,76,50,38,10,12,8,11,1,4,74,42,28,17,12,4,7
2018-5049,Caltanissetta,Clay,32,C,,20180617,5,RA51,,,Blaz Rola,L,193,SLO,27.699,233,240,A887,6,,Guido Andreozzi,R,183,ARG,26.867,102,560,6-3 6-4,3,R32,90,6,1,55,35,27,12,10,1,2,4,6,67,39,24,12,9,3,6
2018-5049,Caltanissetta,Clay,32,C,,20180617,6,CE25,,,Salvatore Caruso,R,185,ITA,25.503,204,295,MJ08,7,,Thiago Monteiro,L,183,BRA,24.047,140,411,7-6(6) 6-2,3,R32,102,3,1,61,39,31,13,10,1,2,4,3,66,33,22,18,10,1,4
2018-5049,Caltanissetta,Clay,32,C,,20180617,7,A853,,,Marcelo Arevalo,R,191,ESA,27.666,146,391,SH37,,,Marc Sieber,L,178,GER,30.3,412,97,1-6 6-1 7-5,3,R32,112,6,6,81,43,29,16,13,2,6,1,4,83,56,34,13,13,2,7
2018-5049,Caltanissetta,Clay,32,C,,20180617,8,BF23,,,Facundo Bagnis,L,183,ARG,28.301,192,306,O376,,,Renzo Olivo,R,178,ARG,26.256,247,226,6-2 4-0 RET,3,R32,70,2,1,38,26,21,6,6,3,3,0,6,54,24,14,11,6,5,9
2018-5049,Caltanissetta,Clay,32,C,,20180617,9,BD80,,,Attila Balazs,R,180,HUN,29.719,202,299,GB94,,,Omar Giacalone,R,180,ITA,26.431,622,45,6-0 6-2,3,R32,61,4,2,41,23,19,10,7,0,0,0,4,45,20,10,8,7,6,11
2018-5049,Caltanissetta,Clay,32,C,,20180617,10,DA67,,,Matteo Donati,R,185,ITA,23.299,217,262,RH16,,,Casper Ruud,R,183,NOR,19.485,137,412,7-6(8) 7-5,3,R32,136,5,3,96,55,41,19,12,8,11,5,4,91,46,29,23,12,6,10
2018-5049,Caltanissetta,Clay,32,C,,20180617,11,GB53,,,Federico Gaio,R,178,ITA,26.283,283,191,BH08,,,Marco Bortolotti,R,173,ITA,27.403,558,58,6-2 6-1,3,R32,61,5,2,44,28,23,10,8,2,2,0,2,48,33,18,6,7,5,9
2018-5049,Caltanissetta,Clay,32,C,,20180617,12,G983,,,Alessandro Giannessi,L,185,ITA,28.049,161,342,J620,,,Maxime Janvier,R,196,FRA,21.662,333,144,6-1 6-4,3,R32,82,3,2,62,38,25,15,9,5,6,2,2,61,28,15,15,8,3,7
2018-5049,Caltanissetta,Clay,32,C,,20180617,13,G858,,,Ernests Gulbis,R,191,LAT,29.796,145,392,V495,,,Luca Vanni,R,198,ITA,33.035,201,299,6-2 6-4,3,R32,79,2,9,58,23,20,21,9,5,5,4,2,52,27,19,10,9,1,4
2018-5049,Caltanissetta,Clay,32,C,,20180617,14,KH56,,,Zdenek Kolar,R,183,CZE,21.687,235,239,E224,,,Victor Estrella Burgos,R,170,DOM,37.873,197,301,6-3 6-2,3,R32,80,4,1,64,36,26,15,9,1,2,1,2,55,40,22,6,8,2,6
2018-5049,Caltanissetta,Clay,32,C,,20180617,15,DB59,,,Dennis Novak,R,183,AUT,24.802,209,284,MP83,,,Gian Marco Moroni,R,185,ITA,20.339,272,203,6-7(6) 6-2 7-6(4),3,R32,169,4,5,113,78,55,17,16,5,8,1,5,122,88,57,11,16,7,12
2018-5049,Caltanissetta,Clay,32,C,,20180617,16,Z246,,,Miljan Zekic,R,185,SRB,29.93,289,182,CC98,,,Martin Cuevas,R,191,URU,26.423,288,183,7-5 7-6(5),3,R32,120,2,1,92,50,37,20,12,5,8,5,4,73,36,26,19,12,3,7
2018-5049,Caltanissetta,Clay,32,C,,20180617,17,C882,2,,Pablo Cuevas,R,180,URU,32.457,81,710,A853,,,Marcelo Arevalo,R,191,ESA,27.666,146,391,6-3 6-1,3,R16,63,6,2,42,28,23,9,8,0,0,2,2,53,36,18,7,8,5,9
2018-5049,Caltanissetta,Clay,32,C,,20180617,18,V708,3,,Jiri Vesely,L,198,CZE,24.936,106,525,GB53,,,Federico Gaio,R,178,ITA,26.283,283,191,4-6 6-2 6-4,3,R16,133,7,4,89,47,31,20,14,2,6,8,4,89,44,30,20,14,9,15
2018-5049,Caltanissetta,Clay,32,C,,20180617,19,BD80,,,Attila Balazs,R,180,HUN,29.719,202,299,RA51,,,Blaz Rola,L,193,SLO,27.699,233,240,6-1 6-4,3,R16,78,2,3,57,30,20,18,9,5,6,2,0,55,31,20,9,8,2,6
2018-5049,Caltanissetta,Clay,32,C,,20180617,20,DH50,,,Alejandro Davidovich Fokina,R,180,ESP,19.034,393,106,KH56,,,Zdenek Kolar,R,183,CZE,21.687,235,239,3-6 7-5 6-3,3,R16,130,1,8,92,59,39,10,15,2,8,3,4,88,51,34,11,15,8,15
2018-5049,Caltanissetta,Clay,32,C,,20180617,21,DA67,,,Matteo Donati,R,185,ITA,23.299,217,262,Z246,,,Miljan Zekic,R,185,SRB,29.93,289,182,W/O,3,R16,,,,,,,,,,,,,,,,,,,
2018-5049,Caltanissetta,Clay,32,C,,20180617,22,G983,,,Alessandro Giannessi,L,185,ITA,28.049,161,342,G858,,,Ernests Gulbis,R,191,LAT,29.796,145,392,2-6 7-6(3) 6-1,3,R16,137,4,7,88,51,37,20,14,4,7,5,7,86,45,31,19,13,3,6
2018-5049,Caltanissetta,Clay,32,C,,20180617,23,MU94,,,Jaume Munar,R,183,ESP,21.117,104,535,BF23,,,Facundo Bagnis,L,183,ARG,28.301,192,306,4-6 6-2 6-2,3,R16,131,4,1,95,66,41,15,13,5,9,1,2,86,54,27,15,13,7,14
2018-5049,Caltanissetta,Clay,32,C,,20180617,24,DB59,,,Dennis Novak,R,183,AUT,24.802,209,284,CE25,,,Salvatore Caruso,R,185,ITA,25.503,204,295,6-3 6-4,3,R16,92,2,2,63,41,26,15,9,4,5,4,4,75,56,35,4,10,10,14
2018-5049,Caltanissetta,Clay,32,C,,20180617,25,BD80,,,Attila Balazs,R,180,HUN,29.719,202,299,C882,2,,Pablo Cuevas,R,180,URU,32.457,81,710,6-3 6-4,3,QF,78,4,2,55,35,28,9,9,1,2,1,1,52,25,16,13,10,1,5
2018-5049,Caltanissetta,Clay,32,C,,20180617,26,DB59,,,Dennis Novak,R,183,AUT,24.802,209,284,V708,3,,Jiri Vesely,L,198,CZE,24.936,106,525,3-6 7-6(4) 7-6(4),3,QF,157,4,5,104,55,43,26,16,4,7,6,6,115,70,55,21,17,5,7
2018-5049,Caltanissetta,Clay,32,C,,20180617,27,DA67,,,Matteo Donati,R,185,ITA,23.299,217,262,G983,,,Alessandro Giannessi,L,185,ITA,28.049,161,342,6-2 RET,3,QF,34,0,0,25,21,16,2,4,0,0,2,0,26,15,10,3,4,1,3
2018-5049,Caltanissetta,Clay,32,C,,20180617,28,MU94,,,Jaume Munar,R,183,ESP,21.117,104,535,DH50,,,Alejandro Davidovich Fokina,R,180,ESP,19.034,393,106,6-2 6-1,3,QF,71,1,0,45,24,17,14,7,2,2,0,2,55,35,20,5,8,6,11
2018-5049,Caltanissetta,Clay,32,C,,20180617,29,DA67,,,Matteo Donati,R,185,ITA,23.299,217,262,BD80,,,Attila Balazs,R,180,HUN,29.719,202,299,0-6 6-4 6-4,3,SF,111,0,0,84,67,38,10,13,7,12,2,5,74,43,30,16,13,1,5
2018-5049,Caltanissetta,Clay,32,C,,20180617,30,MU94,,,Jaume Munar,R,183,ESP,21.117,104,535,DB59,,,Dennis Novak,R,183,AUT,24.802,209,284,3-6 7-5 7-6(6),3,SF,171,3,1,106,73,50,18,16,4,7,2,4,122,84,60,19,17,10,13
2018-5049,Caltanissetta,Clay,32,C,,20180617,31,MU94,,,Jaume Munar,R,183,ESP,21.117,104,535,DA67,,,Matteo Donati,R,185,ITA,23.299,217,262,6-2 7-6(2),3,F,88,4,0,70,55,42,6,10,6,6,0,0,65,42,28,12,10,3,5
2018-7536,Lyon,Clay,32,C,,20180617,1,Y268,,,Mikael Ymer,R,185,SWE,19.77,364,120,CF59,1,,Roberto Carballes Baena,R,183,ESP,25.235,73,753,6-3 7-5,3,R32,130,2,5,72,46,23,8,11,4,10,0,1,60,43,14,7,10,3,11
2018-7536,Lyon,Clay,32,C,,20180617,2,GD64,,,Cristian Garin,R,185,CHI,22.048,179,320,MI43,2,,Gerald Melzer,L,188,AUT,27.929,109,519,6-3 6-3,3,R32,84,2,3,56,30,20,13,9,3,5,4,3,82,40,24,16,9,10,15
2018-7536,Lyon,Clay,32,C,,20180617,3,MP20,,,Alexandre Muller,R,183,FRA,21.372,344,133,S483,3,,Pedro Sousa,R,180,POR,30.056,127,449,7-5 6-3,3,R32,73,0,5,70,37,29,18,11,5,6,4,1,55,32,21,12,10,4,7
2018-7536,Lyon,Clay,32,C,,20180617,4,A596,4,,Pablo Andujar,R,180,ESP,32.397,129,441,Q941,,,Roberto Quiroz,L,193,ECU,26.313,240,232,6-2 7-5,3,R32,84,0,1,72,46,31,17,10,7,8,3,1,53,36,26,3,10,1,5
2018-7536,Lyon,Clay,32,C,,20180617,5,MJ01,,,Roberto Marcora,R,193,ITA,28.797,476,76,HB64,5,,Quentin Halys,R,191,FRA,21.64,126,452,5-7 6-4 6-2,3,R32,114,6,4,109,62,46,23,15,9,11,6,6,91,53,37,18,15,2,6
2018-7536,Lyon,Clay,32,C,,20180617,6,BK19,,,Mathias Bourgue,R,188,FRA,24.411,260,216,L949,6,,Henri Laaksonen,R,185,SUI,26.212,138,412,7-6(6) 1-6 7-5,3,R32,144,5,5,104,70,49,12,15,7,10,5,7,118,67,51,23,16,8,10
2018-7536,Lyon,Clay,32,C,,20180617,7,GE33,,,Daniel Elahi Galan,R,191,COL,21.996,231,244,V717,7,,Alexey Vatutin,R,178,RUS,25.637,142,410,6-1 6-3,3,R32,61,3,1,46,31,20,9,8,1,3,0,5,65,41,23,4,8,12,18
2018-7536,Lyon,Clay,32,C,,20180617,8,AG37,,,Felix Auger-Aliassime,R,193,CAN,17.856,170,330,MW02,,,Corentin Moutet,L,180,FRA,19.162,130,440,6-2 6-2,3,R32,80,1,3,49,29,21,11,8,3,4,0,2,69,48,28,4,8,6,11
2018-7536,Lyon,Clay,32,C,,20180617,9,BM95,,,Benjamin Bonzi,R,183,FRA,22.021,285,187,LC11,,,Tristan Lamasine,R,183,FRA,25.284,389,108,6-3 6-4,3,R32,78,1,2,63,40,29,16,10,3,3,2,7,66,38,27,13,9,5,7
2018-7536,Lyon,Clay,32,C,,20180617,10,D985,,,Joao Domingues,R,,POR,24.698,259,216,D750,,,Kenny De Schepper,L,203,FRA,31.053,188,309,5-7 6-2 6-3,3,R32,123,0,0,84,49,37,18,14,7,10,2,1,102,63,34,21,15,7,13
2018-7536,Lyon,Clay,32,C,,20180617,11,HA71,,,Antoine Hoang,R,183,FRA,22.617,222,256,H896,,,Jose Hernandez-Fernandez,R,183,DOM,28.263,267,209,6-2 6-2,3,R32,67,2,2,56,27,17,17,8,6,8,1,1,41,24,11,4,8,2,8
2018-7536,Lyon,Clay,32,C,,20180617,12,KI95,,,Miomir Kecmanovic,R,183,SRB,18.795,205,295,V824,,,Mario Vilella Martinez,R,178,ESP,22.957,271,206,6-4 6-3,3,R32,80,1,2,53,25,20,18,10,0,1,4,4,61,35,25,10,9,3,6
2018-7536,Lyon,Clay,32,C,,20180617,13,KC12,,,Mitchell Krueger,R,188,USA,24.427,226,250,MO44,,,Pedro Martinez,R,185,ESP,21.142,250,223,6-4 1-6 6-0,3,R32,116,4,2,71,43,25,14,11,1,5,0,4,72,44,26,11,12,2,8
2018-7536,Lyon,Clay,32,C,,20180617,14,PG32,,,Adam Pavlasek,R,185,CZE,23.691,147,387,SJ22,,,Gleb Sakharov,R,185,FRA,30.018,215,274,6-1 6-1,3,R32,52,4,0,36,25,21,7,7,0,0,0,4,46,23,13,5,7,6,11
2018-7536,Lyon,Clay,32,C,,20180617,15,P09Z,,,Alexei Popyrin,R,196,AUS,18.867,388,108,SN77,,,Vaclav Safranek,R,183,CZE,24.077,251,221,6-3 6-3,3,R32,66,3,3,61,36,26,14,9,6,7,0,0,52,38,23,6,9,2,6
2018-7536,Lyon,Clay,32,C,,20180617,16,TC95,,,Johan Tatlot,R,180,FRA,22.226,328,152,BT68,,,Elliot Benchetrit,R,193,MAR,19.707,321,156,7-5 6-4,3,R32,102,5,6,73,45,31,14,11,6,9,1,2,82,47,25,18,11,7,12
2018-7536,Lyon,Clay,32,C,,20180617,17,PG32,,,Adam Pavlasek,R,185,CZE,23.691,147,387,A596,4,,Pablo Andujar,R,180,ESP,32.397,129,441,7-6(5) 0-6 6-5 RET,3,R16,151,4,2,108,70,43,16,14,10,15,0,5,92,54,38,21,15,5,8
2018-7536,Lyon,Clay,32,C,,20180617,18,AG37,,,Felix Auger-Aliassime,R,193,CAN,17.856,170,330,HA71,,,Antoine Hoang,R,183,FRA,22.617,222,256,6-3 7-5,3,R16,87,4,3,69,34,24,22,11,7,9,1,4,55,39,21,7,10,2,6
2018-7536,Lyon,Clay,32,C,,20180617,19,GD64,,,Cristian Garin,R,185,CHI,22.048,179,320,KC12,,,Mitchell Krueger,R,188,USA,24.427,226,250,3-6 6-3 7-5,3,R16,158,7,6,108,56,38,25,15,4,8,2,6,106,61,42,18,15,8,13
2018-7536,Lyon,Clay,32,C,,20180617,20,KI95,,,Miomir Kecmanovic,R,183,SRB,18.795,205,295,Y268,,,Mikael Ymer,R,185,SWE,19.77,364,120,6-2 7-6(7),3,R16,123,1,0,69,35,26,16,10,5,8,2,8,96,57,36,11,10,12,17
2018-7536,Lyon,Clay,32,C,,20180617,21,MJ01,,,Roberto Marcora,R,193,ITA,28.797,476,76,BM95,,,Benjamin Bonzi,R,183,FRA,22.021,285,187,6-0 7-6(4),3,R16,83,4,2,65,41,33,12,9,0,1,2,1,57,29,20,12,9,2,6
2018-7536,Lyon,Clay,32,C,,20180617,22,MP20,,,Alexandre Muller,R,183,FRA,21.372,344,133,D985,,,Joao Domingues,R,,POR,24.698,259,216,2-6 7-5 6-4,3,R16,130,1,8,91,59,36,13,15,4,10,0,4,111,86,52,10,15,15,21
2018-7536,Lyon,Clay,32,C,,20180617,23,P09Z,,,Alexei Popyrin,R,196,AUS,18.867,388,108,BK19,,,Mathias Bourgue,R,188,FRA,24.411,260,216,6-4 6-4,3,R16,80,6,2,61,32,22,21,10,2,3,3,2,60,37,28,9,10,2,5
2018-7536,Lyon,Clay,32,C,,20180617,24,TC95,,,Johan Tatlot,R,180,FRA,22.226,328,152,GE33,,,Daniel Elahi Galan,R,191,COL,21.996,231,244,3-6 6-2 6-4,3,R16,124,0,6,85,57,39,13,14,6,10,1,1,91,62,36,12,13,9,14
2018-7536,Lyon,Clay,32,C,,20180617,25,AG37,,,Felix Auger-Aliassime,R,193,CAN,17.856,170,330,MP20,,,Alexandre Muller,R,183,FRA,21.372,344,133,6-3 6-1,3,QF,56,11,3,42,27,24,9,8,0,0,0,2,49,32,16,7,8,2,6
2018-7536,Lyon,Clay,32,C,,20180617,26,KI95,,,Miomir Kecmanovic,R,183,SRB,18.795,205,295,P09Z,,,Alexei Popyrin,R,196,AUS,18.867,388,108,7-5 2-6 6-4,3,QF,128,1,7,104,58,39,20,15,10,15,4,4,83,40,31,19,15,6,11
2018-7536,Lyon,Clay,32,C,,20180617,27,MJ01,,,Roberto Marcora,R,193,ITA,28.797,476,76,GD64,,,Cristian Garin,R,185,CHI,22.048,179,320,6-1 3-6 6-4,3,QF,103,7,6,90,56,45,14,13,7,8,4,5,70,43,31,15,13,7,10
2018-7536,Lyon,Clay,32,C,,20180617,28,TC95,,,Johan Tatlot,R,180,FRA,22.226,328,152,PG32,,,Adam Pavlasek,R,185,CZE,23.691,147,387,1-6 7-6(3) 6-3,3,QF,116,5,7,85,53,33,13,15,4,11,3,2,95,61,37,14,13,6,11
2018-7536,Lyon,Clay,32,C,,20180617,29,AG37,,,Felix Auger-Aliassime,R,193,CAN,17.856,170,330,KI95,,,Miomir Kecmanovic,R,183,SRB,18.795,205,295,6-2 7-6(6),3,SF,112,6,9,102,55,42,18,10,9,10,4,6,63,32,21,15,10,3,6
2018-7536,Lyon,Clay,32,C,,20180617,30,TC95,,,Johan Tatlot,R,180,FRA,22.226,328,152,MJ01,,,Roberto Marcora,R,193,ITA,28.797,476,76,7-6(1) 6-2,3,SF,97,1,5,63,37,25,13,10,3,6,1,4,77,33,17,20,10,7,12
2018-7536,Lyon,Clay,32,C,,20180617,31,AG37,,,Felix Auger-Aliassime,R,193,CAN,17.856,170,330,TC95,,,Johan Tatlot,R,180,FRA,22.226,328,152,6-7(3) 7-5 6-2,3,F,150,3,8,107,58,39,22,16,10,15,1,7,91,48,28,17,16,4,12
2018-7740,Nottingham,Grass,32,C,,20180617,1,I230,,,Tatsuma Ito,R,180,JPN,30.081,164,341,N771,1,,Cameron Norrie,L,188,GBR,22.817,79,718,1-6 7-5 6-3,3,R32,103,6,4,70,43,31,15,14,1,5,10,7,94,64,44,12,14,8,12
2018-7740,Nottingham,Grass,32,C,,20180617,2,DH58,,,Alex de Minaur,R,183,AUS,19.329,96,600,M762,,,Jurgen Melzer,L,183,AUT,37.07,701,32,6-4 6-1,3,R32,59,3,7,61,41,30,10,9,3,4,0,2,50,28,19,7,8,3,7
2018-7740,Nottingham,Grass,32,C,,20180617,3,G710,,,Marcel Granollers,R,191,ESP,32.181,134,423,F586,3,,Thomas Fabbiano,R,173,ITA,29.06,111,511,7-5 7-6(3),3,R32,108,17,7,94,62,46,15,12,5,6,3,1,78,56,39,9,12,3,5
2018-7740,Nottingham,Grass,32,C,,20180617,4,I305,4,,Ilya Ivashka,R,193,BLR,24.309,115,489,KB95,,,Jason Kubler,R,178,AUS,25.079,160,346,1-6 7-6(4) 6-4,3,R32,124,7,1,73,42,32,18,14,1,4,5,5,112,72,49,21,15,16,18
2018-7740,Nottingham,Grass,32,C,,20180617,5,RB56,5,,Ramkumar Ramanathan,R,188,IND,23.606,128,445,J380,,,Jason Jung,R,180,TPE,29.005,152,372,6-7(4) 7-5 6-4,3,R32,112,18,3,95,66,52,20,17,2,3,5,3,104,79,57,14,17,4,7
2018-7740,Nottingham,Grass,32,C,,20180617,6,PB22,6,,Peter Polansky,R,183,CAN,30.004,119,467,L0CF,,,George Loffhagen,R,188,GBR,17.161,892,16,3-6 6-1 6-3,3,R32,77,4,0,56,39,31,13,12,0,1,7,4,77,50,35,10,13,6,10
2018-7740,Nottingham,Grass,32,C,,20180617,7,SC77,7,,Sergiy Stakhovsky,R,193,UKR,32.444,133,424,MJ71,,,Mats Moraing,L,198,GER,25.99,154,365,6-3 7-5,3,R32,68,11,2,60,40,35,11,11,0,0,12,3,56,37,31,7,10,2,4
2018-7740,Nottingham,Grass,32,C,,20180617,8,PG94,,,Marc Polmans,R,188,AUS,21.125,175,326,MP01,8,,Michael Mmoh,R,188,USA,20.433,132,425,6-4 6-4,3,R32,100,6,2,59,38,33,10,10,1,1,3,8,77,49,35,11,10,8,10
2018-7740,Nottingham,Grass,32,C,,20180617,9,E865,,,Christopher Eubanks,R,201,USA,22.116,190,308,KE64,,,Stefan Kozlov,R,183,USA,20.372,182,316,6-3 6-3,3,R32,65,5,6,60,36,27,12,9,7,8,3,7,59,39,26,5,9,4,8
2018-7740,Nottingham,Grass,32,C,,20180617,10,E687,,,Daniel Evans,R,175,GBR,28.068,530,63,KE73,,,Dominik Koepfer,L,180,GER,24.134,236,237,6-3 7-5,3,R32,74,0,0,61,40,32,14,11,1,1,7,3,66,45,33,9,10,5,7
2018-7740,Nottingham,Grass,32,C,,20180617,11,K839,,,Tobias Kamke,R,178,GER,32.074,228,248,CI14,,,Jay Clarke,R,183,GBR,19.89,220,259,6-3 6-3,3,R32,84,1,4,62,39,28,12,9,3,4,5,2,77,41,27,15,9,13,17
2018-7740,Nottingham,Grass,32,C,,20180617,12,MB53,,,Adrian Menendez-Maceiras,R,183,ESP,32.635,151,376,N390,,,Frederik Nielsen,R,188,DEN,34.806,542,61,6-4 7-6(8),3,R32,93,6,2,69,43,31,19,11,1,1,8,2,84,58,44,9,11,9,10
2018-7740,Nottingham,Grass,32,C,,20180617,13,R612,,,Stephane Robert,R,185,FRA,38.084,174,326,BK92,,,Alexander Bublik,R,196,KAZ,20.999,144,393,7-6(7) 6-3,3,R32,69,4,2,64,42,33,16,11,0,0,10,6,73,45,31,13,10,1,2
2018-7740,Nottingham,Grass,32,C,,20180617,14,SP24,,,Brayden Schnur,R,193,CAN,22.954,239,233,PF65,,,Filip Peliwo,R,180,POL,24.378,184,314,6-3 6-2,3,R32,77,5,0,68,47,31,11,9,5,6,2,3,60,38,23,8,8,4,8
2018-7740,Nottingham,Grass,32,C,,20180617,15,W503,,,James Ward,R,188,GBR,31.351,407,99,SK51,,,Tobias Simon,R,198,GER,27.083,443,86,6-4 6-7(5) 7-6(1),3,R32,146,9,4,115,75,60,23,17,3,3,34,14,133,84,66,22,17,7,8
2018-7740,Nottingham,Grass,32,C,,20180617,16,W579,,,Alexander Ward,R,185,GBR,28.131,327,153,BI23,,,Liam Broady,L,183,GBR,24.449,167,338,2-6 6-4 7-6(7),3,R32,132,15,4,86,54,44,13,15,5,9,12,3,111,76,54,12,15,10,13
2018-7740,Nottingham,Grass,32,C,,20180617,17,DH58,,,Alex de Minaur,R,183,AUS,19.329,96,600,E865,,,Christopher Eubanks,R,201,USA,22.116,190,308,6-4 6-4,3,R16,60,8,3,58,30,25,19,10,4,4,3,2,59,37,26,10,10,4,6
2018-7740,Nottingham,Grass,32,C,,20180617,18,I305,4,,Ilya Ivashka,R,193,BLR,24.309,115,489,MB53,,,Adrian Menendez-Maceiras,R,183,ESP,32.635,151,376,4-6 6-3 6-4,3,R16,113,8,3,87,54,39,22,15,2,3,3,3,85,66,48,9,14,8,10
2018-7740,Nottingham,Grass,32,C,,20180617,19,RB56,5,,Ramkumar Ramanathan,R,188,IND,23.606,128,445,K839,,,Tobias Kamke,R,178,GER,32.074,228,248,7-6(1) 6-3,3,R16,93,9,1,73,46,35,13,10,1,2,0,5,81,45,30,16,11,6,9
2018-7740,Nottingham,Grass,32,C,,20180617,20,PB22,6,,Peter Polansky,R,183,CAN,30.004,119,467,R612,,,Stephane Robert,R,185,FRA,38.084,174,326,6-3 6-4,3,R16,61,8,1,57,29,21,18,10,2,3,8,4,66,43,29,8,9,5,8
2018-7740,Nottingham,Grass,32,C,,20180617,21,E687,,,Daniel Evans,R,175,GBR,28.068,530,63,SC77,7,,Sergiy Stakhovsky,R,193,UKR,32.444,133,424,7-5 7-6(2),3,R16,103,2,5,71,47,32,14,12,2,4,10,2,91,61,39,14,12,8,11
2018-7740,Nottingham,Grass,32,C,,20180617,22,G710,,,Marcel Granollers,R,191,ESP,32.181,134,423,W579,,,Alexander Ward,R,185,GBR,28.131,327,153,6-4 6-3,3,R16,87,4,2,69,51,36,7,9,7,8,2,2,59,34,26,8,10,5,9
2018-7740,Nottingham,Grass,32,C,,20180617,23,SP24,,,Brayden Schnur,R,193,CAN,22.954,239,233,I230,,,Tatsuma Ito,R,180,JPN,30.081,164,341,6-3 3-6 7-6(5),3,R16,117,11,2,88,61,43,20,15,1,2,5,1,95,74,53,11,15,6,7
2018-7740,Nottingham,Grass,32,C,,20180617,24,W503,,,James Ward,R,188,GBR,31.351,407,99,PG94,,,Marc Polmans,R,188,AUS,21.125,175,326,3-6 7-6(5) 6-4,3,R16,132,10,1,90,61,48,15,15,2,4,4,7,118,71,49,24,16,7,9
2018-7740,Nottingham,Grass,32,C,,20180617,25,DH58,,,Alex de Minaur,R,183,AUS,19.329,96,600,PB22,6,,Peter Polansky,R,183,CAN,30.004,119,467,6-3 3-6 6-2,3,QF,86,3,4,79,58,45,9,13,3,4,4,0,63,40,28,14,13,0,3
2018-7740,Nottingham,Grass,32,C,,20180617,26,I305,4,,Ilya Ivashka,R,193,BLR,24.309,115,489,W503,,,James Ward,R,188,GBR,31.351,407,99,6-4 6-3,3,QF,76,9,1,86,56,39,15,10,6,6,3,3,46,32,21,8,9,1,3
2018-7740,Nottingham,Grass,32,C,,20180617,27,G710,,,Marcel Granollers,R,191,ESP,32.181,134,423,RB56,5,,Ramkumar Ramanathan,R,188,IND,23.606,128,445,7-6(5) 4-6 7-6(4),3,QF,163,2,1,114,75,51,25,17,3,5,9,10,134,92,72,16,17,8,9
2018-7740,Nottingham,Grass,32,C,,20180617,28,E687,,,Daniel Evans,R,175,GBR,28.068,530,63,SP24,,,Brayden Schnur,R,193,CAN,22.954,239,233,7-6(5) 6-3,3,QF,103,3,1,85,54,40,19,11,2,2,8,1,65,45,35,10,10,2,3
2018-7740,Nottingham,Grass,32,C,,20180617,29,DH58,,,Alex de Minaur,R,183,AUS,19.329,96,600,I305,4,,Ilya Ivashka,R,193,BLR,24.309,115,489,6-2 6-4,3,SF,88,1,6,56,35,31,8,9,4,4,5,3,74,44,28,12,9,8,11
2018-7740,Nottingham,Grass,32,C,,20180617,30,E687,,,Daniel Evans,R,175,GBR,28.068,530,63,G710,,,Marcel Granollers,R,191,ESP,32.181,134,423,4-6 6-2 6-3,3,SF,117,0,2,91,60,46,14,14,5,6,3,4,73,50,36,11,13,5,8
2018-7740,Nottingham,Grass,32,C,,20180617,31,DH58,,,Alex de Minaur,R,183,AUS,19.329,96,600,E687,,,Daniel Evans,R,175,GBR,28.068,530,63,7-6(4) 7-5,3,F,119,2,2,86,55,33,20,12,3,6,1,3,79,53,34,9,12,3,7
2018-444,Poprad Tatry,Hard,32,C,,20180623,1,L797,1,,Lukas Lacko,R,188,SVK,30.637,96,612,R612,,,Stephane Robert,R,185,FRA,38.1,170,336,4-6 6-4 7-5,3,R32,109,17,2,94,63,45,17,16,3,6,12,3,101,61,43,17,16,6,10
2018-444,Poprad Tatry,Hard,32,C,,20180623,2,D864,2,,Evgeny Donskoy,R,185,RUS,28.123,76,726,Z254,,,Jurgen Zopp,R,191,EST,30.234,107,519,7-6(4) 6-2,3,R32,72,6,1,53,38,31,9,10,2,4,3,2,73,46,29,12,10,0,4
2018-444,Poprad Tatry,Hard,32,C,,20180623,3,SU87,3,,Lorenzo Sonego,R,191,ITA,23.118,120,455,DA67,,,Matteo Donati,R,185,ITA,23.316,171,331,6-3 6-2,3,R32,64,7,0,42,31,28,8,9,0,0,1,0,52,42,25,4,8,2,5
2018-444,Poprad Tatry,Hard,32,C,,20180623,4,G476,4,,Guillermo Garcia-Lopez,R,185,ESP,35.053,70,834,BC72,,,Daniel Brands,R,196,GER,30.935,316,161,7-6(5) 6-4,3,R32,88,10,2,69,43,38,13,11,3,3,10,3,74,50,39,9,11,5,6
2018-444,Poprad Tatry,Hard,32,C,,20180623,5,SC77,,,Sergiy Stakhovsky,R,193,UKR,32.46,140,409,TA29,5,,Marco Trungelliti,R,178,ARG,28.392,198,296,6-2 6-4,3,R32,67,9,0,41,27,26,10,9,0,0,3,2,70,42,25,14,9,7,10
2018-444,Poprad Tatry,Hard,32,C,,20180623,6,RB56,6,,Ramkumar Ramanathan,R,188,IND,23.622,125,448,G935,,,Sergio Gutierrez-Ferrol,R,,ESP,29.3,238,237,6-3 7-5,3,R32,75,2,2,67,44,32,12,11,1,3,3,2,57,35,24,9,10,0,4
2018-444,Poprad Tatry,Hard,32,C,,20180623,7,B837,7,,Marcos Baghdatis,R,178,CYP,33.016,83,689,HA28,,,Filip Horansky,R,191,SVK,25.457,302,172,6-3 6-4,3,R32,67,6,0,55,36,28,12,10,1,2,4,0,49,31,20,7,9,3,6
2018-444,Poprad Tatry,Hard,32,C,,20180623,8,BE54,8,,Ruben Bemelmans,L,183,BEL,30.439,103,545,M0AC,,,Rudolf Molleker,R,188,GER,17.656,286,189,6-4 6-3,3,R32,64,9,1,60,38,29,11,9,2,3,4,3,51,28,18,11,10,1,5
2018-444,Poprad Tatry,Hard,32,C,,20180623,9,BC65,,,Matthias Bachinger,R,188,GER,31.225,159,356,KI63,,,Lukas Klein,R,193,SVK,20.255,458,84,6-4 7-6(6),3,R32,83,9,3,72,47,38,10,11,3,4,8,2,74,48,35,13,11,2,4
2018-444,Poprad Tatry,Hard,32,C,,20180623,10,BK92,,,Alexander Bublik,R,196,KAZ,21.016,148,393,MF35,,,Andrej Martin,R,183,SVK,28.756,161,348,2-6 6-3 7-5,3,R32,110,11,5,94,70,44,14,15,6,10,2,3,93,49,33,21,14,7,11
2018-444,Poprad Tatry,Hard,32,C,,20180623,11,GC89,,,Egor Gerasimov,R,196,BLR,25.613,242,234,MN20,,,Daniel Masur,R,183,GER,23.628,374,117,6-2 6-2,3,R32,55,10,0,41,35,29,4,8,0,0,4,3,58,43,27,2,8,4,8
2018-444,Poprad Tatry,Hard,32,C,,20180623,12,GB93,,,Norbert Gombos,R,193,SVK,27.86,182,320,L09U,,,Tomas Liska,R,175,SVK,19.896,961,13,6-2 6-1,3,R32,47,6,0,34,26,25,3,7,0,0,2,8,50,25,14,7,8,3,8
2018-444,Poprad Tatry,Hard,32,C,,20180623,13,DB59,,,Dennis Novak,R,183,AUT,24.819,177,326,MV14,,,Alex Molcan,L,178,SVK,20.559,679,35,6-4 6-4,3,R32,79,2,3,78,49,28,15,10,6,9,2,2,59,39,23,8,10,8,13
2018-444,Poprad Tatry,Hard,32,C,,20180623,14,O513,,,Sebastian Ofner,R,191,AUT,22.114,145,398,A622,,,Andrea Arnaboldi,L,180,ITA,30.489,240,237,6-7(11) 6-3 6-4,3,R32,110,22,4,89,61,56,16,16,1,1,6,3,87,57,45,17,15,2,4
2018-444,Poprad Tatry,Hard,32,C,,20180623,15,R09X,,,Jurij Rodionov,L,191,AUT,19.105,292,182,I236,,,Uladzimir Ignatik,R,183,BLR,27.943,212,277,2-6 7-6(1) 7-6(6),3,R32,122,9,0,100,69,50,19,16,5,8,22,0,103,77,55,16,16,8,9
2018-444,Poprad Tatry,Hard,32,C,,20180623,16,R685,,,Lukas Rosol,R,193,CZE,32.914,262,210,HB31,,,Johannes Haerteis,L,196,GER,22.333,924,15,6-3 6-3,3,R32,54,1,0,49,32,26,11,9,2,2,3,1,56,42,25,6,9,4,7
2018-444,Poprad Tatry,Hard,32,C,,20180623,17,GC89,,,Egor Gerasimov,R,196,BLR,25.613,242,234,L797,1,,Lukas Lacko,R,188,SVK,30.637,96,612,6-3 6-3,3,R16,52,9,0,42,36,31,5,9,0,0,6,3,52,31,22,10,9,2,5
2018-444,Poprad Tatry,Hard,32,C,,20180623,18,D864,2,,Evgeny Donskoy,R,185,RUS,28.123,76,726,R09X,,,Jurij Rodionov,L,191,AUT,19.105,292,182,6-7(4) 6-4 7-6(5),3,R16,131,23,0,106,77,61,17,17,2,3,15,1,123,85,58,24,17,11,13
2018-444,Poprad Tatry,Hard,32,C,,20180623,19,BK92,,,Alexander Bublik,R,196,KAZ,21.016,148,393,SU87,3,,Lorenzo Sonego,R,191,ITA,23.118,120,455,6-4 6-2,3,R16,64,2,5,53,40,33,7,9,4,4,4,1,56,39,27,6,9,2,5
2018-444,Poprad Tatry,Hard,32,C,,20180623,20,O513,,,Sebastian Ofner,R,191,AUT,22.114,145,398,G476,4,,Guillermo Garcia-Lopez,R,185,ESP,35.053,70,834,7-5 6-4,3,R16,90,14,3,82,46,38,19,11,7,7,5,2,64,44,27,14,11,1,3
2018-444,Poprad Tatry,Hard,32,C,,20180623,21,BC65,,,Matthias Bachinger,R,188,GER,31.225,159,356,RB56,6,,Ramkumar Ramanathan,R,188,IND,23.622,125,448,6-3 3-6 6-2,3,R16,88,4,1,70,50,40,9,13,3,5,12,0,71,52,32,10,13,1,5
2018-444,Poprad Tatry,Hard,32,C,,20180623,22,DB59,,,Dennis Novak,R,183,AUT,24.819,177,326,B837,7,,Marcos Baghdatis,R,178,CYP,33.016,83,689,6-4 6-1,3,R16,58,4,1,50,33,27,8,8,2,2,5,3,50,31,20,8,9,5,9
2018-444,Poprad Tatry,Hard,32,C,,20180623,23,R685,,,Lukas Rosol,R,193,CZE,32.914,262,210,BE54,8,,Ruben Bemelmans,L,183,BEL,30.439,103,545,4-6 6-3 7-6(2),3,R16,117,13,1,100,63,50,20,16,4,5,11,1,92,68,52,13,15,6,7
2018-444,Poprad Tatry,Hard,32,C,,20180623,24,SC77,,,Sergiy Stakhovsky,R,193,UKR,32.46,140,409,GB93,,,Norbert Gombos,R,193,SVK,27.86,182,320,6-7(6) 6-4 6-2,3,R16,123,15,2,85,56,45,15,15,2,3,5,3,94,60,42,18,15,5,9
2018-444,Poprad Tatry,Hard,32,C,,20180623,25,BC65,,,Matthias Bachinger,R,188,GER,31.225,159,356,D864,2,,Evgeny Donskoy,R,185,RUS,28.123,76,726,6-4 7-6(6),3,QF,89,10,2,70,40,35,17,11,0,0,4,1,78,53,36,15,11,4,5
2018-444,Poprad Tatry,Hard,32,C,,20180623,26,BK92,,,Alexander Bublik,R,196,KAZ,21.016,148,393,SC77,,,Sergiy Stakhovsky,R,193,UKR,32.46,140,409,6-3 7-6(5),3,QF,78,11,4,74,48,38,16,11,1,1,8,1,59,39,31,11,10,0,1
2018-444,Poprad Tatry,Hard,32,C,,20180623,27,DB59,,,Dennis Novak,R,183,AUT,24.819,177,326,O513,,,Sebastian Ofner,R,191,AUT,22.114,145,398,6-1 1-6 6-3,3,QF,66,5,4,67,49,39,6,12,0,2,7,5,59,37,28,10,11,3,6
2018-444,Poprad Tatry,Hard,32,C,,20180623,28,R685,,,Lukas Rosol,R,193,CZE,32.914,262,210,GC89,,,Egor Gerasimov,R,196,BLR,25.613,242,234,6-7(5) 6-3 6-4,3,QF,102,13,2,91,68,54,17,16,3,3,26,3,102,79,58,10,15,4,6
2018-444,Poprad Tatry,Hard,32,C,,20180623,29,BK92,,,Alexander Bublik,R,196,KAZ,21.016,148,393,BC65,,,Matthias Bachinger,R,188,GER,31.225,159,356,7-5 7-6(4),3,SF,87,15,9,71,45,36,10,12,2,5,5,0,90,59,38,13,12,2,6
2018-444,Poprad Tatry,Hard,32,C,,20180623,30,R685,,,Lukas Rosol,R,193,CZE,32.914,262,210,DB59,,,Dennis Novak,R,183,AUT,24.819,177,326,7-5 7-6(1),3,SF,84,10,3,80,53,45,14,12,3,3,8,0,72,48,36,13,12,1,2
2018-444,Poprad Tatry,Hard,32,C,,20180623,31,BK92,,,Alexander Bublik,R,196,KAZ,21.016,148,393,R685,,,Lukas Rosol,R,193,CZE,32.914,262,210,6-4 6-4,3,F,68,14,4,56,37,32,11,10,2,2,4,4,64,40,26,14,10,7,9
2018-9003,Poprad Tatry,Clay,32,C,,20180623,1,MI43,1,,Gerald Melzer,L,188,AUT,27.945,108,519,N824,,,Pavel Nejedly,R,178,CZE,25.355,623,45,6-2 6-2,3,R32,58,2,3,45,23,20,14,8,0,0,1,4,49,24,12,12,8,1,5
2018-9003,Poprad Tatry,Clay,32,C,,20180623,2,RH16,2,,Casper Ruud,R,183,NOR,19.502,147,395,KI63,,,Lukas Klein,R,193,SVK,20.255,458,84,6-4 1-1 RET,3,R32,62,1,4,37,26,15,4,6,4,7,1,4,52,25,14,9,6,6,10
2018-9003,Poprad Tatry,Clay,32,C,,20180623,3,PG32,3,,Adam Pavlasek,R,185,CZE,23.707,142,404,D499,,,Frank Dancevic,R,185,CAN,33.739,314,162,7-5 RET,3,R32,46,2,1,31,18,14,6,6,0,2,2,4,41,20,12,8,6,2,5
2018-9003,Poprad Tatry,Clay,32,C,,20180623,4,KC04,4,,Jozef Kovalik,R,183,SVK,25.632,150,383,BE68,,,Tomislav Brkic,R,185,BIH,28.29,257,215,6-4 7-5,3,R32,89,4,0,62,35,29,15,11,3,4,0,2,62,42,28,9,11,2,5
2018-9003,Poprad Tatry,Clay,32,C,,20180623,5,SK47,5,,Mohamed Safwat,R,180,EGY,27.759,166,340,V933,,,Peter Vajda,R,191,SVK,22.119,2091,1,6-1 6-1,3,R32,52,2,0,39,26,21,8,7,1,1,1,5,47,24,9,9,7,2,7
2018-9003,Poprad Tatry,Clay,32,C,,20180623,6,BD80,6,,Attila Balazs,R,180,HUN,29.736,206,288,V490,,,Matteo Viola,R,185,ITA,30.962,270,204,6-3 6-3,3,R32,88,3,5,65,32,25,13,9,6,8,0,2,69,46,22,11,9,4,9
2018-9003,Poprad Tatry,Clay,32,C,,20180623,7,DB59,7,,Dennis Novak,R,183,AUT,24.819,177,326,R685,,,Lukas Rosol,R,193,CZE,32.914,262,210,6-1 7-5,3,R32,69,4,1,61,37,29,13,10,2,3,3,0,58,43,22,7,9,2,6
2018-9003,Poprad Tatry,Clay,32,C,,20180623,8,D981,,,Arthur De Greef,R,183,BEL,26.24,295,180,I236,8,,Uladzimir Ignatik,R,183,BLR,27.943,212,277,6-2 3-6 6-3,3,R32,105,6,3,69,45,38,11,13,0,1,5,5,79,40,29,20,13,2,5
2018-9003,Poprad Tatry,Clay,32,C,,20180623,9,G09D,,,Andrej Glvac,R,196,SVK,21.391,1595,2,SM51,,,Dominik Sproch,,,SVK,24.917,1520,2,4-6 6-0 6-2,3,R32,95,9,5,64,35,29,17,12,2,4,3,14,92,49,30,16,12,4,10
2018-9003,Poprad Tatry,Clay,32,C,,20180623,10,G935,,,Sergio Gutierrez-Ferrol,R,,ESP,29.3,238,237,Z246,,,Miljan Zekic,R,185,SRB,29.947,280,195,6-2 3-0 RET,3,R32,42,0,2,31,12,10,11,5,0,0,2,3,41,26,11,6,6,3,7
2018-9003,Poprad Tatry,Clay,32,C,,20180623,11,H804,,,Andreas Haider-Maurer,R,191,AUT,31.255,393,106,J493,,,Marek Jaloviec,L,180,CZE,24.334,321,157,6-3 6-4,3,R32,87,3,4,59,38,28,7,10,3,6,0,9,72,41,20,15,9,9,14
2018-9003,Poprad Tatry,Clay,32,C,,20180623,12,HA28,,,Filip Horansky,R,191,SVK,25.457,302,172,M915,,,Daniel Munoz de la Nava,L,175,ESP,36.397,293,182,6-2 6-4,3,R32,64,2,3,53,36,30,8,9,2,3,0,4,55,27,16,12,9,5,9
2018-9003,Poprad Tatry,Clay,32,C,,20180623,13,KH56,,,Zdenek Kolar,R,183,CZE,21.703,235,241,RA51,,,Blaz Rola,L,193,SLO,27.715,230,250,6-4 6-3,3,R32,92,3,1,54,34,26,11,9,3,4,2,4,75,41,26,15,10,5,9
2018-9003,Poprad Tatry,Clay,32,C,,20180623,14,N663,,,Maximilian Neuchrist,R,,AUT,26.921,273,203,PC78,,,Ante Pavic,R,196,CRO,29.295,268,207,6-4 6-2,3,R32,74,3,2,57,36,27,13,9,3,3,5,0,55,39,26,7,9,2,5
2018-9003,Poprad Tatry,Clay,32,C,,20180623,15,SN77,,,Vaclav Safranek,R,183,CZE,24.093,253,221,KD70,,,Pedja Krstin,R,183,SRB,23.803,214,273,7-5 4-6 7-6(2),3,R32,161,4,4,106,58,34,25,17,6,13,7,10,131,84,49,20,17,4,11
2018-9003,Poprad Tatry,Clay,32,C,,20180623,16,T982,,,Tsung-Hua Yang,R,178,TPE,27.236,217,269,SK67,,,Jan Satral,R,185,CZE,27.915,475,76,6-4 6-2,3,R32,68,6,2,51,34,27,11,9,0,0,2,3,54,26,19,11,9,2,5
2018-9003,Poprad Tatry,Clay,32,C,,20180623,17,KH56,,,Zdenek Kolar,R,183,CZE,21.703,235,241,MI43,1,,Gerald Melzer,L,188,AUT,27.945,108,519,6-4 RET,3,R16,53,1,1,35,21,14,8,5,3,4,2,2,40,17,9,11,5,2,4
2018-9003,Poprad Tatry,Clay,32,C,,20180623,18,G935,,,Sergio Gutierrez-Ferrol,R,,ESP,29.3,238,237,RH16,2,,Casper Ruud,R,183,NOR,19.502,147,395,6-4 6-1,3,R16,65,1,4,51,31,22,9,8,2,4,0,3,52,29,15,8,9,5,11
2018-9003,Poprad Tatry,Clay,32,C,,20180623,19,PG32,3,,Adam Pavlasek,R,185,CZE,23.707,142,404,G09D,,,Andrej Glvac,R,196,SVK,21.391,1595,2,6-2 6-0,3,R16,52,3,1,44,31,24,7,7,0,0,1,3,37,16,8,5,7,4,9
2018-9003,Poprad Tatry,Clay,32,C,,20180623,20,KC04,4,,Jozef Kovalik,R,183,SVK,25.632,150,383,T982,,,Tsung-Hua Yang,R,178,TPE,27.236,217,269,6-2 7-5,3,R16,81,3,2,60,32,22,21,10,1,1,2,4,59,36,27,9,10,3,6
2018-9003,Poprad Tatry,Clay,32,C,,20180623,21,SK47,5,,Mohamed Safwat,R,180,EGY,27.759,166,340,H804,,,Andreas Haider-Maurer,R,191,AUT,31.255,393,106,7-5 1-6 6-4,3,R16,142,0,3,94,49,31,21,14,5,10,6,8,95,48,36,17,15,8,13
2018-9003,Poprad Tatry,Clay,32,C,,20180623,22,BD80,6,,Attila Balazs,R,180,HUN,29.736,206,288,SN77,,,Vaclav Safranek,R,183,CZE,24.093,253,221,6-1 6-0,3,R16,52,3,2,37,17,15,12,6,1,1,0,2,52,34,12,7,7,6,12
2018-9003,Poprad Tatry,Clay,32,C,,20180623,23,DB59,7,,Dennis Novak,R,183,AUT,24.819,177,326,N663,,,Maximilian Neuchrist,R,,AUT,26.921,273,203,6-2 6-4,3,R16,74,2,0,41,24,24,10,9,1,2,8,0,69,42,29,8,9,11,15
2018-9003,Poprad Tatry,Clay,32,C,,20180623,24,D981,,,Arthur De Greef,R,183,BEL,26.24,295,180,HA28,,,Filip Horansky,R,191,SVK,25.457,302,172,7-6(2) 6-3,3,R16,92,3,6,75,37,26,18,11,2,5,3,4,67,38,25,10,10,1,5
2018-9003,Poprad Tatry,Clay,32,C,,20180623,25,BD80,6,,Attila Balazs,R,180,HUN,29.736,206,288,PG32,3,,Adam Pavlasek,R,185,CZE,23.707,142,404,6-2 6-4,3,QF,75,2,4,63,34,26,14,9,5,6,1,5,53,31,17,12,9,3,7
2018-9003,Poprad Tatry,Clay,32,C,,20180623,26,KC04,4,,Jozef Kovalik,R,183,SVK,25.632,150,383,SK47,5,,Mohamed Safwat,R,180,EGY,27.759,166,340,6-7(7) 7-6(5) 6-4,3,QF,224,3,6,161,88,58,36,17,22,26,4,3,121,72,45,27,17,13,18
2018-9003,Poprad Tatry,Clay,32,C,,20180623,27,KH56,,,Zdenek Kolar,R,183,CZE,21.703,235,241,DB59,7,,Dennis Novak,R,183,AUT,24.819,177,326,6-2 6-2,3,QF,71,6,5,49,32,24,7,8,2,4,1,3,67,37,17,10,8,6,12
2018-9003,Poprad Tatry,Clay,32,C,,20180623,28,D981,,,Arthur De Greef,R,183,BEL,26.24,295,180,G935,,,Sergio Gutierrez-Ferrol,R,,ESP,29.3,238,237,6-2 7-5,3,QF,89,4,2,67,39,28,15,10,6,7,3,3,69,35,22,16,10,10,14
2018-9003,Poprad Tatry,Clay,32,C,,20180623,29,KC04,4,,Jozef Kovalik,R,183,SVK,25.632,150,383,KH56,,,Zdenek Kolar,R,183,CZE,21.703,235,241,6-1 6-2,3,SF,72,0,2,51,32,23,7,7,3,5,1,1,52,37,17,2,8,8,15
2018-9003,Poprad Tatry,Clay,32,C,,20180623,30,D981,,,Arthur De Greef,R,183,BEL,26.24,295,180,BD80,6,,Attila Balazs,R,180,HUN,29.736,206,288,6-1 6-3,3,SF,58,1,3,44,23,19,12,8,3,4,1,1,43,27,14,8,8,2,7
2018-9003,Poprad Tatry,Clay,32,C,,20180623,31,KC04,4,,Jozef Kovalik,R,183,SVK,25.632,150,383,D981,,,Arthur De Greef,R,183,BEL,26.24,295,180,6-4 6-0,3,F,69,1,0,46,27,20,15,8,3,3,4,1,51,27,19,6,8,2,6
2018-3627,L'Aquila,Clay,32,C,,20180624,1,CF59,1,,Roberto Carballes Baena,R,183,ESP,25.254,74,753,FC49,,,Giovanni Fonio,R,183,ITA,20.131,612,46,3-6 7-6(5) 7-5,3,R32,151,4,3,101,68,47,21,16,3,6,3,5,112,74,51,21,17,6,9
2018-3627,L'Aquila,Clay,32,C,,20180624,2,L503,2,,Paolo Lorenzi,R,183,ITA,36.523,93,620,BG72,,,Carlos Boluda-Purkiss,R,173,ESP,25.418,267,208,7-5 3-6 6-4,3,R32,169,9,4,110,61,48,22,16,9,12,1,2,98,65,39,20,15,2,5
2018-3627,L'Aquila,Clay,32,C,,20180624,3,CC98,,,Martin Cuevas,R,191,URU,26.442,291,183,DA31,3,,Hugo Dellien,R,180,BOL,25.021,113,484,3-6 7-6(5) 7-6(4),3,R32,147,14,2,101,63,47,24,16,1,4,0,2,122,98,67,15,17,8,10
2018-3627,L'Aquila,Clay,32,C,,20180624,4,MO44,,,Pedro Martinez,R,185,ESP,21.161,248,230,SC73,4,,Rogerio Dutra Silva,R,178,BRA,34.382,137,411,5-7 7-6(3) 6-4,3,R32,182,4,3,126,92,62,15,17,7,11,11,4,116,69,52,18,17,6,10
2018-3627,L'Aquila,Clay,32,C,,20180624,5,MJ08,5,,Thiago Monteiro,L,183,BRA,24.066,138,411,CG07,,,Hernan Casanova,R,178,ARG,24.378,260,212,6-3 6-2,3,R32,82,2,0,48,30,28,9,9,1,1,0,1,72,52,26,12,8,9,12
2018-3627,L'Aquila,Clay,32,C,,20180624,6,BF23,,,Facundo Bagnis,L,183,ARG,28.32,190,306,PH64,,,Andrea Pellegrino,R,185,ITA,21.254,326,154,6-4 6-7(4) 6-2,3,R32,151,8,2,87,57,44,17,15,1,3,2,3,107,55,34,26,15,9,14
2018-3627,L'Aquila,Clay,32,C,,20180624,7,Q948,7,,Gianluigi Quinzi,L,191,ITA,22.393,216,270,Q941,,,Roberto Quiroz,L,193,ECU,26.333,244,232,6-2 6-4,3,R32,79,1,0,45,31,26,11,9,0,0,1,0,74,46,30,11,9,9,12
2018-3627,L'Aquila,Clay,32,C,,20180624,8,V495,8,,Luca Vanni,R,198,ITA,33.054,194,299,CH12,,,Jan Choinski,R,196,GBR,22.037,264,209,6-3 4-6 6-2,3,R32,114,11,2,83,48,37,20,13,4,5,1,9,97,57,38,19,14,10,14
2018-3627,L'Aquila,Clay,32,C,,20180624,9,BM03,,,Filippo Baldi,R,180,ITA,22.453,317,160,CC66,,,Andrea Collarini,L,183,ARG,26.396,243,233,7-6(5) 2-1 RET,3,R32,74,4,1,47,37,30,3,7,1,2,6,3,49,34,23,7,8,1,3
2018-3627,L'Aquila,Clay,32,C,,20180624,10,BV17,,,Riccardo Balzerani,R,185,ITA,19.663,676,36,HB31,,,Johannes Haerteis,L,196,GER,22.335,924,15,4-6 6-2 6-4,3,R32,135,3,2,85,67,42,7,14,6,11,4,10,102,59,33,17,14,10,17
2018-3627,L'Aquila,Clay,32,C,,20180624,11,CC32,,,Guilherme Clezar,R,180,BRA,25.478,213,275,BI47,,,Riccardo Bonadio,R,180,ITA,24.947,496,70,6-4 7-5,3,R32,93,2,0,67,45,34,15,11,3,3,10,2,70,44,33,13,11,7,9
2018-3627,L'Aquila,Clay,32,C,,20180624,12,GE33,,,Daniel Elahi Galan,R,191,COL,22.015,231,250,O507,,,Julian Ocleppo,R,191,ITA,20.895,1119,8,6-4 6-2,3,R32,58,7,3,49,26,22,15,9,0,0,3,1,53,38,26,7,9,2,5
2018-3627,L'Aquila,Clay,32,C,,20180624,13,HG94,,,Benjamin Hassan,R,183,LBN,23.384,410,99,V620,,,Agustin Velotti,R,,ARG,26.084,602,47,6-7(6) 6-2 7-5,3,R32,132,4,6,106,56,44,25,16,5,7,1,3,104,66,42,19,16,4,9
2018-3627,L'Aquila,Clay,32,C,,20180624,14,ML57,,,Gianluca Mager,R,188,ITA,23.562,347,134,G892,,,Alejandro Gonzalez,R,191,COL,29.374,299,177,6-3 6-3,3,R32,67,6,2,47,33,28,7,9,3,4,0,2,55,38,23,8,9,4,8
2018-3627,L'Aquila,Clay,32,C,,20180624,15,MP83,,,Gian Marco Moroni,R,185,ITA,20.359,272,203,A622,,,Andrea Arnaboldi,L,180,ITA,30.491,240,237,6-4 6-0,3,R32,70,4,1,39,23,20,12,8,0,0,0,1,54,28,17,10,8,5,9
2018-3627,L'Aquila,Clay,32,C,,20180624,16,Z419,,,Bernabe Zapata Miralles,R,183,ESP,21.446,254,220,O376,,,Renzo Olivo,R,178,ARG,26.275,252,226,6-3 6-4,3,R32,75,2,0,62,37,24,15,10,6,8,1,3,56,35,20,9,9,1,5
2018-3627,L'Aquila,Clay,32,C,,20180624,17,GE33,,,Daniel Elahi Galan,R,191,COL,22.015,231,250,CF59,1,,Roberto Carballes Baena,R,183,ESP,25.254,74,753,7-5 6-3,3,R16,99,6,0,66,41,27,15,11,2,5,3,3,67,42,26,10,10,6,11
2018-3627,L'Aquila,Clay,32,C,,20180624,18,L503,2,,Paolo Lorenzi,R,183,ITA,36.523,93,620,BV17,,,Riccardo Balzerani,R,185,ITA,19.663,676,36,6-4 6-4,3,R16,99,5,0,70,45,33,14,10,2,3,2,2,58,30,22,14,10,3,6
2018-3627,L'Aquila,Clay,32,C,,20180624,19,MJ08,5,,Thiago Monteiro,L,183,BRA,24.066,138,411,Z419,,,Bernabe Zapata Miralles,R,183,ESP,21.446,254,220,6-4 6-1,3,R16,66,2,0,42,30,25,7,8,0,0,1,1,59,34,19,13,9,0,4
2018-3627,L'Aquila,Clay,32,C,,20180624,20,BF23,,,Facundo Bagnis,L,183,ARG,28.32,190,306,ML57,,,Gianluca Mager,R,188,ITA,23.562,347,134,6-4 6-4,3,R16,88,0,0,57,37,28,15,10,2,2,7,4,74,37,27,18,10,5,7
2018-3627,L'Aquila,Clay,32,C,,20180624,21,Q948,7,,Gianluigi Quinzi,L,191,ITA,22.393,216,270,HG94,,,Benjamin Hassan,R,183,LBN,23.384,410,99,6-3 6-4,3,R16,88,3,1,66,43,28,16,10,4,5,1,7,69,19,12,25,9,5,8
2018-3627,L'Aquila,Clay,32,C,,20180624,22,BM03,,,Filippo Baldi,R,180,ITA,22.453,317,160,V495,8,,Luca Vanni,R,198,ITA,33.054,194,299,6-3 6-4,3,R16,81,1,3,67,45,33,14,10,4,4,12,0,51,29,23,11,9,2,4
2018-3627,L'Aquila,Clay,32,C,,20180624,23,CC32,,,Guilherme Clezar,R,180,BRA,25.478,213,275,CC98,,,Martin Cuevas,R,191,URU,26.442,291,183,6-3 1-6 6-2,3,R16,88,1,1,63,45,31,12,12,1,4,10,8,72,40,28,12,12,1,5
2018-3627,L'Aquila,Clay,32,C,,20180624,24,MP83,,,Gian Marco Moroni,R,185,ITA,20.359,272,203,MO44,,,Pedro Martinez,R,185,ESP,21.161,248,230,6-2 7-5,3,R16,100,4,1,65,44,32,12,10,2,2,0,4,57,34,25,10,10,2,5
2018-3627,L'Aquila,Clay,32,C,,20180624,25,L503,2,,Paolo Lorenzi,R,183,ITA,36.523,93,620,BM03,,,Filippo Baldi,R,180,ITA,22.453,317,160,6-4 7-6(3),3,QF,103,7,3,67,35,30,18,11,0,1,3,0,70,52,33,12,11,4,6
2018-3627,L'Aquila,Clay,32,C,,20180624,26,MJ08,5,,Thiago Monteiro,L,183,BRA,24.066,138,411,MP83,,,Gian Marco Moroni,R,185,ITA,20.359,272,203,3-1 RET,3,QF,27,1,2,16,13,9,1,2,4,4,0,2,18,11,8,2,2,4,5
2018-3627,L'Aquila,Clay,32,C,,20180624,27,BF23,,,Facundo Bagnis,L,183,ARG,28.32,190,306,GE33,,,Daniel Elahi Galan,R,191,COL,22.015,231,250,7-6(5) 6-0,3,QF,72,4,0,47,36,30,9,9,0,1,5,0,59,39,23,8,9,5,9
2018-3627,L'Aquila,Clay,32,C,,20180624,28,CC32,,,Guilherme Clezar,R,180,BRA,25.478,213,275,Q948,7,,Gianluigi Quinzi,L,191,ITA,22.393,216,270,6-3 1-6 7-6(10),3,QF,138,6,3,104,66,48,18,14,4,6,7,2,93,53,41,23,14,2,3
2018-3627,L'Aquila,Clay,32,C,,20180624,29,L503,2,,Paolo Lorenzi,R,183,ITA,36.523,93,620,MJ08,5,,Thiago Monteiro,L,183,BRA,24.066,138,411,7-6(5) 6-7(3) 6-3,3,SF,180,10,2,102,55,42,27,16,4,6,4,1,114,71,48,25,17,4,8
2018-3627,L'Aquila,Clay,32,C,,20180624,30,BF23,,,Facundo Bagnis,L,183,ARG,28.32,190,306,CC32,,,Guilherme Clezar,R,180,BRA,25.478,213,275,6-3 5-7 7-6(4),3,SF,176,8,4,112,75,49,25,17,6,9,7,3,120,87,59,13,16,14,17
2018-3627,L'Aquila,Clay,32,C,,20180624,31,BF23,,,Facundo Bagnis,L,183,ARG,28.32,190,306,L503,2,,Paolo Lorenzi,R,183,ITA,36.523,93,620,2-6 6-3 6-4,3,F,133,1,2,84,55,35,18,14,8,12,3,1,84,46,29,20,13,11,15
2018-603,Fergana,Hard,32,C,,20180624,1,MM66,1,,Nikola Milojevic,R,188,SRB,23.014,184,316,K776,,,Konstantin Kravchuk,R,191,RUS,33.331,483,75,7-5 6-7(10) 6-4,3,R32,181,3,4,102,66,50,23,17,0,2,5,0,120,81,57,19,17,7,11
2018-603,Fergana,Hard,32,C,,20180624,2,LA93,2,,Enrique Lopez Perez,R,180,ESP,27.058,187,309,G753,,,David Guez,R,185,FRA,35.543,283,193,6-0 2-6 6-2,3,R32,90,5,7,64,33,24,18,11,2,4,3,8,72,39,27,9,11,7,12
2018-603,Fergana,Hard,32,C,,20180624,3,O482,3,,Gonzalo Oliveira,L,185,VEN,23.348,232,249,G681,,,Teymuraz Gabashvili,R,185,GEO,33.087,412,99,5-7 6-3 6-3,3,R32,130,4,3,89,66,41,9,15,9,15,8,9,94,49,36,12,15,7,15
2018-603,Fergana,Hard,32,C,,20180624,4,LE01,4,,Duckhee Lee,R,170,KOR,20.071,233,247,TF58,,,Yusuke Takahashi,R,170,JPN,20.684,312,163,7-6(3) 6-1,3,R32,94,2,6,65,44,34,10,9,4,5,4,4,75,35,23,17,10,6,10
2018-603,Fergana,Hard,32,C,,20180624,5,N561,5,,Ivan Nedelko,R,185,RUS,32.118,241,236,F786,,,Sanjar Fayziev,R,188,UZB,23.904,509,67,5-7 6-3 7-6(0),3,R32,149,6,3,114,63,44,26,17,10,15,8,3,107,77,49,13,16,4,9
2018-603,Fergana,Hard,32,C,,20180624,6,GC89,6,,Egor Gerasimov,R,196,BLR,25.615,242,234,GA71,,,Laurynas Grigelis,R,183,LTU,26.861,263,209,6-2 6-3,3,R32,58,6,4,53,33,23,12,9,1,2,2,1,45,22,15,6,8,1,5
2018-603,Fergana,Hard,32,C,,20180624,7,CF88,7,,Roberto Cid Subervi,R,193,DOM,24.816,236,240,E688,,,Markus Eriksson,R,188,SWE,28.567,369,119,6-4 6-3,3,R32,74,0,1,46,29,23,13,9,0,0,3,0,66,42,30,8,10,2,5
2018-603,Fergana,Hard,32,C,,20180624,8,WB08,8,,Yosuke Watanuki,R,180,JPN,20.2,271,203,N503,,,Aleksandr Nedovyesov,R,188,KAZ,31.354,275,201,6-4 7-6(4),3,R32,96,11,8,76,44,36,16,11,7,8,5,3,70,46,34,9,11,2,4
2018-603,Fergana,Hard,32,C,,20180624,9,D551,,,Farrukh Dustov,R,193,UZB,32.09,1079,8,MG08,,,Yannick Mertens,R,185,BEL,30.998,344,135,6-4 4-6 6-3,3,R32,104,5,3,98,68,45,14,15,6,10,6,3,78,54,32,12,14,2,7
2018-603,Fergana,Hard,32,C,,20180624,10,I306,,,Cem Ilkel,R,185,TUR,22.842,246,231,BF98,,,Alessandro Bega,R,170,ITA,27.45,331,152,6-2 6-2,3,R32,47,9,1,39,26,24,8,8,0,0,0,1,48,31,15,9,8,6,10
2018-603,Fergana,Hard,32,C,,20180624,11,KD87,,,Evgeny Karlovskiy,R,191,RUS,23.88,342,136,MN70,,,Joao Menezes,R,185,BRA,21.517,322,156,6-2 6-2,3,R32,59,2,2,51,34,25,11,8,3,3,4,1,49,28,17,8,8,2,6
2018-603,Fergana,Hard,32,C,,20180624,12,ME64,,,Saketh Myneni,R,193,IND,30.68,447,86,Z248,,,Dzmitry Zhyrmont,R,188,BLR,29.314,406,100,6-4 6-0,3,R32,59,4,0,39,25,22,10,8,0,0,2,1,52,21,11,15,8,3,7
2018-603,Fergana,Hard,32,C,,20180624,13,SL92,,,Shuichi Sekiguchi,R,168,JPN,26.943,538,61,SF89,,,Rubin Statham,R,180,NZL,31.165,382,114,1-6 7-6(5) 6-2,3,R32,115,3,1,87,50,36,18,13,6,10,11,5,82,40,28,22,14,0,4
2018-603,Fergana,Hard,32,C,,20180624,14,SF41,,,Aldin Setkic,R,191,BIH,30.508,289,186,Y171,,,Denis Yevseyev,R,188,KAZ,25.09,358,126,6-3 6-3,3,R32,73,2,5,50,32,28,5,9,2,3,3,4,63,44,27,7,9,3,7
2018-603,Fergana,Hard,32,C,,20180624,15,SR81,,,Khumoyun Sultanov,R,180,UZB,19.658,629,44,O340,,,Roberto Ortega-Olmedo,R,168,ESP,27.151,297,178,7-6(6) 6-3,3,R32,100,5,3,71,34,28,22,10,6,7,4,2,69,43,27,16,11,2,5
2018-603,Fergana,Hard,32,C,,20180624,16,W857,,,Tung-Lin Wu,R,188,TPE,20.118,452,85,GE28,,,Ivan Gakhov,L,191,RUS,21.634,334,142,7-5 7-6(1),3,R32,89,9,3,68,41,37,16,12,4,5,8,2,74,48,32,14,12,4,6
2018-603,Fergana,Hard,32,C,,20180624,17,MM66,1,,Nikola Milojevic,R,188,SRB,23.014,184,316,KD87,,,Evgeny Karlovskiy,R,191,RUS,23.88,342,136,6-3 7-5,3,R16,88,2,1,60,47,35,6,11,0,2,7,1,64,44,28,9,10,6,10
2018-603,Fergana,Hard,32,C,,20180624,18,LA93,2,,Enrique Lopez Perez,R,180,ESP,27.058,187,309,SR81,,,Khumoyun Sultanov,R,180,UZB,19.658,629,44,7-5 7-6(3),3,R16,92,9,2,69,46,41,14,12,0,0,7,5,76,53,37,12,12,1,2
2018-603,Fergana,Hard,32,C,,20180624,19,I306,,,Cem Ilkel,R,185,TUR,22.842,246,231,O482,3,,Gonzalo Oliveira,L,185,VEN,23.348,232,249,6-3 6-7(5) 6-4,3,R16,141,11,6,111,62,44,29,16,9,12,12,3,103,76,53,11,15,7,12
2018-603,Fergana,Hard,32,C,,20180624,20,SF41,,,Aldin Setkic,R,191,BIH,30.508,289,186,LE01,4,,Duckhee Lee,R,170,KOR,20.071,233,247,6-2 6-3,3,R16,78,5,5,57,34,25,12,8,3,4,0,1,63,38,23,7,9,8,13
2018-603,Fergana,Hard,32,C,,20180624,21,SL92,,,Shuichi Sekiguchi,R,168,JPN,26.943,538,61,N561,5,,Ivan Nedelko,R,185,RUS,32.118,241,236,W/O,3,R16,,,,,,,,,,,,,,,,,,,
2018-603,Fergana,Hard,32,C,,20180624,22,GC89,6,,Egor Gerasimov,R,196,BLR,25.615,242,234,D551,,,Farrukh Dustov,R,193,UZB,32.09,1079,8,6-3 7-6(4),3,R16,78,10,2,68,47,36,13,11,1,2,4,3,65,43,28,13,10,4,6
2018-603,Fergana,Hard,32,C,,20180624,23,ME64,,,Saketh Myneni,R,193,IND,30.68,447,86,CF88,7,,Roberto Cid Subervi,R,193,DOM,24.816,236,240,6-0 6-4,3,R16,65,1,1,63,35,25,13,8,3,4,1,2,47,29,16,5,8,2,7
2018-603,Fergana,Hard,32,C,,20180624,24,WB08,8,,Yosuke Watanuki,R,180,JPN,20.2,271,203,W857,,,Tung-Lin Wu,R,188,TPE,20.118,452,85,6-7(5) 6-2 6-3,3,R16,141,16,10,122,70,49,23,15,4,7,2,2,92,59,36,12,14,4,10
2018-603,Fergana,Hard,32,C,,20180624,25,MM66,1,,Nikola Milojevic,R,188,SRB,23.014,184,316,WB08,8,,Yosuke Watanuki,R,180,JPN,20.2,271,203,6-1 6-7(9) 6-3,3,QF,144,2,8,105,67,46,18,15,4,6,7,5,88,50,33,14,13,2,7
2018-603,Fergana,Hard,32,C,,20180624,26,LA93,2,,Enrique Lopez Perez,R,180,ESP,27.058,187,309,SL92,,,Shuichi Sekiguchi,R,168,JPN,26.943,538,61,6-2 4-0 RET,3,QF,42,7,2,30,17,16,8,6,0,0,2,0,36,21,10,5,6,2,6
2018-603,Fergana,Hard,32,C,,20180624,27,GC89,6,,Egor Gerasimov,R,196,BLR,25.615,242,234,SF41,,,Aldin Setkic,R,191,BIH,30.508,289,186,6-3 7-6(4),3,QF,81,7,2,67,43,33,15,11,1,2,6,6,62,34,26,13,10,0,2
2018-603,Fergana,Hard,32,C,,20180624,28,ME64,,,Saketh Myneni,R,193,IND,30.68,447,86,I306,,,Cem Ilkel,R,185,TUR,22.842,246,231,6-1 6-7(5) 6-4,3,QF,105,12,2,87,52,38,25,15,1,2,4,3,89,41,28,25,14,5,9
2018-603,Fergana,Hard,32,C,,20180624,29,MM66,1,,Nikola Milojevic,R,188,SRB,23.014,184,316,ME64,,,Saketh Myneni,R,193,IND,30.68,447,86,6-4 5-7 6-0,3,SF,98,3,0,72,50,42,14,14,4,5,4,1,94,76,44,9,14,2,6
2018-603,Fergana,Hard,32,C,,20180624,30,LA93,2,,Enrique Lopez Perez,R,180,ESP,27.058,187,309,GC89,6,,Egor Gerasimov,R,196,BLR,25.615,242,234,6-4 6-4,3,SF,74,8,7,68,39,32,13,10,5,6,7,1,60,42,29,7,10,3,6
2018-603,Fergana,Hard,32,C,,20180624,31,MM66,1,,Nikola Milojevic,R,188,SRB,23.014,184,316,LA93,2,,Enrique Lopez Perez,R,180,ESP,27.058,187,309,6-3 6-4,3,F,87,6,0,64,42,31,12,10,4,5,6,4,65,45,31,6,9,5,8
2018-6757,Blois,Clay,32,C,,20180624,1,LC11,,,Tristan Lamasine,R,183,FRA,25.303,487,75,S483,1,,Pedro Sousa,R,180,POR,30.075,131,434,6-3 6-4,3,R32,88,2,2,69,42,26,14,10,4,7,1,1,65,37,25,7,9,6,11
2018-6757,Blois,Clay,32,C,,20180624,2,L949,3,,Henri Laaksonen,R,185,SUI,26.231,136,412,BT68,,,Elliot Benchetrit,R,193,MAR,19.726,323,156,7-5 2-1 RET,3,R32,74,3,2,46,24,18,12,7,5,6,2,3,57,36,25,6,8,1,4
2018-6757,Blois,Clay,32,C,,20180624,3,LB84,4,,Juan Ignacio Londero,R,180,ARG,24.857,164,342,D985,,,Joao Domingues,R,,POR,24.717,255,218,6-3 6-4,3,R32,76,4,0,62,33,26,18,10,3,4,2,2,52,37,25,6,9,4,7
2018-6757,Blois,Clay,32,C,,20180624,4,AG37,5,,Felix Auger-Aliassime,R,193,CAN,17.875,172,330,BH80,,,Andrea Basso,L,185,ITA,24.709,318,160,6-3 6-2,3,R32,76,5,3,55,32,26,13,9,3,4,1,3,51,34,20,5,8,3,7
2018-6757,Blois,Clay,32,C,,20180624,5,B884,6,,Carlos Berlocq,R,183,ARG,35.387,174,329,O635,,,Jules Okala,R,193,FRA,20.849,400,102,3-6 6-1 7-6(5),3,R32,124,1,2,95,66,40,15,14,5,9,5,7,76,44,34,10,14,2,7
2018-6757,Blois,Clay,32,C,,20180624,6,R612,,,Stephane Robert,R,185,FRA,38.103,170,336,V824,,,Mario Vilella Martinez,R,178,ESP,22.976,277,197,6-4 7-6(4),3,R32,82,6,1,65,36,31,18,11,0,1,3,4,74,43,31,17,11,4,6
2018-6757,Blois,Clay,32,C,,20180624,7,GD64,8,,Cristian Garin,R,185,CHI,22.067,173,329,A0B6,,,Jaimee Floyd Angele,R,206,FRA,18.242,800,24,6-3 7-5,3,R32,88,2,3,62,36,24,15,10,3,5,2,2,70,45,23,11,11,5,10
2018-6757,Blois,Clay,32,C,,20180624,8,BS86,,,Tomas Barrios Vera,R,191,CHI,20.537,370,118,G676,,,Daniel Gimeno-Traver,R,183,ESP,32.879,202,294,2-6 6-3 6-3,3,R32,114,2,0,91,58,36,12,13,10,15,5,5,88,56,34,11,13,7,13
2018-6757,Blois,Clay,32,C,,20180624,9,BK19,,,Mathias Bourgue,R,188,FRA,24.43,304,169,LB66,,,Constant Lestienne,R,180,FRA,26.086,207,282,4-6 6-2 4-1 RET,3,R32,109,8,3,77,43,34,18,12,4,5,3,6,75,46,29,15,11,5,8
2018-6757,Blois,Clay,32,C,,20180624,10,CG04,,,Pedro Cachin,R,185,ARG,23.201,319,157,TC95,,,Johan Tatlot,R,180,FRA,22.245,259,212,5-2 RET,3,R32,39,1,2,22,18,14,1,3,3,3,0,3,36,21,13,5,4,2,4
2018-6757,Blois,Clay,32,C,,20180624,11,D776,,,Thiemo de Bakker,R,193,NED,29.76,324,155,MM60,,,Joao Monteiro,R,178,PRT,24.49,288,186,6-2 6-2,3,R32,72,9,0,44,25,20,13,8,0,0,2,2,65,40,22,12,8,10,14
2018-6757,Blois,Clay,32,C,,20180624,12,D750,,,Kenny De Schepper,L,203,FRA,31.072,195,299,Y268,,,Mikael Ymer,R,185,SWE,19.789,348,133,6-2 6-3,3,R32,85,4,3,61,39,25,11,9,2,4,1,3,49,34,19,3,8,3,8
2018-6757,Blois,Clay,32,C,,20180624,13,GC54,,,Scott Griekspoor,R,188,NED,27.452,282,194,GA79,,,Lorenzo Giustino,R,180,ITA,26.787,266,209,6-4 6-1,3,R32,65,3,4,52,32,27,11,8,2,2,2,4,53,32,23,6,9,3,7
2018-6757,Blois,Clay,32,C,,20180624,14,H808,,,Harri Heliovaara,R,188,FIN,29.054,372,117,SN54,,,Frederico Ferreira Silva,L,178,POR,23.269,359,125,3-6 7-5 7-6(6),3,R32,169,2,1,122,74,45,26,17,7,13,5,1,116,65,44,27,16,10,15
2018-6757,Blois,Clay,32,C,,20180624,15,J620,,,Maxime Janvier,R,196,FRA,21.681,343,136,BM95,,,Benjamin Bonzi,R,183,FRA,22.04,279,195,6-2 6-3,3,R32,67,4,4,54,30,23,12,8,1,2,0,1,51,32,19,5,9,4,9
2018-6757,Blois,Clay,32,C,,20180624,16,MJ01,,,Roberto Marcora,R,193,ITA,28.816,385,113,MP20,,,Alexandre Muller,R,183,FRA,21.391,332,149,6-1 6-3,3,R32,75,3,0,45,30,24,9,8,2,2,0,0,66,45,25,8,8,6,10
2018-6757,Blois,Clay,32,C,,20180624,17,D776,,,Thiemo de Bakker,R,193,NED,29.76,324,155,L949,3,,Henri Laaksonen,R,185,SUI,26.231,136,412,7-6(3) 6-4,3,R16,100,6,2,90,51,39,20,11,10,11,5,2,66,42,31,14,11,2,4
2018-6757,Blois,Clay,32,C,,20180624,18,LB84,4,,Juan Ignacio Londero,R,180,ARG,24.857,164,342,BK19,,,Mathias Bourgue,R,188,FRA,24.43,304,169,7-5 7-6(3),3,R16,108,1,3,79,43,29,23,12,5,8,6,3,81,54,34,11,12,3,7
2018-6757,Blois,Clay,32,C,,20180624,19,AG37,5,,Felix Auger-Aliassime,R,193,CAN,17.875,172,330,BS86,,,Tomas Barrios Vera,R,191,CHI,20.537,370,118,6-3 6-4,3,R16,75,4,4,55,29,21,17,10,2,4,1,3,52,36,23,4,9,2,6
2018-6757,Blois,Clay,32,C,,20180624,20,GC54,,,Scott Griekspoor,R,188,NED,27.452,282,194,B884,6,,Carlos Berlocq,R,183,ARG,35.387,174,329,3-6 7-6(5) 6-4,3,R16,169,5,8,107,64,44,16,15,7,12,3,2,106,62,36,24,16,2,7
2018-6757,Blois,Clay,32,C,,20180624,21,R612,,,Stephane Robert,R,185,FRA,38.103,170,336,MJ01,,,Roberto Marcora,R,193,ITA,28.816,385,113,6-7(4) 6-3 6-3,3,R16,131,4,3,109,56,41,26,15,6,8,3,4,101,59,37,20,15,5,10
2018-6757,Blois,Clay,32,C,,20180624,22,GD64,8,,Cristian Garin,R,185,CHI,22.067,173,329,J620,,,Maxime Janvier,R,196,FRA,21.681,343,136,6-2 6-2,3,R16,77,3,3,58,31,20,15,8,1,3,2,5,58,37,19,4,8,9,15
2018-6757,Blois,Clay,32,C,,20180624,23,CG04,,,Pedro Cachin,R,185,ARG,23.201,319,157,H808,,,Harri Heliovaara,R,188,FIN,29.054,372,117,6-7(9) 7-6(6) 6-2,3,R16,156,7,6,122,78,51,24,16,8,12,6,4,111,76,48,17,16,5,11
2018-6757,Blois,Clay,32,C,,20180624,24,LC11,,,Tristan Lamasine,R,183,FRA,25.303,487,75,D750,,,Kenny De Schepper,L,203,FRA,31.072,195,299,6-4 1-6 6-1,3,R16,98,0,6,69,45,32,11,12,2,5,4,1,69,47,31,9,12,2,6
2018-6757,Blois,Clay,32,C,,20180624,25,GC54,,,Scott Griekspoor,R,188,NED,27.452,282,194,LB84,4,,Juan Ignacio Londero,R,180,ARG,24.857,164,342,6-2 5-7 7-5,3,QF,134,6,3,105,73,50,18,16,2,4,4,6,104,73,49,14,16,7,11
2018-6757,Blois,Clay,32,C,,20180624,26,AG37,5,,Felix Auger-Aliassime,R,193,CAN,17.875,172,330,LC11,,,Tristan Lamasine,R,183,FRA,25.303,487,75,6-4 6-2,3,QF,102,3,3,63,41,29,9,9,5,7,1,4,80,52,27,13,9,5,10
2018-6757,Blois,Clay,32,C,,20180624,27,R612,,,Stephane Robert,R,185,FRA,38.103,170,336,CG04,,,Pedro Cachin,R,185,ARG,23.201,319,157,6-3 6-0,3,QF,71,1,2,45,24,15,12,7,2,4,2,2,67,37,16,11,8,7,14
2018-6757,Blois,Clay,32,C,,20180624,28,D776,,,Thiemo de Bakker,R,193,NED,29.76,324,155,GD64,8,,Cristian Garin,R,185,CHI,22.067,173,329,6-4 6-4,3,QF,69,4,3,55,29,22,19,10,0,0,2,3,54,31,23,11,10,1,3
2018-6757,Blois,Clay,32,C,,20180624,29,AG37,5,,Felix Auger-Aliassime,R,193,CAN,17.875,172,330,D776,,,Thiemo de Bakker,R,193,NED,29.76,324,155,7-6(2) 3-6 6-1,3,SF,135,7,5,106,73,51,17,14,11,13,0,2,88,52,37,17,14,2,5
2018-6757,Blois,Clay,32,C,,20180624,30,GC54,,,Scott Griekspoor,R,188,NED,27.452,282,194,R612,,,Stephane Robert,R,185,FRA,38.103,170,336,6-1 2-6 6-2,3,SF,91,9,1,84,55,35,16,12,5,8,3,1,69,36,24,12,11,5,10
2018-6757,Blois,Clay,32,C,,20180624,31,GC54,,,Scott Griekspoor,R,188,NED,27.452,282,194,AG37,5,,Felix Auger-Aliassime,R,193,CAN,17.875,172,330,6-4 6-4,3,F,112,4,4,79,48,33,17,10,7,8,8,4,83,53,30,16,10,13,16
2018-9005,Ilkley,Grass,32,C,,20180624,1,TC61,1,,Jordan Thompson,R,183,AUS,24.178,97,610,MQ75,,,Kamil Majchrzak,R,183,POL,22.445,189,308,7-6(7) 6-2,3,R32,93,4,3,62,50,38,6,10,0,1,1,1,74,46,31,10,10,3,6
2018-9005,Ilkley,Grass,32,C,,20180624,2,Z254,,,Jurgen Zopp,R,191,EST,30.237,107,519,MJ71,,,Mats Moraing,L,198,GER,26.01,154,365,7-6(6) 6-4,3,R32,83,6,0,76,54,41,7,11,2,4,10,11,82,47,33,14,11,4,7
2018-9005,Ilkley,Grass,32,C,,20180624,3,F586,3,,Thomas Fabbiano,R,173,ITA,29.079,129,436,W579,,,Alexander Ward,R,185,GBR,28.151,309,163,6-3 6-3,3,R32,68,2,1,48,33,27,10,9,2,2,6,2,54,27,19,13,9,1,4
2018-9005,Ilkley,Grass,32,C,,20180624,4,RC96,,,Noah Rubin,R,175,USA,22.338,176,327,I305,,,Ilya Ivashka,R,193,BLR,24.329,105,534,6-2 6-4,3,R32,71,4,0,57,38,28,10,9,4,5,5,2,59,37,26,5,9,4,8
2018-9005,Ilkley,Grass,32,C,,20180624,5,PB22,5,,Peter Polansky,R,183,CAN,30.023,112,484,SQ80,,,Akira Santillan,R,180,AUS,21.09,210,278,6-2 6-7(6) 6-1,3,R32,108,8,3,94,52,37,25,14,2,3,9,4,90,52,35,16,13,4,9
2018-9005,Ilkley,Grass,32,C,,20180624,6,O513,,,Sebastian Ofner,R,191,AUT,22.116,145,398,RB56,6,,Ramkumar Ramanathan,R,188,IND,23.625,125,448,7-5 6-3,3,R32,64,6,2,58,35,24,16,10,2,3,5,2,71,51,31,9,11,5,9
2018-9005,Ilkley,Grass,32,C,,20180624,7,MP01,7,,Michael Mmoh,R,188,USA,20.452,133,425,A853,,,Marcelo Arevalo,R,191,ESA,27.685,144,401,3-6 6-1 6-2,3,R32,89,6,1,65,49,37,8,12,2,4,5,2,77,53,35,9,12,6,11
2018-9005,Ilkley,Grass,32,C,,20180624,8,SC77,8,,Sergiy Stakhovsky,R,193,UKR,32.463,140,409,BI23,,,Liam Broady,L,183,GBR,24.468,168,338,1-6 7-6(2) 6-2,3,R32,128,6,1,99,53,33,24,13,6,11,4,3,100,71,39,15,14,6,11
2018-9005,Ilkley,Grass,32,C,,20180624,9,BK92,,,Alexander Bublik,R,196,KAZ,21.018,148,393,M0CW,,,Aidan McHugh,R,180,GBR,17.958,957,13,6-3 6-4,3,R32,69,9,9,61,41,31,7,10,0,2,2,3,58,39,25,7,9,6,10
2018-9005,Ilkley,Grass,32,C,,20180624,10,I230,,,Tatsuma Ito,R,180,JPN,30.1,167,339,KA98,,,Bradley Klahn,L,183,USA,27.844,163,342,6-4 6-7(3) 6-3,3,R32,120,5,0,103,71,52,23,16,7,7,10,3,84,61,51,12,15,2,4
2018-9005,Ilkley,Grass,32,C,,20180624,11,KB14,,,Kevin King,L,191,USA,27.318,165,340,GB93,,,Norbert Gombos,R,193,SVK,27.863,182,320,6-3 3-6 7-6(5),3,R32,107,8,3,97,72,55,14,15,3,4,6,6,96,62,48,18,15,4,5
2018-9005,Ilkley,Grass,32,C,,20180624,12,KC86,,,Darian King,R,188,BAR,26.16,169,337,D0CO,,,Jack Draper,L,193,GBR,16.504,,,6-4 6-2,3,R32,73,1,1,47,32,29,9,9,1,1,2,6,68,34,24,13,9,6,9
2018-9005,Ilkley,Grass,32,C,,20180624,13,KB95,,,Jason Kubler,R,178,AUS,25.098,162,345,Y124,,,Donald Young,L,183,USA,28.92,135,414,6-4 7-6(3),3,R32,82,2,4,70,46,37,12,11,2,3,1,2,70,45,32,11,11,1,3
2018-9005,Ilkley,Grass,32,C,,20180624,14,MI01,,,Hiroki Moriya,R,168,JPN,27.688,222,260,L0CF,,,George Loffhagen,R,188,GBR,17.18,893,16,6-1 6-4,3,R32,72,1,6,54,28,22,15,9,2,3,0,3,46,24,14,8,8,0,4
2018-9005,Ilkley,Grass,32,C,,20180624,15,O449,,,Oscar Otte,R,193,GER,24.939,209,281,MB53,,,Adrian Menendez-Maceiras,R,183,ESP,32.654,149,386,7-6(6) 6-7(8) 6-4,3,R32,154,11,8,118,67,46,30,17,3,6,6,3,123,77,54,24,17,3,7
2018-9005,Ilkley,Grass,32,C,,20180624,16,TA12,,,Stefano Travaglia,R,185,ITA,26.489,141,406,J380,,,Jason Jung,R,180,TPE,29.024,153,366,7-5 6-3,3,R32,65,12,0,48,32,31,9,10,0,0,2,2,67,52,35,7,11,3,6
2018-9005,Ilkley,Grass,32,C,,20180624,17,TC61,1,,Jordan Thompson,R,183,AUS,24.178,97,610,MI01,,,Hiroki Moriya,R,168,JPN,27.688,222,260,6-2 6-2,3,R16,79,5,2,46,32,26,9,8,6,6,0,3,65,41,22,10,8,6,10
2018-9005,Ilkley,Grass,32,C,,20180624,18,O449,,,Oscar Otte,R,193,GER,24.939,209,281,Z254,,,Jurgen Zopp,R,191,EST,30.237,107,519,7-6(3) 6-3,3,R16,76,10,5,65,41,33,11,10,2,3,6,3,73,44,28,15,11,0,3
2018-9005,Ilkley,Grass,32,C,,20180624,19,F586,3,,Thomas Fabbiano,R,173,ITA,29.079,129,436,BK92,,,Alexander Bublik,R,196,KAZ,21.018,148,393,6-7(4) 6-3 6-2,3,R16,103,2,3,79,53,48,17,15,1,1,13,7,96,60,43,16,14,3,6
2018-9005,Ilkley,Grass,32,C,,20180624,20,PB22,5,,Peter Polansky,R,183,CAN,30.023,112,484,I230,,,Tatsuma Ito,R,180,JPN,30.1,167,339,6-2 6-4,3,R16,60,3,0,41,23,22,14,9,0,0,5,2,53,35,21,9,9,1,4
2018-9005,Ilkley,Grass,32,C,,20180624,21,MP01,7,,Michael Mmoh,R,188,USA,20.452,133,425,TA12,,,Stefano Travaglia,R,185,ITA,26.489,141,406,6-2 2-6 6-3,3,R16,98,6,7,89,60,43,14,13,4,6,13,1,68,42,32,12,12,3,6
2018-9005,Ilkley,Grass,32,C,,20180624,22,SC77,8,,Sergiy Stakhovsky,R,193,UKR,32.463,140,409,KB14,,,Kevin King,L,191,USA,27.318,165,340,6-4 6-0,3,R16,57,2,0,42,31,24,9,8,1,1,6,5,51,31,19,7,8,3,7
2018-9005,Ilkley,Grass,32,C,,20180624,23,KC86,,,Darian King,R,188,BAR,26.16,169,337,O513,,,Sebastian Ofner,R,191,AUT,22.116,145,398,7-6(5) 6-4,3,R16,84,1,0,71,52,36,12,11,6,8,2,3,67,48,31,10,11,0,3
2018-9005,Ilkley,Grass,32,C,,20180624,24,KB95,,,Jason Kubler,R,178,AUS,25.098,162,345,RC96,,,Noah Rubin,R,175,USA,22.338,176,327,6-1 3-6 6-4,3,R16,89,6,4,66,43,34,13,13,2,4,7,1,79,55,38,11,13,2,6
2018-9005,Ilkley,Grass,32,C,,20180624,25,SC77,8,,Sergiy Stakhovsky,R,193,UKR,32.463,140,409,TC61,1,,Jordan Thompson,R,183,AUS,24.178,97,610,6-4 6-4,3,QF,82,6,0,57,41,31,6,10,2,4,1,3,61,38,22,11,10,3,7
2018-9005,Ilkley,Grass,32,C,,20180624,26,MP01,7,,Michael Mmoh,R,188,USA,20.452,133,425,F586,3,,Thomas Fabbiano,R,173,ITA,29.079,129,436,6-1 6-2,3,QF,63,3,1,45,31,20,8,8,0,2,0,1,51,35,11,9,7,5,11
2018-9005,Ilkley,Grass,32,C,,20180624,27,KB95,,,Jason Kubler,R,178,AUS,25.098,162,345,PB22,5,,Peter Polansky,R,183,CAN,30.023,112,484,3-6 7-6(3) 6-2,3,QF,122,9,7,99,55,39,21,15,4,8,8,1,81,49,32,18,14,2,6
2018-9005,Ilkley,Grass,32,C,,20180624,28,O449,,,Oscar Otte,R,193,GER,24.939,209,281,KC86,,,Darian King,R,188,BAR,26.16,169,337,6-4 4-6 6-1,3,QF,102,4,4,85,54,42,16,14,1,3,4,0,84,57,35,14,13,11,15
2018-9005,Ilkley,Grass,32,C,,20180624,29,SC77,8,,Sergiy Stakhovsky,R,193,UKR,32.463,140,409,MP01,7,,Michael Mmoh,R,188,USA,20.452,133,425,6-4 7-5,3,SF,87,8,1,61,38,30,12,11,1,2,1,2,68,40,28,15,11,3,6
2018-9005,Ilkley,Grass,32,C,,20180624,30,O449,,,Oscar Otte,R,193,GER,24.939,209,281,KB95,,,Jason Kubler,R,178,AUS,25.098,162,345,6-0 7-5,3,SF,84,2,6,51,28,20,13,9,3,5,2,7,65,43,25,5,9,6,12
2018-9005,Ilkley,Grass,32,C,,20180624,31,SC77,8,,Sergiy Stakhovsky,R,193,UKR,32.463,140,409,O449,,,Oscar Otte,R,193,GER,24.939,209,281,6-4 6-4,3,F,76,6,0,65,43,30,14,10,3,4,6,4,59,36,27,10,10,3,6
2018-3463,Milan,Clay,32,C,,20180625,1,DB63,1,,Laslo Djere,R,188,SRB,23.064,101,568,SH91,,,Jordi Samper-Montana,R,,ESP,28.222,389,108,6-2 5-7 6-1,3,R32,142,1,6,88,45,33,24,13,5,6,1,0,83,49,31,16,14,3,8
2018-3463,Milan,Clay,32,C,,20180625,2,S483,2,,Pedro Sousa,R,180,POR,30.078,135,419,A941,,,Facundo Arguello,R,178,ARG,25.889,252,227,4-6 6-4 6-4,3,R32,147,0,3,105,69,47,19,15,11,14,2,4,94,59,40,17,15,5,9
2018-3463,Milan,Clay,32,C,,20180625,3,SC73,3,,Rogerio Dutra Silva,R,178,BRA,34.385,136,411,M915,,,Daniel Munoz de la Nava,L,175,ESP,36.402,293,182,6-4 6-1,3,R32,87,3,4,56,29,20,14,8,1,2,1,6,57,23,14,14,9,4,9
2018-3463,Milan,Clay,32,C,,20180625,4,D776,,,Thiemo de Bakker,R,193,NED,29.763,289,184,AG37,4,,Felix Auger-Aliassime,R,193,CAN,17.878,151,372,6-2 6-1,3,R32,69,1,1,44,27,18,12,7,1,1,1,7,47,22,14,8,8,1,6
2018-3463,Milan,Clay,32,C,,20180625,5,D985,,,Joao Domingues,R,,POR,24.72,258,218,B884,5,,Carlos Berlocq,R,183,ARG,35.389,173,335,6-7(6) 6-3 6-4,3,R32,174,2,0,117,86,57,14,16,8,11,0,4,108,67,47,14,15,7,12
2018-3463,Milan,Clay,32,C,,20180625,6,KD70,6,,Pedja Krstin,R,183,SRB,23.808,215,273,MO44,,,Pedro Martinez,R,185,ESP,21.164,249,230,7-6(3) 6-0,3,R32,94,5,3,65,39,30,13,9,5,6,2,3,61,43,22,9,9,5,9
2018-3463,Milan,Clay,32,C,,20180625,7,Q948,7,,Gianluigi Quinzi,L,191,ITA,22.396,206,285,CG07,,,Hernan Casanova,R,178,ARG,24.381,281,195,6-4 6-4,3,R32,98,2,1,68,35,23,19,10,5,8,0,1,70,50,27,9,10,9,14
2018-3463,Milan,Clay,32,C,,20180625,8,ML57,,,Gianluca Mager,R,188,ITA,23.565,341,140,KI74,8,,Nicola Kuhn,R,185,GER,18.264,222,256,6-2 6-1,3,R32,58,2,2,47,23,18,15,8,5,6,0,2,42,32,13,3,7,5,10
2018-3463,Milan,Clay,32,C,,20180625,9,A622,,,Andrea Arnaboldi,L,180,ITA,30.494,241,237,GC54,,,Scott Griekspoor,R,188,NED,27.455,216,272,7-6(3) 6-4,3,R32,99,4,1,68,36,26,20,11,4,6,3,3,74,41,29,17,11,3,6
2018-3463,Milan,Clay,32,C,,20180625,10,BK19,,,Mathias Bourgue,R,188,FRA,24.433,331,146,BG72,,,Carlos Boluda-Purkiss,R,173,ESP,25.421,267,208,7-5 5-7 6-1,3,R32,154,7,2,101,60,43,26,16,3,4,1,4,95,51,35,26,15,5,8
2018-3463,Milan,Clay,32,C,,20180625,11,GB53,,,Federico Gaio,R,178,ITA,26.305,269,206,O507,,,Julian Ocleppo,R,191,ITA,20.898,1112,8,6-3 6-0,3,R32,49,3,2,33,16,13,13,7,0,1,3,3,50,37,15,5,8,5,11
2018-3463,Milan,Clay,32,C,,20180625,12,GA79,,,Lorenzo Giustino,R,180,ITA,26.79,266,209,N663,,,Maximilian Neuchrist,R,,AUT,26.927,264,210,6-3 6-2,3,R32,71,7,2,54,29,22,13,9,1,3,4,2,46,27,16,6,8,0,5
2018-3463,Milan,Clay,32,C,,20180625,13,GF95,,,Hugo Grenier,R,196,FRA,22.256,367,121,BV17,,,Riccardo Balzerani,R,185,ITA,19.666,644,42,6-1 6-3,3,R32,72,7,3,57,34,26,13,8,6,6,2,3,57,36,18,9,8,2,6
2018-3463,Milan,Clay,32,C,,20180625,14,MM60,,,Joao Monteiro,R,178,PRT,24.493,288,186,PH64,,,Andrea Pellegrino,R,185,ITA,21.257,330,148,6-2 6-0,3,R32,63,2,2,45,29,24,7,7,4,4,3,3,50,29,15,6,7,5,10
2018-3463,Milan,Clay,32,C,,20180625,15,V824,,,Mario Vilella Martinez,R,178,ESP,22.979,282,194,P09Z,,,Alexei Popyrin,R,196,AUS,18.888,359,125,6-3 6-4,3,R32,76,8,3,49,36,26,4,9,4,7,2,3,59,35,19,9,10,3,9
2018-3463,Milan,Clay,32,C,,20180625,16,Z419,,,Bernabe Zapata Miralles,R,183,ESP,21.448,254,224,BM03,,,Filippo Baldi,R,180,ITA,22.456,302,174,6-3 1-6 6-1,3,R32,96,0,4,78,66,40,5,12,3,7,1,4,75,49,30,10,11,7,12
2018-3463,Milan,Clay,32,C,,20180625,17,DB63,1,,Laslo Djere,R,188,SRB,23.064,101,568,Z419,,,Bernabe Zapata Miralles,R,183,ESP,21.448,254,224,6-4 6-3,3,R16,84,3,3,50,34,25,7,9,3,5,0,1,77,56,31,9,10,5,10
2018-3463,Milan,Clay,32,C,,20180625,18,S483,2,,Pedro Sousa,R,180,POR,30.078,135,419,GB53,,,Federico Gaio,R,178,ITA,26.305,269,206,6-3 6-4,3,R16,74,1,1,79,54,36,13,10,8,9,4,2,45,21,13,14,9,0,3
2018-3463,Milan,Clay,32,C,,20180625,19,SC73,3,,Rogerio Dutra Silva,R,178,BRA,34.385,136,411,GF95,,,Hugo Grenier,R,196,FRA,22.256,367,121,6-4 6-3,3,R16,86,2,2,49,27,20,11,9,1,3,3,3,58,29,13,15,10,3,8
2018-3463,Milan,Clay,32,C,,20180625,20,KD70,6,,Pedja Krstin,R,183,SRB,23.808,215,273,BK19,,,Mathias Bourgue,R,188,FRA,24.433,331,146,6-4 6-4,3,R16,102,3,3,76,48,32,15,10,6,7,5,3,62,34,23,14,10,3,6
2018-3463,Milan,Clay,32,C,,20180625,21,A622,,,Andrea Arnaboldi,L,180,ITA,30.494,241,237,Q948,7,,Gianluigi Quinzi,L,191,ITA,22.396,206,285,7-5 2-6 6-3,3,R16,133,6,4,101,60,35,22,15,3,8,5,2,85,39,24,25,14,2,7
2018-3463,Milan,Clay,32,C,,20180625,22,D776,,,Thiemo de Bakker,R,193,NED,29.763,289,184,V824,,,Mario Vilella Martinez,R,178,ESP,22.979,282,194,6-4 2-6 6-2,3,R16,132,3,0,85,52,40,13,13,6,9,3,4,101,64,43,14,13,6,10
2018-3463,Milan,Clay,32,C,,20180625,23,D985,,,Joao Domingues,R,,POR,24.72,258,218,GA79,,,Lorenzo Giustino,R,180,ITA,26.79,266,209,7-6(4) 6-2,3,R16,95,1,1,58,39,31,13,10,0,1,1,1,61,39,28,8,10,0,3
2018-3463,Milan,Clay,32,C,,20180625,24,ML57,,,Gianluca Mager,R,188,ITA,23.565,341,140,MM60,,,Joao Monteiro,R,178,PRT,24.493,288,186,6-1 6-2,3,R16,60,5,2,43,23,19,8,8,3,5,0,1,43,24,11,4,7,2,8
2018-3463,Milan,Clay,32,C,,20180625,25,DB63,1,,Laslo Djere,R,188,SRB,23.064,101,568,D985,,,Joao Domingues,R,,POR,24.72,258,218,6-4 6-4,3,QF,100,0,1,57,39,25,11,10,1,4,0,0,80,55,29,12,10,5,10
2018-3463,Milan,Clay,32,C,,20180625,26,ML57,,,Gianluca Mager,R,188,ITA,23.565,341,140,S483,2,,Pedro Sousa,R,180,POR,30.078,135,419,7-5 7-5,3,QF,82,6,1,63,37,23,20,12,1,3,2,3,71,44,28,11,12,5,9
2018-3463,Milan,Clay,32,C,,20180625,27,KD70,6,,Pedja Krstin,R,183,SRB,23.808,215,273,SC73,3,,Rogerio Dutra Silva,R,178,BRA,34.385,136,411,6-1 3-2 RET,3,QF,62,0,2,42,22,17,10,6,2,3,1,4,43,28,17,3,6,2,6
2018-3463,Milan,Clay,32,C,,20180625,28,D776,,,Thiemo de Bakker,R,193,NED,29.763,289,184,A622,,,Andrea Arnaboldi,L,180,ITA,30.494,241,237,3-6 6-1 6-4,3,QF,107,8,2,70,40,32,17,13,0,1,3,2,94,49,32,23,13,4,7
2018-3463,Milan,Clay,32,C,,20180625,29,DB63,1,,Laslo Djere,R,188,SRB,23.064,101,568,D776,,,Thiemo de Bakker,R,193,NED,29.763,289,184,7-6(6) 4-6 7-5,3,SF,148,11,3,104,57,41,27,17,3,6,10,1,111,77,54,16,17,7,10
2018-3463,Milan,Clay,32,C,,20180625,30,ML57,,,Gianluca Mager,R,188,ITA,23.565,341,140,KD70,6,,Pedja Krstin,R,183,SRB,23.808,215,273,6-3 6-1,3,SF,56,9,1,41,21,18,14,8,0,0,2,1,55,36,18,9,8,3,7
2018-3463,Milan,Clay,32,C,,20180625,31,DB63,1,,Laslo Djere,R,188,SRB,23.064,101,568,ML57,,,Gianluca Mager,R,188,ITA,23.565,341,140,6-2 6-1,3,F,56,3,0,38,25,18,10,7,0,0,1,4,40,20,12,4,8,1,6
2018-1743,Recanati,Hard,32,C,,20180708,1,BC72,,,Daniel Brands,R,196,GER,30.976,301,173,RB56,1,,Ramkumar Ramanathan,R,188,IND,23.663,140,397,7-6(5) 7-6(8),3,R32,110,12,4,84,54,42,17,12,2,3,14,5,87,48,42,18,12,3,4
2018-1743,Recanati,Hard,32,C,,20180708,2,I305,2,,Ilya Ivashka,R,193,BLR,24.367,124,444,ME89,,,Illya Marchenko,R,185,UKR,30.831,296,177,6-3 6-3,3,R32,60,13,0,44,34,31,6,9,2,2,1,2,46,29,20,7,9,3,6
2018-1743,Recanati,Hard,32,C,,20180708,3,VA08,,,Andrea Vavassori,R,193,ITA,23.176,631,43,HB64,3,,Quentin Halys,R,191,FRA,21.697,132,432,1-6 7-6(5) 6-4,3,R32,115,8,5,90,55,41,18,14,3,6,15,12,99,53,39,26,15,2,4
2018-1743,Recanati,Hard,32,C,,20180708,4,HA71,,,Antoine Hoang,R,183,FRA,22.675,231,249,BK92,4,,Alexander Bublik,R,196,KAZ,21.057,141,392,7-5 6-1,3,R32,83,4,5,56,39,30,7,10,0,1,5,7,67,41,29,7,9,6,10
2018-1743,Recanati,Hard,32,C,,20180708,5,MB53,5,,Adrian Menendez-Maceiras,R,183,ESP,32.693,146,386,MH27,,,Giacomo Miccini,R,185,ITA,26.007,1865,1,6-2 6-1,3,R32,61,7,3,46,30,26,9,8,3,3,2,0,44,27,15,7,7,3,7
2018-1743,Recanati,Hard,32,C,,20180708,6,GB61,6,,Viktor Galovic,R,193,CRO,27.8,180,314,AB17,,,Andres Artunedo Martinavarro,R,183,ESP,24.813,384,111,6-7(5) 6-1 7-6(4),3,R32,149,8,3,115,77,52,25,16,8,10,21,7,106,62,48,19,15,9,13
2018-1743,Recanati,Hard,32,C,,20180708,7,CE25,7,,Salvatore Caruso,R,185,ITA,25.561,191,299,Z272,,,Ze Zhang,R,188,CHN,28.011,248,229,6-4 3-6 7-5,3,R32,133,6,5,87,50,36,17,15,0,4,7,2,99,57,37,23,16,6,11
2018-1743,Recanati,Hard,32,C,,20180708,8,MI01,8,,Hiroki Moriya,R,168,JPN,27.726,213,274,A622,,,Andrea Arnaboldi,L,180,ITA,30.53,229,252,7-6(6) 4-6 6-3,3,R32,147,6,2,98,62,45,19,16,2,5,6,2,100,61,43,20,15,1,4
2018-1743,Recanati,Hard,32,C,,20180708,9,A941,,,Facundo Arguello,R,178,ARG,25.925,265,209,BV24,,,Raul Brancaccio,R,183,ITA,21.177,448,85,6-1 3-6 6-3,3,R32,100,7,1,77,53,40,15,13,4,5,3,6,70,31,21,21,12,6,9
2018-1743,Recanati,Hard,32,C,,20180708,10,GC89,,,Egor Gerasimov,R,196,BLR,25.654,217,267,MO44,,,Pedro Martinez,R,185,ESP,21.199,251,226,6-4 6-4,3,R32,84,12,1,63,36,27,14,10,3,5,1,2,61,37,26,7,10,3,7
2018-1743,Recanati,Hard,32,C,,20180708,11,GA79,,,Lorenzo Giustino,R,180,ITA,26.825,258,214,BH80,,,Andrea Basso,L,185,ITA,24.747,317,159,4-6 6-4 6-4,3,R32,147,10,5,91,64,48,14,15,2,4,9,1,101,58,38,23,15,7,10
2018-1743,Recanati,Hard,32,C,,20180708,12,G753,,,David Guez,R,185,FRA,35.581,288,184,CF88,,,Roberto Cid Subervi,R,193,DOM,24.854,232,248,4-6 7-6(6) 6-2,3,R32,142,4,5,94,50,35,25,15,4,8,5,8,99,51,36,20,15,2,7
2018-1743,Recanati,Hard,32,C,,20180708,13,Q941,,,Roberto Quiroz,L,193,ECU,26.371,235,244,PE02,,,Danilo Petrovic,R,203,SRB,26.453,222,256,6-2 3-6 6-2,3,R32,83,6,2,63,46,35,13,12,0,1,6,0,77,50,30,15,13,3,7
2018-1743,Recanati,Hard,32,C,,20180708,14,R685,,,Lukas Rosol,R,193,CZE,32.956,263,210,GE33,,,Daniel Elahi Galan,R,191,COL,22.053,219,262,6-2 6-4,3,R32,75,6,3,59,34,29,13,9,2,2,11,2,70,45,26,14,9,5,8
2018-1743,Recanati,Hard,32,C,,20180708,15,SF41,,,Aldin Setkic,R,191,BIH,30.546,273,203,BS86,,,Tomas Barrios Vera,R,191,CHI,20.575,351,127,4-6 6-3 6-4,3,R32,133,9,1,93,70,47,8,15,10,14,7,7,89,57,36,14,14,7,12
2018-1743,Recanati,Hard,32,C,,20180708,16,Z419,,,Bernabe Zapata Miralles,R,183,ESP,21.484,260,212,DG80,,,Enrico Dalla Valle,R,196,ITA,20.298,797,24,6-4 6-4,3,R32,82,0,0,63,50,32,11,10,4,5,8,1,61,44,29,5,10,5,8
2018-1743,Recanati,Hard,32,C,,20180708,17,I305,2,,Ilya Ivashka,R,193,BLR,24.367,124,444,GC89,,,Egor Gerasimov,R,196,BLR,25.654,217,267,7-5 6-4,3,R16,97,5,1,68,42,30,16,11,4,5,3,3,80,44,29,17,11,9,12
2018-1743,Recanati,Hard,32,C,,20180708,18,MB53,5,,Adrian Menendez-Maceiras,R,183,ESP,32.693,146,386,SF41,,,Aldin Setkic,R,191,BIH,30.546,273,203,6-2 4-6 6-4,3,R16,147,9,0,82,57,43,14,14,2,4,4,7,92,59,40,15,14,3,7
2018-1743,Recanati,Hard,32,C,,20180708,19,GB61,6,,Viktor Galovic,R,193,CRO,27.8,180,314,G753,,,David Guez,R,185,FRA,35.581,288,184,6-3 6-4,3,R16,70,13,1,61,48,33,8,10,3,4,2,0,56,34,23,9,9,2,5
2018-1743,Recanati,Hard,32,C,,20180708,20,CE25,7,,Salvatore Caruso,R,185,ITA,25.561,191,299,A941,,,Facundo Arguello,R,178,ARG,25.925,265,209,6-4 6-2,3,R16,86,3,3,51,31,27,9,9,1,2,3,2,72,48,27,12,9,4,8
2018-1743,Recanati,Hard,32,C,,20180708,21,MI01,8,,Hiroki Moriya,R,168,JPN,27.726,213,274,R685,,,Lukas Rosol,R,193,CZE,32.956,263,210,4-6 6-4 6-2,3,R16,114,4,2,86,50,37,17,14,6,9,10,2,82,55,41,9,14,3,8
2018-1743,Recanati,Hard,32,C,,20180708,22,BC72,,,Daniel Brands,R,196,GER,30.976,301,173,Z419,,,Bernabe Zapata Miralles,R,183,ESP,21.484,260,212,6-4 7-5,3,R16,73,9,1,51,36,32,12,11,0,0,7,2,88,56,33,19,11,6,8
2018-1743,Recanati,Hard,32,C,,20180708,23,GA79,,,Lorenzo Giustino,R,180,ITA,26.825,258,214,HA71,,,Antoine Hoang,R,183,FRA,22.675,231,249,6-3 6-7(2) 6-0,3,R16,126,3,3,79,41,33,23,14,2,3,4,8,82,50,33,14,13,4,9
2018-1743,Recanati,Hard,32,C,,20180708,24,Q941,,,Roberto Quiroz,L,193,ECU,26.371,235,244,VA08,,,Andrea Vavassori,R,193,ITA,23.176,631,43,6-4 6-3,3,R16,68,4,3,70,47,34,14,10,4,4,1,1,50,38,26,6,9,0,2
2018-1743,Recanati,Hard,32,C,,20180708,25,GB61,6,,Viktor Galovic,R,193,CRO,27.8,180,314,I305,2,,Ilya Ivashka,R,193,BLR,24.367,124,444,7-5 6-4,3,QF,90,11,1,70,46,40,10,11,3,3,3,1,71,40,26,21,11,3,5
2018-1743,Recanati,Hard,32,C,,20180708,26,MB53,5,,Adrian Menendez-Maceiras,R,183,ESP,32.693,146,386,GA79,,,Lorenzo Giustino,R,180,ITA,26.825,258,214,6-4 6-2,3,QF,77,2,0,56,41,32,6,9,4,5,5,0,51,35,20,9,9,2,6
2018-1743,Recanati,Hard,32,C,,20180708,27,BC72,,,Daniel Brands,R,196,GER,30.976,301,173,CE25,7,,Salvatore Caruso,R,185,ITA,25.561,191,299,6-4 7-6(7),3,QF,99,10,4,65,45,36,11,11,1,2,6,1,88,60,39,16,11,4,6
2018-1743,Recanati,Hard,32,C,,20180708,28,Q941,,,Roberto Quiroz,L,193,ECU,26.371,235,244,MI01,8,,Hiroki Moriya,R,168,JPN,27.726,213,274,6-4 6-2,3,QF,69,2,3,53,33,26,14,9,0,0,2,4,56,35,24,10,9,6,9
2018-1743,Recanati,Hard,32,C,,20180708,29,MB53,5,,Adrian Menendez-Maceiras,R,183,ESP,32.693,146,386,GB61,6,,Viktor Galovic,R,193,CRO,27.8,180,314,6-1 6-2,3,SF,66,7,1,40,28,23,8,7,4,4,6,0,60,33,20,9,8,4,9
2018-1743,Recanati,Hard,32,C,,20180708,30,BC72,,,Daniel Brands,R,196,GER,30.976,301,173,Q941,,,Roberto Quiroz,L,193,ECU,26.371,235,244,6-0 6-3,3,SF,52,5,3,46,31,25,8,8,1,1,1,3,45,29,17,5,7,2,6
2018-1743,Recanati,Hard,32,C,,20180708,31,BC72,,,Daniel Brands,R,196,GER,30.976,301,173,MB53,5,,Adrian Menendez-Maceiras,R,183,ESP,32.693,146,386,7-5 6-3,3,F,82,11,1,58,40,37,8,11,0,0,4,0,58,40,25,13,10,1,3
2018-6156,Marburg,Clay,32,C,,20180708,1,Z254,1,,Jurgen Zopp,R,191,EST,30.275,107,525,G676,,,Daniel Gimeno-Traver,R,183,ESP,32.917,197,294,6-4 6-1,3,R32,84,0,3,59,32,24,14,9,2,3,0,7,60,32,21,10,8,5,9
2018-6156,Marburg,Clay,32,C,,20180708,2,M0AC,,,Rudolf Molleker,R,188,GER,17.697,283,189,H997,2,,Yannick Hanfmann,R,193,GER,26.65,111,488,4-6 7-6(4) 6-4,3,R32,137,5,9,125,74,52,25,16,10,13,15,3,88,55,37,19,16,0,3
2018-6156,Marburg,Clay,32,C,,20180708,3,DA31,3,,Hugo Dellien,R,180,BOL,25.06,120,457,LC11,,,Tristan Lamasine,R,183,FRA,25.342,420,93,6-2 6-2,3,R32,75,4,1,52,41,30,5,8,2,3,1,2,53,33,17,8,8,2,7
2018-6156,Marburg,Clay,32,C,,20180708,4,MJ08,4,,Thiago Monteiro,L,183,BRA,24.104,130,434,ML57,,,Gianluca Mager,R,188,ITA,23.6,298,176,3-6 6-2 6-2,3,R32,113,1,5,76,48,36,10,12,6,9,1,5,83,37,24,19,13,9,15
2018-6156,Marburg,Clay,32,C,,20180708,5,S483,5,,Pedro Sousa,R,180,POR,30.114,131,434,SP80,,,Nino Serdarusic,R,191,CRO,21.566,193,298,6-4 6-1,3,R32,63,1,0,43,33,25,6,8,0,1,2,3,55,31,18,8,9,6,11
2018-6156,Marburg,Clay,32,C,,20180708,6,SJ22,,,Gleb Sakharov,R,185,FRA,30.075,236,244,SC73,6,,Rogerio Dutra Silva,R,178,BRA,34.42,135,414,6-4 6-4,3,R32,89,3,1,58,29,23,18,10,2,3,1,3,64,38,26,12,10,5,8
2018-6156,Marburg,Clay,32,C,,20180708,7,V717,7,,Alexey Vatutin,R,178,RUS,25.695,136,410,RH62,,,Mats Rosenkranz,L,193,GER,19.874,943,14,7-5 6-4,3,R32,88,3,6,72,50,39,10,11,4,5,5,10,81,43,30,17,11,6,9
2018-6156,Marburg,Clay,32,C,,20180708,8,L949,8,,Henri Laaksonen,R,185,SUI,26.27,142,391,LB66,,,Constant Lestienne,R,180,FRA,26.125,225,255,6-4 6-7(2) 6-3,3,R32,128,9,7,98,57,44,21,16,2,5,1,3,92,52,35,21,15,3,8
2018-6156,Marburg,Clay,32,C,,20180708,9,AG37,,,Felix Auger-Aliassime,R,193,CAN,17.914,152,372,DA13,,,Dragos Dima,R,180,ROU,26.059,385,111,6-3 4-6 6-4,3,R32,145,5,6,87,57,41,19,15,4,6,0,1,113,80,51,14,14,11,14
2018-6156,Marburg,Clay,32,C,,20180708,10,BD20,,,Thomaz Bellucci,L,188,BRA,30.522,274,201,HG86,,,Lloyd Harris,R,193,RSA,21.366,221,257,6-7(8) 6-4 6-4,3,R32,182,3,4,119,72,50,28,16,7,8,9,6,115,73,54,19,16,7,10
2018-6156,Marburg,Clay,32,C,,20180708,11,BT68,,,Elliot Benchetrit,R,193,MAR,19.765,321,155,O408,,,Ricardo Ojeda Lara,R,178,ESP,25.446,196,296,6-4 6-4,3,R32,93,5,2,63,30,23,16,10,3,5,0,1,69,41,27,12,10,4,8
2018-6156,Marburg,Clay,32,C,,20180708,12,B884,,,Carlos Berlocq,R,183,ARG,35.425,179,315,MJ71,,,Mats Moraing,L,198,GER,26.048,156,365,6-4 6-2,3,R32,70,4,2,48,35,27,8,9,4,5,2,4,53,32,21,8,9,3,7
2018-6156,Marburg,Clay,32,C,,20180708,13,LB51,,,Julian Lenz,R,188,GER,25.385,689,35,O513,,,Sebastian Ofner,R,191,AUT,22.155,143,390,6-1 7-6(4),3,R32,79,3,1,68,44,30,13,10,2,4,4,3,59,40,23,9,9,3,7
2018-6156,Marburg,Clay,32,C,,20180708,14,LB84,,,Juan Ignacio Londero,R,180,ARG,24.895,170,339,BA65,,,Dustin Brown,R,196,JAM,33.58,207,282,6-3 6-4,3,R32,68,0,0,47,33,25,11,9,0,0,4,8,68,39,26,14,10,2,5
2018-6156,Marburg,Clay,32,C,,20180708,15,MF35,,,Andrej Martin,R,183,SVK,28.797,164,348,PG94,,,Marc Polmans,R,188,AUS,21.183,174,326,6-3 6-3,3,R32,109,2,1,64,41,27,13,9,3,4,0,3,66,43,24,12,9,3,7
2018-6156,Marburg,Clay,32,C,,20180708,16,O449,,,Oscar Otte,R,193,GER,24.977,166,346,HG94,,,Benjamin Hassan,R,183,LBN,23.422,390,108,6-0 6-4,3,R32,71,5,2,57,33,25,13,8,4,4,1,6,59,29,20,11,8,5,9
2018-6156,Marburg,Clay,32,C,,20180708,17,LB84,,,Juan Ignacio Londero,R,180,ARG,24.895,170,339,Z254,1,,Jurgen Zopp,R,191,EST,30.275,107,525,6-4 6-2,3,R16,65,7,0,45,35,27,6,9,0,1,10,5,61,37,25,8,9,3,7
2018-6156,Marburg,Clay,32,C,,20180708,18,DA31,3,,Hugo Dellien,R,180,BOL,25.06,120,457,BD20,,,Thomaz Bellucci,L,188,BRA,30.522,274,201,3-6 6-3 7-6(6),3,R16,139,2,2,96,66,42,23,15,7,10,9,2,107,71,45,23,15,5,8
2018-6156,Marburg,Clay,32,C,,20180708,19,O449,,,Oscar Otte,R,193,GER,24.977,166,346,MJ08,4,,Thiago Monteiro,L,183,BRA,24.104,130,434,6-3 1-6 6-3,3,R16,105,8,2,76,41,30,17,13,2,5,5,3,70,52,33,9,12,0,3
2018-6156,Marburg,Clay,32,C,,20180708,20,MF35,,,Andrej Martin,R,183,SVK,28.797,164,348,S483,5,,Pedro Sousa,R,180,POR,30.114,131,434,7-6(5) 3-6 6-3,3,R16,123,8,1,92,63,42,20,15,3,6,1,1,100,77,53,10,15,3,6
2018-6156,Marburg,Clay,32,C,,20180708,21,B884,,,Carlos Berlocq,R,183,ARG,35.425,179,315,V717,7,,Alexey Vatutin,R,178,RUS,25.695,136,410,6-3 4-6 7-5,3,R16,156,1,3,106,74,48,17,16,6,10,0,7,82,56,37,12,15,4,9
2018-6156,Marburg,Clay,32,C,,20180708,22,AG37,,,Felix Auger-Aliassime,R,193,CAN,17.914,152,372,L949,8,,Henri Laaksonen,R,185,SUI,26.27,142,391,6-3 7-6(5),3,R16,102,4,6,83,57,42,14,11,12,13,7,5,61,38,29,12,10,1,3
2018-6156,Marburg,Clay,32,C,,20180708,23,BT68,,,Elliot Benchetrit,R,193,MAR,19.765,321,155,SJ22,,,Gleb Sakharov,R,185,FRA,30.075,236,244,6-3 6-0,3,R16,65,7,1,50,32,23,9,8,2,3,1,3,44,27,10,8,7,6,11
2018-6156,Marburg,Clay,32,C,,20180708,24,LB51,,,Julian Lenz,R,188,GER,25.385,689,35,M0AC,,,Rudolf Molleker,R,188,GER,17.697,283,189,3-6 6-3 7-6(4),3,R16,105,19,3,90,55,48,20,15,3,4,7,5,82,51,42,19,15,0,1
2018-6156,Marburg,Clay,32,C,,20180708,25,DA31,3,,Hugo Dellien,R,180,BOL,25.06,120,457,MF35,,,Andrej Martin,R,183,SVK,28.797,164,348,6-2 6-1,3,QF,62,0,1,59,46,29,9,8,5,6,1,0,37,22,6,9,7,2,7
2018-6156,Marburg,Clay,32,C,,20180708,26,AG37,,,Felix Auger-Aliassime,R,193,CAN,17.914,152,372,O449,,,Oscar Otte,R,193,GER,24.977,166,346,6-4 7-5,3,QF,98,4,3,71,49,33,11,11,3,5,2,2,74,48,35,6,11,5,9
2018-6156,Marburg,Clay,32,C,,20180708,27,LB51,,,Julian Lenz,R,188,GER,25.385,689,35,BT68,,,Elliot Benchetrit,R,193,MAR,19.765,321,155,6-4 7-5,3,QF,106,4,5,80,45,32,20,11,8,9,4,1,65,37,26,14,11,4,7
2018-6156,Marburg,Clay,32,C,,20180708,28,LB84,,,Juan Ignacio Londero,R,180,ARG,24.895,170,339,B884,,,Carlos Berlocq,R,183,ARG,35.425,179,315,6-1 6-4,3,QF,71,4,0,40,30,22,8,8,0,1,0,0,61,53,27,3,9,2,7
2018-6156,Marburg,Clay,32,C,,20180708,29,DA31,3,,Hugo Dellien,R,180,BOL,25.06,120,457,LB51,,,Julian Lenz,R,188,GER,25.385,689,35,6-3 6-3,3,SF,65,4,0,43,35,30,7,9,0,0,5,3,58,39,23,11,9,3,6
2018-6156,Marburg,Clay,32,C,,20180708,30,LB84,,,Juan Ignacio Londero,R,180,ARG,24.895,170,339,AG37,,,Felix Auger-Aliassime,R,193,CAN,17.914,152,372,7-5 1-6 6-1,3,SF,112,5,4,83,49,37,16,13,2,4,5,4,71,47,32,14,13,5,8
2018-6156,Marburg,Clay,32,C,,20180708,31,LB84,,,Juan Ignacio Londero,R,180,ARG,24.895,170,339,DA31,3,,Hugo Dellien,R,180,BOL,25.06,120,457,3-6 7-5 6-4,3,F,132,1,1,98,50,32,24,15,9,14,4,3,91,62,38,13,16,5,11
2018-228,Winnetka,Hard,32,C,,20180714,1,PL56,,,Tommy Paul,R,185,USA,21.158,195,296,SF62,1,,Tim Smyczek,R,175,USA,30.538,113,474,1-6 7-6(7) 6-4,3,R32,133,4,10,97,49,30,20,14,6,13,3,5,94,43,27,23,15,3,9
2018-228,Winnetka,Hard,32,C,,20180714,2,AB71,,,JC Aragone,R,178,USA,23.044,326,152,F811,2,,Bjorn Fratangelo,R,183,USA,24.986,129,435,7-6(3) 6-2,3,R32,78,5,1,69,40,28,17,10,0,1,5,6,62,32,26,10,10,0,3
2018-228,Winnetka,Hard,32,C,,20180714,3,KD87,,,Evgeny Karlovskiy,R,191,RUS,23.934,355,126,RB56,3,,Ramkumar Ramanathan,R,188,IND,23.68,140,397,6-0 6-4,3,R32,67,6,0,41,24,20,12,8,0,0,4,3,64,22,13,20,8,5,9
2018-228,Winnetka,Hard,32,C,,20180714,4,J380,4,,Jason Jung,R,180,TPE,29.079,155,366,KD35,,,Thai-Son Kwiatkowski,R,188,USA,23.414,397,101,6-3 6-4,3,R32,82,5,6,73,39,30,17,10,5,7,2,2,65,34,19,14,9,4,8
2018-228,Winnetka,Hard,32,C,,20180714,5,KC86,5,,Darian King,R,188,BAR,26.215,160,357,Y124,,,Donald Young,L,183,USA,28.975,210,279,6-3 5-7 6-1,3,R32,120,0,4,87,53,34,21,14,5,8,3,8,93,40,22,26,14,8,14
2018-228,Winnetka,Hard,32,C,,20180714,6,J439,,,Tom Jomby,R,198,FRA,27.4,501,70,O522,6,,Reilly Opelka,R,211,USA,20.876,161,357,6-4 6-2,3,R32,63,6,2,49,24,22,16,9,1,1,11,6,60,35,24,10,9,4,7
2018-228,Winnetka,Hard,32,C,,20180714,7,KB14,7,,Kevin King,L,191,USA,27.373,172,332,SL07,,,Alexander Sarkissian,R,191,USA,28.279,307,168,2-6 6-3 6-4,3,R32,110,2,13,93,56,38,13,14,7,12,0,3,75,47,30,12,13,4,9
2018-228,Winnetka,Hard,32,C,,20180714,8,SK47,8,,Mohamed Safwat,R,180,EGY,27.817,175,325,CN78,,,Lucas Catarina,R,185,MON,21.881,354,127,6-2 6-4,3,R32,72,4,0,57,33,27,13,9,3,3,1,3,52,29,17,14,9,1,4
2018-228,Winnetka,Hard,32,C,,20180714,9,AC84,,,Collin Altamirano,R,188,USA,22.601,490,72,KA00,,,Austin Krajicek,L,188,USA,28.077,366,119,7-5 7-5,3,R32,102,13,4,81,52,40,14,12,7,8,5,6,89,57,41,12,12,10,13
2018-228,Winnetka,Hard,32,C,,20180714,10,E873,,,Ernesto Escobedo,R,185,MEX,22.026,205,284,J607,,,Martin Joyce,R,191,USA,21.755,1111,7,3-6 7-6(1) 6-3,3,R32,130,15,7,100,46,37,29,16,5,8,16,10,107,54,45,19,14,8,10
2018-228,Winnetka,Hard,32,C,,20180714,11,E865,,,Christopher Eubanks,R,201,USA,22.19,212,276,RC93,,,Martin Redlicki,L,196,USA,22.888,728,30,7-5 7-5,3,R32,69,16,1,54,42,37,11,12,0,0,12,4,78,50,37,13,12,9,11
2018-228,Winnetka,Hard,32,C,,20180714,12,F974,,,Tom Fawcett,R,196,USA,22.738,764,27,SM88,,,Karue Sell,R,183,BRA,24.665,379,113,3-6 6-4 7-6(4),3,R32,123,10,9,119,66,48,22,16,8,12,2,3,94,51,36,22,15,0,3
2018-228,Winnetka,Hard,32,C,,20180714,13,KA22,,,Dayne Kelly,R,,AUS,27.975,393,105,T0A8,,,Danny Thomas,L,183,USA,18.642,763,27,4-6 6-3 7-5,3,R32,118,6,3,88,48,36,26,16,3,5,9,6,81,43,35,21,15,3,6
2018-228,Winnetka,Hard,32,C,,20180714,14,KB37,,,Evan King,L,185,USA,26.303,194,297,I327,,,Guy Orly Iradukunda,R,191,BDI,22.313,1081,8,7-5 6-2,3,R32,68,7,2,57,32,24,17,10,0,0,1,4,69,45,31,9,10,5,8
2018-228,Winnetka,Hard,32,C,,20180714,15,KC12,,,Mitchell Krueger,R,188,USA,24.501,220,258,GC88,,,Marcos Giron,R,180,USA,24.972,368,118,4-6 6-1 6-2,3,R32,123,2,2,84,46,30,23,13,9,11,8,3,95,59,35,16,12,13,18
2018-228,Winnetka,Hard,32,C,,20180714,16,MG84,,,Nicolas Meister,R,180,USA,29.164,1168,6,DF88,,,Aziz Dougaz,L,188,TUN,21.3,676,37,6-7(5) 6-1 7-5,3,R32,155,2,0,100,78,53,14,16,2,4,2,8,106,57,39,24,15,6,11
2018-228,Winnetka,Hard,32,C,,20180714,17,J380,4,,Jason Jung,R,180,TPE,29.079,155,366,E865,,,Christopher Eubanks,R,201,USA,22.19,212,276,6-3 6-7(5) 6-4,3,R16,96,8,3,86,58,49,16,15,1,1,16,10,99,59,47,18,16,2,5
2018-228,Winnetka,Hard,32,C,,20180714,18,AC84,,,Collin Altamirano,R,188,USA,22.601,490,72,KC86,5,,Darian King,R,188,BAR,26.215,160,357,7-5 7-6(2),3,R16,113,7,4,86,50,32,21,12,4,6,2,2,73,46,31,13,12,6,9
2018-228,Winnetka,Hard,32,C,,20180714,19,KA22,,,Dayne Kelly,R,,AUS,27.975,393,105,KB14,7,,Kevin King,L,191,USA,27.373,172,332,6-4 6-1,3,R16,74,5,2,45,21,14,16,8,1,2,3,3,56,31,15,10,9,4,9
2018-228,Winnetka,Hard,32,C,,20180714,20,SK47,8,,Mohamed Safwat,R,180,EGY,27.817,175,325,MG84,,,Nicolas Meister,R,180,USA,29.164,1168,6,7-6(4) 6-4,3,R16,132,4,4,93,52,34,21,11,7,10,0,0,74,57,34,8,11,2,6
2018-228,Winnetka,Hard,32,C,,20180714,21,J439,,,Tom Jomby,R,198,FRA,27.4,501,70,F974,,,Tom Fawcett,R,196,USA,22.738,764,27,6-1 2-6 6-4,3,R16,99,6,9,102,54,37,22,13,11,14,4,5,72,39,29,14,12,3,7
2018-228,Winnetka,Hard,32,C,,20180714,22,KD87,,,Evgeny Karlovskiy,R,191,RUS,23.934,355,126,E873,,,Ernesto Escobedo,R,185,MEX,22.026,205,284,6-2 6-1,3,R16,60,12,2,42,22,19,12,7,4,4,4,2,57,23,10,16,8,4,9
2018-228,Winnetka,Hard,32,C,,20180714,23,KC12,,,Mitchell Krueger,R,188,USA,24.501,220,258,AB71,,,JC Aragone,R,178,USA,23.044,326,152,7-6(3) 4-6 6-0,3,R16,131,3,4,86,51,36,23,14,5,7,8,1,92,59,36,18,14,5,9
2018-228,Winnetka,Hard,32,C,,20180714,24,PL56,,,Tommy Paul,R,185,USA,21.158,195,296,KB37,,,Evan King,L,185,USA,26.303,194,297,6-1 6-2,3,R16,58,3,0,40,22,18,12,7,0,0,3,4,56,37,19,5,8,8,13
2018-228,Winnetka,Hard,32,C,,20180714,25,J380,4,,Jason Jung,R,180,TPE,29.079,155,366,SK47,8,,Mohamed Safwat,R,180,EGY,27.817,175,325,6-2 3-6 6-3,3,QF,107,4,2,86,56,42,15,13,6,7,6,5,90,56,40,14,13,9,12
2018-228,Winnetka,Hard,32,C,,20180714,26,AC84,,,Collin Altamirano,R,188,USA,22.601,490,72,KC12,,,Mitchell Krueger,R,188,USA,24.501,220,258,6-4 6-4,3,QF,87,7,2,52,34,26,9,10,2,4,3,3,67,46,29,8,10,4,8
2018-228,Winnetka,Hard,32,C,,20180714,27,KD87,,,Evgeny Karlovskiy,R,191,RUS,23.934,355,126,J439,,,Tom Jomby,R,198,FRA,27.4,501,70,3-6 6-4 6-1,3,QF,93,8,2,66,41,37,13,13,0,1,7,2,77,41,26,21,13,1,4
2018-228,Winnetka,Hard,32,C,,20180714,28,KA22,,,Dayne Kelly,R,,AUS,27.975,393,105,PL56,,,Tommy Paul,R,185,USA,21.158,195,296,1-6 7-6(5) 6-2,3,QF,131,7,8,101,60,45,18,14,5,8,1,3,101,63,42,22,13,3,5
2018-228,Winnetka,Hard,32,C,,20180714,29,J380,4,,Jason Jung,R,180,TPE,29.079,155,366,AC84,,,Collin Altamirano,R,188,USA,22.601,490,72,6-2 6-2,3,SF,59,3,3,50,28,22,11,8,0,1,1,0,45,25,13,6,8,2,7
2018-228,Winnetka,Hard,32,C,,20180714,30,KD87,,,Evgeny Karlovskiy,R,191,RUS,23.934,355,126,KA22,,,Dayne Kelly,R,,AUS,27.975,393,105,6-4 6-2,3,SF,73,7,2,50,33,28,10,9,1,1,6,7,61,32,22,12,9,3,6
2018-228,Winnetka,Hard,32,C,,20180714,31,KD87,,,Evgeny Karlovskiy,R,191,RUS,23.934,355,126,J380,4,,Jason Jung,R,180,TPE,29.079,155,366,6-3 6-2,3,F,71,4,0,44,31,27,7,8,3,3,5,3,66,37,26,10,9,10,14
2018-526,Braunschweig,Clay,32,C,,20180714,1,C882,1,,Pablo Cuevas,R,180,URU,32.531,76,735,J620,,,Maxime Janvier,R,196,FRA,21.736,335,142,6-3 7-6(4),3,R32,87,3,3,58,37,28,15,10,0,0,2,3,73,40,32,12,11,3,5
2018-526,Braunschweig,Clay,32,C,,20180714,2,CF59,2,,Roberto Carballes Baena,R,183,ESP,25.309,79,729,RH16,,,Casper Ruud,R,183,NOR,19.559,144,388,6-2 5-7 7-6(3),3,R32,156,2,2,110,81,53,11,16,3,7,5,3,96,58,39,15,16,2,7
2018-526,Braunschweig,Clay,32,C,,20180714,3,SK67,,,Jan Satral,R,185,CZE,27.973,460,81,MU94,3,,Jaume Munar,R,183,ESP,21.191,89,654,6-4 2-6 6-3,3,R32,116,3,1,82,48,29,20,14,3,7,1,1,81,63,39,8,13,3,7
2018-526,Braunschweig,Clay,32,C,,20180714,4,D981,,,Arthur De Greef,R,183,BEL,26.297,254,220,MB02,4,,Florian Mayer,R,191,GER,34.773,91,646,7-6(1) 2-6 6-2,3,R32,119,2,1,101,57,36,25,14,6,10,1,5,90,41,23,27,14,4,8
2018-526,Braunschweig,Clay,32,C,,20180714,5,Z254,6,,Jurgen Zopp,R,191,EST,30.292,107,525,M0AC,,,Rudolf Molleker,R,188,GER,17.714,283,189,5-7 6-3 6-4,3,R32,127,6,8,114,53,41,29,16,8,11,1,5,95,48,31,28,15,5,9
2018-526,Braunschweig,Clay,32,C,,20180714,6,H997,7,,Yannick Hanfmann,R,193,GER,26.667,111,488,KI74,,,Nicola Kuhn,R,185,GER,18.316,230,250,6-1 6-3,3,R32,59,2,2,43,28,20,10,8,2,3,1,1,58,44,18,7,8,8,13
2018-526,Braunschweig,Clay,32,C,,20180714,7,CC98,,,Martin Cuevas,R,191,URU,26.497,285,187,K966,8,,Martin Klizan,L,191,SVK,29.008,115,469,3-6 6-0 6-4,3,R32,124,5,4,90,53,36,16,12,9,12,1,8,83,49,31,14,13,3,9
2018-526,Braunschweig,Clay,32,C,,20180714,8,KC04,9,,Jozef Kovalik,R,183,SVK,25.689,117,467,Q941,,,Roberto Quiroz,L,193,ECU,26.387,235,244,6-1 6-0,3,R32,57,3,0,45,34,26,6,7,3,3,0,5,49,26,11,9,6,4,9
2018-526,Braunschweig,Clay,32,C,,20180714,9,A622,,,Andrea Arnaboldi,L,180,ITA,30.546,229,252,O513,,,Sebastian Ofner,R,191,AUT,22.171,143,390,7-5 4-6 7-5,3,R32,199,2,1,107,73,43,19,17,4,10,8,7,141,84,52,22,17,19,26
2018-526,Braunschweig,Clay,32,C,,20180714,10,BA65,,,Dustin Brown,R,196,JAM,33.596,207,282,GB61,,,Viktor Galovic,R,193,CRO,27.817,180,314,6-3 7-6(2),3,R32,90,9,5,78,40,33,20,11,7,8,6,3,81,43,33,14,10,7,9
2018-526,Braunschweig,Clay,32,C,,20180714,11,DA31,,,Hugo Dellien,R,180,BOL,25.076,120,457,K839,,,Tobias Kamke,R,178,GER,32.148,227,253,6-1 6-3,3,R32,73,3,1,54,37,26,9,8,3,4,0,2,53,28,15,10,8,7,12
2018-526,Braunschweig,Clay,32,C,,20180714,12,SC73,,,Rogerio Dutra Silva,R,178,BRA,34.437,135,414,V717,,,Alexey Vatutin,R,178,RUS,25.711,136,410,7-6(8) 7-5,3,R32,135,3,4,96,59,37,17,12,6,11,0,5,118,74,42,19,12,9,15
2018-526,Braunschweig,Clay,32,C,,20180714,13,MH16,,,Yannick Maden,R,185,GER,28.709,134,424,BD20,,,Thomaz Bellucci,L,188,BRA,30.538,274,201,6-3 6-4,3,R32,87,1,0,63,38,26,15,10,1,3,2,2,52,36,22,6,9,4,8
2018-526,Braunschweig,Clay,32,C,,20180714,14,MN20,,,Daniel Masur,R,183,GER,23.685,373,117,TA12,,,Stefano Travaglia,R,185,ITA,26.543,137,409,6-4 7-5,3,R32,88,2,8,61,31,25,17,11,1,3,5,6,82,44,27,18,11,9,13
2018-526,Braunschweig,Clay,32,C,,20180714,15,MJ71,,,Mats Moraing,L,198,GER,26.064,156,365,CG33,,,Kimmer Coppejans,R,178,BEL,24.43,365,120,6-2 6-1,3,R32,68,6,2,49,30,23,10,7,1,1,2,1,54,37,18,6,8,6,11
2018-526,Braunschweig,Clay,32,C,,20180714,16,N661,,,Marvin Netuschil,R,183,GER,27.034,561,56,DA13,,,Dragos Dima,R,180,ROU,26.075,385,111,6-3 6-1,3,R32,67,2,0,50,43,29,4,8,5,6,0,1,50,38,19,4,8,2,7
2018-526,Braunschweig,Clay,32,C,,20180714,17,C882,1,,Pablo Cuevas,R,180,URU,32.531,76,735,N661,,,Marvin Netuschil,R,183,GER,27.034,561,56,6-3 6-3,3,R16,97,5,5,80,45,28,20,9,12,14,1,2,58,45,22,5,9,4,9
2018-526,Braunschweig,Clay,32,C,,20180714,18,CF59,2,,Roberto Carballes Baena,R,183,ESP,25.309,79,729,MH16,,,Yannick Maden,R,185,GER,28.709,134,424,4-6 6-2 7-5,3,R16,156,8,1,103,78,49,14,15,7,10,4,4,98,49,36,21,15,3,8
2018-526,Braunschweig,Clay,32,C,,20180714,19,DA31,,,Hugo Dellien,R,180,BOL,25.076,120,457,Z254,6,,Jurgen Zopp,R,191,EST,30.292,107,525,6-2 3-6 6-1,3,R16,106,2,1,80,66,46,7,12,7,8,4,1,79,52,34,12,12,6,10
2018-526,Braunschweig,Clay,32,C,,20180714,20,H997,7,,Yannick Hanfmann,R,193,GER,26.667,111,488,BA65,,,Dustin Brown,R,196,JAM,33.596,207,282,3-6 7-6(5) 6-2,3,R16,104,10,1,94,66,39,18,14,6,10,5,3,90,50,35,19,15,4,9
2018-526,Braunschweig,Clay,32,C,,20180714,21,KC04,9,,Jozef Kovalik,R,183,SVK,25.689,117,467,MN20,,,Daniel Masur,R,183,GER,23.685,373,117,6-2 6-2,3,R16,60,4,2,43,26,23,9,8,0,0,1,4,52,32,20,5,8,3,7
2018-526,Braunschweig,Clay,32,C,,20180714,22,A622,,,Andrea Arnaboldi,L,180,ITA,30.546,229,252,SK67,,,Jan Satral,R,185,CZE,27.973,460,81,6-4 4-6 6-4,3,R16,137,3,1,101,60,39,23,15,5,8,4,2,84,48,32,18,15,4,8
2018-526,Braunschweig,Clay,32,C,,20180714,23,D981,,,Arthur De Greef,R,183,BEL,26.297,254,220,SC73,,,Rogerio Dutra Silva,R,178,BRA,34.437,135,414,6-4 7-6(5),3,R16,120,7,3,78,43,33,20,11,5,6,0,6,89,48,30,24,11,9,11
2018-526,Braunschweig,Clay,32,C,,20180714,24,MJ71,,,Mats Moraing,L,198,GER,26.064,156,365,CC98,,,Martin Cuevas,R,191,URU,26.497,285,187,6-4 2-6 6-4,3,R16,109,8,5,79,44,35,16,14,3,5,5,4,88,55,34,22,14,6,8
2018-526,Braunschweig,Clay,32,C,,20180714,25,KC04,9,,Jozef Kovalik,R,183,SVK,25.689,117,467,C882,1,,Pablo Cuevas,R,180,URU,32.531,76,735,7-6(1) 6-3,3,QF,116,2,0,68,36,25,19,10,7,9,3,2,71,40,26,13,11,1,5
2018-526,Braunschweig,Clay,32,C,,20180714,26,H997,7,,Yannick Hanfmann,R,193,GER,26.667,111,488,CF59,2,,Roberto Carballes Baena,R,183,ESP,25.309,79,729,4-6 6-4 6-2,3,QF,141,6,3,71,47,35,14,14,0,2,4,4,117,77,43,24,14,6,10
2018-526,Braunschweig,Clay,32,C,,20180714,27,A622,,,Andrea Arnaboldi,L,180,ITA,30.546,229,252,MJ71,,,Mats Moraing,L,198,GER,26.064,156,365,6-2 RET,3,QF,35,0,0,29,14,6,9,4,2,4,1,2,22,13,3,2,4,0,4
2018-526,Braunschweig,Clay,32,C,,20180714,28,D981,,,Arthur De Greef,R,183,BEL,26.297,254,220,DA31,,,Hugo Dellien,R,180,BOL,25.076,120,457,6-4 6-1,3,QF,77,5,1,52,28,19,15,8,5,6,0,3,71,57,29,5,9,7,12
2018-526,Braunschweig,Clay,32,C,,20180714,29,H997,7,,Yannick Hanfmann,R,193,GER,26.667,111,488,A622,,,Andrea Arnaboldi,L,180,ITA,30.546,229,252,6-4 6-2,3,SF,79,5,2,56,35,25,12,9,2,3,2,3,60,29,17,14,9,5,9
2018-526,Braunschweig,Clay,32,C,,20180714,30,KC04,9,,Jozef Kovalik,R,183,SVK,25.689,117,467,D981,,,Arthur De Greef,R,183,BEL,26.297,254,220,6-2 6-3,3,SF,103,2,1,48,23,17,13,8,1,3,0,3,81,33,23,14,9,11,17
2018-526,Braunschweig,Clay,32,C,,20180714,31,H997,7,,Yannick Hanfmann,R,193,GER,26.667,111,488,KC04,9,,Jozef Kovalik,R,183,SVK,25.689,117,467,6-2 3-6 6-3,3,F,122,4,3,82,50,35,20,13,5,6,3,1,93,50,33,22,13,6,9
2018-7540,Bastad,Clay,32,C,,20180714,1,A887,1,,Guido Andreozzi,R,183,ARG,26.94,105,535,CC66,,,Andrea Collarini,L,183,ARG,26.45,266,209,2-6 6-4 6-2,3,R32,115,5,3,75,47,34,15,13,1,4,4,3,74,51,33,10,13,4,8
2018-7540,Bastad,Clay,32,C,,20180714,2,LB84,,,Juan Ignacio Londero,R,180,ARG,24.912,170,339,Y218,2,,Elias Ymer,R,185,SWE,22.259,108,521,6-1 6-4,3,R32,69,1,1,58,30,20,20,9,2,3,4,2,50,28,17,8,8,4,8
2018-7540,Bastad,Clay,32,C,,20180714,3,MW02,3,,Corentin Moutet,L,180,FRA,19.236,125,440,Z272,,,Ze Zhang,R,188,CHN,28.027,248,229,6-2 6-4,3,R32,73,3,3,49,29,23,14,9,2,2,1,3,81,57,34,11,9,6,9
2018-7540,Bastad,Clay,32,C,,20180714,4,MJ08,4,,Thiago Monteiro,L,183,BRA,24.12,130,434,KI63,,,Lukas Klein,R,193,SVK,20.312,453,84,6-4 7-6(4),3,R32,110,3,3,87,59,37,9,11,6,11,4,2,85,50,24,15,11,3,9
2018-7540,Bastad,Clay,32,C,,20180714,5,HG86,,,Lloyd Harris,R,193,RSA,21.383,221,257,L949,5,,Henri Laaksonen,R,185,SUI,26.286,142,391,6-4 6-4,3,R32,73,6,2,58,37,30,10,10,3,4,5,2,55,30,22,12,10,3,6
2018-7540,Bastad,Clay,32,C,,20180714,6,HB48,6,,Calvin Hemery,R,191,FRA,23.458,148,382,E688,,,Markus Eriksson,R,188,SWE,28.621,398,101,6-4 6-1,3,R32,57,6,2,47,31,23,9,8,2,3,2,1,53,40,21,6,9,3,8
2018-7540,Bastad,Clay,32,C,,20180714,7,LB66,,,Constant Lestienne,R,180,FRA,26.141,225,255,AG37,7,,Felix Auger-Aliassime,R,193,CAN,17.93,152,372,6-4 3-2 RET,3,R32,71,0,0,35,24,20,9,7,0,0,2,5,54,36,27,6,8,5,7
2018-7540,Bastad,Clay,32,C,,20180714,8,W571,,,Di Wu,R,173,CHN,26.831,282,189,O449,8,,Oscar Otte,R,193,GER,24.994,166,346,6-2 6-4,3,R32,75,4,2,52,34,25,10,9,3,4,4,2,58,38,23,8,9,8,12
2018-7540,Bastad,Clay,32,C,,20180714,9,B884,,,Carlos Berlocq,R,183,ARG,35.441,179,315,N561,,,Ivan Nedelko,R,185,RUS,32.172,242,236,6-3 6-0,3,R32,66,1,0,37,29,22,5,7,0,1,2,1,46,22,10,7,8,4,10
2018-7540,Bastad,Clay,32,C,,20180714,10,HA28,,,Filip Horansky,R,191,SVK,25.514,287,185,N897,,,Sumit Nagal,R,178,IND,20.909,253,221,6-2 RET,3,R32,30,1,0,24,19,12,5,4,0,0,0,2,22,12,7,4,4,3,5
2018-7540,Bastad,Clay,32,C,,20180714,11,I236,,,Uladzimir Ignatik,R,183,BLR,28,216,268,O635,,,Jules Okala,R,193,FRA,20.903,392,105,7-6(7) 4-0 RET,3,R32,77,2,2,56,38,27,12,8,3,3,1,1,57,40,25,10,8,3,5
2018-7540,Bastad,Clay,32,C,,20180714,12,MO44,,,Pedro Martinez,R,185,ESP,21.216,251,226,BU54,,,Geoffrey Blancaneaux,R,180,FRA,19.932,311,165,6-4 6-1,3,R32,80,0,1,39,29,23,6,8,0,1,2,4,64,38,22,10,9,6,11
2018-7540,Bastad,Clay,32,C,,20180714,13,O482,,,Gonzalo Oliveira,L,185,VEN,23.403,246,230,MM78,,,Jonathan Mridha,R,183,SWE,23.266,619,45,6-4 7-5,3,R32,96,2,0,58,45,32,7,11,3,6,2,1,70,46,27,10,11,6,11
2018-7540,Bastad,Clay,32,C,,20180714,14,R685,,,Lukas Rosol,R,193,CZE,32.972,263,210,TC95,,,Johan Tatlot,R,180,FRA,22.3,259,212,6-3 6-2,3,R32,74,2,1,50,37,25,8,9,4,6,3,5,69,43,23,8,8,7,12
2018-7540,Bastad,Clay,32,C,,20180714,15,SN77,,,Vaclav Safranek,R,183,CZE,24.151,252,221,BL61,,,Filip Bergevi,R,185,SWE,24.233,883,17,6-3 0-6 7-5,3,R32,92,2,1,84,73,47,5,14,4,8,7,4,69,34,27,21,13,3,6
2018-7540,Bastad,Clay,32,C,,20180714,16,Y268,,,Mikael Ymer,R,185,SWE,19.844,343,136,KH56,,,Zdenek Kolar,R,183,CZE,21.76,223,256,6-3 1-6 6-0,3,R32,115,1,2,70,45,26,15,11,2,5,1,3,97,57,35,16,11,11,16
2018-7540,Bastad,Clay,32,C,,20180714,17,R685,,,Lukas Rosol,R,193,CZE,32.972,263,210,A887,1,,Guido Andreozzi,R,183,ARG,26.94,105,535,6-4 5-7 7-6(4),3,R16,140,10,0,91,57,47,21,17,1,2,4,9,110,76,55,20,17,7,8
2018-7540,Bastad,Clay,32,C,,20180714,18,MW02,3,,Corentin Moutet,L,180,FRA,19.236,125,440,O482,,,Gonzalo Oliveira,L,185,VEN,23.403,246,230,6-4 3-6 6-2,3,R16,129,0,5,90,68,44,5,13,11,16,0,2,93,67,40,9,14,7,14
2018-7540,Bastad,Clay,32,C,,20180714,19,MO44,,,Pedro Martinez,R,185,ESP,21.216,251,226,MJ08,4,,Thiago Monteiro,L,183,BRA,24.12,130,434,6-4 6-4,3,R16,88,3,1,57,40,30,10,10,2,3,3,0,58,43,28,7,10,5,8
2018-7540,Bastad,Clay,32,C,,20180714,20,Y268,,,Mikael Ymer,R,185,SWE,19.844,343,136,HB48,6,,Calvin Hemery,R,191,FRA,23.458,148,382,6-4 3-6 6-2,3,R16,137,1,3,93,60,42,18,13,11,12,4,3,82,47,33,19,14,6,9
2018-7540,Bastad,Clay,32,C,,20180714,21,B884,,,Carlos Berlocq,R,183,ARG,35.441,179,315,LB84,,,Juan Ignacio Londero,R,180,ARG,24.912,170,339,3-6 7-6(1) 6-4,3,R16,138,10,2,91,58,44,16,16,3,7,2,1,93,58,41,18,15,3,6
2018-7540,Bastad,Clay,32,C,,20180714,22,HA28,,,Filip Horansky,R,191,SVK,25.514,287,185,HG86,,,Lloyd Harris,R,193,RSA,21.383,221,257,7-6(6) 6-4,3,R16,105,3,3,91,53,34,21,11,6,8,3,3,80,53,36,13,11,6,9
2018-7540,Bastad,Clay,32,C,,20180714,23,LB66,,,Constant Lestienne,R,180,FRA,26.141,225,255,I236,,,Uladzimir Ignatik,R,183,BLR,28,216,268,6-1 6-4,3,R16,63,4,2,44,31,25,8,9,1,2,5,1,50,29,17,8,8,1,5
2018-7540,Bastad,Clay,32,C,,20180714,24,SN77,,,Vaclav Safranek,R,183,CZE,24.151,252,221,W571,,,Di Wu,R,173,CHN,26.831,282,189,1-6 6-4 6-2,3,R16,103,5,3,112,64,40,23,12,14,17,4,0,72,44,28,18,13,1,5
2018-7540,Bastad,Clay,32,C,,20180714,25,MW02,3,,Corentin Moutet,L,180,FRA,19.236,125,440,LB66,,,Constant Lestienne,R,180,FRA,26.141,225,255,7-5 6-3,3,QF,116,1,0,89,74,42,6,10,9,12,1,4,81,58,32,8,11,8,14
2018-7540,Bastad,Clay,32,C,,20180714,26,HA28,,,Filip Horansky,R,191,SVK,25.514,287,185,R685,,,Lukas Rosol,R,193,CZE,32.972,263,210,6-3 6-1,3,QF,66,4,2,50,35,26,10,8,2,2,1,2,65,42,26,8,8,8,12
2018-7540,Bastad,Clay,32,C,,20180714,27,MO44,,,Pedro Martinez,R,185,ESP,21.216,251,226,SN77,,,Vaclav Safranek,R,183,CZE,24.151,252,221,7-5 6-2,3,QF,99,4,1,77,56,38,7,10,5,8,2,2,56,40,15,8,10,2,8
2018-7540,Bastad,Clay,32,C,,20180714,28,Y268,,,Mikael Ymer,R,185,SWE,19.844,343,136,B884,,,Carlos Berlocq,R,183,ARG,35.441,179,315,6-1 4-6 7-5,3,QF,164,4,4,100,72,39,14,14,5,11,0,3,91,54,27,15,15,6,15
2018-7540,Bastad,Clay,32,C,,20180714,29,MW02,3,,Corentin Moutet,L,180,FRA,19.236,125,440,HA28,,,Filip Horansky,R,191,SVK,25.514,287,185,6-4 4-6 6-3,3,SF,134,0,5,108,75,45,10,15,8,14,0,3,95,75,39,8,14,4,11
2018-7540,Bastad,Clay,32,C,,20180714,30,MO44,,,Pedro Martinez,R,185,ESP,21.216,251,226,Y268,,,Mikael Ymer,R,185,SWE,19.844,343,136,6-3 6-4,3,SF,94,3,2,60,42,25,8,9,2,5,1,0,63,42,23,7,10,1,7
2018-7540,Bastad,Clay,32,C,,20180714,31,MO44,,,Pedro Martinez,R,185,ESP,21.216,251,226,MW02,3,,Corentin Moutet,L,180,FRA,19.236,125,440,7-6(5) 6-4,3,F,116,0,5,85,53,33,16,11,3,6,2,2,71,55,32,5,11,4,8
2018-7542,Winnipeg,Hard,32,C,,20180715,1,PB22,1,,Peter Polansky,R,183,CAN,30.081,110,495,KB12,,,Pavel Krainik,R,,CAN,25.793,708,33,7-6(1) 7-6(5),3,R32,107,9,5,81,41,29,25,12,5,7,4,4,94,59,42,13,12,4,6
2018-7542,Winnipeg,Hard,32,C,,20180715,2,G710,2,,Marcel Granollers,R,191,ESP,32.257,116,468,HB29,,,Andrew Harris,R,183,AUS,24.356,383,111,6-3 6-4,3,R32,84,3,2,68,47,34,11,10,2,3,1,5,55,32,21,11,9,2,5
2018-7542,Winnipeg,Hard,32,C,,20180715,3,MP01,3,,Michael Mmoh,R,188,USA,20.509,119,459,MN44,,,Bradley Mousley,R,188,AUS,22.53,315,160,6-7(2) 6-4 7-5,3,R32,150,5,5,89,55,44,23,17,0,1,5,3,113,69,48,26,17,6,9
2018-7542,Winnipeg,Hard,32,C,,20180715,4,KB95,4,,Jason Kubler,R,178,AUS,25.155,147,385,TF58,,,Yusuke Takahashi,R,170,JPN,20.742,340,140,6-2 6-2,3,R32,68,4,0,41,27,24,8,8,0,0,2,4,55,26,17,10,8,4,8
2018-7542,Winnipeg,Hard,32,C,,20180715,5,HH06,,,Marc-Andrea Huesler,L,196,SUI,22.056,575,53,I230,5,,Tatsuma Ito,R,180,JPN,30.157,165,348,7-6(4) 6-2,3,R32,89,8,1,74,43,32,21,10,7,7,2,1,67,49,33,9,10,1,3
2018-7542,Winnipeg,Hard,32,C,,20180715,6,SC47,6,,Go Soeda,R,178,JPN,33.856,178,322,GA71,,,Laurynas Grigelis,R,183,LTU,26.919,267,209,6-3 6-0,3,R32,55,4,3,44,23,22,11,8,0,0,4,2,43,21,13,8,7,2,6
2018-7542,Winnipeg,Hard,32,C,,20180715,7,PF65,7,,Filip Peliwo,R,180,POL,24.454,181,314,SX96,,,Benjamin Sigouin,R,191,CAN,19.116,824,21,0-6 6-4 6-3,3,R32,160,2,12,93,38,19,24,13,4,12,8,13,91,42,34,12,12,14,21
2018-7542,Winnipeg,Hard,32,C,,20180715,8,D499,,,Frank Dancevic,R,185,CAN,33.799,309,167,SP24,8,,Brayden Schnur,R,193,CAN,23.031,234,246,6-2 6-4,3,R32,65,12,4,57,31,28,13,9,2,2,2,0,54,34,24,10,9,3,6
2018-7542,Winnipeg,Hard,32,C,,20180715,9,CH90,,,Yun seong Chung,R,178,KOR,20.301,369,118,VA19,,,David Volfson,R,,CAN,20.832,991,11,6-3 6-3,3,R32,87,4,2,56,35,27,9,9,2,4,1,5,73,43,24,12,9,9,14
2018-7542,Winnipeg,Hard,32,C,,20180715,10,E768,,,Antoine Escoffier,R,185,FRA,26.374,381,113,MN70,,,Joao Menezes,R,185,BRA,21.574,323,154,1-6 6-2 7-6(6),3,R32,148,3,6,105,53,36,24,13,7,11,3,6,92,60,45,12,14,5,9
2018-7542,Winnipeg,Hard,32,C,,20180715,11,GK06,,,Alexis Galarneau,R,180,CAN,19.37,1377,3,L733,,,Zhe Li,R,183,CHN,31.817,275,201,6-7(2) 7-6(6) 6-3,3,R32,182,6,6,126,64,45,33,17,8,11,5,6,121,61,45,28,16,10,14
2018-7542,Winnipeg,Hard,32,C,,20180715,12,KE73,,,Dominik Koepfer,L,180,GER,24.211,239,237,N679,,,Stefano Napolitano,R,196,ITA,23.261,247,229,6-4 6-3,3,R32,75,9,5,54,29,26,14,9,4,4,4,5,80,45,32,12,10,6,9
2018-7542,Winnipeg,Hard,32,C,,20180715,13,MO55,,,Lucas Miedler,R,183,AUT,22.064,319,158,U134,,,Yasutaka Uchiyama,R,183,JPN,25.941,237,242,6-3 4-1 RET,3,R32,51,3,3,38,20,18,9,7,1,2,0,1,38,27,16,2,7,5,9
2018-7542,Winnipeg,Hard,32,C,,20180715,14,SP05,,,Evan Song,L,178,USA,26.103,438,87,LD26,,,Edan Leshem,R,183,ISR,21.322,362,123,6-4 1-6 6-1,3,R32,114,2,4,75,48,35,14,12,7,9,8,5,86,49,36,16,12,16,19
2018-7542,Winnipeg,Hard,32,C,,20180715,15,TC12,,,Mikael Torpegaard,R,193,DEN,24.186,965,12,BF98,,,Alessandro Bega,R,170,ITA,27.507,310,166,6-3 6-3,3,R32,73,7,1,51,28,17,14,9,0,2,1,3,64,38,24,8,9,10,15
2018-7542,Winnipeg,Hard,32,C,,20180715,16,U120,,,Kaichi Uchida,R,180,JPN,23.893,308,168,TD55,,,Renta Tokuda,R,178,JPN,20.296,337,141,7-5 7-5,3,R32,97,3,2,69,42,34,13,12,4,6,2,3,80,47,31,14,12,9,13
2018-7542,Winnipeg,Hard,32,C,,20180715,17,MO55,,,Lucas Miedler,R,183,AUT,22.064,319,158,PB22,1,,Peter Polansky,R,183,CAN,30.081,110,495,7-6(4) 5-7 6-1,3,R16,152,3,3,97,59,37,19,15,2,7,10,3,103,59,33,17,16,5,12
2018-7542,Winnipeg,Hard,32,C,,20180715,18,G710,2,,Marcel Granollers,R,191,ESP,32.257,116,468,SP05,,,Evan Song,L,178,USA,26.103,438,87,6-2 6-1,3,R16,80,3,1,50,26,21,16,8,4,4,1,3,60,41,23,5,7,10,14
2018-7542,Winnipeg,Hard,32,C,,20180715,19,GK06,,,Alexis Galarneau,R,180,CAN,19.37,1377,3,MP01,3,,Michael Mmoh,R,188,USA,20.509,119,459,6-7(3) 6-1 6-1,3,R16,108,3,3,76,47,36,18,13,5,6,1,6,89,59,37,12,13,10,16
2018-7542,Winnipeg,Hard,32,C,,20180715,20,KB95,4,,Jason Kubler,R,178,AUS,25.155,147,385,KE73,,,Dominik Koepfer,L,180,GER,24.211,239,237,6-1 6-2,3,R16,85,5,4,66,35,24,17,8,6,7,2,6,49,27,14,8,7,4,9
2018-7542,Winnipeg,Hard,32,C,,20180715,21,SC47,6,,Go Soeda,R,178,JPN,33.856,178,322,CH90,,,Yun seong Chung,R,178,KOR,20.301,369,118,6-2 2-6 6-4,3,R16,116,2,5,88,53,34,14,13,8,13,5,1,77,55,29,11,13,2,8
2018-7542,Winnipeg,Hard,32,C,,20180715,22,U120,,,Kaichi Uchida,R,180,JPN,23.893,308,168,PF65,7,,Filip Peliwo,R,180,POL,24.454,181,314,6-7(3) 6-1 6-2,3,R16,128,5,5,112,64,42,24,14,7,10,0,8,78,39,29,12,13,4,11
2018-7542,Winnipeg,Hard,32,C,,20180715,23,HH06,,,Marc-Andrea Huesler,L,196,SUI,22.056,575,53,E768,,,Antoine Escoffier,R,185,FRA,26.374,381,113,6-4 7-6(6),3,R16,118,3,3,84,53,37,12,11,3,6,0,2,83,52,32,13,11,5,9
2018-7542,Winnipeg,Hard,32,C,,20180715,24,TC12,,,Mikael Torpegaard,R,193,DEN,24.186,965,12,D499,,,Frank Dancevic,R,185,CAN,33.799,309,167,3-6 6-3 6-4,3,R16,111,9,2,78,51,37,19,14,2,3,9,9,109,62,45,22,14,9,11
2018-7542,Winnipeg,Hard,32,C,,20180715,25,G710,2,,Marcel Granollers,R,191,ESP,32.257,116,468,TC12,,,Mikael Torpegaard,R,193,DEN,24.186,965,12,6-4 6-1,3,QF,77,4,1,55,39,31,7,9,6,7,2,2,55,33,19,9,8,3,7
2018-7542,Winnipeg,Hard,32,C,,20180715,26,KB95,4,,Jason Kubler,R,178,AUS,25.155,147,385,HH06,,,Marc-Andrea Huesler,L,196,SUI,22.056,575,53,6-2 6-3,3,QF,76,6,7,72,47,34,8,9,4,6,1,5,42,25,18,2,8,4,9
2018-7542,Winnipeg,Hard,32,C,,20180715,27,SC47,6,,Go Soeda,R,178,JPN,33.856,178,322,GK06,,,Alexis Galarneau,R,180,CAN,19.37,1377,3,6-0 6-2,3,QF,63,0,1,40,23,18,12,7,1,1,5,5,56,30,17,8,7,4,9
2018-7542,Winnipeg,Hard,32,C,,20180715,28,MO55,,,Lucas Miedler,R,183,AUT,22.064,319,158,U120,,,Kaichi Uchida,R,180,JPN,23.893,308,168,7-6(4) 6-4,3,QF,104,8,1,67,39,31,12,11,3,6,0,5,94,52,27,21,11,4,8
2018-7542,Winnipeg,Hard,32,C,,20180715,29,KB95,4,,Jason Kubler,R,178,AUS,25.155,147,385,G710,2,,Marcel Granollers,R,191,ESP,32.257,116,468,4-6 7-5 6-3,3,SF,151,5,4,91,57,45,20,16,0,1,6,6,100,56,43,24,15,6,8
2018-7542,Winnipeg,Hard,32,C,,20180715,30,MO55,,,Lucas Miedler,R,183,AUT,22.064,319,158,SC47,6,,Go Soeda,R,178,JPN,33.856,178,322,6-3 3-6 6-3,3,SF,116,6,1,80,49,36,17,14,5,7,1,8,88,52,35,21,13,10,13
2018-7542,Winnipeg,Hard,32,C,,20180715,31,KB95,4,,Jason Kubler,R,178,AUS,25.155,147,385,MO55,,,Lucas Miedler,R,183,AUT,22.064,319,158,6-1 6-1,3,F,47,,,,,,,,,,,,,,,,,,
2018-9001,Perugia,Clay,32,C,,20180715,1,BE68,,,Tomislav Brkic,R,185,BIH,28.35,257,215,MI43,1,,Gerald Melzer,L,188,AUT,28.005,106,527,6-1 1-6 7-6(4),3,R32,130,11,4,92,60,44,15,13,5,8,2,1,90,63,42,11,13,1,4
2018-9001,Perugia,Clay,32,C,,20180715,2,TA29,,,Marco Trungelliti,R,178,ARG,28.452,202,287,A596,,,Pablo Andujar,R,180,ESP,32.474,123,449,6-3 6-2,3,R32,82,0,1,64,34,20,18,9,6,8,2,0,47,26,11,9,8,3,8
2018-9001,Perugia,Clay,32,C,,20180715,3,Z419,,,Bernabe Zapata Miralles,R,183,ESP,21.503,260,212,LA93,4,,Enrique Lopez Perez,R,180,ESP,27.116,159,358,7-6(2) 3-6 6-4,3,R32,135,5,3,93,67,46,13,15,3,6,9,4,91,60,38,20,16,0,3
2018-9001,Perugia,Clay,32,C,,20180715,4,MM66,5,,Nikola Milojevic,R,188,SRB,23.072,162,351,GE33,,,Daniel Elahi Galan,R,191,COL,22.073,219,262,7-6(1) 6-2,3,R32,85,3,4,56,27,21,22,10,0,1,4,1,70,51,34,8,10,6,9
2018-9001,Perugia,Clay,32,C,,20180715,5,DA67,6,,Matteo Donati,R,185,ITA,23.376,176,325,E661,,,Gonzalo Escobar,L,178,ECU,29.481,382,112,7-6(2) 6-4,3,R32,102,5,0,62,46,31,9,11,4,8,4,3,89,57,35,12,11,11,16
2018-9001,Perugia,Clay,32,C,,20180715,6,BD80,7,,Attila Balazs,R,180,HUN,29.796,182,313,BK24,,,Gregoire Barrere,R,183,FRA,24.408,188,302,6-4 3-0 RET,3,R32,50,4,1,36,25,20,4,7,0,2,0,1,40,25,11,7,6,4,8
2018-9001,Perugia,Clay,32,C,,20180715,7,TE16,8,,Carlos Taberner,R,183,ESP,20.934,185,307,BU10,,,Jacopo Berrettini,R,191,ITA,19.63,657,39,6-2 6-2,3,R32,81,1,1,52,42,28,5,8,3,4,3,2,63,41,21,7,8,11,16
2018-9001,Perugia,Clay,32,C,,20180715,8,D750,9,,Kenny De Schepper,L,203,FRA,31.129,187,305,SP80,,,Nino Serdarusic,R,191,CRO,21.585,193,298,6-4 6-4,3,R32,94,7,0,75,57,43,6,10,8,9,3,3,58,27,18,15,10,2,5
2018-9001,Perugia,Clay,32,C,,20180715,9,BV27,,,Ulises Blanch,R,188,USA,20.307,508,66,A479,,,Nicolas Almagro,R,183,ESP,32.898,661,38,6-4 7-5,3,R32,77,11,2,54,31,28,16,11,0,0,7,0,70,41,30,15,11,0,2
2018-9001,Perugia,Clay,32,C,,20180715,10,CE25,,,Salvatore Caruso,R,185,ITA,25.58,191,299,PC78,,,Ante Pavic,R,196,CRO,29.355,269,207,6-4 6-7(8) 6-3,3,R32,159,4,1,118,79,51,20,16,9,12,9,2,92,54,36,19,15,5,10
2018-9001,Perugia,Clay,32,C,,20180715,11,G983,,,Alessandro Giannessi,L,185,ITA,28.126,199,292,A941,,,Facundo Arguello,R,178,ARG,25.944,265,209,3-6 6-4 6-2,3,R32,137,3,3,122,93,50,18,14,14,18,4,3,73,45,27,14,13,1,6
2018-9001,Perugia,Clay,32,C,,20180715,12,G676,,,Daniel Gimeno-Traver,R,183,ESP,32.936,197,294,CF88,,,Roberto Cid Subervi,R,193,DOM,24.873,232,248,7-5 6-3,3,R32,104,1,7,75,41,24,20,10,6,8,1,3,70,45,26,9,11,8,13
2018-9001,Perugia,Clay,32,C,,20180715,13,Q948,,,Gianluigi Quinzi,L,191,ITA,22.45,200,291,O408,,,Ricardo Ojeda Lara,R,178,ESP,25.465,196,296,6-4 7-5,3,R32,96,7,1,58,34,27,16,11,1,2,1,1,73,54,29,12,11,8,11
2018-9001,Perugia,Clay,32,C,,20180715,14,RA51,,,Blaz Rola,L,193,SLO,27.775,249,229,R913,,,Cristian Rodriguez,R,180,COL,28.057,415,93,6-2 6-4,3,R32,72,2,0,57,37,28,13,9,3,3,2,1,53,30,23,9,9,3,6
2018-9001,Perugia,Clay,32,C,,20180715,15,SJ22,,,Gleb Sakharov,R,185,FRA,30.094,236,244,D985,,,Joao Domingues,R,,POR,24.775,243,233,4-6 6-3 6-3,3,R32,124,4,1,78,59,40,12,14,0,2,0,2,90,61,39,16,14,7,11
2018-9001,Perugia,Clay,32,C,,20180715,16,TC09,,,Pol Toledo Bague,R,178,ESP,23.562,403,99,DG80,,,Enrico Dalla Valle,R,196,ITA,20.318,797,24,7-6(5) 3-6 6-4,3,R32,183,1,4,109,71,44,19,16,6,10,8,0,127,87,54,21,15,13,16
2018-9001,Perugia,Clay,32,C,,20180715,17,CE25,,,Salvatore Caruso,R,185,ITA,25.58,191,299,MM66,5,,Nikola Milojevic,R,188,SRB,23.072,162,351,6-4 2-1 RET,3,R16,78,2,0,45,32,20,5,6,3,5,1,1,49,26,12,10,7,3,7
2018-9001,Perugia,Clay,32,C,,20180715,18,Q948,,,Gianluigi Quinzi,L,191,ITA,22.45,200,291,DA67,6,,Matteo Donati,R,185,ITA,23.376,176,325,6-4 6-4,3,R16,78,1,0,56,41,27,10,10,2,4,1,0,56,40,21,10,10,4,8
2018-9001,Perugia,Clay,32,C,,20180715,19,BD80,7,,Attila Balazs,R,180,HUN,29.796,182,313,RA51,,,Blaz Rola,L,193,SLO,27.775,249,229,6-1 6-3,3,R16,56,0,2,42,29,24,9,8,0,0,4,3,45,29,17,4,8,3,7
2018-9001,Perugia,Clay,32,C,,20180715,20,BV27,,,Ulises Blanch,R,188,USA,20.307,508,66,TE16,8,,Carlos Taberner,R,183,ESP,20.934,185,307,7-5 6-4,3,R16,92,8,2,68,39,33,16,11,1,1,2,0,71,56,35,9,11,3,5
2018-9001,Perugia,Clay,32,C,,20180715,21,G676,,,Daniel Gimeno-Traver,R,183,ESP,32.936,197,294,D750,9,,Kenny De Schepper,L,203,FRA,31.129,187,305,6-4 3-6 6-1,3,R16,105,0,5,81,53,38,16,13,2,4,1,1,81,69,42,6,13,5,9
2018-9001,Perugia,Clay,32,C,,20180715,22,G983,,,Alessandro Giannessi,L,185,ITA,28.126,199,292,BE68,,,Tomislav Brkic,R,185,BIH,28.35,257,215,6-1 6-2,3,R16,68,6,2,54,38,31,6,8,1,1,2,3,47,25,15,9,7,3,7
2018-9001,Perugia,Clay,32,C,,20180715,23,TA29,,,Marco Trungelliti,R,178,ARG,28.452,202,287,SJ22,,,Gleb Sakharov,R,185,FRA,30.094,236,244,4-6 7-5 6-4,3,R16,158,4,3,88,61,42,15,16,3,7,1,2,112,76,48,17,16,10,15
2018-9001,Perugia,Clay,32,C,,20180715,24,Z419,,,Bernabe Zapata Miralles,R,183,ESP,21.503,260,212,TC09,,,Pol Toledo Bague,R,178,ESP,23.562,403,99,6-2 6-0,3,R16,58,0,1,40,30,22,7,7,0,0,0,1,44,24,9,9,7,4,9
2018-9001,Perugia,Clay,32,C,,20180715,25,BD80,7,,Attila Balazs,R,180,HUN,29.796,182,313,TA29,,,Marco Trungelliti,R,178,ARG,28.452,202,287,6-2 7-6(3),3,QF,90,3,2,64,38,29,17,10,2,3,2,2,63,42,27,11,10,5,8
2018-9001,Perugia,Clay,32,C,,20180715,26,BV27,,,Ulises Blanch,R,188,USA,20.307,508,66,Z419,,,Bernabe Zapata Miralles,R,183,ESP,21.503,260,212,6-4 6-4,3,QF,69,8,1,57,32,26,16,10,1,1,3,1,65,53,36,3,10,10,12
2018-9001,Perugia,Clay,32,C,,20180715,27,CE25,,,Salvatore Caruso,R,185,ITA,25.58,191,299,G983,,,Alessandro Giannessi,L,185,ITA,28.126,199,292,4-6 6-4 6-4,3,QF,131,1,1,94,58,36,23,15,5,8,2,4,81,57,37,13,15,1,5
2018-9001,Perugia,Clay,32,C,,20180715,28,Q948,,,Gianluigi Quinzi,L,191,ITA,22.45,200,291,G676,,,Daniel Gimeno-Traver,R,183,ESP,32.936,197,294,6-1 6-2,3,QF,64,0,3,42,21,14,11,7,3,5,0,8,52,29,14,5,8,3,10
2018-9001,Perugia,Clay,32,C,,20180715,29,BV27,,,Ulises Blanch,R,188,USA,20.307,508,66,BD80,7,,Attila Balazs,R,180,HUN,29.796,182,313,6-4 6-2,3,SF,68,4,1,56,31,26,16,9,4,4,7,5,58,39,25,9,9,1,4
2018-9001,Perugia,Clay,32,C,,20180715,30,Q948,,,Gianluigi Quinzi,L,191,ITA,22.45,200,291,CE25,,,Salvatore Caruso,R,185,ITA,25.58,191,299,6-2 6-0,3,SF,60,2,3,42,25,17,10,7,1,2,1,1,39,23,9,4,7,2,8
2018-9001,Perugia,Clay,32,C,,20180715,31,BV27,,,Ulises Blanch,R,188,USA,20.307,508,66,Q948,,,Gianluigi Quinzi,L,191,ITA,22.45,200,291,7-5 6-2,3,F,71,11,4,49,28,24,13,10,1,2,1,4,62,34,23,11,10,3,7
2018-3945,San Benedetto,Clay,32,C,,20180722,1,MM66,1,,Nikola Milojevic,R,188,SRB,23.091,162,349,D981,,,Arthur De Greef,R,183,BEL,26.319,244,230,6-4 7-5,3,R32,104,3,2,66,46,32,9,11,5,8,4,1,82,51,31,13,11,7,12
2018-3945,San Benedetto,Clay,32,C,,20180722,2,TE16,2,,Carlos Taberner,R,183,ESP,20.953,191,298,R419,,,Tommy Robredo,R,180,ESP,36.225,237,238,6-2 6-1,3,R32,64,0,1,53,35,25,10,8,1,1,0,1,45,38,20,1,7,3,7
2018-3945,San Benedetto,Clay,32,C,,20180722,3,V495,3,,Luca Vanni,R,198,ITA,33.131,197,292,BG72,,,Carlos Boluda-Purkiss,R,173,ESP,25.495,293,175,6-0 7-6(5),3,R32,88,6,3,61,34,25,17,9,1,2,5,4,65,42,24,9,9,7,11
2018-3945,San Benedetto,Clay,32,C,,20180722,4,D985,,,Joao Domingues,R,,POR,24.794,250,227,CE25,4,,Salvatore Caruso,R,185,ITA,25.599,185,307,6-4 0-6 6-4,3,R32,121,3,0,70,45,34,11,13,3,7,1,0,86,70,46,8,13,5,8
2018-3945,San Benedetto,Clay,32,C,,20180722,5,GA79,,,Lorenzo Giustino,R,180,ITA,26.864,247,228,O408,5,,Ricardo Ojeda Lara,R,178,ESP,25.484,195,293,6-3 6-0,3,R32,82,4,1,53,36,19,12,8,6,8,0,0,48,33,10,7,7,4,10
2018-3945,San Benedetto,Clay,32,C,,20180722,6,G676,6,,Daniel Gimeno-Traver,R,183,ESP,32.956,182,311,BV17,,,Riccardo Balzerani,R,185,ITA,19.74,640,42,6-3 7-5,3,R32,90,0,10,64,39,29,9,10,3,5,3,2,60,38,24,9,11,1,6
2018-3945,San Benedetto,Clay,32,C,,20180722,7,Q948,7,,Gianluigi Quinzi,L,191,ITA,22.47,167,339,VA08,,,Andrea Vavassori,R,193,ITA,23.214,644,41,6-0 6-0,3,R32,57,3,3,47,25,17,15,6,3,3,0,2,37,26,9,2,6,4,10
2018-3945,San Benedetto,Clay,32,C,,20180722,8,GE33,8,,Daniel Elahi Galan,R,191,COL,22.092,226,249,BD20,,,Thomaz Bellucci,L,188,BRA,30.56,265,200,4-6 6-1 6-4,3,R32,111,7,0,79,58,44,13,14,1,2,1,8,82,45,34,16,13,4,7
2018-3945,San Benedetto,Clay,32,C,,20180722,9,A622,,,Andrea Arnaboldi,L,180,ITA,30.568,210,274,BM95,,,Benjamin Bonzi,R,183,FRA,22.116,282,186,6-4 6-3,3,R32,77,0,1,58,38,26,15,9,2,2,2,1,51,33,27,5,10,3,6
2018-3945,San Benedetto,Clay,32,C,,20180722,10,BU10,,,Jacopo Berrettini,R,191,ITA,19.65,653,40,BV27,,,Ulises Blanch,R,188,USA,20.326,308,160,6-3 6-4,3,R32,67,6,2,63,41,30,10,10,4,6,1,2,51,30,18,8,9,0,4
2018-3945,San Benedetto,Clay,32,C,,20180722,11,BE68,,,Tomislav Brkic,R,185,BIH,28.37,251,223,A941,,,Facundo Arguello,R,178,ARG,25.963,254,215,6-4 1-6 6-0,3,R32,102,1,0,74,51,32,15,11,8,10,1,2,64,40,27,10,12,1,5
2018-3945,San Benedetto,Clay,32,C,,20180722,12,G935,,,Sergio Gutierrez-Ferrol,R,,ESP,29.38,233,241,GB53,,,Federico Gaio,R,178,ITA,26.379,259,211,6-3 3-6 6-3,3,R32,112,5,1,93,64,44,13,14,8,11,1,3,82,52,36,13,13,2,6
2018-3945,San Benedetto,Clay,32,C,,20180722,13,PC78,,,Ante Pavic,R,196,CRO,29.374,260,210,PH64,,,Andrea Pellegrino,R,185,ITA,21.331,331,141,6-3 6-4,3,R32,81,8,1,61,40,31,12,10,3,4,5,0,54,37,24,9,9,2,5
2018-3945,San Benedetto,Clay,32,C,,20180722,14,TC95,,,Johan Tatlot,R,180,FRA,22.322,272,196,CC66,,,Andrea Collarini,L,183,ARG,26.472,268,199,6-1 6-7(6) 6-3,3,R32,141,2,2,95,55,38,26,15,5,7,1,2,95,60,39,15,13,7,12
2018-3945,San Benedetto,Clay,32,C,,20180722,15,V836,,,Juan Pablo Varillas,R,185,PER,22.793,401,99,J557,,,Gregoire Jacq,L,178,FRA,25.697,522,63,6-2 2-0 RET,3,R32,36,6,0,23,15,15,5,5,0,0,1,2,32,24,11,4,5,2,5
2018-3945,San Benedetto,Clay,32,C,,20180722,16,V490,,,Matteo Viola,R,185,ITA,31.042,294,175,RB73,,,Pietro Rondoni,R,185,ITA,24.715,388,104,7-6(5) 6-2,3,R32,96,0,3,67,52,37,7,10,3,4,4,3,67,51,32,9,10,5,8
2018-3945,San Benedetto,Clay,32,C,,20180722,17,A622,,,Andrea Arnaboldi,L,180,ITA,30.568,210,274,MM66,1,,Nikola Milojevic,R,188,SRB,23.091,162,349,6-2 2-0 RET,3,R16,50,2,0,26,19,14,6,5,0,0,1,3,37,24,14,3,5,3,6
2018-3945,San Benedetto,Clay,32,C,,20180722,18,TE16,2,,Carlos Taberner,R,183,ESP,20.953,191,298,V836,,,Juan Pablo Varillas,R,185,PER,22.793,401,99,6-3 6-3,3,R16,85,1,0,58,36,26,10,9,6,8,3,0,56,34,18,11,9,1,6
2018-3945,San Benedetto,Clay,32,C,,20180722,19,V495,3,,Luca Vanni,R,198,ITA,33.131,197,292,BU10,,,Jacopo Berrettini,R,191,ITA,19.65,653,40,6-4 6-3,3,R16,93,3,3,55,31,24,15,9,2,2,4,4,76,45,30,13,10,8,11
2018-3945,San Benedetto,Clay,32,C,,20180722,20,PC78,,,Ante Pavic,R,196,CRO,29.374,260,210,G676,6,,Daniel Gimeno-Traver,R,183,ESP,32.956,182,311,4-6 6-1 6-4,3,R16,137,9,3,104,57,41,19,14,9,12,4,6,86,51,32,16,13,9,14
2018-3945,San Benedetto,Clay,32,C,,20180722,21,G935,,,Sergio Gutierrez-Ferrol,R,,ESP,29.38,233,241,Q948,7,,Gianluigi Quinzi,L,191,ITA,22.47,167,339,1-6 6-4 6-1,3,R16,106,4,3,93,57,36,17,12,7,11,0,0,76,46,29,13,12,7,12
2018-3945,San Benedetto,Clay,32,C,,20180722,22,GE33,8,,Daniel Elahi Galan,R,191,COL,22.092,226,249,TC95,,,Johan Tatlot,R,180,FRA,22.322,272,196,6-3 6-4,3,R16,90,9,1,70,40,29,19,10,5,5,3,3,62,41,24,13,9,4,6
2018-3945,San Benedetto,Clay,32,C,,20180722,23,GA79,,,Lorenzo Giustino,R,180,ITA,26.864,247,228,BE68,,,Tomislav Brkic,R,185,BIH,28.37,251,223,6-1 7-6(4),3,R16,85,5,0,57,36,27,17,10,0,1,3,2,60,39,26,9,9,5,8
2018-3945,San Benedetto,Clay,32,C,,20180722,24,V490,,,Matteo Viola,R,185,ITA,31.042,294,175,D985,,,Joao Domingues,R,,POR,24.794,250,227,2-6 6-3 6-3,3,R16,131,0,1,109,78,42,15,13,11,17,0,5,89,60,31,11,13,8,15
2018-3945,San Benedetto,Clay,32,C,,20180722,25,TE16,2,,Carlos Taberner,R,183,ESP,20.953,191,298,PC78,,,Ante Pavic,R,196,CRO,29.374,260,210,6-4 6-4,3,QF,82,2,0,51,44,32,5,10,0,1,5,4,64,32,22,16,10,7,10
2018-3945,San Benedetto,Clay,32,C,,20180722,26,GE33,8,,Daniel Elahi Galan,R,191,COL,22.092,226,249,V495,3,,Luca Vanni,R,198,ITA,33.131,197,292,6-3 7-6(5),3,QF,96,9,0,66,49,40,11,11,1,1,4,4,80,43,30,22,10,6,7
2018-3945,San Benedetto,Clay,32,C,,20180722,27,GA79,,,Lorenzo Giustino,R,180,ITA,26.864,247,228,A622,,,Andrea Arnaboldi,L,180,ITA,30.568,210,274,6-3 6-4,3,QF,102,4,2,60,35,28,11,10,1,2,2,2,66,35,22,15,9,7,10
2018-3945,San Benedetto,Clay,32,C,,20180722,28,G935,,,Sergio Gutierrez-Ferrol,R,,ESP,29.38,233,241,V490,,,Matteo Viola,R,185,ITA,31.042,294,175,6-1 6-0,3,QF,51,2,2,31,19,16,8,6,0,0,0,0,47,31,13,5,7,6,12
2018-3945,San Benedetto,Clay,32,C,,20180722,29,G935,,,Sergio Gutierrez-Ferrol,R,,ESP,29.38,233,241,TE16,2,,Carlos Taberner,R,183,ESP,20.953,191,298,1-2 RET,3,SF,16,1,0,5,5,5,0,1,0,0,0,0,12,10,8,1,2,0,0
2018-3945,San Benedetto,Clay,32,C,,20180722,30,GE33,8,,Daniel Elahi Galan,R,191,COL,22.092,226,249,GA79,,,Lorenzo Giustino,R,180,ITA,26.864,247,228,3-6 6-3 6-4,3,SF,124,1,2,93,57,40,22,14,6,7,2,4,85,53,41,15,14,4,6
2018-3945,San Benedetto,Clay,32,C,,20180722,31,GE33,8,,Daniel Elahi Galan,R,191,COL,22.092,226,249,G935,,,Sergio Gutierrez-Ferrol,R,,ESP,29.38,233,241,6-2 3-6 6-2,3,F,115,1,0,84,64,38,7,13,7,13,1,1,95,61,35,8,12,9,17
2018-686,Scheveningen,Clay,32,C,,20180722,1,MH16,1,,Yannick Maden,R,185,GER,28.731,132,436,DH50,,,Alejandro Davidovich Fokina,R,180,ESP,19.129,374,110,7-6(4) 6-1,3,R32,85,0,5,66,32,21,16,10,2,6,1,4,63,38,21,7,9,0,6
2018-686,Scheveningen,Clay,32,C,,20180722,2,D776,,,Thiemo de Bakker,R,193,NED,29.837,290,177,PG32,2,,Adam Pavlasek,R,185,CZE,23.786,158,351,6-7(6) 7-6(3) 6-3,3,R32,147,7,2,135,92,60,22,16,12,15,6,7,112,57,39,29,17,4,9
2018-686,Scheveningen,Clay,32,C,,20180722,3,RA51,,,Blaz Rola,L,193,SLO,27.795,239,236,MJ71,3,,Mats Moraing,L,198,GER,26.086,149,375,6-3 6-2,3,R32,62,5,0,46,30,27,6,9,0,1,3,5,48,23,14,10,8,2,6
2018-686,Scheveningen,Clay,32,C,,20180722,4,O449,4,,Oscar Otte,R,193,GER,25.016,183,310,O482,,,Gonzalo Oliveira,L,185,VEN,23.425,248,228,7-6(5) 6-2,3,R32,85,9,3,78,59,42,9,10,6,7,3,2,60,43,27,10,10,0,3
2018-686,Scheveningen,Clay,32,C,,20180722,5,HA71,,,Antoine Hoang,R,183,FRA,22.713,223,252,DA67,5,,Matteo Donati,R,185,ITA,23.395,174,325,6-4 6-3,3,R32,70,1,4,48,36,27,4,9,0,2,3,3,67,49,24,8,10,3,8
2018-686,Scheveningen,Clay,32,C,,20180722,6,BD80,7,,Attila Balazs,R,180,HUN,29.815,160,350,SO20,,,Jelle Sels,R,188,NED,22.949,438,87,6-3 7-6(3),3,R32,80,3,0,66,55,45,6,11,2,2,4,1,58,35,24,17,10,1,2
2018-686,Scheveningen,Clay,32,C,,20180722,7,BA65,,,Dustin Brown,R,196,JAM,33.618,229,247,BK24,8,,Gregoire Barrere,R,183,FRA,24.427,169,334,7-5 7-5,3,R32,70,6,1,71,46,33,15,12,3,4,1,1,66,40,28,14,12,0,3
2018-686,Scheveningen,Clay,32,C,,20180722,8,CG33,,,Kimmer Coppejans,R,178,BEL,24.452,365,119,GC54,,,Scott Griekspoor,R,188,NED,27.529,212,271,2-6 6-4 6-3,3,R32,111,3,3,73,55,39,10,13,2,4,6,6,101,64,43,18,14,10,13
2018-686,Scheveningen,Clay,32,C,,20180722,9,G983,,,Alessandro Giannessi,L,185,ITA,28.145,180,317,T982,,,Tsung-Hua Yang,R,178,TPE,27.316,209,274,3-6 6-1 6-3,3,R32,92,1,1,66,49,32,12,12,3,5,6,0,78,51,34,12,13,3,8
2018-686,Scheveningen,Clay,32,C,,20180722,10,I236,,,Uladzimir Ignatik,R,183,BLR,28.022,213,268,BO10,,,Gijs Brouwer,L,191,NED,22.355,449,83,6-3 6-0,3,R32,49,4,1,46,32,27,7,8,1,1,1,3,34,18,9,8,7,0,4
2018-686,Scheveningen,Clay,32,C,,20180722,11,K839,,,Tobias Kamke,R,178,GER,32.17,218,261,J400,,,Jeremy Jahn,R,178,GER,28.296,351,127,6-4 3-6 7-6(5),3,R32,133,1,9,118,66,44,24,15,3,7,5,3,86,42,33,24,16,1,5
2018-686,Scheveningen,Clay,32,C,,20180722,12,KI74,,,Nicola Kuhn,R,185,GER,18.338,368,114,HG86,,,Lloyd Harris,R,193,RSA,21.405,217,263,6-1 6-7(1) 6-3,3,R32,115,3,1,89,58,44,19,13,6,6,3,2,112,67,43,23,15,9,14
2018-686,Scheveningen,Clay,32,C,,20180722,13,N661,,,Marvin Netuschil,R,183,GER,27.055,486,72,V942,,,Tim van Rijthoven,R,188,NED,21.243,650,40,6-3 6-3,3,R32,83,0,4,60,45,32,8,9,5,6,5,2,56,33,18,12,9,6,10
2018-686,Scheveningen,Clay,32,C,,20180722,14,R685,,,Lukas Rosol,R,193,CZE,32.994,281,188,SN77,,,Vaclav Safranek,R,183,CZE,24.172,243,230,6-3 6-2,3,R32,74,5,1,44,27,23,11,8,2,2,3,4,80,55,34,8,9,9,13
2018-686,Scheveningen,Clay,32,C,,20180722,15,V812,,,Botic van de Zandschulp,R,191,NED,22.798,511,65,CH12,,,Jan Choinski,R,196,GBR,22.114,271,197,7-5 6-2,3,R32,69,3,4,63,35,27,15,10,2,3,1,2,53,38,22,5,10,1,5
2018-686,Scheveningen,Clay,32,C,,20180722,16,Z419,,,Bernabe Zapata Miralles,R,183,ESP,21.522,269,198,BT68,,,Elliot Benchetrit,R,193,MAR,19.803,298,172,7-5 6-1,3,R32,79,2,3,66,41,27,15,9,5,5,6,7,64,40,27,9,10,2,6
2018-686,Scheveningen,Clay,32,C,,20180722,17,MH16,1,,Yannick Maden,R,185,GER,28.731,132,436,N661,,,Marvin Netuschil,R,183,GER,27.055,486,72,6-3 6-1,3,R16,70,2,0,57,39,27,10,8,3,4,1,2,46,37,18,4,8,1,6
2018-686,Scheveningen,Clay,32,C,,20180722,18,O449,4,,Oscar Otte,R,193,GER,25.016,183,310,V812,,,Botic van de Zandschulp,R,191,NED,22.798,511,65,7-6(1) 6-4,3,R16,95,7,4,80,49,34,16,11,4,6,4,9,86,50,30,17,11,9,12
2018-686,Scheveningen,Clay,32,C,,20180722,19,BD80,7,,Attila Balazs,R,180,HUN,29.815,160,350,KI74,,,Nicola Kuhn,R,185,GER,18.338,368,114,6-3 6-4,3,R16,79,4,0,55,32,27,15,10,3,3,0,1,73,53,32,10,9,10,12
2018-686,Scheveningen,Clay,32,C,,20180722,20,CG33,,,Kimmer Coppejans,R,178,BEL,24.452,365,119,HA71,,,Antoine Hoang,R,183,FRA,22.713,223,252,6-3 6-2,3,R16,79,4,1,50,38,25,5,8,1,3,0,4,54,33,17,9,9,2,8
2018-686,Scheveningen,Clay,32,C,,20180722,21,D776,,,Thiemo de Bakker,R,193,NED,29.837,290,177,I236,,,Uladzimir Ignatik,R,183,BLR,28.022,213,268,6-4 7-6(4),3,R16,72,8,0,58,38,32,15,11,2,3,7,1,61,42,33,10,11,2,4
2018-686,Scheveningen,Clay,32,C,,20180722,22,G983,,,Alessandro Giannessi,L,185,ITA,28.145,180,317,BA65,,,Dustin Brown,R,196,JAM,33.618,229,247,4-6 6-2 6-3,3,R16,97,3,1,81,55,34,15,14,2,6,1,3,83,51,30,15,13,7,13
2018-686,Scheveningen,Clay,32,C,,20180722,23,RA51,,,Blaz Rola,L,193,SLO,27.795,239,236,Z419,,,Bernabe Zapata Miralles,R,183,ESP,21.522,269,198,6-4 6-4,3,R16,67,6,0,52,35,31,11,10,2,2,2,1,62,44,28,12,10,4,6
2018-686,Scheveningen,Clay,32,C,,20180722,24,R685,,,Lukas Rosol,R,193,CZE,32.994,281,188,K839,,,Tobias Kamke,R,178,GER,32.17,218,261,4-6 7-6(4) 6-4,3,R16,147,4,2,118,75,49,23,16,9,13,3,2,104,63,43,19,16,7,11
2018-686,Scheveningen,Clay,32,C,,20180722,25,MH16,1,,Yannick Maden,R,185,GER,28.731,132,436,BD80,7,,Attila Balazs,R,180,HUN,29.815,160,350,6-2 6-7(7) 6-3,3,QF,124,1,1,90,60,45,21,15,4,6,7,3,83,54,37,18,14,1,6
2018-686,Scheveningen,Clay,32,C,,20180722,26,CG33,,,Kimmer Coppejans,R,178,BEL,24.452,365,119,O449,4,,Oscar Otte,R,193,GER,25.016,183,310,7-5 6-4,3,QF,94,2,1,71,53,38,12,11,7,8,9,2,73,47,36,9,11,8,11
2018-686,Scheveningen,Clay,32,C,,20180722,27,D776,,,Thiemo de Bakker,R,193,NED,29.837,290,177,G983,,,Alessandro Giannessi,L,185,ITA,28.145,180,317,3-6 7-6(7) 6-4,3,QF,139,11,2,126,78,53,23,15,11,13,6,2,116,82,53,21,16,8,10
2018-686,Scheveningen,Clay,32,C,,20180722,28,R685,,,Lukas Rosol,R,193,CZE,32.994,281,188,RA51,,,Blaz Rola,L,193,SLO,27.795,239,236,6-4 6-7(6) 6-4,3,QF,149,3,4,112,65,46,26,16,4,6,12,4,119,71,51,20,16,6,10
2018-686,Scheveningen,Clay,32,C,,20180722,29,MH16,1,,Yannick Maden,R,185,GER,28.731,132,436,R685,,,Lukas Rosol,R,193,CZE,32.994,281,188,6-3 6-4,3,SF,73,2,0,56,37,28,11,10,1,2,0,2,56,37,25,6,9,3,6
2018-686,Scheveningen,Clay,32,C,,20180722,30,D776,,,Thiemo de Bakker,R,193,NED,29.837,290,177,CG33,,,Kimmer Coppejans,R,178,BEL,24.452,365,119,6-1 6-4,3,SF,68,4,1,47,31,23,8,8,1,2,0,4,52,38,20,4,9,2,7
2018-686,Scheveningen,Clay,32,C,,20180722,31,D776,,,Thiemo de Bakker,R,193,NED,29.837,290,177,MH16,1,,Yannick Maden,R,185,GER,28.731,132,436,6-2 6-1,3,F,69,6,1,56,37,28,9,8,2,2,1,1,55,33,15,12,7,7,11
2018-7557,Gatineau,Hard,32,C,,20180722,1,PB22,1,,Peter Polansky,R,183,CAN,30.1,122,466,RB00,,,Ricardo Rodriguez - Pace,,,VEN,25.232,715,32,7-6(5) 6-7(7) 7-5,3,R32,190,9,7,125,70,56,28,18,8,11,4,4,141,94,61,24,18,11,15
2018-7557,Gatineau,Hard,32,C,,20180722,2,KB95,2,,Jason Kubler,R,178,AUS,25.175,114,500,U120,,,Kaichi Uchida,R,180,JPN,23.912,306,162,6-1 6-2,3,R32,59,4,4,43,26,22,11,8,1,1,0,3,50,23,16,7,7,1,5
2018-7557,Gatineau,Hard,32,C,,20180722,3,KC86,3,,Darian King,R,188,BAR,26.237,179,319,GK06,,,Alexis Galarneau,R,180,CAN,19.389,705,33,7-6(5) 7-5,3,R32,133,2,2,84,59,41,13,12,5,7,0,4,110,70,45,17,12,11,14
2018-7557,Gatineau,Hard,32,C,,20180722,4,N663,,,Maximilian Neuchrist,R,,AUT,27.001,261,210,I230,4,,Tatsuma Ito,R,180,JPN,30.177,171,332,6-7(2) 6-3 7-5,3,R32,142,4,4,105,72,48,23,17,6,8,5,2,97,56,41,26,16,3,7
2018-7557,Gatineau,Hard,32,C,,20180722,5,KA98,5,,Bradley Klahn,L,183,USA,27.921,143,404,MN44,,,Bradley Mousley,R,188,AUS,22.549,318,151,7-5 7-6(3),3,R32,94,18,3,64,32,30,23,12,0,0,4,5,88,54,42,15,12,8,9
2018-7557,Gatineau,Hard,32,C,,20180722,6,SX96,,,Benjamin Sigouin,R,191,CAN,19.135,755,28,BI23,6,,Liam Broady,L,183,GBR,24.545,177,320,6-4 6-2,3,R32,77,5,3,47,29,23,14,9,0,0,3,3,63,33,24,12,9,9,12
2018-7557,Gatineau,Hard,32,C,,20180722,7,SC47,7,,Go Soeda,R,178,JPN,33.875,159,351,TF58,,,Yusuke Takahashi,R,170,JPN,20.761,356,125,6-4 6-3,3,R32,73,3,7,52,27,21,11,9,3,5,1,5,56,30,18,10,10,8,13
2018-7557,Gatineau,Hard,32,C,,20180722,8,E873,,,Ernesto Escobedo,R,185,MEX,22.048,202,281,PF65,8,,Filip Peliwo,R,180,POL,24.474,205,279,3-6 6-4 7-5,3,R32,116,7,4,84,38,26,29,16,2,6,4,1,106,65,38,26,15,10,14
2018-7557,Gatineau,Hard,32,C,,20180722,9,CH90,,,Yun seong Chung,R,178,KOR,20.32,354,127,KC12,,,Mitchell Krueger,R,188,USA,24.523,216,266,7-6(3) 6-4,3,R32,103,8,3,76,45,30,20,11,1,2,5,1,65,46,34,11,11,4,6
2018-7557,Gatineau,Hard,32,C,,20180722,10,GA71,,,Laurynas Grigelis,R,183,LTU,26.938,267,199,N679,,,Stefano Napolitano,R,196,ITA,23.28,236,239,6-2 7-5,3,R32,86,5,3,55,33,25,12,10,1,2,8,2,67,40,25,14,10,5,9
2018-7557,Gatineau,Hard,32,C,,20180722,11,GE73,,,Jacob Grills,R,,AUS,23.094,652,40,SL07,,,Alexander Sarkissian,R,191,USA,28.301,344,133,6-3 7-6(3),3,R32,97,4,3,73,44,32,11,10,5,8,5,2,65,37,21,13,11,1,6
2018-7557,Gatineau,Hard,32,C,,20180722,12,HH26,,,Ugo Humbert,L,188,FRA,20.071,257,213,SP24,,,Brayden Schnur,R,193,CAN,23.05,230,247,6-3 6-1,3,R32,68,1,1,46,28,20,13,8,1,1,2,2,58,33,20,8,8,11,15
2018-7557,Gatineau,Hard,32,C,,20180722,13,KB12,,,Pavel Krainik,R,,CAN,25.812,708,33,MM10,,,Samuel Monette,L,180,CAN,24.517,488,72,4-6 6-4 6-4,3,R32,122,2,1,101,57,31,28,15,11,16,1,5,86,50,33,15,15,4,10
2018-7557,Gatineau,Hard,32,C,,20180722,14,L733,,,Zhe Li,R,183,CHN,31.836,287,180,W579,,,Alexander Ward,R,185,GBR,28.227,338,136,6-4 7-6(3),3,R32,118,1,1,77,46,30,21,11,6,8,2,1,73,41,25,20,11,3,6
2018-7557,Gatineau,Hard,32,C,,20180722,15,MN70,,,Joao Menezes,R,185,BRA,21.593,314,154,MO55,,,Lucas Miedler,R,183,AUT,22.084,234,241,6-3 6-3,3,R32,84,2,2,56,36,22,12,9,2,4,0,4,54,27,16,10,9,3,8
2018-7557,Gatineau,Hard,32,C,,20180722,16,TD55,,,Renta Tokuda,R,178,JPN,20.315,330,141,LD26,,,Edan Leshem,R,183,ISR,21.342,414,94,6-4 6-7(1) 6-3,3,R32,159,4,5,115,72,50,19,16,3,6,3,4,107,58,41,24,15,5,10
2018-7557,Gatineau,Hard,32,C,,20180722,17,PB22,1,,Peter Polansky,R,183,CAN,30.1,122,466,KB12,,,Pavel Krainik,R,,CAN,25.812,708,33,6-2 7-5,3,R16,77,5,0,56,36,27,15,10,1,1,4,5,63,33,23,13,10,4,7
2018-7557,Gatineau,Hard,32,C,,20180722,18,KB95,2,,Jason Kubler,R,178,AUS,25.175,114,500,GA71,,,Laurynas Grigelis,R,183,LTU,26.938,267,199,7-6(5) 4-6 6-4,3,R16,150,6,6,98,61,48,16,16,2,5,8,1,113,65,41,29,16,5,8
2018-7557,Gatineau,Hard,32,C,,20180722,19,L733,,,Zhe Li,R,183,CHN,31.836,287,180,KC86,3,,Darian King,R,188,BAR,26.237,179,319,2-6 6-4 6-0,3,R16,114,0,1,71,48,23,16,12,5,10,3,4,94,64,31,13,12,12,19
2018-7557,Gatineau,Hard,32,C,,20180722,20,KA98,5,,Bradley Klahn,L,183,USA,27.921,143,404,CH90,,,Yun seong Chung,R,178,KOR,20.32,354,127,7-5 6-4,3,R16,91,10,4,77,52,38,12,11,4,5,2,3,65,39,28,12,11,2,5
2018-7557,Gatineau,Hard,32,C,,20180722,21,SC47,7,,Go Soeda,R,178,JPN,33.875,159,351,GE73,,,Jacob Grills,R,,AUS,23.094,652,40,2-6 6-1 6-4,3,R16,111,4,2,74,49,35,12,12,6,9,3,1,86,54,33,14,13,10,15
2018-7557,Gatineau,Hard,32,C,,20180722,22,E873,,,Ernesto Escobedo,R,185,MEX,22.048,202,281,MN70,,,Joao Menezes,R,185,BRA,21.593,314,154,6-2 3-6 7-6(5),3,R16,118,7,1,87,39,28,32,14,1,3,10,2,95,65,42,19,15,5,8
2018-7557,Gatineau,Hard,32,C,,20180722,23,HH26,,,Ugo Humbert,L,188,FRA,20.071,257,213,SX96,,,Benjamin Sigouin,R,191,CAN,19.135,755,28,6-4 6-4,3,R16,83,6,2,66,34,24,18,10,4,6,2,3,61,33,22,12,10,3,7
2018-7557,Gatineau,Hard,32,C,,20180722,24,N663,,,Maximilian Neuchrist,R,,AUT,27.001,261,210,TD55,,,Renta Tokuda,R,178,JPN,20.315,330,141,1-1 RET,3,R16,14,1,0,6,5,4,0,1,0,0,0,0,4,3,3,1,1,0,0
2018-7557,Gatineau,Hard,32,C,,20180722,25,HH26,,,Ugo Humbert,L,188,FRA,20.071,257,213,PB22,1,,Peter Polansky,R,183,CAN,30.1,122,466,6-7(4) 7-6(3) 7-6(4),3,QF,187,15,4,137,75,53,33,18,14,18,11,7,132,71,55,28,18,5,9
2018-7557,Gatineau,Hard,32,C,,20180722,26,KB95,2,,Jason Kubler,R,178,AUS,25.175,114,500,E873,,,Ernesto Escobedo,R,185,MEX,22.048,202,281,7-6(4) 6-7(3) 6-3,3,QF,156,12,4,115,72,54,21,17,1,3,15,5,112,55,42,28,16,4,7
2018-7557,Gatineau,Hard,32,C,,20180722,27,KA98,5,,Bradley Klahn,L,183,USA,27.921,143,404,L733,,,Zhe Li,R,183,CHN,31.836,287,180,6-7(7) 6-4 6-3,3,QF,133,12,7,95,49,42,25,15,0,1,0,3,106,72,45,21,16,10,14
2018-7557,Gatineau,Hard,32,C,,20180722,28,SC47,7,,Go Soeda,R,178,JPN,33.875,159,351,N663,,,Maximilian Neuchrist,R,,AUT,27.001,261,210,7-6(3) 6-3,3,QF,102,2,1,59,34,29,18,11,2,3,9,2,89,52,32,21,10,8,10
2018-7557,Gatineau,Hard,32,C,,20180722,29,KA98,5,,Bradley Klahn,L,183,USA,27.921,143,404,KB95,2,,Jason Kubler,R,178,AUS,25.175,114,500,6-2 6-3,3,SF,61,7,4,54,31,26,13,9,2,2,1,2,46,27,21,7,8,2,5
2018-7557,Gatineau,Hard,32,C,,20180722,30,HH26,,,Ugo Humbert,L,188,FRA,20.071,257,213,SC47,7,,Go Soeda,R,178,JPN,33.875,159,351,6-4 6-1,3,SF,71,5,2,51,23,20,17,9,2,3,0,1,59,32,17,11,8,6,10
2018-7557,Gatineau,Hard,32,C,,20180722,31,KA98,5,,Bradley Klahn,L,183,USA,27.921,143,404,HH26,,,Ugo Humbert,L,188,FRA,20.071,257,213,6-3 7-6(5),3,F,83,4,4,70,34,29,21,11,3,4,4,3,63,47,31,10,10,0,2
2018-221,Tampere,Clay,32,C,,20180729,1,DA31,1,,Hugo Dellien,R,180,BOL,25.117,106,530,RH25,,,Kenneth Raisma,L,193,EST,20.32,719,31,6-3 4-1 RET,3,R32,62,3,4,40,27,21,6,7,0,1,1,2,53,30,15,11,7,4,8
2018-221,Tampere,Clay,32,C,,20180729,2,BT68,,,Elliot Benchetrit,R,193,MAR,19.822,289,175,S483,2,,Pedro Sousa,R,180,POR,30.171,140,421,6-3 6-2,3,R32,57,4,1,46,30,24,12,9,0,0,1,0,53,38,22,8,8,5,8
2018-221,Tampere,Clay,32,C,,20180729,3,LB84,3,,Juan Ignacio Londero,R,180,ARG,24.953,136,424,O340,,,Roberto Ortega-Olmedo,R,168,ESP,27.247,318,151,6-1 7-5,3,R32,72,2,3,52,33,26,9,9,1,2,3,1,64,38,24,10,10,5,10
2018-221,Tampere,Clay,32,C,,20180729,4,TA29,4,,Marco Trungelliti,R,178,ARG,28.49,148,392,I306,,,Cem Ilkel,R,185,TUR,22.938,249,226,3-6 6-3 6-4,3,R32,114,7,5,83,46,31,16,14,9,14,6,2,81,52,32,12,14,7,13
2018-221,Tampere,Clay,32,C,,20180729,5,MQ75,5,,Kamil Majchrzak,R,183,POL,22.541,203,285,H924,,,Patricio Heras,R,183,ARG,29.517,306,159,6-1 6-4,3,R32,71,4,1,42,28,27,9,9,0,0,1,5,60,32,20,11,8,4,7
2018-221,Tampere,Clay,32,C,,20180729,6,GJ37,6,,Tallon Griekspoor,R,188,NED,22.073,223,252,BU54,,,Geoffrey Blancaneaux,R,180,FRA,19.973,362,120,6-1 6-3,3,R32,76,0,2,58,37,24,12,8,5,6,0,5,53,30,12,10,8,6,11
2018-221,Tampere,Clay,32,C,,20180729,7,HA71,7,,Antoine Hoang,R,183,FRA,22.732,220,259,H808,,,Harri Heliovaara,R,188,FIN,29.15,347,129,6-0 6-4,3,R32,73,3,3,46,32,24,6,8,1,2,0,0,67,42,24,8,8,6,11
2018-221,Tampere,Clay,32,C,,20180729,8,BM03,,,Filippo Baldi,R,180,ITA,22.549,291,174,SJ22,8,,Gleb Sakharov,R,185,FRA,30.133,241,233,7-6(1) 6-2,3,R32,97,3,4,75,44,31,18,10,4,5,2,4,67,42,30,9,10,5,8
2018-221,Tampere,Clay,32,C,,20180729,9,BH76,,,Riccardo Bellotti,R,,ITA,26.982,514,64,G985,,,Carlos Gomez-Herrera,R,191,ESP,28.246,295,170,3-2 RET,3,R32,39,1,1,28,22,10,4,2,5,6,0,1,16,7,4,2,3,1,3
2018-221,Tampere,Clay,32,C,,20180729,10,CG33,,,Kimmer Coppejans,R,178,BEL,24.471,310,157,SG64,,,Joao Souza,R,193,BRA,30.171,380,106,6-3 6-4,3,R32,73,4,0,54,41,34,7,10,3,3,1,0,49,42,29,3,9,1,3
2018-221,Tampere,Clay,32,C,,20180729,11,CC98,,,Martin Cuevas,R,191,URU,26.538,279,187,CG04,,,Pedro Cachin,R,185,ARG,23.296,268,199,6-3 4-6 6-3,3,R32,144,10,2,100,54,43,17,14,10,13,4,4,103,51,34,23,14,10,15
2018-221,Tampere,Clay,32,C,,20180729,12,D776,,,Thiemo de Bakker,R,193,NED,29.856,238,234,KI74,,,Nicola Kuhn,R,185,GER,18.357,359,122,7-6(5) 6-1,3,R32,86,9,3,69,40,30,14,10,6,7,3,4,62,41,26,8,9,2,5
2018-221,Tampere,Clay,32,C,,20180729,13,GE28,,,Ivan Gakhov,L,191,RUS,21.73,337,135,N754,,,Patrik Niklas-Salminen,L,188,FIN,21.399,612,45,6-2 7-6(5),3,R32,98,3,1,70,41,30,17,10,4,5,2,4,62,39,23,15,10,3,6
2018-221,Tampere,Clay,32,C,,20180729,14,LC11,,,Tristan Lamasine,R,183,FRA,25.399,408,96,V824,,,Mario Vilella Martinez,R,178,ESP,23.072,253,220,6-3 4-3 RET,3,R32,66,3,0,50,28,19,15,8,2,3,2,1,40,24,15,7,8,1,4
2018-221,Tampere,Clay,32,C,,20180729,15,MJ01,,,Roberto Marcora,R,193,ITA,28.912,364,118,RH24,,,Emil Ruusuvuori,R,188,FIN,19.324,436,84,6-3 6-4,3,R32,84,4,1,58,35,25,14,10,1,3,1,9,62,34,20,13,9,7,11
2018-221,Tampere,Clay,32,C,,20180729,16,SO20,,,Jelle Sels,R,188,NED,22.968,373,112,CC66,,,Andrea Collarini,L,183,ARG,26.491,280,184,6-4 6-3,3,R32,107,4,0,56,27,22,15,9,1,2,3,1,67,44,25,9,10,5,9
2018-221,Tampere,Clay,32,C,,20180729,17,DA31,1,,Hugo Dellien,R,180,BOL,25.117,106,530,SO20,,,Jelle Sels,R,188,NED,22.968,373,112,6-4 7-5,3,R16,93,0,2,58,43,32,9,11,3,4,1,2,72,43,32,12,11,9,12
2018-221,Tampere,Clay,32,C,,20180729,18,LB84,3,,Juan Ignacio Londero,R,180,ARG,24.953,136,424,MJ01,,,Roberto Marcora,R,193,ITA,28.912,364,118,3-6 6-4 6-2,3,R16,109,6,1,85,51,35,19,13,2,3,7,5,84,55,41,11,14,4,7
2018-221,Tampere,Clay,32,C,,20180729,19,TA29,4,,Marco Trungelliti,R,178,ARG,28.49,148,392,CG33,,,Kimmer Coppejans,R,178,BEL,24.471,310,157,7-6(5) 6-7(4) 7-5,3,R16,185,4,4,121,60,35,28,18,5,13,0,2,123,80,45,20,18,9,18
2018-221,Tampere,Clay,32,C,,20180729,20,MQ75,5,,Kamil Majchrzak,R,183,POL,22.541,203,285,BH76,,,Riccardo Bellotti,R,,ITA,26.982,514,64,6-0 6-1,3,R16,52,0,2,40,24,18,11,7,1,1,1,4,37,23,10,5,6,3,8
2018-221,Tampere,Clay,32,C,,20180729,21,GJ37,6,,Tallon Griekspoor,R,188,NED,22.073,223,252,CC98,,,Martin Cuevas,R,191,URU,26.538,279,187,6-4 6-4,3,R16,73,0,2,50,38,32,8,10,0,0,8,4,66,38,25,17,10,7,9
2018-221,Tampere,Clay,32,C,,20180729,22,HA71,7,,Antoine Hoang,R,183,FRA,22.732,220,259,GE28,,,Ivan Gakhov,L,191,RUS,21.73,337,135,7-5 2-6 6-1,3,R16,137,5,3,91,65,40,12,14,4,8,4,3,81,52,33,11,13,3,8
2018-221,Tampere,Clay,32,C,,20180729,23,D776,,,Thiemo de Bakker,R,193,NED,29.856,238,234,BT68,,,Elliot Benchetrit,R,193,MAR,19.822,289,175,6-4 3-6 6-1,3,R16,112,7,2,110,70,45,22,13,13,14,12,2,79,45,37,13,13,4,7
2018-221,Tampere,Clay,32,C,,20180729,24,LC11,,,Tristan Lamasine,R,183,FRA,25.399,408,96,BM03,,,Filippo Baldi,R,180,ITA,22.549,291,174,6-4 7-5,3,R16,112,2,1,84,49,32,21,11,4,5,5,4,82,58,37,12,11,8,11
2018-221,Tampere,Clay,32,C,,20180729,25,DA31,1,,Hugo Dellien,R,180,BOL,25.117,106,530,MQ75,5,,Kamil Majchrzak,R,183,POL,22.541,203,285,6-7(5) 6-3 6-1,3,QF,128,3,2,88,59,42,20,14,4,5,2,5,103,65,39,17,14,5,10
2018-221,Tampere,Clay,32,C,,20180729,26,LB84,3,,Juan Ignacio Londero,R,180,ARG,24.953,136,424,HA71,7,,Antoine Hoang,R,183,FRA,22.732,220,259,7-6(5) 6-4,3,QF,99,1,3,66,40,32,14,11,1,2,6,3,68,47,34,7,11,1,3
2018-221,Tampere,Clay,32,C,,20180729,27,GJ37,6,,Tallon Griekspoor,R,188,NED,22.073,223,252,TA29,4,,Marco Trungelliti,R,178,ARG,28.49,148,392,6-3 6-3,3,QF,65,4,0,48,32,24,13,9,0,0,4,3,52,29,20,10,9,5,8
2018-221,Tampere,Clay,32,C,,20180729,28,LC11,,,Tristan Lamasine,R,183,FRA,25.399,408,96,D776,,,Thiemo de Bakker,R,193,NED,29.856,238,234,7-6(2) 6-1,3,QF,78,5,0,49,28,24,16,9,0,0,5,1,68,37,21,15,10,3,6
2018-221,Tampere,Clay,32,C,,20180729,29,LB84,3,,Juan Ignacio Londero,R,180,ARG,24.953,136,424,DA31,1,,Hugo Dellien,R,180,BOL,25.117,106,530,6-4 6-2,3,SF,71,2,1,57,40,29,8,9,5,6,8,3,67,45,24,12,9,5,9
2018-221,Tampere,Clay,32,C,,20180729,30,GJ37,6,,Tallon Griekspoor,R,188,NED,22.073,223,252,LC11,,,Tristan Lamasine,R,183,FRA,25.399,408,96,6-4 7-5,3,SF,90,1,0,69,47,34,14,11,5,6,2,1,59,41,29,8,11,3,6
2018-221,Tampere,Clay,32,C,,20180729,31,GJ37,6,,Tallon Griekspoor,R,188,NED,22.073,223,252,LB84,3,,Juan Ignacio Londero,R,180,ARG,24.953,136,424,6-3 2-6 6-3,3,F,114,12,3,86,56,38,15,13,4,6,6,1,88,55,38,16,13,4,7
2018-600,Prague,Clay,32,C,,20180729,1,MH16,1,,Yannick Maden,R,185,GER,28.75,123,483,O482,,,Gonzalo Oliveira,L,185,VEN,23.444,265,201,6-3 6-3,3,R32,66,0,0,44,22,16,13,9,0,2,4,3,46,27,17,5,9,1,6
2018-600,Prague,Clay,32,C,,20180729,2,SC73,2,,Rogerio Dutra Silva,R,178,BRA,34.478,150,383,LB66,,,Constant Lestienne,R,180,FRA,26.182,218,260,6-2 6-4,3,R32,65,1,1,48,36,27,9,9,0,0,2,1,49,30,19,11,9,1,4
2018-600,Prague,Clay,32,C,,20180729,3,MJ71,3,,Mats Moraing,L,198,GER,26.105,152,375,KH56,,,Zdenek Kolar,R,183,CZE,21.802,232,241,7-6(6) 2-6 6-3,3,R32,125,5,11,96,47,37,19,15,7,11,9,12,100,56,41,18,14,6,9
2018-600,Prague,Clay,32,C,,20180729,4,LA93,4,,Enrique Lopez Perez,R,180,ESP,27.154,157,356,GA79,,,Lorenzo Giustino,R,180,ITA,26.883,221,258,6-2 6-7(2) 7-6(4),3,R32,193,9,8,123,69,50,27,16,8,11,4,6,136,77,50,28,16,10,15
2018-600,Prague,Clay,32,C,,20180729,5,V942,,,Tim van Rijthoven,R,188,NED,21.262,540,58,PG32,5,,Adam Pavlasek,R,185,CZE,23.806,181,318,6-3 6-7(2) 6-3,3,R32,131,5,5,117,71,49,21,16,9,12,5,0,85,47,33,20,14,5,10
2018-600,Prague,Clay,32,C,,20180729,6,R685,,,Lukas Rosol,R,193,CZE,33.013,261,204,BD80,6,,Attila Balazs,R,180,HUN,29.834,167,335,6-2 6-1,3,R32,57,1,3,42,24,22,8,7,1,1,4,6,55,36,19,6,8,6,11
2018-600,Prague,Clay,32,C,,20180729,7,O449,7,,Oscar Otte,R,193,GER,25.035,173,327,I236,,,Uladzimir Ignatik,R,183,BLR,28.041,212,270,2-6 6-4 6-1,3,R32,102,12,6,86,53,37,16,13,5,8,3,2,72,39,25,17,12,1,5
2018-600,Prague,Clay,32,C,,20180729,8,MO44,8,,Pedro Martinez,R,185,ESP,21.257,193,298,R09X,,,Jurij Rodionov,L,191,AUT,19.203,255,217,6-1 6-1,3,R32,44,1,1,35,21,20,9,7,1,1,1,1,39,21,11,3,7,3,8
2018-600,Prague,Clay,32,C,,20180729,9,CC32,,,Guilherme Clezar,R,180,BRA,25.574,192,298,BC72,,,Daniel Brands,R,196,GER,31.034,217,260,6-3 6-1,3,R32,49,3,0,39,33,28,4,8,0,0,7,2,44,27,19,6,8,4,8
2018-600,Prague,Clay,32,C,,20180729,10,D985,,,Joao Domingues,R,,POR,24.813,237,235,SK67,,,Jan Satral,R,185,CZE,28.014,425,88,6-1 6-3,3,R32,60,3,3,39,18,15,14,8,0,1,1,2,47,23,13,9,8,2,7
2018-600,Prague,Clay,32,C,,20180729,11,GC54,,,Scott Griekspoor,R,188,NED,27.548,210,271,P0CV,,,Marek Podlesak,,,CZE,18.96,,,6-1 6-4,3,R32,,,,,,,,,,,,,,,,,,,
2018-600,Prague,Clay,32,C,,20180729,12,HA28,,,Filip Horansky,R,191,SVK,25.555,259,214,N824,,,Pavel Nejedly,R,178,CZE,25.454,577,52,6-2 6-2,3,R32,72,1,4,60,35,26,11,8,6,7,0,7,60,33,17,12,8,1,6
2018-600,Prague,Clay,32,C,,20180729,13,N503,,,Aleksandr Nedovyesov,R,188,KAZ,31.45,264,202,SH37,,,Marc Sieber,L,178,GER,30.415,439,84,6-0 6-4,3,R32,53,10,0,46,31,25,8,8,1,1,0,6,43,22,18,5,8,1,5
2018-600,Prague,Clay,32,C,,20180729,14,RH13,,,Patrik Rikl,R,185,CZE,19.559,492,72,N561,,,Ivan Nedelko,R,185,RUS,32.214,235,236,5-7 7-5 6-4,3,R32,125,2,2,101,67,47,19,17,1,4,9,4,110,63,39,28,17,4,8
2018-600,Prague,Clay,32,C,,20180729,15,SN77,,,Vaclav Safranek,R,183,CZE,24.192,244,230,SM51,,,Dominik Sproch,,,SVK,25.016,1520,2,6-3 6-3,3,R32,67,0,0,60,40,27,11,9,4,6,3,4,54,24,14,12,9,3,8
2018-600,Prague,Clay,32,C,,20180729,16,Z419,,,Bernabe Zapata Miralles,R,183,ESP,21.541,285,179,RA51,,,Blaz Rola,L,193,SLO,27.814,222,253,7-6(8) 6-7(4) 6-4,3,R32,158,0,3,133,93,66,22,17,9,10,5,2,125,87,58,24,17,8,10
2018-600,Prague,Clay,32,C,,20180729,17,N503,,,Aleksandr Nedovyesov,R,188,KAZ,31.45,264,202,MH16,1,,Yannick Maden,R,185,GER,28.75,123,483,6-3 7-5,3,R16,93,4,1,73,46,33,11,11,4,7,0,1,58,34,22,8,10,3,8
2018-600,Prague,Clay,32,C,,20180729,18,SN77,,,Vaclav Safranek,R,183,CZE,24.192,244,230,SC73,2,,Rogerio Dutra Silva,R,178,BRA,34.478,150,383,6-4 6-4,3,R16,80,4,0,64,36,27,19,10,1,1,1,2,69,44,32,8,10,6,8
2018-600,Prague,Clay,32,C,,20180729,19,MJ71,3,,Mats Moraing,L,198,GER,26.105,152,375,RH13,,,Patrik Rikl,R,185,CZE,19.559,492,72,4-6 6-3 6-2,3,R16,111,13,7,92,57,48,14,14,6,7,8,0,103,79,50,12,13,13,16
2018-600,Prague,Clay,32,C,,20180729,20,LA93,4,,Enrique Lopez Perez,R,180,ESP,27.154,157,356,Z419,,,Bernabe Zapata Miralles,R,183,ESP,21.541,285,179,6-3 6-3,3,R16,62,3,3,53,28,20,17,9,2,3,2,4,48,24,15,10,9,1,5
2018-600,Prague,Clay,32,C,,20180729,21,HA28,,,Filip Horansky,R,191,SVK,25.555,259,214,O449,7,,Oscar Otte,R,193,GER,25.035,173,327,6-4 7-6(4),3,R16,104,2,3,72,51,36,9,11,3,5,3,4,96,60,34,18,11,12,15
2018-600,Prague,Clay,32,C,,20180729,22,MO44,8,,Pedro Martinez,R,185,ESP,21.257,193,298,GC54,,,Scott Griekspoor,R,188,NED,27.548,210,271,4-6 6-4 7-5,3,R16,128,5,4,75,45,38,19,16,0,2,8,4,97,53,41,21,16,6,9
2018-600,Prague,Clay,32,C,,20180729,23,CC32,,,Guilherme Clezar,R,180,BRA,25.574,192,298,V942,,,Tim van Rijthoven,R,188,NED,21.262,540,58,6-3 6-7(5) 6-4,3,R16,125,2,1,86,61,47,19,16,1,2,15,2,84,51,38,22,15,1,4
2018-600,Prague,Clay,32,C,,20180729,24,R685,,,Lukas Rosol,R,193,CZE,33.013,261,204,D985,,,Joao Domingues,R,,POR,24.813,237,235,7-5 6-4,3,R16,97,3,0,65,42,33,12,11,5,7,1,1,83,43,25,20,11,8,12
2018-600,Prague,Clay,32,C,,20180729,25,MO44,8,,Pedro Martinez,R,185,ESP,21.257,193,298,MJ71,3,,Mats Moraing,L,198,GER,26.105,152,375,6-2 6-3,3,QF,69,3,6,57,38,23,7,8,6,9,3,2,46,30,11,5,9,1,8
2018-600,Prague,Clay,32,C,,20180729,26,R685,,,Lukas Rosol,R,193,CZE,33.013,261,204,LA93,4,,Enrique Lopez Perez,R,180,ESP,27.154,157,356,1-6 6-2 7-6(6),3,QF,124,10,3,80,48,35,18,13,4,7,9,7,106,48,35,28,14,5,8
2018-600,Prague,Clay,32,C,,20180729,27,HA28,,,Filip Horansky,R,191,SVK,25.555,259,214,SN77,,,Vaclav Safranek,R,183,CZE,24.192,244,230,0-6 6-2 6-1,3,QF,68,4,2,63,39,26,9,10,5,9,0,0,54,40,22,5,11,2,8
2018-600,Prague,Clay,32,C,,20180729,28,N503,,,Aleksandr Nedovyesov,R,188,KAZ,31.45,264,202,CC32,,,Guilherme Clezar,R,180,BRA,25.574,192,298,6-4 7-6(3),3,QF,104,12,2,79,48,34,16,11,5,7,2,1,72,49,30,13,11,4,7
2018-600,Prague,Clay,32,C,,20180729,29,N503,,,Aleksandr Nedovyesov,R,188,KAZ,31.45,264,202,MO44,8,,Pedro Martinez,R,185,ESP,21.257,193,298,6-3 6-4,3,SF,101,2,3,79,62,46,5,10,3,3,1,5,77,52,31,14,9,9,11
2018-600,Prague,Clay,32,C,,20180729,30,R685,,,Lukas Rosol,R,193,CZE,33.013,261,204,HA28,,,Filip Horansky,R,191,SVK,25.555,259,214,1-6 6-3 7-6(5),3,SF,117,0,1,96,71,42,15,14,4,8,5,9,96,53,37,22,14,5,8
2018-600,Prague,Clay,32,C,,20180729,31,R685,,,Lukas Rosol,R,193,CZE,33.013,261,204,N503,,,Aleksandr Nedovyesov,R,188,KAZ,31.45,264,202,4-6 6-3 6-4,3,F,126,4,3,93,58,46,18,15,6,7,8,3,102,70,49,14,14,6,8
2018-670,Binghamton,Hard,32,C,,20180729,1,TC61,1,,Jordan Thompson,R,183,AUS,24.274,98,589,W503,,,James Ward,R,188,GBR,31.466,331,140,7-5 6-2,3,R32,74,15,2,50,39,34,7,10,1,1,7,4,67,38,25,14,10,1,4
2018-670,Binghamton,Hard,32,C,,20180729,2,G710,2,,Marcel Granollers,R,191,ESP,32.296,104,539,BF98,,,Alessandro Bega,R,170,ITA,27.546,304,161,7-5 6-4,3,R32,107,8,4,69,38,30,16,11,6,7,1,3,79,48,29,16,11,6,9
2018-670,Binghamton,Hard,32,C,,20180729,3,GA71,,,Laurynas Grigelis,R,183,LTU,26.957,270,196,F811,3,,Bjorn Fratangelo,R,183,USA,25.027,162,345,4-6 6-2 6-3,3,R32,99,14,4,73,44,39,13,14,0,2,6,7,85,52,32,18,13,8,12
2018-670,Binghamton,Hard,32,C,,20180729,4,TC12,,,Mikael Torpegaard,R,193,DEN,24.225,794,24,KA98,,,Bradley Klahn,L,183,USA,27.94,122,484,7-6(4) 7-6(3),3,R32,95,5,5,81,39,29,26,12,1,4,2,6,72,43,33,14,12,2,5
2018-670,Binghamton,Hard,32,C,,20180729,5,KC86,5,,Darian King,R,188,BAR,26.256,174,326,GF95,,,Hugo Grenier,R,196,FRA,22.349,352,125,3-6 6-3 6-4,3,R32,126,2,3,87,57,42,14,14,5,7,3,4,94,41,34,23,14,3,6
2018-670,Binghamton,Hard,32,C,,20180729,6,HG86,7,,Lloyd Harris,R,193,RSA,21.424,216,263,HB29,,,Andrew Harris,R,183,AUS,24.394,363,119,6-3 6-3,3,R32,61,5,2,47,28,22,12,9,0,1,2,5,50,30,19,7,9,1,5
2018-670,Binghamton,Hard,32,C,,20180729,7,CI14,8,,Jay Clarke,R,183,GBR,20.005,225,249,CH90,,,Yun seong Chung,R,178,KOR,20.339,335,137,6-1 7-6(4),3,R32,82,13,2,66,36,30,18,10,3,4,2,2,61,29,20,15,9,4,7
2018-670,Binghamton,Hard,32,C,,20180729,8,KE73,9,,Dominik Koepfer,L,180,GER,24.249,228,245,HB41,,,Jared Hiltzik,R,185,USA,24.057,427,88,6-3 7-5,3,R32,102,3,4,72,34,22,20,10,4,7,3,3,81,43,19,18,11,5,11
2018-670,Binghamton,Hard,32,C,,20180729,9,A09P,,,Alafia Ayeni,R,191,USA,18.968,1283,4,SF36,,,Igor Sijsling,R,191,NED,30.946,356,123,6-3 RET,3,R32,29,8,3,37,24,18,7,5,4,4,0,1,24,13,10,5,4,0,1
2018-670,Binghamton,Hard,32,C,,20180729,10,BS86,,,Tomas Barrios Vera,R,191,CHI,20.632,346,130,ME64,,,Saketh Myneni,R,193,IND,30.776,339,133,3-6 6-3 6-4,3,R32,96,2,7,79,42,34,21,14,1,2,12,3,82,54,39,17,14,3,5
2018-670,Binghamton,Hard,32,C,,20180729,11,CN78,,,Lucas Catarina,R,185,MON,21.922,358,123,BT45,,,William Blumberg,R,188,USA,20.504,680,35,6-4 2-6 6-4,3,R32,123,7,2,88,53,37,21,14,6,9,4,3,86,56,41,13,14,7,10
2018-670,Binghamton,Hard,32,C,,20180729,12,E687,,,Daniel Evans,R,175,GBR,28.183,322,146,W579,,,Alexander Ward,R,185,GBR,28.246,336,136,6-2 7-6(4),3,R32,104,2,2,56,36,29,14,10,1,2,6,5,73,46,32,11,10,9,12
2018-670,Binghamton,Hard,32,C,,20180729,13,GC88,,,Marcos Giron,R,180,USA,25.013,477,75,RC93,,,Martin Redlicki,L,196,USA,22.93,773,26,4-6 6-3 7-5,3,R32,125,10,5,99,58,47,19,16,6,8,11,6,88,48,35,23,15,3,6
2018-670,Binghamton,Hard,32,C,,20180729,14,GB42,,,Alejandro Gomez,R,183,COL,26.957,598,48,E768,,,Antoine Escoffier,R,185,FRA,26.412,393,101,6-2 6-4,3,R32,68,5,2,65,39,29,16,9,1,1,6,2,54,37,23,8,9,4,7
2018-670,Binghamton,Hard,32,C,,20180729,15,KD87,,,Evgeny Karlovskiy,R,191,RUS,23.975,250,225,RC04,,,Alexander Ritschard,R,193,SUI,24.348,495,70,6-2 6-4,3,R32,76,8,4,57,32,26,15,9,1,1,2,3,56,27,16,16,9,3,6
2018-670,Binghamton,Hard,32,C,,20180729,16,LD26,,,Edan Leshem,R,183,ISR,21.361,406,97,RG42,,,Alex Rybakov,L,185,USA,21.5,501,68,6-4 6-3,3,R32,99,4,4,56,33,25,12,9,5,6,3,3,76,48,29,13,10,11,15
2018-670,Binghamton,Hard,32,C,,20180729,17,TC61,1,,Jordan Thompson,R,183,AUS,24.274,98,589,BS86,,,Tomas Barrios Vera,R,191,CHI,20.632,346,130,6-1 6-3,3,R16,60,1,2,39,26,20,10,8,0,1,5,2,54,33,20,5,8,5,10
2018-670,Binghamton,Hard,32,C,,20180729,18,G710,2,,Marcel Granollers,R,191,ESP,32.296,104,539,CN78,,,Lucas Catarina,R,185,MON,21.922,358,123,6-2 6-4,3,R16,69,5,0,41,29,26,10,9,0,0,0,4,60,25,17,20,9,8,11
2018-670,Binghamton,Hard,32,C,,20180729,19,KC86,5,,Darian King,R,188,BAR,26.256,174,326,E687,,,Daniel Evans,R,175,GBR,28.183,322,146,6-3 7-6(3),3,R16,116,3,1,85,57,38,14,11,5,7,2,4,69,39,27,12,10,4,7
2018-670,Binghamton,Hard,32,C,,20180729,20,HG86,7,,Lloyd Harris,R,193,RSA,21.424,216,263,A09P,,,Alafia Ayeni,R,191,USA,18.968,1283,4,6-3 6-3,3,R16,71,2,2,54,32,26,9,9,1,3,1,4,53,33,18,7,9,1,6
2018-670,Binghamton,Hard,32,C,,20180729,21,CI14,8,,Jay Clarke,R,183,GBR,20.005,225,249,GC88,,,Marcos Giron,R,180,USA,25.013,477,75,3-6 6-3 6-2,3,R16,103,2,1,78,39,28,27,13,4,5,5,8,83,44,29,21,13,3,6
2018-670,Binghamton,Hard,32,C,,20180729,22,KE73,9,,Dominik Koepfer,L,180,GER,24.249,228,245,LD26,,,Edan Leshem,R,183,ISR,21.361,406,97,6-4 4-6 3-2 RET,3,R16,143,2,5,82,44,31,20,12,5,8,4,4,96,53,34,19,13,4,8
2018-670,Binghamton,Hard,32,C,,20180729,23,GA71,,,Laurynas Grigelis,R,183,LTU,26.957,270,196,GB42,,,Alejandro Gomez,R,183,COL,26.957,598,48,6-2 3-6 6-4,3,R16,94,9,6,80,46,37,16,13,5,7,2,6,76,51,34,13,14,0,4
2018-670,Binghamton,Hard,32,C,,20180729,24,KD87,,,Evgeny Karlovskiy,R,191,RUS,23.975,250,225,TC12,,,Mikael Torpegaard,R,193,DEN,24.225,794,24,6-2 6-4,3,R16,66,9,3,46,29,26,11,9,0,0,3,4,72,37,22,16,9,8,11
2018-670,Binghamton,Hard,32,C,,20180729,25,TC61,1,,Jordan Thompson,R,183,AUS,24.274,98,589,KE73,9,,Dominik Koepfer,L,180,GER,24.249,228,245,6-4 6-1,3,QF,66,3,2,48,34,25,9,9,1,2,1,4,48,26,14,9,8,3,7
2018-670,Binghamton,Hard,32,C,,20180729,26,G710,2,,Marcel Granollers,R,191,ESP,32.296,104,539,HG86,7,,Lloyd Harris,R,193,RSA,21.424,216,263,6-1 6-2,3,QF,63,0,2,46,28,21,12,8,0,0,2,3,51,33,18,7,7,5,9
2018-670,Binghamton,Hard,32,C,,20180729,27,GA71,,,Laurynas Grigelis,R,183,LTU,26.957,270,196,KC86,5,,Darian King,R,188,BAR,26.256,174,326,4-6 6-2 7-6(4),3,QF,130,8,0,92,57,40,14,15,6,12,5,6,102,65,34,19,15,5,12
2018-670,Binghamton,Hard,32,C,,20180729,28,CI14,8,,Jay Clarke,R,183,GBR,20.005,225,249,KD87,,,Evgeny Karlovskiy,R,191,RUS,23.975,250,225,1-6 6-2 6-4,3,QF,105,4,4,76,42,25,20,12,5,8,9,0,67,46,32,10,13,3,7
2018-670,Binghamton,Hard,32,C,,20180729,29,TC61,1,,Jordan Thompson,R,183,AUS,24.274,98,589,GA71,,,Laurynas Grigelis,R,183,LTU,26.957,270,196,6-4 6-3,3,SF,85,6,3,68,54,38,5,10,5,6,4,1,53,31,22,8,9,2,5
2018-670,Binghamton,Hard,32,C,,20180729,30,CI14,8,,Jay Clarke,R,183,GBR,20.005,225,249,G710,2,,Marcel Granollers,R,191,ESP,32.296,104,539,6-4 6-3,3,SF,89,2,4,67,38,28,15,10,8,9,4,2,53,28,16,15,9,4,7
2018-670,Binghamton,Hard,32,C,,20180729,31,CI14,8,,Jay Clarke,R,183,GBR,20.005,225,249,TC61,1,,Jordan Thompson,R,183,AUS,24.274,98,589,6-7(6) 7-6(5) 6-4,3,F,176,6,5,115,59,46,33,17,2,3,4,9,120,82,61,16,17,7,9
2018-7920,Padova,Clay,32,C,,20180729,1,Z246,,,Miljan Zekic,R,185,SRB,30.045,288,178,MI43,1,,Gerald Melzer,L,188,AUT,28.044,112,510,1-5 RET,3,R32,31,1,1,20,14,8,1,3,2,4,0,1,20,13,10,3,3,1,1
2018-7920,Padova,Clay,32,C,,20180729,2,E766,,,Edoardo Eremin,R,185,ITA,24.813,758,27,BA98,2,,Simone Bolelli,R,183,ITA,32.805,145,401,6-1 3-6 6-2,3,R32,94,4,5,64,32,25,18,12,3,5,0,0,62,47,28,8,12,1,6
2018-7920,Padova,Clay,32,C,,20180729,3,MF35,3,,Andrej Martin,R,183,SVK,28.854,163,343,V620,,,Agustin Velotti,R,,ARG,26.179,538,58,6-2 6-4,3,R32,79,3,2,48,31,27,9,9,0,0,0,1,66,45,29,7,9,4,7
2018-7920,Padova,Clay,32,C,,20180729,4,GD64,,,Cristian Garin,R,185,CHI,22.163,159,350,BM95,,,Benjamin Bonzi,R,183,FRA,22.136,296,169,6-7(5) 6-3 6-2,3,R32,122,3,8,111,67,41,24,15,8,12,2,3,88,50,26,17,14,3,10
2018-7920,Padova,Clay,32,C,,20180729,5,PC78,,,Ante Pavic,R,196,CRO,29.394,248,227,Q948,5,,Gianluigi Quinzi,L,191,ITA,22.489,161,347,7-6(3) 6-4,3,R32,81,20,3,61,39,32,16,11,0,0,5,2,66,35,27,16,11,0,1
2018-7920,Padova,Clay,32,C,,20180729,6,G935,,,Sergio Gutierrez-Ferrol,R,,ESP,29.399,205,281,G676,6,,Daniel Gimeno-Traver,R,183,ESP,32.975,185,313,6-3 6-3,3,R32,69,5,2,48,34,28,10,9,1,1,0,4,64,28,16,21,9,4,7
2018-7920,Padova,Clay,32,C,,20180729,7,DG80,,,Enrico Dalla Valle,R,196,ITA,20.356,815,23,O408,8,,Ricardo Ojeda Lara,R,178,ESP,25.503,199,293,6-7(2) 6-1 6-3,3,R32,134,4,3,79,56,44,10,14,2,4,1,3,92,71,40,8,14,6,12
2018-7920,Padova,Clay,32,C,,20180729,8,A622,9,,Andrea Arnaboldi,L,180,ITA,30.587,200,291,CH12,,,Jan Choinski,R,196,GBR,22.133,275,191,6-2 6-0,3,R32,64,4,2,40,24,18,12,7,1,1,0,1,43,23,13,5,7,3,8
2018-7920,Padova,Clay,32,C,,20180729,9,BG72,,,Carlos Boluda-Purkiss,R,173,ESP,25.514,276,190,MM60,,,Joao Monteiro,R,178,PRT,24.586,324,145,6-4 6-3,3,R32,84,1,1,51,36,24,6,9,0,3,1,1,62,38,19,9,10,7,13
2018-7920,Padova,Clay,32,C,,20180729,10,BE68,,,Tomislav Brkic,R,185,BIH,28.389,246,228,BD20,,,Thomaz Bellucci,L,188,BRA,30.579,266,200,2-6 7-5 6-1,3,R32,120,4,1,80,48,33,19,14,2,5,7,1,87,58,41,10,13,6,10
2018-7920,Padova,Clay,32,C,,20180729,11,D981,,,Arthur De Greef,R,183,BEL,26.338,254,218,A941,,,Facundo Arguello,R,178,ARG,25.982,258,215,6-7(2) 2-3 RET,3,R32,120,1,2,81,51,28,15,8,8,10,2,3,58,36,24,14,9,2,4
2018-7920,Padova,Clay,32,C,,20180729,12,GB53,,,Federico Gaio,R,178,ITA,26.398,263,204,M915,,,Daniel Munoz de la Nava,L,175,ESP,36.496,344,131,6-7(0) 6-4 6-3,3,R32,132,10,6,89,51,40,17,15,2,4,3,2,92,66,45,14,16,2,7
2018-7920,Padova,Clay,32,C,,20180729,13,GK24,,,Luca Giacomini,R,170,ITA,20.761,657,39,T868,,,Walter Trusendi,,,ITA,33.566,1001,11,6-3 3-6 6-2,3,R32,127,0,1,79,61,38,10,13,3,6,4,1,72,37,25,18,13,3,8
2018-7920,Padova,Clay,32,C,,20180729,14,MP83,,,Gian Marco Moroni,R,185,ITA,20.454,256,217,BU10,,,Jacopo Berrettini,R,191,ITA,19.669,606,47,6-7(2) 6-0 7-6(3),3,R32,143,4,3,91,53,38,28,15,0,1,4,2,104,58,44,19,15,7,11
2018-7920,Padova,Clay,32,C,,20180729,15,R419,,,Tommy Robredo,R,180,ESP,36.244,242,232,V490,,,Matteo Viola,R,185,ITA,31.061,277,190,1-6 6-1 6-1,3,R32,91,3,1,64,41,26,11,10,0,3,0,3,74,52,29,7,11,5,11
2018-7920,Padova,Clay,32,C,,20180729,16,V836,,,Juan Pablo Varillas,R,185,PER,22.812,374,111,ML57,,,Gianluca Mager,R,188,ITA,23.658,330,141,7-5 4-6 6-2,3,R32,143,12,5,95,46,33,29,15,6,8,7,3,93,50,34,24,15,1,5
2018-7920,Padova,Clay,32,C,,20180729,17,BG72,,,Carlos Boluda-Purkiss,R,173,ESP,25.514,276,190,MF35,3,,Andrej Martin,R,183,SVK,28.854,163,343,6-1 2-0 RET,3,R16,40,0,1,29,19,16,5,5,0,0,0,0,32,27,11,2,4,4,7
2018-7920,Padova,Clay,32,C,,20180729,18,V836,,,Juan Pablo Varillas,R,185,PER,22.812,374,111,GD64,,,Cristian Garin,R,185,CHI,22.163,159,350,6-3 7-6(3),3,R16,104,4,3,73,45,32,17,11,1,2,11,4,80,47,31,17,10,7,9
2018-7920,Padova,Clay,32,C,,20180729,19,R419,,,Tommy Robredo,R,180,ESP,36.244,242,232,A622,9,,Andrea Arnaboldi,L,180,ITA,30.587,200,291,6-4 7-6(2),3,R16,116,4,4,73,49,36,12,11,10,12,3,2,74,37,26,17,11,5,8
2018-7920,Padova,Clay,32,C,,20180729,20,BE68,,,Tomislav Brkic,R,185,BIH,28.389,246,228,DG80,,,Enrico Dalla Valle,R,196,ITA,20.356,815,23,6-2 6-4,3,R16,75,0,2,49,24,20,18,9,3,3,1,0,60,41,25,9,9,5,8
2018-7920,Padova,Clay,32,C,,20180729,21,GB53,,,Federico Gaio,R,178,ITA,26.398,263,204,Z246,,,Miljan Zekic,R,185,SRB,30.045,288,178,7-6(1) 7-5,3,R16,98,6,4,73,36,30,24,12,0,0,6,2,77,47,36,13,12,2,3
2018-7920,Padova,Clay,32,C,,20180729,22,G935,,,Sergio Gutierrez-Ferrol,R,,ESP,29.399,205,281,GK24,,,Luca Giacomini,R,170,ITA,20.761,657,39,W/O,3,R16,,,,,,,,,,,,,,,,,,,
2018-7920,Padova,Clay,32,C,,20180729,23,MP83,,,Gian Marco Moroni,R,185,ITA,20.454,256,217,E766,,,Edoardo Eremin,R,185,ITA,24.813,758,27,6-7(2) 7-6(5) 4-1 RET,3,R16,177,1,4,128,96,63,10,15,12,15,3,5,114,60,43,22,14,7,11
2018-7920,Padova,Clay,32,C,,20180729,24,PC78,,,Ante Pavic,R,196,CRO,29.394,248,227,D981,,,Arthur De Greef,R,183,BEL,26.338,254,218,6-4 6-7(1) 6-4,3,R16,136,10,3,99,68,51,14,16,0,2,6,1,94,54,36,28,16,0,4
2018-7920,Padova,Clay,32,C,,20180729,25,GB53,,,Federico Gaio,R,178,ITA,26.398,263,204,PC78,,,Ante Pavic,R,196,CRO,29.394,248,227,6-4 7-5,3,QF,100,8,6,72,33,27,21,11,3,4,9,5,78,49,36,11,11,11,14
2018-7920,Padova,Clay,32,C,,20180729,26,G935,,,Sergio Gutierrez-Ferrol,R,,ESP,29.399,205,281,BG72,,,Carlos Boluda-Purkiss,R,173,ESP,25.514,276,190,6-2 6-4,3,QF,74,3,1,64,43,33,10,9,5,5,0,1,57,43,27,5,9,4,7
2018-7920,Padova,Clay,32,C,,20180729,27,R419,,,Tommy Robredo,R,180,ESP,36.244,242,232,MP83,,,Gian Marco Moroni,R,185,ITA,20.454,256,217,3-6 6-3 6-2,3,QF,111,1,0,71,50,37,11,13,1,3,1,3,82,59,40,9,13,7,11
2018-7920,Padova,Clay,32,C,,20180729,28,V836,,,Juan Pablo Varillas,R,185,PER,22.812,374,111,BE68,,,Tomislav Brkic,R,185,BIH,28.389,246,228,6-1 6-1,3,QF,59,7,0,44,24,20,11,7,5,5,1,6,53,29,16,6,7,2,7
2018-7920,Padova,Clay,32,C,,20180729,29,GB53,,,Federico Gaio,R,178,ITA,26.398,263,204,V836,,,Juan Pablo Varillas,R,185,PER,22.812,374,111,6-4 6-4,3,SF,86,9,7,60,31,25,14,10,4,6,2,4,72,37,17,21,10,7,11
2018-7920,Padova,Clay,32,C,,20180729,30,G935,,,Sergio Gutierrez-Ferrol,R,,ESP,29.399,205,281,R419,,,Tommy Robredo,R,180,ESP,36.244,242,232,3-6 6-1 6-2,3,SF,90,3,2,64,39,33,15,12,3,4,2,2,71,46,30,10,12,5,9
2018-7920,Padova,Clay,32,C,,20180729,31,G935,,,Sergio Gutierrez-Ferrol,R,,ESP,29.399,205,281,GB53,,,Federico Gaio,R,178,ITA,26.398,263,204,6-2 3-6 6-1,3,F,106,4,1,82,49,34,16,12,6,9,4,2,92,54,30,17,12,10,16
2018-877,Granby,Hard,32,C,,20180729,1,H996,1,,Pierre-Hugues Herbert,R,188,FRA,27.365,79,725,ME31,,,Vincent Millot,L,173,FRA,32.493,290,174,7-6(4) 6-0,3,R32,79,9,2,59,35,26,17,9,0,1,3,5,67,34,21,15,9,2,6
2018-877,Granby,Hard,32,C,,20180729,2,PB22,3,,Peter Polansky,R,183,CAN,30.119,134,433,TF58,,,Yusuke Takahashi,R,170,JPN,20.78,353,125,6-4 6-1,3,R32,57,4,1,42,25,20,14,8,1,1,1,1,47,24,17,10,9,1,5
2018-877,Granby,Hard,32,C,,20180729,3,DA86,,,Joris De Loore,R,191,BEL,25.27,432,85,BC65,4,,Matthias Bachinger,R,188,GER,31.324,158,351,6-3 4-6 6-2,3,R32,107,5,3,87,57,42,13,14,5,9,3,6,82,49,30,15,13,5,11
2018-877,Granby,Hard,32,C,,20180729,4,SP24,,,Brayden Schnur,R,193,CAN,23.069,233,240,BI23,5,,Liam Broady,L,183,GBR,24.564,184,313,6-4 6-4,3,R32,75,6,0,55,40,31,11,10,0,0,3,0,63,44,32,8,10,1,3
2018-877,Granby,Hard,32,C,,20180729,5,GB93,6,,Norbert Gombos,R,193,SVK,27.959,182,314,U120,,,Kaichi Uchida,R,180,JPN,23.932,300,162,6-1 6-4,3,R32,70,7,2,61,45,31,6,9,5,7,0,4,48,27,19,4,8,3,8
2018-877,Granby,Hard,32,C,,20180729,6,PF65,7,,Filip Peliwo,R,180,POL,24.493,206,279,MN70,,,Joao Menezes,R,185,BRA,21.613,302,161,6-4 6-3,3,R32,87,3,7,61,30,20,16,9,2,4,3,0,61,45,23,7,10,4,9
2018-877,Granby,Hard,32,C,,20180729,7,U134,,,Yasutaka Uchiyama,R,183,JPN,25.979,260,206,KC12,8,,Mitchell Krueger,R,188,USA,24.542,214,266,7-6(3) 6-3,3,R32,104,8,1,61,43,34,13,11,0,1,3,0,78,46,27,18,10,9,11
2018-877,Granby,Hard,32,C,,20180729,8,AB71,,,JC Aragone,R,178,USA,23.086,284,179,MM10,,,Samuel Monette,L,180,CAN,24.537,488,72,6-4 6-4,3,R32,75,14,0,61,39,31,14,10,4,4,2,2,71,44,26,16,10,1,3
2018-877,Granby,Hard,32,C,,20180729,9,D499,,,Frank Dancevic,R,185,CAN,33.837,328,142,GA48,,,Takanyi Garanganga,R,185,ZIM,27.893,450,81,6-4 6-4,3,R32,69,8,1,50,36,32,9,10,0,0,4,2,64,42,30,11,10,2,4
2018-877,Granby,Hard,32,C,,20180729,10,HH26,,,Ugo Humbert,L,188,FRA,20.09,219,260,GK06,,,Alexis Galarneau,R,180,CAN,19.409,697,33,6-4 6-2,3,R32,88,8,2,59,35,24,15,9,3,4,2,2,52,34,21,7,9,3,7
2018-877,Granby,Hard,32,C,,20180729,11,L733,,,Zhe Li,R,183,CHN,31.855,273,194,TB70,,,Wishaya Trongcharoenchaikul,R,,THA,23.307,447,81,6-2 6-1,3,R32,71,3,1,46,31,24,11,7,3,3,5,4,62,40,22,6,8,5,10
2018-877,Granby,Hard,32,C,,20180729,12,MO55,,,Lucas Miedler,R,183,AUT,22.103,231,241,SX96,,,Benjamin Sigouin,R,191,CAN,19.154,682,35,6-3 2-6 6-4,3,R32,108,6,4,82,52,38,17,14,4,6,6,2,66,36,31,19,13,2,4
2018-877,Granby,Hard,32,C,,20180729,13,N679,,,Stefano Napolitano,R,196,ITA,23.299,240,233,GE73,,,Jacob Grills,R,,AUS,23.113,583,50,6-1 7-6(5),3,R32,96,6,1,63,33,25,17,9,0,1,0,6,72,50,30,8,10,7,11
2018-877,Granby,Hard,32,C,,20180729,14,N663,,,Maximilian Neuchrist,R,,AUT,27.02,252,223,KA22,,,Dayne Kelly,R,,AUS,28.016,338,134,4-6 6-3 7-6(5),3,R32,153,15,4,113,78,58,15,16,14,16,6,5,92,55,42,19,15,7,9
2018-877,Granby,Hard,32,C,,20180729,15,SL07,,,Alexander Sarkissian,R,191,USA,28.32,387,104,MN44,,,Bradley Mousley,R,188,AUS,22.568,316,151,3-6 7-6(5) 6-4,3,R32,151,7,2,89,43,34,30,15,1,2,18,6,118,68,51,25,16,7,8
2018-877,Granby,Hard,32,C,,20180729,16,TD55,,,Renta Tokuda,R,178,JPN,20.334,321,148,KB12,,,Pavel Krainik,R,,CAN,25.832,652,40,6-3 6-3,3,R32,64,4,1,54,36,29,12,9,4,4,3,2,56,28,20,13,9,4,7
2018-877,Granby,Hard,32,C,,20180729,17,HH26,,,Ugo Humbert,L,188,FRA,20.09,219,260,H996,1,,Pierre-Hugues Herbert,R,188,FRA,27.365,79,725,6-4 6-4,3,R16,76,4,2,58,35,27,12,10,1,2,7,7,62,40,26,10,10,6,9
2018-877,Granby,Hard,32,C,,20180729,18,PB22,3,,Peter Polansky,R,183,CAN,30.119,134,433,L733,,,Zhe Li,R,183,CHN,31.855,273,194,6-4 6-3,3,R16,75,6,2,55,33,27,15,10,1,1,8,5,66,41,26,13,9,5,7
2018-877,Granby,Hard,32,C,,20180729,19,GB93,6,,Norbert Gombos,R,193,SVK,27.959,182,314,N663,,,Maximilian Neuchrist,R,,AUT,27.02,252,223,6-4 7-6(3),3,R16,106,7,2,70,45,34,16,11,0,0,10,3,84,61,43,8,11,8,9
2018-877,Granby,Hard,32,C,,20180729,20,SL07,,,Alexander Sarkissian,R,191,USA,28.32,387,104,PF65,7,,Filip Peliwo,R,180,POL,24.493,206,279,6-4 6-3,3,R16,82,7,1,69,36,25,22,10,2,2,6,4,60,28,20,15,9,8,10
2018-877,Granby,Hard,32,C,,20180729,21,D499,,,Frank Dancevic,R,185,CAN,33.837,328,142,MO55,,,Lucas Miedler,R,183,AUT,22.103,231,241,6-4 6-4,3,R16,68,6,1,50,28,22,18,10,0,0,2,1,66,44,29,11,10,4,6
2018-877,Granby,Hard,32,C,,20180729,22,DA86,,,Joris De Loore,R,191,BEL,25.27,432,85,TD55,,,Renta Tokuda,R,178,JPN,20.334,321,148,6-1 7-5,3,R16,70,8,4,53,33,31,10,10,0,0,0,3,55,30,18,14,9,1,4
2018-877,Granby,Hard,32,C,,20180729,23,N679,,,Stefano Napolitano,R,196,ITA,23.299,240,233,U134,,,Yasutaka Uchiyama,R,183,JPN,25.979,260,206,6-4 7-6(5),3,R16,97,6,2,65,35,27,20,11,0,1,9,3,68,44,33,12,11,0,2
2018-877,Granby,Hard,32,C,,20180729,24,SP24,,,Brayden Schnur,R,193,CAN,23.069,233,240,AB71,,,JC Aragone,R,178,USA,23.086,284,179,6-3 6-4,3,R16,74,6,1,58,33,24,18,10,3,4,8,4,53,33,21,9,9,2,5
2018-877,Granby,Hard,32,C,,20180729,25,PB22,3,,Peter Polansky,R,183,CAN,30.119,134,433,N679,,,Stefano Napolitano,R,196,ITA,23.299,240,233,7-5 7-6(2),3,QF,114,5,3,84,38,31,26,12,2,3,11,0,79,44,33,16,12,5,7
2018-877,Granby,Hard,32,C,,20180729,26,GB93,6,,Norbert Gombos,R,193,SVK,27.959,182,314,DA86,,,Joris De Loore,R,191,BEL,25.27,432,85,6-4 6-4,3,QF,77,8,6,60,36,32,13,10,3,3,12,0,64,44,33,9,10,3,5
2018-877,Granby,Hard,32,C,,20180729,27,D499,,,Frank Dancevic,R,185,CAN,33.837,328,142,SL07,,,Alexander Sarkissian,R,191,USA,28.32,387,104,1-6 6-2 6-4,3,QF,104,14,4,64,37,32,11,12,1,4,5,7,102,58,37,20,13,13,17
2018-877,Granby,Hard,32,C,,20180729,28,HH26,,,Ugo Humbert,L,188,FRA,20.09,219,260,SP24,,,Brayden Schnur,R,193,CAN,23.069,233,240,5-7 6-3 4-1 RET,3,QF,137,10,3,79,49,34,18,13,3,5,5,6,103,65,40,18,13,10,14
2018-877,Granby,Hard,32,C,,20180729,29,PB22,3,,Peter Polansky,R,183,CAN,30.119,134,433,D499,,,Frank Dancevic,R,185,CAN,33.837,328,142,7-6(6) 6-4,3,SF,101,11,3,80,41,30,23,11,1,2,11,3,88,55,38,18,11,8,10
2018-877,Granby,Hard,32,C,,20180729,30,HH26,,,Ugo Humbert,L,188,FRA,20.09,219,260,GB93,6,,Norbert Gombos,R,193,SVK,27.959,182,314,6-3 4-6 6-4,3,SF,120,10,7,96,57,46,14,15,7,11,5,9,88,49,32,18,14,5,10
2018-877,Granby,Hard,32,C,,20180729,31,PB22,3,,Peter Polansky,R,183,CAN,30.119,134,433,HH26,,,Ugo Humbert,L,188,FRA,20.09,219,260,6-4 1-6 6-2,3,F,109,7,3,86,41,30,23,12,8,10,12,2,72,48,35,13,13,1,4
2018-586,Lexington,Hard,32,C,,20180730,1,PG94,2,,Marc Polmans,R,188,AUS,21.243,178,320,BF98,,,Alessandro Bega,R,170,ITA,27.548,307,161,6-4 6-0,3,R32,61,7,2,44,29,24,9,8,0,0,1,1,52,33,18,10,8,1,5
2018-586,Lexington,Hard,32,C,,20180730,2,ME64,,,Saketh Myneni,R,193,IND,30.779,342,133,GB93,3,,Norbert Gombos,R,193,SVK,27.962,171,327,7-5 7-6(5),3,R32,93,16,2,76,53,37,14,12,6,9,0,5,80,60,36,11,12,5,9
2018-586,Lexington,Hard,32,C,,20180730,3,GH92,,,Borna Gojo,R,196,CRO,20.419,624,43,BI23,4,,Liam Broady,L,183,GBR,24.567,192,300,6-4 7-6(4),3,R32,101,12,5,67,34,31,15,11,1,3,0,2,73,47,32,13,11,3,6
2018-586,Lexington,Hard,32,C,,20180730,4,MN70,,,Joao Menezes,R,185,BRA,21.615,305,161,PH71,5,,Max Purcell,R,185,AUS,20.323,228,249,6-1 6-4,3,R32,78,5,1,71,39,32,15,9,9,9,4,2,47,20,16,12,8,1,4
2018-586,Lexington,Hard,32,C,,20180730,5,HG86,6,,Lloyd Harris,R,193,RSA,21.426,208,278,U134,,,Yasutaka Uchiyama,R,183,JPN,25.982,270,197,6-4 6-4,3,R32,96,10,1,51,36,30,11,10,0,0,5,3,78,48,32,15,10,10,12
2018-586,Lexington,Hard,32,C,,20180730,6,CI14,7,,Jay Clarke,R,183,GBR,20.008,175,323,LD26,,,Edan Leshem,R,183,ISR,21.363,385,104,6-4 6-4,3,R32,69,3,0,57,37,29,13,10,5,6,5,3,54,32,23,12,10,1,4
2018-586,Lexington,Hard,32,C,,20180730,7,N679,8,,Stefano Napolitano,R,196,ITA,23.302,233,244,RG42,,,Alex Rybakov,L,185,USA,21.503,523,61,6-4 6-3,3,R32,88,3,2,59,34,27,15,9,6,6,3,1,67,51,30,8,10,6,9
2018-586,Lexington,Hard,32,C,,20180730,8,AC84,,,Collin Altamirano,R,188,USA,22.645,372,113,GF95,,,Hugo Grenier,R,196,FRA,22.352,352,125,6-7(4) 7-6(2) 6-4,3,R32,170,7,3,116,74,52,26,17,5,7,8,7,113,67,52,21,17,2,5
2018-586,Lexington,Hard,32,C,,20180730,9,CH90,,,Yun seong Chung,R,178,KOR,20.342,338,136,BS17,,,William Bushamuka,R,185,USA,22.513,1512,2,6-2 6-3,3,R32,61,3,1,46,26,22,10,8,2,3,3,5,49,28,17,6,9,0,5
2018-586,Lexington,Hard,32,C,,20180730,10,DA86,,,Joris De Loore,R,191,BEL,25.273,377,107,BS86,,,Tomas Barrios Vera,R,191,CHI,20.635,335,137,1-6 7-6(4) 6-4,3,R32,128,10,4,92,53,41,19,14,5,8,9,5,96,55,43,22,15,3,5
2018-586,Lexington,Hard,32,C,,20180730,11,HB29,,,Andrew Harris,R,183,AUS,24.397,361,122,TC12,,,Mikael Torpegaard,R,193,DEN,24.227,686,34,7-6(0) 7-6(4),3,R32,125,3,2,84,57,39,14,12,6,9,12,3,98,55,40,13,12,5,8
2018-586,Lexington,Hard,32,C,,20180730,12,J439,,,Tom Jomby,R,198,FRA,27.444,437,85,CN78,,,Lucas Catarina,R,185,MON,21.925,374,112,6-2 7-6(5),3,R32,88,12,4,66,40,24,15,10,4,7,2,2,71,45,24,13,10,3,8
2018-586,Lexington,Hard,32,C,,20180730,13,SR79,,,Ronnie Schneider,R,175,USA,23.838,529,61,SF36,,,Igor Sijsling,R,191,NED,30.949,356,123,6-2 6-4,3,R32,85,4,6,73,45,33,15,9,6,6,3,0,72,37,23,16,9,7,10
2018-586,Lexington,Hard,32,C,,20180730,14,U120,,,Kaichi Uchida,R,180,JPN,23.934,309,160,KA22,,,Dayne Kelly,R,,AUS,28.019,330,139,6-2 6-4,3,R32,72,4,2,46,27,26,10,9,0,0,6,6,56,28,22,10,9,5,8
2018-586,Lexington,Hard,32,C,,20180730,15,W579,,,Alexander Ward,R,185,GBR,28.249,337,136,R0A5,,,Sam Riffice,R,188,USA,19.414,698,33,6-3 6-1,3,R32,67,5,3,50,28,21,12,8,2,3,1,2,41,16,8,9,8,1,6
2018-586,Lexington,Hard,32,C,,20180730,16,W09G,,,J.J. Wolf,R,183,USA,19.606,656,38,E687,,,Daniel Evans,R,175,GBR,28.186,315,153,6-0 7-6(5),3,R32,109,12,4,62,31,26,18,9,3,4,6,4,81,53,32,10,9,10,14
2018-586,Lexington,Hard,32,C,,20180730,17,DA86,,,Joris De Loore,R,191,BEL,25.273,377,107,PG94,2,,Marc Polmans,R,188,AUS,21.243,178,320,1-6 6-3 6-4,3,R16,118,4,2,70,42,27,14,13,3,8,0,6,76,41,29,14,13,4,9
2018-586,Lexington,Hard,32,C,,20180730,18,HG86,6,,Lloyd Harris,R,193,RSA,21.426,208,278,U120,,,Kaichi Uchida,R,180,JPN,23.934,309,160,6-4 6-4,3,R16,79,11,1,55,32,27,11,10,4,6,0,4,58,35,22,9,10,1,5
2018-586,Lexington,Hard,32,C,,20180730,19,CI14,7,,Jay Clarke,R,183,GBR,20.008,175,323,HB29,,,Andrew Harris,R,183,AUS,24.397,361,122,6-3 6-3,3,R16,82,6,4,58,34,26,9,9,5,7,1,3,58,32,20,9,9,6,11
2018-586,Lexington,Hard,32,C,,20180730,20,N679,8,,Stefano Napolitano,R,196,ITA,23.302,233,244,W579,,,Alexander Ward,R,185,GBR,28.249,337,136,6-3 2-6 6-3,3,R16,125,2,1,88,52,37,16,13,6,9,3,4,75,43,28,17,13,4,8
2018-586,Lexington,Hard,32,C,,20180730,21,AC84,,,Collin Altamirano,R,188,USA,22.645,372,113,MN70,,,Joao Menezes,R,185,BRA,21.615,305,161,6-3 6-4,3,R16,87,1,5,66,35,27,17,10,5,6,2,0,56,37,26,7,9,3,6
2018-586,Lexington,Hard,32,C,,20180730,22,CH90,,,Yun seong Chung,R,178,KOR,20.342,338,136,W09G,,,J.J. Wolf,R,183,USA,19.606,656,38,6-3 6-7(9) 7-5,3,R16,153,6,3,122,81,53,20,16,9,13,12,10,121,65,48,18,17,10,17
2018-586,Lexington,Hard,32,C,,20180730,23,GH92,,,Borna Gojo,R,196,CRO,20.419,624,43,J439,,,Tom Jomby,R,198,FRA,27.444,437,85,7-5 4-6 7-6(6),3,R16,157,9,9,136,79,56,23,17,10,14,7,13,124,66,52,20,17,14,18
2018-586,Lexington,Hard,32,C,,20180730,24,SR79,,,Ronnie Schneider,R,175,USA,23.838,529,61,ME64,,,Saketh Myneni,R,193,IND,30.779,342,133,5-4 RET,3,R16,34,0,0,19,13,10,6,4,0,0,4,3,34,20,15,6,5,2,3
2018-586,Lexington,Hard,32,C,,20180730,25,HG86,6,,Lloyd Harris,R,193,RSA,21.426,208,278,SR79,,,Ronnie Schneider,R,175,USA,23.838,529,61,6-3 6-2,3,QF,80,9,3,59,35,28,13,9,1,1,0,2,55,33,19,10,8,5,8
2018-586,Lexington,Hard,32,C,,20180730,26,CH90,,,Yun seong Chung,R,178,KOR,20.342,338,136,CI14,7,,Jay Clarke,R,183,GBR,20.008,175,323,6-3 3-0 RET,3,QF,60,4,3,41,23,20,10,6,2,2,3,4,50,20,12,13,6,5,8
2018-586,Lexington,Hard,32,C,,20180730,27,N679,8,,Stefano Napolitano,R,196,ITA,23.302,233,244,GH92,,,Borna Gojo,R,196,CRO,20.419,624,43,6-4 6-4,3,QF,90,5,1,65,41,32,13,10,4,4,3,4,63,39,28,10,10,3,5
2018-586,Lexington,Hard,32,C,,20180730,28,DA86,,,Joris De Loore,R,191,BEL,25.273,377,107,AC84,,,Collin Altamirano,R,188,USA,22.645,372,113,3-6 6-3 3-2 RET,3,QF,103,5,4,63,42,31,11,11,5,7,4,4,71,35,24,18,12,4,7
2018-586,Lexington,Hard,32,C,,20180730,29,HG86,6,,Lloyd Harris,R,193,RSA,21.426,208,278,DA86,,,Joris De Loore,R,191,BEL,25.273,377,107,6-1 6-3,3,SF,60,6,0,40,29,24,8,8,0,0,6,6,50,28,21,7,8,7,11
2018-586,Lexington,Hard,32,C,,20180730,30,N679,8,,Stefano Napolitano,R,196,ITA,23.302,233,244,CH90,,,Yun seong Chung,R,178,KOR,20.342,338,136,7-5 6-3,3,SF,88,6,3,58,29,23,17,10,5,6,4,3,69,38,25,15,11,7,11
2018-586,Lexington,Hard,32,C,,20180730,31,HG86,6,,Lloyd Harris,R,193,RSA,21.426,208,278,N679,8,,Stefano Napolitano,R,196,ITA,23.302,233,244,6-4 6-3,3,F,79,13,3,49,28,26,12,10,0,1,3,5,64,31,20,15,9,6,9
2018-6795,Liberec,Clay,32,C,,20180730,1,S483,1,,Pedro Sousa,R,180,POR,30.174,151,373,LB66,,,Constant Lestienne,R,180,FRA,26.185,218,260,6-2 6-4,3,R32,61,2,1,55,41,29,11,9,2,2,5,3,51,25,18,14,9,2,5
2018-6795,Liberec,Clay,32,C,,20180730,2,MF35,2,,Andrej Martin,R,183,SVK,28.857,213,269,R685,,,Lukas Rosol,R,193,CZE,33.016,205,284,6-2 1-0 RET,3,R32,43,2,3,34,14,10,12,5,4,5,1,2,30,15,8,4,4,1,4
2018-6795,Liberec,Clay,32,C,,20180730,3,SN77,,,Vaclav Safranek,R,183,CZE,24.194,238,237,BD80,3,,Attila Balazs,R,180,HUN,29.837,167,335,6-4 6-2,3,R32,58,4,1,53,32,26,13,9,4,4,1,3,51,36,24,6,9,1,4
2018-6795,Liberec,Clay,32,C,,20180730,4,K09F,,,Pavel Kotov,R,191,RUS,19.696,378,107,PG32,4,,Adam Pavlasek,R,185,CZE,23.808,200,289,6-7(6) 6-2 6-4,3,R32,129,3,5,98,53,40,27,15,1,1,7,2,87,51,37,21,15,3,6
2018-6795,Liberec,Clay,32,C,,20180730,5,O482,,,Gonzalo Oliveira,L,185,VEN,23.447,266,201,CC32,5,,Guilherme Clezar,R,180,BRA,25.577,186,306,7-6(8) 6-2,3,R32,101,11,2,66,42,32,14,10,3,4,2,2,70,52,34,6,10,3,6
2018-6795,Liberec,Clay,32,C,,20180730,6,MO44,6,,Pedro Martinez,R,185,ESP,21.259,179,320,RB89,,,Nik Razborsek,L,173,SLO,24.819,658,38,6-3 4-6 6-3,3,R32,124,1,4,68,38,26,19,14,0,3,0,1,92,37,20,31,14,6,11
2018-6795,Liberec,Clay,32,C,,20180730,7,SK67,,,Jan Satral,R,185,CZE,28.016,427,88,SP80,7,,Nino Serdarusic,R,191,CRO,21.626,193,298,6-3 6-2,3,R32,73,8,2,60,31,28,15,9,8,8,2,5,49,17,13,15,8,2,5
2018-6795,Liberec,Clay,32,C,,20180730,8,I236,8,,Uladzimir Ignatik,R,183,BLR,28.044,212,270,BH80,,,Andrea Basso,L,185,ITA,24.808,306,161,6-2 6-7(5) 6-3,3,R32,149,7,2,96,65,47,16,15,5,7,5,7,108,60,42,18,14,7,12
2018-6795,Liberec,Clay,32,C,,20180730,9,BH76,,,Riccardo Bellotti,R,,ITA,26.984,487,70,KE36,,,Dominik Kellovsky,R,183,CZE,22.015,910,15,6-1 7-5,3,R32,69,0,1,60,51,35,4,10,4,6,1,4,52,28,20,7,9,1,6
2018-6795,Liberec,Clay,32,C,,20180730,10,BM95,,,Benjamin Bonzi,R,183,FRA,22.138,298,169,RH13,,,Patrik Rikl,R,185,CZE,19.562,460,78,2-6 6-2 6-1,3,R32,74,11,1,68,36,29,17,12,0,2,5,3,68,39,22,14,11,1,5
2018-6795,Liberec,Clay,32,C,,20180730,11,D985,,,Joao Domingues,R,,POR,24.816,260,212,M0AC,,,Rudolf Molleker,R,188,GER,17.758,252,220,7-6(1) 6-0,3,R32,78,12,0,60,41,34,10,9,3,4,5,5,64,31,19,14,9,3,7
2018-6795,Liberec,Clay,32,C,,20180730,12,M915,,,Daniel Munoz de la Nava,L,175,ESP,36.498,345,131,Z419,,,Bernabe Zapata Miralles,R,183,ESP,21.544,281,182,6-2 6-1,3,R32,61,4,0,40,21,18,11,7,1,1,3,6,61,33,17,9,8,6,11
2018-6795,Liberec,Clay,32,C,,20180730,13,P09O,,,Zsombor Piros,R,180,HUN,18.795,397,99,K839,,,Tobias Kamke,R,178,GER,32.192,261,209,7-5 6-3,3,R32,96,5,4,78,41,29,18,11,4,6,0,5,64,27,18,15,10,2,6
2018-6795,Liberec,Clay,32,C,,20180730,14,TC95,,,Johan Tatlot,R,180,FRA,22.344,269,198,D916,,,Steven Diez,R,175,CAN,27.37,316,152,6-3 6-2,3,R32,81,8,8,64,40,29,12,9,5,6,0,6,50,25,15,9,8,3,7
2018-6795,Liberec,Clay,32,C,,20180730,15,V836,,,Juan Pablo Varillas,R,185,PER,22.815,331,139,BU54,,,Geoffrey Blancaneaux,R,180,FRA,19.975,411,93,6-2 7-5,3,R32,87,4,3,64,26,22,17,10,5,7,1,4,59,34,21,11,10,3,8
2018-6795,Liberec,Clay,32,C,,20180730,16,V0B2,,,Michael Vrbensky,R,,CZE,18.593,616,45,PH77,,,David Poljak,R,188,CZE,22.201,467,77,2-6 6-1 6-3,3,R32,109,3,7,75,38,31,17,12,3,5,5,4,83,45,30,15,12,6,10
2018-6795,Liberec,Clay,32,C,,20180730,17,S483,1,,Pedro Sousa,R,180,POR,30.174,151,373,P09O,,,Zsombor Piros,R,180,HUN,18.795,397,99,6-1 3-6 7-6(5),3,R16,119,5,2,88,53,36,17,14,5,9,1,4,101,62,37,18,14,7,12
2018-6795,Liberec,Clay,32,C,,20180730,18,MF35,2,,Andrej Martin,R,183,SVK,28.857,213,269,M915,,,Daniel Munoz de la Nava,L,175,ESP,36.498,345,131,6-2 6-2,3,R16,60,9,4,44,27,22,11,8,0,0,1,6,45,22,16,7,8,1,5
2018-6795,Liberec,Clay,32,C,,20180730,19,MO44,6,,Pedro Martinez,R,185,ESP,21.259,179,320,BH76,,,Riccardo Bellotti,R,,ITA,26.984,487,70,6-4 3-6 6-3,3,R16,122,0,5,90,58,36,11,14,7,12,4,6,90,64,38,12,14,6,12
2018-6795,Liberec,Clay,32,C,,20180730,20,V0B2,,,Michael Vrbensky,R,,CZE,18.593,616,45,I236,8,,Uladzimir Ignatik,R,183,BLR,28.044,212,270,4-6 7-5 6-4,3,R16,162,3,6,99,42,26,29,16,9,15,3,1,105,64,39,17,16,2,9
2018-6795,Liberec,Clay,32,C,,20180730,21,D985,,,Joao Domingues,R,,POR,24.816,260,212,SN77,,,Vaclav Safranek,R,183,CZE,24.194,238,237,6-4 6-0,3,R16,60,3,3,45,24,21,13,8,4,4,7,3,52,34,21,5,8,4,8
2018-6795,Liberec,Clay,32,C,,20180730,22,K09F,,,Pavel Kotov,R,191,RUS,19.696,378,107,BM95,,,Benjamin Bonzi,R,183,FRA,22.138,298,169,6-3 6-1,3,R16,79,1,4,59,31,22,13,8,2,4,0,5,64,30,14,14,8,7,13
2018-6795,Liberec,Clay,32,C,,20180730,23,O482,,,Gonzalo Oliveira,L,185,VEN,23.447,266,201,V836,,,Juan Pablo Varillas,R,185,PER,22.815,331,139,6-1 6-4,3,R16,81,2,6,58,40,22,9,8,4,7,3,3,67,33,18,10,9,3,10
2018-6795,Liberec,Clay,32,C,,20180730,24,TC95,,,Johan Tatlot,R,180,FRA,22.344,269,198,SK67,,,Jan Satral,R,185,CZE,28.016,427,88,6-3 5-7 6-0,3,R16,125,6,8,99,57,44,18,14,7,9,4,4,79,39,25,17,13,4,9
2018-6795,Liberec,Clay,32,C,,20180730,25,S483,1,,Pedro Sousa,R,180,POR,30.174,151,373,TC95,,,Johan Tatlot,R,180,FRA,22.344,269,198,6-3 6-1,3,QF,54,0,2,40,26,22,8,8,0,1,1,3,51,30,17,5,8,2,7
2018-6795,Liberec,Clay,32,C,,20180730,26,MF35,2,,Andrej Martin,R,183,SVK,28.857,213,269,V0B2,,,Michael Vrbensky,R,,CZE,18.593,616,45,6-3 6-1,3,QF,68,1,2,44,21,15,17,8,2,3,2,3,53,25,13,11,8,8,13
2018-6795,Liberec,Clay,32,C,,20180730,27,K09F,,,Pavel Kotov,R,191,RUS,19.696,378,107,MO44,6,,Pedro Martinez,R,185,ESP,21.259,179,320,6-3 6-4,3,QF,105,6,2,86,47,28,24,10,13,14,0,2,54,29,18,12,9,1,4
2018-6795,Liberec,Clay,32,C,,20180730,28,O482,,,Gonzalo Oliveira,L,185,VEN,23.447,266,201,D985,,,Joao Domingues,R,,POR,24.816,260,212,6-4 6-3,3,QF,90,4,6,67,35,29,16,10,4,4,5,1,65,48,32,8,9,7,9
2018-6795,Liberec,Clay,32,C,,20180730,29,S483,1,,Pedro Sousa,R,180,POR,30.174,151,373,O482,,,Gonzalo Oliveira,L,185,VEN,23.447,266,201,6-1 6-1,3,SF,40,1,3,35,27,25,4,7,0,0,0,2,40,27,11,5,7,1,6
2018-6795,Liberec,Clay,32,C,,20180730,30,MF35,2,,Andrej Martin,R,183,SVK,28.857,213,269,K09F,,,Pavel Kotov,R,191,RUS,19.696,378,107,6-0 6-3,3,SF,60,2,2,43,24,20,12,8,0,0,2,4,45,29,14,6,7,2,6
2018-6795,Liberec,Clay,32,C,,20180730,31,MF35,2,,Andrej Martin,R,183,SVK,28.857,213,269,S483,1,,Pedro Sousa,R,180,POR,30.174,151,373,6-1 6-2,3,F,66,5,1,64,36,26,16,8,7,7,0,1,38,29,16,2,7,1,5
2018-7772,Chengdu,Hard,32,C,,20180730,1,L949,1,,Henri Laaksonen,R,185,SUI,26.33,137,420,TG30,,,Rigele Te,R,188,CHN,20.805,453,80,6-3 2-6 7-6(2),3,R32,124,9,5,110,60,41,25,15,9,13,5,8,94,47,37,19,14,3,6
2018-7772,Chengdu,Hard,32,C,,20180730,2,X015,,,Zihao Xia,R,,CHN,21.495,812,22,SC47,2,,Go Soeda,R,178,JPN,33.897,155,365,7-6(2) 6-3,3,R32,108,5,4,111,63,38,27,11,10,12,6,4,69,37,25,17,10,5,8
2018-7772,Chengdu,Hard,32,C,,20180730,3,LE01,,,Duckhee Lee,R,170,KOR,20.17,240,236,MM66,3,,Nikola Milojevic,R,188,SRB,23.113,161,348,6-4 6-4,3,R32,89,3,3,59,37,26,14,10,1,2,5,7,67,37,26,12,10,3,6
2018-7772,Chengdu,Hard,32,C,,20180730,4,BK92,4,,Alexander Bublik,R,196,KAZ,21.117,169,331,O664,,,Makoto Ochi,L,175,JPN,22.24,423,89,6-2 7-5,3,R32,73,13,6,56,33,29,14,10,1,1,1,3,72,45,29,11,10,4,7
2018-7772,Chengdu,Hard,32,C,,20180730,5,I230,5,,Tatsuma Ito,R,180,JPN,30.198,182,315,PE02,,,Danilo Petrovic,R,203,SRB,26.513,222,251,7-6(5) 7-6(3),3,R32,105,4,3,73,45,37,23,12,2,2,13,5,81,59,48,9,12,0,0
2018-7772,Chengdu,Hard,32,C,,20180730,6,P09Z,,,Alexei Popyrin,R,196,AUS,18.984,322,145,MI01,6,,Hiroki Moriya,R,168,JPN,27.786,202,288,4-6 7-6(5) 6-4,3,R32,164,19,6,115,55,45,30,16,6,8,4,7,95,43,35,33,16,6,8
2018-7772,Chengdu,Hard,32,C,,20180730,7,KD70,7,,Pedja Krstin,R,183,SRB,23.904,207,279,L733,,,Zhe Li,R,183,CHN,31.858,265,201,6-3 6-4,3,R32,63,6,5,56,36,34,9,10,3,3,1,1,48,31,24,9,9,2,4
2018-7772,Chengdu,Hard,32,C,,20180730,8,Z371,,,Zhizhen Zhang,R,193,CHN,21.785,422,89,T982,8,,Tsung-Hua Yang,R,178,TPE,27.337,211,270,6-4 6-4,3,R32,90,5,1,67,42,32,14,10,5,5,8,5,60,37,29,12,10,4,6
2018-7772,Chengdu,Hard,32,C,,20180730,9,N607,,,Miliaan Niesten,L,183,NED,30.089,635,42,KD43,,,Arjun Kadhe,R,185,IND,24.559,346,131,6-2 6-4,3,R32,81,1,3,49,36,25,8,9,0,2,5,3,78,48,28,12,9,12,17
2018-7772,Chengdu,Hard,32,C,,20180730,10,SX50,,,Roman Safiullin,R,185,RUS,20.977,340,135,EA27,,,Blake Ellis,R,191,AUS,19.562,449,81,6-3 7-6(3),3,R32,85,6,5,71,41,28,18,10,5,6,7,0,63,39,29,11,11,2,5
2018-7772,Chengdu,Hard,32,C,,20180730,11,SQ80,,,Akira Santillan,R,180,AUS,21.188,289,176,H808,,,Harri Heliovaara,R,188,FIN,29.153,347,129,6-7(1) 7-5 7-6(2),3,R32,141,9,4,116,64,51,31,18,2,2,11,3,113,75,57,22,18,1,2
2018-7772,Chengdu,Hard,32,C,,20180730,12,W597,,,Tak Khunn Wang,R,175,FRA,26.795,558,55,TD55,,,Renta Tokuda,R,178,JPN,20.337,314,156,6-2 6-2,3,R32,56,6,2,39,19,19,13,8,0,0,0,2,55,31,17,9,8,1,5
2018-7772,Chengdu,Hard,32,C,,20180730,13,W503,,,James Ward,R,188,GBR,31.469,329,140,TF58,,,Yusuke Takahashi,R,170,JPN,20.783,351,125,6-3 6-3,3,R32,89,13,2,47,30,28,9,9,0,0,2,6,93,44,25,26,9,11,14
2018-7772,Chengdu,Hard,32,C,,20180730,14,WB32,,,Yibing Wu,R,183,CHN,18.793,312,157,G820,,,Xin Gao,R,180,CHN,24.216,550,56,6-0 6-1,3,R32,57,2,2,32,18,14,10,6,0,0,4,8,51,27,14,5,7,5,11
2018-7772,Chengdu,Hard,32,C,,20180730,15,Y171,,,Denis Yevseyev,R,188,KAZ,25.188,319,149,BH87,,,Maverick Banes,R,,AUS,26.303,286,179,7-5 6-1,3,R32,77,4,5,53,31,21,12,9,1,3,2,10,66,24,14,16,10,1,7
2018-7772,Chengdu,Hard,32,C,,20180730,16,Z272,,,Ze Zhang,R,188,CHN,28.071,259,214,W571,,,Di Wu,R,173,CHN,26.875,273,192,7-5 6-2,3,R32,80,12,8,73,45,33,14,10,10,11,3,6,60,26,17,16,10,3,7
2018-7772,Chengdu,Hard,32,C,,20180730,17,L949,1,,Henri Laaksonen,R,185,SUI,26.33,137,420,W597,,,Tak Khunn Wang,R,175,FRA,26.795,558,55,6-4 5-7 7-6(4),3,R16,153,12,7,113,75,52,16,17,10,16,1,3,105,50,37,24,17,7,13
2018-7772,Chengdu,Hard,32,C,,20180730,18,Z272,,,Ze Zhang,R,188,CHN,28.071,259,214,BK92,4,,Alexander Bublik,R,196,KAZ,21.117,169,331,4-6 6-4 6-2,3,R16,85,14,1,74,49,41,15,14,3,4,11,10,77,51,38,11,14,1,4
2018-7772,Chengdu,Hard,32,C,,20180730,19,I230,5,,Tatsuma Ito,R,180,JPN,30.198,182,315,N607,,,Miliaan Niesten,L,183,NED,30.089,635,42,6-4 6-1,3,R16,79,0,2,56,34,27,10,9,4,5,3,2,60,42,22,7,8,3,7
2018-7772,Chengdu,Hard,32,C,,20180730,20,WB32,,,Yibing Wu,R,183,CHN,18.793,312,157,KD70,7,,Pedja Krstin,R,183,SRB,23.904,207,279,6-7(4) 6-4 6-4,3,R16,135,15,3,98,61,46,21,16,3,6,11,8,105,71,50,15,16,4,9
2018-7772,Chengdu,Hard,32,C,,20180730,21,SX50,,,Roman Safiullin,R,185,RUS,20.977,340,135,Z371,,,Zhizhen Zhang,R,193,CHN,21.785,422,89,4-6 6-4 6-1,3,R16,125,11,6,99,52,44,19,14,4,6,5,2,84,42,29,20,13,4,8
2018-7772,Chengdu,Hard,32,C,,20180730,22,SQ80,,,Akira Santillan,R,180,AUS,21.188,289,176,X015,,,Zihao Xia,R,,CHN,21.495,812,22,3-6 6-2 7-5,3,R16,112,16,7,89,50,42,21,15,5,7,3,2,94,63,44,15,14,9,12
2018-7772,Chengdu,Hard,32,C,,20180730,23,W503,,,James Ward,R,188,GBR,31.469,329,140,LE01,,,Duckhee Lee,R,170,KOR,20.17,240,236,4-6 7-5 6-3,3,R16,139,18,8,94,43,39,22,16,2,5,1,3,101,57,36,24,15,11,15
2018-7772,Chengdu,Hard,32,C,,20180730,24,Y171,,,Denis Yevseyev,R,188,KAZ,25.188,319,149,P09Z,,,Alexei Popyrin,R,196,AUS,18.984,322,145,6-1 7-6(5),3,R16,87,8,3,57,30,24,15,9,0,1,5,5,77,37,29,14,10,3,7
2018-7772,Chengdu,Hard,32,C,,20180730,25,L949,1,,Henri Laaksonen,R,185,SUI,26.33,137,420,WB32,,,Yibing Wu,R,183,CHN,18.793,312,157,6-7(3) 6-2 6-3,3,QF,101,15,4,83,52,44,21,15,0,0,6,3,79,55,40,14,14,0,3
2018-7772,Chengdu,Hard,32,C,,20180730,26,Z272,,,Ze Zhang,R,188,CHN,28.071,259,214,I230,5,,Tatsuma Ito,R,180,JPN,30.198,182,315,6-4 3-0 RET,3,QF,54,8,1,31,18,17,9,6,0,0,4,3,43,29,16,6,7,1,4
2018-7772,Chengdu,Hard,32,C,,20180730,27,SQ80,,,Akira Santillan,R,180,AUS,21.188,289,176,Y171,,,Denis Yevseyev,R,188,KAZ,25.188,319,149,7-5 6-2,3,QF,65,4,4,58,31,21,17,10,4,6,1,4,57,33,16,12,10,4,9
2018-7772,Chengdu,Hard,32,C,,20180730,28,W503,,,James Ward,R,188,GBR,31.469,329,140,SX50,,,Roman Safiullin,R,185,RUS,20.977,340,135,6-2 4-6 6-3,3,QF,106,12,2,84,47,40,20,14,6,7,6,5,83,53,38,13,13,5,8
2018-7772,Chengdu,Hard,32,C,,20180730,29,L949,1,,Henri Laaksonen,R,185,SUI,26.33,137,420,W503,,,James Ward,R,188,GBR,31.469,329,140,2-6 6-4 6-1,3,SF,113,2,6,66,35,28,14,12,2,5,9,10,103,48,32,25,13,15,20
2018-7772,Chengdu,Hard,32,C,,20180730,30,Z272,,,Ze Zhang,R,188,CHN,28.071,259,214,SQ80,,,Akira Santillan,R,180,AUS,21.188,289,176,6-4 7-6(6),3,SF,110,10,4,93,53,42,18,11,14,14,10,4,78,43,34,15,11,5,6
2018-7772,Chengdu,Hard,32,C,,20180730,31,Z272,,,Ze Zhang,R,188,CHN,28.071,259,214,L949,1,,Henri Laaksonen,R,185,SUI,26.33,137,420,2-6 5-2 RET,3,F,66,,,,,,,,,,,,,,,,,,
2018-783,Segovia,Hard,32,C,,20180730,1,V490,,,Matteo Viola,R,185,ITA,31.064,303,163,SC77,1,,Sergiy Stakhovsky,R,193,UKR,32.561,117,476,6-3 2-6 7-6(5),3,R32,124,2,5,99,69,46,11,15,4,9,7,4,90,61,43,9,14,1,5
2018-783,Segovia,Hard,32,C,,20180730,2,MB53,2,,Adrian Menendez-Maceiras,R,183,ESP,32.753,143,403,J347,,,Yannick Jankovits,R,,FRA,31.562,320,148,6-4 6-2,3,R32,74,6,0,51,31,23,13,9,2,3,4,3,50,31,18,8,9,0,4
2018-783,Segovia,Hard,32,C,,20180730,3,V495,3,,Luca Vanni,R,198,ITA,33.153,191,301,DH50,,,Alejandro Davidovich Fokina,R,180,ESP,19.151,369,115,6-1 4-6 6-4,3,R32,101,9,1,72,48,33,15,13,5,8,3,10,94,49,33,20,14,10,16
2018-783,Segovia,Hard,32,C,,20180730,4,A622,4,,Andrea Arnaboldi,L,180,ITA,30.59,199,290,SQ97,,,Miguel Semmler,R,180,ESP,21.243,694,34,4-6 7-5 7-5,3,R32,137,2,3,100,53,41,28,17,5,7,5,5,98,55,42,24,17,2,5
2018-783,Segovia,Hard,32,C,,20180730,5,AB17,,,Andres Artunedo Martinavarro,R,183,ESP,24.873,370,114,GC54,5,,Scott Griekspoor,R,188,NED,27.551,209,275,3-6 6-1 7-6(3),3,R32,122,11,5,79,44,38,21,14,1,2,7,13,104,55,41,22,14,6,8
2018-783,Segovia,Hard,32,C,,20180730,6,BC72,6,,Daniel Brands,R,196,GER,31.036,230,248,RF12,,,Alberto Romero De Avila Senise,R,173,ESP,20.654,841,20,6-4 6-2,3,R32,59,8,2,52,36,29,11,9,4,4,2,2,61,46,26,7,9,3,6
2018-783,Segovia,Hard,32,C,,20180730,7,HH26,7,,Ugo Humbert,L,188,FRA,20.093,184,313,O340,,,Roberto Ortega-Olmedo,R,168,ESP,27.25,318,151,4-6 6-3 6-2,3,R32,103,12,6,88,49,37,24,14,5,6,0,7,76,36,30,16,13,4,7
2018-783,Segovia,Hard,32,C,,20180730,8,BM03,,,Filippo Baldi,R,180,ITA,22.552,283,180,G985,,,Carlos Gomez-Herrera,R,191,ESP,28.249,297,170,7-6(6) 7-6(3),3,R32,113,7,2,79,42,34,22,12,3,4,3,5,95,48,37,25,12,10,11
2018-783,Segovia,Hard,32,C,,20180730,9,I306,,,Cem Ilkel,R,185,TUR,22.94,251,221,H712,,,Jorge Hernando Ruano,R,183,ESP,31.157,1856,1,6-4 6-3,3,R32,53,8,2,44,22,20,17,9,2,2,6,7,61,34,25,11,10,3,6
2018-783,Segovia,Hard,32,C,,20180730,10,LD22,,,Nam Hoang Ly,R,175,VIE,21.424,568,54,D917,,,Sadio Doumbia,R,183,FRA,27.88,442,83,6-2 6-1,3,R32,61,3,0,58,37,23,13,8,6,7,1,3,44,27,12,7,7,1,6
2018-783,Segovia,Hard,32,C,,20180730,11,MM60,,,Joao Monteiro,R,178,PRT,24.589,323,145,HB67,,,Christopher Heyman,L,188,BEL,24.808,311,159,6-4 6-4,3,R32,70,3,2,51,25,22,16,10,0,1,4,7,62,39,25,11,10,5,8
2018-783,Segovia,Hard,32,C,,20180730,12,MP83,,,Gian Marco Moroni,R,185,ITA,20.457,243,232,G753,,,David Guez,R,185,FRA,35.641,277,189,6-3 6-2,3,R32,67,1,5,52,35,25,9,8,6,7,0,6,58,34,20,7,9,6,11
2018-783,Segovia,Hard,32,C,,20180730,13,N561,,,Ivan Nedelko,R,185,RUS,32.216,241,236,MJ70,,,Karim-Mohamed Maamoun,R,175,EGY,27.307,350,126,6-3 6-4,3,R32,99,3,5,65,37,31,11,10,1,2,6,6,87,52,34,14,9,13,16
2018-783,Segovia,Hard,32,C,,20180730,14,N663,,,Maximilian Neuchrist,R,,AUT,27.023,244,229,PC78,,,Ante Pavic,R,196,CRO,29.396,235,242,6-3 7-6(4),3,R32,80,6,3,68,44,36,16,11,1,1,10,4,59,36,31,10,10,1,2
2018-783,Segovia,Hard,32,C,,20180730,15,Q941,,,Roberto Quiroz,L,193,ECU,26.431,226,250,BG72,,,Carlos Boluda-Purkiss,R,173,ESP,25.517,263,205,4-6 6-4 6-4,3,R32,118,8,3,96,70,48,16,15,4,6,1,2,94,66,44,17,15,3,6
2018-783,Segovia,Hard,32,C,,20180730,16,SF41,,,Aldin Setkic,R,191,BIH,30.606,294,172,BE68,,,Tomislav Brkic,R,185,BIH,28.392,239,237,7-5 6-3,3,R32,90,10,3,72,48,38,11,10,5,5,3,2,68,39,26,15,11,4,7
2018-783,Segovia,Hard,32,C,,20180730,17,MB53,2,,Adrian Menendez-Maceiras,R,183,ESP,32.753,143,403,I306,,,Cem Ilkel,R,185,TUR,22.94,251,221,6-0 6-2,3,R16,55,4,0,33,20,16,12,7,0,0,3,5,52,21,14,9,7,8,13
2018-783,Segovia,Hard,32,C,,20180730,18,V495,3,,Luca Vanni,R,198,ITA,33.153,191,301,BM03,,,Filippo Baldi,R,180,ITA,22.552,283,180,6-4 3-6 6-4,3,R16,105,8,6,78,47,38,15,14,2,4,4,2,85,53,36,20,15,2,5
2018-783,Segovia,Hard,32,C,,20180730,19,A622,4,,Andrea Arnaboldi,L,180,ITA,30.59,199,290,SF41,,,Aldin Setkic,R,191,BIH,30.606,294,172,6-3 6-3,3,R16,81,3,3,69,41,31,12,9,6,7,4,6,49,31,22,4,9,0,4
2018-783,Segovia,Hard,32,C,,20180730,20,BC72,6,,Daniel Brands,R,196,GER,31.036,230,248,LD22,,,Nam Hoang Ly,R,175,VIE,21.424,568,54,6-2 6-4,3,R16,67,6,2,58,39,32,10,9,2,2,1,1,55,31,22,11,9,3,6
2018-783,Segovia,Hard,32,C,,20180730,21,HH26,7,,Ugo Humbert,L,188,FRA,20.093,184,313,MM60,,,Joao Monteiro,R,178,PRT,24.589,323,145,6-1 6-3,3,R16,56,3,1,39,21,17,15,8,0,0,0,1,51,29,14,12,8,1,5
2018-783,Segovia,Hard,32,C,,20180730,22,AB17,,,Andres Artunedo Martinavarro,R,183,ESP,24.873,370,114,N663,,,Maximilian Neuchrist,R,,AUT,27.023,244,229,6-1 5-2 RET,3,R16,44,6,1,32,24,23,5,7,0,0,1,2,39,25,15,4,7,2,6
2018-783,Segovia,Hard,32,C,,20180730,23,MP83,,,Gian Marco Moroni,R,185,ITA,20.457,243,232,N561,,,Ivan Nedelko,R,185,RUS,32.216,241,236,6-4 6-7(1) 6-3,3,R16,160,0,9,116,79,52,16,16,9,13,3,6,95,50,35,19,15,4,10
2018-783,Segovia,Hard,32,C,,20180730,24,Q941,,,Roberto Quiroz,L,193,ECU,26.431,226,250,V490,,,Matteo Viola,R,185,ITA,31.064,303,163,7-5 7-5,3,R16,104,9,2,86,59,44,15,12,5,5,1,4,89,62,40,14,12,8,10
2018-783,Segovia,Hard,32,C,,20180730,25,MB53,2,,Adrian Menendez-Maceiras,R,183,ESP,32.753,143,403,AB17,,,Andres Artunedo Martinavarro,R,183,ESP,24.873,370,114,7-6(3) 7-6(6),3,QF,122,1,2,80,49,35,17,12,0,3,11,6,85,44,31,20,12,3,6
2018-783,Segovia,Hard,32,C,,20180730,26,V495,3,,Luca Vanni,R,198,ITA,33.153,191,301,MP83,,,Gian Marco Moroni,R,185,ITA,20.457,243,232,6-1 6-4,3,QF,63,8,2,45,28,26,10,9,0,0,5,3,44,27,19,7,8,2,5
2018-783,Segovia,Hard,32,C,,20180730,27,A622,4,,Andrea Arnaboldi,L,180,ITA,30.59,199,290,BC72,6,,Daniel Brands,R,196,GER,31.036,230,248,4-6 6-3 7-6(5),3,QF,126,11,2,108,54,41,31,16,1,3,8,6,94,57,44,21,15,5,7
2018-783,Segovia,Hard,32,C,,20180730,28,HH26,7,,Ugo Humbert,L,188,FRA,20.093,184,313,Q941,,,Roberto Quiroz,L,193,ECU,26.431,226,250,6-2 5-7 7-6(7),3,QF,144,11,14,110,53,39,27,16,7,11,4,5,115,71,45,19,16,13,18
2018-783,Segovia,Hard,32,C,,20180730,29,MB53,2,,Adrian Menendez-Maceiras,R,183,ESP,32.753,143,403,A622,4,,Andrea Arnaboldi,L,180,ITA,30.59,199,290,7-6(6) 7-6(5),3,SF,123,3,5,75,44,33,17,12,3,6,5,2,87,52,34,18,12,5,8
2018-783,Segovia,Hard,32,C,,20180730,30,HH26,7,,Ugo Humbert,L,188,FRA,20.093,184,313,V495,3,,Luca Vanni,R,198,ITA,33.153,191,301,7-6(5) 6-4,3,SF,104,6,7,75,40,34,21,11,5,5,6,4,79,45,35,18,11,3,4
2018-783,Segovia,Hard,32,C,,20180730,31,HH26,7,,Ugo Humbert,L,188,FRA,20.093,184,313,MB53,2,,Adrian Menendez-Maceiras,R,183,ESP,32.753,143,403,6-3 6-4,3,F,95,4,4,63,33,27,15,10,5,6,6,1,68,42,29,9,9,5,8
2018-7922,Sopot,Clay,32,C,,20180730,1,DA31,1,,Hugo Dellien,R,180,BOL,25.12,100,553,MM54,,,Vladyslav Manafov,L,,UKR,25.27,472,76,7-5 3-0 RET,3,R32,77,1,2,42,25,19,7,7,1,3,1,1,55,34,17,7,8,5,10
2018-7922,Sopot,Clay,32,C,,20180730,2,L503,2,,Paolo Lorenzi,R,183,ITA,36.621,110,498,KI74,,,Nicola Kuhn,R,185,GER,18.36,359,122,6-3 6-0,3,R32,73,2,3,55,28,20,15,8,3,4,0,2,45,28,13,6,7,2,7
2018-7922,Sopot,Clay,32,C,,20180730,3,SH77,,,Artem Smirnov,L,188,UKR,30.489,537,59,RH16,4,,Casper Ruud,R,183,NOR,19.603,138,419,6-2 1-6 7-5,3,R32,127,1,1,75,49,31,14,13,5,9,4,6,83,49,31,15,14,6,11
2018-7922,Sopot,Clay,32,C,,20180730,4,D776,,,Thiemo de Bakker,R,193,NED,29.859,227,249,MJ71,5,,Mats Moraing,L,198,GER,26.108,148,382,7-6(4) 6-2,3,R32,110,9,1,79,48,36,20,10,8,8,1,2,77,45,26,18,10,6,8
2018-7922,Sopot,Clay,32,C,,20180730,5,O449,6,,Oscar Otte,R,193,GER,25.038,174,323,HA28,,,Filip Horansky,R,191,SVK,25.558,246,228,7-5 6-0,3,R32,61,4,1,58,37,26,12,9,3,4,0,6,48,30,17,5,9,1,6
2018-7922,Sopot,Clay,32,C,,20180730,6,V717,7,,Alexey Vatutin,R,178,RUS,25.755,201,289,CC98,,,Martin Cuevas,R,191,URU,26.541,276,190,7-6(4) 6-3,3,R32,87,0,8,67,46,36,10,11,3,5,5,4,71,33,22,19,10,3,6
2018-7922,Sopot,Clay,32,C,,20180730,7,G676,8,,Daniel Gimeno-Traver,R,183,ESP,32.977,183,313,M0E4,,,Wojciech Marek,R,191,POL,17.175,1690,1,7-5 6-4,3,R32,90,0,2,56,35,22,12,11,0,4,1,11,72,39,22,14,11,7,13
2018-7922,Sopot,Clay,32,C,,20180730,8,CG04,,,Pedro Cachin,R,185,ARG,23.299,282,181,MQ75,,,Kamil Majchrzak,R,183,POL,22.543,197,294,7-6(2) 6-1,3,R32,101,5,4,72,43,30,14,9,5,7,1,1,71,39,27,10,10,9,14
2018-7922,Sopot,Clay,32,C,,20180730,9,CH12,,,Jan Choinski,R,196,GBR,22.136,295,171,SJ22,,,Gleb Sakharov,R,185,FRA,30.136,264,201,0-6 6-4 6-1,3,R32,117,3,4,72,38,25,14,11,3,7,3,0,62,30,16,19,12,2,7
2018-7922,Sopot,Clay,32,C,,20180730,10,J620,,,Maxime Janvier,R,196,FRA,21.78,299,169,Z246,,,Miljan Zekic,R,185,SRB,30.048,292,174,6-3 6-1,3,R32,70,0,2,39,22,22,10,8,0,0,2,3,55,28,15,13,8,9,13
2018-7922,Sopot,Clay,32,C,,20180730,11,CF60,,,Pawel Juszczak,R,178,POL,24.433,409,95,CC66,,,Andrea Collarini,L,183,ARG,26.494,288,177,7-6(6) 6-3,3,R32,,5,1,65,26,20,26,11,1,2,2,1,71,48,32,10,10,1,3
2018-7922,Sopot,Clay,32,C,,20180730,12,KH56,,,Zdenek Kolar,R,183,CZE,21.804,242,233,LC11,,,Tristan Lamasine,R,183,FRA,25.402,348,128,3-6 6-3 6-3,3,R32,99,1,1,69,55,38,8,13,2,5,7,3,75,41,27,19,14,5,10
2018-7922,Sopot,Clay,32,C,,20180730,13,ML57,,,Gianluca Mager,R,188,ITA,23.661,328,141,BD20,,,Thomaz Bellucci,L,188,BRA,30.582,267,200,6-4 6-2,3,R32,,4,0,68,41,31,11,9,8,9,4,2,51,34,21,6,9,2,6
2018-7922,Sopot,Clay,32,C,,20180730,14,MJ01,,,Roberto Marcora,R,193,ITA,28.914,354,124,KC33,,,Dimitar Kuzmanov,R,183,BUL,25.005,304,161,6-3 6-3,3,R32,96,7,1,54,42,31,8,9,3,3,1,4,68,39,21,16,9,4,7
2018-7922,Sopot,Clay,32,C,,20180730,15,M0E1,,,Daniel Michalski,R,180,POL,18.549,1591,1,DG65,,,Michal Dembek,R,196,POL,20.977,709,32,6-2 6-4,3,R32,,0,0,46,37,26,6,9,0,1,0,2,49,28,15,11,9,2,6
2018-7922,Sopot,Clay,32,C,,20180730,16,R419,,,Tommy Robredo,R,180,ESP,36.246,216,261,N503,,,Aleksandr Nedovyesov,R,188,KAZ,31.452,224,250,7-5 3-6 6-1,3,R32,129,4,1,92,62,43,16,14,8,11,3,6,90,59,38,14,14,5,10
2018-7922,Sopot,Clay,32,C,,20180730,17,R419,,,Tommy Robredo,R,180,ESP,36.246,216,261,DA31,1,,Hugo Dellien,R,180,BOL,25.12,100,553,6-2 3-6 6-3,3,R16,126,2,4,100,73,42,13,13,12,16,1,3,83,59,31,10,13,8,14
2018-7922,Sopot,Clay,32,C,,20180730,18,L503,2,,Paolo Lorenzi,R,183,ITA,36.621,110,498,CH12,,,Jan Choinski,R,196,GBR,22.136,295,171,7-5 6-0,3,R16,90,7,2,58,33,23,14,9,1,3,2,2,61,34,19,8,9,3,9
2018-7922,Sopot,Clay,32,C,,20180730,19,O449,6,,Oscar Otte,R,193,GER,25.038,174,323,CF60,,,Pawel Juszczak,R,178,POL,24.433,409,95,6-2 5-7 7-5,3,R16,175,5,8,112,58,42,29,16,6,8,7,4,116,46,32,35,16,9,13
2018-7922,Sopot,Clay,32,C,,20180730,20,KH56,,,Zdenek Kolar,R,183,CZE,21.804,242,233,V717,7,,Alexey Vatutin,R,178,RUS,25.755,201,289,6-3 6-3,3,R16,87,11,2,58,34,23,12,9,2,4,0,3,80,57,34,6,9,5,10
2018-7922,Sopot,Clay,32,C,,20180730,21,G676,8,,Daniel Gimeno-Traver,R,183,ESP,32.977,183,313,M0E1,,,Daniel Michalski,R,180,POL,18.549,1591,1,6-1 6-1,3,R16,62,1,5,55,27,20,9,7,5,7,1,2,36,24,7,1,7,2,9
2018-7922,Sopot,Clay,32,C,,20180730,22,CG04,,,Pedro Cachin,R,185,ARG,23.299,282,181,SH77,,,Artem Smirnov,L,188,UKR,30.489,537,59,7-5 6-2,3,R16,100,7,4,61,37,29,10,10,3,4,0,7,72,43,26,13,10,6,10
2018-7922,Sopot,Clay,32,C,,20180730,23,D776,,,Thiemo de Bakker,R,193,NED,29.859,227,249,ML57,,,Gianluca Mager,R,188,ITA,23.661,328,141,6-4 6-1,3,R16,64,7,0,40,30,24,8,8,0,0,4,4,60,38,23,9,9,5,9
2018-7922,Sopot,Clay,32,C,,20180730,24,J620,,,Maxime Janvier,R,196,FRA,21.78,299,169,MJ01,,,Roberto Marcora,R,193,ITA,28.914,354,124,6-1 6-3,3,R16,76,3,4,59,36,28,12,8,4,4,6,1,64,38,22,11,8,6,10
2018-7922,Sopot,Clay,32,C,,20180730,25,L503,2,,Paolo Lorenzi,R,183,ITA,36.621,110,498,O449,6,,Oscar Otte,R,193,GER,25.038,174,323,3-6 6-3 6-2,3,QF,120,2,1,86,60,43,13,13,2,4,8,6,73,39,27,17,13,3,7
2018-7922,Sopot,Clay,32,C,,20180730,26,G676,8,,Daniel Gimeno-Traver,R,183,ESP,32.977,183,313,R419,,,Tommy Robredo,R,180,ESP,36.246,216,261,6-4 7-6(4),3,QF,120,0,2,68,50,33,11,11,3,5,0,3,95,65,38,14,11,11,14
2018-7922,Sopot,Clay,32,C,,20180730,27,CG04,,,Pedro Cachin,R,185,ARG,23.299,282,181,D776,,,Thiemo de Bakker,R,193,NED,29.859,227,249,6-3 3-6 6-2,3,QF,115,5,2,90,44,32,27,13,10,11,3,1,75,46,32,16,13,2,5
2018-7922,Sopot,Clay,32,C,,20180730,28,KH56,,,Zdenek Kolar,R,183,CZE,21.804,242,233,J620,,,Maxime Janvier,R,196,FRA,21.78,299,169,6-4 2-6 7-5,3,QF,144,1,3,100,69,43,12,15,3,9,3,9,98,49,30,23,15,6,12
2018-7922,Sopot,Clay,32,C,,20180730,29,L503,2,,Paolo Lorenzi,R,183,ITA,36.621,110,498,KH56,,,Zdenek Kolar,R,183,CZE,21.804,242,233,6-4 6-0,3,SF,83,2,1,59,36,28,11,8,6,6,1,0,50,33,19,5,8,3,7
2018-7922,Sopot,Clay,32,C,,20180730,30,G676,8,,Daniel Gimeno-Traver,R,183,ESP,32.977,183,313,CG04,,,Pedro Cachin,R,185,ARG,23.299,282,181,7-5 6-1,3,SF,83,0,3,54,36,27,6,9,0,2,0,7,67,38,23,7,10,7,13
2018-7922,Sopot,Clay,32,C,,20180730,31,L503,2,,Paolo Lorenzi,R,183,ITA,36.621,110,498,G676,8,,Daniel Gimeno-Traver,R,183,ESP,32.977,183,313,7-6(2) 6-7(5) 6-3,3,F,178,5,1,112,72,51,20,17,2,7,1,7,129,96,55,16,16,9,15
2018-6787,Portoroz,Hard,32,C,,20180811,1,SC77,1,,Sergiy Stakhovsky,R,193,UKR,32.594,118,476,HB67,,,Christopher Heyman,L,188,BEL,24.841,304,159,4-6 6-3 6-3,3,R32,134,11,1,92,55,44,18,14,9,11,1,2,89,56,33,17,14,9,13
2018-6787,Portoroz,Hard,32,C,,20180811,2,SF41,,,Aldin Setkic,R,191,BIH,30.639,298,162,DB59,2,,Dennis Novak,R,183,AUT,24.953,134,440,6-4 6-2,3,R32,69,7,1,53,38,25,11,9,0,1,1,0,51,30,20,7,9,1,5
2018-6787,Portoroz,Hard,32,C,,20180811,3,MB53,3,,Adrian Menendez-Maceiras,R,183,ESP,32.786,123,463,N561,,,Ivan Nedelko,R,185,RUS,32.249,238,238,4-2 RET,3,R32,32,1,1,16,12,8,2,3,0,1,1,2,25,16,7,3,3,1,3
2018-6787,Portoroz,Hard,32,C,,20180811,4,MP83,,,Gian Marco Moroni,R,185,ITA,20.49,231,249,Q948,4,,Gianluigi Quinzi,L,191,ITA,22.524,164,347,6-3 6-7(3) 7-5,3,R32,178,12,4,99,55,42,27,17,3,5,5,4,111,63,41,28,16,9,13
2018-6787,Portoroz,Hard,32,C,,20180811,5,CE25,5,,Salvatore Caruso,R,185,ITA,25.654,237,242,KC56,,,Aslan Karatsev,R,185,RUS,24.934,399,98,6-3 6-3,3,R32,95,4,2,59,36,29,12,9,2,2,4,2,58,34,22,13,9,4,7
2018-6787,Portoroz,Hard,32,C,,20180811,6,V495,6,,Luca Vanni,R,198,ITA,33.185,167,336,BM03,,,Filippo Baldi,R,180,ITA,22.585,273,187,6-7(5) 6-3 6-4,3,R32,165,17,4,127,76,56,28,16,5,5,4,2,94,68,53,13,15,7,9
2018-6787,Portoroz,Hard,32,C,,20180811,7,SP80,7,,Nino Serdarusic,R,191,CRO,21.659,192,294,SN77,,,Vaclav Safranek,R,183,CZE,24.227,257,214,7-6(5) 6-2,3,R32,76,9,6,61,34,26,15,10,2,4,6,3,64,43,27,9,10,2,6
2018-6787,Portoroz,Hard,32,C,,20180811,8,A622,8,,Andrea Arnaboldi,L,180,ITA,30.623,203,280,H986,,,Tom Kocevar-Desman,R,180,SLO,28.088,736,29,6-0 7-6(2),3,R32,94,4,2,56,31,26,14,9,2,3,2,3,84,43,28,15,9,17,21
2018-6787,Portoroz,Hard,32,C,,20180811,9,CH05,,,Altug Celikbilek,R,183,TUR,21.925,432,88,KF71,,,Aljaz Jakob Kaplja,R,,SVN,21.161,1882,1,6-0 6-1,3,R32,46,1,0,33,22,18,7,6,0,0,0,5,49,22,13,5,7,5,11
2018-6787,Portoroz,Hard,32,C,,20180811,10,E688,,,Markus Eriksson,R,188,SWE,28.698,413,93,GB61,,,Viktor Galovic,R,193,CRO,27.893,230,250,6-4 6-7(6) 6-4,3,R32,151,11,0,97,68,50,19,16,4,6,5,2,112,69,46,21,16,10,14
2018-6787,Portoroz,Hard,32,C,,20180811,11,I306,,,Cem Ilkel,R,185,TUR,22.973,250,221,R685,,,Lukas Rosol,R,193,CZE,33.049,204,278,6-3 7-5,3,R32,75,4,6,60,25,20,13,10,3,6,3,5,63,39,19,14,11,3,9
2018-6787,Portoroz,Hard,32,C,,20180811,12,K839,,,Tobias Kamke,R,178,GER,32.225,266,194,RD96,,,Aljaz Radinski,R,188,SLO,23.176,1695,1,6-0 6-2,3,R32,65,2,3,54,32,21,14,7,5,6,0,5,37,18,7,3,7,2,8
2018-6787,Portoroz,Hard,32,C,,20180811,13,KE73,,,Dominik Koepfer,L,180,GER,24.285,263,203,RB89,,,Nik Razborsek,L,173,SLO,24.851,656,39,6-7(3) 7-5 7-6(4),3,R32,174,17,10,117,64,47,26,18,1,4,1,5,141,84,57,27,18,15,19
2018-6787,Portoroz,Hard,32,C,,20180811,14,K09F,,,Pavel Kotov,R,191,RUS,19.729,361,121,BM95,,,Benjamin Bonzi,R,183,FRA,22.171,294,167,6-4 6-3,3,R32,66,5,2,47,32,24,11,9,2,3,0,8,70,39,26,12,10,6,10
2018-6787,Portoroz,Hard,32,C,,20180811,15,LB66,,,Constant Lestienne,R,180,FRA,26.218,224,254,GB53,,,Federico Gaio,R,178,ITA,26.434,235,243,6-3 6-2,3,R32,64,1,2,52,33,24,13,9,1,2,1,4,48,24,13,12,8,1,5
2018-6787,Portoroz,Hard,32,C,,20180811,16,MO55,,,Lucas Miedler,R,183,AUT,22.138,226,252,N390,,,Frederik Nielsen,R,188,DEN,34.957,577,51,6-3 6-2,3,R32,66,4,1,64,40,33,11,9,3,3,3,0,39,26,13,10,8,1,4
2018-6787,Portoroz,Hard,32,C,,20180811,17,SC77,1,,Sergiy Stakhovsky,R,193,UKR,32.594,118,476,CH05,,,Altug Celikbilek,R,183,TUR,21.925,432,88,7-6(2) 6-2,3,R16,96,10,1,64,41,31,12,10,4,6,0,5,81,48,29,11,10,6,10
2018-6787,Portoroz,Hard,32,C,,20180811,18,MB53,3,,Adrian Menendez-Maceiras,R,183,ESP,32.786,123,463,MO55,,,Lucas Miedler,R,183,AUT,22.138,226,252,4-6 6-3 6-3,3,R16,160,3,0,90,59,38,19,14,1,3,6,1,87,60,41,11,14,6,10
2018-6787,Portoroz,Hard,32,C,,20180811,19,CE25,5,,Salvatore Caruso,R,185,ITA,25.654,237,242,E688,,,Markus Eriksson,R,188,SWE,28.698,413,93,4-6 6-3 7-5,3,R16,166,5,8,107,55,37,24,15,7,12,1,2,86,46,27,22,16,5,12
2018-6787,Portoroz,Hard,32,C,,20180811,20,KE73,,,Dominik Koepfer,L,180,GER,24.285,263,203,V495,6,,Luca Vanni,R,198,ITA,33.185,167,336,4-6 6-1 7-5,3,R16,132,6,6,83,42,29,26,15,4,7,8,7,85,52,37,13,14,5,10
2018-6787,Portoroz,Hard,32,C,,20180811,21,LB66,,,Constant Lestienne,R,180,FRA,26.218,224,254,SP80,7,,Nino Serdarusic,R,191,CRO,21.659,192,294,6-4 6-2,3,R16,69,4,2,49,33,26,11,9,0,0,5,2,56,34,25,7,9,3,6
2018-6787,Portoroz,Hard,32,C,,20180811,22,A622,8,,Andrea Arnaboldi,L,180,ITA,30.623,203,280,K839,,,Tobias Kamke,R,178,GER,32.225,266,194,6-2 1-6 6-4,3,R16,111,2,3,85,55,38,14,13,7,10,1,4,85,55,38,13,12,8,11
2018-6787,Portoroz,Hard,32,C,,20180811,23,MP83,,,Gian Marco Moroni,R,185,ITA,20.49,231,249,I306,,,Cem Ilkel,R,185,TUR,22.973,250,221,6-1 6-1,3,R16,61,1,2,43,24,18,11,7,3,4,2,2,44,24,14,2,7,5,11
2018-6787,Portoroz,Hard,32,C,,20180811,24,SF41,,,Aldin Setkic,R,191,BIH,30.639,298,162,K09F,,,Pavel Kotov,R,191,RUS,19.729,361,121,6-3 6-1,3,R16,69,1,2,42,25,17,9,8,0,2,2,3,49,25,10,10,8,5,11
2018-6787,Portoroz,Hard,32,C,,20180811,25,LB66,,,Constant Lestienne,R,180,FRA,26.218,224,254,SC77,1,,Sergiy Stakhovsky,R,193,UKR,32.594,118,476,3-6 6-2 6-1,3,QF,117,0,4,85,53,35,16,12,4,7,3,3,88,58,32,14,12,6,12
2018-6787,Portoroz,Hard,32,C,,20180811,26,MB53,3,,Adrian Menendez-Maceiras,R,183,ESP,32.786,123,463,CE25,5,,Salvatore Caruso,R,185,ITA,25.654,237,242,6-2 7-5,3,QF,99,4,2,51,31,26,15,10,0,0,5,4,86,53,30,18,10,7,10
2018-6787,Portoroz,Hard,32,C,,20180811,27,A622,8,,Andrea Arnaboldi,L,180,ITA,30.623,203,280,SF41,,,Aldin Setkic,R,191,BIH,30.639,298,162,6-2 6-4,3,QF,92,2,2,54,34,26,13,9,5,5,4,1,65,41,24,12,9,5,8
2018-6787,Portoroz,Hard,32,C,,20180811,28,KE73,,,Dominik Koepfer,L,180,GER,24.285,263,203,MP83,,,Gian Marco Moroni,R,185,ITA,20.49,231,249,6-4 3-6 6-1,3,QF,124,1,6,80,48,36,12,13,4,7,6,5,79,57,34,9,13,5,10
2018-6787,Portoroz,Hard,32,C,,20180811,29,A622,8,,Andrea Arnaboldi,L,180,ITA,30.623,203,280,MB53,3,,Adrian Menendez-Maceiras,R,183,ESP,32.786,123,463,7-6(4) 7-5,3,SF,182,3,1,107,69,44,19,12,9,11,4,3,98,53,35,20,12,6,9
2018-6787,Portoroz,Hard,32,C,,20180811,30,LB66,,,Constant Lestienne,R,180,FRA,26.218,224,254,KE73,,,Dominik Koepfer,L,180,GER,24.285,263,203,6-3 6-2,3,SF,83,5,4,71,44,27,17,9,7,8,2,3,49,28,15,10,8,1,5
2018-6787,Portoroz,Hard,32,C,,20180811,31,LB66,,,Constant Lestienne,R,180,FRA,26.218,224,254,A622,8,,Andrea Arnaboldi,L,180,ITA,30.623,203,280,6-2 6-1,3,F,71,3,2,35,23,20,8,7,0,0,2,3,64,39,21,9,8,6,11
2018-467,Aptos,Hard,32,C,,20180812,1,F586,1,,Thomas Fabbiano,R,173,ITA,29.213,105,534,KI95,,,Miomir Kecmanovic,R,183,SRB,18.949,196,290,6-4 7-6(0),3,R32,90,4,2,71,54,43,7,11,3,4,6,3,69,36,23,21,11,0,2
2018-467,Aptos,Hard,32,C,,20180812,2,MP01,,,Michael Mmoh,R,188,USA,20.586,135,434,KB37,,,Evan King,L,185,USA,26.382,213,269,6-3 3-6 6-3,3,R32,109,3,4,72,55,37,7,14,2,6,2,4,84,54,34,14,13,6,11
2018-467,Aptos,Hard,32,C,,20180812,3,HG86,,,Lloyd Harris,R,193,RSA,21.462,161,351,HB64,3,,Quentin Halys,R,191,FRA,21.793,153,365,6-4 6-2,3,R32,59,10,1,43,29,27,10,9,0,0,3,5,52,29,23,6,9,2,5
2018-467,Aptos,Hard,32,C,,20180812,4,KD46,4,,Thanasi Kokkinakis,R,193,AUS,22.338,268,191,PH71,,,Max Purcell,R,185,AUS,20.359,241,234,6-2 6-2,3,R32,56,7,2,46,25,22,12,8,1,1,4,1,43,22,15,8,8,5,9
2018-467,Aptos,Hard,32,C,,20180812,5,V832,,,Aleksandar Vukic,R,188,AUS,22.349,460,79,KB14,5,,Kevin King,L,191,USA,27.452,180,324,6-1 6-3,3,R32,55,2,1,51,24,19,16,8,0,0,1,7,48,35,23,2,8,3,7
2018-467,Aptos,Hard,32,C,,20180812,6,RC93,,,Martin Redlicki,L,196,USA,22.968,772,26,SK47,6,,Mohamed Safwat,R,180,EGY,27.896,173,330,7-6(3) 6-4,3,R32,97,7,0,68,48,34,13,11,7,9,10,7,81,43,35,11,11,7,10
2018-467,Aptos,Hard,32,C,,20180812,7,CI14,7,,Jay Clarke,R,183,GBR,20.044,175,328,ME89,,,Illya Marchenko,R,185,UKR,30.927,337,136,6-3 2-6 6-3,3,R32,128,2,2,73,41,25,18,13,1,5,1,9,92,41,26,24,13,13,18
2018-467,Aptos,Hard,32,C,,20180812,8,GA94,8,,Prajnesh Gunneswaran,L,188,IND,28.747,171,332,H09P,,,Brandon Holt,R,185,USA,20.35,1196,5,4-6 6-4 6-2,3,R32,117,3,4,84,48,27,19,14,4,11,2,3,89,52,28,12,14,3,12
2018-467,Aptos,Hard,32,C,,20180812,9,AB71,,,JC Aragone,R,178,USA,23.124,276,184,SM09,,,Luke Saville,R,188,AUS,24.608,494,71,7-5 7-6(6),3,R32,110,2,4,74,40,30,20,12,0,1,4,3,84,41,25,26,12,2,4
2018-467,Aptos,Hard,32,C,,20180812,10,BI23,,,Liam Broady,L,183,GBR,24.602,189,296,PG94,,,Marc Polmans,R,188,AUS,21.279,181,323,6-3 6-4,3,R32,87,0,2,65,53,32,6,10,8,10,0,7,69,47,24,11,9,5,9
2018-467,Aptos,Hard,32,C,,20180812,11,DA86,,,Joris De Loore,R,191,BEL,25.309,338,136,BV27,,,Ulises Blanch,R,188,USA,20.383,301,160,6-3 6-7(5) 6-4,3,R32,123,14,1,96,62,51,16,16,8,10,6,7,93,53,38,22,15,3,7
2018-467,Aptos,Hard,32,C,,20180812,12,E873,,,Ernesto Escobedo,R,185,MEX,22.105,188,296,GC89,,,Egor Gerasimov,R,196,BLR,25.749,261,210,7-5 7-6(6),3,R32,100,14,3,81,45,33,25,12,3,3,9,3,80,53,42,13,12,3,4
2018-467,Aptos,Hard,32,C,,20180812,13,E865,,,Christopher Eubanks,R,201,USA,22.27,236,242,W579,,,Alexander Ward,R,185,GBR,28.285,323,143,6-3 6-4,3,R32,66,9,3,60,43,30,12,10,0,0,4,4,56,32,22,13,9,4,6
2018-467,Aptos,Hard,32,C,,20180812,14,GC88,,,Marcos Giron,R,180,USA,25.051,371,114,PL56,,,Tommy Paul,R,185,USA,21.238,316,146,6-3 6-0,3,R32,58,5,5,51,31,23,12,8,4,4,1,1,47,28,17,6,7,2,6
2018-467,Aptos,Hard,32,C,,20180812,15,N679,,,Stefano Napolitano,R,196,ITA,23.337,194,292,N674,,,Dennis Novikov,R,193,USA,24.764,244,228,6-4 6-3,3,R32,75,3,1,47,25,21,16,9,0,0,12,2,78,42,29,16,10,10,13
2018-467,Aptos,Hard,32,C,,20180812,16,U120,,,Kaichi Uchida,R,180,JPN,23.97,296,164,KE64,,,Stefan Kozlov,R,183,USA,20.526,252,219,6-4 6-1,3,R32,72,2,1,56,32,21,7,9,5,9,1,5,43,19,5,9,8,3,10
2018-467,Aptos,Hard,32,C,,20180812,17,F586,1,,Thomas Fabbiano,R,173,ITA,29.213,105,534,N679,,,Stefano Napolitano,R,196,ITA,23.337,194,292,6-2 6-2,3,R16,60,2,1,44,22,19,15,8,3,3,4,2,48,27,16,8,8,1,5
2018-467,Aptos,Hard,32,C,,20180812,18,E865,,,Christopher Eubanks,R,201,USA,22.27,236,242,MP01,,,Michael Mmoh,R,188,USA,20.586,135,434,7-6(4) 6-4,3,R16,83,7,4,73,49,43,9,11,0,1,2,3,70,53,38,6,11,3,5
2018-467,Aptos,Hard,32,C,,20180812,19,KD46,4,,Thanasi Kokkinakis,R,193,AUS,22.338,268,191,U120,,,Kaichi Uchida,R,180,JPN,23.97,296,164,7-5 6-0,3,R16,81,5,4,55,31,29,11,9,0,0,4,1,66,37,22,13,9,8,12
2018-467,Aptos,Hard,32,C,,20180812,20,BI23,,,Liam Broady,L,183,GBR,24.602,189,296,CI14,7,,Jay Clarke,R,183,GBR,20.044,175,328,7-6(3) 6-4,3,R16,99,5,3,74,54,39,7,11,4,7,2,1,75,47,28,13,11,3,7
2018-467,Aptos,Hard,32,C,,20180812,21,GA94,8,,Prajnesh Gunneswaran,L,188,IND,28.747,171,332,AB71,,,JC Aragone,R,178,USA,23.124,276,184,4-6 7-5 6-4,3,R16,149,3,5,116,71,44,18,16,7,13,5,6,104,57,37,15,16,3,10
2018-467,Aptos,Hard,32,C,,20180812,22,E873,,,Ernesto Escobedo,R,185,MEX,22.105,188,296,V832,,,Aleksandar Vukic,R,188,AUS,22.349,460,79,7-6(6) 7-6(1),3,R16,117,8,2,103,57,43,21,12,5,8,9,2,83,53,40,10,12,4,7
2018-467,Aptos,Hard,32,C,,20180812,23,HG86,,,Lloyd Harris,R,193,RSA,21.462,161,351,DA86,,,Joris De Loore,R,191,BEL,25.309,338,136,6-2 6-0,3,R16,52,6,2,39,22,19,10,7,0,0,3,3,42,28,14,5,7,3,8
2018-467,Aptos,Hard,32,C,,20180812,24,RC93,,,Martin Redlicki,L,196,USA,22.968,772,26,GC88,,,Marcos Giron,R,180,USA,25.051,371,114,6-3 6-4,3,R16,62,7,1,56,39,33,10,10,3,3,4,1,52,31,21,12,9,1,3
2018-467,Aptos,Hard,32,C,,20180812,25,F586,1,,Thomas Fabbiano,R,173,ITA,29.213,105,534,RC93,,,Martin Redlicki,L,196,USA,22.968,772,26,6-2 6-2,3,QF,60,2,3,48,30,23,12,8,1,1,5,5,49,29,16,6,8,2,6
2018-467,Aptos,Hard,32,C,,20180812,26,KD46,4,,Thanasi Kokkinakis,R,193,AUS,22.338,268,191,GA94,8,,Prajnesh Gunneswaran,L,188,IND,28.747,171,332,4-6 6-4 6-3,3,QF,123,10,6,99,60,47,18,15,7,9,6,3,83,53,40,15,14,5,8
2018-467,Aptos,Hard,32,C,,20180812,27,E865,,,Christopher Eubanks,R,201,USA,22.27,236,242,E873,,,Ernesto Escobedo,R,185,MEX,22.105,188,296,6-4 7-6(6),3,QF,78,10,2,67,48,36,14,11,0,0,4,4,72,32,25,23,11,5,6
2018-467,Aptos,Hard,32,C,,20180812,28,HG86,,,Lloyd Harris,R,193,RSA,21.462,161,351,BI23,,,Liam Broady,L,183,GBR,24.602,189,296,6-2 6-2,3,QF,64,10,0,45,35,29,6,8,2,2,0,1,50,38,21,5,8,4,8
2018-467,Aptos,Hard,32,C,,20180812,29,KD46,4,,Thanasi Kokkinakis,R,193,AUS,22.338,268,191,F586,1,,Thomas Fabbiano,R,173,ITA,29.213,105,534,7-5 6-1,3,SF,80,11,3,61,39,30,12,10,6,7,0,1,45,34,20,5,9,0,4
2018-467,Aptos,Hard,32,C,,20180812,30,HG86,,,Lloyd Harris,R,193,RSA,21.462,161,351,E865,,,Christopher Eubanks,R,201,USA,22.27,236,242,6-2 6-2,3,SF,46,8,1,45,30,22,11,8,0,0,0,0,42,28,17,4,8,3,7
2018-467,Aptos,Hard,32,C,,20180812,31,KD46,4,,Thanasi Kokkinakis,R,193,AUS,22.338,268,191,HG86,,,Lloyd Harris,R,193,RSA,21.462,161,351,6-2 6-3,3,F,67,12,1,41,27,26,8,8,0,0,6,6,61,34,25,8,9,7,11
2018-7746,Jinan,Hard,32,C,,20180812,1,H808,,,Harri Heliovaara,R,188,FIN,29.188,349,129,RB56,1,,Ramkumar Ramanathan,R,188,IND,23.759,117,483,6-3 6-4,3,R32,61,5,2,51,30,23,15,10,0,1,15,8,53,32,23,11,9,5,8
2018-7746,Jinan,Hard,32,C,,20180812,2,WB32,,,Yibing Wu,R,183,CHN,18.828,329,140,MM66,3,,Nikola Milojevic,R,188,SRB,23.149,201,286,6-3 6-4,3,R32,78,5,1,61,33,29,15,10,5,5,5,2,49,25,19,13,9,1,3
2018-7746,Jinan,Hard,32,C,,20180812,3,L733,,,Zhe Li,R,183,CHN,31.893,281,180,BK92,4,,Alexander Bublik,R,196,KAZ,21.153,172,332,4-6 6-3 7-6(4),3,R32,141,1,2,97,59,38,24,16,1,4,22,21,100,52,41,20,15,4,7
2018-7746,Jinan,Hard,32,C,,20180812,4,I230,5,,Tatsuma Ito,R,180,JPN,30.234,170,333,BH87,,,Maverick Banes,R,,AUS,26.338,284,179,3-6 6-1 6-2,3,R32,108,6,3,67,41,31,15,12,2,3,6,5,88,53,34,15,12,9,13
2018-7746,Jinan,Hard,32,C,,20180812,5,Z272,,,Ze Zhang,R,188,CHN,28.107,182,314,MI01,6,,Hiroki Moriya,R,168,JPN,27.822,202,281,6-3 6-4,3,R32,84,6,7,61,36,29,14,10,2,2,2,2,53,26,16,17,9,1,3
2018-7746,Jinan,Hard,32,C,,20180812,6,KD43,,,Arjun Kadhe,R,185,IND,24.594,346,131,KD70,7,,Pedja Krstin,R,183,SRB,23.94,200,287,7-6(6) 3-0 RET,3,R32,67,7,1,46,34,29,6,7,0,0,8,2,50,33,24,9,8,0,2
2018-7746,Jinan,Hard,32,C,,20180812,7,T982,8,,Tsung-Hua Yang,R,178,TPE,27.373,211,270,SQ80,,,Akira Santillan,R,180,AUS,21.224,282,179,5-4 RET,3,R32,57,6,2,37,19,16,7,5,5,6,2,3,37,20,12,7,4,2,3
2018-7746,Jinan,Hard,32,C,,20180812,8,LE01,,,Duckhee Lee,R,170,KOR,20.205,239,237,SY74,,,Manish Sureshkumar,R,180,IND,18.998,583,50,6-1 6-3,3,R32,56,1,1,39,24,19,11,8,0,1,2,4,45,21,13,7,8,5,10
2018-7746,Jinan,Hard,32,C,,20180812,9,P09Z,,,Alexei Popyrin,R,196,AUS,19.02,310,153,BE69,,,Yan Bai,R,185,CHN,29.227,353,124,6-3 7-5,3,R32,83,6,4,70,42,30,16,11,5,7,2,2,45,27,17,10,10,1,5
2018-7746,Jinan,Hard,32,C,,20180812,10,SX50,,,Roman Safiullin,R,185,RUS,21.013,320,144,TD55,,,Renta Tokuda,R,178,JPN,20.372,307,156,6-3 7-6(3),3,R32,91,2,2,64,41,31,14,11,0,1,3,3,65,40,28,14,10,2,4
2018-7746,Jinan,Hard,32,C,,20180812,11,TF58,,,Yusuke Takahashi,R,170,JPN,20.819,380,107,E757,,,Hiroyasu Ehara,,,JPN,27.151,400,98,6-4 6-3,3,R32,113,1,0,60,26,18,21,9,3,4,0,2,84,41,27,16,10,8,12
2018-7746,Jinan,Hard,32,C,,20180812,12,W503,,,James Ward,R,188,GBR,31.504,305,157,HB59,,,Yecong He,R,180,CHN,24.487,844,19,2-6 7-5 6-1,3,R32,110,7,4,82,48,34,17,14,2,6,0,4,73,46,28,13,13,4,9
2018-7746,Jinan,Hard,32,C,,20180812,13,W571,,,Di Wu,R,173,CHN,26.91,275,184,W597,,,Tak Khunn Wang,R,175,FRA,26.831,498,68,7-5 7-6(3),3,R32,115,5,7,88,53,41,14,12,5,7,6,6,75,32,23,23,12,3,6
2018-7746,Jinan,Hard,32,C,,20180812,14,X015,,,Zihao Xia,R,,CHN,21.53,724,30,W857,,,Tung-Lin Wu,R,188,TPE,20.252,481,76,2-6 4-1 RET,3,R32,73,3,1,41,24,15,8,6,1,3,3,3,61,27,16,17,7,6,8
2018-7746,Jinan,Hard,32,C,,20180812,15,Y171,,,Denis Yevseyev,R,188,KAZ,25.224,306,157,PE02,,,Danilo Petrovic,R,203,SRB,26.549,227,251,6-4 6-2,3,R32,85,6,0,53,35,31,7,9,2,3,3,4,60,37,21,10,9,6,10
2018-7746,Jinan,Hard,32,C,,20180812,16,Z371,,,Zhizhen Zhang,R,193,CHN,21.821,425,89,G820,,,Xin Gao,R,180,CHN,24.252,666,38,7-5 2-0 RET,3,R32,80,10,3,35,21,19,9,7,0,0,8,3,75,43,28,13,7,8,10
2018-7746,Jinan,Hard,32,C,,20180812,17,SX50,,,Roman Safiullin,R,185,RUS,21.013,320,144,I230,5,,Tatsuma Ito,R,180,JPN,30.234,170,333,7-6(7) 7-5,3,R16,120,6,4,75,48,40,17,12,3,3,5,0,76,49,38,15,12,1,2
2018-7746,Jinan,Hard,32,C,,20180812,18,P09Z,,,Alexei Popyrin,R,196,AUS,19.02,310,153,T982,8,,Tsung-Hua Yang,R,178,TPE,27.373,211,270,4-6 7-6(4) 7-5,3,R16,172,13,6,118,67,50,25,17,12,16,14,6,107,61,49,17,17,5,9
2018-7746,Jinan,Hard,32,C,,20180812,19,LE01,,,Duckhee Lee,R,170,KOR,20.205,239,237,WB32,,,Yibing Wu,R,183,CHN,18.828,329,140,6-0 6-3,3,R16,57,3,2,46,24,21,13,8,1,1,3,3,49,33,18,6,7,3,7
2018-7746,Jinan,Hard,32,C,,20180812,20,W503,,,James Ward,R,188,GBR,31.504,305,157,KD43,,,Arjun Kadhe,R,185,IND,24.594,346,131,6-3 6-1,3,R16,64,8,2,49,32,24,9,8,2,3,3,2,55,34,18,8,8,7,12
2018-7746,Jinan,Hard,32,C,,20180812,21,X015,,,Zihao Xia,R,,CHN,21.53,724,30,W571,,,Di Wu,R,173,CHN,26.91,275,184,6-4 6-2,3,R16,65,8,3,58,35,26,13,9,3,4,5,4,50,24,18,9,9,3,7
2018-7746,Jinan,Hard,32,C,,20180812,22,Y171,,,Denis Yevseyev,R,188,KAZ,25.224,306,157,H808,,,Harri Heliovaara,R,188,FIN,29.188,349,129,6-2 6-4,3,R16,65,9,5,55,29,24,11,9,3,4,0,1,55,42,22,6,9,3,7
2018-7746,Jinan,Hard,32,C,,20180812,23,Z272,,,Ze Zhang,R,188,CHN,28.107,182,314,TF58,,,Yusuke Takahashi,R,170,JPN,20.819,380,107,6-4 6-3,3,R16,84,6,4,58,25,21,19,10,4,5,2,3,61,33,22,13,9,5,8
2018-7746,Jinan,Hard,32,C,,20180812,24,Z371,,,Zhizhen Zhang,R,193,CHN,21.821,425,89,L733,,,Zhe Li,R,183,CHN,31.893,281,180,4-6 6-3 6-4,3,R16,173,6,5,98,48,36,27,15,9,11,5,7,89,56,41,14,14,5,8
2018-7746,Jinan,Hard,32,C,,20180812,25,P09Z,,,Alexei Popyrin,R,196,AUS,19.02,310,153,Y171,,,Denis Yevseyev,R,188,KAZ,25.224,306,157,6-3 3-6 6-3,3,QF,121,5,7,90,53,40,16,14,4,7,2,7,87,52,39,11,13,3,7
2018-7746,Jinan,Hard,32,C,,20180812,26,W503,,,James Ward,R,188,GBR,31.504,305,157,LE01,,,Duckhee Lee,R,170,KOR,20.205,239,237,3-6 7-5 6-4,3,QF,124,13,5,85,49,36,19,15,5,8,3,3,102,55,38,25,16,10,14
2018-7746,Jinan,Hard,32,C,,20180812,27,X015,,,Zihao Xia,R,,CHN,21.53,724,30,Z272,,,Ze Zhang,R,188,CHN,28.107,182,314,5-4 RET,3,QF,40,0,4,46,30,17,6,4,6,8,5,4,27,14,10,2,5,2,5
2018-7746,Jinan,Hard,32,C,,20180812,28,Z371,,,Zhizhen Zhang,R,193,CHN,21.821,425,89,SX50,,,Roman Safiullin,R,185,RUS,21.013,320,144,6-4 6-4,3,QF,73,8,1,56,37,30,9,10,1,2,3,1,54,37,25,8,10,2,5
2018-7746,Jinan,Hard,32,C,,20180812,29,P09Z,,,Alexei Popyrin,R,196,AUS,19.02,310,153,Z371,,,Zhizhen Zhang,R,193,CHN,21.821,425,89,6-4 3-6 6-1,3,SF,112,6,3,83,46,35,17,13,4,7,5,5,77,39,25,19,13,2,7
2018-7746,Jinan,Hard,32,C,,20180812,30,W503,,,James Ward,R,188,GBR,31.504,305,157,X015,,,Zihao Xia,R,,CHN,21.53,724,30,6-2 6-1,3,SF,53,8,1,43,21,18,15,8,0,0,0,2,44,25,15,6,7,2,6
2018-7746,Jinan,Hard,32,C,,20180812,31,P09Z,,,Alexei Popyrin,R,196,AUS,19.02,310,153,W503,,,James Ward,R,188,GBR,31.504,305,157,3-6 6-1 7-5,3,F,111,10,4,83,53,39,16,14,3,5,8,5,86,50,37,16,14,4,8
2018-7971,Pullach,Clay,32,C,,20180812,1,SL28,,,Jan-Lennard Struff,R,193,GER,28.298,56,920,MN20,,,Daniel Masur,R,183,GER,23.765,267,192,6-3 4-6 7-6(3),3,R32,115,13,9,114,59,46,26,16,9,12,4,4,91,61,46,13,15,2,5
2018-7971,Pullach,Clay,32,C,,20180812,2,V708,2,,Jiri Vesely,L,198,CZE,25.09,92,640,V717,,,Alexey Vatutin,R,178,RUS,25.791,193,293,6-7(5) 7-5 6-0,3,R32,154,18,9,101,62,44,22,15,7,9,4,11,123,63,41,26,15,5,11
2018-7971,Pullach,Clay,32,C,,20180812,3,Z254,3,,Jurgen Zopp,R,191,EST,30.371,98,586,CG04,,,Pedro Cachin,R,185,ARG,23.335,258,214,6-4 3-6 6-1,3,R32,106,6,0,64,40,31,15,13,0,2,7,4,97,61,46,10,13,10,14
2018-7971,Pullach,Clay,32,C,,20180812,4,ML57,,,Gianluca Mager,R,188,ITA,23.696,339,135,L503,4,,Paolo Lorenzi,R,183,ITA,36.657,97,588,6-4 3-6 6-2,3,R32,120,4,2,77,44,35,19,13,1,2,5,4,78,45,32,20,14,7,10
2018-7971,Pullach,Clay,32,C,,20180812,5,K966,5,,Martin Klizan,L,191,SVK,29.087,77,753,O408,,,Ricardo Ojeda Lara,R,178,ESP,25.541,220,258,6-3 6-2,3,R32,88,0,2,59,37,27,10,8,4,5,3,1,60,38,22,7,9,6,11
2018-7971,Pullach,Clay,32,C,,20180812,6,PC68,,,Tim Puetz,R,185,GER,30.73,290,170,RH16,7,,Casper Ruud,R,183,NOR,19.639,138,419,6-2 3-6 7-6(6),3,R32,132,8,7,85,48,46,15,14,2,4,4,1,102,69,47,18,15,3,6
2018-7971,Pullach,Clay,32,C,,20180812,7,O513,,,Sebastian Ofner,R,191,AUT,22.251,210,270,BA98,8,,Simone Bolelli,R,183,ITA,32.843,143,401,6-3 6-4,3,R32,86,13,2,72,36,31,19,10,3,3,3,2,57,29,21,15,9,6,8
2018-7971,Pullach,Clay,32,C,,20180812,8,A0AO,,,Alen Avidzba,R,188,RUS,18.464,536,60,MB02,,,Florian Mayer,R,191,GER,34.853,185,303,6-3 3-6 6-3,3,R32,111,6,5,98,65,44,19,14,12,14,10,2,87,54,38,16,13,5,8
2018-7971,Pullach,Clay,32,C,,20180812,9,B884,,,Carlos Berlocq,R,183,ARG,35.521,179,325,O482,,,Gonzalo Oliveira,L,185,VEN,23.483,249,222,6-7(7) 6-4 6-4,3,R32,176,6,2,108,67,49,22,16,1,3,5,3,97,63,47,12,16,3,7
2018-7971,Pullach,Clay,32,C,,20180812,10,CG33,,,Kimmer Coppejans,R,178,BEL,24.509,297,163,D981,,,Arthur De Greef,R,183,BEL,26.376,247,224,6-2 5-7 6-1,3,R32,138,4,3,74,46,36,13,13,3,6,2,1,107,63,36,17,14,8,15
2018-7971,Pullach,Clay,32,C,,20180812,11,KB92,,,Kevin Krawietz,R,188,GER,26.549,342,132,KH56,,,Zdenek Kolar,R,183,CZE,21.84,219,259,6-3 6-4,3,R32,95,1,0,71,48,26,13,9,9,12,1,3,80,48,32,7,10,9,15
2018-7971,Pullach,Clay,32,C,,20180812,12,MQ75,,,Kamil Majchrzak,R,183,POL,22.579,191,294,BC65,,,Matthias Bachinger,R,188,GER,31.362,160,351,6-3 6-4,3,R32,84,3,0,76,55,37,12,10,5,6,4,0,56,30,19,11,9,3,6
2018-7971,Pullach,Clay,32,C,,20180812,13,MO44,,,Pedro Martinez,R,185,ESP,21.295,174,329,O449,,,Oscar Otte,R,193,GER,25.073,178,325,3-6 6-3 7-5,3,R32,130,4,6,91,60,48,14,15,3,5,14,5,96,53,40,20,15,4,7
2018-7971,Pullach,Clay,32,C,,20180812,14,MJ71,,,Mats Moraing,L,198,GER,26.144,149,380,CC32,,,Guilherme Clezar,R,180,BRA,25.613,221,258,6-2 3-6 6-3,3,R32,96,12,5,74,45,39,14,13,2,3,5,1,81,67,45,8,13,3,6
2018-7971,Pullach,Clay,32,C,,20180812,15,S483,,,Pedro Sousa,R,180,POR,30.209,166,341,MP20,,,Alexandre Muller,R,183,FRA,21.525,404,94,6-3 6-2,3,R32,66,5,0,50,31,20,13,9,2,3,1,1,55,33,16,12,8,5,9
2018-7971,Pullach,Clay,32,C,,20180812,16,Y268,,,Mikael Ymer,R,185,SWE,19.923,336,136,M0AC,,,Rudolf Molleker,R,188,GER,17.793,251,220,4-6 6-4 7-5,3,R32,153,7,5,109,68,46,17,16,7,11,4,3,103,50,31,31,16,10,15
2018-7971,Pullach,Clay,32,C,,20180812,17,SL28,,,Jan-Lennard Struff,R,193,GER,28.298,56,920,MJ71,,,Mats Moraing,L,198,GER,26.144,149,380,6-4 6-4,3,R16,68,7,3,56,25,21,22,10,4,4,5,4,55,30,26,10,10,1,3
2018-7971,Pullach,Clay,32,C,,20180812,18,V708,2,,Jiri Vesely,L,198,CZE,25.09,92,640,CG33,,,Kimmer Coppejans,R,178,BEL,24.509,297,163,7-5 1-6 7-6(4),3,R16,159,8,8,111,66,45,20,15,10,15,3,4,108,77,53,13,16,4,8
2018-7971,Pullach,Clay,32,C,,20180812,19,Y268,,,Mikael Ymer,R,185,SWE,19.923,336,136,Z254,3,,Jurgen Zopp,R,191,EST,30.371,98,586,7-6(2) 6-4,3,R16,98,1,1,64,32,24,19,11,1,4,2,6,64,37,26,12,11,2,6
2018-7971,Pullach,Clay,32,C,,20180812,20,K966,5,,Martin Klizan,L,191,SVK,29.087,77,753,MQ75,,,Kamil Majchrzak,R,183,POL,22.579,191,294,6-3 6-3,3,R16,87,2,3,67,38,22,20,9,6,7,2,2,55,38,23,6,9,2,6
2018-7971,Pullach,Clay,32,C,,20180812,21,B884,,,Carlos Berlocq,R,183,ARG,35.521,179,325,PC68,,,Tim Puetz,R,185,GER,30.73,290,170,7-6(3) 7-5,3,R16,111,1,1,65,53,42,9,12,2,3,3,3,75,42,28,20,12,3,5
2018-7971,Pullach,Clay,32,C,,20180812,22,KB92,,,Kevin Krawietz,R,188,GER,26.549,342,132,O513,,,Sebastian Ofner,R,191,AUT,22.251,210,270,3-6 7-6(4) 7-6(8),3,R16,158,0,3,127,67,44,32,16,9,12,12,4,121,62,50,29,17,8,10
2018-7971,Pullach,Clay,32,C,,20180812,23,ML57,,,Gianluca Mager,R,188,ITA,23.696,339,135,A0AO,,,Alen Avidzba,R,188,RUS,18.464,536,60,7-6(4) 6-3,3,R16,89,7,4,78,59,45,9,11,2,3,5,4,61,33,21,17,10,1,3
2018-7971,Pullach,Clay,32,C,,20180812,24,S483,,,Pedro Sousa,R,180,POR,30.209,166,341,MO44,,,Pedro Martinez,R,185,ESP,21.295,174,329,6-4 1-6 7-6(5),3,R16,116,5,5,83,53,34,12,15,1,7,1,6,94,58,42,14,14,5,9
2018-7971,Pullach,Clay,32,C,,20180812,25,SL28,,,Jan-Lennard Struff,R,193,GER,28.298,56,920,B884,,,Carlos Berlocq,R,183,ARG,35.521,179,325,4-6 6-3 6-2,3,QF,113,10,4,93,50,41,22,14,3,4,1,0,81,51,31,20,13,3,6
2018-7971,Pullach,Clay,32,C,,20180812,26,S483,,,Pedro Sousa,R,180,POR,30.209,166,341,V708,2,,Jiri Vesely,L,198,CZE,25.09,92,640,5-7 5-2 RET,3,QF,70,2,4,50,32,26,8,9,3,5,11,2,60,41,31,7,10,4,7
2018-7971,Pullach,Clay,32,C,,20180812,27,K966,5,,Martin Klizan,L,191,SVK,29.087,77,753,Y268,,,Mikael Ymer,R,185,SWE,19.923,336,136,6-3 6-2,3,QF,85,3,2,62,44,28,10,9,7,9,3,3,53,35,20,5,8,4,9
2018-7971,Pullach,Clay,32,C,,20180812,28,KB92,,,Kevin Krawietz,R,188,GER,26.549,342,132,ML57,,,Gianluca Mager,R,188,ITA,23.696,339,135,5-7 6-3 6-1,3,QF,113,10,2,94,58,44,20,14,5,6,6,3,92,53,35,19,14,6,10
2018-7971,Pullach,Clay,32,C,,20180812,29,SL28,,,Jan-Lennard Struff,R,193,GER,28.298,56,920,K966,5,,Martin Klizan,L,191,SVK,29.087,77,753,6-4 6-4,3,SF,79,7,3,57,32,25,15,10,3,4,2,1,62,43,25,11,10,7,10
2018-7971,Pullach,Clay,32,C,,20180812,30,S483,,,Pedro Sousa,R,180,POR,30.209,166,341,KB92,,,Kevin Krawietz,R,188,GER,26.549,342,132,6-1 1-6 6-1,3,SF,63,5,2,70,55,38,4,11,2,5,1,2,56,32,20,9,10,2,7
2018-7971,Pullach,Clay,32,C,,20180812,31,S483,,,Pedro Sousa,R,180,POR,30.209,166,341,SL28,,,Jan-Lennard Struff,R,193,GER,28.298,56,920,6-1 6-3,3,F,55,3,3,62,39,25,14,8,7,8,4,5,48,31,18,5,8,4,9
2018-2120,Cordenons,Clay,32,C,,20180819,1,L503,1,,Paolo Lorenzi,R,183,ITA,36.676,103,543,D916,,,Steven Diez,R,175,CAN,27.425,320,145,7-5 7-6(5),3,R32,139,6,3,85,42,29,21,12,1,5,0,1,77,46,24,16,12,4,9
2018-2120,Cordenons,Clay,32,C,,20180819,2,BF23,2,,Facundo Bagnis,L,183,ARG,28.474,153,369,V490,,,Matteo Viola,R,185,ITA,31.118,291,169,6-0 6-2,3,R32,66,4,2,52,30,21,14,7,9,9,0,5,40,27,13,3,7,1,6
2018-2120,Cordenons,Clay,32,C,,20180819,3,MF35,3,,Andrej Martin,R,183,SVK,28.912,160,349,SF41,,,Aldin Setkic,R,191,BIH,30.661,317,148,6-7(6) 7-5 6-3,3,R32,184,8,2,105,66,46,22,17,5,9,0,7,114,69,48,18,16,7,13
2018-2120,Cordenons,Clay,32,C,,20180819,4,E688,,,Markus Eriksson,R,188,SWE,28.72,389,103,SP80,4,,Nino Serdarusic,R,191,CRO,21.681,195,291,6-3 6-1,3,R32,78,1,3,65,38,29,13,8,6,6,3,6,43,22,14,8,8,1,5
2018-2120,Cordenons,Clay,32,C,,20180819,5,R419,5,,Tommy Robredo,R,180,ESP,36.301,207,272,GA79,,,Lorenzo Giustino,R,180,ITA,26.94,233,249,7-6(3) 6-1,3,R32,91,3,7,66,30,22,19,10,3,6,2,4,58,32,19,8,9,2,7
2018-2120,Cordenons,Clay,32,C,,20180819,6,KH56,6,,Zdenek Kolar,R,183,CZE,21.859,219,259,G985,,,Carlos Gomez-Herrera,R,191,ESP,28.304,288,170,6-3 6-4,3,R32,87,1,0,59,47,32,6,9,5,6,0,2,71,53,30,9,10,9,13
2018-2120,Cordenons,Clay,32,C,,20180819,7,CC32,7,,Guilherme Clezar,R,180,BRA,25.632,236,243,BV17,,,Riccardo Balzerani,R,185,ITA,19.817,472,77,6-2 7-5,3,R32,94,3,1,58,34,24,13,10,1,3,1,6,66,40,21,10,10,7,12
2018-2120,Cordenons,Clay,32,C,,20180819,8,BH80,,,Andrea Basso,L,185,ITA,24.862,351,126,M915,,,Daniel Munoz de la Nava,L,175,ESP,36.553,335,137,7-6(1) 7-5,3,R32,118,10,4,81,43,35,20,12,5,6,4,9,71,32,25,21,12,1,3
2018-2120,Cordenons,Clay,32,C,,20180819,9,BF98,,,Alessandro Bega,R,170,ITA,27.603,314,152,BI47,,,Riccardo Bonadio,R,180,ITA,25.101,562,53,2-6 6-2 6-1,3,R32,106,4,4,90,49,31,22,11,12,14,5,2,73,47,28,11,12,3,8
2018-2120,Cordenons,Clay,32,C,,20180819,10,CG04,,,Pedro Cachin,R,185,ARG,23.354,260,214,BU10,,,Jacopo Berrettini,R,191,ITA,19.726,593,47,3-6 6-1 6-2,3,R32,100,4,2,66,39,33,12,12,0,2,0,3,71,36,24,12,12,2,7
2018-2120,Cordenons,Clay,32,C,,20180819,11,CG94,,,Enzo Couacaud,R,183,FRA,23.469,710,32,ML57,,,Gianluca Mager,R,188,ITA,23.715,297,165,6-4 6-1,3,R32,58,6,2,47,28,23,9,8,2,3,1,5,48,20,11,13,9,3,8
2018-2120,Cordenons,Clay,32,C,,20180819,12,DG80,,,Enrico Dalla Valle,R,196,ITA,20.413,745,29,Z246,,,Miljan Zekic,R,185,SRB,30.103,326,142,6-2 7-5,3,R32,115,2,4,83,44,34,18,10,8,9,2,3,60,36,23,11,10,2,6
2018-2120,Cordenons,Clay,32,C,,20180819,13,D985,,,Joao Domingues,R,,POR,24.871,247,227,CG07,,,Hernan Casanova,R,178,ARG,24.531,313,152,6-0 6-2,3,R32,65,5,1,41,24,20,11,7,3,3,0,1,59,36,18,9,7,7,12
2018-2120,Cordenons,Clay,32,C,,20180819,14,F0A4,,,Francesco Forti,R,188,ITA,19.066,922,14,SG56,,,Daniel Dutra da Silva,L,,BRA,30.122,406,95,7-5 1-6 5-0 RET,3,R32,121,1,5,72,41,23,19,12,4,8,2,8,89,52,32,14,12,6,11
2018-2120,Cordenons,Clay,32,C,,20180819,15,PH64,,,Andrea Pellegrino,R,185,ITA,21.407,338,134,GA71,,,Laurynas Grigelis,R,183,LTU,27.014,265,209,6-7(7) 6-2 6-4,3,R32,143,1,4,98,58,34,25,15,2,5,6,4,95,53,37,18,15,5,11
2018-2120,Cordenons,Clay,32,C,,20180819,16,VA70,,,Mate Valkusz,R,183,HUN,20.016,367,118,O482,,,Gonzalo Oliveira,L,185,VEN,23.502,253,222,6-4 6-4,3,R32,99,0,2,53,39,25,6,10,2,6,1,3,66,43,24,8,10,4,10
2018-2120,Cordenons,Clay,32,C,,20180819,17,L503,1,,Paolo Lorenzi,R,183,ITA,36.676,103,543,BF98,,,Alessandro Bega,R,170,ITA,27.603,314,152,6-4 6-3,3,R16,86,2,2,49,20,16,11,9,0,3,0,3,70,44,24,9,10,1,7
2018-2120,Cordenons,Clay,32,C,,20180819,18,BF23,2,,Facundo Bagnis,L,183,ARG,28.474,153,369,PH64,,,Andrea Pellegrino,R,185,ITA,21.407,338,134,7-5 7-5,3,R16,110,6,0,60,33,28,16,12,0,1,5,3,78,46,31,18,12,5,8
2018-2120,Cordenons,Clay,32,C,,20180819,19,D985,,,Joao Domingues,R,,POR,24.871,247,227,MF35,3,,Andrej Martin,R,183,SVK,28.912,160,349,6-4 3-6 6-1,3,R16,122,0,2,85,57,35,15,13,4,7,0,2,76,52,28,13,13,6,11
2018-2120,Cordenons,Clay,32,C,,20180819,20,R419,5,,Tommy Robredo,R,180,ESP,36.301,207,272,DG80,,,Enrico Dalla Valle,R,196,ITA,20.413,745,29,6-3 RET,3,R16,34,0,0,18,12,11,5,4,0,0,2,2,31,22,13,3,5,1,3
2018-2120,Cordenons,Clay,32,C,,20180819,21,KH56,6,,Zdenek Kolar,R,183,CZE,21.859,219,259,F0A4,,,Francesco Forti,R,188,ITA,19.066,922,14,6-1 6-4,3,R16,69,2,2,49,30,19,10,9,1,4,0,3,48,30,10,8,8,4,10
2018-2120,Cordenons,Clay,32,C,,20180819,22,CC32,7,,Guilherme Clezar,R,180,BRA,25.632,236,243,CG04,,,Pedro Cachin,R,185,ARG,23.354,260,214,6-2 6-4,3,R16,86,1,0,54,39,29,10,9,0,0,7,2,58,29,20,12,9,5,8
2018-2120,Cordenons,Clay,32,C,,20180819,23,CG94,,,Enzo Couacaud,R,183,FRA,23.469,710,32,BH80,,,Andrea Basso,L,185,ITA,24.862,351,126,4-6 7-6(6) 6-3,3,R16,148,9,4,96,42,37,30,16,6,8,3,6,114,54,35,36,15,11,13
2018-2120,Cordenons,Clay,32,C,,20180819,24,VA70,,,Mate Valkusz,R,183,HUN,20.016,367,118,E688,,,Markus Eriksson,R,188,SWE,28.72,389,103,6-0 6-1,3,R16,55,0,1,32,15,13,9,6,0,1,0,1,50,24,9,8,7,7,14
2018-2120,Cordenons,Clay,32,C,,20180819,25,L503,1,,Paolo Lorenzi,R,183,ITA,36.676,103,543,R419,5,,Tommy Robredo,R,180,ESP,36.301,207,272,6-3 6-3,3,QF,79,3,0,55,29,20,15,9,4,5,1,1,51,38,22,6,9,2,6
2018-2120,Cordenons,Clay,32,C,,20180819,26,CC32,7,,Guilherme Clezar,R,180,BRA,25.632,236,243,BF23,2,,Facundo Bagnis,L,183,ARG,28.474,153,369,6-4 4-6 6-2,3,QF,159,3,4,84,55,40,11,14,6,10,9,11,103,47,35,19,14,10,16
2018-2120,Cordenons,Clay,32,C,,20180819,27,VA70,,,Mate Valkusz,R,183,HUN,20.016,367,118,KH56,6,,Zdenek Kolar,R,183,CZE,21.859,219,259,6-0 6-0,3,QF,50,1,1,28,17,15,9,6,0,0,0,2,53,33,16,4,6,5,11
2018-2120,Cordenons,Clay,32,C,,20180819,28,D985,,,Joao Domingues,R,,POR,24.871,247,227,CG94,,,Enzo Couacaud,R,183,FRA,23.469,710,32,6-2 6-1,3,QF,71,0,0,59,37,27,9,8,6,7,1,6,47,19,14,6,7,0,5
2018-2120,Cordenons,Clay,32,C,,20180819,29,L503,1,,Paolo Lorenzi,R,183,ITA,36.676,103,543,D985,,,Joao Domingues,R,,POR,24.871,247,227,7-6(9) 7-5,3,SF,125,4,3,82,38,30,26,12,1,2,1,2,76,50,32,16,12,1,3
2018-2120,Cordenons,Clay,32,C,,20180819,30,VA70,,,Mate Valkusz,R,183,HUN,20.016,367,118,CC32,7,,Guilherme Clezar,R,180,BRA,25.632,236,243,6-2 6-4,3,SF,72,2,2,46,31,25,9,9,2,3,1,4,60,40,23,6,9,3,7
2018-2120,Cordenons,Clay,32,C,,20180819,31,L503,1,,Paolo Lorenzi,R,183,ITA,36.676,103,543,VA70,,,Mate Valkusz,R,183,HUN,20.016,367,118,6-3 3-6 6-4,3,F,130,4,1,85,47,30,21,14,1,5,0,0,88,53,32,19,14,6,11
2018-6809,Meerbusch,Clay,32,C,,20180819,1,BU13,,,Zizou Bergs,R,185,BEL,19.211,423,90,G935,1,,Sergio Gutierrez-Ferrol,R,,ESP,29.457,156,358,1-6 6-3 6-3,3,R32,109,3,3,71,48,30,12,12,3,7,4,7,95,47,31,21,13,7,12
2018-6809,Meerbusch,Clay,32,C,,20180819,2,S483,2,,Pedro Sousa,R,180,POR,30.229,124,466,WB25,,,Louis Wessels,R,198,GER,19.978,433,87,6-0 6-1,3,R32,45,2,2,34,26,22,4,6,1,1,1,4,43,28,11,3,7,2,8
2018-6809,Meerbusch,Clay,32,C,,20180819,3,BA65,,,Dustin Brown,R,196,JAM,33.695,257,215,O513,4,,Sebastian Ofner,R,191,AUT,22.27,202,280,6-4 3-6 7-6(5),3,R32,127,5,6,98,53,40,23,15,3,6,11,5,124,71,50,25,16,17,20
2018-6809,Meerbusch,Clay,32,C,,20180819,4,KB92,,,Kevin Krawietz,R,188,GER,26.568,279,182,N561,5,,Ivan Nedelko,R,185,RUS,32.271,240,238,6-2 4-6 7-6(3),3,R32,123,3,2,94,62,42,17,15,5,9,3,0,85,48,26,24,15,1,6
2018-6809,Meerbusch,Clay,32,C,,20180819,5,HA28,6,,Filip Horansky,R,191,SVK,25.613,251,223,R09X,,,Jurij Rodionov,L,191,AUT,19.261,262,211,6-4 6-1,3,R32,66,1,4,50,35,28,8,9,2,3,3,2,59,41,21,10,8,3,7
2018-6809,Meerbusch,Clay,32,C,,20180819,6,Z419,,,Bernabe Zapata Miralles,R,183,ESP,21.599,280,182,D981,7,,Arthur De Greef,R,183,BEL,26.396,249,224,6-4 6-2,3,R32,78,1,2,58,42,32,3,9,5,8,2,3,65,33,16,12,9,2,8
2018-6809,Meerbusch,Clay,32,C,,20180819,7,M0AC,8,,Rudolf Molleker,R,188,GER,17.812,259,214,S0BW,,,Ondrej Styler,R,,CZE,18.215,,,6-3 6-4,3,R32,77,7,2,54,32,26,12,10,1,3,2,0,62,39,21,10,9,8,12
2018-6809,Meerbusch,Clay,32,C,,20180819,8,BT68,,,Elliot Benchetrit,R,193,MAR,19.88,296,166,BH76,,,Riccardo Bellotti,R,,ITA,27.039,476,76,6-2 6-1,3,R32,51,10,0,42,25,21,12,8,0,0,1,1,44,34,16,3,7,2,6
2018-6809,Meerbusch,Clay,32,C,,20180819,9,CH12,,,Jan Choinski,R,196,GBR,22.19,301,161,H804,,,Andreas Haider-Maurer,R,191,AUT,31.411,394,100,6-1 6-4,3,R32,84,4,1,52,30,21,14,8,2,3,4,1,61,35,21,9,9,3,8
2018-6809,Meerbusch,Clay,32,C,,20180819,10,HG94,,,Benjamin Hassan,R,183,LBN,23.537,381,106,O376,,,Renzo Olivo,R,178,ARG,26.428,319,146,0-6 6-4 6-4,3,R32,112,2,7,76,36,24,18,13,4,9,3,6,87,49,33,17,13,9,13
2018-6809,Meerbusch,Clay,32,C,,20180819,11,KI74,,,Nicola Kuhn,R,185,GER,18.415,358,122,J620,,,Maxime Janvier,R,196,FRA,21.834,273,191,6-1 6-3,3,R32,64,3,0,53,34,23,14,8,1,1,3,3,45,22,15,8,8,3,7
2018-6809,Meerbusch,Clay,32,C,,20180819,12,KC33,,,Dimitar Kuzmanov,R,183,BUL,25.06,302,160,SJ22,,,Gleb Sakharov,R,185,FRA,30.19,267,201,6-3 6-0,3,R32,53,3,1,38,22,22,10,8,0,0,1,2,35,21,13,4,7,1,5
2018-6809,Meerbusch,Clay,32,C,,20180819,13,MP20,,,Alexandre Muller,R,183,FRA,21.544,411,93,CC98,,,Martin Cuevas,R,191,URU,26.595,282,180,6-3 3-6 7-6(5),3,R32,137,0,3,93,67,46,14,15,7,10,6,4,114,61,47,23,15,4,7
2018-6809,Meerbusch,Clay,32,C,,20180819,14,SO20,,,Jelle Sels,R,188,NED,23.025,368,118,BG72,,,Carlos Boluda-Purkiss,R,173,ESP,25.572,289,169,6-3 7-5,3,R32,98,3,1,71,37,29,19,11,7,8,0,3,56,38,25,9,10,3,6
2018-6809,Meerbusch,Clay,32,C,,20180819,15,TC95,,,Johan Tatlot,R,180,FRA,22.398,261,213,SH37,,,Marc Sieber,L,178,GER,30.472,429,88,7-6(5) 4-6 6-4,3,R32,157,7,3,106,54,39,24,16,5,9,1,9,111,73,45,22,16,4,8
2018-6809,Meerbusch,Clay,32,C,,20180819,16,V824,,,Mario Vilella Martinez,R,178,ESP,23.129,256,219,BM03,,,Filippo Baldi,R,180,ITA,22.606,277,187,6-1 7-6(9),3,R32,93,4,3,51,32,26,10,9,1,3,0,5,74,45,28,12,10,4,9
2018-6809,Meerbusch,Clay,32,C,,20180819,17,S483,2,,Pedro Sousa,R,180,POR,30.229,124,466,SO20,,,Jelle Sels,R,188,NED,23.025,368,118,6-3 6-1,3,R16,58,2,2,40,31,25,7,8,0,0,2,1,50,20,12,14,8,5,9
2018-6809,Meerbusch,Clay,32,C,,20180819,18,HA28,6,,Filip Horansky,R,191,SVK,25.613,251,223,V824,,,Mario Vilella Martinez,R,178,ESP,23.129,256,219,3-6 6-3 6-1,3,R16,122,5,2,80,54,34,12,12,7,10,2,4,91,60,32,15,13,7,13
2018-6809,Meerbusch,Clay,32,C,,20180819,19,M0AC,8,,Rudolf Molleker,R,188,GER,17.812,259,214,TC95,,,Johan Tatlot,R,180,FRA,22.398,261,213,7-5 6-1,3,R16,81,6,2,49,29,18,12,9,0,2,6,8,72,36,22,11,10,2,8
2018-6809,Meerbusch,Clay,32,C,,20180819,20,BA65,,,Dustin Brown,R,196,JAM,33.695,257,215,MP20,,,Alexandre Muller,R,183,FRA,21.544,411,93,6-1 6-2,3,R16,43,4,4,46,23,18,17,8,3,3,1,1,34,23,14,3,7,1,5
2018-6809,Meerbusch,Clay,32,C,,20180819,21,CH12,,,Jan Choinski,R,196,GBR,22.19,301,161,BU13,,,Zizou Bergs,R,185,BEL,19.211,423,90,6-3 6-4,3,R16,94,1,1,80,46,32,20,10,4,4,1,2,51,29,23,10,9,1,3
2018-6809,Meerbusch,Clay,32,C,,20180819,22,KB92,,,Kevin Krawietz,R,188,GER,26.568,279,182,HG94,,,Benjamin Hassan,R,183,LBN,23.537,381,106,6-2 6-7(5) 7-5,3,R16,149,1,2,123,78,52,24,16,8,11,3,0,100,47,26,32,16,1,7
2018-6809,Meerbusch,Clay,32,C,,20180819,23,KI74,,,Nicola Kuhn,R,185,GER,18.415,358,122,KC33,,,Dimitar Kuzmanov,R,183,BUL,25.06,302,160,6-4 6-4,3,R16,107,2,1,92,64,41,12,10,11,12,2,3,56,33,21,13,10,1,4
2018-6809,Meerbusch,Clay,32,C,,20180819,24,Z419,,,Bernabe Zapata Miralles,R,183,ESP,21.599,280,182,BT68,,,Elliot Benchetrit,R,193,MAR,19.88,296,166,7-5 6-0,3,R16,80,3,0,50,32,26,12,9,0,0,0,2,61,29,19,13,9,3,7
2018-6809,Meerbusch,Clay,32,C,,20180819,25,M0AC,8,,Rudolf Molleker,R,188,GER,17.812,259,214,S483,2,,Pedro Sousa,R,180,POR,30.229,124,466,6-3 6-2,3,QF,50,6,2,49,28,24,13,9,1,1,2,5,49,25,15,10,8,3,6
2018-6809,Meerbusch,Clay,32,C,,20180819,26,HA28,6,,Filip Horansky,R,191,SVK,25.613,251,223,KI74,,,Nicola Kuhn,R,185,GER,18.415,358,122,6-4 1-6 6-1,3,QF,104,1,2,74,49,31,16,12,2,5,1,2,81,50,35,13,12,6,10
2018-6809,Meerbusch,Clay,32,C,,20180819,27,BA65,,,Dustin Brown,R,196,JAM,33.695,257,215,KB92,,,Kevin Krawietz,R,188,GER,26.568,279,182,6-7(5) 6-1 6-2,3,QF,103,8,3,94,57,44,20,14,1,2,1,6,95,57,41,13,13,9,14
2018-6809,Meerbusch,Clay,32,C,,20180819,28,CH12,,,Jan Choinski,R,196,GBR,22.19,301,161,Z419,,,Bernabe Zapata Miralles,R,183,ESP,21.599,280,182,5-7 6-2 6-1,3,QF,98,3,2,72,45,30,15,13,1,5,2,2,83,57,29,9,14,6,14
2018-6809,Meerbusch,Clay,32,C,,20180819,29,HA28,6,,Filip Horansky,R,191,SVK,25.613,251,223,M0AC,8,,Rudolf Molleker,R,188,GER,17.812,259,214,7-6(4) 6-2,3,SF,86,3,2,76,51,33,13,10,5,8,0,7,66,41,28,6,10,5,10
2018-6809,Meerbusch,Clay,32,C,,20180819,30,CH12,,,Jan Choinski,R,196,GBR,22.19,301,161,BA65,,,Dustin Brown,R,196,JAM,33.695,257,215,6-4 6-3,3,SF,67,4,1,52,32,30,9,9,1,1,3,2,70,43,27,15,10,8,11
2018-6809,Meerbusch,Clay,32,C,,20180819,31,HA28,6,,Filip Horansky,R,191,SVK,25.613,251,223,CH12,,,Jan Choinski,R,196,GBR,22.19,301,161,6-7(7) 6-3 6-3,3,F,155,6,7,114,77,49,16,15,10,15,2,2,105,56,34,18,15,8,16
2018-7490,Gwangju,Hard,32,C,,20180819,1,P09Z,,,Alexei Popyrin,R,196,AUS,19.039,211,268,G710,,,Marcel Granollers,R,191,ESP,32.353,110,521,6-4 6-3,3,R32,80,4,3,59,29,20,16,10,3,5,2,3,52,31,19,9,9,3,7
2018-7490,Gwangju,Hard,32,C,,20180819,2,N652,,,JiSung Nam,R,183,KOR,25.01,544,57,L949,2,,Henri Laaksonen,R,185,SUI,26.385,126,459,6-1 6-1,3,R32,43,1,1,37,30,24,4,7,0,0,1,6,40,22,11,4,7,4,9
2018-7490,Gwangju,Hard,32,C,,20180819,3,BK92,3,,Alexander Bublik,R,196,KAZ,21.172,239,242,KD43,,,Arjun Kadhe,R,185,IND,24.613,330,139,4-6 7-6(6) 7-6(2),3,R32,140,15,17,108,56,42,26,17,1,6,7,7,131,90,62,17,17,6,10
2018-7490,Gwangju,Hard,32,C,,20180819,4,LE01,4,,Duckhee Lee,R,170,KOR,20.225,241,237,CF07,,,Hong Chung,L,170,KOR,25.259,1522,2,7-6(4) 6-2,3,R32,95,1,1,58,28,23,20,10,2,3,1,2,80,54,33,13,10,5,8
2018-7490,Gwangju,Hard,32,C,,20180819,5,SQ80,5,,Akira Santillan,R,180,AUS,21.243,299,162,G922,,,Gerard Granollers,R,183,ESP,29.55,634,41,6-1 3-1 RET,3,R32,46,8,1,35,21,16,11,6,1,1,0,1,32,14,9,5,5,3,6
2018-7490,Gwangju,Hard,32,C,,20180819,6,BH87,6,,Maverick Banes,R,,AUS,26.357,284,178,SN65,,,Dong-Hak Sin,,,KOR,26.478,1699,1,6-2 6-1,3,R32,55,7,0,41,27,24,9,8,1,1,1,5,52,30,20,4,7,8,12
2018-7490,Gwangju,Hard,32,C,,20180819,7,EA27,,,Blake Ellis,R,191,AUS,19.617,436,86,BV27,7,,Ulises Blanch,R,188,USA,20.402,303,160,6-3 0-1 RET,3,R32,45,6,0,27,15,14,9,5,0,0,2,5,42,23,15,10,5,2,3
2018-7490,Gwangju,Hard,32,C,,20180819,8,TD55,8,,Renta Tokuda,R,178,JPN,20.392,308,156,MP13,,,Mukund Sasikumar,R,185,IND,21.593,377,110,3-6 6-2 6-3,3,R32,116,1,3,100,65,40,22,13,8,9,5,2,75,37,28,20,13,3,6
2018-7490,Gwangju,Hard,32,C,,20180819,9,LC54,,,Benjamin Lock,R,198,ZIM,25.459,474,77,CH90,,,Yun seong Chung,R,178,KOR,20.397,312,152,6-4 4-6 6-3,3,R32,154,3,2,89,61,43,16,15,5,8,3,3,109,76,43,19,14,13,17
2018-7490,Gwangju,Hard,32,C,,20180819,10,MJ70,,,Karim-Mohamed Maamoun,R,175,EGY,27.362,356,123,E757,,,Hiroyasu Ehara,,,JPN,27.17,402,98,6-1 7-6(1),3,R32,76,6,1,54,31,28,13,9,2,2,4,2,62,47,28,7,10,0,3
2018-7490,Gwangju,Hard,32,C,,20180819,11,MN44,,,Bradley Mousley,R,188,AUS,22.626,333,138,SO41,,,Ji Hoon Son,R,180,KOR,23.943,655,39,6-3 6-2,3,R32,66,10,2,47,32,30,7,9,0,0,4,8,51,23,16,14,8,3,6
2018-7490,Gwangju,Hard,32,C,,20180819,12,O664,,,Makoto Ochi,L,175,JPN,22.294,438,86,CN78,,,Lucas Catarina,R,185,MON,21.979,451,83,6-3 6-2,3,R32,69,3,2,44,23,19,12,8,1,2,0,3,46,18,12,10,9,0,5
2018-7490,Gwangju,Hard,32,C,,20180819,13,RB86,,,Sidharth Rawat,R,175,IND,25.328,662,38,K863,,,Cheong-Eui Kim,,,KOR,28.408,370,116,7-5 6-7(5) 6-2,3,R32,175,5,2,99,58,36,21,16,1,6,5,12,120,79,42,21,16,12,20
2018-7490,Gwangju,Hard,32,C,,20180819,14,SX50,,,Roman Safiullin,R,185,RUS,21.032,298,164,HB59,,,Yecong He,R,180,CHN,24.507,843,19,6-2 2-0 RET,3,R32,45,5,1,31,14,12,11,5,5,5,1,1,34,26,15,2,5,3,6
2018-7490,Gwangju,Hard,32,C,,20180819,15,SF89,,,Rubin Statham,R,180,NZL,31.318,514,65,J09J,,,Yeong-Seok Jeong,R,185,KOR,18.459,,,6-4 6-0,3,R32,,,,,,,,,,,,,,,,,,,
2018-7490,Gwangju,Hard,32,C,,20180819,16,X015,,,Zihao Xia,R,,CHN,21.55,498,70,TF58,,,Yusuke Takahashi,R,170,JPN,20.838,371,116,6-2 1-6 6-2,3,R32,95,3,3,71,43,34,12,11,3,5,7,4,77,37,27,17,12,6,10
2018-7490,Gwangju,Hard,32,C,,20180819,17,BK92,3,,Alexander Bublik,R,196,KAZ,21.172,239,242,LC54,,,Benjamin Lock,R,198,ZIM,25.459,474,77,6-2 7-5,3,R16,88,5,11,70,31,28,17,10,5,6,3,3,62,40,25,9,10,1,5
2018-7490,Gwangju,Hard,32,C,,20180819,18,LE01,4,,Duckhee Lee,R,170,KOR,20.225,241,237,SF89,,,Rubin Statham,R,180,NZL,31.318,514,65,6-4 6-3,3,R16,,,,,,,,,,,,,,,,,,,
2018-7490,Gwangju,Hard,32,C,,20180819,19,SQ80,5,,Akira Santillan,R,180,AUS,21.243,299,162,MJ70,,,Karim-Mohamed Maamoun,R,175,EGY,27.362,356,123,6-3 6-2,3,R16,67,6,6,54,33,25,9,9,3,5,0,5,53,29,17,6,8,5,10
2018-7490,Gwangju,Hard,32,C,,20180819,20,BH87,6,,Maverick Banes,R,,AUS,26.357,284,178,RB86,,,Sidharth Rawat,R,175,IND,25.328,662,38,6-3 6-3,3,R16,70,2,2,50,33,22,10,9,3,5,1,2,48,28,14,8,9,1,6
2018-7490,Gwangju,Hard,32,C,,20180819,21,TD55,8,,Renta Tokuda,R,178,JPN,20.392,308,156,SX50,,,Roman Safiullin,R,185,RUS,21.032,298,164,7-6(3) 6-2,3,R16,93,7,1,62,38,31,14,10,0,1,6,8,80,48,31,13,10,7,10
2018-7490,Gwangju,Hard,32,C,,20180819,22,N652,,,JiSung Nam,R,183,KOR,25.01,544,57,X015,,,Zihao Xia,R,,CHN,21.55,498,70,6-2 6-3,3,R16,59,4,2,44,30,22,7,8,0,1,0,3,51,25,13,9,9,2,7
2018-7490,Gwangju,Hard,32,C,,20180819,23,O664,,,Makoto Ochi,L,175,JPN,22.294,438,86,EA27,,,Blake Ellis,R,191,AUS,19.617,436,86,7-5 6-1,3,R16,92,1,1,59,34,24,15,9,4,5,3,4,69,37,24,11,10,3,8
2018-7490,Gwangju,Hard,32,C,,20180819,24,P09Z,,,Alexei Popyrin,R,196,AUS,19.039,211,268,MN44,,,Bradley Mousley,R,188,AUS,22.626,333,138,7-6(5) 7-6(2),3,R16,106,12,7,76,42,33,22,12,2,3,13,5,84,46,37,19,12,2,3
2018-7490,Gwangju,Hard,32,C,,20180819,25,BK92,3,,Alexander Bublik,R,196,KAZ,21.172,239,242,TD55,8,,Renta Tokuda,R,178,JPN,20.392,308,156,3-1 RET,3,QF,18,3,2,10,3,2,3,2,0,1,0,0,11,5,3,0,2,0,2
2018-7490,Gwangju,Hard,32,C,,20180819,26,O664,,,Makoto Ochi,L,175,JPN,22.294,438,86,LE01,4,,Duckhee Lee,R,170,KOR,20.225,241,237,6-2 6-1,3,QF,69,4,3,48,30,20,11,7,3,4,0,6,51,33,16,6,8,10,16
2018-7490,Gwangju,Hard,32,C,,20180819,27,N652,,,JiSung Nam,R,183,KOR,25.01,544,57,SQ80,5,,Akira Santillan,R,180,AUS,21.243,299,162,6-2 6-3,3,QF,59,1,1,61,44,29,9,8,5,6,3,1,45,28,16,7,9,3,8
2018-7490,Gwangju,Hard,32,C,,20180819,28,BH87,6,,Maverick Banes,R,,AUS,26.357,284,178,P09Z,,,Alexei Popyrin,R,196,AUS,19.039,211,268,6-4 6-3,3,QF,84,2,3,79,54,34,16,10,9,10,1,5,50,22,14,15,9,2,5
2018-7490,Gwangju,Hard,32,C,,20180819,29,N652,,,JiSung Nam,R,183,KOR,25.01,544,57,BK92,3,,Alexander Bublik,R,196,KAZ,21.172,239,242,7-6(7) 7-5,3,SF,99,1,3,77,60,39,9,12,2,5,6,14,103,56,44,14,12,14,18
2018-7490,Gwangju,Hard,32,C,,20180819,30,BH87,6,,Maverick Banes,R,,AUS,26.357,284,178,O664,,,Makoto Ochi,L,175,JPN,22.294,438,86,6-4 6-4,3,SF,82,6,3,62,37,30,10,10,6,7,2,2,53,32,25,8,10,1,4
2018-7490,Gwangju,Hard,32,C,,20180819,31,BH87,6,,Maverick Banes,R,,AUS,26.357,284,178,N652,,,JiSung Nam,R,183,KOR,25.01,544,57,6-3 4-6 6-4,3,F,123,7,1,79,43,33,23,15,2,5,1,3,104,67,40,21,14,7,11
2018-7774,Vancouver,Hard,32,C,,20180819,1,PD07,,,Vasek Pospisil,R,193,CAN,28.156,94,619,SX96,,,Benjamin Sigouin,R,191,CAN,19.211,688,35,7-6(6) 3-6 6-3,3,R32,143,10,5,95,46,37,23,15,4,8,4,7,103,62,41,19,15,8,12
2018-7774,Vancouver,Hard,32,C,,20180819,2,KD46,,,Thanasi Kokkinakis,R,193,AUS,22.357,199,281,TC61,2,,Jordan Thompson,R,183,AUS,24.331,98,575,6-4 1-6 6-3,3,R32,120,10,8,90,46,38,20,13,8,10,2,3,78,49,35,16,13,3,5
2018-7774,Vancouver,Hard,32,C,,20180819,3,F586,3,,Thomas Fabbiano,R,173,ITA,29.232,107,532,PF65,,,Filip Peliwo,R,180,POL,24.55,189,303,6-4 6-2,3,R32,79,2,4,56,31,20,13,9,2,4,2,6,68,29,17,16,9,9,14
2018-7774,Vancouver,Hard,32,C,,20180819,4,KB95,4,,Jason Kubler,R,178,AUS,25.251,109,528,TA12,,,Stefano Travaglia,R,185,ITA,26.642,143,409,6-3 7-6(2),3,R32,87,4,5,66,44,32,13,11,1,3,3,3,68,38,27,10,10,5,8
2018-7774,Vancouver,Hard,32,C,,20180819,5,MA30,5,,Gilles Muller,L,193,LUX,35.28,117,485,E865,,,Christopher Eubanks,R,201,USA,22.289,205,275,6-4 4-6 6-3,3,R32,98,21,10,82,47,41,18,15,2,3,7,9,91,55,42,17,14,10,12
2018-7774,Vancouver,Hard,32,C,,20180819,6,PB22,6,,Peter Polansky,R,183,CAN,30.177,123,468,G725,,,Santiago Giraldo,R,188,COL,30.727,327,140,7-6(5) 5-7 6-3,3,R32,133,11,9,99,40,37,35,17,3,4,14,2,110,61,44,30,16,1,2
2018-7774,Vancouver,Hard,32,C,,20180819,7,I305,7,,Ilya Ivashka,R,193,BLR,24.482,100,559,ME89,,,Illya Marchenko,R,185,UKR,30.946,336,136,4-6 6-3 7-5,3,R32,132,14,4,90,52,39,22,16,3,6,2,3,91,50,32,23,15,5,9
2018-7774,Vancouver,Hard,32,C,,20180819,8,BE54,,,Ruben Bemelmans,L,183,BEL,30.595,130,445,AG37,,,Felix Auger-Aliassime,R,193,CAN,18.029,120,480,6-4 6-2,3,R32,66,1,3,48,28,24,12,9,0,0,3,5,48,24,19,10,9,0,3
2018-7774,Vancouver,Hard,32,C,,20180819,9,AB71,,,JC Aragone,R,178,USA,23.143,271,192,BI81,,,Alex Bolt,L,183,AUS,25.618,162,348,3-6 6-2 6-4,3,R32,95,5,1,75,49,32,16,13,1,4,9,5,86,46,33,17,14,6,11
2018-7774,Vancouver,Hard,32,C,,20180819,10,BK24,,,Gregoire Barrere,R,183,FRA,24.504,168,334,SK47,,,Mohamed Safwat,R,180,EGY,27.915,172,330,6-7(8) 6-4 6-2,3,R32,117,4,4,85,48,39,23,15,1,3,13,10,102,56,41,19,15,9,14
2018-7774,Vancouver,Hard,32,C,,20180819,11,E687,,,Daniel Evans,R,175,GBR,28.241,310,153,E873,,,Ernesto Escobedo,R,185,MEX,22.125,227,252,6-4 6-4,3,R32,103,3,6,72,31,25,19,10,4,6,8,6,67,35,27,11,10,4,8
2018-7774,Vancouver,Hard,32,C,,20180819,12,GH92,,,Borna Gojo,R,196,CRO,20.474,535,60,KB14,,,Kevin King,L,191,USA,27.472,180,324,6-4 6-3,3,R32,71,5,2,48,23,19,14,9,0,1,9,7,71,38,25,14,10,7,11
2018-7774,Vancouver,Hard,32,C,,20180819,13,HB64,,,Quentin Halys,R,191,FRA,21.812,157,357,BI23,,,Liam Broady,L,183,GBR,24.621,225,253,6-2 6-2,3,R32,59,6,3,53,29,23,14,8,4,4,0,1,44,27,14,9,8,3,7
2018-7774,Vancouver,Hard,32,C,,20180819,14,HG86,,,Lloyd Harris,R,193,RSA,21.481,145,406,KD35,,,Thai-Son Kwiatkowski,R,188,USA,23.513,376,110,6-3 6-4,3,R32,66,9,2,59,37,30,13,10,0,0,4,1,53,25,22,12,9,1,3
2018-7774,Vancouver,Hard,32,C,,20180819,15,MH16,,,Yannick Maden,R,185,GER,28.808,131,443,SP24,,,Brayden Schnur,R,193,CAN,23.127,250,224,7-5 7-6(2),3,R32,106,6,2,80,41,27,22,12,1,4,4,4,96,59,39,12,12,7,11
2018-7774,Vancouver,Hard,32,C,,20180819,16,PG94,,,Marc Polmans,R,188,AUS,21.298,182,323,KB37,,,Evan King,L,185,USA,26.401,224,254,6-2 6-2,3,R32,69,3,5,61,33,28,12,8,8,8,3,2,45,27,14,9,8,2,6
2018-7774,Vancouver,Hard,32,C,,20180819,17,PD07,,,Vasek Pospisil,R,193,CAN,28.156,94,619,PG94,,,Marc Polmans,R,188,AUS,21.298,182,323,5-7 6-3 6-2,3,R16,129,7,4,89,46,39,23,15,7,9,0,5,90,52,35,17,14,5,9
2018-7774,Vancouver,Hard,32,C,,20180819,18,E687,,,Daniel Evans,R,175,GBR,28.241,310,153,F586,3,,Thomas Fabbiano,R,173,ITA,29.232,107,532,6-3 3-6 6-3,3,R16,126,6,4,97,56,36,23,14,7,9,6,1,74,44,28,20,13,0,3
2018-7774,Vancouver,Hard,32,C,,20180819,19,KB95,4,,Jason Kubler,R,178,AUS,25.251,109,528,GH92,,,Borna Gojo,R,196,CRO,20.474,535,60,6-4 7-5,3,R16,94,0,2,66,37,26,16,11,1,3,6,7,75,42,28,12,11,3,7
2018-7774,Vancouver,Hard,32,C,,20180819,20,MH16,,,Yannick Maden,R,185,GER,28.808,131,443,MA30,5,,Gilles Muller,L,193,LUX,35.28,117,485,6-4 7-6(7),3,R16,99,2,2,83,44,32,25,11,5,5,18,3,68,41,35,11,11,1,2
2018-7774,Vancouver,Hard,32,C,,20180819,21,AB71,,,JC Aragone,R,178,USA,23.143,271,192,PB22,6,,Peter Polansky,R,183,CAN,30.177,123,468,7-6(4) 7-6(3),3,R16,104,8,3,79,50,41,20,12,0,0,7,6,94,56,42,19,12,4,4
2018-7774,Vancouver,Hard,32,C,,20180819,22,I305,7,,Ilya Ivashka,R,193,BLR,24.482,100,559,HB64,,,Quentin Halys,R,191,FRA,21.812,157,357,6-2 7-5,3,R16,76,4,5,64,36,32,14,10,3,3,4,6,59,30,23,12,10,0,3
2018-7774,Vancouver,Hard,32,C,,20180819,23,HG86,,,Lloyd Harris,R,193,RSA,21.481,145,406,BE54,,,Ruben Bemelmans,L,183,BEL,30.595,130,445,6-1 6-3,3,R16,72,7,2,49,28,21,11,8,2,3,2,7,73,39,15,20,8,6,11
2018-7774,Vancouver,Hard,32,C,,20180819,24,BK24,,,Gregoire Barrere,R,183,FRA,24.504,168,334,KD46,,,Thanasi Kokkinakis,R,193,AUS,22.357,199,281,W/O,3,R16,,,,,,,,,,,,,,,,,,,
2018-7774,Vancouver,Hard,32,C,,20180819,25,PD07,,,Vasek Pospisil,R,193,CAN,28.156,94,619,HG86,,,Lloyd Harris,R,193,RSA,21.481,145,406,6-7(6) 7-6(11) 6-3,3,QF,163,9,8,123,69,54,23,17,2,6,11,5,109,59,39,26,16,5,10
2018-7774,Vancouver,Hard,32,C,,20180819,26,KB95,4,,Jason Kubler,R,178,AUS,25.251,109,528,AB71,,,JC Aragone,R,178,USA,23.143,271,192,2-6 6-2 6-4,3,QF,109,4,7,80,44,25,16,13,4,10,2,5,79,44,26,13,13,5,12
2018-7774,Vancouver,Hard,32,C,,20180819,27,E687,,,Daniel Evans,R,175,GBR,28.241,310,153,I305,7,,Ilya Ivashka,R,193,BLR,24.482,100,559,6-4 6-4,3,QF,90,0,4,70,32,24,21,10,5,6,8,5,56,26,20,13,10,1,4
2018-7774,Vancouver,Hard,32,C,,20180819,28,BK24,,,Gregoire Barrere,R,183,FRA,24.504,168,334,MH16,,,Yannick Maden,R,185,GER,28.808,131,443,6-3 6-4,3,QF,66,7,2,60,35,27,11,10,2,4,3,4,56,30,21,9,9,4,8
2018-7774,Vancouver,Hard,32,C,,20180819,29,E687,,,Daniel Evans,R,175,GBR,28.241,310,153,PD07,,,Vasek Pospisil,R,193,CAN,28.156,94,619,3-6 7-5 6-2,3,SF,122,3,6,79,43,36,23,14,3,4,11,4,91,53,40,19,15,4,7
2018-7774,Vancouver,Hard,32,C,,20180819,30,KB95,4,,Jason Kubler,R,178,AUS,25.251,109,528,BK24,,,Gregoire Barrere,R,183,FRA,24.504,168,334,4-6 7-6(6) 6-2,3,SF,120,8,1,103,66,51,23,15,11,12,10,7,94,54,43,22,15,7,9
2018-7774,Vancouver,Hard,32,C,,20180819,31,E687,,,Daniel Evans,R,175,GBR,28.241,310,153,KB95,4,,Jason Kubler,R,178,AUS,25.251,109,528,4-6 7-5 7-6(3),3,F,172,14,6,123,68,45,29,17,3,7,6,7,108,62,45,18,17,7,11
2018-3473,Como,Clay,32,C,,20180827,1,K966,,,Martin Klizan,L,191,SVK,29.128,71,798,G983,,,Alessandro Giannessi,L,185,ITA,28.244,228,244,6-2 6-4,3,R32,90,3,1,58,34,26,11,9,2,3,1,6,71,45,23,14,9,11,15
2018-3473,Como,Clay,32,C,,20180827,2,A941,,,Facundo Arguello,R,178,ARG,26.062,351,125,DA31,2,,Hugo Dellien,R,180,BOL,25.196,105,540,6-4 6-3,3,R32,86,0,2,63,41,29,12,10,2,3,2,3,53,36,25,6,9,1,4
2018-3473,Como,Clay,32,C,,20180827,3,GD64,,,Cristian Garin,R,185,CHI,22.242,158,356,S483,3,,Pedro Sousa,R,180,POR,30.251,116,481,6-4 7-6(3),3,R32,87,4,2,79,49,39,15,11,8,9,3,5,70,40,29,18,11,8,10
2018-3473,Como,Clay,32,C,,20180827,4,BM03,,,Filippo Baldi,R,180,ITA,22.628,286,175,MJ08,4,,Thiago Monteiro,L,183,BRA,24.241,118,471,6-3 2-6 6-4,3,R32,134,5,1,107,66,43,22,14,9,12,4,2,73,41,30,19,13,4,7
2018-3473,Como,Clay,32,C,,20180827,5,LB84,5,,Juan Ignacio Londero,R,180,ARG,25.032,123,455,ML57,,,Gianluca Mager,R,188,ITA,23.737,300,162,6-4 6-7(8) 7-6(5),3,R32,150,7,11,133,69,48,29,17,14,19,13,6,111,63,45,23,17,6,12
2018-3473,Como,Clay,32,C,,20180827,6,GA79,,,Lorenzo Giustino,R,180,ITA,26.962,255,217,R612,6,,Stephane Robert,R,185,FRA,38.278,136,417,6-2 6-1,3,R32,54,2,5,45,24,18,12,8,0,1,2,3,40,19,11,6,7,2,7
2018-3473,Como,Clay,32,C,,20180827,7,CE25,,,Salvatore Caruso,R,185,ITA,25.697,218,257,E698,7,,Gastao Elias,R,180,POR,27.756,147,394,7-5 3-6 6-3,3,R32,152,3,2,84,46,39,20,15,5,7,4,7,107,53,37,27,15,6,9
2018-3473,Como,Clay,32,C,,20180827,8,DA67,,,Matteo Donati,R,185,ITA,23.493,182,310,SC73,8,,Rogerio Dutra Silva,R,178,BRA,34.557,150,385,6-0 6-4,3,R32,59,2,1,41,29,24,8,8,0,0,2,2,46,26,18,7,8,2,6
2018-3473,Como,Clay,32,C,,20180827,9,BE68,,,Tomislav Brkic,R,185,BIH,28.468,264,202,N561,,,Ivan Nedelko,R,185,RUS,32.293,235,238,6-2 4-1 RET,3,R32,54,1,1,31,17,17,8,6,1,1,0,0,44,26,13,9,7,5,9
2018-3473,Como,Clay,32,C,,20180827,10,BA65,,,Dustin Brown,R,196,JAM,33.717,227,244,PC78,,,Ante Pavic,R,196,CRO,29.473,250,220,6-3 6-3,3,R32,53,9,5,50,36,33,5,9,0,0,3,5,49,25,16,13,9,1,4
2018-3473,Como,Clay,32,C,,20180827,11,CE77,,,Federico Coria,R,180,ARG,26.467,353,124,G676,,,Daniel Gimeno-Traver,R,183,ESP,33.054,155,362,7-6(2) 6-4,3,R32,94,1,3,71,55,33,9,11,6,10,0,6,73,50,24,13,11,6,11
2018-3473,Como,Clay,32,C,,20180827,12,GB61,,,Viktor Galovic,R,193,CRO,27.937,223,250,C0B1,,,Alessandro Coppini,,,ITA,20.323,,,6-2 6-2,3,R32,51,5,1,40,26,21,11,8,0,0,1,3,43,21,10,9,8,1,5
2018-3473,Como,Clay,32,C,,20180827,13,HA28,,,Filip Horansky,R,191,SVK,25.634,206,268,F0A4,,,Francesco Forti,R,188,ITA,19.088,825,22,6-4 6-1,3,R32,70,2,3,47,30,22,10,8,3,4,0,5,61,36,20,8,9,4,9
2018-3473,Como,Clay,32,C,,20180827,14,MJ01,,,Roberto Marcora,R,193,ITA,28.991,340,131,A622,,,Andrea Arnaboldi,L,180,ITA,30.667,179,320,2-6 6-4 7-6(5),3,R32,143,12,2,103,62,45,25,15,3,5,3,4,95,57,45,21,15,1,2
2018-3473,Como,Clay,32,C,,20180827,15,MF35,,,Andrej Martin,R,183,SVK,28.934,157,357,S0AG,,,Jannik Sinner,R,191,ITA,17.029,891,17,6-3 6-2,3,R32,70,0,2,40,28,19,8,8,0,2,0,4,61,32,17,12,9,3,9
2018-3473,Como,Clay,32,C,,20180827,16,MP83,,,Gian Marco Moroni,R,185,ITA,20.534,212,264,KH56,,,Zdenek Kolar,R,183,CZE,21.881,208,268,6-2 6-2,3,R32,75,1,0,52,40,30,8,8,4,4,1,2,52,35,21,6,8,7,11
2018-3473,Como,Clay,32,C,,20180827,17,K966,,,Martin Klizan,L,191,SVK,29.128,71,798,MF35,,,Andrej Martin,R,183,SVK,28.934,157,357,6-3 1-0 RET,3,R16,50,2,0,28,18,12,6,5,2,3,3,1,34,18,12,4,5,1,4
2018-3473,Como,Clay,32,C,,20180827,18,LB84,5,,Juan Ignacio Londero,R,180,ARG,25.032,123,455,BA65,,,Dustin Brown,R,196,JAM,33.717,227,244,7-5 6-2,3,R16,60,8,3,54,32,28,13,10,3,3,7,5,53,31,22,10,10,1,4
2018-3473,Como,Clay,32,C,,20180827,19,A941,,,Facundo Arguello,R,178,ARG,26.062,351,125,MJ01,,,Roberto Marcora,R,193,ITA,28.991,340,131,6-7(5) 6-1 6-3,3,R16,153,11,1,88,58,37,19,14,1,4,2,9,116,61,36,24,14,2,9
2018-3473,Como,Clay,32,C,,20180827,20,BM03,,,Filippo Baldi,R,180,ITA,22.628,286,175,MP83,,,Gian Marco Moroni,R,185,ITA,20.534,212,264,7-6(3) 6-3,3,R16,95,1,0,65,45,37,13,11,1,1,2,1,65,49,35,9,10,0,1
2018-3473,Como,Clay,32,C,,20180827,21,CE25,,,Salvatore Caruso,R,185,ITA,25.697,218,257,HA28,,,Filip Horansky,R,191,SVK,25.634,206,268,6-2 1-6 7-5,3,R16,144,4,4,85,44,35,15,13,6,11,5,3,106,59,39,15,14,10,16
2018-3473,Como,Clay,32,C,,20180827,22,DA67,,,Matteo Donati,R,185,ITA,23.493,182,310,CE77,,,Federico Coria,R,180,ARG,26.467,353,124,7-6(4) 2-0 RET,3,R16,86,2,0,73,57,31,9,7,10,13,1,6,55,33,16,12,7,3,7
2018-3473,Como,Clay,32,C,,20180827,23,GB61,,,Viktor Galovic,R,193,CRO,27.937,223,250,GA79,,,Lorenzo Giustino,R,180,ITA,26.962,255,217,4-6 7-5 7-5,3,R16,151,15,3,100,66,49,18,17,3,6,5,5,97,48,35,28,17,1,5
2018-3473,Como,Clay,32,C,,20180827,24,GD64,,,Cristian Garin,R,185,CHI,22.242,158,356,BE68,,,Tomislav Brkic,R,185,BIH,28.468,264,202,6-4 6-4,3,R16,73,7,2,55,30,24,19,10,3,3,5,1,61,40,27,11,10,4,6
2018-3473,Como,Clay,32,C,,20180827,25,GB61,,,Viktor Galovic,R,193,CRO,27.937,223,250,K966,,,Martin Klizan,L,191,SVK,29.128,71,798,7-6(6) 6-0,3,QF,93,8,4,67,35,26,19,9,2,2,1,0,52,36,25,6,9,1,4
2018-3473,Como,Clay,32,C,,20180827,26,GD64,,,Cristian Garin,R,185,CHI,22.242,158,356,LB84,5,,Juan Ignacio Londero,R,180,ARG,25.032,123,455,6-4 6-2,3,QF,68,5,3,51,26,21,16,9,1,1,1,2,64,35,21,15,9,6,9
2018-3473,Como,Clay,32,C,,20180827,27,CE25,,,Salvatore Caruso,R,185,ITA,25.697,218,257,A941,,,Facundo Arguello,R,178,ARG,26.062,351,125,6-2 7-6(4),3,QF,137,0,1,69,45,27,11,10,5,9,3,7,88,51,27,14,10,6,12
2018-3473,Como,Clay,32,C,,20180827,28,DA67,,,Matteo Donati,R,185,ITA,23.493,182,310,BM03,,,Filippo Baldi,R,180,ITA,22.628,286,175,1-6 6-3 6-2,3,QF,88,2,1,67,52,34,10,12,1,3,2,4,69,52,35,8,12,4,7
2018-3473,Como,Clay,32,C,,20180827,29,CE25,,,Salvatore Caruso,R,185,ITA,25.697,218,257,DA67,,,Matteo Donati,R,185,ITA,23.493,182,310,7-6(6) 7-6(4),3,SF,127,1,3,95,73,42,12,12,4,8,6,3,103,65,38,19,12,9,13
2018-3473,Como,Clay,32,C,,20180827,30,GD64,,,Cristian Garin,R,185,CHI,22.242,158,356,GB61,,,Viktor Galovic,R,193,CRO,27.937,223,250,6-4 6-3,3,SF,87,5,2,64,37,26,11,9,4,6,3,4,76,53,30,8,10,6,11
2018-3473,Como,Clay,32,C,,20180827,31,CE25,,,Salvatore Caruso,R,185,ITA,25.697,218,257,GD64,,,Cristian Garin,R,185,CHI,22.242,158,356,7-5 6-4,3,F,102,1,2,74,46,28,17,11,6,9,4,6,84,42,25,17,11,9,14
2018-7973,Mallorca,Hard,32,C,,20180828,1,F586,1,,Thomas Fabbiano,R,173,ITA,29.257,110,514,V942,,,Tim van Rijthoven,R,188,NED,21.344,507,67,7-5 6-3,3,R32,89,4,5,71,30,23,26,11,6,6,5,2,51,31,23,12,10,1,3
2018-7973,Mallorca,Hard,32,C,,20180828,2,A596,2,,Pablo Andujar,R,180,ESP,32.594,126,449,O482,,,Gonzalo Oliveira,L,185,VEN,23.526,262,206,6-2 6-1,3,R32,75,2,2,47,29,20,12,7,3,3,1,2,53,34,19,6,8,1,6
2018-7973,Mallorca,Hard,32,C,,20180828,3,RB56,3,,Ramkumar Ramanathan,R,188,IND,23.803,134,422,CG94,,,Enzo Couacaud,R,183,FRA,23.493,560,54,6-3 7-6(3),3,R32,76,6,3,75,48,37,15,11,5,5,9,3,52,27,23,16,10,0,1
2018-7973,Mallorca,Hard,32,C,,20180828,4,SC77,4,,Sergiy Stakhovsky,R,193,UKR,32.641,138,411,GA36,,,Emilio Gomez,R,185,ECU,26.749,369,117,6-4 7-6(6),3,R32,99,8,1,64,42,32,14,11,0,1,2,0,73,46,31,16,11,4,6
2018-7973,Mallorca,Hard,32,C,,20180828,5,BC72,,,Daniel Brands,R,196,GER,31.116,213,260,MJ71,5,,Mats Moraing,L,198,GER,26.188,154,363,7-5 6-2,3,R32,75,6,4,61,36,29,15,10,3,3,10,6,55,25,18,16,10,1,4
2018-7973,Mallorca,Hard,32,C,,20180828,6,TA46,6,,Bernard Tomic,R,196,AUS,25.851,152,371,V824,,,Mario Vilella Martinez,R,178,ESP,23.154,245,225,6-1 6-2,3,R32,56,7,1,45,30,24,10,8,0,0,2,2,53,21,13,13,7,2,6
2018-7973,Mallorca,Hard,32,C,,20180828,7,LA93,7,,Enrique Lopez Perez,R,180,ESP,27.236,159,354,MO55,,,Lucas Miedler,R,183,AUT,22.185,219,256,3-6 7-6(6) 6-4,3,R32,139,17,11,95,51,45,18,15,3,5,10,5,104,61,53,18,16,5,7
2018-7973,Mallorca,Hard,32,C,,20180828,8,SK51,,,Tobias Simon,R,198,GER,27.28,446,84,G935,8,,Sergio Gutierrez-Ferrol,R,,ESP,29.481,162,343,6-3 6-2,3,R32,65,10,3,50,30,25,12,9,0,0,5,5,60,34,23,10,8,10,13
2018-7973,Mallorca,Hard,32,C,,20180828,9,BC65,,,Matthias Bachinger,R,188,GER,31.406,178,320,O408,,,Ricardo Ojeda Lara,R,178,ESP,25.585,288,172,6-2 6-2,3,R32,71,6,1,54,35,28,9,8,3,4,2,1,57,36,20,8,8,6,11
2018-7973,Mallorca,Hard,32,C,,20180828,10,CG04,,,Pedro Cachin,R,185,ARG,23.379,248,222,MN70,,,Joao Menezes,R,185,BRA,21.695,298,166,2-6 7-5 6-2,3,R32,127,10,4,89,50,36,18,14,1,4,2,2,89,67,41,12,14,5,9
2018-7973,Mallorca,Hard,32,C,,20180828,11,D750,,,Kenny De Schepper,L,203,FRA,31.25,205,269,O340,,,Roberto Ortega-Olmedo,R,168,ESP,27.329,321,145,7-6(5) 6-4,3,R32,95,2,2,65,40,30,16,11,2,4,0,3,70,31,18,22,11,4,7
2018-7973,Mallorca,Hard,32,C,,20180828,12,E687,,,Daniel Evans,R,175,GBR,28.266,224,248,D985,,,Joao Domingues,R,,POR,24.895,215,260,6-3 6-3,3,R32,71,4,1,54,39,28,11,9,0,0,1,1,58,42,26,6,9,5,8
2018-7973,Mallorca,Hard,32,C,,20180828,13,G681,,,Teymuraz Gabashvili,R,185,GEO,33.265,450,83,V495,,,Luca Vanni,R,198,ITA,33.232,166,337,6-2 6-3,3,R32,71,1,1,55,30,23,14,9,4,5,8,1,50,25,14,11,8,1,5
2018-7973,Mallorca,Hard,32,C,,20180828,14,GB93,,,Norbert Gombos,R,193,SVK,28.041,191,292,DH50,,,Alejandro Davidovich Fokina,R,180,ESP,19.231,374,115,6-3 6-4,3,R32,72,6,1,49,29,26,14,10,0,0,3,1,60,38,24,11,9,6,8
2018-7973,Mallorca,Hard,32,C,,20180828,15,KI74,,,Nicola Kuhn,R,185,GER,18.439,380,111,W503,,,James Ward,R,188,GBR,31.548,247,222,6-7(6) 7-6(2) 7-6(4),3,R32,186,8,4,118,66,53,32,18,3,4,10,4,160,93,66,35,18,8,9
2018-7973,Mallorca,Hard,32,C,,20180828,16,O449,,,Oscar Otte,R,193,GER,25.117,183,304,GJ37,,,Tallon Griekspoor,R,188,NED,22.155,187,299,6-4 7-6(2),3,R32,87,6,5,80,44,36,19,11,4,4,4,3,75,53,35,13,11,4,5
2018-7973,Mallorca,Hard,32,C,,20180828,17,F586,1,,Thomas Fabbiano,R,173,ITA,29.257,110,514,O449,,,Oscar Otte,R,193,GER,25.117,183,304,6-0 6-2,3,R16,61,4,1,43,20,16,17,7,4,4,4,5,50,26,13,8,7,4,9
2018-7973,Mallorca,Hard,32,C,,20180828,18,GB93,,,Norbert Gombos,R,193,SVK,28.041,191,292,A596,2,,Pablo Andujar,R,180,ESP,32.594,126,449,6-4 6-2,3,R16,96,3,1,70,42,29,12,9,4,6,0,2,65,38,18,13,9,6,11
2018-7973,Mallorca,Hard,32,C,,20180828,19,KI74,,,Nicola Kuhn,R,185,GER,18.439,380,111,RB56,3,,Ramkumar Ramanathan,R,188,IND,23.803,134,422,6-7(4) 7-6(2) 6-4,3,R16,170,4,3,123,70,48,35,17,7,7,18,11,123,71,55,26,17,10,11
2018-7973,Mallorca,Hard,32,C,,20180828,20,D750,,,Kenny De Schepper,L,203,FRA,31.25,205,269,SC77,4,,Sergiy Stakhovsky,R,193,UKR,32.641,138,411,6-2 6-4,3,R16,75,4,2,52,36,28,11,9,2,2,4,2,57,36,22,9,9,1,4
2018-7973,Mallorca,Hard,32,C,,20180828,21,TA46,6,,Bernard Tomic,R,196,AUS,25.851,152,371,CG04,,,Pedro Cachin,R,185,ARG,23.379,248,222,6-2 6-4,3,R16,69,11,1,50,34,28,10,9,0,0,3,4,58,32,20,13,9,3,6
2018-7973,Mallorca,Hard,32,C,,20180828,22,LA93,7,,Enrique Lopez Perez,R,180,ESP,27.236,159,354,G681,,,Teymuraz Gabashvili,R,185,GEO,33.265,450,83,6-2 6-4,3,R16,74,6,5,55,32,26,12,9,3,4,2,5,58,33,24,8,9,6,10
2018-7973,Mallorca,Hard,32,C,,20180828,23,BC65,,,Matthias Bachinger,R,188,GER,31.406,178,320,SK51,,,Tobias Simon,R,198,GER,27.28,446,84,6-1 RET,3,R16,33,2,0,19,14,12,4,4,0,0,4,4,23,11,8,2,3,0,2
2018-7973,Mallorca,Hard,32,C,,20180828,24,BC72,,,Daniel Brands,R,196,GER,31.116,213,260,E687,,,Daniel Evans,R,175,GBR,28.266,224,248,6-4 7-6(6),3,R16,109,6,3,83,59,39,10,11,5,7,6,5,77,46,27,16,11,4,7
2018-7973,Mallorca,Hard,32,C,,20180828,25,BC65,,,Matthias Bachinger,R,188,GER,31.406,178,320,F586,1,,Thomas Fabbiano,R,173,ITA,29.257,110,514,3-6 6-2 6-2,3,QF,108,7,3,94,56,39,16,13,14,17,3,6,68,40,25,14,12,1,6
2018-7973,Mallorca,Hard,32,C,,20180828,26,TA46,6,,Bernard Tomic,R,196,AUS,25.851,152,371,GB93,,,Norbert Gombos,R,193,SVK,28.041,191,292,6-3 6-4,3,QF,75,7,1,68,38,29,14,10,3,5,4,2,58,36,23,7,9,6,10
2018-7973,Mallorca,Hard,32,C,,20180828,27,LA93,7,,Enrique Lopez Perez,R,180,ESP,27.236,159,354,KI74,,,Nicola Kuhn,R,185,GER,18.439,380,111,6-1 7-6(8),3,QF,97,20,9,98,60,43,14,10,6,8,3,2,62,33,19,13,9,5,9
2018-7973,Mallorca,Hard,32,C,,20180828,28,D750,,,Kenny De Schepper,L,203,FRA,31.25,205,269,BC72,,,Daniel Brands,R,196,GER,31.116,213,260,6-1 6-2,3,QF,64,3,1,50,37,27,7,8,2,2,2,3,48,28,16,7,7,1,5
2018-7973,Mallorca,Hard,32,C,,20180828,29,TA46,6,,Bernard Tomic,R,196,AUS,25.851,152,371,D750,,,Kenny De Schepper,L,203,FRA,31.25,205,269,6-3 6-4,3,SF,69,8,2,65,45,35,11,10,6,6,6,2,51,41,30,4,9,4,6
2018-7973,Mallorca,Hard,32,C,,20180828,30,BC65,,,Matthias Bachinger,R,188,GER,31.406,178,320,LA93,7,,Enrique Lopez Perez,R,180,ESP,27.236,159,354,6-4 6-3,3,SF,79,4,2,65,33,24,19,10,3,5,1,3,50,28,21,7,9,3,7
2018-7973,Mallorca,Hard,32,C,,20180828,31,TA46,6,,Bernard Tomic,R,196,AUS,25.851,152,371,BC65,,,Matthias Bachinger,R,188,GER,31.406,178,320,4-6 6-3 7-6(3),3,F,154,8,2,106,63,45,23,16,6,10,7,3,127,64,45,26,15,8,12
2018-784,Seville,Hard,32,C,,20180908,1,MO44,,,Pedro Martinez,R,185,ESP,21.369,181,313,S483,1,,Pedro Sousa,R,180,POR,30.283,116,481,7-6(6) 6-2,3,R32,102,0,3,81,53,33,16,10,9,11,4,1,69,52,28,9,10,3,7
2018-784,Seville,Hard,32,C,,20180908,2,DA67,,,Matteo Donati,R,185,ITA,23.526,182,310,MH16,2,,Yannick Maden,R,185,GER,28.862,125,452,6-4 6-3,3,R32,93,2,1,69,52,30,14,10,7,9,0,1,59,32,19,13,9,4,8
2018-784,Seville,Hard,32,C,,20180908,3,GA71,,,Laurynas Grigelis,R,183,LTU,27.069,261,209,RB56,3,,Ramkumar Ramanathan,R,188,IND,23.833,134,422,6-4 6-2,3,R32,79,3,0,44,31,28,9,9,1,1,4,1,69,44,29,10,9,7,10
2018-784,Seville,Hard,32,C,,20180908,4,TA29,4,,Marco Trungelliti,R,178,ARG,28.602,142,407,KI74,,,Nicola Kuhn,R,185,GER,18.47,380,111,5-7 6-4 6-4,3,R32,153,1,5,106,58,41,24,16,5,8,4,3,101,62,42,19,16,6,10
2018-784,Seville,Hard,32,C,,20180908,5,RH16,5,,Casper Ruud,R,183,NOR,19.713,143,401,PG32,,,Adam Pavlasek,R,185,CZE,23.918,210,266,6-3 6-4,3,R32,70,2,1,52,38,31,11,10,0,0,3,3,57,38,29,7,9,2,4
2018-784,Seville,Hard,32,C,,20180908,6,CG33,,,Kimmer Coppejans,R,178,BEL,24.583,291,169,G676,6,,Daniel Gimeno-Traver,R,183,ESP,33.087,155,362,7-6(5) 6-4,3,R32,114,0,3,76,61,39,4,11,4,8,0,6,74,39,23,17,11,2,7
2018-784,Seville,Hard,32,C,,20180908,7,G935,,,Sergio Gutierrez-Ferrol,R,,ESP,29.511,162,343,MF35,7,,Andrej Martin,R,183,SVK,28.966,157,357,6-3 6-0,3,R32,76,3,3,58,41,30,8,8,3,3,0,2,45,32,19,2,7,1,5
2018-784,Seville,Hard,32,C,,20180908,8,KD70,,,Pedja Krstin,R,183,SRB,24.014,194,287,LA93,8,,Enrique Lopez Perez,R,180,ESP,27.266,159,354,7-5 6-4,3,R32,100,2,1,88,63,42,11,11,5,7,7,3,65,42,29,9,11,4,8
2018-784,Seville,Hard,32,C,,20180908,9,A941,,,Facundo Arguello,R,178,ARG,26.094,351,125,CG04,,,Pedro Cachin,R,185,ARG,23.409,248,222,6-4 6-3,3,R32,110,1,1,55,42,26,7,9,2,4,0,4,74,42,24,14,10,7,12
2018-784,Seville,Hard,32,C,,20180908,10,BE68,,,Tomislav Brkic,R,185,BIH,28.501,264,202,PC78,,,Ante Pavic,R,196,CRO,29.506,250,220,4-6 6-4 6-3,3,R32,129,8,2,91,59,39,17,14,5,9,12,9,108,58,39,20,15,8,14
2018-784,Seville,Hard,32,C,,20180908,11,DH50,,,Alejandro Davidovich Fokina,R,180,ESP,19.261,374,115,G983,,,Alessandro Giannessi,L,185,ITA,28.277,228,244,6-7(3) 6-4 7-6(5),3,R32,169,3,0,124,82,57,26,17,8,9,6,2,111,70,46,28,17,4,6
2018-784,Seville,Hard,32,C,,20180908,12,D750,,,Kenny De Schepper,L,203,FRA,31.28,205,269,D893,,,Marko Djokovic,,,SRB,27.053,1625,2,4-6 6-2 6-2,3,R32,102,4,3,80,62,42,7,13,6,9,1,6,72,36,24,14,13,3,9
2018-784,Seville,Hard,32,C,,20180908,13,GA79,,,Lorenzo Giustino,R,180,ITA,26.995,255,217,GB53,,,Federico Gaio,R,178,ITA,26.511,242,232,6-4 6-2,3,R32,82,3,1,54,33,21,17,9,2,2,3,2,53,37,24,7,9,0,3
2018-784,Seville,Hard,32,C,,20180908,14,MQ75,,,Kamil Majchrzak,R,183,POL,22.653,188,296,N561,,,Ivan Nedelko,R,185,RUS,32.326,235,238,6-4 6-3,3,R32,93,0,0,59,38,24,15,9,4,5,5,3,76,40,22,19,10,5,9
2018-784,Seville,Hard,32,C,,20180908,15,MV14,,,Alex Molcan,L,178,SVK,20.769,538,60,BV25,,,Javier Barranco Cosano,L,180,ESP,19.808,457,82,6-2 6-1,3,R32,59,0,1,43,26,19,10,7,1,2,0,2,47,30,13,6,8,4,10
2018-784,Seville,Hard,32,C,,20180908,16,SK47,,,Mohamed Safwat,R,180,EGY,27.97,186,301,O408,,,Ricardo Ojeda Lara,R,178,ESP,25.615,288,172,7-6(5) 6-4,3,R32,134,2,0,84,57,38,16,11,9,10,0,0,84,64,37,14,11,1,3
2018-784,Seville,Hard,32,C,,20180908,17,BE68,,,Tomislav Brkic,R,185,BIH,28.501,264,202,TA29,4,,Marco Trungelliti,R,178,ARG,28.602,142,407,6-4 6-4,3,R16,78,4,1,50,30,24,9,10,0,2,4,6,62,37,24,8,10,2,6
2018-784,Seville,Hard,32,C,,20180908,18,MV14,,,Alex Molcan,L,178,SVK,20.769,538,60,RH16,5,,Casper Ruud,R,183,NOR,19.713,143,401,6-4 2-0 RET,3,R16,58,2,1,34,22,15,7,6,0,1,1,1,37,27,13,4,6,1,4
2018-784,Seville,Hard,32,C,,20180908,19,A941,,,Facundo Arguello,R,178,ARG,26.094,351,125,DA67,,,Matteo Donati,R,185,ITA,23.526,182,310,5-2 RET,3,R16,29,1,0,19,12,11,3,3,0,0,1,0,22,18,9,3,4,0,2
2018-784,Seville,Hard,32,C,,20180908,20,CG33,,,Kimmer Coppejans,R,178,BEL,24.583,291,169,MQ75,,,Kamil Majchrzak,R,183,POL,22.653,188,296,3-6 7-6(0) 6-2,3,R16,145,4,2,85,63,42,11,14,1,4,4,0,99,62,39,15,15,2,6
2018-784,Seville,Hard,32,C,,20180908,21,D750,,,Kenny De Schepper,L,203,FRA,31.28,205,269,MO44,,,Pedro Martinez,R,185,ESP,21.369,181,313,6-4 6-3,3,R16,83,4,1,62,48,31,6,10,2,5,1,4,46,30,22,0,9,1,6
2018-784,Seville,Hard,32,C,,20180908,22,GA71,,,Laurynas Grigelis,R,183,LTU,27.069,261,209,DH50,,,Alejandro Davidovich Fokina,R,180,ESP,19.261,374,115,7-5 0-6 6-4,3,R16,126,5,5,96,52,33,22,14,10,14,2,1,77,59,37,12,14,1,4
2018-784,Seville,Hard,32,C,,20180908,23,G935,,,Sergio Gutierrez-Ferrol,R,,ESP,29.511,162,343,GA79,,,Lorenzo Giustino,R,180,ITA,26.995,255,217,5-7 6-3 6-3,3,R16,140,3,2,91,66,46,14,15,3,5,1,0,103,70,48,13,15,8,12
2018-784,Seville,Hard,32,C,,20180908,24,KD70,,,Pedja Krstin,R,183,SRB,24.014,194,287,SK47,,,Mohamed Safwat,R,180,EGY,27.97,186,301,6-2 2-6 6-2,3,R16,119,1,2,82,53,34,14,12,4,7,5,2,72,43,28,10,12,8,13
2018-784,Seville,Hard,32,C,,20180908,25,BE68,,,Tomislav Brkic,R,185,BIH,28.501,264,202,G935,,,Sergio Gutierrez-Ferrol,R,,ESP,29.511,162,343,6-3 6-7(7) 6-2,3,QF,146,0,2,103,62,44,19,14,5,8,3,4,103,56,31,23,15,8,15
2018-784,Seville,Hard,32,C,,20180908,26,CG33,,,Kimmer Coppejans,R,178,BEL,24.583,291,169,A941,,,Facundo Arguello,R,178,ARG,26.094,351,125,6-3 6-7(4) 6-1,3,QF,167,1,8,122,97,65,11,15,12,14,1,0,82,61,34,14,13,4,9
2018-784,Seville,Hard,32,C,,20180908,27,KD70,,,Pedja Krstin,R,183,SRB,24.014,194,287,GA71,,,Laurynas Grigelis,R,183,LTU,27.069,261,209,2-6 6-3 6-4,3,QF,117,3,2,99,62,47,15,14,3,5,9,0,66,35,29,19,13,0,2
2018-784,Seville,Hard,32,C,,20180908,28,MV14,,,Alex Molcan,L,178,SVK,20.769,538,60,D750,,,Kenny De Schepper,L,203,FRA,31.28,205,269,6-2 6-2,3,QF,78,7,1,53,35,25,10,8,9,11,1,6,67,46,24,5,8,2,8
2018-784,Seville,Hard,32,C,,20180908,29,CG33,,,Kimmer Coppejans,R,178,BEL,24.583,291,169,KD70,,,Pedja Krstin,R,183,SRB,24.014,194,287,4-6 6-2 6-3,3,SF,145,1,4,95,68,45,13,14,10,13,0,6,92,58,34,14,13,7,12
2018-784,Seville,Hard,32,C,,20180908,30,MV14,,,Alex Molcan,L,178,SVK,20.769,538,60,BE68,,,Tomislav Brkic,R,185,BIH,28.501,264,202,4-6 6-3 6-2,3,SF,131,2,4,91,63,39,16,14,9,13,1,5,82,45,29,14,13,1,7
2018-784,Seville,Hard,32,C,,20180908,31,CG33,,,Kimmer Coppejans,R,178,BEL,24.583,291,169,MV14,,,Alex Molcan,L,178,SVK,20.769,538,60,7-6(2) 6-1,3,F,98,1,1,72,52,35,8,10,2,4,0,1,62,41,21,10,9,1,5
2018-1763,Genova,Clay,32,C,,20180909,1,K966,2,,Martin Klizan,L,191,SVK,29.164,71,798,BM03,,,Filippo Baldi,R,180,ITA,22.664,286,175,6-0 6-2,3,R32,69,3,2,41,27,23,8,7,3,3,1,3,55,36,21,3,7,6,11
2018-1763,Genova,Clay,32,C,,20180909,2,L503,3,,Paolo Lorenzi,R,183,ITA,36.734,94,603,CE25,,,Salvatore Caruso,R,185,ITA,25.733,218,257,6-2 3-6 6-4,3,R32,154,7,3,102,56,39,21,13,11,15,2,1,81,51,30,14,14,5,11
2018-1763,Genova,Clay,32,C,,20180909,3,HB71,4,,Hubert Hurkacz,R,196,POL,21.574,109,515,A622,,,Andrea Arnaboldi,L,180,ITA,30.702,179,320,6-3 1-6 6-2,3,R32,116,9,4,84,48,29,18,12,5,9,1,3,77,45,26,14,12,6,11
2018-1763,Genova,Clay,32,C,,20180909,4,D874,5,,Federico Delbonis,L,193,ARG,27.929,111,510,SC73,,,Rogerio Dutra Silva,R,178,BRA,34.593,150,385,4-6 6-4 6-3,3,R32,131,8,7,73,41,33,20,15,0,3,5,4,87,46,37,16,14,4,8
2018-1763,Genova,Clay,32,C,,20180909,5,BH80,,,Andrea Basso,L,185,ITA,24.92,335,134,A887,6,,Guido Andreozzi,R,183,ARG,27.097,113,498,7-5 4-6 6-0,3,R32,146,10,5,91,49,29,22,14,8,13,1,9,90,45,27,18,14,9,17
2018-1763,Genova,Clay,32,C,,20180909,6,GD64,,,Cristian Garin,R,185,CHI,22.278,158,356,MJ08,7,,Thiago Monteiro,L,183,BRA,24.277,118,471,6-3 6-4,3,R32,87,3,2,61,41,28,10,10,2,5,3,5,55,32,19,7,9,4,9
2018-1763,Genova,Clay,32,C,,20180909,7,SU87,8,,Lorenzo Sonego,R,191,ITA,23.332,121,460,R612,,,Stephane Robert,R,185,FRA,38.313,136,417,6-1 6-2,3,R32,69,7,3,60,35,26,15,8,7,7,0,2,43,31,15,4,7,4,8
2018-1763,Genova,Clay,32,C,,20180909,8,BD20,,,Thomaz Bellucci,L,188,BRA,30.694,311,155,MP83,,,Gian Marco Moroni,R,185,ITA,20.569,212,264,7-6(6) 6-3,3,R32,116,7,3,80,46,36,18,11,4,5,0,3,67,54,38,3,10,2,4
2018-1763,Genova,Clay,32,C,,20180909,9,BA65,,,Dustin Brown,R,196,JAM,33.752,227,244,A596,,,Pablo Andujar,R,180,ESP,32.627,126,449,6-4 7-5,3,R32,91,4,10,70,30,26,19,11,8,9,1,9,78,49,36,10,11,9,12
2018-1763,Genova,Clay,32,C,,20180909,10,FC49,,,Giovanni Fonio,R,183,ITA,20.342,624,43,E698,,,Gastao Elias,R,180,POR,27.792,147,394,6-4 6-2,3,R32,82,1,3,57,40,29,8,9,1,2,2,5,47,23,14,9,9,0,4
2018-1763,Genova,Clay,32,C,,20180909,11,GB61,,,Viktor Galovic,R,193,CRO,27.973,223,250,Q948,,,Gianluigi Quinzi,L,191,ITA,22.604,164,341,4-6 6-4 6-3,3,R32,130,10,4,99,55,39,16,15,9,14,3,2,82,45,28,16,14,6,12
2018-1763,Genova,Clay,32,C,,20180909,12,LB84,,,Juan Ignacio Londero,R,180,ARG,25.068,123,455,P09O,,,Zsombor Piros,R,180,HUN,18.908,388,108,6-4 4-1 RET,3,R32,68,1,2,45,24,14,13,7,3,5,3,2,51,33,15,7,8,6,11
2018-1763,Genova,Clay,32,C,,20180909,13,N897,,,Sumit Nagal,R,178,IND,21.065,306,159,N679,,,Stefano Napolitano,R,196,ITA,23.414,209,267,6-4 6-2,3,R32,89,1,2,55,36,24,6,9,2,5,2,3,67,44,25,7,9,10,16
2018-1763,Genova,Clay,32,C,,20180909,14,R685,,,Lukas Rosol,R,193,CZE,33.128,198,278,PH64,,,Andrea Pellegrino,R,185,ITA,21.465,350,125,6-2 6-4,3,R32,72,5,6,49,27,26,12,9,1,1,0,4,59,29,22,14,9,4,7
2018-1763,Genova,Clay,32,C,,20180909,15,TA12,,,Stefano Travaglia,R,185,ITA,26.7,141,409,V836,,,Juan Pablo Varillas,R,185,PER,22.927,327,139,4-6 7-5 6-3,3,R32,133,9,4,108,46,35,33,16,8,11,6,3,85,49,38,16,15,2,6
2018-1763,Genova,Clay,32,C,,20180909,16,V717,,,Alexey Vatutin,R,178,RUS,25.867,190,293,A0AO,,,Alen Avidzba,R,188,RUS,18.541,499,70,1-6 6-4 6-1,3,R32,110,0,8,70,44,25,12,12,6,11,5,5,82,37,23,18,12,9,15
2018-1763,Genova,Clay,32,C,,20180909,17,BD20,,,Thomaz Bellucci,L,188,BRA,30.694,311,155,K966,2,,Martin Klizan,L,191,SVK,29.164,71,798,3-6 7-5 4-0 RET,3,R16,134,7,4,72,45,34,9,12,2,5,3,3,77,40,25,16,13,4,9
2018-1763,Genova,Clay,32,C,,20180909,18,R685,,,Lukas Rosol,R,193,CZE,33.128,198,278,L503,3,,Paolo Lorenzi,R,183,ITA,36.734,94,603,7-6(4) 6-3,3,R16,99,5,7,75,38,33,21,11,2,2,8,2,68,40,31,14,10,4,5
2018-1763,Genova,Clay,32,C,,20180909,19,HB71,4,,Hubert Hurkacz,R,196,POL,21.574,109,515,LB84,,,Juan Ignacio Londero,R,180,ARG,25.068,123,455,5-7 7-5 6-0,3,R16,139,5,7,90,45,32,20,15,4,9,4,13,109,55,34,19,15,5,13
2018-1763,Genova,Clay,32,C,,20180909,20,D874,5,,Federico Delbonis,L,193,ARG,27.929,111,510,FC49,,,Giovanni Fonio,R,183,ITA,20.342,624,43,6-1 6-3,3,R16,62,3,1,36,23,22,10,8,0,0,1,4,40,22,11,9,8,0,4
2018-1763,Genova,Clay,32,C,,20180909,21,SU87,8,,Lorenzo Sonego,R,191,ITA,23.332,121,460,V717,,,Alexey Vatutin,R,178,RUS,25.867,190,293,6-4 4-6 7-5,3,R16,154,16,3,108,74,50,15,16,7,12,1,5,110,75,44,15,16,8,14
2018-1763,Genova,Clay,32,C,,20180909,22,BA65,,,Dustin Brown,R,196,JAM,33.752,227,244,BH80,,,Andrea Basso,L,185,ITA,24.92,335,134,6-2 5-7 6-2,3,R16,122,8,3,88,52,37,18,14,4,7,7,0,104,64,37,19,14,12,18
2018-1763,Genova,Clay,32,C,,20180909,23,GD64,,,Cristian Garin,R,185,CHI,22.278,158,356,N897,,,Sumit Nagal,R,178,IND,21.065,306,159,3-6 6-3 6-4,3,R16,122,2,2,76,58,39,8,14,3,7,0,6,86,54,36,15,14,3,8
2018-1763,Genova,Clay,32,C,,20180909,24,TA12,,,Stefano Travaglia,R,185,ITA,26.7,141,409,GB61,,,Viktor Galovic,R,193,CRO,27.973,223,250,6-4 6-4,3,R16,94,10,3,60,27,22,19,10,1,2,8,2,64,36,26,12,10,4,7
2018-1763,Genova,Clay,32,C,,20180909,25,SU87,8,,Lorenzo Sonego,R,191,ITA,23.332,121,460,HB71,4,,Hubert Hurkacz,R,196,POL,21.574,109,515,1-6 6-3 7-6(1),3,QF,129,5,3,97,60,41,20,14,9,12,3,6,87,56,40,16,14,3,5
2018-1763,Genova,Clay,32,C,,20180909,26,D874,5,,Federico Delbonis,L,193,ARG,27.929,111,510,TA12,,,Stefano Travaglia,R,185,ITA,26.7,141,409,6-3 3-6 7-6(1),3,QF,160,2,3,91,56,38,24,15,3,5,6,3,105,59,44,20,15,7,9
2018-1763,Genova,Clay,32,C,,20180909,27,BD20,,,Thomaz Bellucci,L,188,BRA,30.694,311,155,GD64,,,Cristian Garin,R,185,CHI,22.278,158,356,7-6(5) 6-4,3,QF,108,5,2,89,54,38,20,11,9,10,4,3,70,42,28,19,11,3,5
2018-1763,Genova,Clay,32,C,,20180909,28,BA65,,,Dustin Brown,R,196,JAM,33.752,227,244,R685,,,Lukas Rosol,R,193,CZE,33.128,198,278,3-6 6-4 7-6(5),3,QF,121,4,7,105,56,39,24,16,1,5,4,9,96,47,37,26,15,4,7
2018-1763,Genova,Clay,32,C,,20180909,29,SU87,8,,Lorenzo Sonego,R,191,ITA,23.332,121,460,D874,5,,Federico Delbonis,L,193,ARG,27.929,111,510,7-5 6-3,3,SF,116,3,2,64,37,28,17,11,4,5,1,4,68,42,29,9,10,2,5
2018-1763,Genova,Clay,32,C,,20180909,30,BA65,,,Dustin Brown,R,196,JAM,33.752,227,244,BD20,,,Thomaz Bellucci,L,188,BRA,30.694,311,155,6-3 7-6(6),3,SF,97,5,7,80,46,33,17,11,7,10,3,3,79,55,36,8,10,4,8
2018-1763,Genova,Clay,32,C,,20180909,31,SU87,8,,Lorenzo Sonego,R,191,ITA,23.332,121,460,BA65,,,Dustin Brown,R,196,JAM,33.752,227,244,6-2 6-1,3,F,68,2,3,58,35,29,10,8,6,6,0,1,51,23,15,11,7,2,6
2018-7783,Zhangjiagang,Hard,32,C,,20180909,1,J380,1,,Jason Jung,R,180,TPE,29.235,115,483,S0AQ,,,Yuta Shimizu,L,163,JPN,19.253,417,94,6-4 6-3,3,R32,69,1,2,51,32,21,11,9,1,3,1,4,57,32,18,10,10,1,6
2018-7783,Zhangjiagang,Hard,32,C,,20180909,2,I230,2,,Tatsuma Ito,R,180,JPN,30.311,163,342,D916,,,Steven Diez,R,175,CAN,27.483,336,134,6-4 6-1,3,R32,73,4,2,55,32,25,15,9,4,4,0,2,44,23,16,8,8,1,4
2018-7783,Zhangjiagang,Hard,32,C,,20180909,3,LE01,,,Duckhee Lee,R,170,KOR,20.282,229,244,Z272,3,,Ze Zhang,R,188,CHN,28.183,168,334,6-3 5-7 6-0,3,R32,105,5,0,86,61,44,14,14,5,7,5,5,87,61,37,10,13,7,12
2018-7783,Zhangjiagang,Hard,32,C,,20180909,4,SC47,4,,Go Soeda,R,178,JPN,34.01,176,325,BF98,,,Alessandro Bega,R,170,ITA,27.661,324,142,7-5 7-5,3,R32,125,2,5,88,53,37,17,12,8,10,1,2,89,55,34,17,12,5,9
2018-7783,Zhangjiagang,Hard,32,C,,20180909,5,TG30,,,Rigele Te,R,188,CHN,20.917,462,79,PF65,5,,Filip Peliwo,R,180,POL,24.608,185,303,6-4 6-4,3,R32,80,2,4,67,27,22,21,10,7,8,4,1,59,25,17,16,10,2,5
2018-7783,Zhangjiagang,Hard,32,C,,20180909,6,KI95,6,,Miomir Kecmanovic,R,183,SRB,19.025,196,281,PH71,,,Max Purcell,R,185,AUS,20.435,249,221,6-3 3-6 6-3,3,R32,116,1,3,91,56,41,20,14,5,6,12,2,84,50,36,20,13,5,7
2018-7783,Zhangjiagang,Hard,32,C,,20180909,7,MI01,7,,Hiroki Moriya,R,168,JPN,27.899,197,281,LC11,,,Tristan Lamasine,R,183,FRA,25.514,346,128,7-6(6) 6-2,3,R32,93,1,2,62,34,26,18,10,1,2,5,5,65,40,27,11,10,3,6
2018-7783,Zhangjiagang,Hard,32,C,,20180909,8,BK92,8,,Alexander Bublik,R,196,KAZ,21.229,203,271,TF58,,,Yusuke Takahashi,R,170,JPN,20.895,373,116,6-3 6-4,3,R32,80,14,4,58,39,34,11,10,1,1,1,3,68,32,21,19,9,9,11
2018-7783,Zhangjiagang,Hard,32,C,,20180909,9,CH90,,,Yun seong Chung,R,178,KOR,20.454,315,152,SX50,,,Roman Safiullin,R,185,RUS,21.09,292,169,3-6 6-4 6-3,3,R32,116,7,3,100,67,50,14,14,9,11,8,4,78,45,30,20,14,3,6
2018-7783,Zhangjiagang,Hard,32,C,,20180909,10,I236,,,Uladzimir Ignatik,R,183,BLR,28.156,204,270,SF41,,,Aldin Setkic,R,191,BIH,30.719,319,148,6-2 7-6(3),3,R32,104,15,0,62,44,35,12,10,1,1,3,5,66,37,28,14,10,2,4
2018-7783,Zhangjiagang,Hard,32,C,,20180909,11,KA22,,,Dayne Kelly,R,,AUS,28.131,360,119,KF17,,,Soonwoo Kwon,R,180,KOR,20.769,272,196,7-6(5) 7-5,3,R32,119,6,0,85,58,39,20,12,5,6,2,8,80,41,27,23,12,2,4
2018-7783,Zhangjiagang,Hard,32,C,,20180909,12,R09X,,,Jurij Rodionov,L,191,AUT,19.318,259,210,SN54,,,Frederico Ferreira Silva,L,178,POR,23.48,316,151,6-4 6-4,3,R32,79,7,2,58,32,25,13,10,6,8,2,1,54,28,17,12,10,4,8
2018-7783,Zhangjiagang,Hard,32,C,,20180909,13,SQ80,,,Akira Santillan,R,180,AUS,21.3,283,177,T982,,,Tsung-Hua Yang,R,178,TPE,27.45,241,233,6-4 3-1 RET,3,R32,68,0,4,41,21,18,7,7,0,2,2,7,48,21,14,8,7,2,6
2018-7783,Zhangjiagang,Hard,32,C,,20180909,14,U134,,,Yasutaka Uchiyama,R,183,JPN,26.094,271,197,K834,,,Blaz Kavcic,R,188,SLO,31.515,282,177,6-3 4-2 RET,3,R32,80,8,2,59,35,24,13,8,6,7,2,3,44,23,14,9,7,2,5
2018-7783,Zhangjiagang,Hard,32,C,,20180909,15,WB32,,,Yibing Wu,R,183,CHN,18.905,317,149,HB59,,,Yecong He,R,180,CHN,24.564,820,22,6-3 6-4,3,R32,71,4,2,56,39,32,9,10,1,2,0,3,56,42,26,6,9,4,7
2018-7783,Zhangjiagang,Hard,32,C,,20180909,16,Z371,,,Zhizhen Zhang,R,193,CHN,21.897,342,129,L733,,,Zhe Li,R,183,CHN,31.97,278,188,6-0 1-6 6-3,3,R32,95,9,6,61,39,30,12,11,7,9,2,0,67,47,29,9,11,6,10
2018-7783,Zhangjiagang,Hard,32,C,,20180909,17,J380,1,,Jason Jung,R,180,TPE,29.235,115,483,Z371,,,Zhizhen Zhang,R,193,CHN,21.897,342,129,6-4 6-4,3,R16,77,7,3,59,36,28,14,10,4,5,9,3,63,40,24,14,10,6,9
2018-7783,Zhangjiagang,Hard,32,C,,20180909,18,WB32,,,Yibing Wu,R,183,CHN,18.905,317,149,I230,2,,Tatsuma Ito,R,180,JPN,30.311,163,342,7-6(6) 4-6 6-3,3,R16,149,6,5,85,52,39,21,15,1,4,8,8,114,69,52,18,16,6,10
2018-7783,Zhangjiagang,Hard,32,C,,20180909,19,CH90,,,Yun seong Chung,R,178,KOR,20.454,315,152,SC47,4,,Go Soeda,R,178,JPN,34.01,176,325,7-5 3-6 6-2,3,R16,118,4,3,74,48,38,14,14,1,3,2,3,93,70,45,11,15,10,14
2018-7783,Zhangjiagang,Hard,32,C,,20180909,20,KI95,6,,Miomir Kecmanovic,R,183,SRB,19.025,196,281,R09X,,,Jurij Rodionov,L,191,AUT,19.318,259,210,2-6 6-3 6-3,3,R16,105,5,1,71,48,39,11,13,1,3,8,3,85,45,32,20,13,8,11
2018-7783,Zhangjiagang,Hard,32,C,,20180909,21,U134,,,Yasutaka Uchiyama,R,183,JPN,26.094,271,197,MI01,7,,Hiroki Moriya,R,168,JPN,27.899,197,281,4-6 7-6(5) 6-3,3,R16,183,11,1,137,87,58,25,16,18,21,4,5,95,59,40,19,15,2,5
2018-7783,Zhangjiagang,Hard,32,C,,20180909,22,BK92,8,,Alexander Bublik,R,196,KAZ,21.229,203,271,KA22,,,Dayne Kelly,R,,AUS,28.131,360,119,7-5 6-4,3,R16,99,12,14,75,39,32,15,11,1,3,3,4,62,33,20,15,11,5,9
2018-7783,Zhangjiagang,Hard,32,C,,20180909,23,I236,,,Uladzimir Ignatik,R,183,BLR,28.156,204,270,LE01,,,Duckhee Lee,R,170,KOR,20.282,229,244,7-6(6) 6-1,3,R16,88,13,0,57,40,31,9,10,1,3,0,4,60,40,26,5,9,1,5
2018-7783,Zhangjiagang,Hard,32,C,,20180909,24,SQ80,,,Akira Santillan,R,180,AUS,21.3,283,177,TG30,,,Rigele Te,R,188,CHN,20.917,462,79,7-5 6-7(4) 6-4,3,R16,145,10,3,96,63,52,19,17,3,4,12,8,130,61,41,39,17,12,15
2018-7783,Zhangjiagang,Hard,32,C,,20180909,25,J380,1,,Jason Jung,R,180,TPE,29.235,115,483,SQ80,,,Akira Santillan,R,180,AUS,21.3,283,177,7-5 6-2,3,QF,82,3,0,54,26,22,16,10,2,3,3,4,78,42,23,18,10,8,12
2018-7783,Zhangjiagang,Hard,32,C,,20180909,26,KI95,6,,Miomir Kecmanovic,R,183,SRB,19.025,196,281,WB32,,,Yibing Wu,R,183,CHN,18.905,317,149,6-4 6-4,3,QF,96,3,0,54,37,28,9,10,1,3,4,1,61,37,23,11,10,2,6
2018-7783,Zhangjiagang,Hard,32,C,,20180909,27,BK92,8,,Alexander Bublik,R,196,KAZ,21.229,203,271,CH90,,,Yun seong Chung,R,178,KOR,20.454,315,152,6-4 6-4,3,QF,109,7,4,66,41,26,11,10,3,6,0,4,74,50,23,14,10,9,14
2018-7783,Zhangjiagang,Hard,32,C,,20180909,28,U134,,,Yasutaka Uchiyama,R,183,JPN,26.094,271,197,I236,,,Uladzimir Ignatik,R,183,BLR,28.156,204,270,6-4 6-3,3,QF,89,6,0,51,34,29,8,9,0,0,4,3,60,40,26,10,10,4,7
2018-7783,Zhangjiagang,Hard,32,C,,20180909,29,J380,1,,Jason Jung,R,180,TPE,29.235,115,483,BK92,8,,Alexander Bublik,R,196,KAZ,21.229,203,271,7-6(3) 6-7(5) 6-0,3,SF,138,4,6,93,56,45,19,15,1,4,18,12,125,82,54,16,15,6,12
2018-7783,Zhangjiagang,Hard,32,C,,20180909,30,U134,,,Yasutaka Uchiyama,R,183,JPN,26.094,271,197,KI95,6,,Miomir Kecmanovic,R,183,SRB,19.025,196,281,6-3 4-6 7-5,3,SF,128,13,2,83,58,47,13,16,0,2,2,2,98,64,40,22,15,10,13
2018-7783,Zhangjiagang,Hard,32,C,,20180909,31,U134,,,Yasutaka Uchiyama,R,183,JPN,26.094,271,197,J380,1,,Jason Jung,R,180,TPE,29.235,115,483,6-2 6-2,3,F,67,3,1,44,26,24,9,8,0,0,2,3,48,27,14,10,8,2,6
2018-9118,Chicago,Hard,32,C,,20180909,1,SL07,,,Alexander Sarkissian,R,191,USA,28.435,358,121,SA93,,,Andreas Seppi,R,191,ITA,34.549,51,986,6-3 7-6(5),3,R32,103,5,3,71,41,28,20,10,3,4,6,2,75,37,26,21,11,4,7
2018-9118,Chicago,Hard,32,C,,20180909,2,I165,2,,Denis Istomin,R,185,UZB,32.005,76,759,A853,,,Marcelo Arevalo,R,191,ESA,27.896,146,395,6-4 6-1,3,R32,62,4,1,44,26,21,15,9,0,0,1,1,44,28,17,8,8,4,7
2018-9118,Chicago,Hard,32,C,,20180909,3,Y124,,,Donald Young,L,183,USA,29.131,246,222,PD07,3,,Vasek Pospisil,R,193,CAN,28.214,88,642,6-2 6-2,3,R32,69,2,3,42,22,20,13,8,0,0,7,7,60,34,24,7,8,9,13
2018-9118,Chicago,Hard,32,C,,20180909,4,F811,,,Bjorn Fratangelo,R,183,USA,25.142,175,325,T840,4,,Viktor Troicki,R,193,SRB,32.578,102,552,2-6 6-2 6-0,3,R32,96,3,3,63,33,23,18,11,2,4,8,2,79,50,28,12,11,8,13
2018-9118,Chicago,Hard,32,C,,20180909,5,MP01,5,,Michael Mmoh,R,188,USA,20.663,120,464,E865,,,Christopher Eubanks,R,201,USA,22.346,233,240,5-7 6-4 6-4,3,R32,120,8,4,107,79,59,14,16,5,6,14,5,76,53,44,15,16,1,3
2018-9118,Chicago,Hard,32,C,,20180909,6,BE54,6,,Ruben Bemelmans,L,183,BEL,30.653,128,445,N670,,,Hugo Nys,R,183,MON,27.562,1201,5,7-5 7-6(6),3,R32,115,3,2,78,53,34,20,12,2,4,6,6,84,43,36,14,12,0,3
2018-9118,Chicago,Hard,32,C,,20180909,7,KC12,,,Mitchell Krueger,R,188,USA,24.657,267,200,Y218,7,,Elias Ymer,R,185,SWE,22.415,132,427,3-6 6-3 6-2,3,R32,124,7,0,75,48,38,14,13,2,3,3,5,81,43,30,20,13,3,6
2018-9118,Chicago,Hard,32,C,,20180909,8,RC96,8,,Noah Rubin,R,175,USA,22.549,135,418,KB37,,,Evan King,L,185,USA,26.459,237,236,6-4 3-6 6-3,3,R32,124,6,4,86,56,38,14,14,6,10,9,2,83,56,39,9,14,5,10
2018-9118,Chicago,Hard,32,C,,20180909,9,AB71,,,JC Aragone,R,178,USA,23.201,256,214,GE33,,,Daniel Elahi Galan,R,191,COL,22.226,184,303,7-6(5) 6-3,3,R32,96,4,5,82,51,35,19,11,5,6,5,0,66,37,23,16,10,2,4
2018-9118,Chicago,Hard,32,C,,20180909,10,BH02,,,Sekou Bangoura,R,183,USA,26.809,364,118,E873,,,Ernesto Escobedo,R,185,MEX,22.182,221,252,7-6(3) 4-6 6-1,3,R32,135,7,5,86,61,47,11,15,3,7,10,11,97,45,33,20,14,8,13
2018-9118,Chicago,Hard,32,C,,20180909,11,KE73,,,Dominik Koepfer,L,180,GER,24.364,222,252,ME31,,,Vincent Millot,L,173,FRA,32.608,352,124,6-3 6-4,3,R32,81,5,2,65,44,30,12,10,1,2,4,2,56,27,18,14,9,2,5
2018-9118,Chicago,Hard,32,C,,20180909,12,O522,,,Reilly Opelka,R,211,USA,21.032,173,330,Q941,,,Roberto Quiroz,L,193,ECU,26.543,207,268,6-3 6-2,3,R32,60,14,3,41,23,23,13,9,0,0,1,1,48,31,22,6,8,4,7
2018-9118,Chicago,Hard,32,C,,20180909,13,PL56,,,Tommy Paul,R,185,USA,21.314,370,116,RA24,,,Ruan Roelofse,R,188,RSA,28.808,711,32,6-3 6-2,3,R32,48,3,0,42,24,22,14,9,0,0,3,3,42,26,15,9,8,1,4
2018-9118,Chicago,Hard,32,C,,20180909,14,P09Z,,,Alexei Popyrin,R,196,AUS,19.097,195,281,E224,,,Victor Estrella Burgos,R,170,DOM,38.103,263,203,6-3 7-5,3,R32,96,4,1,68,38,28,19,11,3,4,1,6,65,42,27,11,10,6,9
2018-9118,Chicago,Hard,32,C,,20180909,15,SJ55,,,John-Patrick Smith,L,188,AUS,29.624,220,254,CF88,,,Roberto Cid Subervi,R,193,DOM,25.027,225,248,2-6 6-1 6-4,3,R32,124,4,3,88,65,48,7,13,8,11,1,1,86,56,36,11,12,4,8
2018-9118,Chicago,Hard,32,C,,20180909,16,U120,,,Kaichi Uchida,R,180,JPN,24.047,299,164,KD35,,,Thai-Son Kwiatkowski,R,188,USA,23.57,383,110,6-1 6-3,3,R32,70,1,3,62,41,30,11,8,5,5,4,4,53,31,17,8,8,6,10
2018-9118,Chicago,Hard,32,C,,20180909,17,I165,2,,Denis Istomin,R,185,UZB,32.005,76,759,PL56,,,Tommy Paul,R,185,USA,21.314,370,116,7-5 6-3,3,R16,70,3,0,46,32,30,10,10,0,0,4,0,58,31,22,16,11,2,5
2018-9118,Chicago,Hard,32,C,,20180909,18,O522,,,Reilly Opelka,R,211,USA,21.032,173,330,MP01,5,,Michael Mmoh,R,188,USA,20.663,120,464,6-4 6-4,3,R16,77,13,1,56,41,35,7,10,1,1,1,1,71,49,28,15,10,5,7
2018-9118,Chicago,Hard,32,C,,20180909,19,BE54,6,,Ruben Bemelmans,L,183,BEL,30.653,128,445,U120,,,Kaichi Uchida,R,180,JPN,24.047,299,164,6-3 6-4,3,R16,78,5,1,58,35,27,16,10,1,1,6,5,65,41,27,12,9,3,5
2018-9118,Chicago,Hard,32,C,,20180909,20,RC96,8,,Noah Rubin,R,175,USA,22.549,135,418,P09Z,,,Alexei Popyrin,R,196,AUS,19.097,195,281,5-7 6-2 7-5,3,R16,143,7,2,103,65,51,17,16,9,11,6,5,89,55,43,15,16,4,8
2018-9118,Chicago,Hard,32,C,,20180909,21,AB71,,,JC Aragone,R,178,USA,23.201,256,214,SL07,,,Alexander Sarkissian,R,191,USA,28.435,358,121,2-6 7-6(4) 7-6(3),3,R16,192,6,6,118,77,50,22,16,9,13,8,7,138,82,52,29,16,14,16
2018-9118,Chicago,Hard,32,C,,20180909,22,F811,,,Bjorn Fratangelo,R,183,USA,25.142,175,325,BH02,,,Sekou Bangoura,R,183,USA,26.809,364,118,6-4 1-6 7-5,3,R16,147,2,9,106,63,45,22,14,10,12,8,3,90,51,39,20,15,5,7
2018-9118,Chicago,Hard,32,C,,20180909,23,KE73,,,Dominik Koepfer,L,180,GER,24.364,222,252,KC12,,,Mitchell Krueger,R,188,USA,24.657,267,200,4-6 7-6(4) 6-2,3,R16,156,5,5,89,57,43,12,15,2,6,10,2,106,72,50,11,15,10,15
2018-9118,Chicago,Hard,32,C,,20180909,24,Y124,,,Donald Young,L,183,USA,29.131,246,222,SJ55,,,John-Patrick Smith,L,188,AUS,29.624,220,254,6-3 6-4,3,R16,83,4,3,58,29,22,20,10,2,2,5,0,67,46,30,9,9,4,6
2018-9118,Chicago,Hard,32,C,,20180909,25,I165,2,,Denis Istomin,R,185,UZB,32.005,76,759,BE54,6,,Ruben Bemelmans,L,183,BEL,30.653,128,445,6-3 6-4,3,QF,73,9,1,56,41,33,8,10,3,3,1,0,54,35,23,11,9,0,2
2018-9118,Chicago,Hard,32,C,,20180909,26,F811,,,Bjorn Fratangelo,R,183,USA,25.142,175,325,RC96,8,,Noah Rubin,R,175,USA,22.549,135,418,6-1 6-4,3,QF,65,7,0,55,39,28,9,9,1,2,2,1,50,28,15,12,8,2,6
2018-9118,Chicago,Hard,32,C,,20180909,27,KE73,,,Dominik Koepfer,L,180,GER,24.364,222,252,AB71,,,JC Aragone,R,178,USA,23.201,256,214,6-4 6-2,3,QF,71,3,1,42,22,20,16,9,0,0,2,1,64,39,23,13,9,5,8
2018-9118,Chicago,Hard,32,C,,20180909,28,O522,,,Reilly Opelka,R,211,USA,21.032,173,330,Y124,,,Donald Young,L,183,USA,29.131,246,222,3-6 6-2 7-6(5),3,QF,111,24,3,94,58,46,18,15,1,3,6,4,78,41,30,26,14,3,5
2018-9118,Chicago,Hard,32,C,,20180909,29,I165,2,,Denis Istomin,R,185,UZB,32.005,76,759,F811,,,Bjorn Fratangelo,R,183,USA,25.142,175,325,6-1 6-2,3,SF,71,1,1,59,35,24,16,8,3,3,2,3,47,27,16,7,7,2,6
2018-9118,Chicago,Hard,32,C,,20180909,30,O522,,,Reilly Opelka,R,211,USA,21.032,173,330,KE73,,,Dominik Koepfer,L,180,GER,24.364,222,252,6-3 7-6(3),3,SF,83,13,1,70,42,31,20,11,3,3,2,2,60,45,36,5,10,0,1
2018-9118,Chicago,Hard,32,C,,20180909,31,I165,2,,Denis Istomin,R,185,UZB,32.005,76,759,O522,,,Reilly Opelka,R,211,USA,21.032,173,330,6-4 6-2,3,F,68,1,1,43,30,27,9,9,0,0,13,3,74,53,36,6,9,6,9
2018-9120,Cassis,Hard,32,C,,20180909,1,CG94,,,Enzo Couacaud,R,183,FRA,23.526,560,54,BE90,1,,Ricardas Berankis,R,175,LTU,28.219,104,540,6-7(5) 6-3 6-4,3,R32,128,17,9,105,49,40,26,16,5,8,3,4,106,63,39,22,15,3,8
2018-9120,Cassis,Hard,32,C,,20180909,2,HB64,,,Quentin Halys,R,191,FRA,21.87,156,357,MW02,2,,Corentin Moutet,L,180,FRA,19.392,112,502,7-6(4) 6-4,3,R32,108,5,11,81,45,35,13,11,6,9,1,6,79,43,23,19,11,3,7
2018-9120,Cassis,Hard,32,C,,20180909,3,MB53,3,,Adrian Menendez-Maceiras,R,183,ESP,32.865,114,486,RC91,,,Arthur Rinderknech,R,196,FRA,23.132,492,72,7-6(7) 6-3,3,R32,113,9,0,71,47,36,13,11,0,1,11,7,82,46,33,17,10,7,9
2018-9120,Cassis,Hard,32,C,,20180909,4,O449,,,Oscar Otte,R,193,GER,25.15,183,304,SC77,4,,Sergiy Stakhovsky,R,193,UKR,32.674,138,411,7-6(2) 3-6 7-5,3,R32,140,8,8,106,55,44,21,16,10,14,11,2,110,67,45,25,17,8,12
2018-9120,Cassis,Hard,32,C,,20180909,5,HH26,5,,Ugo Humbert,L,188,FRA,20.205,139,411,I306,,,Cem Ilkel,R,185,TUR,23.053,244,227,7-6(5) 6-4,3,R32,88,7,1,61,40,33,15,11,5,6,4,4,70,37,31,14,11,1,3
2018-9120,Cassis,Hard,32,C,,20180909,6,GJ37,,,Tallon Griekspoor,R,188,NED,22.188,187,299,TA46,6,,Bernard Tomic,R,196,AUS,25.884,152,371,6-7(5) 7-5 7-5,3,R32,121,17,8,104,71,60,18,18,4,5,13,1,105,68,52,21,18,2,5
2018-9120,Cassis,Hard,32,C,,20180909,7,HA71,,,Antoine Hoang,R,183,FRA,22.847,226,246,BK24,7,,Gregoire Barrere,R,183,FRA,24.561,153,366,3-6 7-6(2) 7-5,3,R32,129,5,4,104,69,46,18,17,7,12,9,5,91,47,37,18,16,1,5
2018-9120,Cassis,Hard,32,C,,20180909,8,MJ71,8,,Mats Moraing,L,198,GER,26.22,154,363,GB93,,,Norbert Gombos,R,193,SVK,28.074,191,292,7-6(6) 7-5,3,R32,97,14,4,78,48,38,15,12,1,2,17,2,81,58,45,8,12,4,6
2018-9120,Cassis,Hard,32,C,,20180909,9,BC65,,,Matthias Bachinger,R,188,GER,31.439,178,320,O482,,,Gonzalo Oliveira,L,185,VEN,23.559,262,206,6-3 6-1,3,R32,63,8,1,42,26,22,9,8,5,6,2,8,60,35,18,9,8,4,9
2018-9120,Cassis,Hard,32,C,,20180909,10,BT68,,,Elliot Benchetrit,R,193,MAR,19.937,290,171,W597,,,Tak Khunn Wang,R,175,FRA,26.908,502,69,6-1 6-4,3,R32,76,10,1,61,30,25,16,9,2,2,1,3,50,24,15,14,8,3,6
2018-9120,Cassis,Hard,32,C,,20180909,11,BK19,,,Mathias Bourgue,R,188,FRA,24.641,331,138,SN77,,,Vaclav Safranek,R,183,CZE,24.307,269,199,7-6(5) 1-0 RET,3,R32,67,2,5,52,27,20,11,7,4,6,4,3,43,25,19,6,6,3,5
2018-9120,Cassis,Hard,32,C,,20180909,12,GC54,,,Scott Griekspoor,R,188,NED,27.663,232,242,KD87,,,Evgeny Karlovskiy,R,191,RUS,24.09,240,234,6-4 6-4,3,R32,104,5,4,68,30,21,23,10,4,5,5,5,80,43,27,18,10,9,12
2018-9120,Cassis,Hard,32,C,,20180909,13,K839,,,Tobias Kamke,R,178,GER,32.304,265,201,N503,,,Aleksandr Nedovyesov,R,188,KAZ,31.565,239,235,7-5 6-4,3,R32,101,0,4,75,38,31,18,11,4,5,4,2,84,56,35,14,11,9,12
2018-9120,Cassis,Hard,32,C,,20180909,14,MP20,,,Alexandre Muller,R,183,FRA,21.602,400,99,E687,,,Daniel Evans,R,175,GBR,28.298,224,248,6-3 6-4,3,R32,95,2,5,72,45,30,13,10,2,4,1,5,66,34,24,11,9,10,14
2018-9120,Cassis,Hard,32,C,,20180909,15,RB60,,,Oriol Roca Batalla,R,175,ESP,25.361,268,200,KD71,,,Jonathan Kanar,L,180,FRA,23.973,690,35,6-3 6-4,3,R32,77,3,3,66,47,34,10,10,3,4,2,4,59,34,21,11,9,3,6
2018-9120,Cassis,Hard,32,C,,20180909,16,W503,,,James Ward,R,188,GBR,31.581,247,222,MM66,,,Nikola Milojevic,R,188,SRB,23.225,199,277,6-4 5-7 6-4,3,R32,155,9,6,126,78,50,21,16,16,20,9,9,100,60,40,18,16,4,9
2018-9120,Cassis,Hard,32,C,,20180909,17,MB53,3,,Adrian Menendez-Maceiras,R,183,ESP,32.865,114,486,MP20,,,Alexandre Muller,R,183,FRA,21.602,400,99,6-2 7-5,3,R16,85,4,1,55,35,27,13,10,1,2,6,1,67,46,27,11,10,3,7
2018-9120,Cassis,Hard,32,C,,20180909,18,HH26,5,,Ugo Humbert,L,188,FRA,20.205,139,411,K839,,,Tobias Kamke,R,178,GER,32.304,265,201,6-4 7-6(4),3,R16,110,7,3,81,50,36,16,11,4,5,2,2,84,42,30,21,11,8,10
2018-9120,Cassis,Hard,32,C,,20180909,19,GC54,,,Scott Griekspoor,R,188,NED,27.663,232,242,MJ71,8,,Mats Moraing,L,198,GER,26.22,154,363,6-5 RET,3,R16,42,2,2,31,16,10,7,5,0,2,6,2,30,21,12,2,6,0,3
2018-9120,Cassis,Hard,32,C,,20180909,20,BK19,,,Mathias Bourgue,R,188,FRA,24.641,331,138,HB64,,,Quentin Halys,R,191,FRA,21.87,156,357,6-0 6-4,3,R16,69,1,3,46,26,20,12,8,0,1,6,5,67,40,24,6,8,6,11
2018-9120,Cassis,Hard,32,C,,20180909,21,CG94,,,Enzo Couacaud,R,183,FRA,23.526,560,54,BC65,,,Matthias Bachinger,R,188,GER,31.439,178,320,6-4 6-3,3,R16,66,3,3,56,27,22,14,9,4,5,1,2,58,36,24,10,10,4,8
2018-9120,Cassis,Hard,32,C,,20180909,22,HA71,,,Antoine Hoang,R,183,FRA,22.847,226,246,BT68,,,Elliot Benchetrit,R,193,MAR,19.937,290,171,6-4 6-7(5) 6-1,3,R16,137,5,2,92,64,47,16,15,4,6,12,5,119,66,46,21,14,12,17
2018-9120,Cassis,Hard,32,C,,20180909,23,O449,,,Oscar Otte,R,193,GER,25.15,183,304,RB60,,,Oriol Roca Batalla,R,175,ESP,25.361,268,200,6-3 6-4,3,R16,73,12,3,66,41,31,13,10,2,3,4,1,54,34,22,9,9,2,5
2018-9120,Cassis,Hard,32,C,,20180909,24,W503,,,James Ward,R,188,GBR,31.581,247,222,GJ37,,,Tallon Griekspoor,R,188,NED,22.188,187,299,7-6(1) 3-6 6-3,3,R16,133,5,3,101,57,36,26,15,9,13,4,4,101,61,38,20,15,2,6
2018-9120,Cassis,Hard,32,C,,20180909,25,MB53,3,,Adrian Menendez-Maceiras,R,183,ESP,32.865,114,486,HA71,,,Antoine Hoang,R,183,FRA,22.847,226,246,6-2 6-7(5) 6-3,3,QF,169,3,3,116,77,55,16,15,9,11,1,3,94,61,39,15,14,9,14
2018-9120,Cassis,Hard,32,C,,20180909,26,HH26,5,,Ugo Humbert,L,188,FRA,20.205,139,411,BK19,,,Mathias Bourgue,R,188,FRA,24.641,331,138,6-3 6-3,3,QF,75,3,4,44,25,20,13,9,0,1,2,1,69,43,23,14,9,6,10
2018-9120,Cassis,Hard,32,C,,20180909,27,CG94,,,Enzo Couacaud,R,183,FRA,23.526,560,54,GC54,,,Scott Griekspoor,R,188,NED,27.663,232,242,3-6 6-4 6-1,3,QF,104,12,6,83,46,37,18,13,4,5,1,5,78,48,34,14,13,1,4
2018-9120,Cassis,Hard,32,C,,20180909,28,W503,,,James Ward,R,188,GBR,31.581,247,222,O449,,,Oscar Otte,R,193,GER,25.15,183,304,7-6(7) 3-6 6-3,3,QF,123,6,2,100,54,39,23,15,1,5,11,7,101,67,49,15,15,8,12
2018-9120,Cassis,Hard,32,C,,20180909,29,CG94,,,Enzo Couacaud,R,183,FRA,23.526,560,54,MB53,3,,Adrian Menendez-Maceiras,R,183,ESP,32.865,114,486,6-4 6-4,3,SF,73,11,6,55,27,24,18,10,1,1,4,1,54,34,26,10,10,2,4
2018-9120,Cassis,Hard,32,C,,20180909,30,HH26,5,,Ugo Humbert,L,188,FRA,20.205,139,411,W503,,,James Ward,R,188,GBR,31.581,247,222,7-6(3) 6-4,3,SF,103,10,1,65,36,25,19,11,1,3,4,4,96,55,31,23,11,5,8
2018-9120,Cassis,Hard,32,C,,20180909,31,CG94,,,Enzo Couacaud,R,183,FRA,23.526,560,54,HH26,5,,Ugo Humbert,L,188,FRA,20.205,139,411,6-2 6-3,3,F,74,8,5,51,29,26,8,8,2,3,1,1,58,31,18,12,9,1,6
2018-1607,Banja Luka,Clay,32,C,,20180916,1,LB84,1,,Juan Ignacio Londero,R,180,ARG,25.087,118,460,KC56,,,Aslan Karatsev,R,185,RUS,25.032,397,101,5-7 6-3 5-3 RET,3,R32,132,2,4,89,48,28,26,15,3,7,2,5,85,51,31,18,14,2,7
2018-1607,Banja Luka,Clay,32,C,,20180916,2,A596,2,,Pablo Andujar,R,180,ESP,32.646,119,455,VA08,,,Andrea Vavassori,R,193,ITA,23.368,654,38,6-0 6-1,3,R32,64,1,0,37,20,17,12,7,1,1,2,4,56,33,17,7,6,9,14
2018-1607,Banja Luka,Clay,32,C,,20180916,3,GA71,,,Laurynas Grigelis,R,183,LTU,27.091,259,213,TA29,3,,Marco Trungelliti,R,178,ARG,28.624,134,423,6-3 6-3,3,R32,78,4,1,54,23,19,17,9,1,3,5,1,65,42,21,10,9,8,13
2018-1607,Banja Luka,Clay,32,C,,20180916,4,G676,4,,Daniel Gimeno-Traver,R,183,ESP,33.109,158,360,HA28,,,Filip Horansky,R,191,SVK,25.689,205,274,6-1 7-6(2),3,R32,77,0,1,53,33,25,14,9,1,2,1,6,66,42,28,10,10,2,6
2018-1607,Banja Luka,Clay,32,C,,20180916,5,G983,,,Alessandro Giannessi,L,185,ITA,28.298,247,224,MF35,5,,Andrej Martin,R,183,SVK,28.988,169,334,6-4 4-6 6-4,3,R32,151,1,5,110,62,36,27,15,5,9,2,3,90,60,35,14,15,1,6
2018-1607,Banja Luka,Clay,32,C,,20180916,6,GD64,6,,Cristian Garin,R,185,CHI,22.297,137,415,TE43,,,Kent Tagashira,R,191,GUA,24.988,2050,1,6-0 6-1,3,R32,48,0,1,37,27,22,8,7,0,0,0,4,40,21,9,5,6,1,6
2018-1607,Banja Luka,Clay,32,C,,20180916,7,B884,7,,Carlos Berlocq,R,183,ARG,35.617,161,349,M0CG,,,Marko Miladinovic,R,178,SRB,17.774,557,55,6-2 6-1,3,R32,78,1,2,48,29,18,13,7,4,5,0,1,51,23,9,11,8,6,12
2018-1607,Banja Luka,Clay,32,C,,20180916,8,TC95,,,Johan Tatlot,R,180,FRA,22.475,255,219,MO44,8,,Pedro Martinez,R,185,ESP,21.391,184,304,6-3 6-4,3,R32,90,2,4,59,28,21,18,10,1,2,1,2,54,35,19,14,9,2,5
2018-1607,Banja Luka,Clay,32,C,,20180916,9,BM03,,,Filippo Baldi,R,180,ITA,22.683,275,189,CG33,,,Kimmer Coppejans,R,178,BEL,24.605,211,264,6-1 6-4,3,R32,85,1,2,59,37,29,12,9,6,7,1,3,58,46,22,7,8,4,8
2018-1607,Banja Luka,Clay,32,C,,20180916,10,BD20,,,Thomaz Bellucci,L,188,BRA,30.713,274,190,CG04,,,Pedro Cachin,R,185,ARG,23.431,250,220,7-6(2) 6-1,3,R32,103,1,2,73,41,25,20,10,5,7,1,3,54,33,20,9,9,1,5
2018-1607,Banja Luka,Clay,32,C,,20180916,11,CE77,,,Federico Coria,R,180,ARG,26.522,341,134,KB92,,,Kevin Krawietz,R,188,GER,26.645,281,179,6-3 6-1,3,R32,77,0,0,55,47,26,6,8,3,5,0,3,70,45,24,5,8,10,16
2018-1607,Banja Luka,Clay,32,C,,20180916,12,KC33,,,Dimitar Kuzmanov,R,183,BUL,25.136,282,179,PC78,,,Ante Pavic,R,196,CRO,29.528,262,212,6-1 7-6(0),3,R32,82,6,4,64,34,25,21,10,3,4,6,5,53,26,19,8,9,1,4
2018-1607,Banja Luka,Clay,32,C,,20180916,13,L950,,,Alexandar Lazov,L,183,BUL,28.189,435,88,RA52,,,Franjo Raspudic,R,188,CRO,27.836,965,13,6-4 6-1,3,R32,65,4,4,45,26,21,11,8,0,1,2,4,53,29,18,7,9,4,9
2018-1607,Banja Luka,Clay,32,C,,20180916,14,O408,,,Ricardo Ojeda Lara,R,178,ESP,25.637,300,164,Z246,,,Miljan Zekic,R,185,SRB,30.179,306,158,6-4 6-4,3,R32,97,0,0,59,42,30,10,10,2,3,5,1,73,48,31,12,10,11,14
2018-1607,Banja Luka,Clay,32,C,,20180916,15,RB60,,,Oriol Roca Batalla,R,175,ESP,25.38,260,213,N561,,,Ivan Nedelko,R,185,RUS,32.348,246,229,6-0 6-4,3,R32,62,0,1,45,28,22,8,8,3,4,1,3,49,25,14,7,8,4,9
2018-1607,Banja Luka,Clay,32,C,,20180916,16,Z419,,,Bernabe Zapata Miralles,R,183,ESP,21.676,279,185,ML57,,,Gianluca Mager,R,188,ITA,23.792,296,165,6-4 6-1,3,R32,53,3,2,49,24,17,18,9,0,1,2,0,44,22,12,12,8,3,7
2018-1607,Banja Luka,Clay,32,C,,20180916,17,LB84,1,,Juan Ignacio Londero,R,180,ARG,25.087,118,460,CE77,,,Federico Coria,R,180,ARG,26.522,341,134,6-4 6-2,3,R16,67,2,3,49,31,23,9,9,3,5,1,3,55,35,19,8,9,2,7
2018-1607,Banja Luka,Clay,32,C,,20180916,18,A596,2,,Pablo Andujar,R,180,ESP,32.646,119,455,Z419,,,Bernabe Zapata Miralles,R,183,ESP,21.676,279,185,6-4 7-5,3,R16,85,1,2,66,40,28,16,11,2,3,2,3,55,38,25,8,11,0,3
2018-1607,Banja Luka,Clay,32,C,,20180916,19,G676,4,,Daniel Gimeno-Traver,R,183,ESP,33.109,158,360,O408,,,Ricardo Ojeda Lara,R,178,ESP,25.637,300,164,6-4 6-2,3,R16,88,0,1,62,39,25,10,9,7,10,0,2,64,41,23,4,9,8,14
2018-1607,Banja Luka,Clay,32,C,,20180916,20,BM03,,,Filippo Baldi,R,180,ITA,22.683,275,189,GD64,6,,Cristian Garin,R,185,CHI,22.297,137,415,W/O,3,R16,,,,,,,,,,,,,,,,,,,
2018-1607,Banja Luka,Clay,32,C,,20180916,21,B884,7,,Carlos Berlocq,R,183,ARG,35.617,161,349,RB60,,,Oriol Roca Batalla,R,175,ESP,25.38,260,213,6-4 6-4,3,R16,109,2,2,70,39,28,20,10,4,4,2,3,58,33,28,10,10,3,5
2018-1607,Banja Luka,Clay,32,C,,20180916,22,G983,,,Alessandro Giannessi,L,185,ITA,28.298,247,224,KC33,,,Dimitar Kuzmanov,R,183,BUL,25.136,282,179,2-6 6-2 6-2,3,R16,107,1,5,71,45,29,12,12,1,5,3,1,79,54,30,9,12,7,13
2018-1607,Banja Luka,Clay,32,C,,20180916,23,GA71,,,Laurynas Grigelis,R,183,LTU,27.091,259,213,BD20,,,Thomaz Bellucci,L,188,BRA,30.713,274,190,2-6 7-6(5) 6-3,3,R16,153,2,4,102,61,40,23,14,6,10,6,4,99,60,41,20,15,2,6
2018-1607,Banja Luka,Clay,32,C,,20180916,24,TC95,,,Johan Tatlot,R,180,FRA,22.475,255,219,L950,,,Alexandar Lazov,L,183,BUL,28.189,435,88,6-3 6-4,3,R16,102,0,2,71,39,30,15,10,3,4,3,2,70,40,25,14,9,8,11
2018-1607,Banja Luka,Clay,32,C,,20180916,25,BM03,,,Filippo Baldi,R,180,ITA,22.683,275,189,LB84,1,,Juan Ignacio Londero,R,180,ARG,25.087,118,460,4-6 6-0 7-5,3,QF,119,6,7,93,63,38,15,14,5,9,3,6,92,47,26,21,14,3,10
2018-1607,Banja Luka,Clay,32,C,,20180916,26,B884,7,,Carlos Berlocq,R,183,ARG,35.617,161,349,A596,2,,Pablo Andujar,R,180,ESP,32.646,119,455,3-6 6-4 6-1,3,QF,132,6,2,78,55,33,17,13,4,6,1,4,80,42,32,14,13,4,8
2018-1607,Banja Luka,Clay,32,C,,20180916,27,TC95,,,Johan Tatlot,R,180,FRA,22.475,255,219,G676,4,,Daniel Gimeno-Traver,R,183,ESP,33.109,158,360,4-6 7-5 7-5,3,QF,160,2,3,99,60,39,19,17,6,11,4,4,127,83,54,17,17,8,14
2018-1607,Banja Luka,Clay,32,C,,20180916,28,G983,,,Alessandro Giannessi,L,185,ITA,28.298,247,224,GA71,,,Laurynas Grigelis,R,183,LTU,27.091,259,213,6-3 6-4,3,QF,96,4,1,69,40,28,16,10,10,11,3,0,54,34,24,8,9,1,4
2018-1607,Banja Luka,Clay,32,C,,20180916,29,B884,7,,Carlos Berlocq,R,183,ARG,35.617,161,349,TC95,,,Johan Tatlot,R,180,FRA,22.475,255,219,6-2 6-4,3,SF,110,1,3,65,49,29,9,9,8,10,2,4,64,45,25,6,9,7,12
2018-1607,Banja Luka,Clay,32,C,,20180916,30,G983,,,Alessandro Giannessi,L,185,ITA,28.298,247,224,BM03,,,Filippo Baldi,R,180,ITA,22.683,275,189,7-6(3) 6-4,3,SF,101,1,3,67,49,38,10,11,0,1,1,4,68,48,32,13,11,1,3
2018-1607,Banja Luka,Clay,32,C,,20180916,31,G983,,,Alessandro Giannessi,L,185,ITA,28.298,247,224,B884,7,,Carlos Berlocq,R,183,ARG,35.617,161,349,6-7(6) 6-4 6-4,3,F,204,0,4,113,72,46,23,16,7,10,2,6,110,67,46,19,16,6,11
2018-448,Szczecin,Clay,32,C,,20180916,1,G935,,,Sergio Gutierrez-Ferrol,R,,ESP,29.533,160,357,L503,1,,Paolo Lorenzi,R,183,ITA,36.753,113,478,6-4 3-6 7-5,3,R32,136,2,3,101,54,35,25,15,9,13,0,5,99,56,35,22,16,8,13
2018-448,Szczecin,Clay,32,C,,20180916,2,CF59,2,,Roberto Carballes Baena,R,183,ESP,25.484,94,608,R419,,,Tommy Robredo,R,180,ESP,36.378,235,241,7-6(4) 7-6(5),3,R32,130,0,2,85,58,41,8,12,4,8,1,4,87,43,30,19,12,3,7
2018-448,Szczecin,Clay,32,C,,20180916,3,A887,4,,Guido Andreozzi,R,183,ARG,27.116,108,492,SK67,,,Jan Satral,R,185,CZE,28.148,467,78,6-4 6-2,3,R32,82,0,2,64,47,32,11,9,6,6,2,3,61,37,26,10,9,4,7
2018-448,Szczecin,Clay,32,C,,20180916,4,MJ08,5,,Thiago Monteiro,L,183,BRA,24.296,117,469,MV14,,,Alex Molcan,L,178,SVK,20.791,362,120,6-0 6-2,3,R32,56,1,1,35,24,21,8,7,1,1,2,2,51,31,17,6,7,5,10
2018-448,Szczecin,Clay,32,C,,20180916,5,V717,,,Alexey Vatutin,R,178,RUS,25.886,189,295,SU87,6,,Lorenzo Sonego,R,191,ITA,23.351,90,646,6-2 1-6 6-4,3,R32,139,0,2,75,46,22,19,12,2,6,7,3,110,73,47,14,13,13,18
2018-448,Szczecin,Clay,32,C,,20180916,6,BS86,,,Tomas Barrios Vera,R,191,CHI,20.767,334,137,RH16,7,,Casper Ruud,R,183,NOR,19.734,130,436,7-6(3) 7-6(5),3,R32,118,1,2,97,62,44,16,12,7,10,5,0,81,54,35,15,12,4,7
2018-448,Szczecin,Clay,32,C,,20180916,7,BA98,8,,Simone Bolelli,R,183,ITA,32.939,145,393,D750,,,Kenny De Schepper,L,203,FRA,31.302,180,308,7-5 4-6 6-2,3,R32,143,1,1,89,66,45,17,15,2,4,6,4,94,70,47,11,15,8,12
2018-448,Szczecin,Clay,32,C,,20180916,8,A941,,,Facundo Arguello,R,178,ARG,26.116,314,150,A479,,,Nicolas Almagro,R,183,ESP,33.07,845,20,7-5 2-1 RET,3,R32,69,2,1,44,26,20,10,7,1,2,2,1,54,35,18,11,8,7,10
2018-448,Szczecin,Clay,32,C,,20180916,9,A622,,,Andrea Arnaboldi,L,180,ITA,30.721,178,314,GE28,,,Ivan Gakhov,L,191,RUS,21.864,319,146,6-2 7-6(5),3,R32,92,0,1,70,44,30,16,10,4,6,1,3,56,35,22,11,10,0,4
2018-448,Szczecin,Clay,32,C,,20180916,10,DH50,,,Alejandro Davidovich Fokina,R,180,ESP,19.283,400,100,CE25,,,Salvatore Caruso,R,185,ITA,25.752,167,337,6-4 6-2,3,R32,86,1,0,50,34,24,7,9,0,2,2,0,53,31,17,9,9,4,9
2018-448,Szczecin,Clay,32,C,,20180916,11,SC73,,,Rogerio Dutra Silva,R,178,BRA,34.612,149,385,CF60,,,Pawel Juszczak,R,178,POL,24.564,529,63,7-5 6-3,3,R32,118,3,1,73,48,34,13,11,4,6,1,1,77,28,17,23,10,7,11
2018-448,Szczecin,Clay,32,C,,20180916,12,GA79,,,Lorenzo Giustino,R,180,ITA,27.017,237,241,BA65,,,Dustin Brown,R,196,JAM,33.771,204,274,6-7(10) 6-1 7-6(6),3,R32,134,1,3,103,58,39,29,15,1,3,7,4,112,68,45,21,16,3,8
2018-448,Szczecin,Clay,32,C,,20180916,13,MJ01,,,Roberto Marcora,R,193,ITA,29.046,335,137,KH56,,,Zdenek Kolar,R,183,CZE,21.936,216,261,6-3 6-2,3,R32,64,4,1,42,25,22,14,9,0,0,1,2,58,39,25,7,8,6,9
2018-448,Szczecin,Clay,32,C,,20180916,14,M0AC,,,Rudolf Molleker,R,188,GER,17.889,232,243,RA43,,,Maciej Rajski,R,193,POL,27.373,718,32,6-3 6-2,3,R32,55,7,4,49,31,25,10,9,2,3,0,5,49,26,16,7,8,2,6
2018-448,Szczecin,Clay,32,C,,20180916,15,Q948,,,Gianluigi Quinzi,L,191,ITA,22.623,165,341,DE12,,,Karol Drzewiecki,R,191,POL,22.875,1123,7,6-3 6-4,3,R32,82,4,3,61,30,23,20,10,1,1,2,3,61,34,23,14,9,7,9
2018-448,Szczecin,Clay,32,C,,20180916,16,V824,,,Mario Vilella Martinez,R,178,ESP,23.206,252,220,MP83,,,Gian Marco Moroni,R,185,ITA,20.589,215,261,6-2 6-2,3,R32,72,3,6,52,32,26,10,8,4,5,0,2,41,33,16,3,8,4,9
2018-448,Szczecin,Clay,32,C,,20180916,17,A941,,,Facundo Arguello,R,178,ARG,26.116,314,150,CF59,2,,Roberto Carballes Baena,R,183,ESP,25.484,94,608,7-6(4) 6-3,3,R16,129,2,0,80,49,36,12,11,9,12,0,4,83,57,34,8,10,3,7
2018-448,Szczecin,Clay,32,C,,20180916,18,A887,4,,Guido Andreozzi,R,183,ARG,27.116,108,492,V824,,,Mario Vilella Martinez,R,178,ESP,23.206,252,220,6-4 6-3,3,R16,85,1,3,67,50,38,3,10,6,8,1,1,57,40,23,6,9,4,8
2018-448,Szczecin,Clay,32,C,,20180916,19,M0AC,,,Rudolf Molleker,R,188,GER,17.889,232,243,MJ08,5,,Thiago Monteiro,L,183,BRA,24.296,117,469,6-3 7-5,3,R16,82,7,4,68,39,32,11,11,1,3,4,1,61,41,25,11,10,4,8
2018-448,Szczecin,Clay,32,C,,20180916,20,SC73,,,Rogerio Dutra Silva,R,178,BRA,34.612,149,385,BA98,8,,Simone Bolelli,R,183,ITA,32.939,145,393,6-2 6-4,3,R16,83,2,1,45,31,25,7,9,2,4,0,0,58,45,20,10,9,6,11
2018-448,Szczecin,Clay,32,C,,20180916,21,DH50,,,Alejandro Davidovich Fokina,R,180,ESP,19.283,400,100,G935,,,Sergio Gutierrez-Ferrol,R,,ESP,29.533,160,357,7-5 7-6(0),3,R16,112,1,2,77,52,30,17,12,3,7,7,3,87,41,25,19,12,11,16
2018-448,Szczecin,Clay,32,C,,20180916,22,MJ01,,,Roberto Marcora,R,193,ITA,29.046,335,137,A622,,,Andrea Arnaboldi,L,180,ITA,30.721,178,314,6-2 6-4,3,R16,84,6,1,48,29,23,14,9,0,0,3,0,68,40,26,11,9,5,8
2018-448,Szczecin,Clay,32,C,,20180916,23,Q948,,,Gianluigi Quinzi,L,191,ITA,22.623,165,341,BS86,,,Tomas Barrios Vera,R,191,CHI,20.767,334,137,6-1 6-3,3,R16,62,3,1,47,30,25,10,8,4,4,1,3,54,34,16,10,8,8,12
2018-448,Szczecin,Clay,32,C,,20180916,24,V717,,,Alexey Vatutin,R,178,RUS,25.886,189,295,GA79,,,Lorenzo Giustino,R,180,ITA,27.017,237,241,6-7(10) 6-1 6-0,3,R16,125,3,7,91,66,40,13,13,1,5,2,6,89,59,27,12,12,3,12
2018-448,Szczecin,Clay,32,C,,20180916,25,A887,4,,Guido Andreozzi,R,183,ARG,27.116,108,492,V717,,,Alexey Vatutin,R,178,RUS,25.886,189,295,7-5 1-6 6-1,3,QF,122,2,2,82,64,41,11,13,7,10,1,5,87,63,38,9,13,5,9
2018-448,Szczecin,Clay,32,C,,20180916,26,A941,,,Facundo Arguello,R,178,ARG,26.116,314,150,SC73,,,Rogerio Dutra Silva,R,178,BRA,34.612,149,385,4-6 6-3 6-2,3,QF,135,0,4,88,51,36,24,14,2,3,3,2,87,56,36,16,13,7,10
2018-448,Szczecin,Clay,32,C,,20180916,27,DH50,,,Alejandro Davidovich Fokina,R,180,ESP,19.283,400,100,Q948,,,Gianluigi Quinzi,L,191,ITA,22.623,165,341,7-6(3) 0-6 6-4,3,QF,113,1,7,84,55,34,12,14,2,8,4,2,83,48,32,19,14,1,5
2018-448,Szczecin,Clay,32,C,,20180916,28,M0AC,,,Rudolf Molleker,R,188,GER,17.889,232,243,MJ01,,,Roberto Marcora,R,193,ITA,29.046,335,137,6-2 6-4,3,QF,68,2,3,61,33,23,19,9,5,5,3,0,58,34,23,12,9,3,6
2018-448,Szczecin,Clay,32,C,,20180916,29,A887,4,,Guido Andreozzi,R,183,ARG,27.116,108,492,A941,,,Facundo Arguello,R,178,ARG,26.116,314,150,3-6 7-6(4) 6-4,3,SF,162,1,4,96,72,49,10,15,5,9,2,1,112,73,44,22,16,6,10
2018-448,Szczecin,Clay,32,C,,20180916,30,DH50,,,Alejandro Davidovich Fokina,R,180,ESP,19.283,400,100,M0AC,,,Rudolf Molleker,R,188,GER,17.889,232,243,6-1 2-6 6-2,3,SF,80,1,1,55,41,28,9,11,0,2,6,3,80,42,22,20,12,5,10
2018-448,Szczecin,Clay,32,C,,20180916,31,A887,4,,Guido Andreozzi,R,183,ARG,27.116,108,492,DH50,,,Alejandro Davidovich Fokina,R,180,ESP,19.283,400,100,6-4 4-6 6-3,3,F,135,2,0,102,80,47,12,15,11,15,4,1,87,69,40,8,14,6,11
2018-6313,Shanghai,Hard,32,C,,20180916,1,J380,1,,Jason Jung,R,180,TPE,29.254,121,451,HC23,,,Runhao Hua,R,185,CHN,22.53,976,12,4-6 7-5 6-3,3,R32,130,8,3,90,64,41,12,15,5,10,6,4,104,64,39,15,16,5,12
2018-6313,Shanghai,Hard,32,C,,20180916,2,KF17,,,Soonwoo Kwon,R,180,KOR,20.789,270,196,I230,3,,Tatsuma Ito,R,180,JPN,30.33,166,340,6-2 RET,3,R32,34,2,0,18,13,11,5,4,0,0,2,0,27,18,10,3,4,4,6
2018-6313,Shanghai,Hard,32,C,,20180916,3,BK92,,,Alexander Bublik,R,196,KAZ,21.248,192,294,Z272,4,,Ze Zhang,R,188,CHN,28.203,198,286,6-3 5-7 6-4,3,R32,121,20,7,120,84,55,21,16,8,10,7,4,92,57,38,19,15,3,6
2018-6313,Shanghai,Hard,32,C,,20180916,4,WB32,,,Yibing Wu,R,183,CHN,18.924,299,164,SC47,5,,Go Soeda,R,178,JPN,34.029,197,286,6-4 6-2,3,R32,73,3,1,54,41,31,7,9,2,3,2,0,56,36,22,8,9,6,10
2018-6313,Shanghai,Hard,32,C,,20180916,5,K834,,,Blaz Kavcic,R,188,SLO,31.535,292,167,PF65,6,,Filip Peliwo,R,180,POL,24.627,195,288,6-1 5-7 6-0,3,R32,113,11,1,63,41,35,10,12,0,2,2,3,87,52,31,13,13,6,13
2018-6313,Shanghai,Hard,32,C,,20180916,6,KI95,7,,Miomir Kecmanovic,R,183,SRB,19.044,177,315,KA22,,,Dayne Kelly,R,,AUS,28.151,332,138,4-6 7-6(8) 6-2,3,R32,147,5,0,94,60,39,24,15,5,8,12,6,107,71,53,9,15,6,10
2018-6313,Shanghai,Hard,32,C,,20180916,7,MI01,8,,Hiroki Moriya,R,168,JPN,27.918,210,265,T982,,,Tsung-Hua Yang,R,178,TPE,27.469,242,233,4-6 6-3 6-2,3,R32,133,4,1,88,52,34,20,14,6,9,7,0,86,56,37,11,13,10,15
2018-6313,Shanghai,Hard,32,C,,20180916,8,BF98,,,Alessandro Bega,R,170,ITA,27.68,339,136,GB53,,,Federico Gaio,R,178,ITA,26.533,208,267,4-6 6-4 6-3,3,R32,95,5,5,86,63,46,10,15,3,6,9,3,68,37,28,19,14,5,9
2018-6313,Shanghai,Hard,32,C,,20180916,9,I236,,,Uladzimir Ignatik,R,183,BLR,28.175,200,283,SQ80,,,Akira Santillan,R,180,AUS,21.32,286,176,7-6(6) 6-3,3,R32,86,10,0,69,43,32,16,11,0,1,9,1,64,48,34,6,10,1,3
2018-6313,Shanghai,Hard,32,C,,20180916,10,LC11,,,Tristan Lamasine,R,183,FRA,25.533,345,131,SX50,,,Roman Safiullin,R,185,RUS,21.109,290,169,6-7(3) 7-6(4) 6-3,3,R32,155,4,1,116,83,56,22,17,4,5,8,7,118,81,59,19,16,8,10
2018-6313,Shanghai,Hard,32,C,,20180916,11,L733,,,Zhe Li,R,183,CHN,31.989,277,188,Z371,,,Zhizhen Zhang,R,193,CHN,21.916,340,135,6-3 3-6 7-5,3,R32,132,6,0,92,72,54,11,15,5,6,13,7,94,54,45,17,15,6,8
2018-6313,Shanghai,Hard,32,C,,20180916,12,PH71,,,Max Purcell,R,185,AUS,20.454,245,229,N663,,,Maximilian Neuchrist,R,,AUT,27.154,257,218,6-4 6-4,3,R32,77,11,0,68,43,34,14,10,4,4,6,1,57,43,29,7,10,1,3
2018-6313,Shanghai,Hard,32,C,,20180916,13,R09X,,,Jurij Rodionov,L,191,AUT,19.337,258,216,SP24,,,Brayden Schnur,R,193,CAN,23.203,261,212,6-4 5-7 7-5,3,R32,123,9,0,91,72,51,13,17,1,4,9,0,96,71,52,10,17,3,7
2018-6313,Shanghai,Hard,32,C,,20180916,14,SF41,,,Aldin Setkic,R,191,BIH,30.738,325,141,CH90,,,Yun seong Chung,R,178,KOR,20.474,293,167,6-3 6-4,3,R32,71,5,5,49,34,27,9,10,1,3,2,4,52,29,17,11,9,0,4
2018-6313,Shanghai,Hard,32,C,,20180916,15,TG30,,,Rigele Te,R,188,CHN,20.936,444,85,DC76,,,Viktor Durasovic,R,185,NOR,21.495,411,95,6-3 6-3,3,R32,75,6,2,72,39,30,19,9,7,7,3,0,47,33,22,7,9,1,4
2018-6313,Shanghai,Hard,32,C,,20180916,16,W571,,,Di Wu,R,173,CHN,27.006,289,169,BE69,,,Yan Bai,R,185,CHN,29.322,317,147,2-6 6-2 6-3,3,R32,97,2,1,73,39,28,23,13,6,8,8,4,72,47,34,11,12,3,6
2018-6313,Shanghai,Hard,32,C,,20180916,17,W571,,,Di Wu,R,173,CHN,27.006,289,169,J380,1,,Jason Jung,R,180,TPE,29.254,121,451,6-3 6-0,3,R16,76,1,2,55,34,24,10,8,2,3,1,0,40,30,15,1,7,1,6
2018-6313,Shanghai,Hard,32,C,,20180916,18,KI95,7,,Miomir Kecmanovic,R,183,SRB,19.044,177,315,LC11,,,Tristan Lamasine,R,183,FRA,25.533,345,131,6-4 6-3,3,R16,92,4,1,51,30,26,13,9,4,4,6,1,70,43,29,11,10,7,10
2018-6313,Shanghai,Hard,32,C,,20180916,19,MI01,8,,Hiroki Moriya,R,168,JPN,27.918,210,265,I236,,,Uladzimir Ignatik,R,183,BLR,28.175,200,283,4-6 6-3 6-1,3,R16,121,4,3,72,47,36,14,13,5,7,11,1,88,67,44,6,13,5,10
2018-6313,Shanghai,Hard,32,C,,20180916,20,BF98,,,Alessandro Bega,R,170,ITA,27.68,339,136,KF17,,,Soonwoo Kwon,R,180,KOR,20.789,270,196,7-5 6-3,3,R16,73,3,1,56,37,29,12,11,0,1,6,1,58,39,23,12,10,1,4
2018-6313,Shanghai,Hard,32,C,,20180916,21,BK92,,,Alexander Bublik,R,196,KAZ,21.248,192,294,PH71,,,Max Purcell,R,185,AUS,20.454,245,229,7-6(5) 6-3,3,R16,75,15,2,70,40,30,21,11,1,1,7,2,55,36,30,12,10,1,2
2018-6313,Shanghai,Hard,32,C,,20180916,22,K834,,,Blaz Kavcic,R,188,SLO,31.535,292,167,R09X,,,Jurij Rodionov,L,191,AUT,19.337,258,216,6-7(4) 6-3 6-4,3,R16,153,8,2,98,60,42,20,16,1,4,8,5,113,76,51,12,15,8,13
2018-6313,Shanghai,Hard,32,C,,20180916,23,L733,,,Zhe Li,R,183,CHN,31.989,277,188,WB32,,,Yibing Wu,R,183,CHN,18.924,299,164,3-6 6-0 6-3,3,R16,108,6,0,85,72,48,9,12,9,10,7,2,71,43,26,16,12,1,5
2018-6313,Shanghai,Hard,32,C,,20180916,24,SF41,,,Aldin Setkic,R,191,BIH,30.738,325,141,TG30,,,Rigele Te,R,188,CHN,20.936,444,85,6-3 7-6(5),3,R16,95,12,2,66,43,36,12,11,0,0,9,6,76,37,30,17,10,4,5
2018-6313,Shanghai,Hard,32,C,,20180916,25,KI95,7,,Miomir Kecmanovic,R,183,SRB,19.044,177,315,W571,,,Di Wu,R,173,CHN,27.006,289,169,3-6 6-3 6-1,3,QF,89,14,0,77,45,39,14,12,4,5,8,1,70,38,30,14,13,1,5
2018-6313,Shanghai,Hard,32,C,,20180916,26,MI01,8,,Hiroki Moriya,R,168,JPN,27.918,210,265,BK92,,,Alexander Bublik,R,196,KAZ,21.248,192,294,6-4 6-4,3,QF,78,2,2,64,41,33,11,10,2,2,18,6,67,36,29,12,10,3,5
2018-6313,Shanghai,Hard,32,C,,20180916,27,K834,,,Blaz Kavcic,R,188,SLO,31.535,292,167,BF98,,,Alessandro Bega,R,170,ITA,27.68,339,136,6-1 4-6 6-2,3,QF,121,11,3,80,45,33,14,12,5,9,1,7,83,52,30,8,13,4,12
2018-6313,Shanghai,Hard,32,C,,20180916,28,L733,,,Zhe Li,R,183,CHN,31.989,277,188,SF41,,,Aldin Setkic,R,191,BIH,30.738,325,141,6-4 6-0,3,QF,62,6,0,44,38,25,6,8,2,3,8,3,48,34,22,2,8,5,10
2018-6313,Shanghai,Hard,32,C,,20180916,29,K834,,,Blaz Kavcic,R,188,SLO,31.535,292,167,KI95,7,,Miomir Kecmanovic,R,183,SRB,19.044,177,315,4-6 7-6(4) 1-0 RET,3,SF,131,14,2,74,48,33,15,11,3,5,7,4,87,52,34,18,12,5,7
2018-6313,Shanghai,Hard,32,C,,20180916,30,MI01,8,,Hiroki Moriya,R,168,JPN,27.918,210,265,L733,,,Zhe Li,R,183,CHN,31.989,277,188,6-7(3) 7-6(5) 7-6(4),3,SF,207,7,1,133,85,62,25,18,8,11,7,3,138,103,68,18,18,10,13
2018-6313,Shanghai,Hard,32,C,,20180916,31,K834,,,Blaz Kavcic,R,188,SLO,31.535,292,167,MI01,8,,Hiroki Moriya,R,168,JPN,27.918,210,265,6-1 7-6(1),3,F,94,15,0,72,48,39,12,10,3,3,3,5,59,39,23,12,9,1,3
2018-7083,Istanbul,Hard,32,C,,20180916,1,F586,1,,Thomas Fabbiano,R,173,ITA,29.309,123,447,GF95,,,Hugo Grenier,R,196,FRA,22.483,384,108,6-3 6-2,3,R32,70,1,1,46,26,18,14,8,1,2,1,3,64,40,24,8,9,7,12
2018-7083,Istanbul,Hard,32,C,,20180916,2,MW02,2,,Corentin Moutet,L,180,FRA,19.411,126,443,K839,,,Tobias Kamke,R,178,GER,32.323,267,200,6-4 6-2,3,R32,72,1,2,48,31,25,9,9,0,1,1,6,57,33,21,9,9,2,6
2018-7083,Istanbul,Hard,32,C,,20180916,3,O482,,,Gonzalo Oliveira,L,185,VEN,23.578,268,199,MB53,3,,Adrian Menendez-Maceiras,R,183,ESP,32.884,124,445,6-3 2-6 6-2,3,R32,118,2,0,76,52,35,10,13,1,4,2,0,76,53,32,11,12,8,12
2018-7083,Istanbul,Hard,32,C,,20180916,4,HB64,4,,Quentin Halys,R,191,FRA,21.889,157,364,KI74,,,Nicola Kuhn,R,185,GER,18.491,351,126,6-3 6-4,3,R32,74,6,2,58,34,29,14,10,0,0,2,4,74,48,32,11,9,5,7
2018-7083,Istanbul,Hard,32,C,,20180916,5,LB66,5,,Constant Lestienne,R,180,FRA,26.316,172,333,MN20,,,Daniel Masur,R,183,GER,23.86,272,192,0-6 6-3 7-6(5),3,R32,99,7,8,98,54,36,18,14,7,13,3,7,73,46,35,11,13,3,7
2018-7083,Istanbul,Hard,32,C,,20180916,6,O449,6,,Oscar Otte,R,193,GER,25.169,201,281,W503,,,James Ward,R,188,GBR,31.6,226,251,6-3 6-3,3,R32,59,10,6,66,29,22,17,9,5,7,1,2,42,25,15,6,9,1,6
2018-7083,Istanbul,Hard,32,C,,20180916,7,GJ37,7,,Tallon Griekspoor,R,188,NED,22.207,206,269,W597,,,Tak Khunn Wang,R,175,FRA,26.927,493,72,6-4 6-1,3,R32,68,6,1,46,29,25,9,8,2,2,1,1,65,31,17,17,9,1,5
2018-7083,Istanbul,Hard,32,C,,20180916,8,MO55,8,,Lucas Miedler,R,183,AUT,22.237,223,256,CG94,,,Enzo Couacaud,R,183,FRA,23.546,326,140,7-5 3-0 RET,3,R32,66,6,0,48,31,23,9,8,3,4,6,3,54,28,17,10,7,0,3
2018-7083,Istanbul,Hard,32,C,,20180916,9,BT68,,,Elliot Benchetrit,R,193,MAR,19.956,284,177,V942,,,Tim van Rijthoven,R,188,NED,21.396,498,70,7-6(7) 6-2,3,R32,82,11,2,70,45,37,15,10,5,5,7,0,69,40,28,16,10,3,5
2018-7083,Istanbul,Hard,32,C,,20180916,10,BM95,,,Benjamin Bonzi,R,183,FRA,22.27,291,167,SN77,,,Vaclav Safranek,R,183,CZE,24.326,298,164,6-1 6-4,3,R32,53,4,2,58,40,28,10,9,2,3,3,1,54,34,19,9,8,4,8
2018-7083,Istanbul,Hard,32,C,,20180916,11,HA71,,,Antoine Hoang,R,183,FRA,22.867,217,260,J620,,,Maxime Janvier,R,196,FRA,21.911,273,191,4-6 6-3 6-4,3,R32,130,1,5,101,76,54,9,15,4,7,1,6,87,50,35,18,14,6,10
2018-7083,Istanbul,Hard,32,C,,20180916,12,HD67,,,Youssef Hossam,R,178,EGY,20.287,366,118,Y152,,,Anil Yuksel,L,,TUR,28.329,954,14,6-3 6-2,3,R32,70,9,2,52,32,24,12,9,3,4,1,3,65,42,25,8,8,6,10
2018-7083,Istanbul,Hard,32,C,,20180916,13,I306,,,Cem Ilkel,R,185,TUR,23.072,253,220,KI48,,,Ergi Kirkin,R,180,TUR,19.636,656,38,6-2 4-6 6-4,3,R32,101,11,1,69,49,44,10,14,0,1,8,7,102,59,40,22,14,9,12
2018-7083,Istanbul,Hard,32,C,,20180916,14,MN70,,,Joao Menezes,R,185,BRA,21.747,302,163,CH05,,,Altug Celikbilek,R,183,TUR,22.023,425,91,7-5 6-1,3,R32,92,0,1,54,39,26,8,9,1,3,1,6,84,56,26,11,10,14,20
2018-7083,Istanbul,Hard,32,C,,20180916,15,N503,,,Aleksandr Nedovyesov,R,188,KAZ,31.584,241,235,MN23,,,Aleksandre Metreveli,R,183,GEO,25.101,921,15,6-3 6-4,3,R32,68,3,4,54,39,33,7,10,1,2,0,4,62,39,25,7,9,6,9
2018-7083,Istanbul,Hard,32,C,,20180916,16,V490,,,Matteo Viola,R,185,ITA,31.195,297,165,Y171,,,Denis Yevseyev,R,188,KAZ,25.32,311,153,7-6(3) 6-4,3,R32,87,0,3,66,37,25,17,11,3,6,1,2,80,65,34,9,11,8,12
2018-7083,Istanbul,Hard,32,C,,20180916,17,F586,1,,Thomas Fabbiano,R,173,ITA,29.309,123,447,BM95,,,Benjamin Bonzi,R,183,FRA,22.27,291,167,3-6 6-1 6-4,3,R16,111,1,4,87,52,38,18,13,7,9,5,2,74,36,24,21,13,3,7
2018-7083,Istanbul,Hard,32,C,,20180916,18,MW02,2,,Corentin Moutet,L,180,FRA,19.411,126,443,MN70,,,Joao Menezes,R,185,BRA,21.747,302,163,6-4 6-0,3,R16,82,0,0,55,41,25,10,8,2,3,3,2,68,42,22,11,8,7,12
2018-7083,Istanbul,Hard,32,C,,20180916,19,HB64,4,,Quentin Halys,R,191,FRA,21.889,157,364,N503,,,Aleksandr Nedovyesov,R,188,KAZ,31.584,241,235,7-6(4) 6-7(5) 6-4,3,R16,140,13,10,117,74,58,23,17,3,4,1,1,113,78,54,22,17,1,3
2018-7083,Istanbul,Hard,32,C,,20180916,20,V490,,,Matteo Viola,R,185,ITA,31.195,297,165,LB66,5,,Constant Lestienne,R,180,FRA,26.316,172,333,6-3 6-1,3,R16,67,2,3,54,40,27,8,8,4,5,1,5,62,34,19,10,8,7,12
2018-7083,Istanbul,Hard,32,C,,20180916,21,I306,,,Cem Ilkel,R,185,TUR,23.072,253,220,O449,6,,Oscar Otte,R,193,GER,25.169,201,281,6-3 6-4,3,R16,78,5,3,62,38,32,12,10,1,1,6,8,69,43,29,11,9,4,6
2018-7083,Istanbul,Hard,32,C,,20180916,22,GJ37,7,,Tallon Griekspoor,R,188,NED,22.207,206,269,HD67,,,Youssef Hossam,R,178,EGY,20.287,366,118,6-3 6-2,3,R16,60,7,1,48,30,27,10,9,0,0,2,1,52,31,18,12,8,3,6
2018-7083,Istanbul,Hard,32,C,,20180916,23,MO55,8,,Lucas Miedler,R,183,AUT,22.237,223,256,BT68,,,Elliot Benchetrit,R,193,MAR,19.956,284,177,6-3 7-6(2),3,R16,81,5,4,61,40,31,14,10,2,3,6,4,74,48,31,13,11,3,6
2018-7083,Istanbul,Hard,32,C,,20180916,24,HA71,,,Antoine Hoang,R,183,FRA,22.867,217,260,O482,,,Gonzalo Oliveira,L,185,VEN,23.578,268,199,6-7(0) 6-3 6-2,3,R16,140,4,6,86,50,37,16,14,3,5,4,7,91,57,41,12,15,2,8
2018-7083,Istanbul,Hard,32,C,,20180916,25,F586,1,,Thomas Fabbiano,R,173,ITA,29.309,123,447,V490,,,Matteo Viola,R,185,ITA,31.195,297,165,3-6 6-2 6-4,3,QF,122,0,5,94,61,38,15,13,12,17,0,6,85,48,29,13,14,6,13
2018-7083,Istanbul,Hard,32,C,,20180916,26,MW02,2,,Corentin Moutet,L,180,FRA,19.411,126,443,I306,,,Cem Ilkel,R,185,TUR,23.072,253,220,7-6(4) 6-3,3,QF,126,1,3,58,33,22,11,10,1,4,0,0,72,41,24,12,11,1,6
2018-7083,Istanbul,Hard,32,C,,20180916,27,HB64,4,,Quentin Halys,R,191,FRA,21.889,157,364,GJ37,7,,Tallon Griekspoor,R,188,NED,22.207,206,269,6-4 3-6 7-6(3),3,QF,102,11,6,85,56,48,14,15,5,7,2,3,88,59,43,18,16,1,3
2018-7083,Istanbul,Hard,32,C,,20180916,28,HA71,,,Antoine Hoang,R,183,FRA,22.867,217,260,MO55,8,,Lucas Miedler,R,183,AUT,22.237,223,256,6-4 7-5,3,QF,100,4,6,68,42,31,13,11,2,4,3,4,73,42,25,14,11,6,10
2018-7083,Istanbul,Hard,32,C,,20180916,29,HB64,4,,Quentin Halys,R,191,FRA,21.889,157,364,F586,1,,Thomas Fabbiano,R,173,ITA,29.309,123,447,6-3 4-6 6-4,3,SF,128,20,9,99,58,51,18,15,3,4,3,5,101,67,47,17,14,12,14
2018-7083,Istanbul,Hard,32,C,,20180916,30,MW02,2,,Corentin Moutet,L,180,FRA,19.411,126,443,HA71,,,Antoine Hoang,R,183,FRA,22.867,217,260,2-6 7-5 6-0,3,SF,154,0,7,90,49,37,13,13,6,11,3,5,103,65,34,17,13,7,14
2018-7083,Istanbul,Hard,32,C,,20180916,31,MW02,2,,Corentin Moutet,L,180,FRA,19.411,126,443,HB64,4,,Quentin Halys,R,191,FRA,21.889,157,364,6-3 6-4,3,F,81,0,5,62,32,19,15,9,1,4,2,9,65,34,19,10,10,6,12
2018-7316,Cary,Hard,32,C,,20180916,1,G892,,,Alejandro Gonzalez,R,191,COL,29.604,354,126,PB22,1,,Peter Polansky,R,183,CAN,30.253,112,478,6-3 6-4,3,R32,98,4,1,60,40,28,15,10,4,5,5,5,67,27,19,18,9,7,10
2018-7316,Cary,Hard,32,C,,20180916,2,H896,,,Jose Hernandez-Fernandez,R,183,DOM,28.512,283,177,Y218,2,,Elias Ymer,R,185,SWE,22.434,132,427,6-3 6-4,3,R32,86,2,4,82,58,36,11,10,5,7,4,6,48,26,18,7,9,2,6
2018-7316,Cary,Hard,32,C,,20180916,3,A853,3,,Marcelo Arevalo,R,191,ESA,27.915,176,317,W09G,,,J.J. Wolf,R,183,USA,19.737,520,64,6-3 6-3,3,R32,78,12,5,61,41,31,9,9,5,6,6,1,47,28,16,9,9,2,6
2018-7316,Cary,Hard,32,C,,20180916,4,O522,4,,Reilly Opelka,R,211,USA,21.051,143,397,E873,,,Ernesto Escobedo,R,185,MEX,22.201,227,250,7-6(11) 6-4,3,R32,100,25,2,66,46,43,13,11,0,0,10,6,73,33,28,25,11,1,2
2018-7316,Cary,Hard,32,C,,20180916,5,F811,5,,Bjorn Fratangelo,R,183,USA,25.161,171,333,GK06,,,Alexis Galarneau,R,180,CAN,19.543,698,33,6-4 6-3,3,R32,74,5,3,52,28,23,10,9,0,2,1,6,57,33,21,9,10,5,10
2018-7316,Cary,Hard,32,C,,20180916,6,D994,,,James Duckworth,R,183,AUS,26.653,418,93,KB14,6,,Kevin King,L,191,USA,27.548,175,318,4-6 6-4 6-3,3,R32,127,9,5,94,53,38,24,15,8,10,4,10,79,41,32,18,14,4,7
2018-7316,Cary,Hard,32,C,,20180916,7,P09Z,7,,Alexei Popyrin,R,196,AUS,19.116,194,288,AB71,,,JC Aragone,R,178,USA,23.22,251,220,6-3 6-4,3,R32,76,9,5,70,35,32,16,10,9,9,5,4,49,29,24,8,9,0,2
2018-7316,Cary,Hard,32,C,,20180916,8,KB37,,,Evan King,L,185,USA,26.478,264,209,BH87,8,,Maverick Banes,R,,AUS,26.434,220,258,6-2 1-6 6-3,3,R32,90,5,2,70,44,33,15,12,2,4,6,3,68,40,31,15,12,3,6
2018-7316,Cary,Hard,32,C,,20180916,9,BT45,,,William Blumberg,R,188,USA,20.638,1148,6,HB29,,,Andrew Harris,R,183,AUS,24.528,333,137,6-7(5) 6-3 RET,3,R32,98,6,2,62,38,25,10,10,1,4,1,3,89,55,32,14,11,6,11
2018-7316,Cary,Hard,32,C,,20180916,10,DA86,,,Joris De Loore,R,191,BEL,25.405,437,87,K0AH,,,Sebastian Korda,R,196,USA,18.198,517,65,7-6(3) 6-4,3,R32,94,12,1,69,50,39,12,11,5,6,1,3,76,41,30,15,11,4,6
2018-7316,Cary,Hard,32,C,,20180916,11,E865,,,Christopher Eubanks,R,201,USA,22.366,229,248,KC12,,,Mitchell Krueger,R,188,USA,24.676,243,229,6-3 6-7(3) 6-3,3,R32,123,15,5,103,62,46,22,16,6,8,14,5,87,46,34,21,14,1,5
2018-7316,Cary,Hard,32,C,,20180916,12,KE73,,,Dominik Koepfer,L,180,GER,24.383,188,297,O340,,,Roberto Ortega-Olmedo,R,168,ESP,27.381,321,145,3-6 7-5 6-1,3,R32,131,4,4,104,59,40,21,14,9,13,4,1,84,50,28,19,14,6,12
2018-7316,Cary,Hard,32,C,,20180916,13,SP05,,,Evan Song,L,178,USA,26.275,401,99,S0DD,,,Nick Stachowiak,,,USA,,,,6-3 6-2,3,R32,67,5,1,50,30,24,13,9,3,4,1,5,52,27,16,9,8,6,10
2018-7316,Cary,Hard,32,C,,20180916,14,U120,,,Kaichi Uchida,R,180,JPN,24.066,288,171,CF88,,,Roberto Cid Subervi,R,193,DOM,25.046,228,248,6-3 6-1,3,R32,73,0,1,44,30,24,8,8,2,3,1,2,56,38,17,9,8,5,10
2018-7316,Cary,Hard,32,C,,20180916,15,Y268,,,Mikael Ymer,R,185,SWE,20.019,294,166,PF36,,,David Perez Sanz,R,180,ESP,24.339,376,114,6-2 2-6 7-6(2),3,R32,148,3,3,81,57,38,13,14,2,6,8,4,93,43,33,22,14,2,6
2018-7316,Cary,Hard,32,C,,20180916,16,Y124,,,Donald Young,L,183,USA,29.15,239,237,CH12,,,Jan Choinski,R,196,GBR,22.267,265,209,6-7(4) 6-2 6-1,3,R32,125,8,11,97,55,41,20,14,8,11,4,5,88,48,25,18,13,2,9
2018-7316,Cary,Hard,32,C,,20180916,17,DA86,,,Joris De Loore,R,191,BEL,25.405,437,87,A853,3,,Marcelo Arevalo,R,191,ESA,27.915,176,317,7-6(3) 7-5,3,R16,146,13,3,84,52,37,16,12,6,9,1,5,110,65,35,24,12,10,14
2018-7316,Cary,Hard,32,C,,20180916,18,O522,4,,Reilly Opelka,R,211,USA,21.051,143,397,Y124,,,Donald Young,L,183,USA,29.15,239,237,6-1 7-6(5),3,R16,68,17,1,56,34,28,15,9,3,3,2,3,57,40,27,11,10,1,4
2018-7316,Cary,Hard,32,C,,20180916,19,F811,5,,Bjorn Fratangelo,R,183,USA,25.161,171,333,E865,,,Christopher Eubanks,R,201,USA,22.366,229,248,6-4 6-4,3,R16,67,4,2,63,38,29,13,10,1,2,10,3,54,30,21,11,10,4,7
2018-7316,Cary,Hard,32,C,,20180916,20,KE73,,,Dominik Koepfer,L,180,GER,24.383,188,297,P09Z,7,,Alexei Popyrin,R,196,AUS,19.116,194,288,6-7(5) 7-6(5) 7-6(3),3,R16,171,3,6,119,81,60,17,18,5,8,13,5,124,74,53,29,18,5,8
2018-7316,Cary,Hard,32,C,,20180916,21,D994,,,James Duckworth,R,183,AUS,26.653,418,93,SP05,,,Evan Song,L,178,USA,26.275,401,99,6-3 7-6(4),3,R16,87,13,2,72,41,33,17,11,3,4,1,0,59,31,24,15,10,0,2
2018-7316,Cary,Hard,32,C,,20180916,22,G892,,,Alejandro Gonzalez,R,191,COL,29.604,354,126,Y268,,,Mikael Ymer,R,185,SWE,20.019,294,166,4-6 6-3 6-4,3,R16,171,2,5,105,63,35,22,14,11,16,2,6,98,65,38,14,15,7,14
2018-7316,Cary,Hard,32,C,,20180916,23,H896,,,Jose Hernandez-Fernandez,R,183,DOM,28.512,283,177,BT45,,,William Blumberg,R,188,USA,20.638,1148,6,6-4 6-3,3,R16,,1,0,41,41,12,0,10,0,7,0,0,36,36,0,0,9,0,9
2018-7316,Cary,Hard,32,C,,20180916,24,U120,,,Kaichi Uchida,R,180,JPN,24.066,288,171,KB37,,,Evan King,L,185,USA,26.478,264,209,6-4 6-3,3,R16,77,7,2,49,30,25,11,9,1,2,7,0,54,34,20,10,10,2,6
2018-7316,Cary,Hard,32,C,,20180916,25,O522,4,,Reilly Opelka,R,211,USA,21.051,143,397,KE73,,,Dominik Koepfer,L,180,GER,24.383,188,297,7-6(4) 6-4,3,QF,88,14,3,60,29,26,23,11,0,0,8,5,79,52,40,13,11,4,5
2018-7316,Cary,Hard,32,C,,20180916,26,F811,5,,Bjorn Fratangelo,R,183,USA,25.161,171,333,G892,,,Alejandro Gonzalez,R,191,COL,29.604,354,126,6-7(5) 7-5 6-4,3,QF,159,9,5,118,72,50,23,17,8,12,11,4,128,91,57,17,17,7,13
2018-7316,Cary,Hard,32,C,,20180916,27,D994,,,James Duckworth,R,183,AUS,26.653,418,93,DA86,,,Joris De Loore,R,191,BEL,25.405,437,87,6-3 7-6(3),3,QF,89,12,1,76,45,36,19,11,4,5,11,3,71,42,33,12,10,4,6
2018-7316,Cary,Hard,32,C,,20180916,28,U120,,,Kaichi Uchida,R,180,JPN,24.066,288,171,H896,,,Jose Hernandez-Fernandez,R,183,DOM,28.512,283,177,6-4 6-3,3,QF,65,5,0,53,30,24,18,10,1,1,4,1,47,25,18,13,9,0,2
2018-7316,Cary,Hard,32,C,,20180916,29,O522,4,,Reilly Opelka,R,211,USA,21.051,143,397,U120,,,Kaichi Uchida,R,180,JPN,24.066,288,171,6-3 6-4,3,SF,60,21,2,54,38,33,9,10,3,3,7,2,45,28,22,8,9,1,3
2018-7316,Cary,Hard,32,C,,20180916,30,D994,,,James Duckworth,R,183,AUS,26.653,418,93,F811,5,,Bjorn Fratangelo,R,183,USA,25.161,171,333,6-3 6-4,3,SF,74,17,1,67,36,28,19,10,6,6,6,4,63,43,28,9,9,5,7
2018-7316,Cary,Hard,32,C,,20180916,31,D994,,,James Duckworth,R,183,AUS,26.653,418,93,O522,4,,Reilly Opelka,R,211,USA,21.051,143,397,7-6(4) 6-3,3,F,70,6,1,60,36,33,17,11,0,0,23,2,55,34,28,12,10,1,2
2018-6590,Sibiu,Clay,32,C,,20180923,1,DB63,1,,Laslo Djere,R,188,SRB,23.31,86,671,KC33,,,Dimitar Kuzmanov,R,183,BUL,25.155,278,187,7-6(7) 7-5,3,R32,115,10,3,87,53,33,19,12,8,11,1,2,70,31,18,22,12,1,5
2018-6590,Sibiu,Clay,32,C,,20180923,2,DA13,,,Dragos Dima,R,180,ROU,26.27,394,103,DB59,2,,Dennis Novak,R,183,AUT,25.07,133,425,6-2 6-1,3,R32,54,3,1,49,30,21,9,7,1,2,2,3,40,24,11,3,8,2,8
2018-6590,Sibiu,Clay,32,C,,20180923,3,S483,3,,Pedro Sousa,R,180,POR,30.324,148,395,N897,,,Sumit Nagal,R,178,IND,21.103,318,148,6-2 6-4,3,R32,72,0,2,66,48,34,11,9,6,6,1,3,62,41,28,7,9,6,9
2018-6590,Sibiu,Clay,32,C,,20180923,4,BA98,4,,Simone Bolelli,R,183,ITA,32.958,147,395,J400,,,Jeremy Jahn,R,178,GER,28.468,469,76,6-4 6-4,3,R32,73,1,0,49,38,33,7,10,0,0,4,10,66,33,23,16,10,2,4
2018-6590,Sibiu,Clay,32,C,,20180923,5,PG94,5,,Marc Polmans,R,188,AUS,21.394,163,347,O513,,,Sebastian Ofner,R,191,AUT,22.366,202,280,7-5 2-6 6-3,3,R32,132,0,6,103,63,38,19,15,10,16,7,7,96,45,32,19,14,8,14
2018-6590,Sibiu,Clay,32,C,,20180923,6,BV25,,,Javier Barranco Cosano,L,180,ESP,19.849,344,134,Q948,6,,Gianluigi Quinzi,L,191,ITA,22.642,158,366,7-6(3) RET,3,R32,57,1,4,57,37,26,7,6,6,8,1,1,37,26,13,7,6,1,3
2018-6590,Sibiu,Clay,32,C,,20180923,7,MO44,7,,Pedro Martinez,R,185,ESP,21.41,183,304,F952,,,Nicolae Frunza,R,185,ROU,20.854,752,28,7-6(5) RET,3,R32,57,0,0,35,23,18,7,6,0,1,1,3,53,36,23,7,6,4,5
2018-6590,Sibiu,Clay,32,C,,20180923,8,R685,8,,Lukas Rosol,R,193,CZE,33.166,184,303,O482,,,Gonzalo Oliveira,L,185,VEN,23.598,272,197,7-6(6) 6-3,3,R32,86,3,2,64,38,28,17,11,1,2,3,3,70,51,32,11,10,3,5
2018-6590,Sibiu,Clay,32,C,,20180923,9,CG33,,,Kimmer Coppejans,R,178,BEL,24.624,211,264,HA28,,,Filip Horansky,R,191,SVK,25.708,220,257,2-6 7-5 6-4,3,R32,147,0,0,106,73,43,17,15,15,21,1,3,103,73,42,15,15,10,16
2018-6590,Sibiu,Clay,32,C,,20180923,10,D985,,,Joao Domingues,R,,POR,24.966,215,260,CF25,,,Victor Cornea,L,196,ROU,24.997,1391,3,6-3 3-6 6-0,3,R32,107,2,2,68,48,30,11,12,3,7,3,5,92,51,33,12,12,8,15
2018-6590,Sibiu,Clay,32,C,,20180923,11,KH56,,,Zdenek Kolar,R,183,CZE,21.955,224,250,DG65,,,Michal Dembek,R,196,POL,21.128,985,12,7-5 6-3,3,R32,102,3,4,86,51,35,18,11,10,12,2,5,71,39,26,12,10,4,8
2018-6590,Sibiu,Clay,32,C,,20180923,12,KB92,,,Kevin Krawietz,R,188,GER,26.664,285,179,SF41,,,Aldin Setkic,R,191,BIH,30.757,304,159,7-5 6-2,3,R32,98,7,3,60,34,26,16,10,3,4,4,7,73,44,27,13,10,7,11
2018-6590,Sibiu,Clay,32,C,,20180923,13,MQ75,,,Kamil Majchrzak,R,183,POL,22.694,188,297,ML57,,,Gianluca Mager,R,188,ITA,23.811,298,165,3-0 RET,3,R32,15,2,0,8,5,5,3,2,0,0,0,0,9,4,2,0,1,2,3
2018-6590,Sibiu,Clay,32,C,,20180923,14,O423,,,Fabrizio Ornago,R,191,ITA,26.415,390,106,U061,,,Adrian Ungur,R,178,ROU,33.667,678,36,3-6 6-3 7-6(2),3,R32,136,3,8,99,69,49,15,15,4,7,3,5,96,52,35,22,15,2,5
2018-6590,Sibiu,Clay,32,C,,20180923,15,SO20,,,Jelle Sels,R,188,NED,23.121,338,137,G985,,,Carlos Gomez-Herrera,R,191,ESP,28.4,324,145,7-6(4) 6-3,3,R32,100,3,2,67,35,26,17,11,3,7,1,3,77,49,29,11,10,6,11
2018-6590,Sibiu,Clay,32,C,,20180923,16,SP80,,,Nino Serdarusic,R,191,CRO,21.777,228,247,V490,,,Matteo Viola,R,185,ITA,31.214,284,180,6-2 6-7(0) 6-1,3,R32,105,2,4,77,49,32,11,13,4,8,0,7,92,53,27,16,14,7,16
2018-6590,Sibiu,Clay,32,C,,20180923,17,DB63,1,,Laslo Djere,R,188,SRB,23.31,86,671,KB92,,,Kevin Krawietz,R,188,GER,26.664,285,179,4-6 6-2 6-2,3,R16,105,10,4,79,46,34,19,13,4,6,2,1,79,51,31,13,13,7,12
2018-6590,Sibiu,Clay,32,C,,20180923,18,S483,3,,Pedro Sousa,R,180,POR,30.324,148,395,CG33,,,Kimmer Coppejans,R,178,BEL,24.624,211,264,6-2 6-4,3,R16,87,0,1,73,52,33,12,9,9,10,2,4,61,36,23,12,9,9,13
2018-6590,Sibiu,Clay,32,C,,20180923,19,SO20,,,Jelle Sels,R,188,NED,23.121,338,137,BA98,4,,Simone Bolelli,R,183,ITA,32.958,147,395,7-6(2) 6-3,3,R16,102,6,2,64,45,36,8,11,4,6,0,1,69,46,29,11,10,6,9
2018-6590,Sibiu,Clay,32,C,,20180923,20,MQ75,,,Kamil Majchrzak,R,183,POL,22.694,188,297,PG94,5,,Marc Polmans,R,188,AUS,21.394,163,347,6-3 6-4,3,R16,71,2,0,54,34,25,13,10,0,1,1,5,56,35,21,10,9,3,6
2018-6590,Sibiu,Clay,32,C,,20180923,21,MO44,7,,Pedro Martinez,R,185,ESP,21.41,183,304,O423,,,Fabrizio Ornago,R,191,ITA,26.415,390,106,6-4 6-4,3,R16,94,4,7,66,43,28,11,10,1,4,4,4,65,36,21,12,10,7,12
2018-6590,Sibiu,Clay,32,C,,20180923,22,R685,8,,Lukas Rosol,R,193,CZE,33.166,184,303,SP80,,,Nino Serdarusic,R,191,CRO,21.777,228,247,2-1 RET,3,R16,19,2,0,10,8,5,2,1,2,2,2,1,17,8,5,3,2,1,2
2018-6590,Sibiu,Clay,32,C,,20180923,23,BV25,,,Javier Barranco Cosano,L,180,ESP,19.849,344,134,KH56,,,Zdenek Kolar,R,183,CZE,21.955,224,250,6-4 6-4,3,R16,80,5,2,58,39,24,12,10,5,8,0,0,60,33,20,9,10,2,7
2018-6590,Sibiu,Clay,32,C,,20180923,24,DA13,,,Dragos Dima,R,180,ROU,26.27,394,103,D985,,,Joao Domingues,R,,POR,24.966,215,260,3-6 7-6(7) 6-4,3,R16,152,0,2,110,71,45,20,15,7,11,2,3,115,77,46,23,16,10,14
2018-6590,Sibiu,Clay,32,C,,20180923,25,DB63,1,,Laslo Djere,R,188,SRB,23.31,86,671,R685,8,,Lukas Rosol,R,193,CZE,33.166,184,303,3-6 6-4 6-0,3,QF,104,6,6,84,47,28,21,13,3,7,0,6,68,43,29,7,12,5,11
2018-6590,Sibiu,Clay,32,C,,20180923,26,MO44,7,,Pedro Martinez,R,185,ESP,21.41,183,304,S483,3,,Pedro Sousa,R,180,POR,30.324,148,395,6-4 6-7(2) 6-2,3,QF,127,0,11,111,70,46,19,15,14,18,3,4,98,59,32,21,15,5,12
2018-6590,Sibiu,Clay,32,C,,20180923,27,DA13,,,Dragos Dima,R,180,ROU,26.27,394,103,MQ75,,,Kamil Majchrzak,R,183,POL,22.694,188,297,0-6 7-6(5) 6-3,3,QF,113,0,1,96,59,32,16,14,6,13,2,4,80,47,27,17,13,2,7
2018-6590,Sibiu,Clay,32,C,,20180923,28,SO20,,,Jelle Sels,R,188,NED,23.121,338,137,BV25,,,Javier Barranco Cosano,L,180,ESP,19.849,344,134,3-6 6-2 6-4,3,QF,123,3,2,93,49,37,20,14,4,7,5,5,88,57,36,17,13,12,16
2018-6590,Sibiu,Clay,32,C,,20180923,29,SO20,,,Jelle Sels,R,188,NED,23.121,338,137,DB63,1,,Laslo Djere,R,188,SRB,23.31,86,671,0-1 RET,3,SF,5,0,1,5,1,0,1,1,1,2,0,0,3,2,1,0,0,0,0
2018-6590,Sibiu,Clay,32,C,,20180923,30,DA13,,,Dragos Dima,R,180,ROU,26.27,394,103,MO44,7,,Pedro Martinez,R,185,ESP,21.41,183,304,6-4 6-2,3,SF,95,2,2,60,28,22,18,9,6,7,0,6,80,51,31,10,9,8,12
2018-6590,Sibiu,Clay,32,C,,20180923,31,DA13,,,Dragos Dima,R,180,ROU,26.27,394,103,SO20,,,Jelle Sels,R,188,NED,23.121,338,137,6-3 6-2,3,F,72,1,2,48,26,19,11,8,2,4,2,4,57,32,16,9,9,2,8
2018-7085,Biella,Clay,32,C,,20180923,1,CF59,1,,Roberto Carballes Baena,R,183,ESP,25.503,94,609,GA79,,,Lorenzo Giustino,R,180,ITA,27.036,229,245,6-3 6-4,3,R32,108,2,3,62,32,22,10,9,4,8,2,0,76,44,24,10,10,5,12
2018-7085,Biella,Clay,32,C,,20180923,2,D874,2,,Federico Delbonis,L,193,ARG,27.967,101,565,SK67,,,Jan Satral,R,185,CZE,28.167,451,83,3-6 6-3 6-1,3,R32,99,2,4,73,50,35,13,12,7,9,5,2,71,42,27,12,13,3,8
2018-7085,Biella,Clay,32,C,,20180923,3,L503,,,Paolo Lorenzi,R,183,ITA,36.772,114,478,BK19,,,Mathias Bourgue,R,188,FRA,24.679,321,147,6-2 6-4,3,R32,85,5,2,53,29,26,12,9,0,0,2,1,56,36,21,11,9,8,11
2018-7085,Biella,Clay,32,C,,20180923,4,MJ08,,,Thiago Monteiro,L,183,BRA,24.315,117,473,PH64,,,Andrea Pellegrino,R,185,ITA,21.503,357,125,6-7(4) 6-1 6-2,3,R32,133,11,4,88,47,37,25,14,2,3,1,8,99,60,38,19,13,6,11
2018-7085,Biella,Clay,32,C,,20180923,5,TA29,5,,Marco Trungelliti,R,178,ARG,28.643,134,423,DH50,,,Alejandro Davidovich Fokina,R,180,ESP,19.302,283,180,4-6 6-3 6-4,3,R32,133,2,6,103,47,29,31,15,7,11,1,6,83,57,38,14,14,5,10
2018-7085,Biella,Clay,32,C,,20180923,6,TA12,6,,Stefano Travaglia,R,185,ITA,26.738,150,391,V836,,,Juan Pablo Varillas,R,185,PER,22.965,348,129,6-1 6-4,3,R32,76,4,1,54,28,23,16,9,2,2,4,4,62,29,17,17,8,6,9
2018-7085,Biella,Clay,32,C,,20180923,7,A941,,,Facundo Arguello,R,178,ARG,26.136,280,185,E698,7,,Gastao Elias,R,180,POR,27.83,157,371,7-5 6-0,3,R32,90,0,2,48,31,22,9,9,2,4,3,6,62,29,22,6,9,6,12
2018-7085,Biella,Clay,32,C,,20180923,8,N679,,,Stefano Napolitano,R,196,ITA,23.452,250,222,G676,8,,Daniel Gimeno-Traver,R,183,ESP,33.128,156,372,7-6(3) 6-3,3,R32,119,2,2,83,47,34,19,11,5,7,3,3,67,38,23,14,10,2,5
2018-7085,Biella,Clay,32,C,,20180923,9,A622,,,Andrea Arnaboldi,L,180,ITA,30.741,189,295,RB60,,,Oriol Roca Batalla,R,175,ESP,25.399,259,215,6-7(3) 6-2 6-3,3,R32,158,5,7,108,51,33,32,15,11,14,5,7,97,58,38,14,14,4,10
2018-7085,Biella,Clay,32,C,,20180923,10,BM03,,,Filippo Baldi,R,180,ITA,22.702,247,224,CG04,,,Pedro Cachin,R,185,ARG,23.45,251,220,6-3 6-7(6) 6-4,3,R32,141,0,3,99,70,46,13,16,3,8,4,3,91,52,33,18,15,3,10
2018-7085,Biella,Clay,32,C,,20180923,11,BS86,,,Tomas Barrios Vera,R,191,CHI,20.786,314,152,Z419,,,Bernabe Zapata Miralles,R,183,ESP,21.695,282,183,6-2 5-7 7-5,3,R32,111,5,3,81,55,42,13,16,3,6,3,6,103,70,47,13,16,6,11
2018-7085,Biella,Clay,32,C,,20180923,12,CE25,,,Salvatore Caruso,R,185,ITA,25.771,168,337,MP20,,,Alexandre Muller,R,183,FRA,21.64,404,100,6-2 6-2,3,R32,68,0,2,45,29,21,12,8,0,0,2,3,65,40,23,10,8,6,10
2018-7085,Biella,Clay,32,C,,20180923,13,DG80,,,Enrico Dalla Valle,R,196,ITA,20.509,692,35,GB61,,,Viktor Galovic,R,193,CRO,28.011,206,275,6-2 4-6 6-4,3,R32,128,4,4,100,68,48,15,14,8,10,3,1,78,44,29,20,14,3,7
2018-7085,Biella,Clay,32,C,,20180923,14,DA67,,,Matteo Donati,R,185,ITA,23.567,180,307,GC17,,,Oscar Jose Gutierrez,R,170,ESP,25.413,398,102,6-3 6-3,3,R32,63,1,0,49,32,22,13,9,2,3,2,2,56,43,24,6,9,4,8
2018-7085,Biella,Clay,32,C,,20180923,15,O408,,,Ricardo Ojeda Lara,R,178,ESP,25.656,297,166,RB73,,,Pietro Rondoni,R,185,ITA,24.887,361,122,3-6 6-2 6-0,3,R32,129,0,0,72,53,31,7,11,2,6,1,4,91,43,24,16,12,10,18
2018-7085,Biella,Clay,32,C,,20180923,16,R419,,,Tommy Robredo,R,180,ESP,36.397,236,241,GA71,,,Laurynas Grigelis,R,183,LTU,27.11,244,231,6-4 7-6(3),3,R32,115,3,3,75,49,35,14,11,6,8,1,4,87,49,33,16,11,9,12
2018-7085,Biella,Clay,32,C,,20180923,17,CF59,1,,Roberto Carballes Baena,R,183,ESP,25.503,94,609,BS86,,,Tomas Barrios Vera,R,191,CHI,20.786,314,152,6-4 6-2,3,R16,66,2,0,44,34,31,4,9,5,6,4,4,55,31,18,12,9,4,8
2018-7085,Biella,Clay,32,C,,20180923,18,D874,2,,Federico Delbonis,L,193,ARG,27.967,101,565,CE25,,,Salvatore Caruso,R,185,ITA,25.771,168,337,6-3 7-5,3,R16,100,4,5,60,37,28,8,10,2,4,2,2,76,53,30,10,11,3,8
2018-7085,Biella,Clay,32,C,,20180923,19,L503,,,Paolo Lorenzi,R,183,ITA,36.772,114,478,O408,,,Ricardo Ojeda Lara,R,178,ESP,25.656,297,166,6-2 6-1,3,R16,66,4,1,49,21,16,19,8,1,1,0,0,44,32,14,7,7,2,6
2018-7085,Biella,Clay,32,C,,20180923,20,MJ08,,,Thiago Monteiro,L,183,BRA,24.315,117,473,A622,,,Andrea Arnaboldi,L,180,ITA,30.741,189,295,6-3 6-1,3,R16,71,5,0,38,26,22,4,8,2,4,1,7,67,40,25,4,8,4,10
2018-7085,Biella,Clay,32,C,,20180923,21,TA29,5,,Marco Trungelliti,R,178,ARG,28.643,134,423,R419,,,Tommy Robredo,R,180,ESP,36.397,236,241,7-5 7-5,3,R16,107,4,3,77,42,31,21,12,1,2,5,4,77,48,34,14,12,6,9
2018-7085,Biella,Clay,32,C,,20180923,22,TA12,6,,Stefano Travaglia,R,185,ITA,26.738,150,391,DA67,,,Matteo Donati,R,185,ITA,23.567,180,307,6-1 1-3 RET,3,R16,56,1,1,37,15,12,12,6,2,3,1,0,44,27,14,9,5,5,7
2018-7085,Biella,Clay,32,C,,20180923,23,A941,,,Facundo Arguello,R,178,ARG,26.136,280,185,BM03,,,Filippo Baldi,R,180,ITA,22.702,247,224,6-4 6-2,3,R16,72,1,1,54,37,26,8,9,5,7,0,2,54,41,20,7,9,5,10
2018-7085,Biella,Clay,32,C,,20180923,24,N679,,,Stefano Napolitano,R,196,ITA,23.452,250,222,DG80,,,Enrico Dalla Valle,R,196,ITA,20.509,692,35,6-2 6-2,3,R16,70,4,0,41,19,12,12,8,1,4,0,2,57,34,15,7,8,1,8
2018-7085,Biella,Clay,32,C,,20180923,25,N679,,,Stefano Napolitano,R,196,ITA,23.452,250,222,CF59,1,,Roberto Carballes Baena,R,183,ESP,25.503,94,609,6-3 3-6 6-1,3,QF,126,0,2,80,49,31,18,13,4,7,3,2,86,57,36,11,12,7,12
2018-7085,Biella,Clay,32,C,,20180923,26,D874,2,,Federico Delbonis,L,193,ARG,27.967,101,565,A941,,,Facundo Arguello,R,178,ARG,26.136,280,185,6-2 6-4,3,QF,90,2,0,56,36,24,14,9,3,4,1,3,57,32,20,12,9,5,9
2018-7085,Biella,Clay,32,C,,20180923,27,TA12,6,,Stefano Travaglia,R,185,ITA,26.738,150,391,L503,,,Paolo Lorenzi,R,183,ITA,36.772,114,478,6-2 7-5,3,QF,102,3,3,71,29,22,25,10,5,5,0,5,59,26,20,15,10,3,6
2018-7085,Biella,Clay,32,C,,20180923,28,MJ08,,,Thiago Monteiro,L,183,BRA,24.315,117,473,TA29,5,,Marco Trungelliti,R,178,ARG,28.643,134,423,6-1 6-2,3,QF,59,0,1,50,27,24,12,8,1,1,5,5,37,16,10,7,7,2,6
2018-7085,Biella,Clay,32,C,,20180923,29,D874,2,,Federico Delbonis,L,193,ARG,27.967,101,565,MJ08,,,Thiago Monteiro,L,183,BRA,24.315,117,473,6-2 6-3,3,SF,84,2,1,39,24,22,10,8,0,0,4,3,74,42,23,15,9,8,12
2018-7085,Biella,Clay,32,C,,20180923,30,N679,,,Stefano Napolitano,R,196,ITA,23.452,250,222,TA12,6,,Stefano Travaglia,R,185,ITA,26.738,150,391,6-3 5-7 6-2,3,SF,134,5,2,107,69,48,18,15,8,12,5,3,81,42,31,15,14,4,10
2018-7085,Biella,Clay,32,C,,20180923,31,D874,2,,Federico Delbonis,L,193,ARG,27.967,101,565,N679,,,Stefano Napolitano,R,196,ITA,23.452,250,222,6-4 6-3,3,F,91,4,4,58,37,26,15,10,2,3,0,1,66,38,23,15,9,4,7
2018-7318,Columbus,Hard,32,C,,20180923,1,TC61,1,,Jordan Thompson,R,183,AUS,24.427,111,485,SP05,,,Evan Song,L,178,USA,26.294,381,109,6-0 7-5,3,R32,102,4,1,66,51,37,8,9,7,7,3,3,68,46,26,6,9,10,14
2018-7318,Columbus,Hard,32,C,,20180923,2,PB22,2,,Peter Polansky,R,183,CAN,30.272,113,478,J607,,,Martin Joyce,R,191,USA,21.949,1057,9,6-3 6-7(11) 6-1,3,R32,145,13,6,96,54,46,25,15,0,1,26,4,103,63,49,13,13,5,9
2018-7318,Columbus,Hard,32,C,,20180923,3,MP01,3,,Michael Mmoh,R,188,USA,20.701,124,450,BH02,,,Sekou Bangoura,R,183,USA,26.847,358,125,3-6 6-1 6-2,3,R32,122,6,0,73,50,35,11,12,2,4,4,4,80,51,30,13,12,6,11
2018-7318,Columbus,Hard,32,C,,20180923,4,KE73,5,,Dominik Koepfer,L,180,GER,24.402,178,312,PF36,,,David Perez Sanz,R,180,ESP,24.359,374,114,6-1 6-0,3,R32,60,0,2,40,29,21,7,7,0,0,1,3,44,24,13,5,6,6,11
2018-7318,Columbus,Hard,32,C,,20180923,5,P09Z,6,,Alexei Popyrin,R,196,AUS,19.135,193,291,O340,,,Roberto Ortega-Olmedo,R,168,ESP,27.4,325,145,4-6 7-6(3) 7-5,3,R32,175,14,5,131,85,59,24,17,9,11,4,3,104,48,37,34,17,3,5
2018-7318,Columbus,Hard,32,C,,20180923,6,Q941,7,,Roberto Quiroz,L,193,ECU,26.582,213,262,SJ55,,,John-Patrick Smith,L,188,AUS,29.662,246,229,3-6 7-6(4) 7-6(7),3,R32,159,0,3,116,75,52,23,17,0,3,2,1,108,83,57,17,16,3,4
2018-7318,Columbus,Hard,32,C,,20180923,7,TC12,,,Mikael Torpegaard,R,193,DEN,24.378,665,37,BH87,8,,Maverick Banes,R,,AUS,26.453,217,258,7-6(3) 6-4,3,R32,96,10,0,66,40,34,14,11,1,2,1,3,69,41,28,16,11,1,3
2018-7318,Columbus,Hard,32,C,,20180923,8,D916,,,Steven Diez,R,175,CAN,27.521,330,142,GC88,,,Marcos Giron,R,180,USA,25.166,351,127,6-3 6-4,3,R32,100,3,3,71,37,29,14,10,6,8,0,5,65,44,30,6,9,7,11
2018-7318,Columbus,Hard,32,C,,20180923,9,GA36,,,Emilio Gomez,R,185,ECU,26.82,380,111,D994,,,James Duckworth,R,183,AUS,26.672,289,176,6-7(7) 7-6(6) 6-3,3,R32,175,6,7,117,68,51,28,16,2,2,12,2,123,67,47,34,17,6,8
2018-7318,Columbus,Hard,32,C,,20180923,10,H896,,,Jose Hernandez-Fernandez,R,183,DOM,28.531,276,192,HB29,,,Andrew Harris,R,183,AUS,24.548,337,137,6-4 6-1,3,R32,71,2,1,39,24,19,11,8,0,1,0,3,55,34,20,6,9,3,8
2018-7318,Columbus,Hard,32,C,,20180923,11,KD35,,,Thai-Son Kwiatkowski,R,188,USA,23.608,366,118,ME31,,,Vincent Millot,L,173,FRA,32.646,417,94,6-2 6-4,3,R32,68,8,2,42,27,20,9,9,0,2,1,2,58,28,14,15,9,4,9
2018-7318,Columbus,Hard,32,C,,20180923,12,MW84,,,John McNally,R,183,USA,19.932,1162,6,SQ48,,,Ryan Shane,R,193,USA,24.441,498,69,7-6(5) 7-5,3,R32,117,10,1,88,58,47,15,12,7,8,9,5,81,60,44,8,12,6,8
2018-7318,Columbus,Hard,32,C,,20180923,13,PL56,,,Tommy Paul,R,185,USA,21.352,355,126,KB37,,,Evan King,L,185,USA,26.497,258,215,6-3 6-4,3,R32,86,3,2,61,29,21,22,10,3,3,0,1,61,36,24,13,9,5,7
2018-7318,Columbus,Hard,32,C,,20180923,14,SM09,,,Luke Saville,R,188,AUS,24.723,488,72,G892,,,Alejandro Gonzalez,R,191,COL,29.624,331,141,7-5 6-4,3,R32,113,6,3,70,37,29,18,11,6,7,0,2,82,51,33,16,11,9,12
2018-7318,Columbus,Hard,32,C,,20180923,15,U120,,,Kaichi Uchida,R,180,JPN,24.085,273,196,CF88,,,Roberto Cid Subervi,R,193,DOM,25.065,241,233,7-6(4) 7-6(3),3,R32,128,5,0,72,41,35,24,12,2,2,9,1,85,51,39,21,12,5,5
2018-7318,Columbus,Hard,32,C,,20180923,16,W09G,,,J.J. Wolf,R,183,USA,19.756,505,67,CH12,,,Jan Choinski,R,196,GBR,22.286,266,209,7-5 6-4,3,R32,79,9,3,58,34,32,14,11,0,0,9,4,69,47,37,9,11,5,7
2018-7318,Columbus,Hard,32,C,,20180923,17,TC61,1,,Jordan Thompson,R,183,AUS,24.427,111,485,U120,,,Kaichi Uchida,R,180,JPN,24.085,273,196,6-1 7-6(2),3,R16,100,3,2,61,42,35,12,10,1,1,4,2,64,41,30,9,9,4,6
2018-7318,Columbus,Hard,32,C,,20180923,18,KD35,,,Thai-Son Kwiatkowski,R,188,USA,23.608,366,118,PB22,2,,Peter Polansky,R,183,CAN,30.272,113,478,7-6(5) 2-6 7-6(7),3,R16,154,13,2,104,64,44,21,16,4,9,12,3,111,57,42,27,16,6,9
2018-7318,Columbus,Hard,32,C,,20180923,19,MP01,3,,Michael Mmoh,R,188,USA,20.701,124,450,GA36,,,Emilio Gomez,R,185,ECU,26.82,380,111,6-3 6-2,3,R16,85,9,2,55,44,33,6,9,1,1,1,1,54,37,22,9,8,3,6
2018-7318,Columbus,Hard,32,C,,20180923,20,KE73,5,,Dominik Koepfer,L,180,GER,24.402,178,312,MW84,,,John McNally,R,183,USA,19.932,1162,6,6-4 4-6 6-4,3,R16,163,5,6,105,68,44,21,15,8,11,13,6,112,69,47,19,15,8,12
2018-7318,Columbus,Hard,32,C,,20180923,21,P09Z,6,,Alexei Popyrin,R,196,AUS,19.135,193,291,D916,,,Steven Diez,R,175,CAN,27.521,330,142,6-3 7-5,3,R16,100,5,3,71,41,30,16,11,2,3,4,5,61,36,23,15,10,3,6
2018-7318,Columbus,Hard,32,C,,20180923,22,Q941,7,,Roberto Quiroz,L,193,ECU,26.582,213,262,PL56,,,Tommy Paul,R,185,USA,21.352,355,126,7-6(4) 3-6 7-6(6),3,R16,154,9,1,107,69,51,20,16,8,12,21,4,108,70,52,20,17,0,3
2018-7318,Columbus,Hard,32,C,,20180923,23,SM09,,,Luke Saville,R,188,AUS,24.723,488,72,H896,,,Jose Hernandez-Fernandez,R,183,DOM,28.531,276,192,6-4 2-6 7-5,3,R16,132,4,0,75,40,32,16,15,1,6,3,5,94,62,39,15,15,4,9
2018-7318,Columbus,Hard,32,C,,20180923,24,TC12,,,Mikael Torpegaard,R,193,DEN,24.378,665,37,W09G,,,J.J. Wolf,R,183,USA,19.756,505,67,6-1 6-4,3,R16,67,2,0,43,32,25,5,8,3,4,0,2,61,37,21,8,9,2,7
2018-7318,Columbus,Hard,32,C,,20180923,25,TC61,1,,Jordan Thompson,R,183,AUS,24.427,111,485,KE73,5,,Dominik Koepfer,L,180,GER,24.402,178,312,4-6 6-1 6-3,3,QF,145,6,0,75,57,43,10,13,3,4,5,6,107,75,47,13,13,10,14
2018-7318,Columbus,Hard,32,C,,20180923,26,MP01,3,,Michael Mmoh,R,188,USA,20.701,124,450,P09Z,6,,Alexei Popyrin,R,196,AUS,19.135,193,291,6-4 6-3,3,QF,98,6,1,63,47,36,7,10,2,3,4,2,64,39,25,12,9,4,7
2018-7318,Columbus,Hard,32,C,,20180923,27,Q941,7,,Roberto Quiroz,L,193,ECU,26.582,213,262,SM09,,,Luke Saville,R,188,AUS,24.723,488,72,6-3 6-1,3,QF,87,5,1,57,32,25,13,8,6,7,2,1,50,24,11,12,8,5,10
2018-7318,Columbus,Hard,32,C,,20180923,28,TC12,,,Mikael Torpegaard,R,193,DEN,24.378,665,37,KD35,,,Thai-Son Kwiatkowski,R,188,USA,23.608,366,118,6-4 6-2,3,QF,78,10,6,62,39,32,10,9,5,5,5,2,55,30,22,11,9,4,7
2018-7318,Columbus,Hard,32,C,,20180923,29,TC61,1,,Jordan Thompson,R,183,AUS,24.427,111,485,Q941,7,,Roberto Quiroz,L,193,ECU,26.582,213,262,5-7 7-6(4) 7-6(4),3,SF,172,4,2,123,91,62,23,18,8,10,17,0,114,80,61,20,18,4,5
2018-7318,Columbus,Hard,32,C,,20180923,30,MP01,3,,Michael Mmoh,R,188,USA,20.701,124,450,TC12,,,Mikael Torpegaard,R,193,DEN,24.378,665,37,7-5 6-3,3,SF,94,2,1,61,45,34,12,11,0,0,7,4,74,46,30,14,10,9,11
2018-7318,Columbus,Hard,32,C,,20180923,31,MP01,3,,Michael Mmoh,R,188,USA,20.701,124,450,TC61,1,,Jordan Thompson,R,183,AUS,24.427,111,485,6-3 7-6(4),3,F,106,4,4,54,39,30,7,10,1,3,4,1,81,59,32,11,11,4,8
2018-1768,Tiburon,Hard,32,C,,20180930,1,G710,1,,Marcel Granollers,R,191,ESP,32.468,104,536,KB37,,,Evan King,L,185,USA,26.516,263,200,6-2 7-5,3,R32,86,8,1,58,37,29,14,10,3,3,0,0,64,43,25,12,10,4,7
2018-1768,Tiburon,Hard,32,C,,20180930,2,A853,,,Marcelo Arevalo,R,191,ESA,27.953,192,294,TC61,2,,Jordan Thompson,R,183,AUS,24.446,106,533,2-6 7-6(2) 7-6(5),3,R32,152,6,10,108,60,41,23,16,3,8,3,6,114,86,52,17,16,3,6
2018-1768,Tiburon,Hard,32,C,,20180930,3,PB22,3,,Peter Polansky,R,183,CAN,30.292,120,457,F974,,,Tom Fawcett,R,196,USA,22.951,552,57,6-4 6-4,3,R32,94,1,4,71,33,22,20,10,3,5,11,2,75,52,32,8,10,6,10
2018-1768,Tiburon,Hard,32,C,,20180930,4,PL56,,,Tommy Paul,R,185,USA,21.372,343,133,L949,4,,Henri Laaksonen,R,185,SUI,26.5,128,441,6-4 6-3,3,R32,69,5,2,59,27,22,18,10,3,5,4,2,67,38,25,12,9,2,6
2018-1768,Tiburon,Hard,32,C,,20180930,5,MP01,5,,Michael Mmoh,R,188,USA,20.72,108,522,KC86,,,Darian King,R,188,BAR,26.428,188,298,6-2 6-4,3,R32,77,2,2,50,27,21,14,9,2,3,1,4,55,36,24,5,9,2,6
2018-1768,Tiburon,Hard,32,C,,20180930,6,RC96,6,,Noah Rubin,R,175,USA,22.606,138,414,D776,,,Thiemo de Bakker,R,193,NED,30.029,237,241,6-0 6-0,3,R32,46,4,3,41,23,19,9,6,3,3,0,2,39,19,7,4,6,0,6
2018-1768,Tiburon,Hard,32,C,,20180930,7,P09Z,,,Alexei Popyrin,R,196,AUS,19.154,186,303,PG94,7,,Marc Polmans,R,188,AUS,21.413,165,347,6-4 6-4,3,R32,97,5,4,78,48,31,12,10,5,8,0,5,66,40,20,12,10,4,9
2018-1768,Tiburon,Hard,32,C,,20180930,8,F811,8,,Bjorn Fratangelo,R,183,USA,25.199,175,322,KD70,,,Pedja Krstin,R,183,SRB,24.074,176,320,6-0 6-3,3,R32,60,5,0,36,19,18,10,7,0,0,2,5,63,33,19,12,8,6,11
2018-1768,Tiburon,Hard,32,C,,20180930,9,AB71,,,JC Aragone,R,178,USA,23.258,248,220,CI14,,,Jay Clarke,R,183,GBR,20.178,178,314,6-2 7-6(5),3,R32,77,7,1,60,37,30,15,10,3,4,4,3,64,36,27,13,10,4,7
2018-1768,Tiburon,Hard,32,C,,20180930,10,D994,,,James Duckworth,R,183,AUS,26.691,289,176,SL07,,,Alexander Sarkissian,R,191,USA,28.493,339,136,7-6(1) 6-4,3,R32,103,11,2,90,44,32,30,11,5,5,4,2,71,36,25,21,11,2,3
2018-1768,Tiburon,Hard,32,C,,20180930,11,E873,,,Ernesto Escobedo,R,185,MEX,22.24,234,244,O340,,,Roberto Ortega-Olmedo,R,168,ESP,27.42,327,145,6-1 7-6(2),3,R32,90,9,3,66,36,29,16,10,6,7,4,3,73,44,24,16,9,5,8
2018-1768,Tiburon,Hard,32,C,,20180930,12,E865,,,Christopher Eubanks,R,201,USA,22.404,223,254,Q941,,,Roberto Quiroz,L,193,ECU,26.601,198,284,7-6(4) 7-6(4),3,R32,92,12,5,80,48,38,16,12,1,3,4,4,85,55,41,13,12,4,6
2018-1768,Tiburon,Hard,32,C,,20180930,13,H09P,,,Brandon Holt,R,185,USA,20.485,803,23,D916,,,Steven Diez,R,175,CAN,27.54,341,134,6-3 7-6(4),3,R32,92,7,0,72,48,31,17,11,1,3,2,1,70,40,28,14,10,6,9
2018-1768,Tiburon,Hard,32,C,,20180930,14,I306,,,Cem Ilkel,R,185,TUR,23.11,244,227,MO55,,,Lucas Miedler,R,183,AUT,22.275,213,264,4-6 6-4 6-3,3,R32,125,11,2,92,61,43,18,15,5,7,6,2,99,53,34,25,14,4,7
2018-1768,Tiburon,Hard,32,C,,20180930,15,SJ55,,,John-Patrick Smith,L,188,AUS,29.681,252,217,MO44,,,Pedro Martinez,R,185,ESP,21.429,174,323,6-4 6-2,3,R32,90,2,1,61,41,26,8,9,4,7,0,8,77,45,22,12,9,6,12
2018-1768,Tiburon,Hard,32,C,,20180930,16,TC12,,,Mikael Torpegaard,R,193,DEN,24.397,505,66,BH87,,,Maverick Banes,R,,AUS,26.472,218,258,6-4 6-2,3,R32,64,8,2,49,35,30,7,9,0,0,4,3,57,32,20,13,9,3,6
2018-1768,Tiburon,Hard,32,C,,20180930,17,G710,1,,Marcel Granollers,R,191,ESP,32.468,104,536,I306,,,Cem Ilkel,R,185,TUR,23.11,244,227,6-2 7-5,3,R16,105,7,3,59,32,27,15,10,0,0,3,2,92,55,32,19,10,8,11
2018-1768,Tiburon,Hard,32,C,,20180930,18,E865,,,Christopher Eubanks,R,201,USA,22.404,223,254,PB22,3,,Peter Polansky,R,183,CAN,30.292,120,457,6-3 6-3,3,R16,57,9,2,46,31,23,11,9,0,1,2,5,62,34,21,14,9,3,7
2018-1768,Tiburon,Hard,32,C,,20180930,19,MP01,5,,Michael Mmoh,R,188,USA,20.72,108,522,E873,,,Ernesto Escobedo,R,185,MEX,22.24,234,244,6-2 3-0 RET,3,R16,63,2,2,39,24,14,9,5,4,5,3,1,41,24,12,5,6,3,8
2018-1768,Tiburon,Hard,32,C,,20180930,20,RC96,6,,Noah Rubin,R,175,USA,22.606,138,414,AB71,,,JC Aragone,R,178,USA,23.258,248,220,7-6(3) 6-4,3,R16,97,4,2,67,40,28,19,11,0,2,5,4,85,53,36,14,11,5,8
2018-1768,Tiburon,Hard,32,C,,20180930,21,SJ55,,,John-Patrick Smith,L,188,AUS,29.681,252,217,F811,8,,Bjorn Fratangelo,R,183,USA,25.199,175,322,1-6 6-4 6-2,3,R16,99,2,1,82,55,33,16,13,3,7,3,3,78,52,36,9,12,3,7
2018-1768,Tiburon,Hard,32,C,,20180930,22,A853,,,Marcelo Arevalo,R,191,ESA,27.953,192,294,TC12,,,Mikael Torpegaard,R,193,DEN,24.397,505,66,6-3 0-6 6-3,3,R16,88,5,1,73,53,37,9,12,2,5,9,3,73,38,31,16,12,4,7
2018-1768,Tiburon,Hard,32,C,,20180930,23,D994,,,James Duckworth,R,183,AUS,26.691,289,176,P09Z,,,Alexei Popyrin,R,196,AUS,19.154,186,303,4-6 7-6(2) 7-6(6),3,R16,145,12,4,103,55,49,27,17,4,7,9,7,121,64,45,34,17,8,10
2018-1768,Tiburon,Hard,32,C,,20180930,24,PL56,,,Tommy Paul,R,185,USA,21.372,343,133,H09P,,,Brandon Holt,R,185,USA,20.485,803,23,5-0 RET,3,R16,16,4,0,8,6,6,2,2,0,0,0,0,16,12,3,1,3,1,4
2018-1768,Tiburon,Hard,32,C,,20180930,25,G710,1,,Marcel Granollers,R,191,ESP,32.468,104,536,SJ55,,,John-Patrick Smith,L,188,AUS,29.681,252,217,6-2 6-3,3,QF,69,5,3,46,32,27,7,8,0,0,2,0,61,42,25,6,9,2,6
2018-1768,Tiburon,Hard,32,C,,20180930,26,MP01,5,,Michael Mmoh,R,188,USA,20.72,108,522,PL56,,,Tommy Paul,R,185,USA,21.372,343,133,7-6(7) 2-6 6-3,3,QF,156,2,7,132,96,57,16,15,9,14,4,5,89,48,36,19,14,2,6
2018-1768,Tiburon,Hard,32,C,,20180930,27,RC96,6,,Noah Rubin,R,175,USA,22.606,138,414,E865,,,Christopher Eubanks,R,201,USA,22.404,223,254,6-4 6-3,3,QF,65,1,5,49,27,20,12,9,0,2,4,1,74,46,27,11,10,6,11
2018-1768,Tiburon,Hard,32,C,,20180930,28,D994,,,James Duckworth,R,183,AUS,26.691,289,176,A853,,,Marcelo Arevalo,R,191,ESA,27.953,192,294,7-5 6-3,3,QF,88,13,3,64,30,25,17,11,4,6,3,7,70,42,28,11,10,5,9
2018-1768,Tiburon,Hard,32,C,,20180930,29,G710,1,,Marcel Granollers,R,191,ESP,32.468,104,536,RC96,6,,Noah Rubin,R,175,USA,22.606,138,414,6-2 6-2,3,SF,73,3,2,54,33,23,12,8,4,5,0,4,47,28,15,6,8,2,7
2018-1768,Tiburon,Hard,32,C,,20180930,30,MP01,5,,Michael Mmoh,R,188,USA,20.72,108,522,D994,,,James Duckworth,R,183,AUS,26.691,289,176,6-3 3-6 6-3,3,SF,122,2,0,74,52,36,13,13,2,5,3,5,101,38,23,33,14,11,16
2018-1768,Tiburon,Hard,32,C,,20180930,31,MP01,5,,Michael Mmoh,R,188,USA,20.72,108,522,G710,1,,Marcel Granollers,R,191,ESP,32.468,104,536,6-3 7-5,3,F,109,4,3,69,46,36,15,11,5,5,6,3,83,46,34,16,10,9,11
2018-2273,Orleans,Hard,32,C,,20180930,1,BH09,,,Aljaz Bedene,R,183,SLO,29.202,78,725,LA93,,,Enrique Lopez Perez,R,180,ESP,27.326,163,355,6-3 6-4,3,R32,60,13,3,47,35,31,9,10,0,0,5,4,53,27,24,10,9,2,4
2018-2273,Orleans,Hard,32,C,,20180930,2,V717,,,Alexey Vatutin,R,178,RUS,25.925,179,314,MU94,3,,Jaume Munar,R,183,ESP,21.405,82,698,6-4 6-4,3,R32,88,1,7,78,57,36,9,10,4,6,2,3,72,39,21,17,10,10,14
2018-2273,Orleans,Hard,32,C,,20180930,3,SU87,4,,Lorenzo Sonego,R,191,ITA,23.389,89,646,SK51,,,Tobias Simon,R,198,GER,27.37,432,88,6-3 6-7(5) 6-3,3,R32,118,9,3,91,66,53,15,16,3,5,12,8,104,71,48,14,14,6,10
2018-2273,Orleans,Hard,32,C,,20180930,4,MW02,5,,Corentin Moutet,L,180,FRA,19.45,107,527,O449,,,Oscar Otte,R,193,GER,25.207,194,289,7-6(3) 6-7(2) 6-4,3,R32,146,0,5,119,72,48,24,17,10,14,12,9,115,67,49,19,17,5,10
2018-2273,Orleans,Hard,32,C,,20180930,5,HH26,6,,Ugo Humbert,L,188,FRA,20.263,110,505,J620,,,Maxime Janvier,R,196,FRA,21.949,272,189,6-4 6-7(4) 6-4,3,R32,126,6,1,95,54,43,27,16,2,2,1,1,104,67,47,21,16,4,6
2018-2273,Orleans,Hard,32,C,,20180930,6,D750,,,Kenny De Schepper,L,203,FRA,31.34,215,259,MH16,7,,Yannick Maden,R,185,GER,28.923,112,495,6-0 6-4,3,R32,81,2,2,46,33,22,7,8,0,2,2,4,68,35,19,11,8,7,13
2018-2273,Orleans,Hard,32,C,,20180930,7,HB64,,,Quentin Halys,R,191,FRA,21.927,146,404,Z254,8,,Jurgen Zopp,R,191,EST,30.505,124,452,6-4 1-6 6-3,3,R32,100,9,6,92,52,37,19,13,7,10,5,3,76,48,35,13,13,2,5
2018-2273,Orleans,Hard,32,C,,20180930,8,BK24,,,Gregoire Barrere,R,183,FRA,24.619,152,377,RC91,,,Arthur Rinderknech,R,196,FRA,23.19,481,72,2-6 6-3 6-2,3,R32,98,9,1,72,45,35,16,13,3,5,10,0,86,53,33,18,12,9,12
2018-2273,Orleans,Hard,32,C,,20180930,9,BC72,,,Daniel Brands,R,196,GER,31.206,199,283,R612,,,Stephane Robert,R,185,FRA,38.371,159,361,6-4 6-4,3,R32,71,8,0,56,41,34,7,10,3,3,6,3,77,35,26,20,10,8,10
2018-2273,Orleans,Hard,32,C,,20180930,10,GJ37,,,Tallon Griekspoor,R,188,NED,22.245,196,286,M873,,,Nicolas Mahut,R,191,FRA,36.69,161,359,6-3 6-4,3,R32,69,7,2,60,44,36,8,10,5,5,3,5,62,42,30,8,9,3,5
2018-2273,Orleans,Hard,32,C,,20180930,11,HA71,,,Antoine Hoang,R,183,FRA,22.905,193,292,C0AZ,,,Antoine Cornut-Chauvinc,R,188,FRA,18.231,593,48,6-4 2-6 6-2,3,R32,133,4,8,96,70,46,11,13,9,12,9,7,112,66,39,22,13,8,12
2018-2273,Orleans,Hard,32,C,,20180930,12,LB66,,,Constant Lestienne,R,180,FRA,26.355,158,366,V942,,,Tim van Rijthoven,R,188,NED,21.435,470,75,7-6(8) 6-1,3,R32,86,7,5,76,37,32,16,10,2,4,3,4,63,37,22,14,9,4,8
2018-2273,Orleans,Hard,32,C,,20180930,13,RH24,,,Emil Ruusuvuori,R,188,FIN,19.496,388,105,KH56,,,Zdenek Kolar,R,183,CZE,21.974,228,250,6-3 6-3,3,R32,72,2,2,60,42,29,11,9,2,3,5,6,66,40,27,7,9,2,6
2018-2273,Orleans,Hard,32,C,,20180930,14,SC77,,,Sergiy Stakhovsky,R,193,UKR,32.731,148,394,W597,,,Tak Khunn Wang,R,175,FRA,26.965,468,76,7-5 7-6(5),3,R32,95,16,2,70,48,38,10,12,2,4,1,2,75,39,24,23,12,4,7
2018-2273,Orleans,Hard,32,C,,20180930,15,V495,,,Luca Vanni,R,198,ITA,33.322,167,342,GB93,,,Norbert Gombos,R,193,SVK,28.131,182,305,3-6 6-3 7-6(7),3,R32,118,9,4,97,61,43,19,15,1,4,6,3,96,56,46,14,15,2,5
2018-2273,Orleans,Hard,32,C,,20180930,16,Y218,,,Elias Ymer,R,185,SWE,22.472,132,427,N670,,,Hugo Nys,R,183,MON,27.619,1208,5,6-2 7-6(0),3,R32,84,0,2,61,33,25,21,10,1,1,3,4,69,39,30,12,10,4,6
2018-2273,Orleans,Hard,32,C,,20180930,17,BH09,,,Aljaz Bedene,R,183,SLO,29.202,78,725,LB66,,,Constant Lestienne,R,180,FRA,26.355,158,366,6-4 3-6 6-3,3,R16,112,10,2,95,54,40,23,14,8,9,6,5,83,44,32,22,14,5,7
2018-2273,Orleans,Hard,32,C,,20180930,18,Y218,,,Elias Ymer,R,185,SWE,22.472,132,427,SU87,4,,Lorenzo Sonego,R,191,ITA,23.389,89,646,7-6(7) 6-3,3,R16,111,4,1,86,52,39,18,11,9,11,2,5,74,42,29,15,10,6,9
2018-2273,Orleans,Hard,32,C,,20180930,19,GJ37,,,Tallon Griekspoor,R,188,NED,22.245,196,286,MW02,5,,Corentin Moutet,L,180,FRA,19.45,107,527,6-4 6-3,3,R16,82,2,1,61,35,25,16,10,5,6,2,6,65,35,19,19,9,6,9
2018-2273,Orleans,Hard,32,C,,20180930,20,BC72,,,Daniel Brands,R,196,GER,31.206,199,283,HH26,6,,Ugo Humbert,L,188,FRA,20.263,110,505,6-2 3-6 6-3,3,R16,87,9,2,72,58,43,8,13,0,1,9,4,75,51,37,11,13,3,6
2018-2273,Orleans,Hard,32,C,,20180930,21,D750,,,Kenny De Schepper,L,203,FRA,31.34,215,259,RH24,,,Emil Ruusuvuori,R,188,FIN,19.496,388,105,6-4 7-6(2),3,R16,92,8,0,63,46,33,11,11,2,4,5,3,76,48,31,12,11,3,6
2018-2273,Orleans,Hard,32,C,,20180930,22,HA71,,,Antoine Hoang,R,183,FRA,22.905,193,292,BK24,,,Gregoire Barrere,R,183,FRA,24.619,152,377,6-3 6-3,3,R16,70,5,1,54,36,27,10,9,0,0,6,4,59,31,25,9,9,7,10
2018-2273,Orleans,Hard,32,C,,20180930,23,SC77,,,Sergiy Stakhovsky,R,193,UKR,32.731,148,394,HB64,,,Quentin Halys,R,191,FRA,21.927,146,404,7-5 3-6 7-6(4),3,R16,125,4,2,90,50,37,24,16,3,6,16,12,113,65,48,22,17,4,7
2018-2273,Orleans,Hard,32,C,,20180930,24,V495,,,Luca Vanni,R,198,ITA,33.322,167,342,V717,,,Alexey Vatutin,R,178,RUS,25.925,179,314,6-3 6-4,3,R16,77,7,1,56,35,26,12,9,5,6,1,5,66,43,27,8,10,4,8
2018-2273,Orleans,Hard,32,C,,20180930,25,BH09,,,Aljaz Bedene,R,183,SLO,29.202,78,725,SC77,,,Sergiy Stakhovsky,R,193,UKR,32.731,148,394,7-6(7) 6-4,3,QF,110,6,1,78,42,33,21,11,4,5,10,3,88,49,38,16,11,7,9
2018-2273,Orleans,Hard,32,C,,20180930,26,D750,,,Kenny De Schepper,L,203,FRA,31.34,215,259,Y218,,,Elias Ymer,R,185,SWE,22.472,132,427,7-6(3) 7-5,3,QF,117,6,3,90,67,47,13,12,8,9,4,2,75,44,31,18,12,2,4
2018-2273,Orleans,Hard,32,C,,20180930,27,HA71,,,Antoine Hoang,R,183,FRA,22.905,193,292,BC72,,,Daniel Brands,R,196,GER,31.206,199,283,6-3 6-1,3,QF,63,2,2,46,32,26,8,8,2,2,5,2,56,40,22,7,8,3,7
2018-2273,Orleans,Hard,32,C,,20180930,28,V495,,,Luca Vanni,R,198,ITA,33.322,167,342,GJ37,,,Tallon Griekspoor,R,188,NED,22.245,196,286,6-3 6-4,3,QF,63,8,2,48,31,24,10,9,2,3,4,4,57,38,24,7,10,4,8
2018-2273,Orleans,Hard,32,C,,20180930,29,BH09,,,Aljaz Bedene,R,183,SLO,29.202,78,725,D750,,,Kenny De Schepper,L,203,FRA,31.34,215,259,6-1 7-6(6),3,SF,83,7,1,62,33,28,20,10,3,3,8,3,59,41,26,11,9,1,3
2018-2273,Orleans,Hard,32,C,,20180930,30,HA71,,,Antoine Hoang,R,183,FRA,22.905,193,292,V495,,,Luca Vanni,R,198,ITA,33.322,167,342,6-2 7-6(5),3,SF,85,4,1,62,47,34,9,10,2,3,5,3,66,42,25,12,10,3,6
2018-2273,Orleans,Hard,32,C,,20180930,31,BH09,,,Aljaz Bedene,R,183,SLO,29.202,78,725,HA71,,,Antoine Hoang,R,183,FRA,22.905,193,292,4-6 6-1 7-6(6),3,F,154,7,1,115,61,46,23,14,10,14,3,5,91,63,42,9,15,2,8
2018-3351,Stockton,Hard,32,C,,20181007,1,TC61,1,,Jordan Thompson,R,183,AUS,24.465,106,533,K0A3,,,Patrick Kypson,R,188,USA,18.943,691,34,6-2 6-2,3,R32,69,4,2,52,37,29,4,8,4,5,1,3,45,26,12,9,8,3,8
2018-3351,Stockton,Hard,32,C,,20181007,2,J620,,,Maxime Janvier,R,196,FRA,21.969,272,189,O522,2,,Reilly Opelka,R,211,USA,21.109,129,445,6-7(4) 6-4 6-4,3,R32,122,11,5,93,48,43,26,16,2,3,32,9,103,63,53,16,16,6,9
2018-3351,Stockton,Hard,32,C,,20181007,3,BI23,,,Liam Broady,L,183,GBR,24.756,274,187,L949,3,,Henri Laaksonen,R,185,SUI,26.519,159,351,3-6 6-4 6-4,3,R32,125,3,4,90,57,38,17,15,6,10,12,5,103,62,40,18,14,8,12
2018-3351,Stockton,Hard,32,C,,20181007,4,HG86,4,,Lloyd Harris,R,193,RSA,21.615,121,459,KE73,,,Dominik Koepfer,L,180,GER,24.441,172,327,6-3 6-4,3,R32,77,5,2,57,38,27,13,10,1,2,0,2,69,47,28,10,9,6,9
2018-3351,Stockton,Hard,32,C,,20181007,5,RH16,5,,Casper Ruud,R,183,NOR,19.792,135,421,CH12,,,Jan Choinski,R,196,GBR,22.324,258,201,6-3 6-0,3,R32,56,5,0,38,26,23,9,8,0,0,2,1,52,34,19,6,7,5,9
2018-3351,Stockton,Hard,32,C,,20181007,6,RC96,6,,Noah Rubin,R,175,USA,22.626,127,447,B0CD,,,Jenson Brooksby,R,193,USA,17.947,1572,2,6-2 6-4,3,R32,85,2,3,62,32,18,20,9,5,7,1,0,71,46,26,8,9,8,13
2018-3351,Stockton,Hard,32,C,,20181007,7,BI81,7,,Alex Bolt,L,183,AUS,25.752,158,359,F974,,,Tom Fawcett,R,196,USA,22.971,592,47,6-4 6-1,3,R32,102,4,2,84,48,34,14,8,9,10,3,7,70,38,22,13,9,6,11
2018-3351,Stockton,Hard,32,C,,20181007,8,PG94,8,,Marc Polmans,R,188,AUS,21.432,161,347,CI14,,,Jay Clarke,R,183,GBR,20.197,180,314,6-3 6-0,3,R32,74,3,1,52,38,27,9,8,0,0,0,1,45,25,14,7,7,0,4
2018-3351,Stockton,Hard,32,C,,20181007,9,BT45,,,William Blumberg,R,188,USA,20.695,1145,6,AB71,,,JC Aragone,R,178,USA,23.277,241,228,3-6 6-2 6-2,3,R32,100,3,2,61,38,30,10,12,1,4,3,3,83,49,30,13,13,7,13
2018-3351,Stockton,Hard,32,C,,20181007,10,E865,,,Christopher Eubanks,R,201,USA,22.423,206,271,I306,,,Cem Ilkel,R,185,TUR,23.129,234,239,6-4 7-6(4),3,R32,72,20,7,75,53,45,10,11,2,2,5,1,69,43,34,14,11,0,1
2018-3351,Stockton,Hard,32,C,,20181007,11,E687,,,Daniel Evans,R,175,GBR,28.375,214,257,D994,,,James Duckworth,R,183,AUS,26.71,254,209,6-2 6-2,3,R32,58,4,1,40,23,23,10,8,0,0,4,2,46,25,14,10,8,1,5
2018-3351,Stockton,Hard,32,C,,20181007,12,KC86,,,Darian King,R,188,BAR,26.448,189,298,H0CE,,,Philip Hjorth,,,DEN,19.595,,,6-1 6-1,3,R32,44,1,1,32,26,25,3,7,0,0,0,5,39,22,10,4,7,0,5
2018-3351,Stockton,Hard,32,C,,20181007,13,KC12,,,Mitchell Krueger,R,188,USA,24.734,255,206,SJ55,,,John-Patrick Smith,L,188,AUS,29.7,236,234,3-6 6-3 6-4,3,R32,113,3,6,85,52,37,12,14,0,4,5,0,80,63,36,12,14,1,6
2018-3351,Stockton,Hard,32,C,,20181007,14,KD35,,,Thai-Son Kwiatkowski,R,188,USA,23.647,334,136,MO55,,,Lucas Miedler,R,183,AUT,22.294,211,264,3-6 7-6(5) 6-4,3,R32,156,7,4,102,60,46,20,15,10,13,4,8,125,72,52,24,16,10,13
2018-3351,Stockton,Hard,32,C,,20181007,15,SL07,,,Alexander Sarkissian,R,191,USA,28.512,328,141,BH87,,,Maverick Banes,R,,AUS,26.491,244,223,6-4 6-7(4) 6-1,3,R32,156,5,3,107,55,40,26,15,9,12,2,5,102,53,35,24,14,9,15
2018-3351,Stockton,Hard,32,C,,20181007,16,U120,,,Kaichi Uchida,R,180,JPN,24.123,289,175,PL56,,,Tommy Paul,R,185,USA,21.391,313,150,6-1 6-7(3) 6-0,3,R32,100,4,4,74,49,42,15,13,3,3,13,1,76,50,30,15,12,5,10
2018-3351,Stockton,Hard,32,C,,20181007,17,TC61,1,,Jordan Thompson,R,183,AUS,24.465,106,533,U120,,,Kaichi Uchida,R,180,JPN,24.123,289,175,4-6 6-3 6-1,3,R16,123,4,3,83,54,36,16,13,4,7,3,4,82,40,27,16,13,4,10
2018-3351,Stockton,Hard,32,C,,20181007,18,HG86,4,,Lloyd Harris,R,193,RSA,21.615,121,459,KD35,,,Thai-Son Kwiatkowski,R,188,USA,23.647,334,136,6-2 6-4,3,R16,63,5,0,42,25,20,13,9,0,1,1,5,59,34,20,11,9,4,8
2018-3351,Stockton,Hard,32,C,,20181007,19,E865,,,Christopher Eubanks,R,201,USA,22.423,206,271,RH16,5,,Casper Ruud,R,183,NOR,19.792,135,421,6-1 7-6(8),3,R16,78,15,4,74,48,40,10,10,3,3,5,0,66,47,32,8,9,3,5
2018-3351,Stockton,Hard,32,C,,20181007,20,RC96,6,,Noah Rubin,R,175,USA,22.626,127,447,BT45,,,William Blumberg,R,188,USA,20.695,1145,6,6-1 4-6 6-4,3,R16,105,3,3,87,54,35,17,14,4,9,1,3,78,39,20,17,13,5,12
2018-3351,Stockton,Hard,32,C,,20181007,21,KC86,,,Darian King,R,188,BAR,26.448,189,298,BI81,7,,Alex Bolt,L,183,AUS,25.752,158,359,6-4 6-3,3,R16,85,1,0,61,43,31,10,10,4,5,1,3,67,38,27,11,9,9,12
2018-3351,Stockton,Hard,32,C,,20181007,22,PG94,8,,Marc Polmans,R,188,AUS,21.432,161,347,KC12,,,Mitchell Krueger,R,188,USA,24.734,255,206,6-7(4) 6-4 6-3,3,R16,171,3,4,95,59,41,24,15,6,8,6,2,114,78,45,21,16,5,10
2018-3351,Stockton,Hard,32,C,,20181007,23,BI23,,,Liam Broady,L,183,GBR,24.756,274,187,E687,,,Daniel Evans,R,175,GBR,28.375,214,257,6-0 6-7(3) 6-4,3,R16,144,1,4,84,48,36,24,14,5,6,2,8,93,50,33,18,14,3,8
2018-3351,Stockton,Hard,32,C,,20181007,24,J620,,,Maxime Janvier,R,196,FRA,21.969,272,189,SL07,,,Alexander Sarkissian,R,191,USA,28.512,328,141,7-6(1) 6-0,3,R16,90,3,6,68,41,33,14,9,3,3,1,1,59,43,23,8,9,1,4
2018-3351,Stockton,Hard,32,C,,20181007,25,TC61,1,,Jordan Thompson,R,183,AUS,24.465,106,533,RC96,6,,Noah Rubin,R,175,USA,22.626,127,447,6-7(4) 7-6(2) 6-3,3,QF,154,13,2,103,79,61,12,17,2,3,6,5,116,73,51,21,16,10,12
2018-3351,Stockton,Hard,32,C,,20181007,26,HG86,4,,Lloyd Harris,R,193,RSA,21.615,121,459,E865,,,Christopher Eubanks,R,201,USA,22.423,206,271,6-7(6) 6-4 6-3,3,QF,111,18,1,97,66,54,19,16,3,3,6,12,100,59,46,21,15,4,6
2018-3351,Stockton,Hard,32,C,,20181007,27,PG94,8,,Marc Polmans,R,188,AUS,21.432,161,347,BI23,,,Liam Broady,L,183,GBR,24.756,274,187,4-6 6-4 6-2,3,QF,136,4,3,83,60,38,8,14,4,10,3,5,86,54,29,11,14,2,10
2018-3351,Stockton,Hard,32,C,,20181007,28,J620,,,Maxime Janvier,R,196,FRA,21.969,272,189,KC86,,,Darian King,R,188,BAR,26.448,189,298,7-5 5-7 7-6(3),3,QF,158,0,6,115,70,48,17,18,6,12,0,2,119,77,42,25,18,5,11
2018-3351,Stockton,Hard,32,C,,20181007,29,HG86,4,,Lloyd Harris,R,193,RSA,21.615,121,459,TC61,1,,Jordan Thompson,R,183,AUS,24.465,106,533,7-6(6) 6-2,3,SF,101,15,2,77,48,39,13,10,5,5,2,0,73,55,37,8,10,2,4
2018-3351,Stockton,Hard,32,C,,20181007,30,PG94,8,,Marc Polmans,R,188,AUS,21.432,161,347,J620,,,Maxime Janvier,R,196,FRA,21.969,272,189,6-1 6-4,3,SF,67,0,1,47,35,26,7,9,0,1,4,2,52,33,19,7,8,1,5
2018-3351,Stockton,Hard,32,C,,20181007,31,HG86,4,,Lloyd Harris,R,193,RSA,21.615,121,459,PG94,8,,Marc Polmans,R,188,AUS,21.432,161,347,6-2 6-2,3,F,71,3,4,57,33,22,17,8,3,3,0,2,49,30,18,7,8,5,9
2018-6307,Campinas,Clay,32,C,,20181007,1,BV27,,,Ulises Blanch,R,188,USA,20.537,336,135,C882,1,,Pablo Cuevas,R,180,URU,32.764,66,805,6-4 6-7(4) 6-4,3,R32,133,11,3,99,50,40,30,16,0,1,10,6,110,51,42,30,16,10,13
2018-6307,Campinas,Clay,32,C,,20181007,2,D874,2,,Federico Delbonis,L,193,ARG,28.005,91,645,Z301,,,Alexander Zhurbin,L,178,RUS,26.73,365,114,6-4 6-0,3,R32,69,4,1,43,26,22,12,8,0,0,3,5,51,24,14,11,8,3,7
2018-6307,Campinas,Clay,32,C,,20181007,3,SX91,,,Thiago Seyboth Wild,R,185,BRA,18.576,453,79,DA31,3,,Hugo Dellien,R,180,BOL,25.309,105,534,6-1 5-7 6-4,3,R32,121,7,1,89,61,44,15,15,4,6,3,1,80,52,34,17,14,5,9
2018-6307,Campinas,Clay,32,C,,20181007,4,MJ08,4,,Thiago Monteiro,L,183,BRA,24.353,115,482,CG04,,,Pedro Cachin,R,185,ARG,23.488,260,200,6-4 6-2,3,R32,81,1,1,53,33,24,11,9,2,3,3,4,56,31,19,12,9,4,8
2018-6307,Campinas,Clay,32,C,,20181007,5,BD20,,,Thomaz Bellucci,L,188,BRA,30.771,262,198,LB84,5,,Juan Ignacio Londero,R,180,ARG,25.144,118,472,6-4 6-3,3,R32,85,7,0,66,46,32,10,10,4,6,2,2,64,33,20,13,9,5,9
2018-6307,Campinas,Clay,32,C,,20181007,6,BF23,6,,Facundo Bagnis,L,183,ARG,28.608,139,413,GA36,,,Emilio Gomez,R,185,ECU,26.858,357,118,6-4 4-6 6-1,3,R32,146,5,4,83,54,34,19,14,2,5,2,7,104,65,42,14,13,6,11
2018-6307,Campinas,Clay,32,C,,20181007,7,B884,7,,Carlos Berlocq,R,183,ARG,35.674,140,409,MJ98,,,Facundo Mena,R,183,ARG,26.04,957,13,6-3 6-1,3,R32,72,1,1,43,21,17,13,8,0,1,0,4,48,29,16,5,8,2,7
2018-6307,Campinas,Clay,32,C,,20181007,8,GD64,8,,Cristian Garin,R,185,CHI,22.355,141,408,CC32,,,Guilherme Clezar,R,180,BRA,25.766,207,269,6-7(5) 7-6(1) 6-4,3,R32,150,18,7,109,63,47,26,17,4,6,6,4,108,71,52,18,17,4,7
2018-6307,Campinas,Clay,32,C,,20181007,9,BS86,,,Tomas Barrios Vera,R,191,CHI,20.824,303,159,MO41,,,Rafael Matos,L,183,BRA,22.752,554,57,6-2 6-4,3,R32,79,1,1,54,33,20,18,9,2,3,0,1,60,37,20,11,9,4,8
2018-6307,Campinas,Clay,32,C,,20181007,10,CC66,,,Andrea Collarini,L,183,ARG,26.683,288,177,P0DF,,,Matheus Pucinelli De Almeida,R,183,BRA,17.517,1277,4,6-1 7-6(2),3,R32,108,5,6,79,38,28,26,9,7,7,2,2,70,45,30,9,10,12,15
2018-6307,Campinas,Clay,32,C,,20181007,11,CC98,,,Martin Cuevas,R,191,URU,26.73,310,154,CG07,,,Hernan Casanova,R,178,ARG,24.665,364,115,6-2 7-5,3,R32,73,8,2,47,19,16,21,10,1,2,0,0,56,35,21,10,10,3,7
2018-6307,Campinas,Clay,32,C,,20181007,12,SC73,,,Rogerio Dutra Silva,R,178,BRA,34.669,148,390,AC58,,,Nicolas Alvarez,R,185,PER,22.33,517,65,6-3 6-3,3,R32,86,5,3,73,38,26,19,9,4,5,0,1,47,29,15,9,9,2,6
2018-6307,Campinas,Clay,32,C,,20181007,13,G892,,,Alejandro Gonzalez,R,191,COL,29.662,349,124,A941,,,Facundo Arguello,R,178,ARG,26.174,268,194,6-3 7-6(3),3,R32,131,0,1,82,58,38,12,11,6,9,0,3,93,59,34,13,10,8,12
2018-6307,Campinas,Clay,32,C,,20181007,14,MW75,,,Felipe Meligeni Alves,R,185,BRA,20.63,643,40,CE77,,,Federico Coria,R,180,ARG,26.579,324,144,6-3 3-6 6-1,3,R32,114,3,2,81,55,42,9,13,3,5,0,3,91,59,33,18,12,7,11
2018-6307,Campinas,Clay,32,C,,20181007,15,O423,,,Fabrizio Ornago,R,191,ITA,26.453,373,109,SG64,,,Joao Souza,R,193,BRA,30.363,408,96,7-6(5) 7-6(6),3,R32,161,8,4,98,52,34,27,12,7,9,2,2,99,58,35,23,12,5,7
2018-6307,Campinas,Clay,32,C,,20181007,16,U182,,,Camilo Ugo Carabelli,R,185,ARG,19.307,368,112,E698,,,Gastao Elias,R,180,POR,27.869,153,371,6-4 6-2,3,R32,103,2,0,69,42,27,14,9,5,7,5,2,54,33,21,5,9,3,8
2018-6307,Campinas,Clay,32,C,,20181007,17,D874,2,,Federico Delbonis,L,193,ARG,28.005,91,645,SC73,,,Rogerio Dutra Silva,R,178,BRA,34.669,148,390,6-2 6-1,3,R16,62,3,5,49,33,27,8,8,2,2,0,0,44,27,14,8,7,4,8
2018-6307,Campinas,Clay,32,C,,20181007,18,MJ08,4,,Thiago Monteiro,L,183,BRA,24.353,115,482,CC66,,,Andrea Collarini,L,183,ARG,26.683,288,177,6-4 6-4,3,R16,83,6,1,58,43,36,8,10,0,0,1,2,60,31,21,16,10,1,3
2018-6307,Campinas,Clay,32,C,,20181007,19,BF23,6,,Facundo Bagnis,L,183,ARG,28.608,139,413,U182,,,Camilo Ugo Carabelli,R,185,ARG,19.307,368,112,6-3 7-5,3,R16,80,3,2,54,33,30,13,11,0,1,1,4,54,28,19,15,10,1,4
2018-6307,Campinas,Clay,32,C,,20181007,20,B884,7,,Carlos Berlocq,R,183,ARG,35.674,140,409,MW75,,,Felipe Meligeni Alves,R,185,BRA,20.63,643,40,6-3 7-6(2),3,R16,121,4,1,71,44,33,15,11,1,2,0,2,80,49,29,16,10,7,9
2018-6307,Campinas,Clay,32,C,,20181007,21,GD64,8,,Cristian Garin,R,185,CHI,22.355,141,408,G892,,,Alejandro Gonzalez,R,191,COL,29.662,349,124,6-3 6-1,3,R16,79,2,1,70,38,28,16,8,10,11,0,1,53,30,14,12,8,0,5
2018-6307,Campinas,Clay,32,C,,20181007,22,BD20,,,Thomaz Bellucci,L,188,BRA,30.771,262,198,BS86,,,Tomas Barrios Vera,R,191,CHI,20.824,303,159,7-5 4-6 7-6(0),3,R16,173,8,6,111,54,35,27,17,7,14,2,6,121,66,37,25,17,5,12
2018-6307,Campinas,Clay,32,C,,20181007,23,CC98,,,Martin Cuevas,R,191,URU,26.73,310,154,BV27,,,Ulises Blanch,R,188,USA,20.537,336,135,6-3 7-6(4),3,R16,77,7,5,67,32,27,21,11,4,5,3,5,66,37,30,12,10,4,6
2018-6307,Campinas,Clay,32,C,,20181007,24,SX91,,,Thiago Seyboth Wild,R,185,BRA,18.576,453,79,O423,,,Fabrizio Ornago,R,191,ITA,26.453,373,109,6-2 6-4,3,R16,96,6,1,71,41,25,17,9,6,8,1,2,62,38,23,8,9,2,7
2018-6307,Campinas,Clay,32,C,,20181007,25,D874,2,,Federico Delbonis,L,193,ARG,28.005,91,645,B884,7,,Carlos Berlocq,R,183,ARG,35.674,140,409,6-2 6-0,3,QF,81,2,2,43,31,25,5,7,0,0,0,3,67,35,20,10,7,8,13
2018-6307,Campinas,Clay,32,C,,20181007,26,MJ08,4,,Thiago Monteiro,L,183,BRA,24.353,115,482,BD20,,,Thomaz Bellucci,L,188,BRA,30.771,262,198,2-6 6-2 6-1,3,QF,116,6,1,79,52,35,13,12,5,8,1,5,81,44,25,16,11,9,14
2018-6307,Campinas,Clay,32,C,,20181007,27,BF23,6,,Facundo Bagnis,L,183,ARG,28.608,139,413,SX91,,,Thiago Seyboth Wild,R,185,BRA,18.576,453,79,7-6(3) 6-7(4) 6-3,3,QF,197,5,3,121,77,53,23,16,9,12,2,5,125,79,51,24,17,10,15
2018-6307,Campinas,Clay,32,C,,20181007,28,GD64,8,,Cristian Garin,R,185,CHI,22.355,141,408,CC98,,,Martin Cuevas,R,191,URU,26.73,310,154,6-4 6-3,3,QF,67,1,1,46,24,23,14,9,0,0,0,6,54,28,19,13,10,0,3
2018-6307,Campinas,Clay,32,C,,20181007,29,D874,2,,Federico Delbonis,L,193,ARG,28.005,91,645,MJ08,4,,Thiago Monteiro,L,183,BRA,24.353,115,482,6-0 6-7(3) 6-2,3,SF,125,10,4,89,64,44,14,13,5,7,2,5,79,46,31,12,13,1,8
2018-6307,Campinas,Clay,32,C,,20181007,30,GD64,8,,Cristian Garin,R,185,CHI,22.355,141,408,BF23,6,,Facundo Bagnis,L,183,ARG,28.608,139,413,6-1 6-1,3,SF,51,4,0,37,20,16,12,7,0,0,0,2,50,34,17,5,7,5,10
2018-6307,Campinas,Clay,32,C,,20181007,31,GD64,8,,Cristian Garin,R,185,CHI,22.355,141,408,D874,2,,Federico Delbonis,L,193,ARG,28.005,91,645,6-3 6-4,3,F,70,4,0,50,33,26,15,10,1,1,0,2,61,38,24,13,9,5,7
2018-7351,Monterrey,Hard,33,C,,20181007,1,G710,1,,Marcel Granollers,R,191,ESP,32.487,100,591,AB54,,,Harrison Adams,R,183,USA,24.37,649,39,6-4 6-4,3,R32,77,2,7,71,44,34,11,10,5,6,0,3,49,26,21,10,10,0,3
2018-7351,Monterrey,Hard,33,C,,20181007,2,M762,,,Jurgen Melzer,L,183,AUT,37.377,546,58,L503,3,,Paolo Lorenzi,R,183,ITA,36.81,113,493,7-5 6-3,3,R32,86,6,5,53,30,26,14,10,0,0,7,2,70,40,27,16,11,7,10
2018-7351,Monterrey,Hard,33,C,,20181007,3,P09O,,,Zsombor Piros,R,180,HUN,18.984,418,93,MB53,4,,Adrian Menendez-Maceiras,R,183,ESP,32.942,130,445,6-1 5-7 7-6(4),3,R32,134,3,2,108,69,46,23,16,4,7,13,5,87,49,37,18,15,1,5
2018-7351,Monterrey,Hard,33,C,,20181007,4,K336,5,,Ivo Karlovic,R,211,CRO,39.606,137,414,D776,,,Thiemo de Bakker,R,193,NED,30.048,233,241,7-6(6) 7-5,3,R32,93,17,2,69,46,39,16,12,0,0,7,1,79,51,38,15,12,4,5
2018-7351,Monterrey,Hard,33,C,,20181007,5,F401,6,,David Ferrer,R,175,ESP,36.515,147,390,KD46,,,Thanasi Kokkinakis,R,193,AUS,22.491,195,287,6-1 6-3,3,R32,63,3,1,49,34,27,6,8,0,1,4,5,45,26,18,3,8,4,9
2018-7351,Monterrey,Hard,33,C,,20181007,6,MI43,7,,Gerald Melzer,L,188,AUT,28.235,152,376,KB37,,,Evan King,L,185,USA,26.535,265,195,7-5 6-3,3,R32,78,8,2,72,37,28,23,11,6,6,7,0,48,31,25,9,10,0,2
2018-7351,Monterrey,Hard,33,C,,20181007,7,MO44,8,,Pedro Martinez,R,185,ESP,21.448,175,321,KD70,,,Pedja Krstin,R,183,SRB,24.093,176,320,1-6 7-6(4) 6-3,3,R32,130,8,7,100,63,46,16,15,9,13,7,8,92,48,41,18,13,5,7
2018-7351,Monterrey,Hard,33,C,,20181007,8,CF88,,,Roberto Cid Subervi,R,193,DOM,25.103,237,233,KB14,,,Kevin King,L,191,USA,27.606,257,204,6-4 2-6 6-4,3,R32,143,4,4,100,48,36,21,14,9,13,0,10,90,51,34,19,14,5,9
2018-7351,Monterrey,Hard,33,C,,20181007,9,E661,,,Gonzalo Escobar,L,178,ECU,29.711,441,82,BH02,,,Sekou Bangoura,R,183,USA,26.886,353,120,6-4 6-3,3,R32,105,3,2,79,54,36,17,11,1,2,3,0,65,44,34,9,10,4,6
2018-7351,Monterrey,Hard,33,C,,20181007,10,E661,,,Gonzalo Escobar,L,178,ECU,29.711,441,82,BH02,,,Sekou Bangoura,R,183,USA,26.886,353,120,6-4 6-3,3,R32,59,2,2,46,30,26,11,10,1,2,4,3,44,26,15,12,9,0,3
2018-7351,Monterrey,Hard,33,C,,20181007,11,E873,,,Ernesto Escobedo,R,185,MEX,22.259,220,252,VA70,,,Mate Valkusz,R,183,HUN,20.151,267,194,6-0 6-3,3,R32,54,6,4,38,22,19,10,7,1,1,3,6,60,41,23,5,8,5,10
2018-7351,Monterrey,Hard,33,C,,20181007,12,F811,,,Bjorn Fratangelo,R,183,USA,25.218,169,330,LG87,,,Gerardo Lopez Villasenor,R,191,MEX,23.406,739,29,6-3 6-2,3,R32,68,6,2,57,38,30,10,9,3,3,0,1,46,28,17,10,8,1,4
2018-7351,Monterrey,Hard,33,C,,20181007,13,G725,,,Santiago Giraldo,R,188,COL,30.861,412,95,KB12,,,Pavel Krainik,R,,CAN,26.023,633,41,6-4 6-4,3,R32,63,7,0,47,32,30,10,10,0,0,9,4,63,33,28,12,10,1,3
2018-7351,Monterrey,Hard,33,C,,20181007,14,GC87,,,Lucas Gomez,L,178,MEX,23.157,672,37,KE64,,,Stefan Kozlov,R,183,USA,20.679,245,219,6-2 6-4,3,R32,78,2,1,61,50,35,6,9,4,5,4,4,52,33,19,9,9,4,8
2018-7351,Monterrey,Hard,33,C,,20181007,15,O513,,,Sebastian Ofner,R,191,AUT,22.404,199,280,V824,,,Mario Vilella Martinez,R,178,ESP,23.264,242,226,6-1 6-2,3,R32,45,7,3,44,27,24,10,8,2,2,3,9,44,24,15,6,7,2,6
2018-7351,Monterrey,Hard,33,C,,20181007,16,Q941,,,Roberto Quiroz,L,193,ECU,26.62,197,284,A853,,,Marcelo Arevalo,R,191,ESA,27.973,183,311,6-7(8) 6-3 7-5,3,R32,118,10,5,98,58,50,27,17,1,1,14,2,91,66,54,14,16,3,5
2018-7351,Monterrey,Hard,33,C,,20181007,17,SP80,,,Nino Serdarusic,R,191,CRO,21.815,223,250,E224,,,Victor Estrella Burgos,R,170,DOM,38.179,302,161,6-3 6-1,3,R32,54,4,0,44,23,18,16,8,1,1,2,4,41,23,11,10,8,0,4
2018-7351,Monterrey,Hard,33,C,,20181007,18,G710,1,,Marcel Granollers,R,191,ESP,32.487,100,591,Q941,,,Roberto Quiroz,L,193,ECU,26.62,197,284,6-7(5) 7-6(3) 7-5,3,R16,155,3,2,106,64,57,24,18,0,0,4,4,116,71,54,26,18,6,7
2018-7351,Monterrey,Hard,33,C,,20181007,19,K336,5,,Ivo Karlovic,R,211,CRO,39.606,137,414,GC87,,,Lucas Gomez,L,178,MEX,23.157,672,37,3-6 6-3 7-6(4),3,R16,117,35,5,91,57,48,21,15,3,4,2,2,104,84,62,10,15,8,9
2018-7351,Monterrey,Hard,33,C,,20181007,20,F401,6,,David Ferrer,R,175,ESP,36.515,147,390,CF88,,,Roberto Cid Subervi,R,193,DOM,25.103,237,233,6-2 6-7(4) 6-2,3,R16,125,4,5,83,52,42,17,14,4,5,5,7,107,58,41,22,14,6,11
2018-7351,Monterrey,Hard,33,C,,20181007,21,MI43,7,,Gerald Melzer,L,188,AUT,28.235,152,376,SP80,,,Nino Serdarusic,R,191,CRO,21.815,223,250,7-6(4) 4-6 6-3,3,R16,125,7,3,96,58,46,24,16,4,5,13,3,86,48,44,17,15,0,1
2018-7351,Monterrey,Hard,33,C,,20181007,22,E873,,,Ernesto Escobedo,R,185,MEX,22.259,220,252,MO44,8,,Pedro Martinez,R,185,ESP,21.448,175,321,5-7 6-4 6-3,3,R16,148,7,2,103,61,45,19,16,8,12,8,11,113,63,41,20,15,8,13
2018-7351,Monterrey,Hard,33,C,,20181007,23,F811,,,Bjorn Fratangelo,R,183,USA,25.218,169,330,P09O,,,Zsombor Piros,R,180,HUN,18.984,418,93,6-1 6-2,3,R16,47,6,0,34,23,21,7,7,0,0,3,4,48,25,12,10,8,3,8
2018-7351,Monterrey,Hard,33,C,,20181007,24,G725,,,Santiago Giraldo,R,188,COL,30.861,412,95,E661,,,Gonzalo Escobar,L,178,ECU,29.711,441,82,4-6 6-2 6-4,3,R16,110,5,0,71,43,35,17,14,0,2,5,4,88,56,41,12,14,4,8
2018-7351,Monterrey,Hard,33,C,,20181007,25,O513,,,Sebastian Ofner,R,191,AUT,22.404,199,280,M762,,,Jurgen Melzer,L,183,AUT,37.377,546,58,3-6 7-6(4) 6-3,3,R16,97,11,5,92,48,39,25,16,2,4,6,6,85,49,39,16,14,3,4
2018-7351,Monterrey,Hard,33,C,,20181007,26,E873,,,Ernesto Escobedo,R,185,MEX,22.259,220,252,G710,1,,Marcel Granollers,R,191,ESP,32.487,100,591,7-6(5) 7-6(4),3,QF,102,7,6,82,44,35,22,12,2,3,9,2,72,45,35,17,12,0,1
2018-7351,Monterrey,Hard,33,C,,20181007,27,K336,5,,Ivo Karlovic,R,211,CRO,39.606,137,414,F811,,,Bjorn Fratangelo,R,183,USA,25.218,169,330,6-4 6-3,3,QF,70,14,5,65,39,31,16,10,5,5,4,1,50,31,23,11,9,3,5
2018-7351,Monterrey,Hard,33,C,,20181007,28,F401,6,,David Ferrer,R,175,ESP,36.515,147,390,O513,,,Sebastian Ofner,R,191,AUT,22.404,199,280,6-3 6-4,3,QF,79,7,2,56,27,19,17,9,3,5,8,3,74,50,27,12,10,6,11
2018-7351,Monterrey,Hard,33,C,,20181007,29,G725,,,Santiago Giraldo,R,188,COL,30.861,412,95,MI43,7,,Gerald Melzer,L,188,AUT,28.235,152,376,6-7(5) 7-5 6-3,3,QF,141,11,0,104,77,61,15,17,3,3,14,4,100,59,50,21,16,3,5
2018-7351,Monterrey,Hard,33,C,,20181007,30,K336,5,,Ivo Karlovic,R,211,CRO,39.606,137,414,G725,,,Santiago Giraldo,R,188,COL,30.861,412,95,6-7(6) 6-4 7-6(3),3,SF,134,28,2,106,64,56,28,17,5,5,7,4,110,69,56,27,17,6,7
2018-7351,Monterrey,Hard,33,C,,20181007,31,F401,6,,David Ferrer,R,175,ESP,36.515,147,390,E873,,,Ernesto Escobedo,R,185,MEX,22.259,220,252,W/O,3,SF,,,,,,,,,,,,,,,,,,,
2018-7351,Monterrey,Hard,33,C,,20181007,32,F401,6,,David Ferrer,R,175,ESP,36.515,147,390,K336,5,,Ivo Karlovic,R,211,CRO,39.606,137,414,6-3 6-4,3,F,69,4,3,55,36,32,11,10,0,0,8,3,65,42,32,9,9,5,7
2018-9124,Florence,Clay,32,C,,20181007,1,SU87,1,,Lorenzo Sonego,R,191,ITA,23.409,89,653,TC95,,,Johan Tatlot,R,180,FRA,22.533,239,230,6-2 6-4,3,R32,91,7,2,59,30,25,15,9,3,4,1,4,54,25,21,8,9,3,7
2018-9124,Florence,Clay,32,C,,20181007,2,CF59,2,,Roberto Carballes Baena,R,183,ESP,25.541,97,595,D750,,,Kenny De Schepper,L,203,FRA,31.359,193,294,6-3 4-6 7-5,3,R32,158,1,6,92,56,38,18,15,6,10,2,5,114,80,46,15,16,10,16
2018-9124,Florence,Clay,32,C,,20181007,3,A596,3,,Pablo Andujar,R,180,ESP,32.704,117,473,BU13,,,Zizou Bergs,R,185,BEL,19.346,402,98,6-0 6-2,3,R32,78,2,3,39,26,22,8,7,0,0,5,1,72,52,24,9,7,10,15
2018-9124,Florence,Clay,32,C,,20181007,4,TA29,4,,Marco Trungelliti,R,178,ARG,28.682,133,430,O507,,,Julian Ocleppo,R,191,ITA,21.183,1100,8,7-6(6) 6-4,3,R32,105,4,3,88,48,33,25,11,7,8,4,4,70,47,31,14,11,1,3
2018-9124,Florence,Clay,32,C,,20181007,5,BM03,,,Filippo Baldi,R,180,ITA,22.741,256,206,TA12,5,,Stefano Travaglia,R,185,ITA,26.776,143,405,5-7 7-5 7-5,3,R32,170,1,4,130,87,58,19,18,19,23,8,3,114,65,43,26,18,10,15
2018-9124,Florence,Clay,32,C,,20181007,6,G676,7,,Daniel Gimeno-Traver,R,183,ESP,33.166,171,327,DG80,,,Enrico Dalla Valle,R,196,ITA,20.548,641,40,7-6(4) 6-4,3,R32,99,1,4,65,39,31,13,11,2,5,0,2,78,52,29,12,11,4,8
2018-9124,Florence,Clay,32,C,,20181007,7,Q948,8,,Gianluigi Quinzi,L,191,ITA,22.68,154,366,MF35,,,Andrej Martin,R,183,SVK,29.046,166,334,6-2 6-2,3,R32,68,2,0,40,23,20,13,8,1,1,2,1,51,32,18,7,8,3,7
2018-9124,Florence,Clay,32,C,,20181007,8,CG33,,,Kimmer Coppejans,R,178,BEL,24.663,209,267,MN20,,,Daniel Masur,R,183,GER,23.918,283,180,6-2 7-5,3,R32,96,6,1,58,40,27,11,10,2,4,3,1,76,49,26,12,10,11,16
2018-9124,Florence,Clay,32,C,,20181007,9,D981,,,Arthur De Greef,R,183,BEL,26.53,246,218,SO20,,,Jelle Sels,R,188,NED,23.159,275,187,6-2 6-2,3,R32,69,1,1,51,30,19,11,8,4,6,0,4,42,20,8,8,8,0,6
2018-9124,Florence,Clay,32,C,,20181007,10,GA79,,,Lorenzo Giustino,R,180,ITA,27.075,230,245,F0A4,,,Francesco Forti,R,188,ITA,19.201,800,24,6-2 7-6(5),3,R32,95,1,3,67,35,26,18,10,2,4,3,2,75,39,25,16,10,3,7
2018-9124,Florence,Clay,32,C,,20181007,11,G935,,,Sergio Gutierrez-Ferrol,R,,ESP,29.591,157,361,FC49,,,Giovanni Fonio,R,183,ITA,20.419,581,51,2-6 7-6(5) 6-2,3,R32,118,5,2,92,67,42,13,14,3,8,1,7,93,55,32,20,14,4,9
2018-9124,Florence,Clay,32,C,,20181007,12,HA28,,,Filip Horansky,R,191,SVK,25.747,216,257,G983,,,Alessandro Giannessi,L,185,ITA,28.356,174,324,6-2 6-0,3,R32,58,5,0,38,27,22,7,7,0,0,3,2,52,35,16,7,7,5,10
2018-9124,Florence,Clay,32,C,,20181007,13,KB92,,,Kevin Krawietz,R,188,GER,26.702,276,185,GA71,,,Laurynas Grigelis,R,183,LTU,27.149,238,231,6-4 3-6 6-3,3,R32,123,6,2,97,59,44,16,14,5,7,7,3,88,48,33,23,14,5,8
2018-9124,Florence,Clay,32,C,,20181007,14,ML57,,,Gianluca Mager,R,188,ITA,23.849,297,165,V717,,,Alexey Vatutin,R,178,RUS,25.944,178,318,6-7(4) 6-4 6-2,3,R32,141,6,8,102,54,39,17,15,7,12,0,7,102,75,39,14,15,7,15
2018-9124,Florence,Clay,32,C,,20181007,15,PH64,,,Andrea Pellegrino,R,185,ITA,21.541,413,95,MN70,,,Joao Menezes,R,185,BRA,21.804,325,144,7-6(2) 6-1,3,R32,75,1,3,61,33,26,14,10,2,5,1,3,59,40,21,7,9,1,6
2018-9124,Florence,Clay,32,C,,20181007,16,R419,,,Tommy Robredo,R,180,ESP,36.435,232,241,CE25,,,Salvatore Caruso,R,185,ITA,25.81,164,337,1-6 7-5 6-3,3,R32,134,2,5,87,35,24,27,14,4,9,0,2,92,68,41,12,14,6,11
2018-9124,Florence,Clay,32,C,,20181007,17,SU87,1,,Lorenzo Sonego,R,191,ITA,23.409,89,653,D981,,,Arthur De Greef,R,183,BEL,26.53,246,218,6-2 5-7 6-4,3,R16,140,10,2,79,52,41,16,15,1,3,0,4,89,43,31,22,15,5,9
2018-9124,Florence,Clay,32,C,,20181007,18,CF59,2,,Roberto Carballes Baena,R,183,ESP,25.541,97,595,CG33,,,Kimmer Coppejans,R,178,BEL,24.663,209,267,6-1 6-4,3,R16,83,0,3,58,38,28,11,9,2,3,0,1,48,32,17,7,8,6,10
2018-9124,Florence,Clay,32,C,,20181007,19,A596,3,,Pablo Andujar,R,180,ESP,32.704,117,473,ML57,,,Gianluca Mager,R,188,ITA,23.849,297,165,6-2 6-4,3,R16,86,1,3,53,31,21,12,9,2,4,2,4,64,35,20,11,9,9,14
2018-9124,Florence,Clay,32,C,,20181007,20,TA29,4,,Marco Trungelliti,R,178,ARG,28.682,133,430,HA28,,,Filip Horansky,R,191,SVK,25.747,216,257,6-3 6-4,3,R16,78,0,2,60,41,32,6,10,3,5,0,4,66,49,27,7,9,5,9
2018-9124,Florence,Clay,32,C,,20181007,21,G935,,,Sergio Gutierrez-Ferrol,R,,ESP,29.591,157,361,G676,7,,Daniel Gimeno-Traver,R,183,ESP,33.166,171,327,7-5 6-7(6) 6-1,3,R16,142,6,4,109,53,39,28,16,4,7,2,3,96,63,37,18,15,3,9
2018-9124,Florence,Clay,32,C,,20181007,22,PH64,,,Andrea Pellegrino,R,185,ITA,21.541,413,95,Q948,8,,Gianluigi Quinzi,L,191,ITA,22.68,154,366,7-6(3) 6-1,3,R16,86,1,1,58,33,25,14,10,0,3,4,4,64,31,21,9,9,6,11
2018-9124,Florence,Clay,32,C,,20181007,23,BM03,,,Filippo Baldi,R,180,ITA,22.741,256,206,R419,,,Tommy Robredo,R,180,ESP,36.435,232,241,6-3 6-2,3,R16,72,1,1,57,42,27,10,9,2,3,2,1,48,28,14,11,8,3,7
2018-9124,Florence,Clay,32,C,,20181007,24,GA79,,,Lorenzo Giustino,R,180,ITA,27.075,230,245,KB92,,,Kevin Krawietz,R,188,GER,26.702,276,185,6-2 6-4,3,R16,74,2,1,53,36,25,11,9,1,2,1,5,66,36,22,13,9,5,9
2018-9124,Florence,Clay,32,C,,20181007,25,SU87,1,,Lorenzo Sonego,R,191,ITA,23.409,89,653,BM03,,,Filippo Baldi,R,180,ITA,22.741,256,206,6-4 6-7(2) 6-3,3,QF,153,12,6,108,65,51,21,16,3,4,2,2,89,51,34,25,15,1,4
2018-9124,Florence,Clay,32,C,,20181007,26,CF59,2,,Roberto Carballes Baena,R,183,ESP,25.541,97,595,PH64,,,Andrea Pellegrino,R,185,ITA,21.541,413,95,6-2 6-1,3,QF,72,1,1,52,35,24,14,8,5,5,2,1,46,30,15,7,7,2,6
2018-9124,Florence,Clay,32,C,,20181007,27,A596,3,,Pablo Andujar,R,180,ESP,32.704,117,473,GA79,,,Lorenzo Giustino,R,180,ITA,27.075,230,245,6-4 6-7(4) 6-3,3,QF,154,3,7,102,66,43,18,16,6,10,8,1,89,60,35,18,15,3,9
2018-9124,Florence,Clay,32,C,,20181007,28,TA29,4,,Marco Trungelliti,R,178,ARG,28.682,133,430,G935,,,Sergio Gutierrez-Ferrol,R,,ESP,29.591,157,361,6-7(3) 6-3 7-6(5),3,QF,152,2,7,123,77,48,27,16,9,13,1,6,119,58,39,28,17,8,14
2018-9124,Florence,Clay,32,C,,20181007,29,A596,3,,Pablo Andujar,R,180,ESP,32.704,117,473,SU87,1,,Lorenzo Sonego,R,191,ITA,23.409,89,653,6-2 4-6 6-1,3,SF,132,0,4,80,55,39,14,13,7,8,5,1,91,60,36,14,12,8,12
2018-9124,Florence,Clay,32,C,,20181007,30,TA29,4,,Marco Trungelliti,R,178,ARG,28.682,133,430,CF59,2,,Roberto Carballes Baena,R,183,ESP,25.541,97,595,6-0 4-6 6-3,3,SF,127,3,3,77,50,36,14,13,3,6,1,2,80,49,26,13,12,8,14
2018-9124,Florence,Clay,32,C,,20181007,31,A596,3,,Pablo Andujar,R,180,ESP,32.704,117,473,TA29,4,,Marco Trungelliti,R,178,ARG,28.682,133,430,7-5 6-3,3,F,113,3,2,66,36,28,18,11,2,3,5,3,96,55,37,16,10,10,13
2018-4012,Tashkent,Hard,32,C,,20181013,1,BE67,1,,Mirza Basic,R,188,BIH,27.255,75,729,N561,,,Ivan Nedelko,R,185,RUS,32.422,260,204,7-5 6-4,3,R32,83,5,3,58,38,32,14,11,0,0,6,1,69,44,30,15,11,5,7
2018-4012,Tashkent,Hard,32,C,,20181013,2,I165,2,,Denis Istomin,R,185,UZB,32.099,87,652,GB53,,,Federico Gaio,R,178,ITA,26.606,241,226,6-3 6-4,3,R32,62,11,1,61,44,32,12,10,2,2,3,1,51,29,19,13,9,2,4
2018-4012,Tashkent,Hard,32,C,,20181013,3,BK19,,,Mathias Bourgue,R,188,FRA,24.734,314,150,LA93,3,,Enrique Lopez Perez,R,180,ESP,27.362,168,329,7-5 6-3,3,R32,71,15,1,58,38,33,11,11,1,2,7,0,59,34,25,10,10,1,4
2018-4012,Tashkent,Hard,32,C,,20181013,4,MM66,,,Nikola Milojevic,R,188,SRB,23.318,172,326,R685,4,,Lukas Rosol,R,193,CZE,33.221,171,327,W/O,3,R32,,,,,,,,,,,,,,,,,,,
2018-4012,Tashkent,Hard,32,C,,20181013,5,V717,5,,Alexey Vatutin,R,178,RUS,25.96,176,318,SN54,,,Frederico Ferreira Silva,L,178,POR,23.573,291,172,6-1 6-2,3,R32,61,2,1,55,36,29,9,8,1,1,1,2,50,29,16,8,7,5,9
2018-4012,Tashkent,Hard,32,C,,20181013,6,MQ75,6,,Kamil Majchrzak,R,183,POL,22.749,178,312,KH56,,,Zdenek Kolar,R,183,CZE,22.01,225,250,6-2 6-2,3,R32,56,4,1,50,32,25,10,8,1,1,3,1,47,34,17,5,8,6,10
2018-4012,Tashkent,Hard,32,C,,20181013,7,BC72,7,,Daniel Brands,R,196,GER,31.242,181,308,I236,,,Uladzimir Ignatik,R,183,BLR,28.249,199,282,3-6 7-6(2) 6-4,3,R32,107,16,1,87,65,50,14,15,5,7,7,1,93,66,51,16,16,3,5
2018-4012,Tashkent,Hard,32,C,,20181013,8,SK47,8,,Mohamed Safwat,R,180,EGY,28.066,198,283,KG72,,,Jurabek Karimov,R,191,UZB,20.359,428,85,6-4 6-3,3,R32,85,2,2,59,38,24,11,9,10,13,3,4,65,37,20,10,10,2,8
2018-4012,Tashkent,Hard,32,C,,20181013,9,AG37,,,Felix Auger-Aliassime,R,193,CAN,18.179,128,453,PE02,,,Danilo Petrovic,R,203,SRB,26.719,266,198,6-4 7-5,3,R32,84,6,1,63,41,34,10,11,4,5,1,3,65,44,26,11,11,1,4
2018-4012,Tashkent,Hard,32,C,,20181013,10,BK92,,,Alexander Bublik,R,196,KAZ,21.322,217,257,T982,,,Tsung-Hua Yang,R,178,TPE,27.543,274,189,3-6 6-3 6-4,3,R32,99,14,5,79,47,38,16,14,3,5,9,2,88,54,36,20,14,8,11
2018-4012,Tashkent,Hard,32,C,,20181013,11,GC89,,,Egor Gerasimov,R,196,BLR,25.919,242,226,SX50,,,Roman Safiullin,R,185,RUS,21.183,300,162,6-3 7-6(4),3,R32,86,16,3,71,44,37,13,11,0,1,1,1,76,54,36,10,10,2,4
2018-4012,Tashkent,Hard,32,C,,20181013,12,K839,,,Tobias Kamke,R,178,GER,32.397,259,207,SF89,,,Rubin Statham,R,180,NZL,31.469,519,65,6-4 6-3,3,R32,69,2,3,51,32,26,8,9,3,4,6,1,60,44,25,7,10,1,5
2018-4012,Tashkent,Hard,32,C,,20181013,13,KD87,,,Evgeny Karlovskiy,R,191,RUS,24.183,233,239,LE01,,,Duckhee Lee,R,170,KOR,20.375,205,274,7-6(3) 6-4,3,R32,93,12,0,78,61,44,10,11,5,6,4,3,79,53,38,9,11,3,5
2018-4012,Tashkent,Hard,32,C,,20181013,14,N503,,,Aleksandr Nedovyesov,R,188,KAZ,31.658,253,214,A0AO,,,Alen Avidzba,R,188,RUS,18.634,424,86,6-3 6-0,3,R32,59,3,3,47,32,26,5,7,0,0,5,3,57,36,17,9,8,5,10
2018-4012,Tashkent,Hard,32,C,,20181013,15,O482,,,Gonzalo Oliveira,L,185,VEN,23.652,288,174,VA39,,,Dimitriy Voronin,R,173,RUS,19.379,643,40,6-3 6-2,3,R32,69,1,1,54,38,29,11,9,1,1,3,4,55,29,21,9,8,7,10
2018-4012,Tashkent,Hard,32,C,,20181013,16,SQ80,,,Akira Santillan,R,180,AUS,21.394,292,172,SR81,,,Khumoyun Sultanov,R,180,UZB,19.962,557,57,7-6(2) 6-4,3,R32,91,5,0,78,45,38,18,11,5,5,8,5,79,55,42,9,11,4,5
2018-4012,Tashkent,Hard,32,C,,20181013,17,BE67,1,,Mirza Basic,R,188,BIH,27.255,75,729,O482,,,Gonzalo Oliveira,L,185,VEN,23.652,288,174,7-5 7-6(5),3,R16,104,10,0,82,51,43,14,12,2,2,7,1,82,59,42,10,12,7,8
2018-4012,Tashkent,Hard,32,C,,20181013,18,I165,2,,Denis Istomin,R,185,UZB,32.099,87,652,BK92,,,Alexander Bublik,R,196,KAZ,21.322,217,257,7-6(6) 6-1,3,R16,60,2,0,54,41,34,9,9,0,0,8,4,65,49,33,7,10,4,7
2018-4012,Tashkent,Hard,32,C,,20181013,19,AG37,,,Felix Auger-Aliassime,R,193,CAN,18.179,128,453,V717,5,,Alexey Vatutin,R,178,RUS,25.96,176,318,6-3 2-6 7-6(7),3,R16,136,8,2,92,59,39,18,15,3,7,2,6,108,73,48,16,14,7,10
2018-4012,Tashkent,Hard,32,C,,20181013,20,MQ75,6,,Kamil Majchrzak,R,183,POL,22.749,178,312,N503,,,Aleksandr Nedovyesov,R,188,KAZ,31.658,253,214,6-3 2-6 6-1,3,R16,105,1,3,87,50,33,13,12,7,12,1,2,86,53,30,12,12,8,15
2018-4012,Tashkent,Hard,32,C,,20181013,21,GC89,,,Egor Gerasimov,R,196,BLR,25.919,242,226,BC72,7,,Daniel Brands,R,196,GER,31.242,181,308,7-6(8) 6-4,3,R16,90,13,2,68,52,41,10,11,0,0,4,1,90,63,42,16,11,7,8
2018-4012,Tashkent,Hard,32,C,,20181013,22,K839,,,Tobias Kamke,R,178,GER,32.397,259,207,SK47,8,,Mohamed Safwat,R,180,EGY,28.066,198,283,6-0 7-5,3,R16,75,1,1,45,32,28,9,9,0,0,2,1,67,40,24,11,9,7,11
2018-4012,Tashkent,Hard,32,C,,20181013,23,BK19,,,Mathias Bourgue,R,188,FRA,24.734,314,150,SQ80,,,Akira Santillan,R,180,AUS,21.394,292,172,6-4 6-1,3,R16,57,11,0,48,31,23,10,9,2,4,2,4,50,28,14,9,8,5,10
2018-4012,Tashkent,Hard,32,C,,20181013,24,KD87,,,Evgeny Karlovskiy,R,191,RUS,24.183,233,239,MM66,,,Nikola Milojevic,R,188,SRB,23.318,172,326,6-2 5-7 6-1,3,R16,103,4,1,80,56,40,12,14,5,8,3,4,82,53,30,13,13,0,6
2018-4012,Tashkent,Hard,32,C,,20181013,25,MQ75,6,,Kamil Majchrzak,R,183,POL,22.749,178,312,BE67,1,,Mirza Basic,R,188,BIH,27.255,75,729,6-1 6-4,3,QF,54,9,0,44,33,28,5,9,0,1,4,0,50,31,19,7,8,2,6
2018-4012,Tashkent,Hard,32,C,,20181013,26,AG37,,,Felix Auger-Aliassime,R,193,CAN,18.179,128,453,I165,2,,Denis Istomin,R,185,UZB,32.099,87,652,7-6(4) 6-3,3,QF,76,3,5,59,39,33,12,11,0,1,3,2,53,36,28,9,10,0,2
2018-4012,Tashkent,Hard,32,C,,20181013,27,GC89,,,Egor Gerasimov,R,196,BLR,25.919,242,226,BK19,,,Mathias Bourgue,R,188,FRA,24.734,314,150,7-6(5) 3-6 6-1,3,QF,107,12,2,76,49,37,17,14,2,5,7,1,98,61,44,14,14,4,8
2018-4012,Tashkent,Hard,32,C,,20181013,28,K839,,,Tobias Kamke,R,178,GER,32.397,259,207,KD87,,,Evgeny Karlovskiy,R,191,RUS,24.183,233,239,7-6(3) 6-1,3,QF,89,3,1,65,35,28,19,10,1,2,6,3,68,44,30,9,9,3,6
2018-4012,Tashkent,Hard,32,C,,20181013,29,MQ75,6,,Kamil Majchrzak,R,183,POL,22.749,178,312,K839,,,Tobias Kamke,R,178,GER,32.397,259,207,7-6(2) 6-3,3,SF,101,3,3,68,42,30,13,10,6,8,3,5,96,55,35,16,11,7,11
2018-4012,Tashkent,Hard,32,C,,20181013,30,AG37,,,Felix Auger-Aliassime,R,193,CAN,18.179,128,453,GC89,,,Egor Gerasimov,R,196,BLR,25.919,242,226,6-4 7-6(4),3,SF,102,6,4,76,50,37,14,11,5,6,4,2,73,38,25,21,11,4,6
2018-4012,Tashkent,Hard,32,C,,20181013,31,AG37,,,Felix Auger-Aliassime,R,193,CAN,18.179,128,453,MQ75,6,,Kamil Majchrzak,R,183,POL,22.749,178,312,6-3 6-2,3,F,67,7,1,60,48,36,6,9,1,1,2,1,41,27,21,4,8,1,4
2018-7201,Santo Domingo,Clay,32,C,,20181013,1,G725,,,Santiago Giraldo,R,188,COL,30.877,326,140,C882,1,,Pablo Cuevas,R,180,URU,32.78,65,805,7-6(5) 2-6 6-3,3,R32,148,5,1,104,59,38,24,14,5,8,7,1,90,54,37,19,15,2,5
2018-7201,Santo Domingo,Clay,32,C,,20181013,2,D874,2,,Federico Delbonis,L,193,ARG,28.022,81,693,E224,,,Victor Estrella Burgos,R,170,DOM,38.196,323,143,7-5 6-3,3,R32,104,0,3,70,42,26,16,11,5,8,0,4,69,41,22,11,10,2,7
2018-7201,Santo Domingo,Clay,32,C,,20181013,3,A887,3,,Guido Andreozzi,R,183,ARG,27.19,98,592,CC98,,,Martin Cuevas,R,191,URU,26.746,296,169,6-7(2) 6-2 6-3,3,R32,159,3,3,92,70,51,7,15,4,7,6,5,108,55,34,23,14,8,14
2018-7201,Santo Domingo,Clay,32,C,,20181013,4,M762,,,Jurgen Melzer,L,183,AUT,37.394,495,68,DA31,4,,Hugo Dellien,R,180,BOL,25.325,109,516,7-5 6-3,3,R32,76,7,2,61,42,31,12,11,2,3,3,3,66,39,24,13,10,7,10
2018-7201,Santo Domingo,Clay,32,C,,20181013,5,L503,5,,Paolo Lorenzi,R,183,ITA,36.827,115,493,V836,,,Juan Pablo Varillas,R,185,PER,23.02,339,131,3-6 6-1 6-0,3,R32,128,2,1,82,46,30,21,11,5,7,2,0,80,42,22,18,11,9,15
2018-7201,Santo Domingo,Clay,32,C,,20181013,6,H896,,,Jose Hernandez-Fernandez,R,183,DOM,28.586,272,192,MJ08,6,,Thiago Monteiro,L,183,BRA,24.37,114,505,7-5 1-6 7-5,3,R32,159,3,0,94,65,38,18,15,7,12,5,4,105,65,42,19,16,4,9
2018-7201,Santo Domingo,Clay,32,C,,20181013,7,LB84,7,,Juan Ignacio Londero,R,180,ARG,25.161,120,472,Q941,,,Roberto Quiroz,L,193,ECU,26.637,190,294,6-1 6-3,3,R32,56,2,3,40,25,21,11,8,0,0,2,2,47,30,20,4,8,2,6
2018-7201,Santo Domingo,Clay,32,C,,20181013,8,GA36,,,Emilio Gomez,R,185,ECU,26.875,359,116,BF23,8,,Facundo Bagnis,L,183,ARG,28.624,134,436,6-4 6-2,3,R32,85,1,0,67,50,31,11,9,3,4,1,2,48,27,15,9,9,0,4
2018-7201,Santo Domingo,Clay,32,C,,20181013,9,B884,,,Carlos Berlocq,R,183,ARG,35.691,138,424,GB42,,,Alejandro Gomez,R,183,COL,27.165,484,71,6-4 6-3,3,R32,104,0,0,50,30,17,14,9,2,5,2,4,59,34,19,8,10,3,9
2018-7201,Santo Domingo,Clay,32,C,,20181013,10,CE77,,,Federico Coria,R,180,ARG,26.595,331,138,O634,,,Jose Olivares,R,163,DOM,21.76,902,17,6-2 6-0,3,R32,73,0,3,41,26,20,7,7,2,3,3,0,67,44,20,7,7,8,14
2018-7201,Santo Domingo,Clay,32,C,,20181013,11,SC73,,,Rogerio Dutra Silva,R,178,BRA,34.686,148,390,V824,,,Mario Vilella Martinez,R,178,ESP,23.28,243,226,6-1 6-3,3,R32,81,5,1,53,33,27,10,8,5,5,1,4,63,38,22,10,8,5,9
2018-7201,Santo Domingo,Clay,32,C,,20181013,12,E698,,,Gastao Elias,R,180,POR,27.885,192,291,A853,,,Marcelo Arevalo,R,191,ESA,27.989,185,303,6-3 7-6(7),3,R32,113,3,1,65,37,26,21,11,0,1,3,2,86,50,25,23,10,2,4
2018-7201,Santo Domingo,Clay,32,C,,20181013,13,GD64,,,Cristian Garin,R,185,CHI,22.371,121,470,O513,,,Sebastian Ofner,R,191,AUT,22.42,183,305,6-2 6-0,3,R32,55,2,1,43,30,20,11,7,3,3,3,3,50,29,15,6,7,4,9
2018-7201,Santo Domingo,Clay,32,C,,20181013,14,KD70,,,Pedja Krstin,R,183,SRB,24.11,186,300,CF88,,,Roberto Cid Subervi,R,193,DOM,25.12,231,243,6-0 6-1,3,R32,48,1,1,41,26,24,8,7,2,2,3,1,39,28,13,2,6,4,9
2018-7201,Santo Domingo,Clay,32,C,,20181013,15,MI43,,,Gerald Melzer,L,188,AUT,28.252,146,401,CG04,,,Pedro Cachin,R,185,ARG,23.504,263,200,6-2 2-0 RET,3,R32,54,3,0,28,17,15,6,5,1,1,0,3,42,22,12,7,5,3,6
2018-7201,Santo Domingo,Clay,32,C,,20181013,16,SP80,,,Nino Serdarusic,R,191,CRO,21.832,220,255,BD20,,,Thomaz Bellucci,L,188,BRA,30.787,255,213,7-6(5) 6-4,3,R32,109,4,4,83,45,33,20,11,8,9,5,3,70,45,32,14,11,2,4
2018-7201,Santo Domingo,Clay,32,C,,20181013,17,D874,2,,Federico Delbonis,L,193,ARG,28.022,81,693,SC73,,,Rogerio Dutra Silva,R,178,BRA,34.686,148,390,6-4 6-1,3,R16,82,3,1,51,32,21,14,9,1,2,0,2,61,43,23,7,8,7,11
2018-7201,Santo Domingo,Clay,32,C,,20181013,18,SP80,,,Nino Serdarusic,R,191,CRO,21.832,220,255,A887,3,,Guido Andreozzi,R,183,ARG,27.19,98,592,7-6(2) 6-4,3,R16,98,6,1,65,36,29,17,11,1,2,1,2,63,41,29,13,11,2,4
2018-7201,Santo Domingo,Clay,32,C,,20181013,19,L503,5,,Paolo Lorenzi,R,183,ITA,36.827,115,493,MI43,,,Gerald Melzer,L,188,AUT,28.252,146,401,7-6(7) 7-6(3),3,R16,170,4,2,106,66,39,23,12,9,14,3,2,95,52,30,20,12,9,14
2018-7201,Santo Domingo,Clay,32,C,,20181013,20,GD64,,,Cristian Garin,R,185,CHI,22.371,121,470,LB84,7,,Juan Ignacio Londero,R,180,ARG,25.161,120,472,6-3 6-1,3,R16,63,4,0,45,29,21,12,8,1,2,1,1,53,28,12,11,8,7,12
2018-7201,Santo Domingo,Clay,32,C,,20181013,21,B884,,,Carlos Berlocq,R,183,ARG,35.691,138,424,G725,,,Santiago Giraldo,R,188,COL,30.877,326,140,7-6(4) 7-6(2),3,R16,131,8,0,77,53,39,14,12,0,2,0,1,79,55,36,14,12,4,6
2018-7201,Santo Domingo,Clay,32,C,,20181013,22,H896,,,Jose Hernandez-Fernandez,R,183,DOM,28.586,272,192,CE77,,,Federico Coria,R,180,ARG,26.595,331,138,7-5 6-0,3,R16,82,4,1,48,39,25,7,9,2,4,1,4,54,36,19,4,9,2,8
2018-7201,Santo Domingo,Clay,32,C,,20181013,23,KD70,,,Pedja Krstin,R,183,SRB,24.11,186,300,GA36,,,Emilio Gomez,R,185,ECU,26.875,359,116,6-3 6-1,3,R16,71,4,5,46,30,23,10,8,0,0,0,3,50,28,16,9,8,2,6
2018-7201,Santo Domingo,Clay,32,C,,20181013,24,M762,,,Jurgen Melzer,L,183,AUT,37.394,495,68,E698,,,Gastao Elias,R,180,POR,27.885,192,291,6-7(0) 7-6(3) 7-6(1),3,R16,174,10,8,135,85,61,22,18,9,13,10,3,113,69,53,20,18,2,6
2018-7201,Santo Domingo,Clay,32,C,,20181013,25,D874,2,,Federico Delbonis,L,193,ARG,28.022,81,693,L503,5,,Paolo Lorenzi,R,183,ITA,36.827,115,493,7-5 7-5,3,QF,128,3,2,80,49,31,17,12,2,5,0,2,84,46,27,18,12,6,11
2018-7201,Santo Domingo,Clay,32,C,,20181013,26,B884,,,Carlos Berlocq,R,183,ARG,35.691,138,424,H896,,,Jose Hernandez-Fernandez,R,183,DOM,28.586,272,192,6-1 4-6 6-2,3,QF,133,0,1,65,40,27,17,12,4,7,0,1,81,58,33,8,13,4,11
2018-7201,Santo Domingo,Clay,32,C,,20181013,27,GD64,,,Cristian Garin,R,185,CHI,22.371,121,470,SP80,,,Nino Serdarusic,R,191,CRO,21.832,220,255,6-2 6-2,3,QF,68,2,2,44,24,20,11,8,2,3,3,5,58,36,20,6,8,4,9
2018-7201,Santo Domingo,Clay,32,C,,20181013,28,KD70,,,Pedja Krstin,R,183,SRB,24.11,186,300,M762,,,Jurgen Melzer,L,183,AUT,37.394,495,68,6-1 3-2 RET,3,QF,46,6,2,40,22,17,9,6,3,4,1,2,40,13,9,9,6,4,8
2018-7201,Santo Domingo,Clay,32,C,,20181013,29,D874,2,,Federico Delbonis,L,193,ARG,28.022,81,693,KD70,,,Pedja Krstin,R,183,SRB,24.11,186,300,6-0 6-3,3,SF,53,3,2,35,19,14,10,7,0,1,3,3,45,24,11,6,8,1,7
2018-7201,Santo Domingo,Clay,32,C,,20181013,30,GD64,,,Cristian Garin,R,185,CHI,22.371,121,470,B884,,,Carlos Berlocq,R,183,ARG,35.691,138,424,5-7 7-6(4) 6-1,3,SF,165,4,8,106,60,45,21,16,2,7,4,4,95,67,43,10,15,5,11
2018-7201,Santo Domingo,Clay,32,C,,20181013,31,GD64,,,Cristian Garin,R,185,CHI,22.371,121,470,D874,2,,Federico Delbonis,L,193,ARG,28.022,81,693,6-4 5-7 6-4,3,F,151,5,1,88,51,38,24,16,4,6,1,1,103,60,39,28,16,4,7
2018-6204,Ortisei,Hard,32,C,,20181014,1,H996,1,,Pierre-Hugues Herbert,R,188,FRA,27.576,55,929,BE68,,,Tomislav Brkic,R,185,BIH,28.6,271,193,7-5 6-4,3,R32,65,10,2,58,39,31,14,11,1,1,8,2,64,44,34,7,11,4,6
2018-6204,Ortisei,Hard,32,C,,20181014,2,PC78,,,Ante Pavic,R,196,CRO,29.604,338,131,L797,2,,Lukas Lacko,R,188,SVK,30.946,80,697,7-6(7) 7-6(16),3,R32,111,26,5,91,59,50,19,12,4,5,11,2,86,50,42,22,12,1,2
2018-6204,Ortisei,Hard,32,C,,20181014,3,KI71,,,Kirill Kivattsev,R,193,RUS,21.01,701,34,MU94,3,,Jaume Munar,R,183,ESP,21.443,79,698,6-3 7-6(3),3,R32,87,9,0,77,42,33,21,11,7,8,7,2,57,35,29,11,10,0,2
2018-6204,Ortisei,Hard,32,C,,20181014,4,LB66,,,Constant Lestienne,R,180,FRA,26.393,156,366,SU87,4,,Lorenzo Sonego,R,191,ITA,23.428,86,659,6-1 4-6 6-4,3,R32,97,6,2,76,39,34,21,14,1,2,9,4,79,44,31,19,13,4,7
2018-6204,Ortisei,Hard,32,C,,20181014,5,BE90,5,,Ricardas Berankis,R,175,LTU,28.315,107,530,SK51,,,Tobias Simon,R,198,GER,27.409,433,84,7-6(5) 6-4,3,R32,77,8,0,68,43,35,18,11,2,2,20,3,65,46,37,12,11,4,5
2018-6204,Ortisei,Hard,32,C,,20181014,6,HH26,6,,Ugo Humbert,L,188,FRA,20.301,112,509,HG94,,,Benjamin Hassan,R,183,LBN,23.691,421,87,6-4 6-3,3,R32,72,2,1,62,37,26,16,9,4,5,6,3,61,38,27,8,10,4,8
2018-6204,Ortisei,Hard,32,C,,20181014,7,DB59,,,Dennis Novak,R,183,AUT,25.128,145,401,BC65,8,,Matthias Bachinger,R,188,GER,31.535,141,413,1-6 6-3 7-6(1),3,R32,96,10,2,91,59,39,21,14,5,8,7,2,77,42,30,22,14,0,2
2018-6204,Ortisei,Hard,32,C,,20181014,8,BK24,,,Gregoire Barrere,R,183,FRA,24.657,152,377,N679,,,Stefano Napolitano,R,196,ITA,23.51,219,255,7-5 6-7(6) 6-2,3,R32,127,13,2,111,68,53,23,16,9,10,15,6,110,66,49,20,16,6,10
2018-6204,Ortisei,Hard,32,C,,20181014,9,BA98,,,Simone Bolelli,R,183,ITA,33.016,150,389,SC77,,,Sergiy Stakhovsky,R,193,UKR,32.769,149,389,7-6(4) 6-3,3,R32,96,5,0,84,60,45,13,11,1,1,5,0,60,36,33,11,10,2,3
2018-6204,Ortisei,Hard,32,C,,20181014,10,BA65,,,Dustin Brown,R,196,JAM,33.848,228,249,CE25,,,Salvatore Caruso,R,185,ITA,25.829,164,337,6-2 6-4,3,R32,50,20,2,44,29,25,11,9,0,0,3,1,54,30,22,10,9,4,7
2018-6204,Ortisei,Hard,32,C,,20181014,11,CO06,,,Liam Caruana,R,178,ITA,20.726,727,31,R612,,,Stephane Robert,R,185,FRA,38.409,157,361,4-6 7-6(8) 6-2,3,R32,110,16,3,97,65,51,16,15,3,5,4,7,106,47,35,33,15,6,9
2018-6204,Ortisei,Hard,32,C,,20181014,12,HB64,,,Quentin Halys,R,191,FRA,21.966,154,371,O423,,,Fabrizio Ornago,R,191,ITA,26.472,366,114,7-6(5) 6-4,3,R32,68,17,1,55,35,32,16,11,0,0,11,3,67,45,35,12,11,0,1
2018-6204,Ortisei,Hard,32,C,,20181014,13,KB92,,,Kevin Krawietz,R,188,GER,26.721,265,198,HA71,,,Antoine Hoang,R,183,FRA,22.943,166,332,7-6(4) 4-6 7-6(5),3,R32,137,14,1,122,80,64,22,17,4,5,6,0,95,78,63,13,17,0,0
2018-6204,Ortisei,Hard,32,C,,20181014,14,MJ71,,,Mats Moraing,L,198,GER,26.316,163,343,BV24,,,Raul Brancaccio,R,183,ITA,21.446,336,133,6-2 6-2,3,R32,58,9,1,52,29,22,13,8,0,0,0,4,60,42,23,6,8,4,8
2018-6204,Ortisei,Hard,32,C,,20181014,15,O449,,,Oscar Otte,R,193,GER,25.246,194,289,MN20,,,Daniel Masur,R,183,GER,23.937,287,176,0-6 6-4 7-6(4),3,R32,104,10,7,95,61,44,12,14,8,12,10,6,95,65,47,13,14,2,4
2018-6204,Ortisei,Hard,32,C,,20181014,16,S0AG,,,Jannik Sinner,R,191,ITA,17.161,870,19,GK24,,,Luca Giacomini,R,170,ITA,20.972,647,40,7-6(4) 6-1,3,R32,62,8,1,53,35,31,10,10,1,2,1,4,52,34,25,4,9,2,5
2018-6204,Ortisei,Hard,32,C,,20181014,17,H996,1,,Pierre-Hugues Herbert,R,188,FRA,27.576,55,929,CO06,,,Liam Caruana,R,178,ITA,20.726,727,31,7-6(6) 6-4,3,R16,82,13,0,61,46,40,9,11,0,0,7,1,73,39,33,16,11,2,3
2018-6204,Ortisei,Hard,32,C,,20181014,18,BE90,5,,Ricardas Berankis,R,175,LTU,28.315,107,530,O449,,,Oscar Otte,R,193,GER,25.246,194,289,6-2 5-7 6-2,3,R16,95,13,5,82,60,46,10,14,6,8,13,6,82,40,30,17,14,4,9
2018-6204,Ortisei,Hard,32,C,,20181014,19,HH26,6,,Ugo Humbert,L,188,FRA,20.301,112,509,HB64,,,Quentin Halys,R,191,FRA,21.966,154,371,6-7(4) 6-3 6-4,3,R16,108,10,8,97,52,47,22,16,5,6,20,11,92,53,44,18,15,4,7
2018-6204,Ortisei,Hard,32,C,,20181014,20,BK24,,,Gregoire Barrere,R,183,FRA,24.657,152,377,PC78,,,Ante Pavic,R,196,CRO,29.604,338,131,7-6(1) 7-6(3),3,R16,80,14,2,70,47,39,17,12,0,0,18,3,75,43,33,20,12,1,1
2018-6204,Ortisei,Hard,32,C,,20181014,21,BA98,,,Simone Bolelli,R,183,ITA,33.016,150,389,KI71,,,Kirill Kivattsev,R,193,RUS,21.01,701,34,6-3 6-2,3,R16,65,3,0,45,34,27,8,8,1,1,6,5,51,31,19,7,9,3,7
2018-6204,Ortisei,Hard,32,C,,20181014,22,LB66,,,Constant Lestienne,R,180,FRA,26.393,156,366,S0AG,,,Jannik Sinner,R,191,ITA,17.161,870,19,6-7(6) 7-5 7-5,3,R16,133,9,3,97,62,51,26,18,0,0,12,4,129,76,55,30,18,7,9
2018-6204,Ortisei,Hard,32,C,,20181014,23,MJ71,,,Mats Moraing,L,198,GER,26.316,163,343,KB92,,,Kevin Krawietz,R,188,GER,26.721,265,198,6-3 7-5,3,R16,68,13,4,59,40,32,14,11,1,1,6,4,69,44,29,13,10,5,7
2018-6204,Ortisei,Hard,32,C,,20181014,24,DB59,,,Dennis Novak,R,183,AUT,25.128,145,401,BA65,,,Dustin Brown,R,196,JAM,33.848,228,249,6-2 5-7 6-4,3,R16,91,9,5,92,62,48,15,15,8,9,17,9,82,52,42,14,15,2,5
2018-6204,Ortisei,Hard,32,C,,20181014,25,H996,1,,Pierre-Hugues Herbert,R,188,FRA,27.576,55,929,BE90,5,,Ricardas Berankis,R,175,LTU,28.315,107,530,6-3 6-2,3,QF,64,14,1,57,42,31,10,9,2,2,4,5,51,36,25,4,8,4,7
2018-6204,Ortisei,Hard,32,C,,20181014,26,HH26,6,,Ugo Humbert,L,188,FRA,20.301,112,509,LB66,,,Constant Lestienne,R,180,FRA,26.393,156,366,7-6(13) 6-3,3,QF,105,9,3,79,49,38,18,11,5,6,7,3,89,55,43,12,10,6,8
2018-6204,Ortisei,Hard,32,C,,20181014,27,BK24,,,Gregoire Barrere,R,183,FRA,24.657,152,377,MJ71,,,Mats Moraing,L,198,GER,26.316,163,343,4-6 6-1 6-2,3,QF,75,14,1,75,52,42,12,13,2,3,18,4,82,44,32,15,12,4,8
2018-6204,Ortisei,Hard,32,C,,20181014,28,DB59,,,Dennis Novak,R,183,AUT,25.128,145,401,BA98,,,Simone Bolelli,R,183,ITA,33.016,150,389,7-6(5) 7-6(5),3,QF,123,9,4,88,56,45,12,12,4,5,8,1,106,74,47,20,12,7,8
2018-6204,Ortisei,Hard,32,C,,20181014,29,H996,1,,Pierre-Hugues Herbert,R,188,FRA,27.576,55,929,DB59,,,Dennis Novak,R,183,AUT,25.128,145,401,7-6(5) 6-4,3,SF,84,23,1,69,45,37,11,11,1,2,3,4,74,48,33,13,11,2,4
2018-6204,Ortisei,Hard,32,C,,20181014,30,HH26,6,,Ugo Humbert,L,188,FRA,20.301,112,509,BK24,,,Gregoire Barrere,R,183,FRA,24.657,152,377,6-4 6-7(6) 6-3,3,SF,106,18,2,95,56,48,25,16,4,4,12,3,87,63,48,16,15,3,5
2018-6204,Ortisei,Hard,32,C,,20181014,31,HH26,6,,Ugo Humbert,L,188,FRA,20.301,112,509,H996,1,,Pierre-Hugues Herbert,R,188,FRA,27.576,55,929,6-4 6-2,3,F,61,3,0,49,28,25,13,9,2,2,7,4,50,29,20,10,9,1,4
2018-7339,Fairfield,Hard,32,C,,20181014,1,TC61,1,,Jordan Thompson,R,183,AUS,24.485,105,560,CI14,,,Jay Clarke,R,183,GBR,20.216,177,314,7-6(3) 6-1,3,R32,104,2,1,63,42,26,15,9,4,6,3,4,75,45,26,12,10,4,9
2018-7339,Fairfield,Hard,32,C,,20181014,2,HG86,2,,Lloyd Harris,R,193,RSA,21.634,113,509,Y124,,,Donald Young,L,183,USA,29.227,264,198,7-6(12) 4-6 7-5,3,R32,153,17,12,134,86,64,17,17,13,17,3,11,120,77,51,23,17,2,6
2018-7339,Fairfield,Hard,32,C,,20181014,3,RC96,3,,Noah Rubin,R,175,USA,22.645,125,456,G0AB,,,Axel Geller,R,191,ARG,19.537,662,37,6-3 6-4,3,R32,70,4,3,51,29,23,13,9,3,4,2,2,61,42,26,7,10,1,5
2018-7339,Fairfield,Hard,32,C,,20181014,4,MO55,,,Lucas Miedler,R,183,AUT,22.313,210,264,O522,4,,Reilly Opelka,R,211,USA,21.128,131,445,7-6(2) 7-6(5),3,R32,99,2,2,84,57,42,15,12,2,3,22,5,86,43,36,19,12,3,4
2018-7339,Fairfield,Hard,32,C,,20181014,5,MB53,5,,Adrian Menendez-Maceiras,R,183,ESP,32.961,132,445,KC12,,,Mitchell Krueger,R,188,USA,24.753,252,214,7-6(5) 3-6 6-1,3,R32,148,8,4,77,45,37,19,14,2,4,4,1,92,63,40,18,14,3,6
2018-7339,Fairfield,Hard,32,C,,20181014,6,RH16,6,,Casper Ruud,R,183,NOR,19.811,137,429,KB14,,,Kevin King,L,191,USA,27.625,295,169,6-3 6-4,3,R32,84,1,3,59,36,27,12,9,6,7,6,3,67,43,27,8,10,3,7
2018-7339,Fairfield,Hard,32,C,,20181014,7,KE73,,,Dominik Koepfer,L,180,GER,24.46,180,309,K336,7,,Ivo Karlovic,R,211,CRO,39.625,117,489,6-4 6-4,3,R32,,5,3,54,36,31,10,10,1,1,15,5,71,44,29,15,10,4,6
2018-7339,Fairfield,Hard,32,C,,20181014,8,BI81,8,,Alex Bolt,L,183,AUS,25.771,155,367,KD46,,,Thanasi Kokkinakis,R,193,AUS,22.511,196,287,7-5 3-6 6-4,3,R32,136,7,2,98,58,38,24,16,4,7,16,7,91,55,41,17,15,1,4
2018-7339,Fairfield,Hard,32,C,,20181014,9,AC84,,,Collin Altamirano,R,188,USA,22.853,306,157,E687,,,Daniel Evans,R,175,GBR,28.394,208,265,7-6(2) RET,3,R32,63,2,1,49,31,22,9,6,3,4,0,2,37,22,15,8,6,1,2
2018-7339,Fairfield,Hard,32,C,,20181014,10,AB71,,,JC Aragone,R,178,USA,23.296,239,228,PG94,,,Marc Polmans,R,188,AUS,21.451,147,396,6-4 6-7(7) 6-3,3,R32,141,3,7,110,72,50,21,16,7,9,4,4,97,62,39,18,15,6,10
2018-7339,Fairfield,Hard,32,C,,20181014,11,D776,,,Thiemo de Bakker,R,193,NED,30.067,232,241,L949,,,Henri Laaksonen,R,185,SUI,26.538,160,351,4-6 6-4 6-1,3,R32,108,3,3,73,39,23,19,13,3,7,0,6,98,56,32,21,14,7,14
2018-7339,Fairfield,Hard,32,C,,20181014,12,F664,,,Sebastian Fanselow,R,,GER,26.79,423,86,I306,,,Cem Ilkel,R,185,TUR,23.149,234,239,6-2 5-7 6-0,3,R32,105,5,1,75,46,31,16,13,1,4,5,8,88,46,25,18,13,7,14
2018-7339,Fairfield,Hard,32,C,,20181014,13,F811,,,Bjorn Fratangelo,R,183,USA,25.238,158,355,SJ55,,,John-Patrick Smith,L,188,AUS,29.719,240,226,3-6 6-2 6-4,3,R32,99,5,4,82,49,36,17,14,5,8,7,2,72,51,35,9,13,2,6
2018-7339,Fairfield,Hard,32,C,,20181014,14,J620,,,Maxime Janvier,R,196,FRA,21.988,246,222,RG42,,,Alex Rybakov,L,185,USA,21.711,527,63,7-6(8) 6-3,3,R32,96,1,3,88,55,43,16,11,6,6,3,4,66,36,25,20,10,3,4
2018-7339,Fairfield,Hard,32,C,,20181014,15,PL56,,,Tommy Paul,R,185,USA,21.41,309,155,KC86,,,Darian King,R,188,BAR,26.467,213,260,6-2 6-2,3,R32,64,4,0,51,36,26,10,8,0,0,1,0,49,31,17,7,8,4,8
2018-7339,Fairfield,Hard,32,C,,20181014,16,W09G,,,J.J. Wolf,R,183,USA,19.814,499,67,KB37,,,Evan King,L,185,USA,26.554,286,177,2-6 6-1 6-4,3,R32,92,8,3,82,49,36,17,13,3,5,3,4,70,43,29,14,12,5,8
2018-7339,Fairfield,Hard,32,C,,20181014,17,TC61,1,,Jordan Thompson,R,183,AUS,24.485,105,560,J620,,,Maxime Janvier,R,196,FRA,21.988,246,222,6-7(5) 6-3 6-0,3,R16,121,1,0,93,72,49,11,14,9,11,2,6,92,58,34,14,13,5,11
2018-7339,Fairfield,Hard,32,C,,20181014,18,HG86,2,,Lloyd Harris,R,193,RSA,21.634,113,509,PL56,,,Tommy Paul,R,185,USA,21.41,309,155,4-6 7-5 7-5,3,R16,118,8,2,102,69,50,18,17,6,8,2,3,113,74,46,25,17,6,9
2018-7339,Fairfield,Hard,32,C,,20181014,19,W09G,,,J.J. Wolf,R,183,USA,19.814,499,67,RC96,3,,Noah Rubin,R,175,USA,22.645,125,456,6-3 6-2,3,R16,65,6,3,52,25,24,13,9,0,0,0,5,49,31,21,6,8,1,4
2018-7339,Fairfield,Hard,32,C,,20181014,20,MB53,5,,Adrian Menendez-Maceiras,R,183,ESP,32.961,132,445,D776,,,Thiemo de Bakker,R,193,NED,30.067,232,241,6-4 6-3,3,R16,87,4,3,60,38,28,14,10,3,4,12,1,70,45,31,9,9,3,6
2018-7339,Fairfield,Hard,32,C,,20181014,21,RH16,6,,Casper Ruud,R,183,NOR,19.811,137,429,AB71,,,JC Aragone,R,178,USA,23.296,239,228,6-1 7-6(4),3,R16,105,2,1,63,43,31,15,10,0,1,11,4,95,63,41,11,9,11,14
2018-7339,Fairfield,Hard,32,C,,20181014,22,BI81,8,,Alex Bolt,L,183,AUS,25.771,155,367,AC84,,,Collin Altamirano,R,188,USA,22.853,306,157,7-6(6) 6-7(3) 7-6(5),3,R16,169,15,2,127,84,62,21,18,7,9,5,1,135,92,66,22,18,4,6
2018-7339,Fairfield,Hard,32,C,,20181014,23,F664,,,Sebastian Fanselow,R,,GER,26.79,423,86,MO55,,,Lucas Miedler,R,183,AUT,22.313,210,264,6-4 6-1,3,R16,72,4,3,57,38,27,9,8,9,10,3,1,53,32,16,8,9,5,10
2018-7339,Fairfield,Hard,32,C,,20181014,24,F811,,,Bjorn Fratangelo,R,183,USA,25.238,158,355,KE73,,,Dominik Koepfer,L,180,GER,24.46,180,309,7-5 6-3,3,R16,77,4,0,56,39,34,11,11,0,0,2,2,68,38,29,13,10,3,5
2018-7339,Fairfield,Hard,32,C,,20181014,25,F811,,,Bjorn Fratangelo,R,183,USA,25.238,158,355,TC61,1,,Jordan Thompson,R,183,AUS,24.485,105,560,6-1 6-4,3,QF,66,3,2,46,27,22,12,8,3,3,1,1,56,37,17,11,9,4,8
2018-7339,Fairfield,Hard,32,C,,20181014,26,BI81,8,,Alex Bolt,L,183,AUS,25.771,155,367,HG86,2,,Lloyd Harris,R,193,RSA,21.634,113,509,6-3 6-4,3,QF,87,4,2,80,44,34,18,10,8,8,9,1,62,38,28,10,9,6,8
2018-7339,Fairfield,Hard,32,C,,20181014,27,MB53,5,,Adrian Menendez-Maceiras,R,183,ESP,32.961,132,445,W09G,,,J.J. Wolf,R,183,USA,19.814,499,67,6-0 6-4,3,QF,65,1,1,45,29,25,10,8,3,3,7,2,48,22,18,8,8,3,7
2018-7339,Fairfield,Hard,32,C,,20181014,28,RH16,6,,Casper Ruud,R,183,NOR,19.811,137,429,F664,,,Sebastian Fanselow,R,,GER,26.79,423,86,6-1 6-0,3,QF,48,4,1,36,26,23,6,7,0,0,1,6,40,22,14,3,6,0,5
2018-7339,Fairfield,Hard,32,C,,20181014,29,BI81,8,,Alex Bolt,L,183,AUS,25.771,155,367,MB53,5,,Adrian Menendez-Maceiras,R,183,ESP,32.961,132,445,7-5 6-6 RET,3,SF,101,12,2,69,43,39,14,12,2,2,2,1,70,44,36,13,12,2,3
2018-7339,Fairfield,Hard,32,C,,20181014,30,F811,,,Bjorn Fratangelo,R,183,USA,25.238,158,355,RH16,6,,Casper Ruud,R,183,NOR,19.811,137,429,6-2 6-2,3,SF,65,7,2,44,34,27,6,8,0,0,2,1,50,26,11,13,8,3,7
2018-7339,Fairfield,Hard,32,C,,20181014,31,F811,,,Bjorn Fratangelo,R,183,USA,25.238,158,355,BI81,8,,Alex Bolt,L,183,AUS,25.771,155,367,6-4 6-3,3,F,68,3,0,51,30,19,18,9,1,1,4,2,61,39,25,13,10,5,8
2018-9132,Barcelona,Clay,32,C,,20181014,1,CF59,1,,Roberto Carballes Baena,R,183,ESP,25.561,90,619,MJ01,,,Roberto Marcora,R,193,ITA,29.123,303,158,6-2 6-1,3,R32,62,0,3,42,20,17,10,7,2,3,1,3,45,24,12,5,8,1,7
2018-9132,Barcelona,Clay,32,C,,20181014,2,KI74,,,Nicola Kuhn,R,185,GER,18.568,342,126,A596,2,,Pablo Andujar,R,180,ESP,32.723,103,563,6-2 RET,3,R32,48,1,4,28,12,9,10,4,1,1,2,3,32,15,8,7,4,3,5
2018-9132,Barcelona,Clay,32,C,,20181014,3,TA29,3,,Marco Trungelliti,R,178,ARG,28.701,129,453,D985,,,Joao Domingues,R,,POR,25.024,207,266,7-5 6-2,3,R32,86,1,3,63,42,26,9,10,2,5,0,5,69,36,21,10,10,6,12
2018-9132,Barcelona,Clay,32,C,,20181014,4,Z246,,,Miljan Zekic,R,185,SRB,30.256,278,180,TA12,4,,Stefano Travaglia,R,185,ITA,26.795,142,405,6-3 6-2,3,R32,48,9,0,43,32,28,8,9,0,0,2,3,36,19,13,9,8,0,3
2018-9132,Barcelona,Clay,32,C,,20181014,5,S483,5,,Pedro Sousa,R,180,POR,30.382,144,404,O408,,,Ricardo Ojeda Lara,R,178,ESP,25.714,307,157,6-1 6-1,3,R32,56,3,5,49,30,24,9,7,2,2,0,3,56,33,16,9,7,8,13
2018-9132,Barcelona,Clay,32,C,,20181014,6,MO44,,,Pedro Martinez,R,185,ESP,21.467,174,325,Q948,6,,Gianluigi Quinzi,L,191,ITA,22.7,153,374,6-4 7-5,3,R32,104,5,3,79,44,28,19,11,5,8,2,7,80,42,28,12,11,9,14
2018-9132,Barcelona,Clay,32,C,,20181014,7,G935,7,,Sergio Gutierrez-Ferrol,R,,ESP,29.61,159,351,GA71,,,Laurynas Grigelis,R,183,LTU,27.168,237,231,6-4 6-2,3,R32,77,1,4,62,27,19,17,9,4,7,2,4,56,25,14,13,9,5,11
2018-9132,Barcelona,Clay,32,C,,20181014,8,D750,,,Kenny De Schepper,L,203,FRA,31.379,191,294,MF35,8,,Andrej Martin,R,183,SVK,29.065,170,328,7-6(6) 6-2,3,R32,108,2,4,80,56,31,13,10,7,11,1,4,70,33,21,12,10,2,8
2018-9132,Barcelona,Clay,32,C,,20181014,9,BM03,,,Filippo Baldi,R,180,ITA,22.76,244,223,LF29,,,Alvaro Lopez San Martin,R,178,ESP,21.366,553,57,6-2 6-0,3,R32,74,1,0,56,32,18,16,7,8,9,1,6,52,25,12,8,7,6,12
2018-9132,Barcelona,Clay,32,C,,20181014,10,G983,,,Alessandro Giannessi,L,185,ITA,28.375,175,324,SQ97,,,Miguel Semmler,R,180,ESP,21.451,577,52,6-4 6-3,3,R32,82,0,5,53,29,17,10,9,2,6,4,5,72,39,21,8,10,4,11
2018-9132,Barcelona,Clay,32,C,,20181014,11,GA79,,,Lorenzo Giustino,R,180,ITA,27.094,218,256,SH91,,,Jordi Samper-Montana,R,,ESP,28.526,341,129,6-4 6-4,3,R32,108,2,4,67,33,19,17,10,4,8,0,3,64,50,25,3,10,1,7
2018-9132,Barcelona,Clay,32,C,,20181014,12,KC33,,,Dimitar Kuzmanov,R,183,BUL,25.213,275,181,G676,,,Daniel Gimeno-Traver,R,183,ESP,33.185,167,329,2-6 6-2 6-2,3,R32,100,0,1,70,41,22,11,12,1,7,0,9,73,37,18,11,12,4,12
2018-9132,Barcelona,Clay,32,C,,20181014,13,R419,,,Tommy Robredo,R,180,ESP,36.454,227,249,Z419,,,Bernabe Zapata Miralles,R,183,ESP,21.752,276,181,6-4 6-2,3,R32,72,0,1,48,27,22,15,9,0,0,2,0,62,30,17,17,9,6,9
2018-9132,Barcelona,Clay,32,C,,20181014,14,TC95,,,Johan Tatlot,R,180,FRA,22.552,238,230,A0E6,,,Bekkhan Atlangeriev,R,185,RUS,17.591,,,6-1 6-3,3,R32,57,1,3,46,21,18,16,8,0,0,0,2,44,23,14,9,8,0,4
2018-9132,Barcelona,Clay,32,C,,20181014,15,V490,,,Matteo Viola,R,185,ITA,31.272,293,172,G753,,,David Guez,R,185,FRA,35.849,308,156,7-6(5) 6-3,3,R32,105,1,3,70,43,26,14,10,5,9,0,3,75,28,17,20,11,1,7
2018-9132,Barcelona,Clay,32,C,,20181014,16,W597,,,Tak Khunn Wang,R,175,FRA,27.003,445,81,D981,,,Arthur De Greef,R,183,BEL,26.549,256,211,6-3 3-6 7-6(3),3,R32,165,2,3,112,67,38,22,15,11,17,1,7,111,60,34,27,15,13,19
2018-9132,Barcelona,Clay,32,C,,20181014,17,CF59,1,,Roberto Carballes Baena,R,183,ESP,25.561,90,619,TC95,,,Johan Tatlot,R,180,FRA,22.552,238,230,6-2 6-4,3,R16,85,2,3,54,36,28,10,9,5,6,0,4,59,35,21,11,9,4,8
2018-9132,Barcelona,Clay,32,C,,20181014,18,TA29,3,,Marco Trungelliti,R,178,ARG,28.701,129,453,W597,,,Tak Khunn Wang,R,175,FRA,27.003,445,81,5-7 7-5 6-1,3,R16,163,9,4,123,78,49,21,16,6,10,2,5,110,51,29,29,15,10,16
2018-9132,Barcelona,Clay,32,C,,20181014,19,S483,5,,Pedro Sousa,R,180,POR,30.382,144,404,R419,,,Tommy Robredo,R,180,ESP,36.454,227,249,7-5 7-5,3,R16,86,2,0,65,51,31,10,12,1,4,2,3,69,39,25,12,12,7,12
2018-9132,Barcelona,Clay,32,C,,20181014,20,BM03,,,Filippo Baldi,R,180,ITA,22.76,244,223,G935,7,,Sergio Gutierrez-Ferrol,R,,ESP,29.61,159,351,6-1 4-6 6-2,3,R16,114,1,2,104,69,41,23,13,12,14,1,2,84,56,34,9,12,8,13
2018-9132,Barcelona,Clay,32,C,,20181014,21,G983,,,Alessandro Giannessi,L,185,ITA,28.375,175,324,D750,,,Kenny De Schepper,L,203,FRA,31.379,191,294,6-3 6-2,3,R16,62,0,4,46,32,22,6,9,2,5,0,2,47,32,13,5,8,5,11
2018-9132,Barcelona,Clay,32,C,,20181014,22,GA79,,,Lorenzo Giustino,R,180,ITA,27.094,218,256,KI74,,,Nicola Kuhn,R,185,GER,18.568,342,126,6-4 4-6 6-1,3,R16,108,5,2,80,44,30,20,14,3,6,1,9,69,39,27,13,13,2,7
2018-9132,Barcelona,Clay,32,C,,20181014,23,MO44,,,Pedro Martinez,R,185,ESP,21.467,174,325,KC33,,,Dimitar Kuzmanov,R,183,BUL,25.213,275,181,6-2 6-4,3,R16,94,1,2,60,38,23,12,9,1,3,0,3,60,36,16,14,9,2,7
2018-9132,Barcelona,Clay,32,C,,20181014,24,Z246,,,Miljan Zekic,R,185,SRB,30.256,278,180,V490,,,Matteo Viola,R,185,ITA,31.272,293,172,6-4 7-5,3,R16,114,3,5,76,53,33,12,11,5,8,0,9,83,60,36,8,11,9,14
2018-9132,Barcelona,Clay,32,C,,20181014,25,CF59,1,,Roberto Carballes Baena,R,183,ESP,25.561,90,619,G983,,,Alessandro Giannessi,L,185,ITA,28.375,175,324,6-2 6-2,3,QF,88,1,6,65,40,30,11,8,10,11,3,5,64,39,21,9,8,11,16
2018-9132,Barcelona,Clay,32,C,,20181014,26,TA29,3,,Marco Trungelliti,R,178,ARG,28.701,129,453,S483,5,,Pedro Sousa,R,180,POR,30.382,144,404,4-6 6-4 6-2,3,QF,113,4,4,94,53,32,19,14,8,14,3,3,95,71,39,6,14,3,11
2018-9132,Barcelona,Clay,32,C,,20181014,27,BM03,,,Filippo Baldi,R,180,ITA,22.76,244,223,Z246,,,Miljan Zekic,R,185,SRB,30.256,278,180,6-3 6-3,3,QF,64,3,0,52,35,28,9,9,1,1,3,3,44,30,20,6,9,0,3
2018-9132,Barcelona,Clay,32,C,,20181014,28,MO44,,,Pedro Martinez,R,185,ESP,21.467,174,325,GA79,,,Lorenzo Giustino,R,180,ITA,27.094,218,256,6-2 7-5,3,QF,106,2,5,68,38,25,17,10,7,9,1,1,67,41,22,11,10,5,10
2018-9132,Barcelona,Clay,32,C,,20181014,29,CF59,1,,Roberto Carballes Baena,R,183,ESP,25.561,90,619,TA29,3,,Marco Trungelliti,R,178,ARG,28.701,129,453,6-4 1-6 7-5,3,SF,143,1,4,89,53,39,17,14,6,9,6,7,98,46,37,22,15,2,5
2018-9132,Barcelona,Clay,32,C,,20181014,30,MO44,,,Pedro Martinez,R,185,ESP,21.467,174,325,BM03,,,Filippo Baldi,R,180,ITA,22.76,244,223,6-4 6-2,3,SF,84,0,2,67,43,25,15,9,4,6,1,3,56,33,20,7,9,1,6
2018-9132,Barcelona,Clay,32,C,,20181014,31,CF59,1,,Roberto Carballes Baena,R,183,ESP,25.561,90,619,MO44,,,Pedro Martinez,R,185,ESP,21.467,174,325,1-6 6-3 6-0,3,F,114,0,9,66,36,28,12,11,1,5,1,10,88,50,29,14,11,12,18
2018-7343,Ningbo,Hard,32,C,,20181021,1,HB71,1,,Hubert Hurkacz,R,196,POL,21.689,88,624,X015,,,Zihao Xia,R,,CHN,21.722,539,60,6-3 7-6(3),3,R32,75,8,3,65,41,33,14,11,2,3,2,3,69,34,23,18,10,1,3
2018-7343,Ningbo,Hard,32,C,,20181021,2,A829,2,,Radu Albot,R,175,MDA,28.942,98,587,SX90,,,Fajing Sun,R,178,CHN,22.048,677,37,6-4 6-3,3,R32,77,0,1,48,32,24,7,9,2,4,0,4,71,32,17,20,10,4,9
2018-7343,Ningbo,Hard,32,C,,20181021,3,F586,3,,Thomas Fabbiano,R,173,ITA,29.405,131,450,N897,,,Sumit Nagal,R,178,IND,21.18,312,148,4-6 6-4 6-2,3,R32,122,1,2,82,49,32,20,14,1,5,5,2,85,54,32,14,14,4,10
2018-7343,Ningbo,Hard,32,C,,20181021,4,CH90,,,Yun seong Chung,R,178,KOR,20.569,291,171,RB56,4,,Ramkumar Ramanathan,R,188,IND,23.951,125,471,1-6 7-6(7) 7-6(2),3,R32,136,1,2,114,71,45,22,15,6,11,12,8,101,62,48,19,16,4,7
2018-7343,Ningbo,Hard,32,C,,20181021,5,KI95,5,,Miomir Kecmanovic,R,183,SRB,19.14,161,348,HB59,,,Yecong He,R,180,CHN,24.679,746,28,6-1 6-4,3,R32,54,2,3,47,26,21,13,9,1,2,1,1,41,29,14,7,8,2,6
2018-7343,Ningbo,Hard,32,C,,20181021,6,SC47,,,Go Soeda,R,178,JPN,34.125,184,296,LA93,6,,Enrique Lopez Perez,R,180,ESP,27.384,169,329,7-6(9) 3-6 7-6(7),3,R32,146,11,2,99,67,51,24,16,1,2,12,3,113,66,53,30,17,3,3
2018-7343,Ningbo,Hard,32,C,,20181021,7,GA94,7,,Prajnesh Gunneswaran,L,188,IND,28.939,170,328,SK47,,,Mohamed Safwat,R,180,EGY,28.088,205,265,7-6(7) 6-2,3,R32,89,3,0,64,40,29,16,10,1,2,2,2,71,43,32,10,10,3,6
2018-7343,Ningbo,Hard,32,C,,20181021,8,I230,8,,Tatsuma Ito,R,180,JPN,30.426,173,326,TF58,,,Yusuke Takahashi,R,170,JPN,21.01,451,81,7-6(3) 6-3,3,R32,95,8,1,70,43,35,16,11,3,4,2,1,74,43,28,17,10,4,6
2018-7343,Ningbo,Hard,32,C,,20181021,9,DH50,,,Alejandro Davidovich Fokina,R,180,ESP,19.379,280,179,T982,,,Tsung-Hua Yang,R,178,TPE,27.565,271,189,6-3 7-5,3,R32,72,2,0,68,47,31,13,11,2,3,5,2,55,35,21,11,10,3,6
2018-7343,Ningbo,Hard,32,C,,20181021,10,DC76,,,Viktor Durasovic,R,185,NOR,21.591,487,72,WB32,,,Yibing Wu,R,183,CHN,19.02,332,136,6-4 7-5,3,R32,90,5,1,68,36,28,20,11,1,2,2,0,74,43,27,17,11,5,8
2018-7343,Ningbo,Hard,32,C,,20181021,11,GB53,,,Federico Gaio,R,178,ITA,26.628,243,226,CG33,,,Kimmer Coppejans,R,178,BEL,24.701,211,260,6-3 2-6 6-4,3,R32,114,6,3,90,48,35,18,14,6,10,4,5,79,58,38,8,13,2,6
2018-7343,Ningbo,Hard,32,C,,20181021,12,L733,,,Zhe Li,R,183,CHN,32.085,253,213,O482,,,Gonzalo Oliveira,L,185,VEN,23.674,279,180,4-6 7-6(5) 6-3,3,R32,146,5,1,111,85,57,16,15,9,10,11,4,107,67,49,22,16,7,9
2018-7343,Ningbo,Hard,32,C,,20181021,13,MI01,,,Hiroki Moriya,R,168,JPN,28.014,187,290,W571,,,Di Wu,R,173,CHN,27.102,342,132,6-4 6-4,3,R32,72,4,2,62,37,21,20,10,2,3,4,2,56,29,19,15,10,1,4
2018-7343,Ningbo,Hard,32,C,,20181021,14,TG30,,,Rigele Te,R,188,CHN,21.032,413,92,Z272,,,Ze Zhang,R,188,CHN,28.298,214,257,6-1 6-2,3,R32,55,1,2,40,17,12,15,7,3,4,2,9,52,21,11,10,8,3,9
2018-7343,Ningbo,Hard,32,C,,20181021,15,TD55,,,Renta Tokuda,R,178,JPN,20.564,307,154,ME64,,,Saketh Myneni,R,193,IND,31.006,326,140,6-3 6-2,3,R32,77,2,1,78,41,29,19,9,5,6,2,5,55,38,19,8,8,7,11
2018-7343,Ningbo,Hard,32,C,,20181021,16,WB08,,,Yosuke Watanuki,R,180,JPN,20.526,220,253,BI23,,,Liam Broady,L,183,GBR,24.794,266,196,6-2 7-5,3,R32,95,0,2,60,33,23,15,10,4,6,1,0,70,43,19,17,10,6,11
2018-7343,Ningbo,Hard,32,C,,20181021,17,DC76,,,Viktor Durasovic,R,185,NOR,21.591,487,72,HB71,1,,Hubert Hurkacz,R,196,POL,21.689,88,624,7-6(4) 6-4,3,R16,101,1,4,85,51,37,17,11,3,4,4,2,74,51,35,11,11,6,8
2018-7343,Ningbo,Hard,32,C,,20181021,18,A829,2,,Radu Albot,R,175,MDA,28.942,98,587,TD55,,,Renta Tokuda,R,178,JPN,20.564,307,154,6-4 7-6(3),3,R16,100,2,2,70,41,27,20,11,1,3,2,1,84,58,37,12,11,3,6
2018-7343,Ningbo,Hard,32,C,,20181021,19,F586,3,,Thomas Fabbiano,R,173,ITA,29.405,131,450,MI01,,,Hiroki Moriya,R,168,JPN,28.014,187,290,6-4 6-4,3,R16,97,1,2,57,28,22,20,10,3,3,0,4,66,36,24,15,10,5,7
2018-7343,Ningbo,Hard,32,C,,20181021,20,KI95,5,,Miomir Kecmanovic,R,183,SRB,19.14,161,348,DH50,,,Alejandro Davidovich Fokina,R,180,ESP,19.379,280,179,4-6 6-3 6-4,3,R16,111,3,4,97,65,48,15,15,4,6,5,0,87,52,34,20,14,7,10
2018-7343,Ningbo,Hard,32,C,,20181021,21,GA94,7,,Prajnesh Gunneswaran,L,188,IND,28.939,170,328,L733,,,Zhe Li,R,183,CHN,32.085,253,213,6-3 2-6 7-6(0),3,R16,118,7,1,86,47,32,25,15,2,5,3,2,86,66,47,7,14,2,4
2018-7343,Ningbo,Hard,32,C,,20181021,22,I230,8,,Tatsuma Ito,R,180,JPN,30.426,173,326,TG30,,,Rigele Te,R,188,CHN,21.032,413,92,6-4 6-4,3,R16,71,4,0,55,31,23,17,10,2,3,6,4,56,33,25,9,10,2,5
2018-7343,Ningbo,Hard,32,C,,20181021,23,CH90,,,Yun seong Chung,R,178,KOR,20.569,291,171,WB08,,,Yosuke Watanuki,R,180,JPN,20.526,220,253,2-6 7-6(5) 6-3,3,R16,145,3,4,114,71,48,16,15,10,16,4,5,101,47,33,24,14,10,15
2018-7343,Ningbo,Hard,32,C,,20181021,24,GB53,,,Federico Gaio,R,178,ITA,26.628,243,226,SC47,,,Go Soeda,R,178,JPN,34.125,184,296,6-4 7-6(7),3,R16,89,8,3,71,43,34,14,11,3,5,4,1,69,43,30,10,11,1,4
2018-7343,Ningbo,Hard,32,C,,20181021,25,A829,2,,Radu Albot,R,175,MDA,28.942,98,587,I230,8,,Tatsuma Ito,R,180,JPN,30.426,173,326,7-5 6-4,3,QF,104,2,0,62,38,24,10,11,1,6,2,4,81,43,22,17,11,8,15
2018-7343,Ningbo,Hard,32,C,,20181021,26,F586,3,,Thomas Fabbiano,R,173,ITA,29.405,131,450,GB53,,,Federico Gaio,R,178,ITA,26.628,243,226,1-6 6-4 6-4,3,QF,117,0,3,74,45,31,10,14,3,9,8,3,77,45,29,13,13,4,9
2018-7343,Ningbo,Hard,32,C,,20181021,27,KI95,5,,Miomir Kecmanovic,R,183,SRB,19.14,161,348,DC76,,,Viktor Durasovic,R,185,NOR,21.591,487,72,6-2 6-4,3,QF,67,2,1,51,33,23,10,9,6,9,3,4,53,34,15,6,9,3,9
2018-7343,Ningbo,Hard,32,C,,20181021,28,GA94,7,,Prajnesh Gunneswaran,L,188,IND,28.939,170,328,CH90,,,Yun seong Chung,R,178,KOR,20.569,291,171,6-2 6-1,3,QF,61,6,1,48,35,27,7,8,1,1,2,1,46,31,17,6,7,7,11
2018-7343,Ningbo,Hard,32,C,,20181021,29,F586,3,,Thomas Fabbiano,R,173,ITA,29.405,131,450,A829,2,,Radu Albot,R,175,MDA,28.942,98,587,6-1 6-3,3,SF,80,0,1,56,33,26,13,8,6,6,1,2,43,24,13,10,8,1,5
2018-7343,Ningbo,Hard,32,C,,20181021,30,GA94,7,,Prajnesh Gunneswaran,L,188,IND,28.939,170,328,KI95,5,,Miomir Kecmanovic,R,183,SRB,19.14,161,348,6-2 6-2,3,SF,64,3,0,41,28,23,8,8,0,1,0,1,58,38,20,7,8,5,10
2018-7343,Ningbo,Hard,32,C,,20181021,31,F586,3,,Thomas Fabbiano,R,173,ITA,29.405,131,450,GA94,7,,Prajnesh Gunneswaran,L,188,IND,28.939,170,328,7-6(4) 4-6 6-3,3,F,174,5,4,143,93,62,29,16,15,16,10,1,97,67,50,18,15,6,7
2018-7793,Ismaning,Hard,32,C,,20181021,1,CG04,,,Pedro Cachin,R,185,ARG,23.526,264,200,SU87,1,,Lorenzo Sonego,R,191,ITA,23.447,101,579,5-7 6-4 6-4,3,R32,123,2,7,101,59,41,25,16,1,3,11,6,83,51,41,17,16,0,3
2018-7793,Ismaning,Hard,32,C,,20181021,2,HH26,,,Ugo Humbert,L,188,FRA,20.32,99,586,LC11,,,Tristan Lamasine,R,183,FRA,25.629,333,136,7-6(1) 6-3,3,R32,88,9,4,77,49,36,14,11,7,9,4,2,62,40,30,6,10,3,6
2018-7793,Ismaning,Hard,32,C,,20181021,3,BM03,,,Filippo Baldi,R,180,ITA,22.779,239,234,TA29,3,,Marco Trungelliti,R,178,ARG,28.72,119,482,6-3 6-4,3,R32,79,10,4,78,42,30,18,10,8,10,3,4,60,29,18,15,9,5,9
2018-7793,Ismaning,Hard,32,C,,20181021,4,TA12,4,,Stefano Travaglia,R,185,ITA,26.815,144,405,BE68,,,Tomislav Brkic,R,185,BIH,28.619,269,193,7-5 6-3,3,R32,68,15,1,53,27,24,15,10,1,2,5,4,64,32,21,17,11,2,6
2018-7793,Ismaning,Hard,32,C,,20181021,5,HB31,,,Johannes Haerteis,L,196,GER,22.661,650,40,DB59,5,,Dennis Novak,R,183,AUT,25.147,137,430,0-6 7-6(5) 7-5,3,R32,106,4,12,109,69,53,15,15,5,8,13,6,87,54,42,19,15,2,3
2018-7793,Ismaning,Hard,32,C,,20181021,6,BK24,,,Gregoire Barrere,R,183,FRA,24.676,147,404,L0B7,,,Kai Lemstra,R,188,GER,19.34,1328,4,7-6(5) 6-3,3,R32,70,8,3,59,33,28,17,10,0,1,2,2,78,51,35,13,11,3,6
2018-7793,Ismaning,Hard,32,C,,20181021,7,W503,,,James Ward,R,188,GBR,31.696,224,251,HB64,7,,Quentin Halys,R,191,FRA,21.985,153,378,6-7(6) 6-3 7-6(3),3,R32,116,16,4,117,65,49,30,17,7,8,24,13,105,53,44,27,16,4,6
2018-7793,Ismaning,Hard,32,C,,20181021,8,WB25,,,Louis Wessels,R,198,GER,20.151,352,120,MO55,8,,Lucas Miedler,R,183,AUT,22.333,201,269,7-6(10) 6-3,3,R32,92,11,2,68,44,37,13,11,0,1,4,6,73,42,32,14,10,5,7
2018-7793,Ismaning,Hard,32,C,,20181021,9,BM95,,,Benjamin Bonzi,R,183,FRA,22.366,340,132,HB67,,,Christopher Heyman,L,188,BEL,25.035,292,170,7-5 4-6 6-4,3,R32,113,3,3,93,55,41,20,16,3,6,13,3,87,45,35,20,16,3,7
2018-7793,Ismaning,Hard,32,C,,20181021,10,J400,,,Jeremy Jahn,R,178,GER,28.545,459,79,BA65,,,Dustin Brown,R,196,JAM,33.867,228,249,6-1 1-0 RET,3,R32,27,1,1,20,8,8,9,4,0,0,1,6,20,7,5,3,4,1,4
2018-7793,Ismaning,Hard,32,C,,20181021,11,KI63,,,Lukas Klein,R,193,SVK,20.583,489,71,E928,,,Alexander Erler,R,193,AUT,20.983,431,86,6-3 6-4,3,R32,50,11,0,46,31,27,13,10,0,0,3,3,49,25,18,14,9,2,4
2018-7793,Ismaning,Hard,32,C,,20181021,12,KB92,,,Kevin Krawietz,R,188,GER,26.741,260,205,GA71,,,Laurynas Grigelis,R,183,LTU,27.187,240,231,6-4 7-6(4),3,R32,84,10,3,74,49,39,14,11,6,7,10,4,73,47,40,8,11,4,6
2018-7793,Ismaning,Hard,32,C,,20181021,13,MN20,,,Daniel Masur,R,183,GER,23.956,285,176,Z419,,,Bernabe Zapata Miralles,R,183,ESP,21.771,287,174,7-6(6) 6-3,3,R32,78,8,2,71,41,32,16,11,0,1,3,2,61,40,25,11,10,0,2
2018-7793,Ismaning,Hard,32,C,,20181021,14,SJ22,,,Gleb Sakharov,R,185,FRA,30.363,255,212,O408,,,Ricardo Ojeda Lara,R,178,ESP,25.733,305,157,6-3 6-1,3,R32,56,9,1,35,20,19,13,8,0,0,0,3,68,38,18,17,8,4,8
2018-7793,Ismaning,Hard,32,C,,20181021,15,S09L,,,Christian Seraphim,R,206,GER,23.409,1575,2,ML57,,,Gianluca Mager,R,188,ITA,23.888,284,177,7-6(5) 7-6(5),3,R32,89,13,5,84,60,48,13,12,6,7,7,4,81,40,34,23,12,1,2
2018-7793,Ismaning,Hard,32,C,,20181021,16,V490,,,Matteo Viola,R,185,ITA,31.291,296,168,SN77,,,Vaclav Safranek,R,183,CZE,24.422,327,139,6-4 6-2,3,R32,60,2,2,56,41,32,9,9,1,1,4,3,63,36,23,12,9,6,9
2018-7793,Ismaning,Hard,32,C,,20181021,17,HH26,,,Ugo Humbert,L,188,FRA,20.32,99,586,S09L,,,Christian Seraphim,R,206,GER,23.409,1575,2,6-3 6-4,3,R16,68,4,5,62,36,28,14,10,5,6,6,1,57,36,24,9,9,2,5
2018-7793,Ismaning,Hard,32,C,,20181021,18,SJ22,,,Gleb Sakharov,R,185,FRA,30.363,255,212,TA12,4,,Stefano Travaglia,R,185,ITA,26.815,144,405,3-6 6-4 6-4,3,R16,116,15,5,90,52,44,19,15,7,9,12,1,87,45,40,19,14,6,8
2018-7793,Ismaning,Hard,32,C,,20181021,19,KB92,,,Kevin Krawietz,R,188,GER,26.741,260,205,BK24,,,Gregoire Barrere,R,183,FRA,24.676,147,404,5-7 7-5 7-6(4),3,R16,119,16,5,113,78,59,17,18,7,10,3,7,116,69,52,22,18,7,10
2018-7793,Ismaning,Hard,32,C,,20181021,20,BM03,,,Filippo Baldi,R,180,ITA,22.779,239,234,BM95,,,Benjamin Bonzi,R,183,FRA,22.366,340,132,7-6(4) 2-6 7-6(4),3,R16,124,6,5,115,76,56,16,16,9,13,9,7,103,58,46,25,16,3,5
2018-7793,Ismaning,Hard,32,C,,20181021,21,HB31,,,Johannes Haerteis,L,196,GER,22.661,650,40,KI63,,,Lukas Klein,R,193,SVK,20.583,489,71,6-3 4-6 7-5,3,R16,107,6,8,104,77,57,14,16,8,9,10,3,96,67,52,12,15,8,10
2018-7793,Ismaning,Hard,32,C,,20181021,22,J400,,,Jeremy Jahn,R,178,GER,28.545,459,79,WB25,,,Louis Wessels,R,198,GER,20.151,352,120,7-6(5) 6-4,3,R16,93,4,2,68,38,29,21,11,2,3,10,4,94,55,33,22,11,7,9
2018-7793,Ismaning,Hard,32,C,,20181021,23,MN20,,,Daniel Masur,R,183,GER,23.956,285,176,CG04,,,Pedro Cachin,R,185,ARG,23.526,264,200,6-2 6-2,3,R16,63,8,3,46,27,22,12,8,2,2,1,2,58,34,19,11,8,6,10
2018-7793,Ismaning,Hard,32,C,,20181021,24,V490,,,Matteo Viola,R,185,ITA,31.291,296,168,W503,,,James Ward,R,188,GBR,31.696,224,251,7-5 1-6 7-6(3),3,R16,129,2,5,92,63,40,15,15,1,6,13,8,130,79,55,20,16,16,20
2018-7793,Ismaning,Hard,32,C,,20181021,25,HH26,,,Ugo Humbert,L,188,FRA,20.32,99,586,V490,,,Matteo Viola,R,185,ITA,31.291,296,168,6-1 6-2,3,QF,50,1,2,43,29,22,10,8,0,0,1,5,49,27,16,7,7,8,12
2018-7793,Ismaning,Hard,32,C,,20181021,26,BM03,,,Filippo Baldi,R,180,ITA,22.779,239,234,KB92,,,Kevin Krawietz,R,188,GER,26.741,260,205,4-6 6-2 6-4,3,QF,93,7,5,86,55,41,17,14,3,4,11,6,82,55,44,9,14,4,7
2018-7793,Ismaning,Hard,32,C,,20181021,27,HB31,,,Johannes Haerteis,L,196,GER,22.661,650,40,MN20,,,Daniel Masur,R,183,GER,23.956,285,176,7-5 6-3,3,QF,71,6,4,64,40,35,10,10,4,4,4,5,63,41,31,8,11,0,3
2018-7793,Ismaning,Hard,32,C,,20181021,28,SJ22,,,Gleb Sakharov,R,185,FRA,30.363,255,212,J400,,,Jeremy Jahn,R,178,GER,28.545,459,79,6-3 3-6 6-3,3,QF,113,12,4,87,46,38,21,14,8,9,6,1,75,48,36,13,13,1,3
2018-7793,Ismaning,Hard,32,C,,20181021,29,BM03,,,Filippo Baldi,R,180,ITA,22.779,239,234,HH26,,,Ugo Humbert,L,188,FRA,20.32,99,586,6-4 7-5,3,SF,100,4,3,88,49,35,21,11,6,7,6,0,73,45,29,14,11,5,8
2018-7793,Ismaning,Hard,32,C,,20181021,30,SJ22,,,Gleb Sakharov,R,185,FRA,30.363,255,212,HB31,,,Johannes Haerteis,L,196,GER,22.661,650,40,6-4 6-2,3,SF,70,6,1,50,33,28,9,9,0,0,1,2,61,38,24,9,9,2,5
2018-7793,Ismaning,Hard,32,C,,20181021,31,BM03,,,Filippo Baldi,R,180,ITA,22.779,239,234,SJ22,,,Gleb Sakharov,R,185,FRA,30.363,255,212,6-4 6-4,3,F,89,4,2,63,34,26,19,10,6,6,4,1,54,36,27,11,10,5,7
2018-9128,Calgary,Hard,32,C,,20181021,1,TC61,1,,Jordan Thompson,R,183,AUS,24.504,108,542,R822,,,Laurent Rochette,R,180,FRA,30.708,545,59,6-2 7-6(5),3,R32,86,1,3,64,38,28,12,10,1,3,0,5,74,42,27,11,10,7,11
2018-9128,Calgary,Hard,32,C,,20181021,2,K336,2,,Ivo Karlovic,R,211,CRO,39.644,121,479,KB37,,,Evan King,L,185,USA,26.574,276,182,7-6(5) 6-7(6) 7-6(3),3,R32,138,30,10,116,67,62,29,18,1,1,8,2,114,79,66,23,18,2,2
2018-9128,Calgary,Hard,32,C,,20181021,3,J380,3,,Jason Jung,R,180,TPE,29.35,128,459,D916,,,Steven Diez,R,175,CAN,27.598,382,106,6-3 6-7(0) 6-3,3,R32,149,7,9,100,52,41,25,16,6,8,4,6,96,62,45,13,14,6,10
2018-9128,Calgary,Hard,32,C,,20181021,4,MB53,4,,Adrian Menendez-Maceiras,R,183,ESP,32.98,122,478,KB14,,,Kevin King,L,191,USA,27.644,286,174,4-6 7-5 7-5,3,R32,155,2,7,114,65,41,22,17,7,13,10,17,106,57,39,16,17,8,15
2018-9128,Calgary,Hard,32,C,,20181021,5,RH16,5,,Casper Ruud,R,183,NOR,19.83,127,462,G892,,,Alejandro Gonzalez,R,191,COL,29.7,347,122,3-6 7-5 7-6(3),3,R32,138,9,6,96,59,46,19,16,1,4,8,5,113,57,40,33,17,10,13
2018-9128,Calgary,Hard,32,C,,20181021,6,AC84,,,Collin Altamirano,R,188,USA,22.872,298,165,CI14,7,,Jay Clarke,R,183,GBR,20.235,178,314,7-5 6-0,3,R32,97,9,3,67,31,25,16,9,2,3,3,6,67,26,17,15,9,4,9
2018-9128,Calgary,Hard,32,C,,20181021,7,Q941,8,,Roberto Quiroz,L,193,ECU,26.658,185,294,ME31,,,Vincent Millot,L,173,FRA,32.723,446,82,1-6 7-5 6-1,3,R32,97,11,3,75,45,31,19,13,1,4,5,6,86,41,24,25,13,4,8
2018-9128,Calgary,Hard,32,C,,20181021,8,BK19,,,Mathias Bourgue,R,188,FRA,24.756,299,164,U120,,,Kaichi Uchida,R,180,JPN,24.162,283,178,6-7(3) 6-2 6-2,3,R32,102,24,5,79,52,46,15,14,2,2,9,4,86,40,35,21,14,4,8
2018-9128,Calgary,Hard,32,C,,20181021,9,CH12,,,Jan Choinski,R,196,GBR,22.363,267,196,KE64,,,Stefan Kozlov,R,183,USA,20.717,262,202,6-3 6-3,3,R32,73,5,2,46,28,20,12,9,0,2,1,3,65,33,17,15,9,3,8
2018-9128,Calgary,Hard,32,C,,20181021,10,CG94,,,Enzo Couacaud,R,183,FRA,23.641,325,140,O340,,,Roberto Ortega-Olmedo,R,168,ESP,27.477,316,146,6-2 4-6 6-3,3,R32,79,17,2,66,38,37,18,14,0,1,4,5,78,40,26,21,13,2,5
2018-9128,Calgary,Hard,32,C,,20181021,11,GK06,,,Alexis Galarneau,R,180,CAN,19.639,707,33,V886,,,Pablo Vivero Gonzalez,R,193,ESP,23.488,455,80,6-2 6-4,3,R32,75,3,3,57,29,18,16,9,3,5,1,10,68,35,20,13,9,2,7
2018-9128,Calgary,Hard,32,C,,20181021,12,GH92,,,Borna Gojo,R,196,CRO,20.646,505,67,SY69,,,Harrison Scott,,,CAN,21.61,1520,2,6-0 6-1,3,R32,38,7,2,39,27,22,7,7,0,0,0,7,31,12,4,5,6,2,7
2018-9128,Calgary,Hard,32,C,,20181021,13,I306,,,Cem Ilkel,R,185,TUR,23.168,234,239,SP80,,,Nino Serdarusic,R,191,CRO,21.854,202,269,7-5 7-5,3,R32,88,4,2,67,36,28,16,12,5,7,3,5,79,44,26,17,12,6,10
2018-9128,Calgary,Hard,32,C,,20181021,14,PF65,,,Filip Peliwo,R,180,POL,24.723,194,279,KB12,,,Pavel Krainik,R,,CAN,26.062,612,46,6-4 3-6 6-3,3,R32,95,0,6,65,29,26,21,14,1,4,14,7,100,54,39,16,14,8,12
2018-9128,Calgary,Hard,32,C,,20181021,15,SP24,,,Brayden Schnur,R,193,CAN,23.299,237,235,R419,,,Tommy Robredo,R,180,ESP,36.474,216,255,4-6 6-1 6-4,3,R32,96,11,5,72,44,40,15,14,0,1,7,3,80,37,28,22,13,1,4
2018-9128,Calgary,Hard,32,C,,20181021,16,SJ55,,,John-Patrick Smith,L,188,AUS,29.739,242,226,F974,,,Tom Fawcett,R,196,USA,23.009,601,47,7-6(4) 7-6(3),3,R32,101,6,2,73,39,28,23,12,1,3,6,5,84,58,38,15,12,6,8
2018-9128,Calgary,Hard,32,C,,20181021,17,TC61,1,,Jordan Thompson,R,183,AUS,24.504,108,542,GK06,,,Alexis Galarneau,R,180,CAN,19.639,707,33,6-2 6-0,3,R16,58,6,1,37,24,21,7,7,0,0,0,6,48,26,15,5,7,2,7
2018-9128,Calgary,Hard,32,C,,20181021,18,K336,2,,Ivo Karlovic,R,211,CRO,39.644,121,479,BK19,,,Mathias Bourgue,R,188,FRA,24.756,299,164,7-6(4) 4-6 6-3,3,R16,113,25,9,105,66,52,20,16,3,4,10,3,85,53,47,17,15,2,3
2018-9128,Calgary,Hard,32,C,,20181021,19,GH92,,,Borna Gojo,R,196,CRO,20.646,505,67,J380,3,,Jason Jung,R,180,TPE,29.35,128,459,7-6(2) 6-2,3,R16,87,6,6,68,41,30,17,10,2,3,2,2,71,45,31,12,10,2,5
2018-9128,Calgary,Hard,32,C,,20181021,20,SP24,,,Brayden Schnur,R,193,CAN,23.299,237,235,MB53,4,,Adrian Menendez-Maceiras,R,183,ESP,32.98,122,478,4-6 6-2 7-6(4),3,R16,127,16,6,94,62,51,15,15,3,5,10,4,99,57,45,19,15,6,9
2018-9128,Calgary,Hard,32,C,,20181021,21,RH16,5,,Casper Ruud,R,183,NOR,19.83,127,462,CH12,,,Jan Choinski,R,196,GBR,22.363,267,196,6-3 6-2,3,R16,62,5,0,52,32,27,11,9,1,1,7,2,55,35,22,8,8,2,5
2018-9128,Calgary,Hard,32,C,,20181021,22,Q941,8,,Roberto Quiroz,L,193,ECU,26.658,185,294,I306,,,Cem Ilkel,R,185,TUR,23.168,234,239,6-4 6-3,3,R16,81,6,1,61,34,27,13,9,1,2,6,2,78,40,25,19,10,5,9
2018-9128,Calgary,Hard,32,C,,20181021,23,CG94,,,Enzo Couacaud,R,183,FRA,23.641,325,140,SJ55,,,John-Patrick Smith,L,188,AUS,29.739,242,226,7-5 7-5,3,R16,91,8,1,77,37,31,21,12,9,11,4,2,81,46,27,18,12,5,9
2018-9128,Calgary,Hard,32,C,,20181021,24,PF65,,,Filip Peliwo,R,180,POL,24.723,194,279,AC84,,,Collin Altamirano,R,188,USA,22.872,298,165,5-7 7-6(6) 6-1,3,R16,139,7,10,101,54,40,17,15,4,9,7,5,120,54,32,29,16,10,17
2018-9128,Calgary,Hard,32,C,,20181021,25,TC61,1,,Jordan Thompson,R,183,AUS,24.504,108,542,CG94,,,Enzo Couacaud,R,183,FRA,23.641,325,140,6-3 6-4,3,QF,73,1,5,57,41,28,5,10,4,8,1,4,55,26,14,10,9,7,13
2018-9128,Calgary,Hard,32,C,,20181021,26,K336,2,,Ivo Karlovic,R,211,CRO,39.644,121,479,Q941,8,,Roberto Quiroz,L,193,ECU,26.658,185,294,7-6(4) 4-6 7-6(4),3,QF,121,27,3,96,65,56,22,17,1,2,4,3,111,72,57,24,17,3,3
2018-9128,Calgary,Hard,32,C,,20181021,27,RH16,5,,Casper Ruud,R,183,NOR,19.83,127,462,SP24,,,Brayden Schnur,R,193,CAN,23.299,237,235,4-6 6-3 6-4,3,QF,132,13,4,120,72,49,25,15,10,12,7,3,79,52,40,14,14,5,8
2018-9128,Calgary,Hard,32,C,,20181021,28,GH92,,,Borna Gojo,R,196,CRO,20.646,505,67,PF65,,,Filip Peliwo,R,180,POL,24.723,194,279,6-0 6-3,3,QF,53,7,3,48,22,17,13,8,3,4,1,4,38,22,10,5,7,2,7
2018-9128,Calgary,Hard,32,C,,20181021,29,TC61,1,,Jordan Thompson,R,183,AUS,24.504,108,542,RH16,5,,Casper Ruud,R,183,NOR,19.83,127,462,6-7(5) 6-0 7-6(4),3,SF,136,6,3,96,66,50,21,15,4,5,14,2,110,76,54,14,15,7,11
2018-9128,Calgary,Hard,32,C,,20181021,30,K336,2,,Ivo Karlovic,R,211,CRO,39.644,121,479,GH92,,,Borna Gojo,R,196,CRO,20.646,505,67,7-6(3) 7-6(2),3,SF,91,20,3,75,42,38,21,12,2,3,6,2,76,47,37,17,12,1,2
2018-9128,Calgary,Hard,32,C,,20181021,31,K336,2,,Ivo Karlovic,R,211,CRO,39.644,121,479,TC61,1,,Jordan Thompson,R,183,AUS,24.504,108,542,7-6(3) 6-3,3,F,73,24,4,68,46,39,12,11,2,3,0,2,57,44,32,7,10,2,4
2018-6579,Lima,Clay,32,C,,20181027,1,D985,,,Joao Domingues,R,,POR,25.06,229,245,C882,1,,Pablo Cuevas,R,180,URU,32.819,66,795,7-6(6) 6-4,3,R32,104,1,2,88,59,40,13,11,6,8,6,1,76,47,29,18,11,4,7
2018-6579,Lima,Clay,32,C,,20181027,2,D874,2,,Federico Delbonis,L,193,ARG,28.06,84,663,KD70,,,Pedja Krstin,R,183,SRB,24.148,184,305,6-2 6-2,3,R32,67,3,1,48,37,25,7,8,2,3,0,5,53,28,16,6,8,2,7
2018-6579,Lima,Clay,32,C,,20181027,3,A887,3,,Guido Andreozzi,R,183,ARG,27.228,94,601,SC73,,,Rogerio Dutra Silva,R,178,BRA,34.724,151,379,4-6 6-1 1-0 RET,3,R32,100,0,1,65,48,33,6,9,5,8,1,5,59,44,20,7,9,1,6
2018-6579,Lima,Clay,32,C,,20181027,4,GD64,4,,Cristian Garin,R,185,CHI,22.409,102,574,O376,,,Renzo Olivo,R,178,ARG,26.617,520,65,4-6 6-1 6-2,3,R32,118,1,4,78,47,37,15,13,2,4,2,4,90,58,29,16,12,11,16
2018-6579,Lima,Clay,32,C,,20181027,5,A596,5,,Pablo Andujar,R,180,ESP,32.758,105,562,CF88,,,Roberto Cid Subervi,R,193,DOM,25.158,230,243,6-3 6-3,3,R32,84,0,1,50,35,22,11,9,1,3,1,1,57,36,22,7,9,3,8
2018-6579,Lima,Clay,32,C,,20181027,6,MJ08,6,,Thiago Monteiro,L,183,BRA,24.408,115,503,G725,,,Santiago Giraldo,R,188,COL,30.916,310,149,1-6 6-2 7-5,3,R32,110,4,2,64,40,30,14,13,0,3,2,1,88,62,40,11,14,6,10
2018-6579,Lima,Clay,32,C,,20181027,7,L503,7,,Paolo Lorenzi,R,183,ITA,36.865,114,503,MI43,,,Gerald Melzer,L,188,AUT,28.29,160,352,7-6(2) 7-6(3),3,R32,120,4,3,70,30,26,21,12,2,5,1,9,72,35,24,17,12,2,5
2018-6579,Lima,Clay,32,C,,20181027,8,DA31,8,,Hugo Dellien,R,180,BOL,25.363,116,498,Z246,,,Miljan Zekic,R,185,SRB,30.292,264,195,6-4 7-5,3,R32,98,0,0,67,55,40,10,11,2,2,2,1,68,42,29,13,11,1,3
2018-6579,Lima,Clay,32,C,,20181027,9,A941,,,Facundo Arguello,R,178,ARG,26.229,269,188,V836,,,Juan Pablo Varillas,R,185,PER,23.058,331,135,6-4 6-1,3,R32,84,3,5,53,37,27,9,8,6,6,2,3,46,32,17,7,9,1,5
2018-6579,Lima,Clay,32,C,,20181027,10,BS86,,,Tomas Barrios Vera,R,191,CHI,20.879,300,159,R913,,,Cristian Rodriguez,R,180,COL,28.342,496,69,6-4 3-6 6-3,3,R32,112,2,3,86,51,38,20,14,3,5,7,1,78,51,36,16,14,3,6
2018-6579,Lima,Clay,32,C,,20181027,11,CC32,,,Guilherme Clezar,R,180,BRA,25.821,246,215,TE43,,,Kent Tagashira,R,191,GUA,25.101,2050,1,6-0 6-0,3,R32,40,2,1,27,17,15,9,6,0,0,0,4,36,17,6,4,6,2,8
2018-6579,Lima,Clay,32,C,,20181027,12,CC66,,,Andrea Collarini,L,183,ARG,26.738,313,148,BF23,,,Facundo Bagnis,L,183,ARG,28.663,132,436,6-3 6-3,3,R32,104,2,2,68,40,26,13,9,6,9,1,5,60,26,16,11,9,5,11
2018-6579,Lima,Clay,32,C,,20181027,13,GA36,,,Emilio Gomez,R,185,ECU,26.913,344,125,AC58,,,Nicolas Alvarez,R,185,PER,22.385,503,68,6-4 6-4,3,R32,99,3,3,70,40,29,17,10,2,3,1,1,70,49,30,10,10,2,5
2018-6579,Lima,Clay,32,C,,20181027,14,H896,,,Jose Hernandez-Fernandez,R,183,DOM,28.624,253,212,BD20,,,Thomaz Bellucci,L,188,BRA,30.825,252,213,1-6 7-6(5) 6-4,3,R32,151,1,4,116,78,49,16,14,9,13,8,4,95,53,37,23,15,4,7
2018-6579,Lima,Clay,32,C,,20181027,15,LB84,,,Juan Ignacio Londero,R,180,ARG,25.199,122,472,E698,,,Gastao Elias,R,180,POR,27.923,198,271,6-1 7-6(5),3,R32,93,0,2,65,44,35,10,10,1,2,7,1,67,40,29,9,9,3,6
2018-6579,Lima,Clay,32,C,,20181027,16,S483,,,Pedro Sousa,R,180,POR,30.418,138,419,D981,,,Arthur De Greef,R,183,BEL,26.585,254,211,6-3 6-3,3,R32,76,1,0,51,31,20,13,9,2,4,1,3,71,33,17,16,9,7,12
2018-6579,Lima,Clay,32,C,,20181027,17,D874,2,,Federico Delbonis,L,193,ARG,28.06,84,663,GA36,,,Emilio Gomez,R,185,ECU,26.913,344,125,6-2 6-1,3,R16,67,1,2,54,38,26,9,8,3,4,0,4,46,29,15,3,7,2,7
2018-6579,Lima,Clay,32,C,,20181027,18,H896,,,Jose Hernandez-Fernandez,R,183,DOM,28.624,253,212,A887,3,,Guido Andreozzi,R,183,ARG,27.228,94,601,6-2 7-6(4),3,R16,107,0,2,82,61,36,14,10,5,7,1,2,63,39,17,17,10,1,5
2018-6579,Lima,Clay,32,C,,20181027,19,GD64,4,,Cristian Garin,R,185,CHI,22.409,102,574,CC32,,,Guilherme Clezar,R,180,BRA,25.821,246,215,6-3 6-3,3,R16,72,3,1,53,33,25,13,9,0,0,3,3,56,35,22,9,9,3,6
2018-6579,Lima,Clay,32,C,,20181027,20,LB84,,,Juan Ignacio Londero,R,180,ARG,25.199,122,472,A596,5,,Pablo Andujar,R,180,ESP,32.758,105,562,6-4 6-2,3,R16,84,2,0,50,34,26,9,9,0,1,1,5,63,34,19,13,9,6,10
2018-6579,Lima,Clay,32,C,,20181027,21,MJ08,6,,Thiago Monteiro,L,183,BRA,24.408,115,503,BS86,,,Tomas Barrios Vera,R,191,CHI,20.879,300,159,W/O,3,R16,,,,,,,,,,,,,,,,,,,
2018-6579,Lima,Clay,32,C,,20181027,22,A941,,,Facundo Arguello,R,178,ARG,26.229,269,188,L503,7,,Paolo Lorenzi,R,183,ITA,36.865,114,503,6-4 7-6(11),3,R16,125,0,0,77,60,41,8,11,1,5,1,0,80,44,30,15,11,1,6
2018-6579,Lima,Clay,32,C,,20181027,23,DA31,8,,Hugo Dellien,R,180,BOL,25.363,116,498,CC66,,,Andrea Collarini,L,183,ARG,26.738,313,148,0-6 7-6(4) 6-3,3,R16,150,0,2,94,70,46,12,14,5,9,2,3,113,73,47,19,13,9,11
2018-6579,Lima,Clay,32,C,,20181027,24,S483,,,Pedro Sousa,R,180,POR,30.418,138,419,D985,,,Joao Domingues,R,,POR,25.06,229,245,6-3 3-6 6-4,3,R16,111,0,3,82,54,32,13,14,9,15,1,0,88,52,34,11,14,6,13
2018-6579,Lima,Clay,32,C,,20181027,25,MJ08,6,,Thiago Monteiro,L,183,BRA,24.408,115,503,D874,2,,Federico Delbonis,L,193,ARG,28.06,84,663,W/O,3,QF,,,,,,,,,,,,,,,,,,,
2018-6579,Lima,Clay,32,C,,20181027,26,GD64,4,,Cristian Garin,R,185,CHI,22.409,102,574,DA31,8,,Hugo Dellien,R,180,BOL,25.363,116,498,2-6 6-4 6-4,3,QF,124,1,4,95,65,35,17,14,7,12,0,1,100,74,45,11,14,7,12
2018-6579,Lima,Clay,32,C,,20181027,27,A941,,,Facundo Arguello,R,178,ARG,26.229,269,188,H896,,,Jose Hernandez-Fernandez,R,183,DOM,28.624,253,212,6-1 6-2,3,QF,66,0,1,46,31,21,13,8,0,0,0,1,41,29,17,4,7,2,6
2018-6579,Lima,Clay,32,C,,20181027,28,S483,,,Pedro Sousa,R,180,POR,30.418,138,419,LB84,,,Juan Ignacio Londero,R,180,ARG,25.199,122,472,6-0 6-3,3,QF,62,0,2,46,28,23,9,8,3,4,0,3,53,36,17,6,7,3,8
2018-6579,Lima,Clay,32,C,,20181027,29,GD64,4,,Cristian Garin,R,185,CHI,22.409,102,574,MJ08,6,,Thiago Monteiro,L,183,BRA,24.408,115,503,3-6 6-4 6-4,3,SF,117,4,4,92,53,44,17,15,6,8,4,0,78,50,37,18,14,2,4
2018-6579,Lima,Clay,32,C,,20181027,30,S483,,,Pedro Sousa,R,180,POR,30.418,138,419,A941,,,Facundo Arguello,R,178,ARG,26.229,269,188,7-6(6) 6-3,3,SF,92,1,2,72,59,41,4,10,4,6,1,1,64,39,24,13,11,1,5
2018-6579,Lima,Clay,32,C,,20181027,31,GD64,4,,Cristian Garin,R,185,CHI,22.409,102,574,S483,,,Pedro Sousa,R,180,POR,30.418,138,419,6-4 6-4,3,F,73,3,3,56,31,24,13,10,1,3,4,3,73,43,30,11,10,7,11
2018-6865,Traralgon,Hard,32,C,,20181028,1,KB95,1,,Jason Kubler,R,178,AUS,25.443,97,598,HG94,,,Benjamin Hassan,R,183,LBN,23.729,419,90,7-6(3) 6-1,3,R32,76,3,1,66,44,32,13,10,1,2,1,2,55,28,16,16,9,6,9
2018-6865,Traralgon,Hard,32,C,,20181028,2,N732,2,,Yoshihito Nishioka,L,170,JPN,23.086,98,595,FA50,,,Thomas Fancutt,R,188,AUS,23.671,582,53,6-3 7-6(4),3,R32,79,1,1,63,49,43,8,11,2,2,7,3,72,44,33,14,10,4,5
2018-6865,Traralgon,Hard,32,C,,20181028,3,TC61,3,,Jordan Thompson,R,183,AUS,24.523,101,579,PC63,,,Alessandro Petrone,,,ITA,27.847,411,93,6-1 6-1,3,R32,59,1,1,33,23,20,5,7,0,1,0,2,48,32,13,4,7,4,10
2018-6865,Traralgon,Hard,32,C,,20181028,4,BI81,4,,Alex Bolt,L,183,AUS,25.81,140,414,MN44,,,Bradley Mousley,R,188,AUS,22.817,393,102,6-2 7-6(3),3,R32,74,7,0,50,36,33,11,10,0,0,3,8,79,49,39,7,10,5,7
2018-6865,Traralgon,Hard,32,C,,20181028,5,PG94,5,,Marc Polmans,R,188,AUS,21.489,145,396,PH71,,,Max Purcell,R,185,AUS,20.569,261,203,6-3 7-6(5),3,R32,105,3,6,78,44,31,21,11,3,4,8,2,89,53,38,13,10,7,9
2018-6865,Traralgon,Hard,32,C,,20181028,6,MI01,6,,Hiroki Moriya,R,168,JPN,28.033,191,291,SM09,,,Luke Saville,R,188,AUS,24.819,472,76,6-7(4) 7-6(6) 6-3,3,R32,172,1,7,138,96,70,16,17,4,6,6,2,108,71,49,21,16,5,8
2018-6865,Traralgon,Hard,32,C,,20181028,7,U134,7,,Yasutaka Uchiyama,R,183,JPN,26.229,232,237,RE45,,,Fabien Reboul,R,185,FRA,23.135,339,131,7-6(5) 6-0,3,R32,90,3,0,59,44,34,8,9,6,7,1,2,65,41,24,12,9,4,8
2018-6865,Traralgon,Hard,32,C,,20181028,8,J620,8,,Maxime Janvier,R,196,FRA,22.026,241,224,KI74,,,Nicola Kuhn,R,185,GER,18.606,335,132,3-6 7-5 6-4,3,R32,114,3,1,96,68,47,15,16,1,3,4,3,96,64,47,16,15,5,7
2018-6865,Traralgon,Hard,32,C,,20181028,9,BH87,,,Maverick Banes,R,,AUS,26.549,240,226,LC54,,,Benjamin Lock,R,198,ZIM,25.651,441,85,6-3 6-4,3,R32,82,8,1,54,35,29,9,10,1,2,2,1,62,40,23,12,9,3,6
2018-6865,Traralgon,Hard,32,C,,20181028,10,D917,,,Sadio Doumbia,R,183,FRA,28.126,404,97,WB08,,,Yosuke Watanuki,R,180,JPN,20.545,231,239,3-6 6-3 6-3,3,R32,101,2,2,88,66,36,8,14,8,15,3,2,79,47,26,12,13,4,12
2018-6865,Traralgon,Hard,32,C,,20181028,11,F664,,,Sebastian Fanselow,R,,GER,26.828,433,86,GE73,,,Jacob Grills,R,,AUS,23.362,510,67,6-3 6-3,3,R32,77,3,4,57,33,24,17,9,3,3,7,1,58,32,20,14,9,2,5
2018-6865,Traralgon,Hard,32,C,,20181028,12,HB89,,,Evan Hoyt,R,185,GBR,23.781,462,79,EA27,,,Blake Ellis,R,191,AUS,19.808,453,82,7-5 3-6 6-4,3,R32,129,4,7,111,61,37,26,16,5,10,7,3,93,62,40,16,15,8,13
2018-6865,Traralgon,Hard,32,C,,20181028,13,K964,,,Brydan Klein,R,188,GBR,28.824,613,46,BU34,,,Jeremy Beale,L,193,AUS,24.066,465,78,7-6(7) 7-6(5),3,R32,128,2,1,98,55,38,22,12,6,8,0,3,108,77,52,13,12,5,7
2018-6865,Traralgon,Hard,32,C,,20181028,14,MG08,,,Yannick Mertens,R,185,BEL,31.343,336,132,BJ05,,,Harry Bourchier,R,185,AUS,22.76,738,30,6-3 6-7(6) 7-6(2),3,R32,143,1,4,119,94,65,16,17,3,5,3,5,121,69,51,22,16,7,10
2018-6865,Traralgon,Hard,32,C,,20181028,15,SQ80,,,Akira Santillan,R,180,AUS,21.435,277,179,D994,,,James Duckworth,R,183,AUS,26.768,255,209,7-6(2) 6-3,3,R32,83,3,3,68,36,30,19,10,6,7,8,1,68,39,26,16,11,6,9
2018-6865,Traralgon,Hard,32,C,,20181028,16,V832,,,Aleksandar Vukic,R,188,AUS,22.56,558,57,W857,,,Tung-Lin Wu,R,188,TPE,20.463,486,73,4-6 7-6(6) 6-4,3,R32,137,18,2,102,57,41,25,16,5,8,4,4,113,70,49,21,16,8,11
2018-6865,Traralgon,Hard,32,C,,20181028,17,K964,,,Brydan Klein,R,188,GBR,28.824,613,46,KB95,1,,Jason Kubler,R,178,AUS,25.443,97,598,6-4 6-7(4) 6-3,3,R16,148,8,2,104,60,46,23,16,7,9,5,6,109,73,52,15,15,9,13
2018-6865,Traralgon,Hard,32,C,,20181028,18,N732,2,,Yoshihito Nishioka,L,170,JPN,23.086,98,595,D917,,,Sadio Doumbia,R,183,FRA,28.126,404,97,6-1 6-4,3,R16,61,2,0,56,40,27,12,9,0,1,3,2,50,36,23,3,8,3,7
2018-6865,Traralgon,Hard,32,C,,20181028,19,TC61,3,,Jordan Thompson,R,183,AUS,24.523,101,579,HB89,,,Evan Hoyt,R,185,GBR,23.781,462,79,6-4 6-4,3,R16,88,1,0,63,54,36,6,10,3,4,5,0,61,36,24,14,10,3,6
2018-6865,Traralgon,Hard,32,C,,20181028,20,BI81,4,,Alex Bolt,L,183,AUS,25.81,140,414,MG08,,,Yannick Mertens,R,185,BEL,31.343,336,132,7-5 6-1,3,R16,58,9,2,55,34,25,15,10,0,1,3,1,51,39,21,6,9,2,6
2018-6865,Traralgon,Hard,32,C,,20181028,21,PG94,5,,Marc Polmans,R,188,AUS,21.489,145,396,BH87,,,Maverick Banes,R,,AUS,26.549,240,226,6-3 5-7 6-3,3,R16,139,4,7,90,58,36,16,15,3,8,3,3,104,61,36,19,15,5,12
2018-6865,Traralgon,Hard,32,C,,20181028,22,F664,,,Sebastian Fanselow,R,,GER,26.828,433,86,MI01,6,,Hiroki Moriya,R,168,JPN,28.033,191,291,1-6 6-3 6-2,3,R16,98,5,5,74,51,38,11,12,3,5,6,2,69,46,30,14,12,0,3
2018-6865,Traralgon,Hard,32,C,,20181028,23,U134,7,,Yasutaka Uchiyama,R,183,JPN,26.229,232,237,SQ80,,,Akira Santillan,R,180,AUS,21.435,277,179,7-6(3) 4-6 6-3,3,R16,130,8,3,90,56,42,25,16,3,4,7,2,108,62,46,25,15,6,7
2018-6865,Traralgon,Hard,32,C,,20181028,24,V832,,,Aleksandar Vukic,R,188,AUS,22.56,558,57,J620,8,,Maxime Janvier,R,196,FRA,22.026,241,224,6-2 3-6 7-6(4),3,R16,104,8,5,83,50,38,18,14,4,7,4,3,91,60,42,15,15,2,6
2018-6865,Traralgon,Hard,32,C,,20181028,25,N732,2,,Yoshihito Nishioka,L,170,JPN,23.086,98,595,U134,7,,Yasutaka Uchiyama,R,183,JPN,26.229,232,237,6-1 4-6 6-1,3,QF,89,0,0,76,60,35,10,12,2,5,5,1,82,55,33,6,12,6,13
2018-6865,Traralgon,Hard,32,C,,20181028,26,TC61,3,,Jordan Thompson,R,183,AUS,24.523,101,579,V832,,,Aleksandar Vukic,R,188,AUS,22.56,558,57,6-2 6-3,3,QF,68,4,3,53,40,33,7,9,3,3,2,2,48,29,18,9,8,0,3
2018-6865,Traralgon,Hard,32,C,,20181028,27,BI81,4,,Alex Bolt,L,183,AUS,25.81,140,414,F664,,,Sebastian Fanselow,R,,GER,26.828,433,86,7-5 3-6 6-4,3,QF,132,8,5,137,83,56,24,16,16,20,8,5,80,58,38,10,15,4,8
2018-6865,Traralgon,Hard,32,C,,20181028,28,PG94,5,,Marc Polmans,R,188,AUS,21.489,145,396,K964,,,Brydan Klein,R,188,GBR,28.824,613,46,6-3 6-4,3,QF,88,3,3,67,47,31,12,10,2,4,1,6,63,42,25,6,9,4,8
2018-6865,Traralgon,Hard,32,C,,20181028,29,N732,2,,Yoshihito Nishioka,L,170,JPN,23.086,98,595,BI81,4,,Alex Bolt,L,183,AUS,25.81,140,414,7-5 6-4,3,SF,85,3,1,73,56,39,8,11,5,6,11,7,79,46,32,14,11,8,11
2018-6865,Traralgon,Hard,32,C,,20181028,30,TC61,3,,Jordan Thompson,R,183,AUS,24.523,101,579,PG94,5,,Marc Polmans,R,188,AUS,21.489,145,396,6-0 4-6 6-0,3,SF,114,1,0,65,43,29,13,11,4,6,0,3,73,47,23,11,11,3,10
2018-6865,Traralgon,Hard,32,C,,20181028,31,TC61,3,,Jordan Thompson,R,183,AUS,24.523,101,579,N732,2,,Yoshihito Nishioka,L,170,JPN,23.086,98,595,6-3 6-4,3,F,90,4,0,70,59,39,5,10,8,10,1,2,53,42,24,3,9,2,6
2018-7341,Brest,Hard,32,C,,20181028,1,B747,1,,Julien Benneteau,R,185,FRA,36.854,63,812,MJ71,,,Mats Moraing,L,198,GER,26.355,162,351,6-4 6-3,3,R32,66,6,2,51,31,26,11,9,4,5,15,8,64,35,27,9,10,5,9
2018-7341,Brest,Hard,32,C,,20181028,2,MU94,2,,Jaume Munar,R,183,ESP,21.481,79,689,LB66,,,Constant Lestienne,R,180,FRA,26.431,154,373,6-1 6-3,3,R32,70,1,3,44,19,14,15,8,3,4,1,3,64,36,18,12,8,5,10
2018-7341,Brest,Hard,32,C,,20181028,3,CF59,3,,Roberto Carballes Baena,R,183,ESP,25.599,81,684,M873,,,Nicolas Mahut,R,191,FRA,36.767,166,334,0-6 7-6(6) 6-3,3,R32,120,1,6,93,54,36,23,14,3,6,8,4,81,40,34,25,13,7,8
2018-7341,Brest,Hard,32,C,,20181028,4,HB71,4,,Hubert Hurkacz,R,196,POL,21.708,91,615,HA71,,,Antoine Hoang,R,183,FRA,22.982,167,330,7-6(1) 6-3,3,R32,97,3,2,73,45,36,16,10,3,3,2,4,74,46,31,16,11,1,3
2018-7341,Brest,Hard,32,C,,20181028,5,V708,5,,Jiri Vesely,L,198,CZE,25.3,90,620,R612,,,Stephane Robert,R,185,FRA,38.448,155,367,6-4 3-6 6-2,3,R32,102,12,7,77,52,41,14,13,3,4,4,7,87,42,35,19,14,9,12
2018-7341,Brest,Hard,32,C,,20181028,6,SU87,7,,Lorenzo Sonego,R,191,ITA,23.466,110,531,MH16,,,Yannick Maden,R,185,GER,28.999,118,493,7-5 6-2,3,R32,105,5,0,63,43,30,10,10,6,8,0,5,77,42,29,11,10,6,11
2018-7341,Brest,Hard,32,C,,20181028,7,BE90,,,Ricardas Berankis,R,175,LTU,28.353,131,446,MP01,8,,Michael Mmoh,R,188,USA,20.797,103,570,6-2 6-4,3,R32,72,3,3,46,25,21,15,9,0,0,0,2,58,45,28,5,9,5,8
2018-7341,Brest,Hard,32,C,,20181028,8,BM95,,,Benjamin Bonzi,R,183,FRA,22.385,325,138,LA93,,,Enrique Lopez Perez,R,180,ESP,27.403,168,329,6-3 6-1,3,R32,65,5,2,56,28,16,21,8,2,3,2,1,56,30,18,9,8,3,8
2018-7341,Brest,Hard,32,C,,20181028,9,C0AZ,,,Antoine Cornut-Chauvinc,R,188,FRA,18.308,514,66,SJ22,,,Gleb Sakharov,R,185,FRA,30.382,212,260,6-3 6-2,3,R32,74,4,0,63,39,29,14,9,3,3,0,2,49,32,22,6,8,3,6
2018-7341,Brest,Hard,32,C,,20181028,10,DF92,,,Corentin Denolly,L,188,FRA,21.394,435,86,MW76,,,Matteo Martineau,R,183,FRA,19.781,468,78,6-2 7-6(5),3,R32,78,1,4,64,42,26,9,10,2,6,2,2,58,38,22,6,10,3,9
2018-7341,Brest,Hard,32,C,,20181028,11,HB64,,,Quentin Halys,R,191,FRA,22.004,152,378,BA98,,,Simone Bolelli,R,183,ITA,33.054,147,392,4-6 7-6(5) 6-3,3,R32,160,20,19,131,65,52,23,15,11,15,3,4,107,74,46,17,16,8,13
2018-7341,Brest,Hard,32,C,,20181028,12,HB48,,,Calvin Hemery,R,191,FRA,23.748,182,310,BK24,,,Gregoire Barrere,R,183,FRA,24.695,143,407,3-6 7-5 6-3,3,R32,114,10,8,103,51,37,26,15,10,13,4,2,92,48,36,19,15,8,12
2018-7341,Brest,Hard,32,C,,20181028,13,MW02,,,Corentin Moutet,L,180,FRA,19.526,120,480,V495,,,Luca Vanni,R,198,ITA,33.399,148,385,3-6 6-2 6-3,3,R32,116,2,1,84,59,41,14,13,3,4,10,5,83,44,33,19,13,6,9
2018-7341,Brest,Hard,32,C,,20181028,14,TA12,,,Stefano Travaglia,R,185,ITA,26.834,144,401,BM03,,,Filippo Baldi,R,180,ITA,22.798,176,314,6-4 6-4,3,R32,72,12,4,58,32,28,10,10,5,7,0,1,64,27,18,16,10,3,7
2018-7341,Brest,Hard,32,C,,20181028,15,W597,,,Tak Khunn Wang,R,175,FRA,27.042,420,90,BE68,,,Tomislav Brkic,R,185,BIH,28.638,266,193,6-2 7-6(3),3,R32,78,11,2,53,19,19,22,10,2,3,3,2,66,41,27,10,10,0,3
2018-7341,Brest,Hard,32,C,,20181028,16,Y218,,,Elias Ymer,R,185,SWE,22.549,133,435,GE28,,,Ivan Gakhov,L,191,RUS,21.979,350,120,6-3 6-2,3,R32,67,3,3,52,32,27,11,9,0,0,1,3,53,32,18,11,8,7,10
2018-7341,Brest,Hard,32,C,,20181028,17,B747,1,,Julien Benneteau,R,185,FRA,36.854,63,812,MW02,,,Corentin Moutet,L,180,FRA,19.526,120,480,7-5 6-4,3,R16,86,3,7,63,39,28,14,11,2,4,2,4,69,47,27,12,11,4,8
2018-7341,Brest,Hard,32,C,,20181028,18,MU94,2,,Jaume Munar,R,183,ESP,21.481,79,689,DF92,,,Corentin Denolly,L,188,FRA,21.394,435,86,6-2 6-2,3,R16,60,6,1,47,30,24,10,8,1,1,0,3,56,38,20,8,8,3,7
2018-7341,Brest,Hard,32,C,,20181028,19,CF59,3,,Roberto Carballes Baena,R,183,ESP,25.599,81,684,C0AZ,,,Antoine Cornut-Chauvinc,R,188,FRA,18.308,514,66,6-3 7-5,3,R16,86,0,3,69,44,38,11,11,1,2,1,0,54,30,21,10,10,1,4
2018-7341,Brest,Hard,32,C,,20181028,20,HB71,4,,Hubert Hurkacz,R,196,POL,21.708,91,615,HB48,,,Calvin Hemery,R,191,FRA,23.748,182,310,6-1 3-6 6-3,3,R16,95,7,5,82,47,34,19,13,6,7,5,2,84,46,28,20,12,6,9
2018-7341,Brest,Hard,32,C,,20181028,21,TA12,,,Stefano Travaglia,R,185,ITA,26.834,144,401,V708,5,,Jiri Vesely,L,198,CZE,25.3,90,620,6-7(4) 6-2 7-5,3,R16,146,13,3,102,51,42,30,16,4,5,6,10,112,71,53,16,16,8,12
2018-7341,Brest,Hard,32,C,,20181028,22,SU87,7,,Lorenzo Sonego,R,191,ITA,23.466,110,531,Y218,,,Elias Ymer,R,185,SWE,22.549,133,435,7-6(1) 6-3,3,R16,110,3,3,85,46,32,22,11,9,11,1,4,68,39,25,13,10,5,8
2018-7341,Brest,Hard,32,C,,20181028,23,BE90,,,Ricardas Berankis,R,175,LTU,28.353,131,446,HB64,,,Quentin Halys,R,191,FRA,22.004,152,378,6-2 6-2,3,R16,62,3,1,40,22,21,11,8,0,0,8,6,65,41,24,7,8,8,12
2018-7341,Brest,Hard,32,C,,20181028,24,BM95,,,Benjamin Bonzi,R,183,FRA,22.385,325,138,W597,,,Tak Khunn Wang,R,175,FRA,27.042,420,90,7-6(2) 6-4,3,R16,95,6,4,72,41,32,16,11,3,5,2,2,75,41,32,11,11,2,5
2018-7341,Brest,Hard,32,C,,20181028,25,TA12,,,Stefano Travaglia,R,185,ITA,26.834,144,401,B747,1,,Julien Benneteau,R,185,FRA,36.854,63,812,7-6(4) 6-3,3,QF,103,12,6,88,42,33,24,11,10,11,5,2,76,52,36,10,10,5,7
2018-7341,Brest,Hard,32,C,,20181028,26,BE90,,,Ricardas Berankis,R,175,LTU,28.353,131,446,MU94,2,,Jaume Munar,R,183,ESP,21.481,79,689,6-3 6-4,3,QF,82,3,3,56,27,22,16,10,2,3,3,3,65,32,19,17,9,5,8
2018-7341,Brest,Hard,32,C,,20181028,27,CF59,3,,Roberto Carballes Baena,R,183,ESP,25.599,81,684,SU87,7,,Lorenzo Sonego,R,191,ITA,23.466,110,531,6-4 2-6 6-4,3,QF,124,1,3,82,54,39,14,14,2,5,11,4,82,56,43,8,14,2,5
2018-7341,Brest,Hard,32,C,,20181028,28,HB71,4,,Hubert Hurkacz,R,196,POL,21.708,91,615,BM95,,,Benjamin Bonzi,R,183,FRA,22.385,325,138,6-2 7-6(2),3,QF,79,3,3,61,35,26,14,10,0,1,3,3,63,33,19,17,10,2,5
2018-7341,Brest,Hard,32,C,,20181028,29,BE90,,,Ricardas Berankis,R,175,LTU,28.353,131,446,CF59,3,,Roberto Carballes Baena,R,183,ESP,25.599,81,684,6-2 6-2,3,SF,65,5,1,53,32,26,11,8,5,5,0,7,47,20,12,11,8,3,7
2018-7341,Brest,Hard,32,C,,20181028,30,HB71,4,,Hubert Hurkacz,R,196,POL,21.708,91,615,TA12,,,Stefano Travaglia,R,185,ITA,26.834,144,401,7-6(1) 4-2 RET,3,SF,84,4,0,62,30,25,17,9,1,2,7,1,57,30,24,11,9,1,3
2018-7341,Brest,Hard,32,C,,20181028,31,HB71,4,,Hubert Hurkacz,R,196,POL,21.708,91,615,BE90,,,Ricardas Berankis,R,175,LTU,28.353,131,446,7-5 6-1,3,F,70,7,2,69,42,35,11,10,7,8,7,3,53,32,18,11,9,3,7
2018-7345,Las Vegas,Hard,32,C,,20181028,1,HG86,1,,Lloyd Harris,R,193,RSA,21.673,112,520,W503,,,James Ward,R,188,GBR,31.715,215,257,6-4 6-4,3,R32,66,13,2,48,32,29,12,10,2,2,6,2,68,42,29,14,10,3,5
2018-7345,Las Vegas,Hard,32,C,,20181028,2,MB53,2,,Adrian Menendez-Maceiras,R,183,ESP,32.999,121,478,W09G,,,J.J. Wolf,R,183,USA,19.852,442,84,6-3 6-3,3,R32,80,11,3,60,36,25,14,9,3,5,6,3,56,29,17,11,9,7,12
2018-7345,Las Vegas,Hard,32,C,,20181028,3,RH16,3,,Casper Ruud,R,183,NOR,19.849,117,495,KC12,,,Mitchell Krueger,R,188,USA,24.791,249,214,6-3 3-6 6-3,3,R32,107,6,3,77,51,42,12,14,2,4,6,4,80,52,39,12,13,0,3
2018-7345,Las Vegas,Hard,32,C,,20181028,4,J380,4,,Jason Jung,R,180,TPE,29.369,127,461,SL07,,,Alexander Sarkissian,R,191,USA,28.569,307,154,7-6(5) 6-4,3,R32,111,4,2,74,47,35,12,11,4,6,4,1,84,59,39,11,11,7,10
2018-7345,Las Vegas,Hard,32,C,,20181028,5,RA51,,,Blaz Rola,L,193,SLO,28.063,262,202,RC96,5,,Noah Rubin,R,175,USA,22.683,129,456,6-3 1-6 6-3,3,R32,95,12,0,78,55,46,6,13,0,2,5,7,79,42,29,19,12,5,7
2018-7345,Las Vegas,Hard,32,C,,20181028,6,KC86,,,Darian King,R,188,BAR,26.505,221,252,KE73,7,,Dominik Koepfer,L,180,GER,24.498,180,311,6-4 6-4,3,R32,91,3,2,74,43,28,18,10,8,10,3,3,87,66,40,6,10,11,15
2018-7345,Las Vegas,Hard,32,C,,20181028,7,A853,8,,Marcelo Arevalo,R,191,ESA,28.03,185,303,AB71,,,JC Aragone,R,178,USA,23.335,234,235,6-2 4-6 7-6(3),3,R32,126,11,2,82,64,51,10,15,4,6,9,9,98,62,43,15,15,1,4
2018-7345,Las Vegas,Hard,32,C,,20181028,8,BK19,,,Mathias Bourgue,R,188,FRA,24.775,294,166,SP80,,,Nino Serdarusic,R,191,CRO,21.873,201,269,7-6(4) 6-4,3,R32,85,1,1,61,42,32,11,11,0,2,4,4,66,38,25,14,11,3,6
2018-7345,Las Vegas,Hard,32,C,,20181028,9,I306,,,Cem Ilkel,R,185,TUR,23.187,233,237,TC12,,,Mikael Torpegaard,R,193,DEN,24.474,482,74,6-4 3-6 7-6(6),3,R32,138,11,4,107,61,45,22,16,9,14,7,6,107,67,45,21,15,10,14
2018-7345,Las Vegas,Hard,32,C,,20181028,10,KB37,,,Evan King,L,185,USA,26.593,308,153,R419,,,Tommy Robredo,R,180,ESP,36.493,217,255,6-3 6-4,3,R32,90,3,0,54,37,26,10,9,6,7,3,5,89,54,32,15,10,13,17
2018-7345,Las Vegas,Hard,32,C,,20181028,11,KD46,,,Thanasi Kokkinakis,R,193,AUS,22.549,192,287,CJ60,,,Alexandr Cozbinov,R,188,MDA,23.502,1727,1,7-6(5) 6-1,3,R32,101,8,3,60,35,30,17,10,1,1,2,5,77,47,31,15,9,5,7
2018-7345,Las Vegas,Hard,32,C,,20181028,12,KD35,,,Thai-Son Kwiatkowski,R,188,USA,23.704,359,117,SP05,,,Evan Song,L,178,USA,26.39,366,112,6-4 6-4,3,R32,70,1,2,57,36,31,13,10,4,4,7,3,55,32,26,10,10,3,5
2018-7345,Las Vegas,Hard,32,C,,20181028,13,MQ75,,,Kamil Majchrzak,R,183,POL,22.79,194,285,KE64,,,Stefan Kozlov,R,183,USA,20.736,348,122,6-0 6-2,3,R32,60,4,3,50,29,22,13,7,8,8,0,7,39,24,13,3,7,2,7
2018-7345,Las Vegas,Hard,32,C,,20181028,14,O340,,,Roberto Ortega-Olmedo,R,168,ESP,27.496,315,146,CH12,,,Jan Choinski,R,196,GBR,22.382,271,186,6-3 6-4,3,R32,67,4,1,56,36,28,13,10,3,4,3,4,53,30,18,11,9,2,5
2018-7345,Las Vegas,Hard,32,C,,20181028,15,PL56,,,Tommy Paul,R,185,USA,21.448,292,168,KB14,,,Kevin King,L,191,USA,27.663,299,159,6-1 7-6(2),3,R32,75,1,4,51,25,22,18,9,0,0,5,6,71,49,31,11,10,5,8
2018-7345,Las Vegas,Hard,32,C,,20181028,16,SJ55,,,John-Patrick Smith,L,188,AUS,29.758,235,234,SO20,,,Jelle Sels,R,188,NED,23.217,267,191,6-7(4) 7-5 6-4,3,R32,149,4,3,109,79,58,14,17,4,6,7,2,103,61,42,24,17,8,12
2018-7345,Las Vegas,Hard,32,C,,20181028,17,KD46,,,Thanasi Kokkinakis,R,193,AUS,22.549,192,287,HG86,1,,Lloyd Harris,R,193,RSA,21.673,112,520,6-4 6-3,3,R16,75,10,1,59,41,35,7,9,1,1,8,6,53,26,20,13,10,0,3
2018-7345,Las Vegas,Hard,32,C,,20181028,18,BK19,,,Mathias Bourgue,R,188,FRA,24.775,294,166,MB53,2,,Adrian Menendez-Maceiras,R,183,ESP,32.999,121,478,6-4 0-6 6-3,3,R16,125,11,2,80,45,32,12,13,2,7,5,2,85,51,34,17,12,10,14
2018-7345,Las Vegas,Hard,32,C,,20181028,19,RH16,3,,Casper Ruud,R,183,NOR,19.849,117,495,KB37,,,Evan King,L,185,USA,26.593,308,153,6-3 6-2,3,R16,59,11,1,45,29,23,11,9,0,1,4,2,51,30,18,7,8,3,7
2018-7345,Las Vegas,Hard,32,C,,20181028,20,J380,4,,Jason Jung,R,180,TPE,29.369,127,461,O340,,,Roberto Ortega-Olmedo,R,168,ESP,27.496,315,146,6-4 6-4,3,R16,75,5,2,63,48,39,5,10,2,3,5,2,56,29,25,9,10,3,6
2018-7345,Las Vegas,Hard,32,C,,20181028,21,MQ75,,,Kamil Majchrzak,R,183,POL,22.79,194,285,A853,8,,Marcelo Arevalo,R,191,ESA,28.03,185,303,2-6 6-1 6-4,3,R16,97,3,0,66,37,29,19,13,1,3,7,3,77,47,31,16,12,7,10
2018-7345,Las Vegas,Hard,32,C,,20181028,22,KC86,,,Darian King,R,188,BAR,26.505,221,252,PL56,,,Tommy Paul,R,185,USA,21.448,292,168,6-4 6-4,3,R16,91,4,0,55,38,29,12,10,2,3,0,5,84,48,25,20,10,10,13
2018-7345,Las Vegas,Hard,32,C,,20181028,23,RA51,,,Blaz Rola,L,193,SLO,28.063,262,202,KD35,,,Thai-Son Kwiatkowski,R,188,USA,23.704,359,117,6-3 6-4,3,R16,69,11,1,50,32,27,8,10,1,3,3,4,70,42,22,14,9,10,14
2018-7345,Las Vegas,Hard,32,C,,20181028,24,SJ55,,,John-Patrick Smith,L,188,AUS,29.758,235,234,I306,,,Cem Ilkel,R,185,TUR,23.187,233,237,6-3 6-1,3,R16,64,7,2,52,38,30,7,8,2,2,4,3,57,29,17,10,8,5,9
2018-7345,Las Vegas,Hard,32,C,,20181028,25,RH16,3,,Casper Ruud,R,183,NOR,19.849,117,495,MQ75,,,Kamil Majchrzak,R,183,POL,22.79,194,285,7-5 7-5,3,QF,91,3,3,66,36,28,22,12,0,0,9,5,82,49,38,14,12,7,9
2018-7345,Las Vegas,Hard,32,C,,20181028,26,SJ55,,,John-Patrick Smith,L,188,AUS,29.758,235,234,J380,4,,Jason Jung,R,180,TPE,29.369,127,461,7-6(3) 6-3,3,QF,96,5,1,77,48,32,17,10,6,8,4,3,73,45,29,13,11,4,8
2018-7345,Las Vegas,Hard,32,C,,20181028,27,KD46,,,Thanasi Kokkinakis,R,193,AUS,22.549,192,287,KC86,,,Darian King,R,188,BAR,26.505,221,252,6-1 6-4,3,QF,70,5,2,49,25,22,13,9,0,1,7,1,47,35,20,4,8,1,5
2018-7345,Las Vegas,Hard,32,C,,20181028,28,RA51,,,Blaz Rola,L,193,SLO,28.063,262,202,BK19,,,Mathias Bourgue,R,188,FRA,24.775,294,166,6-4 7-6(1),3,QF,84,7,0,64,37,29,16,11,2,4,3,1,66,43,31,7,11,5,8
2018-7345,Las Vegas,Hard,32,C,,20181028,29,KD46,,,Thanasi Kokkinakis,R,193,AUS,22.549,192,287,RH16,3,,Casper Ruud,R,183,NOR,19.849,117,495,6-4 6-1,3,SF,84,12,1,48,30,26,9,8,1,1,2,3,74,45,27,10,9,7,11
2018-7345,Las Vegas,Hard,32,C,,20181028,30,RA51,,,Blaz Rola,L,193,SLO,28.063,262,202,SJ55,,,John-Patrick Smith,L,188,AUS,29.758,235,234,6-3 7-5,3,SF,69,7,0,61,49,38,8,11,0,0,8,1,61,40,27,13,10,6,8
2018-7345,Las Vegas,Hard,32,C,,20181028,31,KD46,,,Thanasi Kokkinakis,R,193,AUS,22.549,192,287,RA51,,,Blaz Rola,L,193,SLO,28.063,262,202,6-4 6-4,3,F,79,13,1,53,31,29,12,10,0,0,7,0,67,51,33,9,10,1,3
2018-6055,Charlottesville,Hard,32,C,,20181029,1,KA98,,,Bradley Klahn,L,183,USA,28.192,101,580,Y171,,,Denis Yevseyev,R,188,KAZ,25.437,297,160,6-3 2-6 6-3,3,R32,89,7,5,69,38,30,17,13,2,5,4,3,76,41,29,19,13,6,10
2018-6055,Charlottesville,Hard,32,C,,20181029,2,MP01,,,Michael Mmoh,R,188,USA,20.799,102,570,KC86,,,Darian King,R,188,BAR,26.508,200,267,6-3 6-4,3,R32,84,0,2,61,38,28,13,10,3,4,3,1,53,36,21,9,9,3,6
2018-6055,Charlottesville,Hard,32,C,,20181029,3,K336,3,,Ivo Karlovic,R,211,CRO,39.666,107,549,KC12,,,Mitchell Krueger,R,188,USA,24.794,250,214,7-5 4-6 6-3,3,R32,128,26,2,90,58,45,21,16,1,2,6,4,98,59,42,21,15,4,6
2018-6055,Charlottesville,Hard,32,C,,20181029,4,CH73,,,Petros Chrysochos,R,185,CYP,22.557,465,76,HG86,4,,Lloyd Harris,R,193,RSA,21.676,112,520,6-1 6-3,3,R32,61,0,0,53,34,22,12,8,5,6,2,3,57,27,16,10,8,3,8
2018-6055,Charlottesville,Hard,32,C,,20181029,5,SF62,5,,Tim Smyczek,R,175,USA,30.831,120,471,RA51,,,Blaz Rola,L,193,SLO,28.066,230,241,6-4 7-5,3,R32,87,7,3,63,40,31,13,11,3,4,1,4,74,43,30,12,11,5,8
2018-6055,Charlottesville,Hard,32,C,,20181029,6,F811,,,Bjorn Fratangelo,R,183,USA,25.279,135,428,J380,6,,Jason Jung,R,180,TPE,29.372,126,461,6-4 6-1,3,R32,69,4,2,67,44,29,11,9,6,8,2,1,41,26,14,5,8,0,5
2018-6055,Charlottesville,Hard,32,C,,20181029,7,PL56,,,Tommy Paul,R,185,USA,21.451,277,177,RC96,7,,Noah Rubin,R,175,USA,22.686,131,441,6-2 6-1,3,R32,56,7,4,55,28,23,15,8,2,2,1,3,41,23,12,5,7,4,8
2018-6055,Charlottesville,Hard,32,C,,20181029,8,PB22,8,,Peter Polansky,R,183,CAN,30.371,130,442,HB41,,,Jared Hiltzik,R,185,USA,24.309,408,96,6-2 7-5,3,R32,69,4,4,57,35,28,12,10,2,3,9,2,58,31,22,12,10,3,7
2018-6055,Charlottesville,Hard,32,C,,20181029,9,GC88,,,Marcos Giron,R,180,USA,25.265,373,109,AC84,,,Collin Altamirano,R,188,USA,22.894,283,173,6-4 6-4,3,R32,84,3,2,67,40,30,17,10,2,2,8,1,71,44,30,15,10,7,9
2018-6055,Charlottesville,Hard,32,C,,20181029,10,K839,,,Tobias Kamke,R,178,GER,32.441,239,228,KE73,,,Dominik Koepfer,L,180,GER,24.501,179,311,6-1 3-6 6-1,3,R32,91,2,3,62,32,21,22,12,1,3,2,6,80,48,30,11,11,9,14
2018-6055,Charlottesville,Hard,32,C,,20181029,11,KD87,,,Evgeny Karlovskiy,R,191,RUS,24.227,228,243,KD46,,,Thanasi Kokkinakis,R,193,AUS,22.552,154,367,6-4 5-7 6-3,3,R32,125,13,1,81,54,43,15,15,1,3,10,9,97,49,39,21,16,5,9
2018-6055,Charlottesville,Hard,32,C,,20181029,12,KD35,,,Thai-Son Kwiatkowski,R,188,USA,23.707,346,126,GD08,,,Lloyd Glasspool,R,191,GBR,24.942,453,82,6-2 2-3 RET,3,R32,39,4,1,31,18,13,8,6,0,1,0,3,36,21,11,7,7,0,3
2018-6055,Charlottesville,Hard,32,C,,20181029,13,MQ75,,,Kamil Majchrzak,R,183,POL,22.793,204,265,L949,,,Henri Laaksonen,R,185,SUI,26.579,158,360,6-0 6-3,3,R32,42,5,0,38,26,24,8,8,0,0,2,3,40,20,14,5,7,0,4
2018-6055,Charlottesville,Hard,32,C,,20181029,14,SO20,,,Jelle Sels,R,188,NED,23.22,273,182,AB71,,,JC Aragone,R,178,USA,23.337,234,235,6-3 5-7 7-5,3,R32,143,3,8,117,48,30,34,17,9,14,5,3,92,67,43,10,16,2,8
2018-6055,Charlottesville,Hard,32,C,,20181029,15,SP80,,,Nino Serdarusic,R,191,CRO,21.875,214,257,A853,,,Marcelo Arevalo,R,191,ESA,28.033,180,309,6-4 6-2,3,R32,69,3,1,55,36,26,14,9,1,1,2,0,53,34,23,9,9,2,5
2018-6055,Charlottesville,Hard,32,C,,20181029,16,W503,,,James Ward,R,188,GBR,31.718,213,257,E865,,,Christopher Eubanks,R,201,USA,22.483,188,285,6-1 6-4,3,R32,52,4,1,48,26,18,20,9,0,0,6,7,55,30,21,9,8,5,8
2018-6055,Charlottesville,Hard,32,C,,20181029,17,KA98,,,Bradley Klahn,L,183,USA,28.192,101,580,W503,,,James Ward,R,188,GBR,31.718,213,257,6-1 6-2,3,R16,64,7,1,40,18,15,15,8,1,2,2,4,71,41,22,12,7,8,13
2018-6055,Charlottesville,Hard,32,C,,20181029,18,MP01,,,Michael Mmoh,R,188,USA,20.799,102,570,KD87,,,Evgeny Karlovskiy,R,191,RUS,24.227,228,243,6-2 7-5,3,R16,90,2,2,71,49,36,9,10,8,9,5,3,61,37,26,8,10,6,10
2018-6055,Charlottesville,Hard,32,C,,20181029,19,K336,3,,Ivo Karlovic,R,211,CRO,39.666,107,549,GC88,,,Marcos Giron,R,180,USA,25.265,373,109,7-6(4) 6-3,3,R16,68,18,3,66,45,39,13,11,1,1,4,2,60,44,35,9,10,1,2
2018-6055,Charlottesville,Hard,32,C,,20181029,20,KD35,,,Thai-Son Kwiatkowski,R,188,USA,23.707,346,126,SF62,5,,Tim Smyczek,R,175,USA,30.831,120,471,6-2 5-7 6-2,3,R16,121,10,2,79,48,36,15,14,4,7,6,4,104,69,41,16,14,14,20
2018-6055,Charlottesville,Hard,32,C,,20181029,21,PB22,8,,Peter Polansky,R,183,CAN,30.371,130,442,K839,,,Tobias Kamke,R,178,GER,32.441,239,228,7-5 7-5,3,R16,99,4,5,74,34,29,17,12,3,5,4,5,86,55,38,10,12,9,13
2018-6055,Charlottesville,Hard,32,C,,20181029,22,F811,,,Bjorn Fratangelo,R,183,USA,25.279,135,428,SP80,,,Nino Serdarusic,R,191,CRO,21.875,214,257,3-6 6-4 6-2,3,R16,102,9,2,77,46,38,17,13,7,8,9,3,84,50,40,13,14,3,6
2018-6055,Charlottesville,Hard,32,C,,20181029,23,PL56,,,Tommy Paul,R,185,USA,21.451,277,177,MQ75,,,Kamil Majchrzak,R,183,POL,22.793,204,265,6-2 6-1,3,R16,54,7,1,52,30,22,13,7,5,5,3,2,45,28,16,5,8,1,6
2018-6055,Charlottesville,Hard,32,C,,20181029,24,SO20,,,Jelle Sels,R,188,NED,23.22,273,182,CH73,,,Petros Chrysochos,R,185,CYP,22.557,465,76,6-1 7-6(4),3,R16,93,7,0,73,38,33,14,10,8,10,0,1,61,44,22,12,9,3,7
2018-6055,Charlottesville,Hard,32,C,,20181029,25,KA98,,,Bradley Klahn,L,183,USA,28.192,101,580,F811,,,Bjorn Fratangelo,R,183,USA,25.279,135,428,6-3 6-3,3,QF,63,10,0,43,27,23,13,9,0,0,5,3,61,36,27,9,9,4,7
2018-6055,Charlottesville,Hard,32,C,,20181029,26,KD35,,,Thai-Son Kwiatkowski,R,188,USA,23.707,346,126,MP01,,,Michael Mmoh,R,188,USA,20.799,102,570,3-6 6-3 6-4,3,QF,124,5,6,91,58,38,15,14,8,13,1,5,82,48,31,12,14,2,8
2018-6055,Charlottesville,Hard,32,C,,20181029,27,PL56,,,Tommy Paul,R,185,USA,21.451,277,177,K336,3,,Ivo Karlovic,R,211,CRO,39.666,107,549,7-6(5) 6-4,3,QF,72,4,1,62,40,30,19,11,0,0,17,6,68,46,39,10,11,6,7
2018-6055,Charlottesville,Hard,32,C,,20181029,28,PB22,8,,Peter Polansky,R,183,CAN,30.371,130,442,SO20,,,Jelle Sels,R,188,NED,23.22,273,182,7-6(6) 6-4,3,QF,93,4,4,63,36,26,16,11,0,2,12,3,71,45,29,13,11,3,6
2018-6055,Charlottesville,Hard,32,C,,20181029,29,PL56,,,Tommy Paul,R,185,USA,21.451,277,177,KA98,,,Bradley Klahn,L,183,USA,28.192,101,580,6-3 6-3,3,SF,67,2,1,55,31,24,15,9,1,1,4,4,54,29,16,15,9,1,4
2018-6055,Charlottesville,Hard,32,C,,20181029,30,PB22,8,,Peter Polansky,R,183,CAN,30.371,130,442,KD35,,,Thai-Son Kwiatkowski,R,188,USA,23.707,346,126,6-2 7-6(4),3,SF,76,2,5,69,36,25,19,10,5,7,10,2,61,38,29,7,10,2,6
2018-6055,Charlottesville,Hard,32,C,,20181029,31,PL56,,,Tommy Paul,R,185,USA,21.451,277,177,PB22,8,,Peter Polansky,R,183,CAN,30.371,130,442,6-2 6-2,3,F,58,8,1,44,27,23,11,8,1,1,2,1,48,29,14,9,8,4,8
2018-7391,Guayaquil,Clay,32,C,,20181029,1,C882,1,,Pablo Cuevas,R,180,URU,32.824,65,795,H928,,,Diego Hidalgo,L,180,ECU,25.53,610,47,6-3 6-0,3,R32,56,6,0,37,22,16,13,7,0,0,1,1,42,28,13,5,8,0,5
2018-7391,Guayaquil,Clay,32,C,,20181029,2,A887,3,,Guido Andreozzi,R,183,ARG,27.233,97,607,B884,,,Carlos Berlocq,R,183,ARG,35.734,125,464,7-6(6) 6-2,3,R32,135,3,2,80,57,34,13,10,4,8,2,0,70,53,26,7,10,2,8
2018-7391,Guayaquil,Clay,32,C,,20181029,3,L503,5,,Paolo Lorenzi,R,183,ITA,36.871,116,509,CC98,,,Martin Cuevas,R,191,URU,26.79,286,171,6-4 6-7(6) 7-6(5),3,R32,179,6,5,124,77,61,24,17,9,10,13,3,107,73,58,21,17,4,6
2018-7391,Guayaquil,Clay,32,C,,20181029,4,H896,,,Jose Hernandez-Fernandez,R,183,DOM,28.63,244,218,MJ08,6,,Thiago Monteiro,L,183,BRA,24.413,114,517,6-1 7-6(2),3,R32,82,5,3,61,44,35,9,10,2,3,5,0,59,42,27,8,9,2,5
2018-7391,Guayaquil,Clay,32,C,,20181029,5,DA31,7,,Hugo Dellien,R,180,BOL,25.369,115,513,SX91,,,Thiago Seyboth Wild,R,185,BRA,18.637,443,84,3-6 6-3 6-4,3,R32,104,3,0,76,56,37,15,14,1,3,4,4,83,52,33,18,14,3,6
2018-7391,Guayaquil,Clay,32,C,,20181029,6,LB84,8,,Juan Ignacio Londero,R,180,ARG,25.205,119,481,GA79,,,Lorenzo Giustino,R,180,ITA,27.135,206,263,6-2 6-4,3,R32,82,1,0,51,36,26,10,9,0,0,9,2,74,48,29,13,9,13,16
2018-7391,Guayaquil,Clay,32,C,,20181029,7,A941,,,Facundo Arguello,R,178,ARG,26.234,245,217,CC32,,,Guilherme Clezar,R,180,BRA,25.826,240,221,4-6 6-2 6-1,3,R32,122,9,1,79,58,45,8,13,6,9,3,4,84,59,34,7,12,5,11
2018-7391,Guayaquil,Clay,32,C,,20181029,8,BD20,,,Thomaz Bellucci,L,188,BRA,30.831,253,213,GA36,,,Emilio Gomez,R,185,ECU,26.919,339,131,6-2 3-6 6-4,3,R32,122,3,3,80,53,38,10,13,2,6,2,0,89,65,36,12,14,6,12
2018-7391,Guayaquil,Clay,32,C,,20181029,9,BV27,,,Ulises Blanch,R,188,USA,20.597,324,139,BF23,,,Facundo Bagnis,L,183,ARG,28.668,136,421,7-5 6-4,3,R32,107,9,8,80,40,31,18,11,3,5,6,1,72,36,23,18,11,8,12
2018-7391,Guayaquil,Clay,32,C,,20181029,10,CE77,,,Federico Coria,R,180,ARG,26.639,338,131,MI43,,,Gerald Melzer,L,188,AUT,28.296,194,272,6-2 6-4,3,R32,86,1,0,59,42,25,8,9,5,8,0,3,54,38,19,5,9,4,10
2018-7391,Guayaquil,Clay,32,C,,20181029,11,D981,,,Arthur De Greef,R,183,BEL,26.59,255,211,GE33,,,Daniel Elahi Galan,R,191,COL,22.363,210,258,6-4 6-0,3,R32,59,4,0,39,30,27,6,8,2,2,0,0,44,28,15,7,8,2,6
2018-7391,Guayaquil,Clay,32,C,,20181029,12,G725,,,Santiago Giraldo,R,188,COL,30.921,312,149,D985,,,Joao Domingues,R,,POR,25.065,222,251,7-5 6-3,3,R32,89,6,1,69,53,33,9,11,6,8,3,2,61,44,24,8,10,1,5
2018-7391,Guayaquil,Clay,32,C,,20181029,13,KD70,,,Pedja Krstin,R,183,SRB,24.153,195,270,CF88,,,Roberto Cid Subervi,R,193,DOM,25.164,229,243,6-3 7-6(3),3,R32,104,3,3,65,39,27,18,11,4,6,4,4,82,55,36,10,10,10,13
2018-7391,Guayaquil,Clay,32,C,,20181029,14,Q941,,,Roberto Quiroz,L,193,ECU,26.68,181,308,V836,,,Juan Pablo Varillas,R,185,PER,23.064,331,135,6-3 3-6 6-3,3,R32,109,5,2,78,63,38,9,13,5,9,3,0,89,57,30,19,14,7,13
2018-7391,Guayaquil,Clay,32,C,,20181029,15,S483,,,Pedro Sousa,R,180,POR,30.423,124,467,AC58,,,Nicolas Alvarez,R,185,PER,22.39,537,62,6-4 6-4,3,R32,92,2,2,80,54,34,13,10,5,7,3,2,78,54,32,11,10,2,6
2018-7391,Guayaquil,Clay,32,C,,20181029,16,Z246,,,Miljan Zekic,R,185,SRB,30.297,267,192,E698,,,Gastao Elias,R,180,POR,27.929,215,256,7-6(3) 0-6 6-1,3,R32,121,2,2,80,48,31,20,13,2,6,4,0,79,45,31,19,12,2,5
2018-7391,Guayaquil,Clay,32,C,,20181029,17,C882,1,,Pablo Cuevas,R,180,URU,32.824,65,795,CE77,,,Federico Coria,R,180,ARG,26.639,338,131,6-4 2-6 6-1,3,R16,100,2,2,74,46,32,17,13,6,9,1,0,76,61,39,6,12,2,6
2018-7391,Guayaquil,Clay,32,C,,20181029,18,A887,3,,Guido Andreozzi,R,183,ARG,27.233,97,607,BD20,,,Thomaz Bellucci,L,188,BRA,30.831,253,213,6-3 6-2,3,R16,90,5,3,69,43,30,14,9,4,5,3,1,50,37,19,6,8,2,6
2018-7391,Guayaquil,Clay,32,C,,20181029,19,KD70,,,Pedja Krstin,R,183,SRB,24.153,195,270,L503,5,,Paolo Lorenzi,R,183,ITA,36.871,116,509,7-6(6) 6-2,3,R16,93,7,1,58,38,32,10,10,1,3,6,1,65,42,26,10,10,4,8
2018-7391,Guayaquil,Clay,32,C,,20181029,20,S483,,,Pedro Sousa,R,180,POR,30.423,124,467,DA31,7,,Hugo Dellien,R,180,BOL,25.369,115,513,4-6 6-1 6-4,3,R16,95,2,1,76,55,38,11,14,3,7,2,0,80,60,31,12,13,4,10
2018-7391,Guayaquil,Clay,32,C,,20181029,21,LB84,8,,Juan Ignacio Londero,R,180,ARG,25.205,119,481,Q941,,,Roberto Quiroz,L,193,ECU,26.68,181,308,6-7(5) 7-6(7) 6-1,3,R16,132,4,0,98,72,49,20,15,2,4,12,3,116,86,54,14,16,8,13
2018-7391,Guayaquil,Clay,32,C,,20181029,22,A941,,,Facundo Arguello,R,178,ARG,26.234,245,217,BV27,,,Ulises Blanch,R,188,USA,20.597,324,139,6-4 6-1,3,R16,78,5,1,49,32,24,11,8,3,3,1,0,85,43,25,19,9,15,19
2018-7391,Guayaquil,Clay,32,C,,20181029,23,D981,,,Arthur De Greef,R,183,BEL,26.59,255,211,H896,,,Jose Hernandez-Fernandez,R,183,DOM,28.63,244,218,6-0 6-4,3,R16,65,3,0,43,22,16,16,8,2,3,0,1,47,38,18,4,8,2,7
2018-7391,Guayaquil,Clay,32,C,,20181029,24,G725,,,Santiago Giraldo,R,188,COL,30.921,312,149,Z246,,,Miljan Zekic,R,185,SRB,30.297,267,192,7-5 7-5,3,R16,102,4,1,70,46,35,11,12,2,5,4,2,66,43,29,8,12,3,8
2018-7391,Guayaquil,Clay,32,C,,20181029,25,D981,,,Arthur De Greef,R,183,BEL,26.59,255,211,C882,1,,Pablo Cuevas,R,180,URU,32.824,65,795,7-5 6-3,3,QF,95,3,1,59,39,30,11,10,4,5,2,5,69,40,25,15,11,4,8
2018-7391,Guayaquil,Clay,32,C,,20181029,26,A887,3,,Guido Andreozzi,R,183,ARG,27.233,97,607,KD70,,,Pedja Krstin,R,183,SRB,24.153,195,270,6-4 6-2,3,QF,80,6,1,60,39,29,10,9,3,4,2,5,52,34,22,4,9,1,5
2018-7391,Guayaquil,Clay,32,C,,20181029,27,G725,,,Santiago Giraldo,R,188,COL,30.921,312,149,LB84,8,,Juan Ignacio Londero,R,180,ARG,25.205,119,481,5-7 7-6(3) 7-6(7),3,QF,167,13,1,124,76,49,26,18,9,13,10,3,120,80,55,20,18,4,7
2018-7391,Guayaquil,Clay,32,C,,20181029,28,S483,,,Pedro Sousa,R,180,POR,30.423,124,467,A941,,,Facundo Arguello,R,178,ARG,26.234,245,217,7-6(6) 6-3,3,QF,110,2,1,96,76,44,12,11,9,12,2,0,81,48,21,22,10,5,9
2018-7391,Guayaquil,Clay,32,C,,20181029,29,A887,3,,Guido Andreozzi,R,183,ARG,27.233,97,607,G725,,,Santiago Giraldo,R,188,COL,30.921,312,149,6-4 7-6(8),3,SF,112,0,1,76,54,37,9,11,3,6,5,0,77,58,34,9,11,5,9
2018-7391,Guayaquil,Clay,32,C,,20181029,30,S483,,,Pedro Sousa,R,180,POR,30.423,124,467,D981,,,Arthur De Greef,R,183,BEL,26.59,255,211,7-5 6-2,3,SF,78,1,2,65,49,32,8,10,5,7,0,2,63,40,19,12,10,5,10
2018-7391,Guayaquil,Clay,32,C,,20181029,31,A887,3,,Guido Andreozzi,R,183,ARG,27.233,97,607,S483,,,Pedro Sousa,R,180,POR,30.423,124,467,7-5 1-6 6-4,3,F,113,0,3,96,72,41,12,15,4,10,6,2,72,51,31,14,14,4,9
2018-7586,Canberra 2,Hard,32,C,,20181029,1,N732,2,,Yoshihito Nishioka,L,170,JPN,23.088,91,643,F664,,,Sebastian Fanselow,R,,GER,26.831,412,94,6-3 6-2,3,R32,76,0,0,48,38,29,6,8,1,1,5,8,65,38,25,8,9,9,13
2018-7586,Canberra 2,Hard,32,C,,20181029,2,TC61,3,,Jordan Thompson,R,183,AUS,24.526,87,652,BU34,,,Jeremy Beale,L,193,AUS,24.068,461,78,6-2 6-2,3,R32,57,1,0,39,27,24,8,8,0,0,3,8,57,33,20,8,8,7,11
2018-7586,Canberra 2,Hard,32,C,,20181029,3,PH71,,,Max Purcell,R,185,AUS,20.572,270,185,BI81,4,,Alex Bolt,L,183,AUS,25.812,143,395,6-1 6-7(3) 6-4,3,R32,124,17,2,99,67,48,18,14,11,12,10,6,101,68,49,11,15,7,12
2018-7586,Canberra 2,Hard,32,C,,20181029,4,D994,,,James Duckworth,R,183,AUS,26.771,257,209,PG94,5,,Marc Polmans,R,188,AUS,21.492,137,418,7-6(4) 4-6 7-6(3),3,R32,158,13,4,120,53,41,44,17,4,5,9,2,96,60,49,25,17,0,0
2018-7586,Canberra 2,Hard,32,C,,20181029,5,GE73,,,Jacob Grills,R,,AUS,23.365,511,67,MI01,6,,Hiroki Moriya,R,168,JPN,28.036,187,291,4-6 6-4 6-1,3,R32,118,9,7,103,72,46,14,14,6,10,1,3,78,46,30,12,13,3,9
2018-7586,Canberra 2,Hard,32,C,,20181029,6,WB08,7,,Yosuke Watanuki,R,180,JPN,20.548,233,236,RE45,,,Fabien Reboul,R,185,FRA,23.138,333,134,7-6(5) 6-1,3,R32,93,3,3,69,46,29,11,9,5,8,1,4,77,43,24,11,10,7,13
2018-7586,Canberra 2,Hard,32,C,,20181029,7,EA27,,,Blake Ellis,R,191,AUS,19.811,454,82,U134,8,,Yasutaka Uchiyama,R,183,JPN,26.231,220,252,7-6(9) 6-3,3,R32,103,9,3,67,40,36,15,10,1,2,4,1,96,65,43,14,11,4,7
2018-7586,Canberra 2,Hard,32,C,,20181029,8,D917,,,Sadio Doumbia,R,183,FRA,28.129,404,97,FA50,,,Thomas Fancutt,R,188,AUS,23.674,579,53,4-6 6-4 6-2,3,R32,102,1,5,73,52,43,11,14,0,1,7,2,78,52,39,11,14,0,3
2018-7586,Canberra 2,Hard,32,C,,20181029,9,HB29,,,Andrew Harris,R,183,AUS,24.646,421,90,MN44,,,Bradley Mousley,R,188,AUS,22.82,435,87,7-6(3) 4-6 4-0 RET,3,R32,113,11,2,79,54,45,13,13,3,4,6,6,107,71,50,14,13,8,10
2018-7586,Canberra 2,Hard,32,C,,20181029,10,HG94,,,Benjamin Hassan,R,183,LBN,23.732,423,90,LC54,,,Benjamin Lock,R,198,ZIM,25.654,441,85,6-1 7-5,3,R32,74,10,4,66,40,33,9,10,3,5,2,0,51,32,18,9,9,2,7
2018-7586,Canberra 2,Hard,32,C,,20181029,11,J620,,,Maxime Janvier,R,196,FRA,22.029,238,230,K964,,,Brydan Klein,R,188,GBR,28.827,565,57,6-4 6-3,3,R32,71,1,2,52,37,31,11,10,2,2,1,4,53,35,26,8,9,2,4
2018-7586,Canberra 2,Hard,32,C,,20181029,12,KI74,,,Nicola Kuhn,R,185,GER,18.609,336,132,V656,,,Francesco Vilardo,R,178,ITA,28.835,485,73,6-1 6-3,3,R32,85,5,1,51,28,22,13,8,6,7,8,4,76,39,23,14,8,9,14
2018-7586,Canberra 2,Hard,32,C,,20181029,13,SQ80,,,Akira Santillan,R,180,AUS,21.437,304,157,PC63,,,Alessandro Petrone,,,ITA,27.849,414,93,5-7 7-6(4) 6-1,3,R32,115,11,6,88,56,38,19,15,3,7,5,5,107,70,45,14,16,6,12
2018-7586,Canberra 2,Hard,32,C,,20181029,14,SM09,,,Luke Saville,R,188,AUS,24.821,467,76,V832,,,Aleksandar Vukic,R,188,AUS,22.563,487,72,6-3 6-3,3,R32,80,3,1,55,33,23,12,9,1,3,4,5,65,32,21,11,9,7,12
2018-7586,Canberra 2,Hard,32,C,,20181029,15,SF89,,,Rubin Statham,R,180,NZL,31.513,505,68,MG08,,,Yannick Mertens,R,185,BEL,31.346,325,139,6-3 6-7(2) 7-5,3,R32,139,13,4,97,67,51,22,17,5,5,7,6,124,78,58,20,16,12,14
2018-7586,Canberra 2,Hard,32,C,,20181029,16,W857,,,Tung-Lin Wu,R,188,TPE,20.465,516,66,BH87,,,Maverick Banes,R,,AUS,26.552,262,204,6-4 6-4,3,R32,91,6,3,71,38,30,18,10,3,3,9,5,72,47,34,10,10,6,8
2018-7586,Canberra 2,Hard,32,C,,20181029,17,N732,2,,Yoshihito Nishioka,L,170,JPN,23.088,91,643,HG94,,,Benjamin Hassan,R,183,LBN,23.732,423,90,6-4 6-3,3,R16,76,0,0,54,37,23,12,10,4,6,5,6,65,32,21,13,9,6,10
2018-7586,Canberra 2,Hard,32,C,,20181029,18,TC61,3,,Jordan Thompson,R,183,AUS,24.526,87,652,SF89,,,Rubin Statham,R,180,NZL,31.513,505,68,6-2 7-6(3),3,R16,83,1,2,60,43,32,13,10,1,1,3,0,55,38,27,11,10,2,4
2018-7586,Canberra 2,Hard,32,C,,20181029,19,WB08,7,,Yosuke Watanuki,R,180,JPN,20.548,233,236,HB29,,,Andrew Harris,R,183,AUS,24.646,421,90,7-6(5) 6-7(1) 6-0,3,R16,133,13,7,84,52,36,21,15,1,4,4,2,121,87,52,16,15,12,18
2018-7586,Canberra 2,Hard,32,C,,20181029,20,EA27,,,Blake Ellis,R,191,AUS,19.811,454,82,SM09,,,Luke Saville,R,188,AUS,24.821,467,76,7-6(4) 6-7(2) 7-6(5),3,R16,187,11,5,143,85,58,32,18,12,15,5,6,131,82,56,28,18,6,9
2018-7586,Canberra 2,Hard,32,C,,20181029,21,GE73,,,Jacob Grills,R,,AUS,23.365,511,67,D917,,,Sadio Doumbia,R,183,FRA,28.129,404,97,7-6(6) 3-6 6-3,3,R16,150,9,1,87,60,46,14,15,3,6,7,6,110,66,42,24,15,6,9
2018-7586,Canberra 2,Hard,32,C,,20181029,22,J620,,,Maxime Janvier,R,196,FRA,22.029,238,230,W857,,,Tung-Lin Wu,R,188,TPE,20.465,516,66,6-7(9) 7-5 6-3,3,R16,149,14,7,99,58,51,21,16,0,1,15,4,132,79,56,27,17,8,12
2018-7586,Canberra 2,Hard,32,C,,20181029,23,KI74,,,Nicola Kuhn,R,185,GER,18.609,336,132,PH71,,,Max Purcell,R,185,AUS,20.572,270,185,6-2 6-4,3,R16,77,6,2,56,31,23,16,9,1,1,7,2,67,42,27,11,9,6,9
2018-7586,Canberra 2,Hard,32,C,,20181029,24,SQ80,,,Akira Santillan,R,180,AUS,21.437,304,157,D994,,,James Duckworth,R,183,AUS,26.771,257,209,6-4 4-6 6-3,3,R16,105,5,2,94,67,41,19,15,2,4,12,7,80,39,31,21,14,4,7
2018-7586,Canberra 2,Hard,32,C,,20181029,25,N732,2,,Yoshihito Nishioka,L,170,JPN,23.088,91,643,WB08,7,,Yosuke Watanuki,R,180,JPN,20.548,233,236,6-3 6-2,3,QF,53,2,2,40,28,21,7,8,2,4,2,2,60,37,18,8,9,3,9
2018-7586,Canberra 2,Hard,32,C,,20181029,26,TC61,3,,Jordan Thompson,R,183,AUS,24.526,87,652,EA27,,,Blake Ellis,R,191,AUS,19.811,454,82,6-3 6-1,3,QF,65,2,0,41,29,23,9,8,0,0,3,2,53,32,16,10,8,4,8
2018-7586,Canberra 2,Hard,32,C,,20181029,27,J620,,,Maxime Janvier,R,196,FRA,22.029,238,230,GE73,,,Jacob Grills,R,,AUS,23.365,511,67,7-6(5) 6-4,3,QF,102,7,2,80,55,36,17,11,2,3,4,2,73,50,34,14,11,5,7
2018-7586,Canberra 2,Hard,32,C,,20181029,28,KI74,,,Nicola Kuhn,R,185,GER,18.609,336,132,SQ80,,,Akira Santillan,R,180,AUS,21.437,304,157,6-4 2-0 RET,3,QF,43,3,1,38,19,15,11,6,3,4,0,2,40,29,17,4,6,3,6
2018-7586,Canberra 2,Hard,32,C,,20181029,29,KI74,,,Nicola Kuhn,R,185,GER,18.609,336,132,N732,2,,Yoshihito Nishioka,L,170,JPN,23.088,91,643,7-6(1) 6-4,3,SF,90,5,0,61,35,28,20,11,0,0,0,0,77,63,42,7,11,5,6
2018-7586,Canberra 2,Hard,32,C,,20181029,30,TC61,3,,Jordan Thompson,R,183,AUS,24.526,87,652,J620,,,Maxime Janvier,R,196,FRA,22.029,238,230,6-4 7-5,3,SF,96,1,1,66,50,32,9,11,3,6,4,6,70,39,23,13,11,2,7
2018-7586,Canberra 2,Hard,32,C,,20181029,31,TC61,3,,Jordan Thompson,R,183,AUS,24.526,87,652,KI74,,,Nicola Kuhn,R,185,GER,18.609,336,132,6-1 5-7 6-4,3,F,115,3,1,76,62,43,6,15,2,6,4,2,79,56,36,8,14,6,12
2018-83,Eckental,Hard,32,C,,20181029,1,BA98,,,Simone Bolelli,R,183,ITA,33.057,145,382,L797,1,,Lukas Lacko,R,188,SVK,30.987,82,695,7-6(1) 6-3,3,R32,85,5,1,71,49,39,11,11,2,3,6,5,63,38,31,8,10,2,4
2018-83,Eckental,Hard,32,C,,20181029,2,HB71,2,,Hubert Hurkacz,R,196,POL,21.711,79,710,DA67,,,Matteo Donati,R,185,ITA,23.666,226,246,6-3 3-6 6-3,3,R32,117,8,12,101,56,39,23,14,12,15,4,2,96,52,36,19,13,6,10
2018-83,Eckental,Hard,32,C,,20181029,3,G476,3,,Guillermo Garcia-Lopez,R,185,ESP,35.403,106,549,HB64,,,Quentin Halys,R,191,FRA,22.007,144,387,7-6(7) 7-6(5),3,R32,110,2,7,88,41,30,24,12,4,9,11,12,88,39,32,19,12,5,10
2018-83,Eckental,Hard,32,C,,20181029,4,D864,4,,Evgeny Donskoy,R,185,RUS,28.474,100,583,SF36,,,Igor Sijsling,R,191,NED,31.198,448,83,6-1 6-1,3,R32,36,7,0,36,24,22,6,7,0,0,1,1,37,20,12,3,7,4,9
2018-83,Eckental,Hard,32,C,,20181029,5,HA71,,,Antoine Hoang,R,183,FRA,22.984,178,311,MH16,5,,Yannick Maden,R,185,GER,29.002,128,460,6-3 7-6(3),3,R32,96,3,0,64,45,31,14,11,3,4,4,2,72,37,25,17,10,4,6
2018-83,Eckental,Hard,32,C,,20181029,6,O411,,,Albano Olivetti,R,203,FRA,26.93,413,93,B837,6,,Marcos Baghdatis,R,178,CYP,33.366,127,460,7-6(5) 3-6 6-3,3,R32,137,22,7,110,65,48,27,15,7,8,19,9,103,59,47,23,15,8,9
2018-83,Eckental,Hard,32,C,,20181029,7,BE54,7,,Ruben Bemelmans,L,183,BEL,30.79,129,454,BC72,,,Daniel Brands,R,196,GER,31.285,173,315,4-6 6-4 6-3,3,R32,101,3,4,76,45,34,23,15,0,1,11,9,97,55,40,21,14,8,10
2018-83,Eckental,Hard,32,C,,20181029,8,DB59,8,,Dennis Novak,R,183,AUT,25.169,156,362,MJ71,,,Mats Moraing,L,198,GER,26.357,161,351,7-5 6-4,3,R32,77,5,6,65,32,26,16,11,4,6,17,10,72,40,31,11,11,8,12
2018-83,Eckental,Hard,32,C,,20181029,9,BC65,,,Matthias Bachinger,R,188,GER,31.576,140,413,KB92,,,Kevin Krawietz,R,188,GER,26.762,243,220,6-7(9) 6-4 7-6(3),3,R32,125,18,8,128,71,57,27,17,7,9,7,6,107,65,49,23,17,2,5
2018-83,Eckental,Hard,32,C,,20181029,10,BM95,,,Benjamin Bonzi,R,183,FRA,22.387,308,154,D750,,,Kenny De Schepper,L,203,FRA,31.42,208,261,7-6(3) 6-4,3,R32,85,2,2,80,53,36,18,11,9,10,2,2,70,52,31,14,11,3,5
2018-83,Eckental,Hard,32,C,,20181029,11,BK92,,,Alexander Bublik,R,196,KAZ,21.366,248,215,MF35,,,Andrej Martin,R,183,SVK,29.106,189,284,1-6 6-2 6-2,3,R32,84,8,8,70,48,37,7,11,4,7,1,7,88,48,35,15,12,9,14
2018-83,Eckental,Hard,32,C,,20181029,12,MN20,,,Daniel Masur,R,183,GER,23.978,287,170,GH92,,,Borna Gojo,R,196,CRO,20.668,382,105,6-3 6-0,3,R32,42,3,1,37,32,25,3,7,0,0,2,1,47,31,18,5,8,7,12
2018-83,Eckental,Hard,32,C,,20181029,13,O449,,,Oscar Otte,R,193,GER,25.287,176,313,WB25,,,Louis Wessels,R,198,GER,20.172,347,126,6-3 6-1,3,R32,52,10,5,47,26,22,11,8,2,2,5,4,49,30,17,8,8,0,4
2018-83,Eckental,Hard,32,C,,20181029,14,R685,,,Lukas Rosol,R,193,CZE,33.265,168,327,M0AC,,,Rudolf Molleker,R,188,GER,18.007,192,275,3-6 6-3 6-2,3,R32,75,13,5,66,44,39,12,13,0,1,11,13,90,47,35,18,13,7,10
2018-83,Eckental,Hard,32,C,,20181029,15,SJ22,,,Gleb Sakharov,R,185,FRA,30.385,231,240,V717,,,Alexey Vatutin,R,178,RUS,26.004,171,319,6-1 6-4,3,R32,85,3,1,67,36,25,17,9,7,8,2,2,55,29,14,14,8,4,8
2018-83,Eckental,Hard,32,C,,20181029,16,SC77,,,Sergiy Stakhovsky,R,193,UKR,32.81,146,381,MJ01,,,Roberto Marcora,R,193,ITA,29.164,296,161,6-4 6-4,3,R32,75,5,1,57,32,28,16,10,2,2,5,7,68,30,23,19,10,3,5
2018-83,Eckental,Hard,32,C,,20181029,17,R685,,,Lukas Rosol,R,193,CZE,33.265,168,327,HB71,2,,Hubert Hurkacz,R,196,POL,21.711,79,710,5-2 RET,3,R16,22,4,1,18,11,8,4,3,0,0,2,4,24,14,8,4,4,1,3
2018-83,Eckental,Hard,32,C,,20181029,18,SJ22,,,Gleb Sakharov,R,185,FRA,30.385,231,240,G476,3,,Guillermo Garcia-Lopez,R,185,ESP,35.403,106,549,6-4 7-6(0),3,R16,119,5,1,84,45,35,21,11,4,5,3,4,72,31,22,23,11,4,6
2018-83,Eckental,Hard,32,C,,20181029,19,D864,4,,Evgeny Donskoy,R,185,RUS,28.474,100,583,BM95,,,Benjamin Bonzi,R,183,FRA,22.387,308,154,5-7 7-5 6-4,3,R16,133,6,3,109,67,51,22,17,8,10,7,6,114,53,38,31,17,9,12
2018-83,Eckental,Hard,32,C,,20181029,20,BE54,7,,Ruben Bemelmans,L,183,BEL,30.79,129,454,O449,,,Oscar Otte,R,193,GER,25.287,176,313,6-4 6-1,3,R16,53,4,2,42,29,24,9,8,1,1,9,10,52,24,19,9,9,2,6
2018-83,Eckental,Hard,32,C,,20181029,21,BC65,,,Matthias Bachinger,R,188,GER,31.576,140,413,DB59,8,,Dennis Novak,R,183,AUT,25.169,156,362,6-2 6-7(8) 6-4,3,R16,106,8,5,97,56,44,24,15,2,3,3,9,99,64,42,19,15,10,14
2018-83,Eckental,Hard,32,C,,20181029,22,HA71,,,Antoine Hoang,R,183,FRA,22.984,178,311,SC77,,,Sergiy Stakhovsky,R,193,UKR,32.81,146,381,6-2 6-2,3,R16,58,1,1,45,32,27,8,8,1,1,7,3,48,28,18,7,8,5,9
2018-83,Eckental,Hard,32,C,,20181029,23,MN20,,,Daniel Masur,R,183,GER,23.978,287,170,BA98,,,Simone Bolelli,R,183,ITA,33.057,145,382,6-4 5-7 6-3,3,R16,129,9,8,95,61,50,17,16,2,3,2,1,93,64,44,18,15,3,5
2018-83,Eckental,Hard,32,C,,20181029,24,O411,,,Albano Olivetti,R,203,FRA,26.93,413,93,BK92,,,Alexander Bublik,R,196,KAZ,21.366,248,215,6-2 7-6(3),3,R16,67,18,3,62,43,33,12,10,1,2,5,5,55,38,28,7,10,1,4
2018-83,Eckental,Hard,32,C,,20181029,25,D864,4,,Evgeny Donskoy,R,185,RUS,28.474,100,583,O411,,,Albano Olivetti,R,203,FRA,26.93,413,93,6-4 7-6(2),3,QF,86,7,2,61,33,29,21,11,5,5,19,7,80,44,34,17,11,5,6
2018-83,Eckental,Hard,32,C,,20181029,26,BE54,7,,Ruben Bemelmans,L,183,BEL,30.79,129,454,MN20,,,Daniel Masur,R,183,GER,23.978,287,170,1-6 6-2 6-3,3,QF,88,8,5,71,49,33,8,12,3,7,7,7,72,43,26,13,12,1,6
2018-83,Eckental,Hard,32,C,,20181029,27,HA71,,,Antoine Hoang,R,183,FRA,22.984,178,311,R685,,,Lukas Rosol,R,193,CZE,33.265,168,327,6-3 1-6 6-4,3,QF,102,7,5,77,58,43,7,13,2,4,8,2,85,46,32,23,13,8,10
2018-83,Eckental,Hard,32,C,,20181029,28,SJ22,,,Gleb Sakharov,R,185,FRA,30.385,231,240,BC65,,,Matthias Bachinger,R,188,GER,31.576,140,413,3-6 7-5 6-1,3,QF,120,6,3,84,47,36,20,14,4,6,2,0,93,53,35,19,14,9,13
2018-83,Eckental,Hard,32,C,,20181029,29,BE54,7,,Ruben Bemelmans,L,183,BEL,30.79,129,454,D864,4,,Evgeny Donskoy,R,185,RUS,28.474,100,583,6-2 6-3,3,SF,62,6,1,52,36,29,8,9,3,4,1,3,52,30,20,7,8,5,9
2018-83,Eckental,Hard,32,C,,20181029,30,HA71,,,Antoine Hoang,R,183,FRA,22.984,178,311,SJ22,,,Gleb Sakharov,R,185,FRA,30.385,231,240,6-4 6-2,3,SF,77,3,2,51,41,33,2,9,1,2,2,0,58,36,26,5,9,4,8
2018-83,Eckental,Hard,32,C,,20181029,31,HA71,,,Antoine Hoang,R,183,FRA,22.984,178,311,BE54,7,,Ruben Bemelmans,L,183,BEL,30.79,129,454,7-5 6-3,3,F,96,5,3,57,35,24,15,10,3,5,5,8,87,53,32,14,11,8,13
2018-363,Knoxville,Hard,32,C,,20181111,1,SL08,,,Tennys Sandgren,R,188,USA,27.307,61,822,L949,,,Henri Laaksonen,R,185,SUI,26.615,163,345,6-3 6-0,3,R32,58,10,2,44,28,23,11,8,3,3,1,5,58,31,21,8,7,6,10
2018-363,Knoxville,Hard,32,C,,20181111,2,K839,,,Tobias Kamke,R,178,GER,32.476,236,235,G710,2,,Marcel Granollers,R,191,ESP,32.583,96,598,6-4 3-6 6-4,3,R32,146,0,1,114,68,40,26,14,14,17,6,0,94,63,44,15,15,2,6
2018-363,Knoxville,Hard,32,C,,20181111,3,KA98,3,,Bradley Klahn,L,183,USA,28.227,95,603,AB71,,,JC Aragone,R,178,USA,23.373,237,235,6-2 7-6(7),3,R32,87,6,2,73,41,30,17,10,4,6,3,2,62,47,32,4,10,2,6
2018-363,Knoxville,Hard,32,C,,20181111,4,MP01,4,,Michael Mmoh,R,188,USA,20.835,103,556,SP05,,,Evan Song,L,178,USA,26.428,394,102,6-2 6-3,3,R32,77,4,1,67,48,35,7,9,3,4,4,0,38,23,12,6,8,1,5
2018-363,Knoxville,Hard,32,C,,20181111,5,SF62,5,,Tim Smyczek,R,175,USA,30.867,140,398,SJ55,,,John-Patrick Smith,L,188,AUS,29.796,202,263,3-6 6-3 6-2,3,R32,115,4,0,80,48,37,17,13,4,6,2,1,93,56,37,20,13,8,12
2018-363,Knoxville,Hard,32,C,,20181111,6,J380,6,,Jason Jung,R,180,TPE,29.407,128,450,S0AR,,,Timo Stodder,R,180,GER,22.486,1774,1,6-1 6-3,3,R32,72,6,2,62,44,32,5,8,4,6,2,0,47,27,13,4,8,3,9
2018-363,Knoxville,Hard,32,C,,20181111,7,PB22,7,,Peter Polansky,R,183,CAN,30.407,120,482,HB05,,,Christian Harrison,R,180,USA,24.454,259,208,6-2 6-2,3,R32,58,3,0,51,31,23,15,8,3,3,6,1,43,28,17,5,8,2,6
2018-363,Knoxville,Hard,32,C,,20181111,8,O522,8,,Reilly Opelka,R,211,USA,21.205,134,430,GA36,,,Emilio Gomez,R,185,ECU,26.954,339,131,6-2 6-3,3,R32,72,13,2,48,33,29,8,9,0,0,2,4,71,42,28,10,8,7,10
2018-363,Knoxville,Hard,32,C,,20181111,9,E865,,,Christopher Eubanks,R,201,USA,22.519,188,278,W09G,,,J.J. Wolf,R,183,USA,19.89,561,57,7-5 6-7(3) 6-4,3,R32,127,29,7,102,65,55,21,17,4,4,26,2,108,62,49,27,17,7,9
2018-363,Knoxville,Hard,32,C,,20181111,10,F811,,,Bjorn Fratangelo,R,183,USA,25.314,131,436,PL56,,,Tommy Paul,R,185,USA,21.487,222,250,6-4 6-4,3,R32,73,2,0,54,33,25,12,10,2,4,5,2,64,33,22,13,10,2,6
2018-363,Knoxville,Hard,32,C,,20181111,11,KD87,,,Evgeny Karlovskiy,R,191,RUS,24.263,229,244,T09R,,,Preston Touliatos,,,USA,23.149,,,6-3 6-2,3,R32,,,,,,,,,,,,,,,,,,,
2018-363,Knoxville,Hard,32,C,,20181111,12,KE73,,,Dominik Koepfer,L,180,GER,24.537,177,311,KC12,,,Mitchell Krueger,R,188,USA,24.83,254,214,6-1 2-6 6-2,3,R32,117,5,2,84,46,32,18,12,8,11,0,4,68,43,27,9,11,3,8
2018-363,Knoxville,Hard,32,C,,20181111,13,MM66,,,Nikola Milojevic,R,188,SRB,23.398,172,316,SP80,,,Nino Serdarusic,R,191,CRO,21.911,210,258,6-2 6-4,3,R32,73,4,4,55,31,26,10,9,2,4,7,2,56,31,18,8,9,5,10
2018-363,Knoxville,Hard,32,C,,20181111,14,RC62,,,Michael Redlicki,L,203,USA,24.986,527,64,A853,,,Marcelo Arevalo,R,191,ESA,28.068,182,294,7-6(5) 6-4,3,R32,97,4,1,80,48,36,22,11,6,6,6,1,62,39,33,15,11,0,1
2018-363,Knoxville,Hard,32,C,,20181111,15,RA51,,,Blaz Rola,L,193,SLO,28.101,235,235,Q941,,,Roberto Quiroz,L,193,ECU,26.716,180,299,7-6(4) 6-4,3,R32,79,10,1,69,53,42,11,11,4,5,7,1,72,41,31,16,11,3,5
2018-363,Knoxville,Hard,32,C,,20181111,16,Y268,,,Mikael Ymer,R,185,SWE,20.172,288,171,MQ75,,,Kamil Majchrzak,R,183,POL,22.828,193,272,6-4 6-4,3,R32,103,2,6,83,56,41,9,10,7,8,5,1,67,36,22,16,10,8,11
2018-363,Knoxville,Hard,32,C,,20181111,17,RA51,,,Blaz Rola,L,193,SLO,28.101,235,235,SL08,,,Tennys Sandgren,R,188,USA,27.307,61,822,6-4 6-4,3,R16,73,6,2,53,39,31,8,10,2,3,4,3,62,30,24,12,10,3,6
2018-363,Knoxville,Hard,32,C,,20181111,18,KD87,,,Evgeny Karlovskiy,R,191,RUS,24.263,229,244,KA98,3,,Bradley Klahn,L,183,USA,28.227,95,603,5-7 6-4 6-4,3,R16,106,4,1,84,65,52,11,16,1,2,7,4,87,51,40,19,16,1,3
2018-363,Knoxville,Hard,32,C,,20181111,19,MP01,4,,Michael Mmoh,R,188,USA,20.835,103,556,Y268,,,Mikael Ymer,R,185,SWE,20.172,288,171,6-3 6-2,3,R16,77,2,2,54,37,30,9,9,1,1,2,2,57,39,23,9,8,6,9
2018-363,Knoxville,Hard,32,C,,20181111,20,SF62,5,,Tim Smyczek,R,175,USA,30.867,140,398,KE73,,,Dominik Koepfer,L,180,GER,24.537,177,311,6-4 7-6(4),3,R16,99,6,2,79,52,40,15,11,3,3,6,2,72,43,37,14,11,3,4
2018-363,Knoxville,Hard,32,C,,20181111,21,MM66,,,Nikola Milojevic,R,188,SRB,23.398,172,316,J380,6,,Jason Jung,R,180,TPE,29.407,128,450,6-0 6-4,3,R16,71,4,3,62,37,25,11,8,7,9,0,2,49,37,16,3,8,5,11
2018-363,Knoxville,Hard,32,C,,20181111,22,E865,,,Christopher Eubanks,R,201,USA,22.519,188,278,PB22,7,,Peter Polansky,R,183,CAN,30.407,120,482,6-3 6-4,3,R16,48,21,6,48,34,33,7,10,0,0,2,2,48,34,25,7,9,1,3
2018-363,Knoxville,Hard,32,C,,20181111,23,O522,8,,Reilly Opelka,R,211,USA,21.205,134,430,RC62,,,Michael Redlicki,L,203,USA,24.986,527,64,7-6(10) 7-6(6),3,R16,93,23,3,74,49,45,17,12,0,1,6,3,85,59,49,14,12,1,2
2018-363,Knoxville,Hard,32,C,,20181111,24,F811,,,Bjorn Fratangelo,R,183,USA,25.314,131,436,K839,,,Tobias Kamke,R,178,GER,32.476,236,235,7-6(4) 6-7(4) 6-4,3,R16,150,18,2,105,67,54,20,17,3,4,4,7,127,66,48,33,17,12,14
2018-363,Knoxville,Hard,32,C,,20181111,25,O522,8,,Reilly Opelka,R,211,USA,21.205,134,430,MP01,4,,Michael Mmoh,R,188,USA,20.835,103,556,W/O,3,QF,,,,,,,,,,,,,,,,,,,
2018-363,Knoxville,Hard,32,C,,20181111,26,F811,,,Bjorn Fratangelo,R,183,USA,25.314,131,436,SF62,5,,Tim Smyczek,R,175,USA,30.867,140,398,6-2 6-1,3,QF,62,6,1,51,29,24,11,8,1,1,0,4,39,22,13,6,7,2,6
2018-363,Knoxville,Hard,32,C,,20181111,27,E865,,,Christopher Eubanks,R,201,USA,22.519,188,278,KD87,,,Evgeny Karlovskiy,R,191,RUS,24.263,229,244,4-1 RET,3,QF,12,2,2,14,7,7,5,3,0,0,1,0,11,9,5,1,2,1,2
2018-363,Knoxville,Hard,32,C,,20181111,28,MM66,,,Nikola Milojevic,R,188,SRB,23.398,172,316,RA51,,,Blaz Rola,L,193,SLO,28.101,235,235,6-4 6-2,3,QF,74,3,3,57,27,23,16,9,3,3,5,2,51,36,24,5,9,0,3
2018-363,Knoxville,Hard,32,C,,20181111,29,O522,8,,Reilly Opelka,R,211,USA,21.205,134,430,MM66,,,Nikola Milojevic,R,188,SRB,23.398,172,316,6-3 6-4,3,SF,64,18,0,53,40,36,6,10,1,1,7,1,51,34,26,8,9,3,5
2018-363,Knoxville,Hard,32,C,,20181111,30,F811,,,Bjorn Fratangelo,R,183,USA,25.314,131,436,E865,,,Christopher Eubanks,R,201,USA,22.519,188,278,7-6(4) 6-4,3,SF,84,9,3,73,50,39,15,11,4,5,12,7,74,45,36,13,11,6,8
2018-363,Knoxville,Hard,32,C,,20181111,31,O522,8,,Reilly Opelka,R,211,USA,21.205,134,430,F811,,,Bjorn Fratangelo,R,183,USA,25.314,131,436,7-5 4-6 7-6(2),3,F,119,26,5,100,64,57,17,17,1,2,8,2,115,77,57,19,17,5,6
2018-544,Montevideo,Clay,32,C,,20181111,1,V824,,,Mario Vilella Martinez,R,178,ESP,23.359,257,214,C882,1,,Pablo Cuevas,R,180,URU,32.86,70,720,6-2 6-2,3,R32,61,5,2,57,35,23,13,8,4,5,3,8,46,25,15,5,8,0,5
2018-544,Montevideo,Clay,32,C,,20181111,2,PC11,2,,Guido Pella,L,183,ARG,28.487,65,787,CF88,,,Roberto Cid Subervi,R,193,DOM,25.199,230,243,6-4 6-1,3,R32,81,5,1,44,24,19,12,8,0,1,0,2,69,43,22,10,9,9,14
2018-544,Montevideo,Clay,32,C,,20181111,3,A887,3,,Guido Andreozzi,R,183,ARG,27.269,82,672,GD91,,,Juan Ignacio Galarza,R,183,ARG,24.652,391,103,1-6 7-5 6-3,3,R32,142,2,2,93,57,34,16,14,5,10,3,5,93,47,31,20,14,5,10
2018-544,Montevideo,Clay,32,C,,20181111,4,A596,4,,Pablo Andujar,R,180,ESP,32.799,101,568,D985,,,Joao Domingues,R,,POR,25.101,228,245,6-0 6-3,3,R32,62,1,2,39,21,14,13,7,0,1,1,2,46,28,10,8,8,2,8
2018-544,Montevideo,Clay,32,C,,20181111,5,MJ08,5,,Thiago Monteiro,L,183,BRA,24.449,112,517,D0CG,,,Facundo Diaz Acosta,L,183,ARG,17.906,1786,1,6-2 7-5,3,R32,75,2,1,58,33,23,15,10,3,5,1,7,59,38,21,7,10,0,5
2018-544,Montevideo,Clay,32,C,,20181111,6,DA31,6,,Hugo Dellien,R,180,BOL,25.405,117,490,L0CI,,,Francisco Llanes,R,178,URU,16.572,,,6-2 6-3,3,R32,57,2,1,51,37,26,9,9,0,1,0,0,41,29,17,5,8,1,5
2018-544,Montevideo,Clay,32,C,,20181111,7,L503,7,,Paolo Lorenzi,R,183,ITA,36.906,115,505,CE77,,,Federico Coria,R,180,ARG,26.675,322,140,3-6 6-0 7-6(2),3,R32,139,2,2,76,40,29,22,13,0,2,0,5,103,74,44,13,14,4,8
2018-544,Montevideo,Clay,32,C,,20181111,8,CG04,,,Pedro Cachin,R,185,ARG,23.584,260,206,LB84,8,,Juan Ignacio Londero,R,180,ARG,25.24,118,490,5-7 6-1 6-2,3,R32,119,6,2,83,45,33,20,14,1,3,1,2,96,54,34,20,13,9,14
2018-544,Montevideo,Clay,32,C,,20181111,9,A941,,,Facundo Arguello,R,178,ARG,26.27,239,232,D981,,,Arthur De Greef,R,183,BEL,26.626,232,240,5-7 6-3 6-3,3,R32,137,0,4,96,65,44,15,15,8,12,2,2,100,60,38,18,15,13,19
2018-544,Montevideo,Clay,32,C,,20181111,10,B884,,,Carlos Berlocq,R,183,ARG,35.77,127,458,BF23,,,Facundo Bagnis,L,183,ARG,28.704,150,373,6-2 6-0,3,R32,73,1,0,37,20,16,14,7,1,1,0,5,54,28,14,8,7,7,12
2018-544,Montevideo,Clay,32,C,,20181111,11,CC98,,,Martin Cuevas,R,191,URU,26.825,299,165,TE16,,,Carlos Taberner,R,183,ESP,21.259,337,132,7-6(7) 7-6(5),3,R32,140,8,7,87,45,30,20,12,1,5,0,4,95,53,32,21,12,6,10
2018-544,Montevideo,Clay,32,C,,20181111,12,G676,,,Daniel Gimeno-Traver,R,183,ESP,33.262,184,292,E698,,,Gastao Elias,R,180,POR,27.964,243,227,6-4 6-1,3,R32,84,0,2,57,37,29,12,9,4,4,0,0,57,30,20,11,8,5,8
2018-544,Montevideo,Clay,32,C,,20181111,13,GA79,,,Lorenzo Giustino,R,180,ITA,27.17,205,263,BD20,,,Thomaz Bellucci,L,188,BRA,30.867,247,219,6-3 6-3,3,R32,75,1,3,52,26,17,13,9,0,3,4,4,48,25,16,4,9,2,8
2018-544,Montevideo,Clay,32,C,,20181111,14,KD70,,,Pedja Krstin,R,183,SRB,24.189,186,285,GB53,,,Federico Gaio,R,178,ITA,26.686,242,227,7-6(5) 7-5,3,R32,110,1,2,74,48,33,12,12,1,5,9,5,76,45,33,11,12,2,7
2018-544,Montevideo,Clay,32,C,,20181111,15,KC33,,,Dimitar Kuzmanov,R,183,BUL,25.29,289,171,SX91,,,Thiago Seyboth Wild,R,185,BRA,18.672,436,87,6-2 4-6 6-2,3,R32,123,4,3,69,43,30,15,13,2,5,6,4,101,67,39,14,13,7,13
2018-544,Montevideo,Clay,32,C,,20181111,16,S483,,,Pedro Sousa,R,180,POR,30.459,114,515,CC32,,,Guilherme Clezar,R,180,BRA,25.862,244,221,6-1 6-2,3,R32,67,2,2,58,43,30,7,8,6,7,0,3,50,27,12,8,7,5,10
2018-544,Montevideo,Clay,32,C,,20181111,17,PC11,2,,Guido Pella,L,183,ARG,28.487,65,787,KD70,,,Pedja Krstin,R,183,SRB,24.189,186,285,1-6 6-3 7-5,3,R16,136,1,8,97,64,41,10,14,8,14,2,3,85,43,29,16,14,4,10
2018-544,Montevideo,Clay,32,C,,20181111,18,S483,,,Pedro Sousa,R,180,POR,30.459,114,515,A887,3,,Guido Andreozzi,R,183,ARG,27.269,82,672,6-1 6-3,3,R16,71,1,0,58,45,32,7,8,4,4,0,2,60,40,24,6,8,6,10
2018-544,Montevideo,Clay,32,C,,20181111,19,A941,,,Facundo Arguello,R,178,ARG,26.27,239,232,A596,4,,Pablo Andujar,R,180,ESP,32.799,101,568,7-6(4) 7-5,3,R16,134,1,3,89,54,30,16,12,5,10,0,5,78,44,23,13,12,6,12
2018-544,Montevideo,Clay,32,C,,20181111,20,CC98,,,Martin Cuevas,R,191,URU,26.825,299,165,MJ08,5,,Thiago Monteiro,L,183,BRA,24.449,112,517,4-6 7-5 7-5,3,R16,145,10,9,111,54,45,28,17,6,9,1,1,106,68,46,20,17,6,10
2018-544,Montevideo,Clay,32,C,,20181111,21,G676,,,Daniel Gimeno-Traver,R,183,ESP,33.262,184,292,DA31,6,,Hugo Dellien,R,180,BOL,25.405,117,490,7-5 7-5,3,R16,103,1,7,88,61,36,12,12,5,9,1,4,76,55,30,9,12,5,11
2018-544,Montevideo,Clay,32,C,,20181111,22,B884,,,Carlos Berlocq,R,183,ARG,35.77,127,458,L503,7,,Paolo Lorenzi,R,183,ITA,36.906,115,505,3-6 6-2 7-5,3,R16,144,0,2,78,47,25,19,14,2,7,2,5,85,51,30,12,15,2,9
2018-544,Montevideo,Clay,32,C,,20181111,23,GA79,,,Lorenzo Giustino,R,180,ITA,27.17,205,263,CG04,,,Pedro Cachin,R,185,ARG,23.584,260,206,6-1 6-3,3,R16,69,0,0,41,20,15,14,8,0,1,0,2,51,34,18,5,8,4,9
2018-544,Montevideo,Clay,32,C,,20181111,24,V824,,,Mario Vilella Martinez,R,178,ESP,23.359,257,214,KC33,,,Dimitar Kuzmanov,R,183,BUL,25.29,289,171,6-2 7-6(3),3,R16,98,6,2,64,42,34,13,10,1,1,2,2,79,47,32,15,10,6,8
2018-544,Montevideo,Clay,32,C,,20181111,25,PC11,2,,Guido Pella,L,183,ARG,28.487,65,787,GA79,,,Lorenzo Giustino,R,180,ITA,27.17,205,263,6-1 3-2 RET,3,QF,62,2,2,34,26,20,4,6,1,2,2,1,50,29,14,9,6,4,8
2018-544,Montevideo,Clay,32,C,,20181111,26,B884,,,Carlos Berlocq,R,183,ARG,35.77,127,458,A941,,,Facundo Arguello,R,178,ARG,26.27,239,232,6-3 3-6 7-5,3,QF,145,2,1,92,52,35,25,15,5,8,1,2,76,46,33,19,15,2,6
2018-544,Montevideo,Clay,32,C,,20181111,27,S483,,,Pedro Sousa,R,180,POR,30.459,114,515,G676,,,Daniel Gimeno-Traver,R,183,ESP,33.262,184,292,3-6 7-5 6-1,3,QF,104,1,2,80,69,42,2,14,3,8,3,3,80,46,25,14,14,0,7
2018-544,Montevideo,Clay,32,C,,20181111,28,V824,,,Mario Vilella Martinez,R,178,ESP,23.359,257,214,CC98,,,Martin Cuevas,R,191,URU,26.825,299,165,6-3 6-4,3,QF,72,2,2,56,39,29,9,10,4,6,1,1,51,30,18,9,9,3,7
2018-544,Montevideo,Clay,32,C,,20181111,29,PC11,2,,Guido Pella,L,183,ARG,28.487,65,787,S483,,,Pedro Sousa,R,180,POR,30.459,114,515,2-6 6-3 6-4,3,SF,114,3,3,95,58,43,17,14,8,10,1,5,82,51,36,15,13,1,3
2018-544,Montevideo,Clay,32,C,,20181111,30,B884,,,Carlos Berlocq,R,183,ARG,35.77,127,458,V824,,,Mario Vilella Martinez,R,178,ESP,23.359,257,214,6-1 6-4,3,SF,83,2,1,53,37,28,11,9,1,1,2,1,54,39,23,7,8,3,6
2018-544,Montevideo,Clay,32,C,,20181111,31,PC11,2,,Guido Pella,L,183,ARG,28.487,65,787,B884,,,Carlos Berlocq,R,183,ARG,35.77,127,458,6-3 3-6 6-1,3,F,134,2,1,87,60,41,11,13,7,10,0,2,77,46,28,13,12,2,7
2018-6857,Mouilleron le Captif,Hard,32,C,,20181111,1,PD31,1,,Benoit Paire,R,196,FRA,29.511,53,935,D750,,,Kenny De Schepper,L,203,FRA,31.455,209,258,6-4 7-6(7),3,R32,87,3,2,66,34,28,20,11,1,2,2,1,92,73,48,6,11,8,10
2018-6857,Mouilleron le Captif,Hard,32,C,,20181111,2,DA86,,,Joris De Loore,R,191,BEL,25.558,384,105,DB63,2,,Laslo Djere,R,188,SRB,23.444,92,621,6-1 6-4,3,R32,62,5,2,52,38,29,7,9,1,2,1,0,43,30,17,6,8,2,6
2018-6857,Mouilleron le Captif,Hard,32,C,,20181111,3,CG33,,,Kimmer Coppejans,R,178,BEL,24.758,213,254,HH26,3,,Ugo Humbert,L,188,FRA,20.378,98,579,3-6 6-3 4-1 RET,3,R32,98,2,1,58,38,27,12,11,1,3,1,4,84,51,35,13,12,10,14
2018-6857,Mouilleron le Captif,Hard,32,C,,20181111,4,BE90,5,,Ricardas Berankis,R,175,LTU,28.392,116,505,J439,,,Tom Jomby,R,198,FRA,27.729,318,147,7-5 6-2,3,R32,81,4,0,69,35,25,21,10,3,4,7,6,68,44,29,7,10,3,7
2018-6857,Mouilleron le Captif,Hard,32,C,,20181111,5,MH16,6,,Yannick Maden,R,185,GER,29.038,126,460,HA71,,,Antoine Hoang,R,183,FRA,23.02,143,390,6-1 6-2,3,R32,64,1,1,45,29,23,8,8,1,2,0,1,44,32,15,4,7,2,7
2018-6857,Mouilleron le Captif,Hard,32,C,,20181111,6,Y218,7,,Elias Ymer,R,185,SWE,22.587,130,438,CG94,,,Enzo Couacaud,R,183,FRA,23.699,307,157,6-1 6-0,3,R32,48,2,1,37,23,17,11,7,0,0,5,2,43,22,14,3,6,7,12
2018-6857,Mouilleron le Captif,Hard,32,C,,20181111,7,TA12,8,,Stefano Travaglia,R,185,ITA,26.872,132,433,BU13,,,Zizou Bergs,R,185,BEL,19.441,419,92,7-5 6-4,3,R32,90,8,3,69,35,27,22,11,2,2,5,3,77,50,33,14,11,2,4
2018-6857,Mouilleron le Captif,Hard,32,C,,20181111,8,BT68,,,Elliot Benchetrit,R,193,MAR,20.11,332,136,MP20,,,Alexandre Muller,R,183,FRA,21.774,361,117,6-3 6-2,3,R32,55,12,0,52,29,23,12,9,0,1,4,2,38,24,13,7,8,0,4
2018-6857,Mouilleron le Captif,Hard,32,C,,20181111,9,BK19,,,Mathias Bourgue,R,188,FRA,24.813,287,172,GA71,,,Laurynas Grigelis,R,183,LTU,27.244,241,231,6-3 7-6(2),3,R32,99,9,1,86,59,35,17,11,8,10,4,2,68,42,27,11,10,8,11
2018-6857,Mouilleron le Captif,Hard,32,C,,20181111,10,GB61,,,Viktor Galovic,R,193,CRO,28.145,199,266,MO44,,,Pedro Martinez,R,185,ESP,21.544,156,367,6-3 6-3,3,R32,69,6,0,60,36,28,11,9,4,5,3,2,46,26,16,10,9,1,5
2018-6857,Mouilleron le Captif,Hard,32,C,,20181111,11,HB64,,,Quentin Halys,R,191,FRA,22.042,145,387,BA98,,,Simone Bolelli,R,183,ITA,33.092,146,382,7-6(4) 7-6(3),3,R32,105,8,7,77,49,37,13,12,3,6,1,1,97,72,42,14,12,5,8
2018-6857,Mouilleron le Captif,Hard,32,C,,20181111,12,J620,,,Maxime Janvier,R,196,FRA,22.064,211,255,V495,,,Luca Vanni,R,198,ITA,33.437,152,372,6-2 6-2,3,R32,57,6,2,49,30,27,10,8,6,6,2,4,50,30,19,4,8,1,5
2018-6857,Mouilleron le Captif,Hard,32,C,,20181111,13,LB66,,,Constant Lestienne,R,180,FRA,26.47,151,373,MW02,,,Corentin Moutet,L,180,FRA,19.565,158,364,6-3 6-4,3,R32,80,2,3,63,46,33,7,10,3,5,4,3,55,37,22,8,9,4,8
2018-6857,Mouilleron le Captif,Hard,32,C,,20181111,14,MJ71,,,Mats Moraing,L,198,GER,26.393,162,351,HB48,,,Calvin Hemery,R,191,FRA,23.786,169,324,6-4 7-6(11),3,R32,87,16,3,76,52,37,18,11,1,2,10,3,78,48,38,14,11,4,6
2018-6857,Mouilleron le Captif,Hard,32,C,,20181111,15,SJ22,,,Gleb Sakharov,R,185,FRA,30.42,194,272,MW76,,,Matteo Martineau,R,183,FRA,19.819,434,88,6-1 6-3,3,R32,66,1,0,52,37,25,9,8,2,3,2,4,51,28,18,7,8,7,12
2018-6857,Mouilleron le Captif,Hard,32,C,,20181111,16,V717,,,Alexey Vatutin,R,178,RUS,26.04,170,319,SK47,,,Mohamed Safwat,R,180,EGY,28.145,191,274,6-7(3) 6-4 6-2,3,R32,137,1,7,108,63,41,25,15,5,7,6,4,106,62,45,15,15,11,16
2018-6857,Mouilleron le Captif,Hard,32,C,,20181111,17,V717,,,Alexey Vatutin,R,178,RUS,26.04,170,319,PD31,1,,Benoit Paire,R,196,FRA,29.511,53,935,3-6 6-1 7-6(6),3,R16,108,2,0,92,61,39,20,14,6,9,7,6,102,55,38,22,14,12,16
2018-6857,Mouilleron le Captif,Hard,32,C,,20181111,18,J620,,,Maxime Janvier,R,196,FRA,22.064,211,255,BE90,5,,Ricardas Berankis,R,175,LTU,28.392,116,505,W/O,3,R16,,,,,,,,,,,,,,,,,,,
2018-6857,Mouilleron le Captif,Hard,32,C,,20181111,19,MH16,6,,Yannick Maden,R,185,GER,29.038,126,460,BK19,,,Mathias Bourgue,R,188,FRA,24.813,287,172,5-2 RET,3,R16,23,2,0,14,11,9,3,3,0,0,3,0,28,14,8,6,4,0,2
2018-6857,Mouilleron le Captif,Hard,32,C,,20181111,20,Y218,7,,Elias Ymer,R,185,SWE,22.587,130,438,SJ22,,,Gleb Sakharov,R,185,FRA,30.42,194,272,4-6 7-6(9) 6-4,3,R16,166,6,4,111,74,57,18,16,5,6,6,4,108,67,49,23,16,5,6
2018-6857,Mouilleron le Captif,Hard,32,C,,20181111,21,HB64,,,Quentin Halys,R,191,FRA,22.042,145,387,TA12,8,,Stefano Travaglia,R,185,ITA,26.872,132,433,6-3 6-3,3,R16,61,2,1,48,24,19,17,9,0,0,5,1,49,33,19,9,9,1,4
2018-6857,Mouilleron le Captif,Hard,32,C,,20181111,22,BT68,,,Elliot Benchetrit,R,193,MAR,20.11,332,136,GB61,,,Viktor Galovic,R,193,CRO,28.145,199,266,7-6(4) 6-3,3,R16,91,8,2,77,45,31,21,11,4,5,2,3,69,42,29,15,10,6,8
2018-6857,Mouilleron le Captif,Hard,32,C,,20181111,23,LB66,,,Constant Lestienne,R,180,FRA,26.47,151,373,DA86,,,Joris De Loore,R,191,BEL,25.558,384,105,4-6 6-0 6-3,3,R16,89,11,1,81,56,41,15,13,4,5,5,1,65,37,23,17,12,2,6
2018-6857,Mouilleron le Captif,Hard,32,C,,20181111,24,MJ71,,,Mats Moraing,L,198,GER,26.393,162,351,CG33,,,Kimmer Coppejans,R,178,BEL,24.758,213,254,6-3 6-3,3,R16,66,8,1,51,35,31,7,9,0,0,3,1,57,41,25,9,9,3,6
2018-6857,Mouilleron le Captif,Hard,32,C,,20181111,25,MH16,6,,Yannick Maden,R,185,GER,29.038,126,460,MJ71,,,Mats Moraing,L,198,GER,26.393,162,351,6-3 6-3,3,QF,72,5,2,66,40,28,13,9,4,5,8,3,50,26,19,9,9,3,7
2018-6857,Mouilleron le Captif,Hard,32,C,,20181111,26,Y218,7,,Elias Ymer,R,185,SWE,22.587,130,438,LB66,,,Constant Lestienne,R,180,FRA,26.47,151,373,5-7 6-4 7-5,3,QF,141,7,2,109,66,50,22,17,7,9,3,6,94,59,48,16,17,4,7
2018-6857,Mouilleron le Captif,Hard,32,C,,20181111,27,BT68,,,Elliot Benchetrit,R,193,MAR,20.11,332,136,HB64,,,Quentin Halys,R,191,FRA,22.042,145,387,7-5 4-6 7-6(6),3,QF,139,5,2,123,65,51,26,17,11,14,14,6,97,64,53,14,17,3,6
2018-6857,Mouilleron le Captif,Hard,32,C,,20181111,28,V717,,,Alexey Vatutin,R,178,RUS,26.04,170,319,J620,,,Maxime Janvier,R,196,FRA,22.064,211,255,5-7 6-4 6-1,3,QF,120,2,2,75,46,32,19,14,1,4,6,2,122,74,45,22,15,10,16
2018-6857,Mouilleron le Captif,Hard,32,C,,20181111,29,MH16,6,,Yannick Maden,R,185,GER,29.038,126,460,V717,,,Alexey Vatutin,R,178,RUS,26.04,170,319,6-2 6-3,3,SF,78,3,0,49,30,21,14,8,1,1,1,3,67,47,23,11,9,7,11
2018-6857,Mouilleron le Captif,Hard,32,C,,20181111,30,Y218,7,,Elias Ymer,R,185,SWE,22.587,130,438,BT68,,,Elliot Benchetrit,R,193,MAR,20.11,332,136,6-4 6-2,3,SF,67,8,2,53,26,20,18,9,0,0,8,2,59,34,21,12,9,3,6
2018-6857,Mouilleron le Captif,Hard,32,C,,20181111,31,Y218,7,,Elias Ymer,R,185,SWE,22.587,130,438,MH16,6,,Yannick Maden,R,185,GER,29.038,126,460,6-3 7-6(5),3,F,108,6,0,73,53,35,12,11,3,5,0,0,78,55,31,12,10,6,9
2018-637,Champaign,Hard,32,C,,20181117,1,G710,1,,Marcel Granollers,R,191,ESP,32.6,94,598,RC04,,,Alexander Ritschard,R,193,SUI,24.652,470,76,6-1 6-1,3,R32,53,1,0,37,23,19,10,7,1,1,0,3,51,32,20,3,7,4,9
2018-637,Champaign,Hard,32,C,,20181117,2,PL56,,,Tommy Paul,R,185,USA,21.503,215,250,HH26,2,,Ugo Humbert,L,188,FRA,20.394,98,579,6-4 4-6 6-2,3,R32,95,4,2,72,35,30,18,14,0,3,4,8,71,34,23,17,14,0,5
2018-637,Champaign,Hard,32,C,,20181117,3,PB22,3,,Peter Polansky,R,183,CAN,30.423,122,482,K0A3,,,Patrick Kypson,R,188,USA,19.055,640,42,7-5 6-2,3,R32,76,10,1,55,37,29,12,10,0,0,3,2,72,44,29,12,10,3,6
2018-637,Champaign,Hard,32,C,,20181117,4,O522,4,,Reilly Opelka,R,211,USA,21.221,116,510,GD08,,,Lloyd Glasspool,R,191,GBR,24.994,444,85,7-6(3) 7-6(2),3,R32,78,22,4,72,46,41,18,12,1,1,9,2,75,50,42,15,12,3,3
2018-637,Champaign,Hard,32,C,,20181117,5,BH02,,,Sekou Bangoura,R,183,USA,26.998,380,107,L949,5,,Henri Laaksonen,R,185,SUI,26.631,172,316,6-4 3-0 RET,3,R32,51,5,1,37,20,17,7,7,0,2,3,2,45,23,13,8,6,6,10
2018-637,Champaign,Hard,32,C,,20181117,6,Y268,,,Mikael Ymer,R,185,SWE,20.189,277,181,MM66,6,,Nikola Milojevic,R,188,SRB,23.414,162,345,6-3 6-3,3,R32,76,3,3,58,28,19,17,9,1,3,0,6,54,30,18,8,9,1,6
2018-637,Champaign,Hard,32,C,,20181117,7,E865,7,,Christopher Eubanks,R,201,USA,22.535,176,307,KB14,,,Kevin King,L,191,USA,27.718,306,159,6-4 3-6 6-3,3,R32,105,5,9,97,57,39,17,14,10,14,10,8,92,57,33,17,14,6,11
2018-637,Champaign,Hard,32,C,,20181117,8,SJ55,8,,John-Patrick Smith,L,188,AUS,29.812,209,256,Y171,,,Denis Yevseyev,R,188,KAZ,25.489,303,162,6-3 7-6(1),3,R32,83,4,1,61,41,33,10,10,3,5,0,0,70,48,26,12,11,6,10
2018-637,Champaign,Hard,32,C,,20181117,9,A09P,,,Alafia Ayeni,R,191,USA,19.272,682,37,RA24,,,Ruan Roelofse,R,188,RSA,28.997,1066,9,6-3 6-4,3,R32,59,3,3,54,34,27,14,10,1,1,7,3,50,27,20,14,9,1,3
2018-637,Champaign,Hard,32,C,,20181117,10,GA48,,,Takanyi Garanganga,R,185,ZIM,28.197,472,76,CO07,,,Ezekiel Clark,R,170,USA,20.331,1298,4,6-3 0-6 6-3,3,R32,125,17,6,90,54,40,12,12,5,9,1,5,78,52,33,10,12,5,9
2018-637,Champaign,Hard,32,C,,20181117,11,H808,,,Harri Heliovaara,R,188,FIN,29.454,348,124,TC12,,,Mikael Torpegaard,R,193,DEN,24.528,479,74,3-6 7-5 6-4,3,R32,105,11,4,99,62,43,15,16,1,6,4,8,93,46,34,21,15,7,12
2018-637,Champaign,Hard,32,C,,20181117,12,HB41,,,Jared Hiltzik,R,185,USA,24.361,440,86,W09G,,,J.J. Wolf,R,183,USA,19.907,561,57,7-5 7-5,3,R32,107,16,3,80,46,35,16,12,6,7,7,3,94,48,34,21,12,9,12
2018-637,Champaign,Hard,32,C,,20181117,13,RA51,,,Blaz Rola,L,193,SLO,28.118,229,242,BV13,,,Alexander Brown,L,198,USA,19.546,1067,9,6-2 7-6(6),3,R32,77,8,0,70,46,35,11,10,2,4,2,1,63,40,22,13,10,3,7
2018-637,Champaign,Hard,32,C,,20181117,14,SQ48,,,Ryan Shane,R,193,USA,24.591,577,53,M0DA,,,Keenan Mayo,R,198,USA,18.478,,,6-3 6-4,3,R32,,,,,,,,,,,,,,,,,,,
2018-637,Champaign,Hard,32,C,,20181117,15,U120,,,Kaichi Uchida,R,180,JPN,24.235,285,174,K0AH,,,Sebastian Korda,R,196,USA,18.368,590,51,7-5 6-7(5) 6-4,3,R32,142,5,3,121,67,45,29,17,7,11,9,4,129,78,55,21,17,5,11
2018-637,Champaign,Hard,32,C,,20181117,16,W597,,,Tak Khunn Wang,R,175,FRA,27.097,393,102,AB71,,,JC Aragone,R,178,USA,23.389,234,235,6-3 6-1,3,R32,64,2,1,50,27,19,17,8,3,3,2,2,45,27,15,9,8,2,6
2018-637,Champaign,Hard,32,C,,20181117,17,SQ48,,,Ryan Shane,R,193,USA,24.591,577,53,G710,1,,Marcel Granollers,R,191,ESP,32.6,94,598,6-3 6-4,3,R16,69,5,3,54,28,23,19,10,4,4,3,1,67,52,33,6,9,8,10
2018-637,Champaign,Hard,32,C,,20181117,18,RA51,,,Blaz Rola,L,193,SLO,28.118,229,242,PB22,3,,Peter Polansky,R,183,CAN,30.423,122,482,6-3 6-4,3,R16,74,7,1,59,37,29,14,10,1,1,4,7,72,41,31,11,9,5,7
2018-637,Champaign,Hard,32,C,,20181117,19,O522,4,,Reilly Opelka,R,211,USA,21.221,116,510,U120,,,Kaichi Uchida,R,180,JPN,24.235,285,174,6-7(3) 6-4 7-6(3),3,R16,115,34,3,96,71,60,15,17,0,0,8,4,104,64,51,25,17,2,3
2018-637,Champaign,Hard,32,C,,20181117,20,E865,7,,Christopher Eubanks,R,201,USA,22.535,176,307,H808,,,Harri Heliovaara,R,188,FIN,29.454,348,124,W/O,3,R16,,,,,,,,,,,,,,,,,,,
2018-637,Champaign,Hard,32,C,,20181117,21,SJ55,8,,John-Patrick Smith,L,188,AUS,29.812,209,256,GA48,,,Takanyi Garanganga,R,185,ZIM,28.197,472,76,6-3 6-4,3,R16,66,6,1,41,32,30,6,9,0,0,2,1,62,43,27,9,10,1,4
2018-637,Champaign,Hard,32,C,,20181117,22,BH02,,,Sekou Bangoura,R,183,USA,26.998,380,107,A09P,,,Alafia Ayeni,R,191,USA,19.272,682,37,6-7(3) 6-2 6-3,3,R16,135,6,3,94,60,46,17,15,4,7,5,7,122,71,41,24,14,14,20
2018-637,Champaign,Hard,32,C,,20181117,23,PL56,,,Tommy Paul,R,185,USA,21.503,215,250,HB41,,,Jared Hiltzik,R,185,USA,24.361,440,86,7-6(3) 6-4,3,R16,67,3,2,58,33,28,18,11,0,1,8,3,68,34,26,18,11,2,4
2018-637,Champaign,Hard,32,C,,20181117,24,W597,,,Tak Khunn Wang,R,175,FRA,27.097,393,102,Y268,,,Mikael Ymer,R,185,SWE,20.189,277,181,6-1 6-4,3,R16,80,6,2,54,22,16,22,9,5,6,3,6,54,29,18,9,8,3,7
2018-637,Champaign,Hard,32,C,,20181117,25,O522,4,,Reilly Opelka,R,211,USA,21.221,116,510,W597,,,Tak Khunn Wang,R,175,FRA,27.097,393,102,6-2 6-2,3,QF,50,10,1,39,25,23,7,8,2,3,4,1,47,23,17,5,8,4,9
2018-637,Champaign,Hard,32,C,,20181117,26,PL56,,,Tommy Paul,R,185,USA,21.503,215,250,E865,7,,Christopher Eubanks,R,201,USA,22.535,176,307,6-2 7-6(3),3,QF,66,6,0,69,48,37,11,10,2,3,9,4,67,41,25,14,10,1,4
2018-637,Champaign,Hard,32,C,,20181117,27,SQ48,,,Ryan Shane,R,193,USA,24.591,577,53,SJ55,8,,John-Patrick Smith,L,188,AUS,29.812,209,256,7-5 6-1,3,QF,67,14,4,69,45,35,13,10,5,5,4,0,55,40,23,9,9,4,7
2018-637,Champaign,Hard,32,C,,20181117,28,RA51,,,Blaz Rola,L,193,SLO,28.118,229,242,BH02,,,Sekou Bangoura,R,183,USA,26.998,380,107,7-6(2) 6-3,3,QF,96,6,1,67,43,32,14,10,1,2,2,0,82,50,34,15,11,6,9
2018-637,Champaign,Hard,32,C,,20181117,29,O522,4,,Reilly Opelka,R,211,USA,21.221,116,510,PL56,,,Tommy Paul,R,185,USA,21.503,215,250,2-6 6-4 6-4,3,SF,102,17,4,86,49,38,18,14,3,5,7,3,87,58,40,16,14,6,8
2018-637,Champaign,Hard,32,C,,20181117,30,SQ48,,,Ryan Shane,R,193,USA,24.591,577,53,RA51,,,Blaz Rola,L,193,SLO,28.118,229,242,6-4 6-3,3,SF,54,12,4,51,33,29,9,9,1,1,6,2,54,41,30,5,10,1,4
2018-637,Champaign,Hard,32,C,,20181117,31,O522,4,,Reilly Opelka,R,211,USA,21.221,116,510,SQ48,,,Ryan Shane,R,193,USA,24.591,577,53,7-6(6) 6-3,3,F,67,21,2,56,42,38,8,10,0,0,11,5,68,38,35,12,11,2,4
2018-7808,Bangalore,Hard,32,C,,20181117,1,HD67,,,Youssef Hossam,R,178,EGY,20.457,483,74,A829,1,,Radu Albot,R,175,MDA,29.016,101,568,2-6 6-2 6-2,3,R32,103,5,2,67,48,32,10,12,2,5,3,6,78,38,22,22,12,6,11
2018-7808,Bangalore,Hard,32,C,,20181117,2,I306,,,Cem Ilkel,R,185,TUR,23.242,232,239,TA29,2,,Marco Trungelliti,R,178,ARG,28.794,123,482,6-2 3-6 7-6(3),3,R32,135,12,1,90,53,44,17,14,5,8,8,10,122,60,45,24,15,13,17
2018-7808,Bangalore,Hard,32,C,,20181117,3,MN20,,,Daniel Masur,R,183,GER,24.03,291,172,Y218,3,,Elias Ymer,R,185,SWE,22.604,132,438,6-4 7-5,3,R32,92,3,5,78,49,34,13,11,7,9,4,3,72,46,35,7,11,5,9
2018-7808,Bangalore,Hard,32,C,,20181117,4,GA94,4,,Prajnesh Gunneswaran,L,188,IND,29.013,144,398,N561,,,Ivan Nedelko,R,185,RUS,32.517,263,200,6-2 6-2,3,R32,55,3,3,37,18,18,14,8,0,0,1,7,49,24,14,10,8,4,8
2018-7808,Bangalore,Hard,32,C,,20181117,5,PG94,5,,Marc Polmans,R,188,AUS,21.544,145,396,BH87,,,Maverick Banes,R,,AUS,26.604,265,197,1-6 6-4 6-2,3,R32,113,6,5,83,45,31,21,13,4,7,5,1,81,42,28,18,12,6,9
2018-7808,Bangalore,Hard,32,C,,20181117,6,HB64,6,,Quentin Halys,R,191,FRA,22.059,141,405,PH19,,,Suraj R Prabodh,R,188,IND,23.858,872,19,6-3 6-1,3,R32,54,7,4,44,36,29,4,8,0,0,2,6,53,31,16,9,8,5,9
2018-7808,Bangalore,Hard,32,C,,20181117,7,N897,,,Sumit Nagal,R,178,IND,21.254,309,156,CI14,7,,Jay Clarke,R,183,GBR,20.309,174,314,6-4 7-5,3,R32,114,2,2,77,40,28,20,11,2,4,2,2,77,43,25,17,11,5,9
2018-7808,Bangalore,Hard,32,C,,20181117,8,K834,,,Blaz Kavcic,R,188,SLO,31.704,196,269,PF65,8,,Filip Peliwo,R,180,POL,24.797,252,214,6-2 6-0,3,R32,55,4,1,37,22,19,8,7,0,1,2,9,50,25,12,8,7,4,10
2018-7808,Bangalore,Hard,32,C,,20181117,9,BU13,,,Zizou Bergs,R,185,BEL,19.458,408,96,KB92,,,Kevin Krawietz,R,188,GER,26.815,241,220,6-1 6-2,3,R32,47,6,0,41,35,28,5,8,3,3,0,4,47,25,16,7,7,2,6
2018-7808,Bangalore,Hard,32,C,,20181117,10,F664,,,Sebastian Fanselow,R,,GER,26.883,431,87,P09O,,,Zsombor Piros,R,180,HUN,19.097,391,102,7-6(3) 6-4,3,R32,107,6,11,92,46,36,18,11,8,11,2,3,68,42,28,11,11,4,8
2018-7808,Bangalore,Hard,32,C,,20181117,11,SN54,,,Frederico Ferreira Silva,L,178,POR,23.669,292,169,PE02,,,Danilo Petrovic,R,203,SRB,26.815,296,168,6-3 3-6 6-4,3,R32,121,6,0,99,53,30,30,14,6,9,13,11,91,47,37,17,14,4,8
2018-7808,Bangalore,Hard,32,C,,20181117,12,ME64,,,Saketh Myneni,R,193,IND,31.08,312,150,K0AB,,,Adil Kalyanpur,R,188,IND,18.809,1043,10,6-3 7-6(3),3,R32,82,8,1,64,46,35,9,11,5,7,3,5,76,41,28,14,10,6,9
2018-7808,Bangalore,Hard,32,C,,20181117,13,N503,,,Aleksandr Nedovyesov,R,188,KAZ,31.754,211,254,GC54,,,Scott Griekspoor,R,188,NED,27.852,248,215,6-3 6-2,3,R32,74,6,3,58,34,26,16,9,7,7,2,7,58,31,19,12,8,7,10
2018-7808,Bangalore,Hard,32,C,,20181117,14,MP13,,,Mukund Sasikumar,R,185,IND,21.84,416,92,AC84,,,Collin Altamirano,R,188,USA,22.946,286,173,7-6(6) 6-3,3,R32,96,6,0,58,39,28,16,10,0,1,5,2,95,52,32,23,11,3,6
2018-7808,Bangalore,Hard,32,C,,20181117,15,SP24,,,Brayden Schnur,R,193,CAN,23.373,233,236,PH71,,,Max Purcell,R,185,AUS,20.624,269,192,6-4 7-6(3),3,R32,95,8,4,84,53,42,16,11,7,7,11,4,74,33,27,25,11,5,6
2018-7808,Bangalore,Hard,32,C,,20181117,16,W503,,,James Ward,R,188,GBR,31.77,199,264,T982,,,Tsung-Hua Yang,R,178,TPE,27.639,267,195,7-6(4) 6-4,3,R32,101,15,3,95,57,46,16,11,6,6,2,2,73,39,28,18,11,5,6
2018-7808,Bangalore,Hard,32,C,,20181117,17,GA94,4,,Prajnesh Gunneswaran,L,188,IND,29.013,144,398,F664,,,Sebastian Fanselow,R,,GER,26.883,431,87,4-6 6-4 7-5,3,R16,132,8,5,105,62,45,21,16,4,7,2,9,104,66,49,13,16,5,9
2018-7808,Bangalore,Hard,32,C,,20181117,18,N503,,,Aleksandr Nedovyesov,R,188,KAZ,31.754,211,254,PG94,5,,Marc Polmans,R,188,AUS,21.544,145,396,6-2 6-4,3,R16,83,5,4,62,37,29,11,9,4,5,0,7,67,41,23,10,9,4,8
2018-7808,Bangalore,Hard,32,C,,20181117,19,SP24,,,Brayden Schnur,R,193,CAN,23.373,233,236,HB64,6,,Quentin Halys,R,191,FRA,22.059,141,405,6-4 7-6(3),3,R16,106,4,3,76,47,36,14,11,7,9,9,9,95,57,42,11,11,10,13
2018-7808,Bangalore,Hard,32,C,,20181117,20,SN54,,,Frederico Ferreira Silva,L,178,POR,23.669,292,169,MN20,,,Daniel Masur,R,183,GER,24.03,291,172,5-7 6-4 6-2,3,R16,113,10,5,80,41,36,20,15,4,7,2,3,80,54,38,9,15,0,5
2018-7808,Bangalore,Hard,32,C,,20181117,21,I306,,,Cem Ilkel,R,185,TUR,23.242,232,239,BU13,,,Zizou Bergs,R,185,BEL,19.458,408,96,7-5 6-3,3,R16,95,4,3,72,34,28,15,11,5,8,3,3,72,41,23,15,10,11,16
2018-7808,Bangalore,Hard,32,C,,20181117,22,ME64,,,Saketh Myneni,R,193,IND,31.08,312,150,HD67,,,Youssef Hossam,R,178,EGY,20.457,483,74,6-1 3-6 6-1,3,R16,78,8,2,63,37,27,18,12,3,5,1,2,62,45,26,7,11,4,9
2018-7808,Bangalore,Hard,32,C,,20181117,23,N897,,,Sumit Nagal,R,178,IND,21.254,309,156,W503,,,James Ward,R,188,GBR,31.77,199,264,6-3 7-6(4),3,R16,81,6,1,62,37,33,17,11,0,0,3,1,57,33,26,16,10,0,1
2018-7808,Bangalore,Hard,32,C,,20181117,24,MP13,,,Mukund Sasikumar,R,185,IND,21.84,416,92,K834,,,Blaz Kavcic,R,188,SLO,31.704,196,269,7-6(2) 3-1 RET,3,R16,79,7,1,51,26,22,15,8,4,5,10,3,63,35,23,12,8,6,8
2018-7808,Bangalore,Hard,32,C,,20181117,25,GA94,4,,Prajnesh Gunneswaran,L,188,IND,29.013,144,398,MP13,,,Mukund Sasikumar,R,185,IND,21.84,416,92,W/O,3,QF,,,,,,,,,,,,,,,,,,,
2018-7808,Bangalore,Hard,32,C,,20181117,26,ME64,,,Saketh Myneni,R,193,IND,31.08,312,150,N897,,,Sumit Nagal,R,178,IND,21.254,309,156,6-4 6-4,3,QF,56,4,0,47,32,25,8,10,0,2,1,5,48,29,23,7,10,0,4
2018-7808,Bangalore,Hard,32,C,,20181117,27,N503,,,Aleksandr Nedovyesov,R,188,KAZ,31.754,211,254,SN54,,,Frederico Ferreira Silva,L,178,POR,23.669,292,169,6-4 6-2,3,QF,76,2,1,48,25,19,17,9,4,5,1,2,51,35,18,8,9,1,5
2018-7808,Bangalore,Hard,32,C,,20181117,28,SP24,,,Brayden Schnur,R,193,CAN,23.373,233,236,I306,,,Cem Ilkel,R,185,TUR,23.242,232,239,6-3 6-4,3,QF,66,11,1,47,30,25,15,10,0,0,2,5,59,31,21,13,9,3,5
2018-7808,Bangalore,Hard,32,C,,20181117,29,GA94,4,,Prajnesh Gunneswaran,L,188,IND,29.013,144,398,SP24,,,Brayden Schnur,R,193,CAN,23.373,233,236,6-4 6-1,3,SF,57,6,1,42,22,20,12,8,0,0,3,3,52,33,19,9,9,3,7
2018-7808,Bangalore,Hard,32,C,,20181117,30,ME64,,,Saketh Myneni,R,193,IND,31.08,312,150,N503,,,Aleksandr Nedovyesov,R,188,KAZ,31.754,211,254,4-6 6-4 6-4,3,SF,123,6,7,94,57,44,12,15,2,6,3,4,93,66,41,13,15,4,9
2018-7808,Bangalore,Hard,32,C,,20181117,31,GA94,4,,Prajnesh Gunneswaran,L,188,IND,29.013,144,398,ME64,,,Saketh Myneni,R,193,IND,31.08,312,150,6-2 6-2,3,F,55,2,1,48,32,24,10,8,0,0,4,3,49,30,22,4,8,6,10
2018-7395,Buenos Aires,Clay,32,C,,20181118,1,MM24,,,Bastian Malla,,,CHI,22.155,552,59,A887,1,,Guido Andreozzi,R,183,ARG,27.288,78,680,7-6(5) 6-4,3,R32,98,2,1,81,60,38,6,11,4,8,2,7,77,46,26,12,11,3,8
2018-7395,Buenos Aires,Clay,32,C,,20181118,2,A596,2,,Pablo Andujar,R,180,ESP,32.819,99,576,MJ98,,,Facundo Mena,R,183,ARG,26.155,936,15,6-2 6-1,3,R32,71,0,2,55,34,22,14,7,5,5,2,3,45,21,10,8,8,1,6
2018-7395,Buenos Aires,Clay,32,C,,20181118,3,CG04,,,Pedro Cachin,R,185,ARG,23.603,257,209,MJ08,3,,Thiago Monteiro,L,183,BRA,24.468,112,519,6-0 6-3,3,R32,63,2,0,41,27,22,8,8,0,1,1,3,46,27,11,8,7,4,9
2018-7395,Buenos Aires,Clay,32,C,,20181118,4,D985,,,Joao Domingues,R,,POR,25.12,255,212,S483,4,,Pedro Sousa,R,180,POR,30.478,104,548,4-3 RET,3,R32,29,1,0,24,12,8,5,3,2,3,0,0,26,15,6,7,4,3,5
2018-7395,Buenos Aires,Clay,32,C,,20181118,5,DA31,5,,Hugo Dellien,R,180,BOL,25.424,119,498,V821,,,Gonzalo Villanueva,R,175,ARG,23.847,379,108,6-4 6-3,3,R32,80,2,0,51,30,21,17,9,1,1,2,2,68,36,23,15,10,4,7
2018-7395,Buenos Aires,Clay,32,C,,20181118,6,V824,,,Mario Vilella Martinez,R,178,ESP,23.379,222,247,B884,6,,Carlos Berlocq,R,183,ARG,35.789,118,505,7-5 7-6(1),3,R32,118,5,1,78,49,26,13,12,1,6,2,3,74,55,31,6,12,6,12
2018-7395,Buenos Aires,Clay,32,C,,20181118,7,Q948,7,,Gianluigi Quinzi,L,191,ITA,22.795,150,374,BD20,,,Thomaz Bellucci,L,188,BRA,30.886,244,219,6-4 4-6 6-3,3,R32,133,9,3,100,56,42,18,15,9,12,6,3,93,53,35,19,14,4,8
2018-7395,Buenos Aires,Clay,32,C,,20181118,8,CC98,,,Martin Cuevas,R,191,URU,26.845,276,182,BF23,8,,Facundo Bagnis,L,183,ARG,28.723,158,356,6-4 4-6 7-6(5),3,R32,149,10,3,96,52,43,23,16,0,2,4,2,98,62,43,23,16,1,3
2018-7395,Buenos Aires,Clay,32,C,,20181118,9,A941,,,Facundo Arguello,R,178,ARG,26.289,219,249,O376,,,Renzo Olivo,R,178,ARG,26.678,510,68,6-1 6-2,3,R32,65,0,1,48,30,26,8,8,2,2,1,2,39,20,10,7,7,1,5
2018-7395,Buenos Aires,Clay,32,C,,20181118,10,CC32,,,Guilherme Clezar,R,180,BRA,25.881,254,213,Z246,,,Miljan Zekic,R,185,SRB,30.352,270,190,6-3 6-2,3,R32,75,2,0,45,32,26,10,9,0,0,8,2,67,47,30,7,8,6,9
2018-7395,Buenos Aires,Clay,32,C,,20181118,11,CE77,,,Federico Coria,R,180,ARG,26.694,322,137,DA13,,,Dragos Dima,R,180,ROU,26.423,287,173,6-2 6-1,3,R32,52,2,0,40,31,24,6,7,3,3,0,2,54,30,18,6,8,6,11
2018-7395,Buenos Aires,Clay,32,C,,20181118,12,D981,,,Arthur De Greef,R,183,BEL,26.645,230,240,E698,,,Gastao Elias,R,180,POR,27.984,290,172,6-4 6-3,3,R32,86,4,2,57,28,20,19,9,2,3,2,2,59,33,19,14,10,3,7
2018-7395,Buenos Aires,Clay,32,C,,20181118,13,G676,,,Daniel Gimeno-Traver,R,183,ESP,33.281,177,307,GB53,,,Federico Gaio,R,178,ITA,26.705,243,219,7-6(6) 5-7 6-3,3,R32,142,4,9,108,67,52,23,17,5,8,1,4,106,60,41,26,16,6,9
2018-7395,Buenos Aires,Clay,32,C,,20181118,14,KD70,,,Pedja Krstin,R,183,SRB,24.208,182,293,FA43,,,Juan Pablo Ficovich,R,188,ARG,21.815,451,83,3-6 6-3 7-6(4),3,R32,116,13,3,91,52,45,20,15,6,7,9,2,93,44,35,30,15,2,3
2018-7395,Buenos Aires,Clay,32,C,,20181118,15,KC33,,,Dimitar Kuzmanov,R,183,BUL,25.309,273,184,CC66,,,Andrea Collarini,L,183,ARG,26.798,308,157,5-7 6-1 6-1,3,R32,144,3,3,75,55,42,10,13,3,5,5,9,106,57,37,19,13,12,18
2018-7395,Buenos Aires,Clay,32,C,,20181118,16,LF26,,,Orlando Luz,R,180,BRA,20.775,387,105,C0AU,,,Francisco Cerundolo,R,185,ARG,20.266,571,54,6-3 3-6 6-4,3,R32,131,1,5,82,43,35,24,14,4,5,3,6,82,56,44,12,14,2,4
2018-7395,Buenos Aires,Clay,32,C,,20181118,17,A596,2,,Pablo Andujar,R,180,ESP,32.819,99,576,D981,,,Arthur De Greef,R,183,BEL,26.645,230,240,6-1 6-2,3,R16,63,4,1,37,21,16,14,7,1,1,3,4,61,36,21,8,8,10,15
2018-7395,Buenos Aires,Clay,32,C,,20181118,18,A941,,,Facundo Arguello,R,178,ARG,26.289,219,249,DA31,5,,Hugo Dellien,R,180,BOL,25.424,119,498,6-4 6-4,3,R16,82,1,2,68,48,34,10,10,5,6,1,1,54,37,26,8,10,4,7
2018-7395,Buenos Aires,Clay,32,C,,20181118,19,KC33,,,Dimitar Kuzmanov,R,183,BUL,25.309,273,184,Q948,7,,Gianluigi Quinzi,L,191,ITA,22.795,150,374,6-2 6-3,3,R16,66,2,0,51,36,26,13,9,1,1,2,1,55,35,20,10,8,3,6
2018-7395,Buenos Aires,Clay,32,C,,20181118,20,CG04,,,Pedro Cachin,R,185,ARG,23.603,257,209,LF26,,,Orlando Luz,R,180,BRA,20.775,387,105,6-2 6-1,3,R16,66,1,3,57,32,25,14,8,5,5,0,1,38,23,10,6,7,3,7
2018-7395,Buenos Aires,Clay,32,C,,20181118,21,CC32,,,Guilherme Clezar,R,180,BRA,25.881,254,213,CC98,,,Martin Cuevas,R,191,URU,26.845,276,182,6-4 6-1,3,R16,78,1,1,49,34,23,11,9,0,1,8,5,54,25,17,9,8,4,8
2018-7395,Buenos Aires,Clay,32,C,,20181118,22,CE77,,,Federico Coria,R,180,ARG,26.694,322,137,D985,,,Joao Domingues,R,,POR,25.12,255,212,2-6 6-3 7-5,3,R16,131,1,4,100,71,49,12,15,5,9,1,2,98,63,38,20,14,5,9
2018-7395,Buenos Aires,Clay,32,C,,20181118,23,KD70,,,Pedja Krstin,R,183,SRB,24.208,182,293,V824,,,Mario Vilella Martinez,R,178,ESP,23.379,222,247,5-5 RET,3,R16,36,1,1,29,19,13,6,5,2,3,3,2,26,18,12,5,5,1,2
2018-7395,Buenos Aires,Clay,32,C,,20181118,24,MM24,,,Bastian Malla,,,CHI,22.155,552,59,G676,,,Daniel Gimeno-Traver,R,183,ESP,33.281,177,307,6-2 6-4,3,R16,69,0,3,55,44,31,3,9,2,5,1,8,57,37,19,5,9,3,9
2018-7395,Buenos Aires,Clay,32,C,,20181118,25,A596,2,,Pablo Andujar,R,180,ESP,32.819,99,576,KD70,,,Pedja Krstin,R,183,SRB,24.208,182,293,7-5 6-4,3,QF,94,2,4,69,51,34,9,11,2,4,1,9,71,44,31,8,11,3,7
2018-7395,Buenos Aires,Clay,32,C,,20181118,26,CG04,,,Pedro Cachin,R,185,ARG,23.603,257,209,A941,,,Facundo Arguello,R,178,ARG,26.289,219,249,6-1 4-6 6-4,3,QF,121,2,0,107,70,46,16,14,9,13,0,1,69,46,25,12,13,2,8
2018-7395,Buenos Aires,Clay,32,C,,20181118,27,CE77,,,Federico Coria,R,180,ARG,26.694,322,137,CC32,,,Guilherme Clezar,R,180,BRA,25.881,254,213,7-6(5) 7-5,3,QF,117,1,1,78,60,37,7,12,6,10,1,4,78,45,25,15,12,6,11
2018-7395,Buenos Aires,Clay,32,C,,20181118,28,KC33,,,Dimitar Kuzmanov,R,183,BUL,25.309,273,184,MM24,,,Bastian Malla,,,CHI,22.155,552,59,6-4 6-2,3,QF,84,1,0,52,42,29,5,9,2,4,0,0,81,57,27,13,9,9,14
2018-7395,Buenos Aires,Clay,32,C,,20181118,29,A596,2,,Pablo Andujar,R,180,ESP,32.819,99,576,CE77,,,Federico Coria,R,180,ARG,26.694,322,137,7-6(5) 7-5,3,SF,110,2,3,77,53,40,11,12,4,6,4,4,88,67,45,9,12,1,4
2018-7395,Buenos Aires,Clay,32,C,,20181118,30,CG04,,,Pedro Cachin,R,185,ARG,23.603,257,209,KC33,,,Dimitar Kuzmanov,R,183,BUL,25.309,273,184,6-3 7-6(6),3,SF,99,3,1,72,49,32,13,10,7,9,1,0,68,42,24,15,11,4,8
2018-7395,Buenos Aires,Clay,32,C,,20181118,31,A596,2,,Pablo Andujar,R,180,ESP,32.819,99,576,CG04,,,Pedro Cachin,R,185,ARG,23.603,257,209,6-3 6-1,3,F,92,0,2,56,35,23,12,8,8,9,0,0,67,44,24,7,8,1,6
2018-9134,Houston,Hard,32,C,,20181118,1,MQ75,,,Kamil Majchrzak,R,183,POL,22.847,221,247,SL08,1,,Tennys Sandgren,R,188,USA,27.326,60,829,6-2 7-5,3,R32,83,1,4,80,50,38,12,10,6,7,4,2,70,37,23,16,10,0,4
2018-9134,Houston,Hard,32,C,,20181118,2,KA98,2,,Bradley Klahn,L,183,USA,28.246,97,581,SL07,,,Alexander Sarkissian,R,191,USA,28.627,350,124,6-1 6-2,3,R32,45,6,3,45,26,24,10,8,3,3,1,0,48,36,19,4,7,5,9
2018-9134,Houston,Hard,32,C,,20181118,3,K336,3,,Ivo Karlovic,R,211,CRO,39.721,102,564,GC88,,,Marcos Giron,R,180,USA,25.32,360,119,6-4 6-2,3,R32,56,10,2,56,34,31,10,9,4,4,3,2,45,28,18,11,9,2,5
2018-9134,Houston,Hard,32,C,,20181118,4,L503,4,,Paolo Lorenzi,R,183,ITA,36.925,115,513,KE64,,,Stefan Kozlov,R,183,USA,20.794,414,93,6-4 3-6 6-4,3,R32,135,0,1,92,56,33,17,15,4,9,1,6,78,51,32,12,14,5,10
2018-9134,Houston,Hard,32,C,,20181118,5,J380,5,,Jason Jung,R,180,TPE,29.426,130,451,CF88,,,Roberto Cid Subervi,R,193,DOM,25.218,239,225,6-1 6-1,3,R32,65,0,0,41,27,18,10,7,2,3,1,5,54,32,15,7,7,7,13
2018-9134,Houston,Hard,32,C,,20181118,6,SP05,,,Evan Song,L,178,USA,26.448,400,99,F811,6,,Bjorn Fratangelo,R,183,USA,25.333,125,469,6-3 RET,3,R32,33,0,0,28,20,17,4,5,0,0,0,0,22,8,6,8,4,0,1
2018-9134,Houston,Hard,32,C,,20181118,7,AB54,,,Harrison Adams,R,183,USA,24.485,633,43,SF62,7,,Tim Smyczek,R,175,USA,30.886,143,398,6-3 7-5,3,R32,86,6,5,85,50,34,15,11,8,11,1,1,61,40,24,8,10,5,10
2018-9134,Houston,Hard,32,C,,20181118,8,KE73,8,,Dominik Koepfer,L,180,GER,24.556,171,318,A853,,,Marcelo Arevalo,R,191,ESA,28.088,187,277,7-6(4) 3-6 6-4,3,R32,133,2,5,105,76,53,14,16,6,10,5,1,96,73,49,12,15,5,8
2018-9134,Houston,Hard,32,C,,20181118,9,CG94,,,Enzo Couacaud,R,183,FRA,23.718,307,157,SR79,,,Ronnie Schneider,R,175,USA,24.142,415,93,6-4 6-3,3,R32,71,2,2,50,34,26,11,9,2,2,0,0,68,55,29,9,10,4,7
2018-9134,Houston,Hard,32,C,,20181118,10,E873,,,Ernesto Escobedo,R,185,MEX,22.374,200,262,LB51,,,Julian Lenz,R,188,GER,25.749,578,53,4-6 6-3 7-6(6),3,R32,130,6,1,103,67,47,21,16,4,7,11,1,110,74,50,19,15,7,10
2018-9134,Houston,Hard,32,C,,20181118,11,GK06,,,Alexis Galarneau,R,180,CAN,19.715,649,41,F974,,,Tom Fawcett,R,196,USA,23.086,584,52,6-3 6-2,3,R32,79,1,2,52,31,22,13,9,0,1,4,3,69,48,28,8,8,5,9
2018-9134,Houston,Hard,32,C,,20181118,12,GA36,,,Emilio Gomez,R,185,ECU,26.973,331,134,GE33,,,Daniel Elahi Galan,R,191,COL,22.418,206,258,6-1 6-4,3,R32,87,1,1,49,32,22,10,8,4,5,2,4,80,56,31,7,9,4,9
2018-9134,Houston,Hard,32,C,,20181118,13,KD35,,,Thai-Son Kwiatkowski,R,188,USA,23.762,310,155,KC12,,,Mitchell Krueger,R,188,USA,24.849,250,214,7-6(6) 4-6 6-4,3,R32,142,12,6,123,74,55,23,16,8,10,7,2,99,69,49,18,16,2,4
2018-9134,Houston,Hard,32,C,,20181118,14,O340,,,Roberto Ortega-Olmedo,R,168,ESP,27.554,311,155,S0J5,,,Sumit Sarkar,R,188,USA,19.354,993,12,7-6(1) 6-1,3,R32,76,2,1,60,42,31,9,10,4,6,1,2,62,33,18,11,9,6,10
2018-9134,Houston,Hard,32,C,,20181118,15,RC62,,,Michael Redlicki,L,203,USA,25.005,480,74,H896,,,Jose Hernandez-Fernandez,R,183,DOM,28.684,259,205,6-4 1-6 6-4,3,R32,107,5,1,93,59,36,18,14,5,9,4,4,85,62,41,12,13,6,9
2018-9134,Houston,Hard,32,C,,20181118,16,S0DH,,,Roy Smith,L,191,USA,20.181,870,19,KC86,,,Darian King,R,188,BAR,26.563,203,260,6-3 3-6 7-6(4),3,R32,153,8,6,112,64,45,22,15,7,11,0,1,95,73,44,14,15,5,9
2018-9134,Houston,Hard,32,C,,20181118,17,KA98,2,,Bradley Klahn,L,183,USA,28.246,97,581,RC62,,,Michael Redlicki,L,203,USA,25.005,480,74,6-4 6-4,3,R16,65,9,6,54,33,27,13,10,0,1,1,1,51,34,24,8,10,2,5
2018-9134,Houston,Hard,32,C,,20181118,18,K336,3,,Ivo Karlovic,R,211,CRO,39.721,102,564,GA36,,,Emilio Gomez,R,185,ECU,26.973,331,134,7-6(1) 6-3,3,R16,69,14,2,52,37,36,11,11,0,0,1,2,64,44,32,8,10,2,3
2018-9134,Houston,Hard,32,C,,20181118,19,KD35,,,Thai-Son Kwiatkowski,R,188,USA,23.762,310,155,L503,4,,Paolo Lorenzi,R,183,ITA,36.925,115,513,6-4 6-4,3,R16,87,8,2,68,47,34,10,10,2,3,0,0,61,36,25,13,10,3,6
2018-9134,Houston,Hard,32,C,,20181118,20,J380,5,,Jason Jung,R,180,TPE,29.426,130,451,CG94,,,Enzo Couacaud,R,183,FRA,23.718,307,157,6-1 7-6(3),3,R16,82,0,2,68,49,40,11,10,4,4,7,3,67,31,21,20,9,10,12
2018-9134,Houston,Hard,32,C,,20181118,21,KE73,8,,Dominik Koepfer,L,180,GER,24.556,171,318,E873,,,Ernesto Escobedo,R,185,MEX,22.374,200,262,6-1 7-5,3,R16,63,2,0,50,32,23,12,9,2,3,2,6,55,38,22,5,10,2,7
2018-9134,Houston,Hard,32,C,,20181118,22,MQ75,,,Kamil Majchrzak,R,183,POL,22.847,221,247,O340,,,Roberto Ortega-Olmedo,R,168,ESP,27.554,311,155,6-3 4-6 6-3,3,R16,145,5,1,113,68,38,26,14,14,18,3,4,98,57,34,19,14,3,9
2018-9134,Houston,Hard,32,C,,20181118,23,S0DH,,,Roy Smith,L,191,USA,20.181,870,19,AB54,,,Harrison Adams,R,183,USA,24.485,633,43,6-3 6-4,3,R16,75,4,1,60,43,33,9,10,2,3,3,5,59,32,20,13,9,5,8
2018-9134,Houston,Hard,32,C,,20181118,24,SP05,,,Evan Song,L,178,USA,26.448,400,99,GK06,,,Alexis Galarneau,R,180,CAN,19.715,649,41,6-2 3-6 6-2,3,R16,142,3,2,95,60,40,16,12,9,11,0,5,95,52,31,22,13,7,12
2018-9134,Houston,Hard,32,C,,20181118,25,KA98,2,,Bradley Klahn,L,183,USA,28.246,97,581,SP05,,,Evan Song,L,178,USA,26.448,400,99,6-3 4-6 6-1,3,QF,105,3,6,83,40,33,21,13,2,4,3,1,87,54,28,20,13,6,11
2018-9134,Houston,Hard,32,C,,20181118,26,KE73,8,,Dominik Koepfer,L,180,GER,24.556,171,318,K336,3,,Ivo Karlovic,R,211,CRO,39.721,102,564,6-1 6-4,3,QF,53,0,0,48,36,30,7,9,1,1,5,3,45,24,18,9,8,3,6
2018-9134,Houston,Hard,32,C,,20181118,27,MQ75,,,Kamil Majchrzak,R,183,POL,22.847,221,247,J380,5,,Jason Jung,R,180,TPE,29.426,130,451,7-6(5) 6-7(2) 6-3,3,QF,158,8,8,118,68,52,24,17,7,9,9,6,107,69,46,24,16,4,7
2018-9134,Houston,Hard,32,C,,20181118,28,S0DH,,,Roy Smith,L,191,USA,20.181,870,19,KD35,,,Thai-Son Kwiatkowski,R,188,USA,23.762,310,155,4-6 7-6(5) 7-6(1),3,QF,158,11,6,133,73,60,30,17,11,12,6,3,90,57,50,23,17,0,0
2018-9134,Houston,Hard,32,C,,20181118,29,KA98,2,,Bradley Klahn,L,183,USA,28.246,97,581,KE73,8,,Dominik Koepfer,L,180,GER,24.556,171,318,6-3 6-4,3,SF,73,4,1,55,33,25,14,10,2,3,3,3,59,40,26,6,9,5,8
2018-9134,Houston,Hard,32,C,,20181118,30,S0DH,,,Roy Smith,L,191,USA,20.181,870,19,MQ75,,,Kamil Majchrzak,R,183,POL,22.847,221,247,6-4 2-3 RET,3,SF,68,3,6,51,26,18,14,7,7,8,4,2,43,29,23,6,8,0,2
2018-9134,Houston,Hard,32,C,,20181118,31,KA98,2,,Bradley Klahn,L,183,USA,28.246,97,581,S0DH,,,Roy Smith,L,191,USA,20.181,870,19,7-6(4) 7-6(4),3,F,95,25,4,70,46,44,16,12,1,1,7,1,84,57,42,19,12,4,4
2018-7100,Pune,Hard,32,C,,20181124,1,A829,1,,Radu Albot,R,175,MDA,29.035,102,568,N897,,,Sumit Nagal,R,178,IND,21.273,291,175,7-5 6-2,3,R32,89,2,2,67,40,26,12,10,3,6,0,4,61,47,27,3,10,3,9
2018-7100,Pune,Hard,32,C,,20181124,2,KD43,,,Arjun Kadhe,R,185,IND,24.879,370,115,RB56,2,,Ramkumar Ramanathan,R,188,IND,24.044,130,440,6-3 6-2,3,R32,63,5,1,46,38,32,5,9,2,2,5,3,58,36,25,7,8,4,7
2018-7100,Pune,Hard,32,C,,20181124,3,Y218,3,,Elias Ymer,R,185,SWE,22.623,132,438,SY74,,,Manish Sureshkumar,R,180,IND,19.283,508,68,6-4 6-1,3,R32,60,3,1,46,28,22,10,9,1,3,0,1,53,28,13,11,8,6,11
2018-7100,Pune,Hard,32,C,,20181124,4,GA94,4,,Prajnesh Gunneswaran,L,188,IND,29.032,110,523,T982,,,Tsung-Hua Yang,R,178,TPE,27.658,267,195,6-4 6-4,3,R32,91,7,2,57,34,30,10,10,3,4,5,4,77,40,26,17,10,8,11
2018-7100,Pune,Hard,32,C,,20181124,5,N503,,,Aleksandr Nedovyesov,R,188,KAZ,31.773,186,284,PG94,5,,Marc Polmans,R,188,AUS,21.563,145,399,6-2 6-4,3,R32,66,7,1,45,33,26,10,9,0,0,1,3,58,40,26,7,9,6,9
2018-7100,Pune,Hard,32,C,,20181124,6,CI14,6,,Jay Clarke,R,183,GBR,20.329,181,299,I306,,,Cem Ilkel,R,185,TUR,23.261,207,263,6-3 6-7(3) 6-2,3,R32,154,9,4,106,60,40,27,15,5,7,9,6,113,61,36,25,14,12,17
2018-7100,Pune,Hard,32,C,,20181124,7,KI74,,,Nicola Kuhn,R,185,GER,18.68,281,180,MF35,7,,Andrej Martin,R,183,SVK,29.177,191,275,6-2 6-3,3,R32,62,2,4,52,31,23,13,9,2,3,1,2,46,30,19,5,8,3,7
2018-7100,Pune,Hard,32,C,,20181124,8,PH71,,,Max Purcell,R,185,AUS,20.643,289,177,W503,8,,James Ward,R,188,GBR,31.789,194,274,6-4 6-4,3,R32,70,10,4,56,32,25,11,10,1,3,3,1,62,33,19,14,10,2,6
2018-7100,Pune,Hard,32,C,,20181124,9,BH87,,,Maverick Banes,R,,AUS,26.623,264,197,V656,,,Francesco Vilardo,R,178,ITA,28.906,489,74,3-6 6-4 6-1,3,R32,115,2,2,80,44,33,20,13,3,5,3,1,85,49,33,18,13,6,10
2018-7100,Pune,Hard,32,C,,20181124,10,F664,,,Sebastian Fanselow,R,,GER,26.902,397,102,GC54,,,Scott Griekspoor,R,188,NED,27.871,254,213,3-6 6-3 6-4,3,R32,106,9,4,69,44,34,17,14,0,2,7,4,88,52,34,19,14,4,7
2018-7100,Pune,Hard,32,C,,20181124,11,SN54,,,Frederico Ferreira Silva,L,178,POR,23.688,268,194,HG94,,,Benjamin Hassan,R,183,LBN,23.803,413,96,6-1 6-2,3,R32,67,4,2,46,18,17,17,8,0,0,7,3,60,34,19,9,7,3,7
2018-7100,Pune,Hard,32,C,,20181124,12,GF23,,,Lucas Gerch,L,193,GER,23.929,794,26,AC84,,,Collin Altamirano,R,188,USA,22.965,292,173,6-3 6-1,3,R32,64,4,2,55,36,26,12,8,2,2,0,3,53,28,17,9,8,2,6
2018-7100,Pune,Hard,32,C,,20181124,13,MN20,,,Daniel Masur,R,183,GER,24.049,278,182,SO20,,,Jelle Sels,R,188,NED,23.291,266,196,6-4 6-4,3,R32,82,3,6,50,24,21,15,10,0,2,6,0,58,31,21,11,10,1,5
2018-7100,Pune,Hard,32,C,,20181124,14,FB18,,,Ben Patael,R,188,ISR,21.478,613,47,PE02,,,Danilo Petrovic,R,203,SRB,26.834,299,168,5-7 6-4 6-4,3,R32,125,5,2,99,71,42,14,16,7,13,7,6,101,60,39,15,16,9,16
2018-7100,Pune,Hard,32,C,,20181124,15,MP13,,,Mukund Sasikumar,R,185,IND,21.859,355,122,ME64,,,Saketh Myneni,R,193,IND,31.099,265,196,6-4 7-6(1),3,R32,88,4,1,70,44,34,15,11,2,3,7,2,80,60,41,9,11,5,7
2018-7100,Pune,Hard,32,C,,20181124,16,SP24,,,Brayden Schnur,R,193,CAN,23.392,189,281,GK25,,,Aryan Goveas,R,188,IND,20.378,800,26,6-3 6-4,3,R32,69,9,2,57,40,29,11,10,3,4,9,2,62,41,23,12,9,5,8
2018-7100,Pune,Hard,32,C,,20181124,17,A829,1,,Radu Albot,R,175,MDA,29.035,102,568,BH87,,,Maverick Banes,R,,AUS,26.623,264,197,6-3 6-1,3,R16,54,6,1,44,29,25,8,8,2,2,5,1,41,28,17,4,8,4,8
2018-7100,Pune,Hard,32,C,,20181124,18,Y218,3,,Elias Ymer,R,185,SWE,22.623,132,438,MN20,,,Daniel Masur,R,183,GER,24.049,278,182,6-3 7-6(4),3,R16,85,8,9,68,31,23,22,11,1,3,4,3,71,43,27,14,10,3,6
2018-7100,Pune,Hard,32,C,,20181124,19,GA94,4,,Prajnesh Gunneswaran,L,188,IND,29.032,110,523,GF23,,,Lucas Gerch,L,193,GER,23.929,794,26,6-1 6-3,3,R16,53,1,1,39,19,17,15,8,0,0,1,4,49,28,15,10,8,3,7
2018-7100,Pune,Hard,32,C,,20181124,20,MP13,,,Mukund Sasikumar,R,185,IND,21.859,355,122,CI14,6,,Jay Clarke,R,183,GBR,20.329,181,299,5-7 6-4 4-1 RET,3,R16,118,7,0,73,46,32,14,13,5,8,4,4,90,48,31,19,14,8,13
2018-7100,Pune,Hard,32,C,,20181124,21,F664,,,Sebastian Fanselow,R,,GER,26.902,397,102,PH71,,,Max Purcell,R,185,AUS,20.643,289,177,6-2 6-1,3,R16,64,6,4,43,31,27,6,8,1,1,2,5,50,24,12,13,7,4,8
2018-7100,Pune,Hard,32,C,,20181124,22,SN54,,,Frederico Ferreira Silva,L,178,POR,23.688,268,194,KI74,,,Nicola Kuhn,R,185,GER,18.68,281,180,7-5 7-5,3,R16,109,6,3,78,51,37,13,12,1,2,2,1,81,48,29,19,12,2,5
2018-7100,Pune,Hard,32,C,,20181124,23,N503,,,Aleksandr Nedovyesov,R,188,KAZ,31.773,186,284,FB18,,,Ben Patael,R,188,ISR,21.478,613,47,7-5 6-4,3,R16,80,3,2,57,36,23,11,11,1,5,2,2,65,47,28,6,11,5,11
2018-7100,Pune,Hard,32,C,,20181124,24,SP24,,,Brayden Schnur,R,193,CAN,23.392,189,281,KD43,,,Arjun Kadhe,R,185,IND,24.879,370,115,7-5 6-2,3,R16,75,7,2,55,34,27,12,10,1,2,5,2,71,45,25,15,10,3,7
2018-7100,Pune,Hard,32,C,,20181124,25,A829,1,,Radu Albot,R,175,MDA,29.035,102,568,MP13,,,Mukund Sasikumar,R,185,IND,21.859,355,122,6-3 4-6 6-1,3,QF,109,2,3,71,42,32,14,13,2,5,2,2,94,50,26,21,13,13,19
2018-7100,Pune,Hard,32,C,,20181124,26,Y218,3,,Elias Ymer,R,185,SWE,22.623,132,438,F664,,,Sebastian Fanselow,R,,GER,26.902,397,102,5-7 6-3 6-4,3,QF,125,8,3,103,65,42,21,16,6,10,1,5,86,54,39,14,15,4,9
2018-7100,Pune,Hard,32,C,,20181124,27,GA94,4,,Prajnesh Gunneswaran,L,188,IND,29.032,110,523,N503,,,Aleksandr Nedovyesov,R,188,KAZ,31.773,186,284,6-4 6-4,3,QF,83,3,2,65,39,30,15,10,3,3,5,0,67,46,30,13,10,3,5
2018-7100,Pune,Hard,32,C,,20181124,28,SP24,,,Brayden Schnur,R,193,CAN,23.392,189,281,SN54,,,Frederico Ferreira Silva,L,178,POR,23.688,268,194,7-6(6) 2-6 7-5,3,QF,146,11,4,120,84,57,17,16,8,11,10,4,105,53,41,28,16,4,6
2018-7100,Pune,Hard,32,C,,20181124,29,GA94,4,,Prajnesh Gunneswaran,L,188,IND,29.032,110,523,A829,1,,Radu Albot,R,175,MDA,29.035,102,568,1-6 6-4 6-4,3,SF,120,3,3,93,54,41,16,14,3,6,5,3,78,44,30,22,13,4,6
2018-7100,Pune,Hard,32,C,,20181124,30,Y218,3,,Elias Ymer,R,185,SWE,22.623,132,438,SP24,,,Brayden Schnur,R,193,CAN,23.392,189,281,6-3 3-6 6-3,3,SF,103,10,9,86,46,37,16,14,5,8,6,1,78,56,35,13,13,6,10
2018-7100,Pune,Hard,32,C,,20181124,31,Y218,3,,Elias Ymer,R,185,SWE,22.623,132,438,GA94,4,,Prajnesh Gunneswaran,L,188,IND,29.032,110,523,6-2 7-5,3,F,87,12,6,81,54,40,13,10,4,4,3,2,60,41,26,10,10,6,9
2018-6911,Andria,Hard,32,C,,20181125,1,HH26,1,,Ugo Humbert,L,188,FRA,20.416,100,579,O482,,,Gonzalo Oliveira,L,185,VEN,23.77,284,179,7-6(4) 6-3,3,R32,81,17,3,69,44,37,16,11,3,3,2,3,63,41,31,12,10,0,1
2018-6911,Andria,Hard,32,C,,20181125,2,SU87,2,,Lorenzo Sonego,R,191,ITA,23.543,107,530,SK51,,,Tobias Simon,R,198,GER,27.524,471,78,7-6(1) 5-7 7-5,3,R32,129,17,3,106,77,64,13,18,1,2,14,4,104,58,51,23,18,3,4
2018-6911,Andria,Hard,32,C,,20181125,3,L503,3,,Paolo Lorenzi,R,183,ITA,36.945,109,523,PH64,,,Andrea Pellegrino,R,185,ITA,21.676,452,84,6-4 6-2,3,R32,101,3,1,63,34,27,16,9,4,4,6,4,82,47,31,14,9,8,11
2018-6911,Andria,Hard,32,C,,20181125,4,HH06,,,Marc-Andrea Huesler,L,196,SUI,22.42,399,102,MB53,4,,Adrian Menendez-Maceiras,R,183,ESP,33.076,129,440,7-6(5) 7-6(10),3,R32,105,15,1,83,50,39,20,12,1,3,8,1,81,58,43,14,12,1,3
2018-6911,Andria,Hard,32,C,,20181125,5,SC77,5,,Sergiy Stakhovsky,R,193,UKR,32.884,140,407,V490,,,Matteo Viola,R,185,ITA,31.387,294,173,6-1 7-5,3,R32,83,3,2,63,32,19,20,9,1,3,0,9,74,41,23,12,10,7,13
2018-6911,Andria,Hard,32,C,,20181125,6,HB64,6,,Quentin Halys,R,191,FRA,22.081,137,415,GB61,,,Viktor Galovic,R,193,CRO,28.183,231,237,3-6 6-3 6-4,3,R32,101,9,4,69,41,37,16,14,1,2,9,4,97,69,49,13,14,5,7
2018-6911,Andria,Hard,32,C,,20181125,7,MW02,7,,Corentin Moutet,L,180,FRA,19.603,155,364,BF98,,,Alessandro Bega,R,170,ITA,27.871,314,148,6-3 6-3,3,R32,79,1,6,65,34,22,18,9,6,7,0,3,58,35,23,9,9,4,8
2018-6911,Andria,Hard,32,C,,20181125,8,BM03,8,,Filippo Baldi,R,180,ITA,22.875,180,300,J347,,,Yannick Jankovits,R,,FRA,31.885,359,120,6-3 7-6(6),3,R32,95,5,2,68,36,27,17,11,2,4,2,5,82,42,29,18,10,6,9
2018-6911,Andria,Hard,32,C,,20181125,9,CO06,,,Liam Caruana,R,178,ITA,20.841,620,45,E928,,,Alexander Erler,R,193,AUT,21.079,404,99,6-1 6-7(5) 7-5,3,R32,115,7,2,92,58,42,21,15,2,3,22,12,108,55,45,18,16,6,11
2018-6911,Andria,Hard,32,C,,20181125,10,GB53,,,Federico Gaio,R,178,ITA,26.724,246,219,DH50,,,Alejandro Davidovich Fokina,R,180,ESP,19.474,234,233,6-2 4-6 6-4,3,R32,122,15,5,106,62,43,21,14,9,12,7,6,99,63,43,13,14,6,11
2018-6911,Andria,Hard,32,C,,20181125,11,GA71,,,Laurynas Grigelis,R,183,LTU,27.283,311,152,BV24,,,Raul Brancaccio,R,183,ITA,21.561,276,184,6-3 7-5,3,R32,66,10,1,62,40,36,11,11,3,3,0,1,56,41,28,10,10,0,2
2018-6911,Andria,Hard,32,C,,20181125,12,I236,,,Uladzimir Ignatik,R,183,BLR,28.367,217,251,KH56,,,Zdenek Kolar,R,183,CZE,22.127,229,244,7-6(4) 6-3,3,R32,86,12,5,64,45,40,11,11,1,1,1,4,75,44,32,15,10,10,11
2018-6911,Andria,Hard,32,C,,20181125,13,KB92,,,Kevin Krawietz,R,188,GER,26.836,244,220,ML57,,,Gianluca Mager,R,188,ITA,23.984,290,177,7-6(3) 7-6(5),3,R32,83,10,2,76,50,43,16,12,2,2,15,3,78,56,44,13,12,2,2
2018-6911,Andria,Hard,32,C,,20181125,14,ME89,,,Illya Marchenko,R,185,UKR,31.214,887,18,S0AG,,,Jannik Sinner,R,191,ITA,17.276,762,28,4-6 6-2 6-4,3,R32,114,4,4,83,48,36,22,14,5,7,4,4,88,43,31,20,14,6,10
2018-6911,Andria,Hard,32,C,,20181125,15,MJ01,,,Roberto Marcora,R,193,ITA,29.238,304,163,F774,,,Lorenzo Frigerio,R,,ITA,29.769,867,20,7-5 1-6 7-6(4),3,R32,131,8,2,90,62,48,14,15,2,5,9,6,114,71,54,21,16,7,9
2018-6911,Andria,Hard,32,C,,20181125,16,SF41,,,Aldin Setkic,R,191,BIH,30.93,353,124,O507,,,Julian Ocleppo,R,191,ITA,21.317,795,26,6-4 6-4,3,R32,86,6,2,53,29,23,17,10,0,0,12,5,70,42,29,13,10,2,4
2018-6911,Andria,Hard,32,C,,20181125,17,HH26,1,,Ugo Humbert,L,188,FRA,20.416,100,579,I236,,,Uladzimir Ignatik,R,183,BLR,28.367,217,251,7-6(6) 6-3,3,R16,103,10,2,67,37,31,16,10,2,3,5,4,87,54,41,11,11,9,12
2018-6911,Andria,Hard,32,C,,20181125,18,ME89,,,Illya Marchenko,R,185,UKR,31.214,887,18,SU87,2,,Lorenzo Sonego,R,191,ITA,23.543,107,530,6-4 6-4,3,R16,95,4,1,58,38,30,11,10,1,2,8,2,73,49,28,13,10,9,12
2018-6911,Andria,Hard,32,C,,20181125,19,MJ01,,,Roberto Marcora,R,193,ITA,29.238,304,163,L503,3,,Paolo Lorenzi,R,183,ITA,36.945,109,523,6-3 7-6(7),3,R16,95,6,1,72,47,40,13,11,2,2,5,3,62,40,32,11,10,1,2
2018-6911,Andria,Hard,32,C,,20181125,20,SC77,5,,Sergiy Stakhovsky,R,193,UKR,32.884,140,407,CO06,,,Liam Caruana,R,178,ITA,20.841,620,45,6-4 6-0,3,R16,67,7,2,59,38,27,9,8,4,5,2,1,54,37,19,7,8,3,8
2018-6911,Andria,Hard,32,C,,20181125,21,HB64,6,,Quentin Halys,R,191,FRA,22.081,137,415,GA71,,,Laurynas Grigelis,R,183,LTU,27.283,311,152,6-3 7-6(3),3,R16,73,13,3,63,45,40,8,11,2,3,5,2,64,41,29,12,10,3,5
2018-6911,Andria,Hard,32,C,,20181125,22,GB53,,,Federico Gaio,R,178,ITA,26.724,246,219,MW02,7,,Corentin Moutet,L,180,FRA,19.603,155,364,7-5 6-3,3,R16,97,4,3,68,31,28,17,11,4,5,4,6,63,29,19,19,10,3,6
2018-6911,Andria,Hard,32,C,,20181125,23,BM03,8,,Filippo Baldi,R,180,ITA,22.875,180,300,SF41,,,Aldin Setkic,R,191,BIH,30.93,353,124,7-6(6) 6-4,3,R16,103,16,4,74,42,34,17,11,1,1,11,6,76,50,37,14,11,5,6
2018-6911,Andria,Hard,32,C,,20181125,24,KB92,,,Kevin Krawietz,R,188,GER,26.836,244,220,HH06,,,Marc-Andrea Huesler,L,196,SUI,22.42,399,102,5-7 6-3 7-6(1),3,R16,116,9,10,100,60,45,23,17,2,5,16,4,101,66,52,13,16,10,13
2018-6911,Andria,Hard,32,C,,20181125,25,HH26,1,,Ugo Humbert,L,188,FRA,20.416,100,579,SC77,5,,Sergiy Stakhovsky,R,193,UKR,32.884,140,407,6-0 6-4,3,QF,55,5,2,43,21,17,16,8,0,0,1,4,45,23,17,7,8,2,6
2018-6911,Andria,Hard,32,C,,20181125,26,HB64,6,,Quentin Halys,R,191,FRA,22.081,137,415,MJ01,,,Roberto Marcora,R,193,ITA,29.238,304,163,3-1 RET,3,QF,14,2,0,11,8,8,3,2,0,0,1,0,20,15,8,2,2,4,5
2018-6911,Andria,Hard,32,C,,20181125,27,BM03,8,,Filippo Baldi,R,180,ITA,22.875,180,300,ME89,,,Illya Marchenko,R,185,UKR,31.214,887,18,6-2 2-6 7-5,3,QF,150,4,9,130,70,46,26,14,10,14,2,5,97,59,39,15,14,7,12
2018-6911,Andria,Hard,32,C,,20181125,28,KB92,,,Kevin Krawietz,R,188,GER,26.836,244,220,GB53,,,Federico Gaio,R,178,ITA,26.724,246,219,7-6(4) 4-6 7-6(5),3,QF,136,11,3,112,75,57,20,17,2,5,12,4,107,61,48,29,17,2,4
2018-6911,Andria,Hard,32,C,,20181125,29,HH26,1,,Ugo Humbert,L,188,FRA,20.416,100,579,KB92,,,Kevin Krawietz,R,188,GER,26.836,244,220,6-3 6-2,3,SF,60,12,1,53,34,29,11,9,2,2,2,0,52,34,22,7,8,4,7
2018-6911,Andria,Hard,32,C,,20181125,30,BM03,8,,Filippo Baldi,R,180,ITA,22.875,180,300,HB64,6,,Quentin Halys,R,191,FRA,22.081,137,415,6-4 6-4,3,SF,61,4,2,50,32,28,12,10,0,0,12,5,60,42,30,10,10,1,3
2018-6911,Andria,Hard,32,C,,20181125,31,HH26,1,,Ugo Humbert,L,188,FRA,20.416,100,579,BM03,8,,Filippo Baldi,R,180,ITA,22.875,180,300,6-4 7-6(3),3,F,86,5,1,59,44,36,13,11,0,0,1,1,73,36,27,21,11,4,5
